record_id,target,lira_score
HA-00001,Non-private (overfit),-0.27531370450906023
HA-00002,Non-private (overfit),0.21299783918885762
HA-00003,Non-private (overfit),0.40824898538175214
HA-00004,Non-private (overfit),0.16778595693260678
HA-00005,Non-private (overfit),0.17820376587381537
HA-00006,Non-private (overfit),-0.23047380040317433
HA-00007,Non-private (overfit),-0.5879400088560276
HA-00008,Non-private (overfit),-0.809297827414743
HA-00009,Non-private (overfit),-0.15883635646012206
HA-00010,Non-private (overfit),-0.2782237820185933
HA-00011,Non-private (overfit),0.3481261504763138
HA-00012,Non-private (overfit),0.5264511892108832
HA-00013,Non-private (overfit),0.5229209184118742
HA-00014,Non-private (overfit),0.11808831802658537
HA-00015,Non-private (overfit),-0.707753915488021
HA-00016,Non-private (overfit),-0.5864511428784049
HA-00017,Non-private (overfit),-1.690265009551352
HA-00018,Non-private (overfit),-0.11983183134275555
HA-00019,Non-private (overfit),0.31455187443993404
HA-00021,Non-private (overfit),0.9700736189734238
HA-00023,Non-private (overfit),-1.4204059634448658
HA-00024,Non-private (overfit),0.5114273836688781
HA-00025,Non-private (overfit),-1.3584181026633846
HA-00027,Non-private (overfit),-0.21661666035515048
HA-00028,Non-private (overfit),-0.01378294755570253
HA-00029,Non-private (overfit),-1.6563252974257354
HA-00030,Non-private (overfit),0.5403921267649543
HA-00032,Non-private (overfit),-0.44902591555997384
HA-00033,Non-private (overfit),0.12307641896914401
HA-00034,Non-private (overfit),-0.13970348367159602
HA-00035,Non-private (overfit),-0.21957519926237978
HA-00036,Non-private (overfit),0.32055816683350424
HA-00037,Non-private (overfit),-0.15131661805152685
HA-00039,Non-private (overfit),-0.5726696258126485
HA-00040,Non-private (overfit),0.2783145892568515
HA-00042,Non-private (overfit),1.0632304731589834
HA-00043,Non-private (overfit),-1.7864101223385225
HA-00045,Non-private (overfit),0.6672193541585192
HA-00046,Non-private (overfit),-2.3329090353796462
HA-00047,Non-private (overfit),-0.841084215372613
HA-00048,Non-private (overfit),-0.051779989181912844
HA-00050,Non-private (overfit),-0.20376829403155172
HA-00051,Non-private (overfit),-0.12277297613397209
HA-00052,Non-private (overfit),0.2283936960626185
HA-00053,Non-private (overfit),0.0761592507508233
HA-00054,Non-private (overfit),1.231350047683734
HA-00055,Non-private (overfit),0.020571827724117586
HA-00056,Non-private (overfit),0.3508730842607126
HA-00058,Non-private (overfit),-0.4977110441196866
HA-00059,Non-private (overfit),-0.34704875358074805
HA-00060,Non-private (overfit),-0.04695185517557321
HA-00061,Non-private (overfit),0.21558397756628556
HA-00062,Non-private (overfit),-0.3262917503011429
HA-00063,Non-private (overfit),0.027966878974430065
HA-00064,Non-private (overfit),-0.003399030119170643
HA-00065,Non-private (overfit),-0.8150990433809823
HA-00066,Non-private (overfit),0.3579609281697077
HA-00067,Non-private (overfit),0.5819183770713692
HA-00068,Non-private (overfit),-0.3017481926958545
HA-00069,Non-private (overfit),0.19704259767233556
HA-00070,Non-private (overfit),-0.07569907275962451
HA-00071,Non-private (overfit),0.06696636313749948
HA-00072,Non-private (overfit),-0.40767541033782206
HA-00073,Non-private (overfit),-0.2892795812795763
HA-00074,Non-private (overfit),0.19451535354085547
HA-00075,Non-private (overfit),-1.2389730381899053
HA-00076,Non-private (overfit),0.9146974145714841
HA-00078,Non-private (overfit),-0.7736558241095288
HA-00079,Non-private (overfit),-0.0044634038043700475
HA-00080,Non-private (overfit),-0.4989712248617999
HA-00081,Non-private (overfit),0.8618880114686136
HA-00082,Non-private (overfit),-0.14976282083993053
HA-00083,Non-private (overfit),0.7183430878719055
HA-00084,Non-private (overfit),0.09775900496883794
HA-00085,Non-private (overfit),0.40503985740012416
HA-00086,Non-private (overfit),-2.645582065782734
HA-00087,Non-private (overfit),-1.4122709045369835
HA-00090,Non-private (overfit),-0.12368322843429813
HA-00091,Non-private (overfit),-0.3202675483888471
HA-00092,Non-private (overfit),-0.03832579204709374
HA-00093,Non-private (overfit),-0.40070862701824184
HA-00094,Non-private (overfit),0.33693223444567666
HA-00095,Non-private (overfit),0.02908303759937647
HA-00096,Non-private (overfit),0.008379020300320672
HA-00097,Non-private (overfit),-0.33925421431627845
HA-00098,Non-private (overfit),-1.2580042076248399
HA-00099,Non-private (overfit),0.5380904194171807
HA-00102,Non-private (overfit),0.15852824059483828
HA-00103,Non-private (overfit),0.7396722191808167
HA-00104,Non-private (overfit),-1.04296946314508
HA-00106,Non-private (overfit),-0.5009125758553998
HA-00107,Non-private (overfit),0.10541266093745616
HA-00108,Non-private (overfit),-2.968042282166371
HA-00109,Non-private (overfit),0.25367701412528043
HA-00110,Non-private (overfit),1.6233662962004696
HA-00111,Non-private (overfit),-0.5389849248446599
HA-00112,Non-private (overfit),-0.21313668129227326
HA-00113,Non-private (overfit),0.3035221749297923
HA-00114,Non-private (overfit),0.7932995547952366
HA-00115,Non-private (overfit),0.09373761280258797
HA-00117,Non-private (overfit),0.43113904241441003
HA-00118,Non-private (overfit),-0.29356478782344997
HA-00120,Non-private (overfit),-1.7774783906939615
HA-00121,Non-private (overfit),0.018874842780293832
HA-00122,Non-private (overfit),-0.24449500990153927
HA-00123,Non-private (overfit),-0.34131466046484915
HA-00124,Non-private (overfit),-0.21888150927109684
HA-00125,Non-private (overfit),0.12937275238241597
HA-00127,Non-private (overfit),0.057240325775690826
HA-00128,Non-private (overfit),0.2590550135652654
HA-00129,Non-private (overfit),0.15404796164539647
HA-00130,Non-private (overfit),-0.38030279869432837
HA-00132,Non-private (overfit),0.4709094649935648
HA-00133,Non-private (overfit),0.25190738113256383
HA-00134,Non-private (overfit),0.23387132877570926
HA-00135,Non-private (overfit),0.37426919912815393
HA-00136,Non-private (overfit),-0.06808500363636161
HA-00137,Non-private (overfit),-0.308508134881994
HA-00138,Non-private (overfit),-0.5572589505282268
HA-00139,Non-private (overfit),-0.04411078780767963
HA-00140,Non-private (overfit),1.1328662317908238
HA-00141,Non-private (overfit),0.3917816442156168
HA-00143,Non-private (overfit),-0.06479180554409725
HA-00144,Non-private (overfit),-0.08501118085718062
HA-00145,Non-private (overfit),0.8229878278838663
HA-00146,Non-private (overfit),0.5651352846033053
HA-00147,Non-private (overfit),-0.2738646037522976
HA-00149,Non-private (overfit),0.21220602006303624
HA-00150,Non-private (overfit),0.031685305524180585
HA-00151,Non-private (overfit),-0.17034507980756441
HA-00152,Non-private (overfit),0.8062692312402369
HA-00153,Non-private (overfit),-0.031180862568404244
HA-00154,Non-private (overfit),0.05848673275271854
HA-00155,Non-private (overfit),0.3135609057121418
HA-00156,Non-private (overfit),0.061566533881888486
HA-00157,Non-private (overfit),-0.37813693144581884
HA-00159,Non-private (overfit),-0.06981850412368629
HA-00160,Non-private (overfit),0.5699884108006267
HA-00162,Non-private (overfit),0.23029221958745305
HA-00163,Non-private (overfit),-0.7010684307312407
HA-00164,Non-private (overfit),-0.387934677352772
HA-00165,Non-private (overfit),0.458338772171048
HA-00166,Non-private (overfit),0.9311352211141524
HA-00167,Non-private (overfit),0.0744766226944279
HA-00168,Non-private (overfit),0.40073216641262177
HA-00169,Non-private (overfit),0.7248025197920527
HA-00170,Non-private (overfit),0.4362912138404569
HA-00171,Non-private (overfit),0.07830516481359351
HA-00172,Non-private (overfit),-0.12384028515760737
HA-00173,Non-private (overfit),-0.22002335493805536
HA-00174,Non-private (overfit),0.4383612951116733
HA-00175,Non-private (overfit),0.28063613582016167
HA-00176,Non-private (overfit),-0.1455900265459873
HA-00177,Non-private (overfit),1.0402686669691485
HA-00178,Non-private (overfit),-1.2950599412401256
HA-00179,Non-private (overfit),0.19298299330495672
HA-00180,Non-private (overfit),0.24140415053184738
HA-00181,Non-private (overfit),0.23030539040740594
HA-00184,Non-private (overfit),-0.2614046279720108
HA-00185,Non-private (overfit),0.14936705721760535
HA-00186,Non-private (overfit),0.03246957515854432
HA-00187,Non-private (overfit),0.07766012500100827
HA-00189,Non-private (overfit),-0.9109370957913823
HA-00190,Non-private (overfit),-0.6305620219310548
HA-00191,Non-private (overfit),0.22908325448303968
HA-00192,Non-private (overfit),-2.158608047211157
HA-00193,Non-private (overfit),-0.3737108261637726
HA-00194,Non-private (overfit),-0.6696035222569563
HA-00195,Non-private (overfit),-0.14517498280882002
HA-00196,Non-private (overfit),0.3043129756706322
HA-00198,Non-private (overfit),0.03706729791757646
HA-00199,Non-private (overfit),0.24564845065875085
HA-00201,Non-private (overfit),0.2858605490097239
HA-00202,Non-private (overfit),-0.2670109357101895
HA-00203,Non-private (overfit),0.3864641677757259
HA-00204,Non-private (overfit),-0.22798781063320006
HA-00205,Non-private (overfit),-0.6150498888518476
HA-00206,Non-private (overfit),-0.6503300745693479
HA-00207,Non-private (overfit),0.7016943543171248
HA-00210,Non-private (overfit),0.419783133171318
HA-00211,Non-private (overfit),-0.592627229599745
HA-00212,Non-private (overfit),0.8246243544119944
HA-00215,Non-private (overfit),-0.4934834414244895
HA-00217,Non-private (overfit),0.7838674064073803
HA-00218,Non-private (overfit),0.07474726878506466
HA-00219,Non-private (overfit),-0.1441405580669597
HA-00220,Non-private (overfit),0.3568938016329617
HA-00221,Non-private (overfit),0.10146503266591855
HA-00222,Non-private (overfit),-0.19902838302822312
HA-00223,Non-private (overfit),-0.19841323966329705
HA-00225,Non-private (overfit),0.06386110821232993
HA-00226,Non-private (overfit),0.013455863778719657
HA-00227,Non-private (overfit),-1.0573661174611595
HA-00229,Non-private (overfit),0.33271507428962854
HA-00230,Non-private (overfit),-0.19314524587190451
HA-00232,Non-private (overfit),-0.12761009576343918
HA-00233,Non-private (overfit),0.12819549421216503
HA-00235,Non-private (overfit),0.2699170968381903
HA-00236,Non-private (overfit),0.6566644659351484
HA-00237,Non-private (overfit),0.569645931891849
HA-00239,Non-private (overfit),-0.4042458487644185
HA-00240,Non-private (overfit),0.22029217051218297
HA-00241,Non-private (overfit),-0.8206119038445222
HA-00242,Non-private (overfit),2.511072918437006
HA-00243,Non-private (overfit),-0.16900819354589935
HA-00244,Non-private (overfit),0.9865554809266925
HA-00245,Non-private (overfit),-0.42689713817717756
HA-00246,Non-private (overfit),0.08428829112332203
HA-00249,Non-private (overfit),0.6648216961809532
HA-00250,Non-private (overfit),-0.4646159024998058
HA-00251,Non-private (overfit),1.3019959011650475
HA-00252,Non-private (overfit),-0.1286817785361558
HA-00253,Non-private (overfit),-0.3110261011048485
HA-00254,Non-private (overfit),0.03602845608223082
HA-00255,Non-private (overfit),-0.07720126972736274
HA-00256,Non-private (overfit),-0.6413696645579183
HA-00257,Non-private (overfit),-0.046845673868975535
HA-00258,Non-private (overfit),-1.2648942351128944
HA-00259,Non-private (overfit),0.30183249219951125
HA-00260,Non-private (overfit),0.49259577614679007
HA-00261,Non-private (overfit),-0.2068260462354672
HA-00262,Non-private (overfit),0.31393815557545124
HA-00263,Non-private (overfit),0.03370688990044357
HA-00265,Non-private (overfit),-0.14164673626876545
HA-00266,Non-private (overfit),0.2202651184389719
HA-00267,Non-private (overfit),0.07082356151130131
HA-00268,Non-private (overfit),0.08837309427185325
HA-00269,Non-private (overfit),-0.4893383442988952
HA-00270,Non-private (overfit),0.14339201712250604
HA-00271,Non-private (overfit),0.1304034924377011
HA-00272,Non-private (overfit),-0.016992099385902626
HA-00273,Non-private (overfit),-0.033062355216029404
HA-00274,Non-private (overfit),0.36327507775620704
HA-00275,Non-private (overfit),0.4798506687228873
HA-00276,Non-private (overfit),2.320877727759279
HA-00277,Non-private (overfit),-0.4704061580571275
HA-00278,Non-private (overfit),-0.33396173847023425
HA-00279,Non-private (overfit),-0.17488523031479852
HA-00280,Non-private (overfit),0.1804623418652298
HA-00281,Non-private (overfit),-0.2971736064495838
HA-00282,Non-private (overfit),0.6041565550294874
HA-00283,Non-private (overfit),-0.04291282902376259
HA-00284,Non-private (overfit),0.1973086419282455
HA-00285,Non-private (overfit),0.06945565897349693
HA-00286,Non-private (overfit),1.461747499670675
HA-00287,Non-private (overfit),-0.28552195928144686
HA-00288,Non-private (overfit),0.8215047771595769
HA-00289,Non-private (overfit),-0.6938806772479171
HA-00290,Non-private (overfit),0.031947442484755895
HA-00291,Non-private (overfit),-0.25131079491280717
HA-00292,Non-private (overfit),-0.2152877928470449
HA-00293,Non-private (overfit),-0.03789127937254988
HA-00294,Non-private (overfit),-0.21595323558565505
HA-00295,Non-private (overfit),-0.9741498521872716
HA-00296,Non-private (overfit),-0.2117888115396549
HA-00297,Non-private (overfit),-0.730926111012022
HA-00298,Non-private (overfit),0.9797239841111671
HA-00299,Non-private (overfit),-0.5704234097301568
HA-00300,Non-private (overfit),-0.8080177035961964
HA-00302,Non-private (overfit),0.17500507277269128
HA-00303,Non-private (overfit),0.39425214982266166
HA-00304,Non-private (overfit),-0.38522995950515604
HA-00305,Non-private (overfit),0.2612863739489889
HA-00306,Non-private (overfit),0.20187029739379736
HA-00307,Non-private (overfit),0.03241781575081437
HA-00308,Non-private (overfit),0.3282822934559888
HA-00309,Non-private (overfit),-0.30917466396810667
HA-00310,Non-private (overfit),0.7093426119959565
HA-00311,Non-private (overfit),0.2782896881299206
HA-00312,Non-private (overfit),0.10935231921631194
HA-00313,Non-private (overfit),-0.5191322134136885
HA-00314,Non-private (overfit),4.648256330646271
HA-00315,Non-private (overfit),0.23384656223322042
HA-00316,Non-private (overfit),0.5616223316925368
HA-00317,Non-private (overfit),0.26014702232137676
HA-00319,Non-private (overfit),0.05572175722548289
HA-00320,Non-private (overfit),0.46581930985186615
HA-00321,Non-private (overfit),0.11959659630354635
HA-00322,Non-private (overfit),-0.022436307065441197
HA-00324,Non-private (overfit),0.8986977782908536
HA-00325,Non-private (overfit),0.690686350496903
HA-00326,Non-private (overfit),-0.5478091924639301
HA-00327,Non-private (overfit),1.1166278352796855
HA-00328,Non-private (overfit),0.183435193528936
HA-00329,Non-private (overfit),0.7649720852300053
HA-00330,Non-private (overfit),0.10870806162692803
HA-00331,Non-private (overfit),0.02130656580605561
HA-00332,Non-private (overfit),-0.2737165426630426
HA-00333,Non-private (overfit),0.21840284929806142
HA-00334,Non-private (overfit),-0.282137133418334
HA-00335,Non-private (overfit),-0.24745360789622506
HA-00336,Non-private (overfit),0.14731203123053405
HA-00337,Non-private (overfit),0.7954146402388367
HA-00338,Non-private (overfit),-10.211540475327773
HA-00339,Non-private (overfit),-0.06158812602055619
HA-00340,Non-private (overfit),0.6262374262306246
HA-00341,Non-private (overfit),-1.1322486053410135
HA-00342,Non-private (overfit),-0.7991380159786989
HA-00343,Non-private (overfit),0.1809848019878515
HA-00344,Non-private (overfit),-0.09687698630370511
HA-00345,Non-private (overfit),0.10257964118502683
HA-00346,Non-private (overfit),0.32837338948061934
HA-00347,Non-private (overfit),0.4348311388518147
HA-00348,Non-private (overfit),0.6764896330985184
HA-00349,Non-private (overfit),0.3199802409734698
HA-00350,Non-private (overfit),-0.31038395794699536
HA-00351,Non-private (overfit),-0.09331794953285022
HA-00352,Non-private (overfit),0.07337704591764682
HA-00353,Non-private (overfit),-0.2691282851881538
HA-00354,Non-private (overfit),-0.47366640328168197
HA-00355,Non-private (overfit),-0.2814227013959354
HA-00356,Non-private (overfit),-0.05582423952525173
HA-00357,Non-private (overfit),0.7015444959407104
HA-00358,Non-private (overfit),0.44421995088922095
HA-00359,Non-private (overfit),-0.8088024886749898
HA-00360,Non-private (overfit),0.013427562018248462
HA-00361,Non-private (overfit),0.36217896553431117
HA-00362,Non-private (overfit),0.5614308172774318
HA-00363,Non-private (overfit),3.9321689953638064
HA-00364,Non-private (overfit),0.4420619998786999
HA-00366,Non-private (overfit),0.05048120925693578
HA-00367,Non-private (overfit),-0.18647950126931256
HA-00368,Non-private (overfit),-0.42672519031553047
HA-00369,Non-private (overfit),-0.41856003395683294
HA-00370,Non-private (overfit),-1.058495347615312
HA-00371,Non-private (overfit),-0.08725679960233301
HA-00372,Non-private (overfit),-1.0483991425592165
HA-00373,Non-private (overfit),0.49382275810819953
HA-00375,Non-private (overfit),-0.12804358008722527
HA-00376,Non-private (overfit),0.1092431405162162
HA-00377,Non-private (overfit),0.8956247779894768
HA-00378,Non-private (overfit),0.4773570537379397
HA-00379,Non-private (overfit),0.3291240556305868
HA-00380,Non-private (overfit),-2.099456604317525
HA-00381,Non-private (overfit),-0.11251841641229188
HA-00382,Non-private (overfit),-1.82614747480409
HA-00384,Non-private (overfit),0.6195078449746705
HA-00385,Non-private (overfit),-0.34494348939474406
HA-00386,Non-private (overfit),0.03277134289605588
HA-00388,Non-private (overfit),-0.0064971667998612315
HA-00389,Non-private (overfit),-0.2095737487167828
HA-00390,Non-private (overfit),0.16776192264444445
HA-00391,Non-private (overfit),-0.12689712046451818
HA-00392,Non-private (overfit),-0.44868320252097116
HA-00393,Non-private (overfit),0.006324603315699395
HA-00394,Non-private (overfit),-0.07699786830789535
HA-00395,Non-private (overfit),-1.1258719138138698
HA-00396,Non-private (overfit),1.6524562658029487
HA-00397,Non-private (overfit),-1.3655853932048294
HA-00398,Non-private (overfit),-0.02294257354710494
HA-00399,Non-private (overfit),-0.2711306935479114
HA-00400,Non-private (overfit),0.1448061173342423
HA-00402,Non-private (overfit),0.19358179834554212
HA-00404,Non-private (overfit),-0.26173564053290144
HA-00405,Non-private (overfit),0.5886481404721104
HA-00406,Non-private (overfit),-0.3462622771654298
HA-00407,Non-private (overfit),1.0927290878970164
HA-00408,Non-private (overfit),1.5222462543327027
HA-00409,Non-private (overfit),-0.2653093738211467
HA-00411,Non-private (overfit),0.1118621212784503
HA-00412,Non-private (overfit),-0.5816169613374509
HA-00413,Non-private (overfit),0.11341585777815033
HA-00414,Non-private (overfit),0.11662289087981914
HA-00415,Non-private (overfit),1.511797535049252
HA-00417,Non-private (overfit),-0.14187530274169013
HA-00418,Non-private (overfit),0.1747614948023095
HA-00419,Non-private (overfit),-0.12976704030410358
HA-00420,Non-private (overfit),0.02676168425610803
HA-00421,Non-private (overfit),-0.7208193264066738
HA-00422,Non-private (overfit),0.09884743172820087
HA-00424,Non-private (overfit),0.3918855098528504
HA-00425,Non-private (overfit),-0.262329247447202
HA-00426,Non-private (overfit),0.029526837641981496
HA-00427,Non-private (overfit),0.20999807886608823
HA-00428,Non-private (overfit),-0.3216579422985033
HA-00429,Non-private (overfit),0.36075704853155677
HA-00430,Non-private (overfit),0.7533370034408806
HA-00432,Non-private (overfit),0.13105604442491203
HA-00433,Non-private (overfit),-0.07608102804908301
HA-00434,Non-private (overfit),-0.02306027065806404
HA-00435,Non-private (overfit),-0.41117317096076245
HA-00436,Non-private (overfit),0.1241337463313259
HA-00437,Non-private (overfit),-0.40579915033150504
HA-00438,Non-private (overfit),0.25059768358075096
HA-00439,Non-private (overfit),0.44364161404058833
HA-00440,Non-private (overfit),0.3944242992229081
HA-00441,Non-private (overfit),-0.14281741075040566
HA-00442,Non-private (overfit),0.3209175113666425
HA-00443,Non-private (overfit),0.25208788844588526
HA-00444,Non-private (overfit),-0.022480897024034885
HA-00445,Non-private (overfit),-0.226115099552485
HA-00446,Non-private (overfit),-0.48268288236925483
HA-00447,Non-private (overfit),-0.7272960200200638
HA-00448,Non-private (overfit),0.8389731737670938
HA-00449,Non-private (overfit),-0.06551772550148449
HA-00450,Non-private (overfit),0.6465802637049625
HA-00451,Non-private (overfit),-0.015106377558071316
HA-00452,Non-private (overfit),-0.23084948029206376
HA-00453,Non-private (overfit),-0.7822376855079434
HA-00454,Non-private (overfit),-0.44202713685616146
HA-00456,Non-private (overfit),-0.3181893998783325
HA-00457,Non-private (overfit),0.2732595368412234
HA-00458,Non-private (overfit),-0.3932003726456996
HA-00459,Non-private (overfit),0.5631623647249642
HA-00460,Non-private (overfit),0.5368950245659392
HA-00461,Non-private (overfit),-0.2435314492896925
HA-00462,Non-private (overfit),0.18314579822606358
HA-00463,Non-private (overfit),0.17704865063066855
HA-00464,Non-private (overfit),-0.22121319192462185
HA-00465,Non-private (overfit),0.05349583252546619
HA-00466,Non-private (overfit),-0.20807372141087055
HA-00467,Non-private (overfit),0.3502213985967009
HA-00468,Non-private (overfit),-0.595024396103551
HA-00469,Non-private (overfit),-0.18913669539499944
HA-00470,Non-private (overfit),0.4511835689436534
HA-00471,Non-private (overfit),-0.296223948664993
HA-00472,Non-private (overfit),0.3223672871614991
HA-00473,Non-private (overfit),0.284919394257358
HA-00474,Non-private (overfit),0.757891613513016
HA-00475,Non-private (overfit),0.08649906537672614
HA-00477,Non-private (overfit),0.14375204232275873
HA-00478,Non-private (overfit),-0.2669682419956876
HA-00479,Non-private (overfit),-0.6695856272960115
HA-00480,Non-private (overfit),-0.2684055289842322
HA-00481,Non-private (overfit),0.1893779120273782
HA-00482,Non-private (overfit),0.6607372536193987
HA-00483,Non-private (overfit),0.5714972947080152
HA-00484,Non-private (overfit),-1.1009495912870833
HA-00485,Non-private (overfit),0.012618636493216817
HA-00486,Non-private (overfit),-0.15681132761429062
HA-00487,Non-private (overfit),0.001896256318723255
HA-00488,Non-private (overfit),-6.093670560139039
HA-00489,Non-private (overfit),-0.6057866594703119
HA-00490,Non-private (overfit),0.9693428060836584
HA-00492,Non-private (overfit),-0.30518173291706696
HA-00493,Non-private (overfit),-0.31267208548233416
HA-00495,Non-private (overfit),-2.8993926216472117
HA-00496,Non-private (overfit),0.7821122019394564
HA-00497,Non-private (overfit),-0.02663221912628244
HA-00498,Non-private (overfit),0.0025632059529749895
HA-00499,Non-private (overfit),-0.14546014252888528
HA-00500,Non-private (overfit),0.44403766585770743
HA-00501,Non-private (overfit),0.6621775615302206
HA-00502,Non-private (overfit),0.02756782817829273
HA-00503,Non-private (overfit),0.20777751083195972
HA-00504,Non-private (overfit),0.25996513414336087
HA-00505,Non-private (overfit),0.35250685627258926
HA-00506,Non-private (overfit),-0.15314215094215533
HA-00507,Non-private (overfit),-0.6216646388566036
HA-00508,Non-private (overfit),0.0830754894164003
HA-00509,Non-private (overfit),-0.3845077616650363
HA-00510,Non-private (overfit),-0.025642198479435496
HA-00511,Non-private (overfit),0.3236814604707652
HA-00512,Non-private (overfit),0.11176559973716538
HA-00513,Non-private (overfit),-1.5198487293887866
HA-00514,Non-private (overfit),1.111022711087538
HA-00515,Non-private (overfit),-0.14589109966786185
HA-00516,Non-private (overfit),0.3164601159926921
HA-00518,Non-private (overfit),0.048520868664291505
HA-00519,Non-private (overfit),0.6811082385800304
HA-00520,Non-private (overfit),-0.13583774060183518
HA-00521,Non-private (overfit),0.033825986131967634
HA-00522,Non-private (overfit),0.21638150040709547
HA-00523,Non-private (overfit),-0.02171192520234355
HA-00524,Non-private (overfit),0.5019784059977108
HA-00525,Non-private (overfit),0.9493757768334616
HA-00526,Non-private (overfit),0.6543979890779077
HA-00529,Non-private (overfit),-0.009270144635091793
HA-00530,Non-private (overfit),0.13612553801307992
HA-00531,Non-private (overfit),0.06909383245117429
HA-00532,Non-private (overfit),0.14511834637362298
HA-00533,Non-private (overfit),0.19151474041911642
HA-00535,Non-private (overfit),-0.1933424204737857
HA-00536,Non-private (overfit),0.22600033180505963
HA-00537,Non-private (overfit),-1.2796117580679947
HA-00538,Non-private (overfit),-0.12951884595458385
HA-00539,Non-private (overfit),-0.032196195544503814
HA-00540,Non-private (overfit),-0.4921902511201953
HA-00541,Non-private (overfit),0.6843179543831415
HA-00543,Non-private (overfit),-0.12106955111147721
HA-00544,Non-private (overfit),0.47078070151847995
HA-00545,Non-private (overfit),0.036759361982863226
HA-00547,Non-private (overfit),-0.008742063558238033
HA-00549,Non-private (overfit),0.16522781743679404
HA-00550,Non-private (overfit),0.1405560187795316
HA-00551,Non-private (overfit),-0.40837340601937777
HA-00552,Non-private (overfit),0.3555988450665999
HA-00553,Non-private (overfit),0.15234259960768637
HA-00554,Non-private (overfit),0.3139760061627008
HA-00555,Non-private (overfit),0.28957317503456825
HA-00556,Non-private (overfit),-0.2617514796631939
HA-00557,Non-private (overfit),0.6029687211461807
HA-00558,Non-private (overfit),0.4940269817137637
HA-00559,Non-private (overfit),0.33680478466119923
HA-00560,Non-private (overfit),0.7425097037961401
HA-00561,Non-private (overfit),0.10282487941049312
HA-00562,Non-private (overfit),0.31012221881117796
HA-00563,Non-private (overfit),-0.22236323428602955
HA-00564,Non-private (overfit),0.34865438859012554
HA-00565,Non-private (overfit),-0.1012095513815372
HA-00566,Non-private (overfit),-0.1164007887090841
HA-00567,Non-private (overfit),0.12653934796030075
HA-00568,Non-private (overfit),0.27656850633311836
HA-00569,Non-private (overfit),-0.23788396887169982
HA-00570,Non-private (overfit),-0.24454429075891937
HA-00571,Non-private (overfit),0.10000503764974722
HA-00572,Non-private (overfit),-0.2476269311580952
HA-00573,Non-private (overfit),0.11665953470510815
HA-00574,Non-private (overfit),0.31981088259964374
HA-00575,Non-private (overfit),-0.3570704509364817
HA-00576,Non-private (overfit),-0.4392675743533543
HA-00577,Non-private (overfit),-0.8280637252011773
HA-00579,Non-private (overfit),0.23009962098618397
HA-00580,Non-private (overfit),-0.5297267541214497
HA-00581,Non-private (overfit),1.0818810229307203
HA-00582,Non-private (overfit),0.30735269427261613
HA-00583,Non-private (overfit),0.09057231384301034
HA-00584,Non-private (overfit),0.19886096119872398
HA-00585,Non-private (overfit),-0.4318685405392615
HA-00586,Non-private (overfit),-0.20217140450592397
HA-00587,Non-private (overfit),0.40554909391110927
HA-00588,Non-private (overfit),-0.39138946185459855
HA-00589,Non-private (overfit),0.4173247523013395
HA-00590,Non-private (overfit),-0.22405332013320567
HA-00591,Non-private (overfit),-0.03049468119833132
HA-00592,Non-private (overfit),-0.36094982683376253
HA-00594,Non-private (overfit),0.223722679097196
HA-00595,Non-private (overfit),-0.5287689701233174
HA-00596,Non-private (overfit),0.8974557288788685
HA-00597,Non-private (overfit),0.5819080265494607
HA-00598,Non-private (overfit),-0.24030058111185904
HA-00599,Non-private (overfit),0.008976108714916498
HA-00600,Non-private (overfit),-0.20234528735464252
HA-00601,Non-private (overfit),0.1504429812943684
HA-00602,Non-private (overfit),-0.12057304976652183
HA-00603,Non-private (overfit),0.7307691348179108
HA-00604,Non-private (overfit),0.16711811488370243
HA-00606,Non-private (overfit),-0.6970682900677334
HA-00607,Non-private (overfit),0.5562511789206006
HA-00608,Non-private (overfit),0.27919488268359594
HA-00609,Non-private (overfit),-0.48365154712327785
HA-00610,Non-private (overfit),-2.8266349183918495
HA-00611,Non-private (overfit),-0.16803311772469653
HA-00612,Non-private (overfit),0.29460465981131967
HA-00613,Non-private (overfit),0.11544484380061282
HA-00614,Non-private (overfit),0.3695433001050201
HA-00615,Non-private (overfit),0.3095506059473522
HA-00616,Non-private (overfit),0.312991028914251
HA-00617,Non-private (overfit),-0.3886397494402205
HA-00618,Non-private (overfit),-0.188027461022376
HA-00619,Non-private (overfit),-0.5972195859285385
HA-00621,Non-private (overfit),0.4085382317532843
HA-00622,Non-private (overfit),-0.28450254949947107
HA-00623,Non-private (overfit),0.5256302769086765
HA-00624,Non-private (overfit),-0.3021059046990029
HA-00626,Non-private (overfit),0.1649983226916094
HA-00627,Non-private (overfit),0.536749331330971
HA-00628,Non-private (overfit),0.1010593751984703
HA-00629,Non-private (overfit),0.10367331599398888
HA-00630,Non-private (overfit),0.21010439614841103
HA-00631,Non-private (overfit),-0.1677723335929333
HA-00632,Non-private (overfit),-0.5441694156747927
HA-00633,Non-private (overfit),0.3087146341265705
HA-00634,Non-private (overfit),0.11124823669196093
HA-00635,Non-private (overfit),-0.018120906519830227
HA-00636,Non-private (overfit),-0.31809066331775493
HA-00637,Non-private (overfit),-0.8654883240276323
HA-00638,Non-private (overfit),0.12597859806360856
HA-00639,Non-private (overfit),-0.2764592230285655
HA-00640,Non-private (overfit),0.27226035315135655
HA-00641,Non-private (overfit),0.17925142271482808
HA-00642,Non-private (overfit),-0.03846931996809122
HA-00643,Non-private (overfit),-0.008320345638262117
HA-00644,Non-private (overfit),-0.15562271177199416
HA-00645,Non-private (overfit),1.5401779667043094
HA-00647,Non-private (overfit),0.3638044684470143
HA-00648,Non-private (overfit),-0.35774783680604627
HA-00649,Non-private (overfit),-0.2955556909608208
HA-00650,Non-private (overfit),-0.2540776312369175
HA-00652,Non-private (overfit),2.619181857774252
HA-00653,Non-private (overfit),-0.4905038761500611
HA-00654,Non-private (overfit),-0.13419937439962615
HA-00655,Non-private (overfit),-0.08937997967079392
HA-00656,Non-private (overfit),0.1486574011280466
HA-00658,Non-private (overfit),-0.5831221783716347
HA-00659,Non-private (overfit),0.8466755987770438
HA-00660,Non-private (overfit),0.879316458533222
HA-00662,Non-private (overfit),0.33404802107670206
HA-00663,Non-private (overfit),0.3047185862144819
HA-00664,Non-private (overfit),-0.15814604806023158
HA-00665,Non-private (overfit),1.0827999366196834
HA-00666,Non-private (overfit),-1.0487069549411687
HA-00667,Non-private (overfit),-0.23660028016125745
HA-00668,Non-private (overfit),0.5175463765860124
HA-00669,Non-private (overfit),-0.11041392922165993
HA-00670,Non-private (overfit),-0.163853396202839
HA-00671,Non-private (overfit),-3.1606565659443517
HA-00672,Non-private (overfit),-0.15742635240233604
HA-00673,Non-private (overfit),0.23289834476779858
HA-00674,Non-private (overfit),-0.055705888981657736
HA-00675,Non-private (overfit),-0.005181311153705792
HA-00676,Non-private (overfit),-0.028218259030242998
HA-00677,Non-private (overfit),-1.4952491702898933
HA-00678,Non-private (overfit),0.08745374989961419
HA-00679,Non-private (overfit),0.46674723835683285
HA-00680,Non-private (overfit),0.4257157575879402
HA-00681,Non-private (overfit),0.3148862574534468
HA-00682,Non-private (overfit),-0.0254572599972559
HA-00683,Non-private (overfit),0.012905250452980965
HA-00684,Non-private (overfit),0.811925893130693
HA-00686,Non-private (overfit),-0.2920128076870674
HA-00687,Non-private (overfit),0.28639845321710933
HA-00688,Non-private (overfit),-0.011435511109257668
HA-00689,Non-private (overfit),-3.606478555006002
HA-00690,Non-private (overfit),-1.0114443112849878
HA-00691,Non-private (overfit),0.36412060040894456
HA-00692,Non-private (overfit),-0.2082750312105377
HA-00694,Non-private (overfit),-0.0048557824831712
HA-00695,Non-private (overfit),-0.40305130596204886
HA-00696,Non-private (overfit),0.06611468776876461
HA-00697,Non-private (overfit),0.06548583835298727
HA-00698,Non-private (overfit),0.17063026393148717
HA-00700,Non-private (overfit),0.23751953579860663
HA-00701,Non-private (overfit),0.0011701850344447706
HA-00702,Non-private (overfit),0.07064623287323046
HA-00703,Non-private (overfit),3.293823877762282
HA-00704,Non-private (overfit),0.045100853139944275
HA-00705,Non-private (overfit),0.39282557086259107
HA-00708,Non-private (overfit),0.5184108095300091
HA-00709,Non-private (overfit),0.8578286343655901
HA-00711,Non-private (overfit),0.23286560636267817
HA-00712,Non-private (overfit),-0.04811253680439287
HA-00714,Non-private (overfit),-0.39400986914633007
HA-00716,Non-private (overfit),0.00026946526139615123
HA-00717,Non-private (overfit),-0.31816365594111273
HA-00718,Non-private (overfit),0.21298216318582097
HA-00719,Non-private (overfit),0.19413573065926437
HA-00720,Non-private (overfit),0.5010441054816558
HA-00721,Non-private (overfit),1.2235536459540035
HA-00722,Non-private (overfit),-0.22421303726151187
HA-00723,Non-private (overfit),0.07015454211178196
HA-00724,Non-private (overfit),-0.5697261035995442
HA-00726,Non-private (overfit),1.1029137076603137
HA-00727,Non-private (overfit),0.13339575095311584
HA-00728,Non-private (overfit),0.34892629057921787
HA-00729,Non-private (overfit),-0.22784716088965196
HA-00730,Non-private (overfit),-0.391664586422507
HA-00731,Non-private (overfit),-1.226268174801955
HA-00732,Non-private (overfit),0.7680461687996036
HA-00733,Non-private (overfit),-0.47448106480064267
HA-00735,Non-private (overfit),0.5765081747866614
HA-00736,Non-private (overfit),0.16675994958945917
HA-00737,Non-private (overfit),-0.23529894046759658
HA-00738,Non-private (overfit),-0.030839681665481344
HA-00740,Non-private (overfit),-0.018369072560713073
HA-00741,Non-private (overfit),0.33138579102744314
HA-00742,Non-private (overfit),0.19909442353070506
HA-00744,Non-private (overfit),0.38503621991196635
HA-00745,Non-private (overfit),-0.42114566446486723
HA-00746,Non-private (overfit),0.016968818537770325
HA-00747,Non-private (overfit),0.3364057206087074
HA-00748,Non-private (overfit),-0.39591997995162886
HA-00749,Non-private (overfit),0.3425168583410714
HA-00750,Non-private (overfit),-0.259626574432958
HA-00751,Non-private (overfit),0.35541054501009217
HA-00752,Non-private (overfit),-0.8305036122746022
HA-00753,Non-private (overfit),0.4668973304133739
HA-00754,Non-private (overfit),-0.04286111609316112
HA-00755,Non-private (overfit),0.2863569065762581
HA-00756,Non-private (overfit),-0.33011384673710453
HA-00758,Non-private (overfit),0.12072271890635655
HA-00759,Non-private (overfit),0.13446277129610884
HA-00761,Non-private (overfit),0.19571526528484218
HA-00762,Non-private (overfit),0.24270152340990536
HA-00765,Non-private (overfit),-0.5065731545796601
HA-00766,Non-private (overfit),0.3263623841346177
HA-00767,Non-private (overfit),-0.46854262177773665
HA-00768,Non-private (overfit),0.05595799009626545
HA-00769,Non-private (overfit),-0.04496322727251911
HA-00770,Non-private (overfit),-0.16475613886870322
HA-00771,Non-private (overfit),-0.19184449890206245
HA-00772,Non-private (overfit),0.4673912611300235
HA-00773,Non-private (overfit),0.11352993771685305
HA-00774,Non-private (overfit),0.1728831334519889
HA-00775,Non-private (overfit),0.5466214379949227
HA-00776,Non-private (overfit),0.06198479767953824
HA-00777,Non-private (overfit),-0.47299920376023064
HA-00778,Non-private (overfit),-0.9280238022976028
HA-00779,Non-private (overfit),0.5085929420299531
HA-00780,Non-private (overfit),0.037494680039193096
HA-00781,Non-private (overfit),0.43833487058599196
HA-00782,Non-private (overfit),-0.2115593444856343
HA-00783,Non-private (overfit),0.4162375625674677
HA-00785,Non-private (overfit),0.30679708227641456
HA-00787,Non-private (overfit),-0.3081439699938444
HA-00788,Non-private (overfit),0.1844993601689472
HA-00789,Non-private (overfit),-1.2138643896144896
HA-00790,Non-private (overfit),-0.02599879310344333
HA-00791,Non-private (overfit),-0.0551217737699532
HA-00792,Non-private (overfit),0.1559350787182121
HA-00793,Non-private (overfit),-0.17496986926441727
HA-00795,Non-private (overfit),0.029076620798825337
HA-00796,Non-private (overfit),-0.35664511750509686
HA-00797,Non-private (overfit),-0.5665922077626505
HA-00798,Non-private (overfit),-0.21809283153267278
HA-00799,Non-private (overfit),-0.5215934655814793
HA-00800,Non-private (overfit),-0.24044501611597013
HA-00801,Non-private (overfit),0.190527007624822
HA-00802,Non-private (overfit),-0.15229429772341696
HA-00803,Non-private (overfit),0.12387490157010195
HA-00804,Non-private (overfit),0.3065855306714327
HA-00805,Non-private (overfit),0.4649201275501216
HA-00806,Non-private (overfit),-0.24983626399084335
HA-00807,Non-private (overfit),0.22954879263860972
HA-00808,Non-private (overfit),0.2558142067263265
HA-00809,Non-private (overfit),-0.05040437660705299
HA-00810,Non-private (overfit),0.5181380351512681
HA-00811,Non-private (overfit),0.36022332554298664
HA-00812,Non-private (overfit),-0.37715634433018885
HA-00813,Non-private (overfit),0.23923814709900704
HA-00814,Non-private (overfit),0.14431479117983614
HA-00815,Non-private (overfit),0.3642154834064826
HA-00816,Non-private (overfit),0.39281975266130076
HA-00818,Non-private (overfit),-0.8609027803604117
HA-00819,Non-private (overfit),0.4153527656015781
HA-00821,Non-private (overfit),-0.5306683901987146
HA-00822,Non-private (overfit),-0.28954554974595337
HA-00823,Non-private (overfit),0.01686325095082175
HA-00824,Non-private (overfit),0.6835149687635109
HA-00826,Non-private (overfit),0.36178253745489064
HA-00827,Non-private (overfit),0.37687047737353296
HA-00828,Non-private (overfit),0.507261981817243
HA-00830,Non-private (overfit),-0.1959588533700649
HA-00831,Non-private (overfit),0.0409213786728988
HA-00832,Non-private (overfit),-6.185807875999567
HA-00833,Non-private (overfit),0.842343660114746
HA-00834,Non-private (overfit),0.2153917572919435
HA-00835,Non-private (overfit),0.6257910188415239
HA-00836,Non-private (overfit),0.6572261151787423
HA-00837,Non-private (overfit),0.39089766845217566
HA-00838,Non-private (overfit),0.2818813386812038
HA-00839,Non-private (overfit),-1.0589956229460509
HA-00840,Non-private (overfit),-0.02399786949864402
HA-00841,Non-private (overfit),-0.5049581461697246
HA-00842,Non-private (overfit),-0.14696893008209555
HA-00843,Non-private (overfit),0.3409752279923388
HA-00844,Non-private (overfit),0.049058157788862466
HA-00845,Non-private (overfit),0.5996875398807118
HA-00846,Non-private (overfit),1.0626054355935413
HA-00847,Non-private (overfit),0.6532672142073626
HA-00848,Non-private (overfit),0.6539919368787899
HA-00849,Non-private (overfit),0.6267739004769499
HA-00850,Non-private (overfit),0.36076483609344484
HA-00852,Non-private (overfit),0.32580097770816163
HA-00853,Non-private (overfit),0.21430021566298096
HA-00854,Non-private (overfit),-0.5566350772317326
HA-00855,Non-private (overfit),0.46317255733758844
HA-00856,Non-private (overfit),1.0353247151422793
HA-00857,Non-private (overfit),0.2924025196707054
HA-00859,Non-private (overfit),-0.15621047277955902
HA-00860,Non-private (overfit),0.2474570506426128
HA-00861,Non-private (overfit),0.3652421231927139
HA-00862,Non-private (overfit),0.41475995017843337
HA-00863,Non-private (overfit),0.030289803307295138
HA-00864,Non-private (overfit),-0.31028880638409184
HA-00865,Non-private (overfit),0.1038542646323245
HA-00866,Non-private (overfit),0.13263849069037326
HA-00867,Non-private (overfit),-2.0653745390873866
HA-00869,Non-private (overfit),0.5047076574445561
HA-00871,Non-private (overfit),-2.413810811945909
HA-00872,Non-private (overfit),0.31627785892658866
HA-00873,Non-private (overfit),-1.699648509063178
HA-00874,Non-private (overfit),0.40168158171198143
HA-00875,Non-private (overfit),0.027218748212275434
HA-00876,Non-private (overfit),-0.44457975614205103
HA-00877,Non-private (overfit),-0.3373044484640284
HA-00878,Non-private (overfit),-0.18487683402653698
HA-00879,Non-private (overfit),-0.08544342613118261
HA-00880,Non-private (overfit),-0.148576846986329
HA-00881,Non-private (overfit),-0.1417634106676111
HA-00882,Non-private (overfit),-0.12179461337223363
HA-00883,Non-private (overfit),-0.48770234655745437
HA-00884,Non-private (overfit),0.335869723299814
HA-00885,Non-private (overfit),0.15402885062745142
HA-00886,Non-private (overfit),-0.5373329503133403
HA-00888,Non-private (overfit),-0.2464974902954371
HA-00889,Non-private (overfit),-0.695209996409486
HA-00890,Non-private (overfit),0.05808579016567572
HA-00891,Non-private (overfit),0.4995590775398644
HA-00892,Non-private (overfit),0.42568327158642627
HA-00893,Non-private (overfit),0.3321517644610429
HA-00894,Non-private (overfit),0.2880574663383384
HA-00895,Non-private (overfit),-0.7059939610718633
HA-00896,Non-private (overfit),-0.25526448344446584
HA-00897,Non-private (overfit),-3.4131548833664755
HA-00898,Non-private (overfit),-0.682442718263204
HA-00899,Non-private (overfit),0.16924491899692495
HA-00900,Non-private (overfit),0.3017192393693393
HA-00901,Non-private (overfit),0.30517482606319657
HA-00902,Non-private (overfit),0.8258383346362038
HA-00903,Non-private (overfit),0.6293181445211762
HA-00904,Non-private (overfit),-0.8020532057642866
HA-00905,Non-private (overfit),-0.21212703786563814
HA-00906,Non-private (overfit),-0.3992730781568907
HA-00907,Non-private (overfit),-0.3083443253984689
HA-00908,Non-private (overfit),-0.3875465508443052
HA-00909,Non-private (overfit),0.41408397522547435
HA-00910,Non-private (overfit),0.6563807021681369
HA-00911,Non-private (overfit),0.02612770538379361
HA-00912,Non-private (overfit),0.26632537364288655
HA-00913,Non-private (overfit),-0.022399615027175024
HA-00914,Non-private (overfit),0.17073947176869364
HA-00915,Non-private (overfit),0.6386898662112559
HA-00917,Non-private (overfit),-0.413481333250146
HA-00918,Non-private (overfit),-0.3201495451248201
HA-00919,Non-private (overfit),-0.16222940856882162
HA-00920,Non-private (overfit),0.0739610452528996
HA-00921,Non-private (overfit),-0.08672667675059609
HA-00922,Non-private (overfit),-0.2783082855857182
HA-00923,Non-private (overfit),0.5145819297676735
HA-00924,Non-private (overfit),-0.09333764104636044
HA-00925,Non-private (overfit),-0.2695226115449074
HA-00926,Non-private (overfit),-0.45428288396498084
HA-00927,Non-private (overfit),0.42511201497970164
HA-00928,Non-private (overfit),-0.28379710508620803
HA-00929,Non-private (overfit),0.9333099834670606
HA-00930,Non-private (overfit),-0.12248449028867592
HA-00931,Non-private (overfit),-0.14309658489845023
HA-00932,Non-private (overfit),0.1709099904931839
HA-00933,Non-private (overfit),-0.224415310735941
HA-00934,Non-private (overfit),0.5942472652249424
HA-00935,Non-private (overfit),0.2779484791073361
HA-00936,Non-private (overfit),0.43855807452326045
HA-00937,Non-private (overfit),-0.6144465879008885
HA-00938,Non-private (overfit),-0.08151059638432567
HA-00939,Non-private (overfit),-0.4468972921354395
HA-00941,Non-private (overfit),-1.4793077163567914
HA-00942,Non-private (overfit),0.48208169275577584
HA-00943,Non-private (overfit),-0.020143177742037555
HA-00944,Non-private (overfit),1.0670682082960226
HA-00945,Non-private (overfit),1.0067822111928812
HA-00946,Non-private (overfit),0.3581915223885628
HA-00947,Non-private (overfit),0.08325847684536969
HA-00948,Non-private (overfit),0.3004273204066408
HA-00949,Non-private (overfit),-0.008107444274197295
HA-00950,Non-private (overfit),0.2989292578707652
HA-00951,Non-private (overfit),0.10665402757591047
HA-00952,Non-private (overfit),0.24756839428317523
HA-00953,Non-private (overfit),-0.09754732295625734
HA-00954,Non-private (overfit),-0.25331891556446484
HA-00955,Non-private (overfit),-0.361509585217318
HA-00957,Non-private (overfit),-0.03178795571272364
HA-00958,Non-private (overfit),0.31968691006428207
HA-00959,Non-private (overfit),-1.273981592961837
HA-00961,Non-private (overfit),0.36587850283926615
HA-00962,Non-private (overfit),0.08892227655235807
HA-00964,Non-private (overfit),0.10982484924465519
HA-00966,Non-private (overfit),0.11873691320200042
HA-00967,Non-private (overfit),-0.030619005343963668
HA-00968,Non-private (overfit),0.7284586157227861
HA-00969,Non-private (overfit),-0.35865030586099245
HA-00970,Non-private (overfit),0.6472171709266219
HA-00971,Non-private (overfit),-0.17871903327418748
HA-00972,Non-private (overfit),0.31384063151235186
HA-00973,Non-private (overfit),-0.433031151780083
HA-00974,Non-private (overfit),-0.2357399132074094
HA-00975,Non-private (overfit),0.19265124462438155
HA-00976,Non-private (overfit),-0.10962997154078535
HA-00977,Non-private (overfit),0.0776497630877806
HA-00978,Non-private (overfit),0.6026117142185985
HA-00979,Non-private (overfit),0.36935405142452926
HA-00980,Non-private (overfit),-0.5604396650182499
HA-00981,Non-private (overfit),0.17727128636642253
HA-00982,Non-private (overfit),-0.6615197506619253
HA-00983,Non-private (overfit),0.2614482702686116
HA-00985,Non-private (overfit),0.5934032373155664
HA-00987,Non-private (overfit),-0.23722929859747222
HA-00988,Non-private (overfit),0.5823580404354427
HA-00989,Non-private (overfit),0.3562145376469369
HA-00990,Non-private (overfit),0.3222727216277881
HA-00991,Non-private (overfit),0.016543003334493656
HA-00992,Non-private (overfit),0.5108385603818828
HA-00993,Non-private (overfit),-0.7927153741769062
HA-00994,Non-private (overfit),0.31033585709779854
HA-00995,Non-private (overfit),0.5967130361520415
HA-00996,Non-private (overfit),-0.058239472411578896
HA-00997,Non-private (overfit),0.10670140032477837
HA-00998,Non-private (overfit),0.5479877872850103
HA-00999,Non-private (overfit),-0.0377551737663
HA-01000,Non-private (overfit),0.3370721279315536
HA-01001,Non-private (overfit),0.5065129740713319
HA-01002,Non-private (overfit),-0.1387828232223498
HA-01003,Non-private (overfit),1.2170561660555634
HA-01004,Non-private (overfit),0.06171169676030175
HA-01005,Non-private (overfit),0.1676328440163939
HA-01006,Non-private (overfit),0.6393899517362951
HA-01008,Non-private (overfit),-0.2092750660335032
HA-01009,Non-private (overfit),-0.13004734966512865
HA-01010,Non-private (overfit),-1.380946336460975
HA-01011,Non-private (overfit),0.49078775048774714
HA-01012,Non-private (overfit),0.2629747507780731
HA-01013,Non-private (overfit),0.2821038219117651
HA-01014,Non-private (overfit),-0.3875776163260245
HA-01015,Non-private (overfit),-0.05938002237304851
HA-01016,Non-private (overfit),0.1640161410757539
HA-01017,Non-private (overfit),0.5645108847792555
HA-01020,Non-private (overfit),0.22361873791920606
HA-01022,Non-private (overfit),-0.1849355992222823
HA-01023,Non-private (overfit),0.5693853587358305
HA-01024,Non-private (overfit),0.5360928909947289
HA-01025,Non-private (overfit),-0.9105948954543788
HA-01026,Non-private (overfit),0.2819673954937647
HA-01027,Non-private (overfit),0.5472135307344237
HA-01029,Non-private (overfit),0.7350578682475601
HA-01030,Non-private (overfit),-0.7460435419795036
HA-01031,Non-private (overfit),0.4054176437154202
HA-01032,Non-private (overfit),1.2459620263100852
HA-01033,Non-private (overfit),0.14544960543785113
HA-01034,Non-private (overfit),-0.26637881823082
HA-01035,Non-private (overfit),-0.07355003766637158
HA-01036,Non-private (overfit),0.00436590616250232
HA-01037,Non-private (overfit),0.3795156073959155
HA-01038,Non-private (overfit),0.289214383109464
HA-01039,Non-private (overfit),0.05912448231663214
HA-01040,Non-private (overfit),-0.06967163914682795
HA-01041,Non-private (overfit),-0.38991437187045785
HA-01042,Non-private (overfit),-0.07739245283397533
HA-01043,Non-private (overfit),-0.37982993564230505
HA-01044,Non-private (overfit),-0.22575402300335512
HA-01045,Non-private (overfit),0.4809544546955735
HA-01046,Non-private (overfit),-0.18233048518331163
HA-01047,Non-private (overfit),0.14951044036513705
HA-01048,Non-private (overfit),0.22659747044830003
HA-01049,Non-private (overfit),-0.32685379797621616
HA-01050,Non-private (overfit),0.12934828283850952
HA-01051,Non-private (overfit),-0.31090902701132506
HA-01052,Non-private (overfit),0.36423977954359565
HA-01053,Non-private (overfit),0.05407441365314136
HA-01054,Non-private (overfit),0.17921101227734226
HA-01056,Non-private (overfit),0.020108610905460234
HA-01057,Non-private (overfit),0.3549079429241777
HA-01058,Non-private (overfit),-0.09036812440548614
HA-01059,Non-private (overfit),0.5245065977233838
HA-01060,Non-private (overfit),-0.23327554827232477
HA-01061,Non-private (overfit),-0.23465526591316055
HA-01062,Non-private (overfit),-0.04623334539132706
HA-01063,Non-private (overfit),0.6066610005332993
HA-01064,Non-private (overfit),0.8564632386748459
HA-01065,Non-private (overfit),0.25600884742036434
HA-01066,Non-private (overfit),-0.17350587881904822
HA-01067,Non-private (overfit),-0.3878889697816217
HA-01068,Non-private (overfit),0.26896690391613187
HA-01069,Non-private (overfit),-0.6398515883633813
HA-01070,Non-private (overfit),0.00938958073310403
HA-01071,Non-private (overfit),-0.09339432542510462
HA-01072,Non-private (overfit),0.49950058413296383
HA-01074,Non-private (overfit),0.3237366420537491
HA-01075,Non-private (overfit),-0.38671240146489927
HA-01076,Non-private (overfit),0.036088762161719856
HA-01077,Non-private (overfit),0.14774681325107986
HA-01078,Non-private (overfit),0.11880551249399574
HA-01079,Non-private (overfit),-0.09716432604926983
HA-01080,Non-private (overfit),-0.29005220598096315
HA-01081,Non-private (overfit),0.23358704081578718
HA-01083,Non-private (overfit),0.015624302128352419
HA-01085,Non-private (overfit),-0.020450930038439896
HA-01086,Non-private (overfit),0.34702677808900706
HA-01088,Non-private (overfit),-0.16339437872763884
HA-01089,Non-private (overfit),0.2991281109173666
HA-01090,Non-private (overfit),1.0986451588837036
HA-01091,Non-private (overfit),0.25120352612066554
HA-01092,Non-private (overfit),-0.4961867370281423
HA-01094,Non-private (overfit),-0.02878506254417501
HA-01095,Non-private (overfit),0.3009786466420632
HA-01096,Non-private (overfit),-0.022126685206729224
HA-01097,Non-private (overfit),-0.020862828257890653
HA-01098,Non-private (overfit),-0.19035926465552055
HA-01099,Non-private (overfit),0.002851578170421365
HA-01100,Non-private (overfit),-0.16312785771455374
HA-01101,Non-private (overfit),0.4140627858779373
HA-01102,Non-private (overfit),-0.16385819476112407
HA-01103,Non-private (overfit),-0.20606258150534096
HA-01104,Non-private (overfit),0.5413606617554945
HA-01105,Non-private (overfit),-0.6493684547084941
HA-01106,Non-private (overfit),-0.07506520645292403
HA-01107,Non-private (overfit),0.36372886089607603
HA-01108,Non-private (overfit),-0.5245992880350914
HA-01109,Non-private (overfit),0.6071928715739859
HA-01110,Non-private (overfit),-0.15533268827210422
HA-01111,Non-private (overfit),-1.6822497205121856
HA-01112,Non-private (overfit),-0.3864831133143394
HA-01113,Non-private (overfit),-0.979708044194683
HA-01114,Non-private (overfit),0.3225521986141826
HA-01115,Non-private (overfit),0.8002894864837868
HA-01116,Non-private (overfit),0.3121159430613458
HA-01117,Non-private (overfit),0.42848474498407996
HA-01118,Non-private (overfit),0.3550612690061288
HA-01119,Non-private (overfit),-0.9683578965184516
HA-01120,Non-private (overfit),0.301323985884669
HA-01121,Non-private (overfit),0.11943563734332385
HA-01122,Non-private (overfit),0.2235639818153481
HA-01123,Non-private (overfit),-0.0896236696811169
HA-01124,Non-private (overfit),-0.36167012210777694
HA-01125,Non-private (overfit),-0.34817700978891797
HA-01126,Non-private (overfit),-0.395016908876314
HA-01128,Non-private (overfit),0.3152749215349133
HA-01129,Non-private (overfit),0.3041530890197316
HA-01130,Non-private (overfit),0.7017180949374133
HA-01131,Non-private (overfit),-0.26586451506398945
HA-01132,Non-private (overfit),0.17844337293951273
HA-01133,Non-private (overfit),-0.18498309154204673
HA-01134,Non-private (overfit),-0.3021326419045427
HA-01135,Non-private (overfit),1.4493517143735146
HA-01136,Non-private (overfit),0.3986327128939008
HA-01137,Non-private (overfit),-0.2740378968016628
HA-01138,Non-private (overfit),0.19612477914246462
HA-01139,Non-private (overfit),-0.4881095643717207
HA-01140,Non-private (overfit),-0.7334602030494655
HA-01141,Non-private (overfit),-0.17413859555575972
HA-01142,Non-private (overfit),-0.08980757696695618
HA-01143,Non-private (overfit),-0.8454930014908557
HA-01144,Non-private (overfit),-0.31211867640023994
HA-01145,Non-private (overfit),0.24847245063213408
HA-01146,Non-private (overfit),-0.7894636316324524
HA-01147,Non-private (overfit),0.47057609221816676
HA-01148,Non-private (overfit),-0.4034882570325409
HA-01149,Non-private (overfit),0.05299126574852453
HA-01150,Non-private (overfit),-0.4052033413585425
HA-01151,Non-private (overfit),0.38247175830180646
HA-01153,Non-private (overfit),1.124790751056036
HA-01154,Non-private (overfit),0.2718645680926002
HA-01155,Non-private (overfit),0.14913172405031405
HA-01156,Non-private (overfit),0.40977373515710935
HA-01157,Non-private (overfit),0.6215208038066895
HA-01158,Non-private (overfit),0.4444960011522264
HA-01159,Non-private (overfit),0.686603506253731
HA-01160,Non-private (overfit),0.7314609096497944
HA-01161,Non-private (overfit),0.019405160411004596
HA-01162,Non-private (overfit),-0.3569554618407884
HA-01163,Non-private (overfit),-0.16808815891289952
HA-01165,Non-private (overfit),-0.6302647099537018
HA-01166,Non-private (overfit),-0.31678077833554674
HA-01167,Non-private (overfit),-0.11481955677166256
HA-01168,Non-private (overfit),0.40715444134405665
HA-01169,Non-private (overfit),-0.7763958046258037
HA-01170,Non-private (overfit),0.10642798087335825
HA-01171,Non-private (overfit),-0.1637354598266041
HA-01172,Non-private (overfit),0.29671840919182024
HA-01174,Non-private (overfit),-0.22293869040247483
HA-01175,Non-private (overfit),-0.07518316512435808
HA-01176,Non-private (overfit),-0.24516402514001467
HA-01178,Non-private (overfit),0.46503007093007565
HA-01179,Non-private (overfit),-1.3494020386674155
HA-01180,Non-private (overfit),0.20812527807090997
HA-01181,Non-private (overfit),0.44435058475235145
HA-01182,Non-private (overfit),-0.03400650508046299
HA-01183,Non-private (overfit),-1.277884319802951
HA-01184,Non-private (overfit),0.7611589562022243
HA-01185,Non-private (overfit),-0.5229837271087079
HA-01186,Non-private (overfit),0.33493716972607457
HA-01187,Non-private (overfit),-0.449245837419741
HA-01188,Non-private (overfit),-0.17283437083274156
HA-01189,Non-private (overfit),1.2887557337418405
HA-01190,Non-private (overfit),-0.01579588084144301
HA-01191,Non-private (overfit),-0.08177651175141132
HA-01193,Non-private (overfit),-0.2839975291365402
HA-01194,Non-private (overfit),0.9383243505556458
HA-01195,Non-private (overfit),-0.5769274983043782
HA-01196,Non-private (overfit),0.517192829198678
HA-01198,Non-private (overfit),0.4191920667706961
HA-01199,Non-private (overfit),0.8159689864280342
HA-01200,Non-private (overfit),0.8961279540735245
HA-01201,Non-private (overfit),-0.4045631272262782
HA-01202,Non-private (overfit),-1.902879012092027
HA-01203,Non-private (overfit),0.032283589460051054
HA-01204,Non-private (overfit),-0.8484830191078363
HA-01205,Non-private (overfit),0.11332735156441154
HA-01206,Non-private (overfit),-2.0859474662152806
HA-01207,Non-private (overfit),-0.5177260977812348
HA-01210,Non-private (overfit),-0.18204801631651502
HA-01211,Non-private (overfit),0.3288496058854873
HA-01212,Non-private (overfit),-1.8912183854015843
HA-01213,Non-private (overfit),-1.600259366856161
HA-01214,Non-private (overfit),-0.34839822102002205
HA-01215,Non-private (overfit),0.07763716360268047
HA-01216,Non-private (overfit),-0.31407176956977967
HA-01217,Non-private (overfit),0.37282182515017537
HA-01218,Non-private (overfit),0.34250558961687716
HA-01219,Non-private (overfit),0.025387473637823454
HA-01220,Non-private (overfit),0.5277365380122063
HA-01221,Non-private (overfit),-2.502633914133299
HA-01222,Non-private (overfit),-0.5739320316043415
HA-01223,Non-private (overfit),0.17279046278346422
HA-01224,Non-private (overfit),-0.07730401836993073
HA-01225,Non-private (overfit),0.6148119612387334
HA-01226,Non-private (overfit),0.17303455652968724
HA-01227,Non-private (overfit),0.5756703097365901
HA-01229,Non-private (overfit),0.6257248840662542
HA-01230,Non-private (overfit),-0.40029909955349274
HA-01231,Non-private (overfit),-0.4814206043810849
HA-01232,Non-private (overfit),0.4800602025802352
HA-01233,Non-private (overfit),-3.403578422426783
HA-01234,Non-private (overfit),-1.0986144356341063
HA-01235,Non-private (overfit),-0.538415714705913
HA-01236,Non-private (overfit),0.659855780894282
HA-01237,Non-private (overfit),0.030182805563210846
HA-01238,Non-private (overfit),0.05023948334665551
HA-01240,Non-private (overfit),-0.6256657199142903
HA-01241,Non-private (overfit),-0.0525688365241086
HA-01242,Non-private (overfit),-0.4315701485859016
HA-01243,Non-private (overfit),0.05809872125724325
HA-01244,Non-private (overfit),-0.17086364755750205
HA-01245,Non-private (overfit),0.011542734599107263
HA-01246,Non-private (overfit),0.2785198455099118
HA-01247,Non-private (overfit),-0.16485192757449896
HA-01248,Non-private (overfit),0.032967649705427204
HA-01249,Non-private (overfit),0.11506869868453729
HA-01250,Non-private (overfit),0.33330940301434864
HA-01251,Non-private (overfit),0.24583388825027486
HA-01252,Non-private (overfit),-0.018213533433554918
HA-01253,Non-private (overfit),-0.597262881909499
HA-01254,Non-private (overfit),-0.454303101336182
HA-01255,Non-private (overfit),0.1886482773698852
HA-01256,Non-private (overfit),-0.11371617596926686
HA-01257,Non-private (overfit),1.438546929607088
HA-01258,Non-private (overfit),-0.386596054663382
HA-01259,Non-private (overfit),0.08753953320923413
HA-01260,Non-private (overfit),0.1527921354641757
HA-01263,Non-private (overfit),0.4830266301294402
HA-01264,Non-private (overfit),-0.3699940357729543
HA-01265,Non-private (overfit),0.2622377239531781
HA-01266,Non-private (overfit),-0.10697841137113406
HA-01267,Non-private (overfit),-0.0714143455475742
HA-01268,Non-private (overfit),-0.4461290245399452
HA-01270,Non-private (overfit),0.22970988228227274
HA-01271,Non-private (overfit),-0.29138105521567625
HA-01272,Non-private (overfit),0.20466378484158998
HA-01273,Non-private (overfit),-0.4842179711492236
HA-01275,Non-private (overfit),-0.1989887642092666
HA-01276,Non-private (overfit),0.5836598120618963
HA-01277,Non-private (overfit),0.25853620665176646
HA-01278,Non-private (overfit),-0.24846591921961036
HA-01279,Non-private (overfit),1.0734290633927368
HA-01280,Non-private (overfit),0.6967217195192981
HA-01281,Non-private (overfit),0.017338804869044377
HA-01282,Non-private (overfit),-0.11923346352326325
HA-01283,Non-private (overfit),0.7555811735589049
HA-01284,Non-private (overfit),0.36694064315124364
HA-01285,Non-private (overfit),0.13860581949601425
HA-01286,Non-private (overfit),0.06797397434259245
HA-01287,Non-private (overfit),0.130855921017917
HA-01288,Non-private (overfit),-0.054362468786560036
HA-01289,Non-private (overfit),-0.2706774506215883
HA-01290,Non-private (overfit),0.062685653810999
HA-01291,Non-private (overfit),0.8843616933052856
HA-01292,Non-private (overfit),0.055621966507438
HA-01293,Non-private (overfit),-0.10466307295745958
HA-01294,Non-private (overfit),1.4506613390424514
HA-01296,Non-private (overfit),0.08037309444959251
HA-01298,Non-private (overfit),-0.3376416480723927
HA-01299,Non-private (overfit),0.028712824457158836
HA-01300,Non-private (overfit),-0.18437350381320594
HA-01302,Non-private (overfit),0.6780155281825573
HA-01304,Non-private (overfit),0.22993080907918295
HA-01305,Non-private (overfit),0.06725590851139507
HA-01306,Non-private (overfit),-0.2930252666080655
HA-01307,Non-private (overfit),-1.2538542397569217
HA-01309,Non-private (overfit),0.04777224748707276
HA-01310,Non-private (overfit),-0.12424630278996851
HA-01312,Non-private (overfit),-1.0577252334497511
HA-01313,Non-private (overfit),-0.5214412640956998
HA-01314,Non-private (overfit),-0.5408015658788992
HA-01316,Non-private (overfit),-0.16437330812668716
HA-01317,Non-private (overfit),0.021640913557786412
HA-01318,Non-private (overfit),-0.056691671939562926
HA-01319,Non-private (overfit),0.7920328410306166
HA-01320,Non-private (overfit),-0.7005307004894534
HA-01321,Non-private (overfit),0.5747068175581509
HA-01322,Non-private (overfit),0.3289600590655293
HA-01323,Non-private (overfit),-0.3802191021917658
HA-01324,Non-private (overfit),-0.47961653576054664
HA-01325,Non-private (overfit),-0.05908318178559724
HA-01327,Non-private (overfit),0.31362630183349727
HA-01328,Non-private (overfit),0.34584966788847393
HA-01329,Non-private (overfit),-0.180745011794184
HA-01330,Non-private (overfit),0.06417742485323608
HA-01331,Non-private (overfit),-0.1621690273564962
HA-01332,Non-private (overfit),-0.6328423646964381
HA-01334,Non-private (overfit),-0.9512017362919114
HA-01335,Non-private (overfit),0.5382085366980989
HA-01336,Non-private (overfit),0.3141448332548007
HA-01337,Non-private (overfit),-0.029848491638729824
HA-01338,Non-private (overfit),-0.2980894136996195
HA-01339,Non-private (overfit),0.2773888132029767
HA-01340,Non-private (overfit),-0.6265820997072684
HA-01341,Non-private (overfit),0.009655229297632406
HA-01342,Non-private (overfit),0.4613922030320583
HA-01343,Non-private (overfit),0.08055274724449646
HA-01344,Non-private (overfit),-0.4495103891275345
HA-01345,Non-private (overfit),0.0951315894461775
HA-01346,Non-private (overfit),0.2688910996311813
HA-01347,Non-private (overfit),-9.805382316836894
HA-01349,Non-private (overfit),0.07522850920923752
HA-01350,Non-private (overfit),0.05301191081627077
HA-01351,Non-private (overfit),-1.433680734658613
HA-01352,Non-private (overfit),-0.1656598005874258
HA-01353,Non-private (overfit),-0.7041576272389907
HA-01354,Non-private (overfit),-0.7403439556102929
HA-01355,Non-private (overfit),0.11429959304839543
HA-01356,Non-private (overfit),0.353062363563718
HA-01357,Non-private (overfit),0.8146355635148874
HA-01358,Non-private (overfit),0.20611978073081816
HA-01359,Non-private (overfit),-0.4125505254356145
HA-01360,Non-private (overfit),-0.3682342063714059
HA-01361,Non-private (overfit),-0.027012002247128297
HA-01362,Non-private (overfit),0.160904308425181
HA-01363,Non-private (overfit),0.5719385428461872
HA-01364,Non-private (overfit),0.175522016167605
HA-01367,Non-private (overfit),-0.021514592036294022
HA-01368,Non-private (overfit),0.0027333322384415215
HA-01369,Non-private (overfit),-0.5476809135019058
HA-01370,Non-private (overfit),0.22872369481997334
HA-01371,Non-private (overfit),-0.5277614931345638
HA-01372,Non-private (overfit),-1.6255380144493183
HA-01373,Non-private (overfit),-0.006170324805131688
HA-01374,Non-private (overfit),-0.3430507798550111
HA-01375,Non-private (overfit),0.11322149008534438
HA-01376,Non-private (overfit),-0.09494807534232219
HA-01377,Non-private (overfit),0.09461022953039078
HA-01378,Non-private (overfit),-0.5251623802107432
HA-01379,Non-private (overfit),-0.5366204391211731
HA-01381,Non-private (overfit),-0.7785413344735219
HA-01383,Non-private (overfit),-0.5332508565145404
HA-01384,Non-private (overfit),1.0031509188029963
HA-01385,Non-private (overfit),0.7751097728412524
HA-01386,Non-private (overfit),-0.05317074434414959
HA-01387,Non-private (overfit),0.10907887863338295
HA-01388,Non-private (overfit),2.139227238083291
HA-01389,Non-private (overfit),0.07100985600903043
HA-01390,Non-private (overfit),-0.7159658921651993
HA-01391,Non-private (overfit),0.5445452403307234
HA-01392,Non-private (overfit),1.564839609607451
HA-01393,Non-private (overfit),0.03912201688909889
HA-01394,Non-private (overfit),2.5531014283802707
HA-01395,Non-private (overfit),0.28150302490207046
HA-01396,Non-private (overfit),-0.30997654366833105
HA-01397,Non-private (overfit),0.13770277379145868
HA-01398,Non-private (overfit),-0.10354656343475588
HA-01399,Non-private (overfit),0.4709783551642941
HA-01400,Non-private (overfit),-0.875084474462384
HA-01401,Non-private (overfit),0.6941538207014359
HA-01403,Non-private (overfit),0.755453385831717
HA-01404,Non-private (overfit),-1.6845402172536281
HA-01405,Non-private (overfit),2.1303107902433194
HA-01406,Non-private (overfit),-0.3115032371638866
HA-01407,Non-private (overfit),0.06108330770760251
HA-01408,Non-private (overfit),-0.2776931053684436
HA-01409,Non-private (overfit),0.015890212093288336
HA-01410,Non-private (overfit),-0.3203625363534167
HA-01411,Non-private (overfit),-0.27113270397879763
HA-01412,Non-private (overfit),-0.2866074239159393
HA-01414,Non-private (overfit),0.2967385347598297
HA-01415,Non-private (overfit),-0.08226578706578103
HA-01416,Non-private (overfit),0.2385419460960383
HA-01417,Non-private (overfit),-0.2636517818115096
HA-01418,Non-private (overfit),0.2235047701864914
HA-01419,Non-private (overfit),0.1255847257172259
HA-01420,Non-private (overfit),-0.5174984888976102
HA-01421,Non-private (overfit),0.1285737815675343
HA-01422,Non-private (overfit),-0.04643370765373955
HA-01423,Non-private (overfit),-0.2660243127808608
HA-01425,Non-private (overfit),-1.1650078272747424
HA-01426,Non-private (overfit),-0.8634792916574452
HA-01427,Non-private (overfit),-0.12999876603104688
HA-01428,Non-private (overfit),0.28715717227558923
HA-01430,Non-private (overfit),-0.24305167319373167
HA-01431,Non-private (overfit),-0.09545384909821114
HA-01432,Non-private (overfit),0.7707403502903167
HA-01433,Non-private (overfit),-0.14236621142327865
HA-01434,Non-private (overfit),0.7776310660886852
HA-01435,Non-private (overfit),-0.807126994024786
HA-01436,Non-private (overfit),0.34931284168778776
HA-01437,Non-private (overfit),0.22658282491309967
HA-01438,Non-private (overfit),0.9841816865781596
HA-01439,Non-private (overfit),0.10086770442521731
HA-01440,Non-private (overfit),-0.6785355385105809
HA-01441,Non-private (overfit),0.06653163302597709
HA-01442,Non-private (overfit),0.04498171330672518
HA-01443,Non-private (overfit),0.20170227116109873
HA-01444,Non-private (overfit),0.30686723154373685
HA-01445,Non-private (overfit),-2.1481974776754598
HA-01446,Non-private (overfit),1.1134733521089473
HA-01447,Non-private (overfit),-0.05243173167458026
HA-01448,Non-private (overfit),0.13465280285966563
HA-01449,Non-private (overfit),-1.8562169975683922
HA-01450,Non-private (overfit),0.8055204723351317
HA-01451,Non-private (overfit),0.4116688919065341
HA-01452,Non-private (overfit),0.5305494106311063
HA-01453,Non-private (overfit),0.663875959668971
HA-01455,Non-private (overfit),0.37735444097753845
HA-01456,Non-private (overfit),-0.28336073266282913
HA-01458,Non-private (overfit),-0.29028720891952253
HA-01459,Non-private (overfit),0.25911150041354114
HA-01460,Non-private (overfit),2.1323704770400203
HA-01461,Non-private (overfit),0.4457596590340738
HA-01462,Non-private (overfit),1.063311529152112
HA-01465,Non-private (overfit),0.5051039447431851
HA-01466,Non-private (overfit),0.5170083543508122
HA-01467,Non-private (overfit),0.5295004080147165
HA-01468,Non-private (overfit),-0.18926349136346765
HA-01469,Non-private (overfit),0.5617097038022734
HA-01473,Non-private (overfit),0.35765147660523855
HA-01474,Non-private (overfit),0.9418588653717399
HA-01475,Non-private (overfit),-0.7178651661234876
HA-01476,Non-private (overfit),0.28224131317069756
HA-01477,Non-private (overfit),-0.5886929585550298
HA-01478,Non-private (overfit),0.11758431297818528
HA-01479,Non-private (overfit),0.4012913015566628
HA-01480,Non-private (overfit),-0.124034398621645
HA-01481,Non-private (overfit),-0.006048809868321348
HA-01482,Non-private (overfit),-0.03129529665798603
HA-01483,Non-private (overfit),0.14208942747509212
HA-01484,Non-private (overfit),0.15554593857640886
HA-01485,Non-private (overfit),0.657202008729683
HA-01486,Non-private (overfit),-0.17750110550083487
HA-01487,Non-private (overfit),0.5662285616325106
HA-01488,Non-private (overfit),0.033010372586056214
HA-01489,Non-private (overfit),0.28668873327843625
HA-01490,Non-private (overfit),-0.37637130660326745
HA-01491,Non-private (overfit),-0.04833867005801018
HA-01492,Non-private (overfit),0.5295833725778618
HA-01493,Non-private (overfit),1.0609148749256656
HA-01494,Non-private (overfit),-0.17407400287460173
HA-01495,Non-private (overfit),-2.206629300581271
HA-01496,Non-private (overfit),0.9063589078248442
HA-01497,Non-private (overfit),0.4305770415169536
HA-01498,Non-private (overfit),0.4132692783066947
HA-01499,Non-private (overfit),0.32093789870464595
HA-01500,Non-private (overfit),0.4984019132050761
HA-01501,Non-private (overfit),0.3815962608272281
HA-01502,Non-private (overfit),0.03592194570772156
HA-01503,Non-private (overfit),-0.1835202654973691
HA-01504,Non-private (overfit),0.09688456632961917
HA-01505,Non-private (overfit),0.10311485596730785
HA-01506,Non-private (overfit),-0.5304095343183031
HA-01507,Non-private (overfit),0.8604046019381346
HA-01508,Non-private (overfit),-0.08929954206708723
HA-01509,Non-private (overfit),-0.47410190571772537
HA-01510,Non-private (overfit),-0.0931305938189988
HA-01511,Non-private (overfit),0.2857886714624769
HA-01512,Non-private (overfit),-0.2068329737305853
HA-01513,Non-private (overfit),0.013939978822445243
HA-01514,Non-private (overfit),-0.021990691584371502
HA-01515,Non-private (overfit),-0.8716954611699448
HA-01516,Non-private (overfit),-0.04719834202691098
HA-01517,Non-private (overfit),0.11167819644451704
HA-01518,Non-private (overfit),-0.340534326889685
HA-01519,Non-private (overfit),1.2110260474231134
HA-01520,Non-private (overfit),0.049454856076549536
HA-01522,Non-private (overfit),1.3801624631976401
HA-01523,Non-private (overfit),-0.18303226810184514
HA-01524,Non-private (overfit),-0.0716880373742832
HA-01525,Non-private (overfit),-0.3058458831948869
HA-01526,Non-private (overfit),-0.5318767676101097
HA-01527,Non-private (overfit),0.14629110262549316
HA-01528,Non-private (overfit),-0.08653665090925888
HA-01529,Non-private (overfit),0.19509166441851322
HA-01530,Non-private (overfit),-0.12019339206272872
HA-01531,Non-private (overfit),0.21914592503764307
HA-01533,Non-private (overfit),0.04140485403179461
HA-01534,Non-private (overfit),0.2941610771885308
HA-01535,Non-private (overfit),0.7780454729116577
HA-01536,Non-private (overfit),0.10351568996300409
HA-01537,Non-private (overfit),0.09774718185393372
HA-01538,Non-private (overfit),-0.33162632520393265
HA-01539,Non-private (overfit),0.20310178189337602
HA-01540,Non-private (overfit),-0.50403977781398
HA-01541,Non-private (overfit),1.1204029564877551
HA-01542,Non-private (overfit),0.7223034548721181
HA-01543,Non-private (overfit),-0.08277012904782766
HA-01545,Non-private (overfit),0.41899398078324823
HA-01546,Non-private (overfit),-0.40705889247122484
HA-01547,Non-private (overfit),-0.6657607735063737
HA-01548,Non-private (overfit),-0.0661595800525614
HA-01549,Non-private (overfit),-0.4562256102324218
HA-01550,Non-private (overfit),0.2986344092002726
HA-01551,Non-private (overfit),0.9061061892627456
HA-01552,Non-private (overfit),0.3072424039447095
HA-01554,Non-private (overfit),0.0955291406326042
HA-01555,Non-private (overfit),-0.2898284710271908
HA-01556,Non-private (overfit),-0.6848753522097817
HA-01557,Non-private (overfit),0.09324450194267087
HA-01558,Non-private (overfit),-1.14041505805119
HA-01559,Non-private (overfit),0.8379835084548459
HA-01560,Non-private (overfit),-0.2136298189503627
HA-01561,Non-private (overfit),-0.14470008702027437
HA-01562,Non-private (overfit),0.32185351522810435
HA-01563,Non-private (overfit),1.0464146471124756
HA-01564,Non-private (overfit),0.5870225042037365
HA-01565,Non-private (overfit),0.6967529358956398
HA-01566,Non-private (overfit),0.2799427734729081
HA-01567,Non-private (overfit),-0.22688892718250697
HA-01568,Non-private (overfit),0.996135102824782
HA-01569,Non-private (overfit),-0.4522664590154817
HA-01570,Non-private (overfit),-0.08893494383455813
HA-01571,Non-private (overfit),-0.30857388529547813
HA-01572,Non-private (overfit),-0.5554779513631051
HA-01574,Non-private (overfit),-0.19642010418607092
HA-01575,Non-private (overfit),-0.03463997738976565
HA-01576,Non-private (overfit),0.2620915399099122
HA-01577,Non-private (overfit),0.9218302712926516
HA-01578,Non-private (overfit),-0.366559547075901
HA-01579,Non-private (overfit),-0.28511484372672014
HA-01580,Non-private (overfit),-0.41496817998983715
HA-01581,Non-private (overfit),0.28041095210773725
HA-01582,Non-private (overfit),-0.30070485457070495
HA-01583,Non-private (overfit),0.4822450272577128
HA-01584,Non-private (overfit),-0.2993803618185238
HA-01585,Non-private (overfit),0.08036038505135679
HA-01587,Non-private (overfit),-0.4451345866036054
HA-01588,Non-private (overfit),-0.2639087927773851
HA-01590,Non-private (overfit),-0.4847491326146134
HA-01591,Non-private (overfit),-0.386941797046376
HA-01593,Non-private (overfit),-0.2941539103599782
HA-01594,Non-private (overfit),-0.330238446621244
HA-01595,Non-private (overfit),0.2432497576703352
HA-01596,Non-private (overfit),-0.06185729150396302
HA-01597,Non-private (overfit),0.20463603415872567
HA-01598,Non-private (overfit),0.9036583491114689
HA-01599,Non-private (overfit),0.4007506014490113
HA-01600,Non-private (overfit),-0.48786090459910514
HA-01601,Non-private (overfit),-0.32296571447420497
HA-01602,Non-private (overfit),-0.08046669283136132
HA-01603,Non-private (overfit),-0.37523106998989064
HA-01605,Non-private (overfit),-1.6472750266679317
HA-01606,Non-private (overfit),0.26742783331871167
HA-01607,Non-private (overfit),0.00033551868992953704
HA-01608,Non-private (overfit),-1.691743701278352
HA-01609,Non-private (overfit),-0.22746123788857386
HA-01610,Non-private (overfit),-0.07630313928694754
HA-01611,Non-private (overfit),0.18276218380909337
HA-01613,Non-private (overfit),0.3676797485630736
HA-01614,Non-private (overfit),0.3052139236690329
HA-01615,Non-private (overfit),2.1511434398336924
HA-01617,Non-private (overfit),-0.3408205282295498
HA-01618,Non-private (overfit),0.4666444262727367
HA-01620,Non-private (overfit),0.5982166850989283
HA-01621,Non-private (overfit),0.17242049523202907
HA-01622,Non-private (overfit),0.1825874462303756
HA-01624,Non-private (overfit),0.5159508420366006
HA-01625,Non-private (overfit),0.24055516698310786
HA-01626,Non-private (overfit),0.11255476761206917
HA-01627,Non-private (overfit),0.13019171659691953
HA-01628,Non-private (overfit),-1.0621904204580086
HA-01629,Non-private (overfit),0.06040653064503321
HA-01630,Non-private (overfit),-0.7295775877789159
HA-01631,Non-private (overfit),0.09508767162618947
HA-01634,Non-private (overfit),0.1513832424149555
HA-01635,Non-private (overfit),0.25469659030457015
HA-01636,Non-private (overfit),0.12737125319525933
HA-01637,Non-private (overfit),0.7552088196552522
HA-01638,Non-private (overfit),1.1090999619048407
HA-01639,Non-private (overfit),-0.12157978337842934
HA-01640,Non-private (overfit),0.29240656777975893
HA-01641,Non-private (overfit),0.6588122083343504
HA-01643,Non-private (overfit),-0.15247799427885522
HA-01644,Non-private (overfit),0.5247155769636094
HA-01645,Non-private (overfit),-0.3625350052545566
HA-01646,Non-private (overfit),-0.6416680678819766
HA-01647,Non-private (overfit),-0.11379092836882787
HA-01649,Non-private (overfit),0.1752720258913627
HA-01651,Non-private (overfit),0.4069304554182209
HA-01653,Non-private (overfit),-0.0021464488672509052
HA-01654,Non-private (overfit),-0.0020364118418367827
HA-01655,Non-private (overfit),0.2906690700500072
HA-01656,Non-private (overfit),-0.4791517812253643
HA-01657,Non-private (overfit),-0.16978939659687264
HA-01658,Non-private (overfit),-0.6222655637509256
HA-01659,Non-private (overfit),-0.4363597109354189
HA-01660,Non-private (overfit),-1.1896444356068696
HA-01661,Non-private (overfit),0.30419101751523714
HA-01662,Non-private (overfit),0.4987087702501991
HA-01663,Non-private (overfit),0.6931813598276813
HA-01664,Non-private (overfit),0.6393525058012319
HA-01665,Non-private (overfit),0.12203714063248206
HA-01666,Non-private (overfit),-0.07057703298989826
HA-01667,Non-private (overfit),-4.163364654601419
HA-01668,Non-private (overfit),-2.332874863097712
HA-01669,Non-private (overfit),-1.313200624383907
HA-01670,Non-private (overfit),0.0013603775716322097
HA-01671,Non-private (overfit),0.7724130930995141
HA-01672,Non-private (overfit),0.001947767051347693
HA-01673,Non-private (overfit),0.2169260509002453
HA-01674,Non-private (overfit),-0.24145205557909732
HA-01675,Non-private (overfit),-0.23762592158487306
HA-01676,Non-private (overfit),-0.5991362166199672
HA-01677,Non-private (overfit),0.8450146814778794
HA-01678,Non-private (overfit),0.9136047952014805
HA-01679,Non-private (overfit),0.49250204343424897
HA-01680,Non-private (overfit),-0.5013939817650213
HA-01681,Non-private (overfit),0.28196960593447495
HA-01682,Non-private (overfit),0.2404640048965011
HA-01683,Non-private (overfit),0.3605450216494659
HA-01684,Non-private (overfit),0.30073758005049445
HA-01685,Non-private (overfit),-0.31388582690867217
HA-01686,Non-private (overfit),-0.0896870326931416
HA-01687,Non-private (overfit),0.1682730383047577
HA-01688,Non-private (overfit),-0.05435982874443446
HA-01689,Non-private (overfit),0.019697453653843233
HA-01690,Non-private (overfit),-0.6618309452256275
HA-01691,Non-private (overfit),-0.784263913433807
HA-01692,Non-private (overfit),-0.2281967191794927
HA-01693,Non-private (overfit),0.35757226462390346
HA-01694,Non-private (overfit),0.19643867168525353
HA-01695,Non-private (overfit),-0.011751477930446619
HA-01696,Non-private (overfit),0.2725030368848653
HA-01697,Non-private (overfit),-0.10276388983054785
HA-01699,Non-private (overfit),0.7797961360592711
HA-01700,Non-private (overfit),0.14032633309126363
HA-01701,Non-private (overfit),0.246068527471202
HA-01702,Non-private (overfit),1.863942793475645
HA-01703,Non-private (overfit),-1.7809478986879421
HA-01704,Non-private (overfit),0.06798662913586195
HA-01705,Non-private (overfit),0.42389064443892854
HA-01706,Non-private (overfit),-0.12464618315580012
HA-01707,Non-private (overfit),0.4509787719353969
HA-01708,Non-private (overfit),0.30927773784830737
HA-01709,Non-private (overfit),-0.4818455912393338
HA-01710,Non-private (overfit),0.38221554727439333
HA-01711,Non-private (overfit),0.047369203906857615
HA-01712,Non-private (overfit),-0.8473498338012719
HA-01713,Non-private (overfit),0.007195283516778117
HA-01714,Non-private (overfit),-0.04761457447652773
HA-01715,Non-private (overfit),-1.0073777405596007
HA-01716,Non-private (overfit),-0.10005027535288535
HA-01717,Non-private (overfit),0.22639959075622107
HA-01718,Non-private (overfit),0.34179175563229436
HA-01719,Non-private (overfit),-0.22914651606195813
HA-01720,Non-private (overfit),0.19036941886724912
HA-01721,Non-private (overfit),0.331596861535598
HA-01722,Non-private (overfit),0.2529000425563541
HA-01723,Non-private (overfit),-0.4386555754710293
HA-01724,Non-private (overfit),0.13703142340533847
HA-01725,Non-private (overfit),0.08008756854172139
HA-01726,Non-private (overfit),-0.14762276309168199
HA-01727,Non-private (overfit),0.4088154509935953
HA-01728,Non-private (overfit),0.07531157526915289
HA-01729,Non-private (overfit),0.09166285255840911
HA-01730,Non-private (overfit),0.06791281755171852
HA-01731,Non-private (overfit),-20.86303409201569
HA-01732,Non-private (overfit),-0.29626872097943147
HA-01733,Non-private (overfit),-0.11760271312855153
HA-01734,Non-private (overfit),0.2608823541581873
HA-01735,Non-private (overfit),0.3794884496467623
HA-01736,Non-private (overfit),-1.7161635375195563
HA-01737,Non-private (overfit),0.19267112557557664
HA-01738,Non-private (overfit),-0.377260865725376
HA-01739,Non-private (overfit),-0.15828655584160467
HA-01740,Non-private (overfit),0.13220551598007035
HA-01741,Non-private (overfit),-0.564927758704707
HA-01742,Non-private (overfit),-0.036921676898427624
HA-01743,Non-private (overfit),0.9126390077866651
HA-01744,Non-private (overfit),0.28844287424151416
HA-01746,Non-private (overfit),-0.24201485725203775
HA-01747,Non-private (overfit),-0.1778377632124306
HA-01748,Non-private (overfit),-0.28078691656625043
HA-01749,Non-private (overfit),0.30416726641937375
HA-01750,Non-private (overfit),0.3023762725770578
HA-01751,Non-private (overfit),0.4473386496574703
HA-01752,Non-private (overfit),0.30434482932774953
HA-01753,Non-private (overfit),-0.031267693789938544
HA-01754,Non-private (overfit),0.22286316819415397
HA-01755,Non-private (overfit),0.2487923105939709
HA-01756,Non-private (overfit),0.34241747063697825
HA-01757,Non-private (overfit),-0.18372893383992284
HA-01758,Non-private (overfit),-0.3103544121825741
HA-01759,Non-private (overfit),0.038460110084213905
HA-01760,Non-private (overfit),-0.8783510415616291
HA-01762,Non-private (overfit),-0.34055641114529833
HA-01763,Non-private (overfit),-0.19713552682628444
HA-01764,Non-private (overfit),0.2360864922678514
HA-01765,Non-private (overfit),0.1757390211563501
HA-01766,Non-private (overfit),-0.4800585900002481
HA-01768,Non-private (overfit),0.20326957462087925
HA-01769,Non-private (overfit),1.292642476101614
HA-01770,Non-private (overfit),0.5309138878855313
HA-01771,Non-private (overfit),-0.14897786626283227
HA-01773,Non-private (overfit),0.12335119780773152
HA-01774,Non-private (overfit),1.0576771231624256
HA-01775,Non-private (overfit),0.16123181894167293
HA-01776,Non-private (overfit),-0.7794872531075976
HA-01777,Non-private (overfit),-0.09452268631372185
HA-01778,Non-private (overfit),0.11544099395635077
HA-01779,Non-private (overfit),-0.4238951471308099
HA-01780,Non-private (overfit),0.2657507959318137
HA-01781,Non-private (overfit),-1.401010112265426
HA-01783,Non-private (overfit),0.457085248114971
HA-01784,Non-private (overfit),-0.4516840075428279
HA-01785,Non-private (overfit),-0.03515585064805249
HA-01786,Non-private (overfit),0.2506548446615706
HA-01788,Non-private (overfit),-0.005505660909085108
HA-01790,Non-private (overfit),0.122505111340522
HA-01791,Non-private (overfit),0.21471711222626633
HA-01792,Non-private (overfit),-0.041165727227467364
HA-01793,Non-private (overfit),-0.3428800070374971
HA-01794,Non-private (overfit),1.0383660763461122
HA-01795,Non-private (overfit),1.0405892953533615
HA-01796,Non-private (overfit),-0.18264046578684112
HA-01797,Non-private (overfit),-0.2843104924618802
HA-01798,Non-private (overfit),-0.2816486031445453
HA-01799,Non-private (overfit),0.027992053466275202
HA-01800,Non-private (overfit),-0.45704858111594526
HA-01801,Non-private (overfit),0.38994144251366736
HA-01802,Non-private (overfit),-0.7097987642248711
HA-01803,Non-private (overfit),-0.8085632305050277
HA-01804,Non-private (overfit),0.7882350541144235
HA-01805,Non-private (overfit),-0.5674874190670371
HA-01806,Non-private (overfit),0.0210284543226249
HA-01807,Non-private (overfit),-0.13866655932787086
HA-01808,Non-private (overfit),-2.2942284182336747
HA-01810,Non-private (overfit),0.4928098374948301
HA-01811,Non-private (overfit),0.4682100183287434
HA-01812,Non-private (overfit),-0.13338927907652876
HA-01813,Non-private (overfit),1.706652320109566
HA-01814,Non-private (overfit),0.4764571873037571
HA-01815,Non-private (overfit),-0.02095976712936043
HA-01816,Non-private (overfit),-0.3568385171790771
HA-01817,Non-private (overfit),0.37347012947874214
HA-01818,Non-private (overfit),0.39469097449525403
HA-01819,Non-private (overfit),0.3084237643077259
HA-01820,Non-private (overfit),-0.44275611381833047
HA-01821,Non-private (overfit),-0.17152825964205176
HA-01822,Non-private (overfit),-0.03707122713396371
HA-01823,Non-private (overfit),0.5259586453794713
HA-01824,Non-private (overfit),-0.311135262263468
HA-01825,Non-private (overfit),0.07373020236147843
HA-01826,Non-private (overfit),-0.9642067993340278
HA-01827,Non-private (overfit),-0.5837317079352009
HA-01828,Non-private (overfit),-0.23262469060941005
HA-01829,Non-private (overfit),0.8278894928485401
HA-01830,Non-private (overfit),-0.28892041388026246
HA-01831,Non-private (overfit),0.17567821234167647
HA-01832,Non-private (overfit),-2.2570596830876806
HA-01833,Non-private (overfit),0.04433290595966444
HA-01834,Non-private (overfit),-1.9533427706049826
HA-01835,Non-private (overfit),0.37344924076341535
HA-01836,Non-private (overfit),-0.27293342145173005
HA-01837,Non-private (overfit),0.6169119896951791
HA-01838,Non-private (overfit),0.6233957243023258
HA-01839,Non-private (overfit),0.6248620999794777
HA-01840,Non-private (overfit),0.5361339923790747
HA-01841,Non-private (overfit),-0.1343791016057705
HA-01842,Non-private (overfit),-0.04757061092903703
HA-01843,Non-private (overfit),-0.21125801109260678
HA-01844,Non-private (overfit),0.0895358625632996
HA-01846,Non-private (overfit),-0.4114397224274171
HA-01847,Non-private (overfit),0.29887991078708365
HA-01848,Non-private (overfit),0.8395352546320733
HA-01849,Non-private (overfit),-0.8739453946173596
HA-01850,Non-private (overfit),-3.048485128242759
HA-01851,Non-private (overfit),-1.4642197029471489
HA-01852,Non-private (overfit),-0.7825188827551459
HA-01853,Non-private (overfit),0.43070495788313656
HA-01854,Non-private (overfit),-0.02066373559543333
HA-01857,Non-private (overfit),0.3456349818293887
HA-01858,Non-private (overfit),0.3151781176790809
HA-01859,Non-private (overfit),0.24402889516122783
HA-01861,Non-private (overfit),-0.13893646186106845
HA-01862,Non-private (overfit),-0.3890067711551195
HA-01863,Non-private (overfit),-0.03269934183349843
HA-01864,Non-private (overfit),-3.0789211177949465
HA-01865,Non-private (overfit),-7.5039985331034975
HA-01866,Non-private (overfit),0.6100452868850614
HA-01867,Non-private (overfit),0.4946016632314152
HA-01868,Non-private (overfit),0.3666894140185134
HA-01869,Non-private (overfit),0.5210289562422804
HA-01871,Non-private (overfit),-0.9635310393966476
HA-01872,Non-private (overfit),-0.12835786396419646
HA-01873,Non-private (overfit),1.1270208086647187
HA-01874,Non-private (overfit),-0.6492118811248782
HA-01875,Non-private (overfit),-0.08494321143785721
HA-01876,Non-private (overfit),0.3462962654187871
HA-01877,Non-private (overfit),0.33624649295725084
HA-01878,Non-private (overfit),0.1908931727752028
HA-01879,Non-private (overfit),-0.6647689906489953
HA-01880,Non-private (overfit),-0.4758069383077401
HA-01882,Non-private (overfit),0.25441392483961933
HA-01883,Non-private (overfit),0.4344935900969291
HA-01884,Non-private (overfit),0.49135456597689253
HA-01885,Non-private (overfit),0.4461946621937358
HA-01886,Non-private (overfit),-0.125799442459966
HA-01887,Non-private (overfit),-0.13014602471085412
HA-01888,Non-private (overfit),-0.5493247960686889
HA-01893,Non-private (overfit),0.06590320479204159
HA-01894,Non-private (overfit),0.5628124062477019
HA-01895,Non-private (overfit),0.03828490639828441
HA-01897,Non-private (overfit),-0.20346763187506012
HA-01898,Non-private (overfit),-0.10794316690585748
HA-01899,Non-private (overfit),0.1479887623171252
HA-01900,Non-private (overfit),0.36080352609649724
HA-01901,Non-private (overfit),0.14809015425239647
HA-01902,Non-private (overfit),2.511337103984106
HA-01903,Non-private (overfit),-0.7477539158074409
HA-01904,Non-private (overfit),0.5831397206720483
HA-01905,Non-private (overfit),-0.08485057379871774
HA-01906,Non-private (overfit),-0.2154821040747823
HA-01907,Non-private (overfit),0.4762757346200889
HA-01909,Non-private (overfit),0.1185512715842878
HA-01910,Non-private (overfit),0.1675712018253308
HA-01911,Non-private (overfit),-0.7289677289563534
HA-01913,Non-private (overfit),0.11160919546404624
HA-01914,Non-private (overfit),0.5744842850707854
HA-01915,Non-private (overfit),0.4950018705909801
HA-01916,Non-private (overfit),-0.41981851917085633
HA-01917,Non-private (overfit),-0.10027556848976693
HA-01918,Non-private (overfit),-0.8752295294679211
HA-01919,Non-private (overfit),0.13786082946883726
HA-01920,Non-private (overfit),0.6024287821137426
HA-01921,Non-private (overfit),-0.3143771216879607
HA-01923,Non-private (overfit),0.40539120721651334
HA-01924,Non-private (overfit),-0.0024443494633463736
HA-01925,Non-private (overfit),0.4385335337251175
HA-01926,Non-private (overfit),0.5892590226568484
HA-01927,Non-private (overfit),0.22194900498787162
HA-01928,Non-private (overfit),-0.11307976507366369
HA-01929,Non-private (overfit),0.27486214655700525
HA-01930,Non-private (overfit),-1.092696610156271
HA-01931,Non-private (overfit),0.6748271556825043
HA-01932,Non-private (overfit),0.8050326549598823
HA-01934,Non-private (overfit),-0.07847561738534636
HA-01935,Non-private (overfit),-0.49320096077259934
HA-01937,Non-private (overfit),1.565593108120015
HA-01938,Non-private (overfit),-0.13243537841483444
HA-01939,Non-private (overfit),0.45598803813565514
HA-01940,Non-private (overfit),-0.31041401551333103
HA-01941,Non-private (overfit),-0.4652148266871867
HA-01942,Non-private (overfit),-0.2749255078395936
HA-01943,Non-private (overfit),-0.37943669893025134
HA-01944,Non-private (overfit),-0.4248555707515487
HA-01945,Non-private (overfit),-0.24038654672106197
HA-01946,Non-private (overfit),-0.8041599952383409
HA-01948,Non-private (overfit),-0.1392619477096303
HA-01949,Non-private (overfit),0.4157345198864084
HA-01950,Non-private (overfit),0.28690738159426155
HA-01951,Non-private (overfit),0.21834708611005504
HA-01952,Non-private (overfit),0.9416788829490998
HA-01953,Non-private (overfit),-0.45819293264127303
HA-01954,Non-private (overfit),0.07120956065255357
HA-01955,Non-private (overfit),-0.22146090275445385
HA-01956,Non-private (overfit),-2.848083484007175
HA-01957,Non-private (overfit),0.0025391530822811426
HA-01959,Non-private (overfit),-0.3720895503341366
HA-01961,Non-private (overfit),-0.5417890410017399
HA-01962,Non-private (overfit),0.05013494201699209
HA-01963,Non-private (overfit),0.3814618575384424
HA-01964,Non-private (overfit),-1.8117939048400624
HA-01965,Non-private (overfit),0.3941855745722491
HA-01966,Non-private (overfit),-0.015307381246176366
HA-01967,Non-private (overfit),-0.13831613564532064
HA-01968,Non-private (overfit),0.11085332503534717
HA-01969,Non-private (overfit),-0.15558992134157945
HA-01970,Non-private (overfit),-0.05336921824709728
HA-01971,Non-private (overfit),0.3861368015295783
HA-01972,Non-private (overfit),0.49763694696359984
HA-01973,Non-private (overfit),-0.07804613859568588
HA-01974,Non-private (overfit),-0.016556078416936515
HA-01975,Non-private (overfit),0.14320637797789937
HA-01976,Non-private (overfit),-0.5912372956347398
HA-01977,Non-private (overfit),-0.601087284443685
HA-01978,Non-private (overfit),1.2769407879082304
HA-01979,Non-private (overfit),-0.5515727558365582
HA-01980,Non-private (overfit),-0.08439847408946133
HA-01981,Non-private (overfit),-0.18815865618598426
HA-01982,Non-private (overfit),-0.15347015177402423
HA-01983,Non-private (overfit),-0.10061994062577173
HA-01984,Non-private (overfit),0.3981670800208985
HA-01986,Non-private (overfit),-0.15958660579093875
HA-01987,Non-private (overfit),0.9024332248512148
HA-01988,Non-private (overfit),0.4531524472213423
HA-01989,Non-private (overfit),0.10400767939085231
HA-01990,Non-private (overfit),0.28383825976858135
HA-01991,Non-private (overfit),0.26894095236088833
HA-01992,Non-private (overfit),0.3531779377638396
HA-01993,Non-private (overfit),-0.05244287844324491
HA-01994,Non-private (overfit),-0.08150636427610614
HA-01996,Non-private (overfit),-0.0450450470856838
HA-01997,Non-private (overfit),-2.940953298452418
HA-01998,Non-private (overfit),-0.9105733420754565
HA-01999,Non-private (overfit),0.20449111151183663
HA-02000,Non-private (overfit),-0.22033222019044385
HA-02001,Non-private (overfit),-0.0650321879978244
HA-02002,Non-private (overfit),-0.3696819846785049
HA-02003,Non-private (overfit),-0.1568348389374754
HA-02004,Non-private (overfit),0.3476070806788778
HA-02005,Non-private (overfit),-0.25566193264959525
HA-02006,Non-private (overfit),-0.4500836159451863
HA-02008,Non-private (overfit),0.4485230664069082
HA-02009,Non-private (overfit),0.4185154954140189
HA-02011,Non-private (overfit),0.5517979258264494
HA-02012,Non-private (overfit),-0.36565111764555813
HA-02013,Non-private (overfit),0.1033260817499495
HA-02014,Non-private (overfit),-0.3373033285934972
HA-02015,Non-private (overfit),-0.1881680815781246
HA-02016,Non-private (overfit),0.16894011247083496
HA-02017,Non-private (overfit),0.042445801011290474
HA-02018,Non-private (overfit),0.13539425496306956
HA-02019,Non-private (overfit),0.17999009383003695
HA-02020,Non-private (overfit),-1.2114803835505485
HA-02021,Non-private (overfit),4.145397190042978
HA-02023,Non-private (overfit),0.3390446387660957
HA-02024,Non-private (overfit),0.008352654860338538
HA-02025,Non-private (overfit),-0.06958542970314419
HA-02026,Non-private (overfit),0.3336361425275589
HA-02028,Non-private (overfit),0.5620262341393873
HA-02029,Non-private (overfit),-0.012481351409477037
HA-02030,Non-private (overfit),-0.2679007691990858
HA-02031,Non-private (overfit),-0.0675948709768015
HA-02032,Non-private (overfit),0.2614006640115951
HA-02033,Non-private (overfit),-0.6896713316971121
HA-02034,Non-private (overfit),-0.005801602590055133
HA-02035,Non-private (overfit),0.31710486608600785
HA-02036,Non-private (overfit),0.5588684812013653
HA-02037,Non-private (overfit),0.1731255065093571
HA-02038,Non-private (overfit),0.9390900665687942
HA-02039,Non-private (overfit),-0.5059386290164998
HA-02040,Non-private (overfit),0.08436460856152417
HA-02041,Non-private (overfit),-0.42185442866533496
HA-02042,Non-private (overfit),-0.5155226318239734
HA-02043,Non-private (overfit),-0.08898073978563481
HA-02044,Non-private (overfit),-0.8585686036962108
HA-02045,Non-private (overfit),0.01833284064523566
HA-02046,Non-private (overfit),0.049815095460683745
HA-02047,Non-private (overfit),-0.49369614836269893
HA-02048,Non-private (overfit),-0.32652277931993146
HA-02049,Non-private (overfit),0.2884949451437524
HA-02050,Non-private (overfit),-0.2382965610335448
HA-02051,Non-private (overfit),-0.2489232894786938
HA-02052,Non-private (overfit),0.5736307349162882
HA-02053,Non-private (overfit),0.1400529183573771
HA-02054,Non-private (overfit),0.11120691820442219
HA-02056,Non-private (overfit),0.0049509643292311445
HA-02057,Non-private (overfit),-0.15719725891031877
HA-02059,Non-private (overfit),-0.5773080393207117
HA-02060,Non-private (overfit),-0.8243503606320588
HA-02061,Non-private (overfit),-0.8993528981164142
HA-02062,Non-private (overfit),0.34663074134523764
HA-02063,Non-private (overfit),-0.015851267606534547
HA-02065,Non-private (overfit),-0.24731396469003242
HA-02067,Non-private (overfit),0.38388930508500596
HA-02068,Non-private (overfit),0.008535856005428055
HA-02069,Non-private (overfit),-0.0474712997761908
HA-02070,Non-private (overfit),-0.39561616088568585
HA-02071,Non-private (overfit),0.254482496710727
HA-02072,Non-private (overfit),0.10079892852131311
HA-02073,Non-private (overfit),-0.3054292047906033
HA-02074,Non-private (overfit),0.07216757675579633
HA-02075,Non-private (overfit),0.25809845673337295
HA-02076,Non-private (overfit),-0.04672834907751788
HA-02077,Non-private (overfit),0.26125116580326946
HA-02079,Non-private (overfit),0.3428068266871742
HA-02080,Non-private (overfit),-0.7166360217505945
HA-02081,Non-private (overfit),-0.1295591404348655
HA-02082,Non-private (overfit),-0.14855863771655398
HA-02083,Non-private (overfit),0.20080209557988704
HA-02084,Non-private (overfit),-0.056231700109264704
HA-02086,Non-private (overfit),-3.805008420140693
HA-02087,Non-private (overfit),-0.2759636673058026
HA-02088,Non-private (overfit),-0.26863591082938487
HA-02090,Non-private (overfit),-0.58371341109856
HA-02091,Non-private (overfit),0.17864501195641824
HA-02092,Non-private (overfit),0.4911552793833849
HA-02093,Non-private (overfit),0.20657687223727983
HA-02094,Non-private (overfit),0.6817138459230265
HA-02095,Non-private (overfit),-0.48464385539020993
HA-02096,Non-private (overfit),0.1044169358170628
HA-02097,Non-private (overfit),0.4268659933204271
HA-02099,Non-private (overfit),-0.0907174096161143
HA-02100,Non-private (overfit),0.2652464212018548
HA-02101,Non-private (overfit),0.23450582985870172
HA-02102,Non-private (overfit),-0.3104098778621296
HA-02103,Non-private (overfit),-0.45208618412576573
HA-02104,Non-private (overfit),-1.9718953126440288
HA-02105,Non-private (overfit),2.915231880465293
HA-02106,Non-private (overfit),1.0606850108852484
HA-02107,Non-private (overfit),-0.5998374324193279
HA-02108,Non-private (overfit),-0.42781368811840226
HA-02109,Non-private (overfit),0.31536030141685156
HA-02110,Non-private (overfit),-2.9747406167638664
HA-02111,Non-private (overfit),-6.978876246755249
HA-02112,Non-private (overfit),-0.2861253939072018
HA-02113,Non-private (overfit),0.3689873197438195
HA-02114,Non-private (overfit),0.5109754563314444
HA-02115,Non-private (overfit),0.16492890418857586
HA-02116,Non-private (overfit),-0.5372816701206529
HA-02118,Non-private (overfit),0.960169067334897
HA-02119,Non-private (overfit),0.6226183421370481
HA-02120,Non-private (overfit),0.26259612381178443
HA-02121,Non-private (overfit),-0.36674365804368536
HA-02122,Non-private (overfit),0.050740057247982806
HA-02123,Non-private (overfit),0.008521541062710192
HA-02124,Non-private (overfit),-0.3894070370264284
HA-02125,Non-private (overfit),0.05044945420161673
HA-02126,Non-private (overfit),-0.0218899514137334
HA-02127,Non-private (overfit),0.0488289362379386
HA-02128,Non-private (overfit),-0.28829571391030717
HA-02129,Non-private (overfit),-1.1872487384761907
HA-02130,Non-private (overfit),-0.7760217553078008
HA-02131,Non-private (overfit),2.216265224606925
HA-02132,Non-private (overfit),-0.02646836119369489
HA-02133,Non-private (overfit),0.03815971063705681
HA-02134,Non-private (overfit),0.15694629291949602
HA-02135,Non-private (overfit),-0.7658694440787299
HA-02136,Non-private (overfit),-0.5784807329608423
HA-02138,Non-private (overfit),-0.44198380063997345
HA-02139,Non-private (overfit),-0.7569733317611149
HA-02140,Non-private (overfit),-0.12400277185263064
HA-02141,Non-private (overfit),-1.0364731464357728
HA-02143,Non-private (overfit),-0.015366673762988725
HA-02144,Non-private (overfit),0.4121097351909524
HA-02145,Non-private (overfit),0.3929551641142468
HA-02146,Non-private (overfit),0.26814341275301956
HA-02147,Non-private (overfit),-0.9638335798297091
HA-02148,Non-private (overfit),0.32891260256016874
HA-02150,Non-private (overfit),-0.14652433517991592
HA-02152,Non-private (overfit),0.2743668321718622
HA-02154,Non-private (overfit),-0.08980222142987548
HA-02155,Non-private (overfit),0.22052124845394894
HA-02157,Non-private (overfit),0.4116030829864421
HA-02160,Non-private (overfit),0.15334552507017418
HA-02161,Non-private (overfit),0.3916473249033601
HA-02162,Non-private (overfit),-0.0016483653080090477
HA-02163,Non-private (overfit),-0.037825604047108774
HA-02164,Non-private (overfit),-0.04446234038133179
HA-02165,Non-private (overfit),-0.5421054126102234
HA-02166,Non-private (overfit),0.019546527785351486
HA-02167,Non-private (overfit),0.2662821111311031
HA-02168,Non-private (overfit),0.5608589167528368
HA-02169,Non-private (overfit),0.5410541841879177
HA-02170,Non-private (overfit),0.4062488806853122
HA-02171,Non-private (overfit),-0.21432803851316584
HA-02172,Non-private (overfit),0.9209797119295009
HA-02173,Non-private (overfit),-0.21787694264077406
HA-02174,Non-private (overfit),0.14559491773976574
HA-02175,Non-private (overfit),-0.04770681286317946
HA-02176,Non-private (overfit),-0.013313697119627932
HA-02177,Non-private (overfit),0.6009024714332746
HA-02178,Non-private (overfit),0.5812149194198959
HA-02179,Non-private (overfit),-0.38122715307487276
HA-02180,Non-private (overfit),-0.017283072091396345
HA-02181,Non-private (overfit),0.8582493775809912
HA-02182,Non-private (overfit),-0.36170069633985746
HA-02183,Non-private (overfit),0.7256929868130391
HA-02185,Non-private (overfit),-0.2401227584396688
HA-02186,Non-private (overfit),-0.25991735648234293
HA-02187,Non-private (overfit),-0.10392910875275019
HA-02188,Non-private (overfit),-0.028047297827783035
HA-02190,Non-private (overfit),-0.3360578774939027
HA-02191,Non-private (overfit),0.34270781809863826
HA-02192,Non-private (overfit),-0.45963293235623004
HA-02193,Non-private (overfit),-0.12718357679879744
HA-02194,Non-private (overfit),0.17589538766727308
HA-02195,Non-private (overfit),-0.26792910841573647
HA-02196,Non-private (overfit),0.6131930713576261
HA-02197,Non-private (overfit),-1.0853157457068203
HA-02198,Non-private (overfit),-0.020043056984826668
HA-02199,Non-private (overfit),-0.18261146964707908
HA-02200,Non-private (overfit),0.05395555443623512
HA-02201,Non-private (overfit),0.7611124422913227
HA-02202,Non-private (overfit),-0.31965006210338864
HA-02203,Non-private (overfit),0.2156449221380693
HA-02204,Non-private (overfit),0.003611881077196344
HA-02205,Non-private (overfit),0.12034876954278473
HA-02207,Non-private (overfit),-0.18111911454392393
HA-02208,Non-private (overfit),-0.46097377752781565
HA-02209,Non-private (overfit),0.6952954211437935
HA-02210,Non-private (overfit),0.22382123039462853
HA-02211,Non-private (overfit),0.5284546557567479
HA-02212,Non-private (overfit),0.3733587577203019
HA-02213,Non-private (overfit),0.13975308968331812
HA-02214,Non-private (overfit),-0.2104689588276738
HA-02215,Non-private (overfit),0.39760548474166724
HA-02216,Non-private (overfit),0.8404111347650394
HA-02217,Non-private (overfit),0.34731614533553934
HA-02218,Non-private (overfit),-0.045609509564262796
HA-02219,Non-private (overfit),0.8254336328967136
HA-02220,Non-private (overfit),-1.1064598674547617
HA-02221,Non-private (overfit),0.19622773135516258
HA-02222,Non-private (overfit),0.770041894021471
HA-02223,Non-private (overfit),0.07405169464927885
HA-02224,Non-private (overfit),-1.1298119739781063
HA-02225,Non-private (overfit),0.512992592318271
HA-02226,Non-private (overfit),0.6159357938170276
HA-02227,Non-private (overfit),-0.239172583287667
HA-02228,Non-private (overfit),-0.1777152226707286
HA-02230,Non-private (overfit),0.1533937877488496
HA-02231,Non-private (overfit),0.04586237296086315
HA-02232,Non-private (overfit),0.09667486489338084
HA-02233,Non-private (overfit),0.6193874390276899
HA-02234,Non-private (overfit),-0.06417933644554763
HA-02235,Non-private (overfit),-0.3718335345693764
HA-02236,Non-private (overfit),0.06449969720395332
HA-02238,Non-private (overfit),-0.22686855027875197
HA-02239,Non-private (overfit),0.17154382040110794
HA-02240,Non-private (overfit),0.7509064931435361
HA-02241,Non-private (overfit),0.18095033014559048
HA-02242,Non-private (overfit),0.20310267361410683
HA-02243,Non-private (overfit),0.808825528528697
HA-02244,Non-private (overfit),-0.023621131150235675
HA-02245,Non-private (overfit),0.44969706922311636
HA-02246,Non-private (overfit),0.20225455230345935
HA-02250,Non-private (overfit),0.17336176514807977
HA-02251,Non-private (overfit),-0.22707164214833786
HA-02252,Non-private (overfit),1.2648986297145006
HA-02253,Non-private (overfit),0.664774663780312
HA-02254,Non-private (overfit),0.5988670688608786
HA-02255,Non-private (overfit),-0.20126723233991972
HA-02257,Non-private (overfit),0.2279549650449304
HA-02258,Non-private (overfit),0.41476857732144723
HA-02260,Non-private (overfit),0.6647278032592236
HA-02261,Non-private (overfit),0.7636460869398904
HA-02262,Non-private (overfit),0.30152661574520556
HA-02263,Non-private (overfit),0.545228432101827
HA-02264,Non-private (overfit),-0.38873647350234586
HA-02265,Non-private (overfit),1.0805911983383203
HA-02266,Non-private (overfit),0.5435326040913433
HA-02267,Non-private (overfit),-3.3710988500302044
HA-02268,Non-private (overfit),-5.180069681425939
HA-02269,Non-private (overfit),0.10291313887239273
HA-02270,Non-private (overfit),-0.3724495472838887
HA-02271,Non-private (overfit),0.3197189025784182
HA-02272,Non-private (overfit),-0.01566104725077344
HA-02273,Non-private (overfit),-0.0894489875657376
HA-02274,Non-private (overfit),0.26024449380604664
HA-02275,Non-private (overfit),-18.11509068912284
HA-02276,Non-private (overfit),0.18999541927538566
HA-02278,Non-private (overfit),-0.21602129025425088
HA-02279,Non-private (overfit),-0.42034824957419425
HA-02280,Non-private (overfit),0.5878267431013455
HA-02281,Non-private (overfit),0.35110874380017354
HA-02283,Non-private (overfit),-0.08101843017922117
HA-02284,Non-private (overfit),-0.01739421633068916
HA-02285,Non-private (overfit),-0.11338739865269609
HA-02286,Non-private (overfit),0.03485204557638699
HA-02287,Non-private (overfit),-0.49574284947624936
HA-02288,Non-private (overfit),1.0182255124879263
HA-02289,Non-private (overfit),-0.4295786552139802
HA-02290,Non-private (overfit),-3.077083080412077
HA-02291,Non-private (overfit),-0.14725336806998857
HA-02292,Non-private (overfit),0.1847087547273989
HA-02293,Non-private (overfit),0.12370974739759133
HA-02294,Non-private (overfit),-1.1369269828855375
HA-02295,Non-private (overfit),0.37301642501612053
HA-02296,Non-private (overfit),-0.05196223838968472
HA-02297,Non-private (overfit),-0.3381331597704553
HA-02298,Non-private (overfit),-0.7197579094613415
HA-02299,Non-private (overfit),-0.2772948297805603
HA-02300,Non-private (overfit),-0.07368729552656639
HA-02301,Non-private (overfit),-0.0540341803108606
HA-02302,Non-private (overfit),-0.49243779771279605
HA-02303,Non-private (overfit),-0.33331781983634223
HA-02304,Non-private (overfit),-0.3991505568679419
HA-02305,Non-private (overfit),2.8737332251690653
HA-02306,Non-private (overfit),0.19597420526160847
HA-02307,Non-private (overfit),0.4991792531620942
HA-02308,Non-private (overfit),-0.4461934825529488
HA-02309,Non-private (overfit),-0.22561791832956957
HA-02310,Non-private (overfit),-0.7705131810194644
HA-02311,Non-private (overfit),-1.2355781429227113
HA-02313,Non-private (overfit),0.2585979374214138
HA-02314,Non-private (overfit),1.4805890722062949
HA-02315,Non-private (overfit),-0.23323835236000634
HA-02316,Non-private (overfit),0.04745786073621927
HA-02317,Non-private (overfit),0.5087412904878101
HA-02318,Non-private (overfit),-0.07550911300949315
HA-02319,Non-private (overfit),-0.17796473266023005
HA-02320,Non-private (overfit),-0.029885595616835126
HA-02321,Non-private (overfit),-0.4160941786289156
HA-02322,Non-private (overfit),-0.33168925587270537
HA-02323,Non-private (overfit),-0.5158277179064865
HA-02325,Non-private (overfit),-0.0411129286418348
HA-02326,Non-private (overfit),-0.20837400497653902
HA-02327,Non-private (overfit),0.15017381312220968
HA-02328,Non-private (overfit),-0.829722040913641
HA-02329,Non-private (overfit),-0.005426979157374667
HA-02330,Non-private (overfit),0.9737642901409709
HA-02331,Non-private (overfit),0.14766338597059636
HA-02332,Non-private (overfit),-0.10462124013880492
HA-02333,Non-private (overfit),-0.24910253566252738
HA-02334,Non-private (overfit),0.056785115484524695
HA-02335,Non-private (overfit),-0.0012099305933734872
HA-02336,Non-private (overfit),0.16621605958442487
HA-02337,Non-private (overfit),0.6599083857103689
HA-02339,Non-private (overfit),-0.3990308124637644
HA-02340,Non-private (overfit),0.32717282868059994
HA-02341,Non-private (overfit),0.083895762351753
HA-02342,Non-private (overfit),0.23028385971260956
HA-02343,Non-private (overfit),-0.08138533670775372
HA-02344,Non-private (overfit),0.20295074178176753
HA-02345,Non-private (overfit),-0.8427692359008713
HA-02346,Non-private (overfit),0.3364182969924574
HA-02347,Non-private (overfit),0.30707799784285855
HA-02348,Non-private (overfit),-0.049991478498349284
HA-02349,Non-private (overfit),0.380143610005063
HA-02350,Non-private (overfit),0.7683972370779691
HA-02351,Non-private (overfit),0.028760463375018697
HA-02352,Non-private (overfit),0.18212623850144327
HA-02353,Non-private (overfit),0.30569736195830055
HA-02354,Non-private (overfit),0.5154257792596073
HA-02355,Non-private (overfit),-0.03915177013090254
HA-02356,Non-private (overfit),0.5658655967861015
HA-02357,Non-private (overfit),-0.48404075758981424
HA-02358,Non-private (overfit),2.078301947234112
HA-02359,Non-private (overfit),-0.11926456189449386
HA-02360,Non-private (overfit),-0.08205003190721838
HA-02361,Non-private (overfit),0.19772487867650712
HA-02362,Non-private (overfit),-0.21850967022199597
HA-02363,Non-private (overfit),-5.261227002642485
HA-02365,Non-private (overfit),2.1103237778008626
HA-02367,Non-private (overfit),0.02101705239765672
HA-02368,Non-private (overfit),-0.013540076825225622
HA-02369,Non-private (overfit),-0.18199682882690693
HA-02370,Non-private (overfit),0.1244503653575072
HA-02371,Non-private (overfit),-0.5258736462076128
HA-02372,Non-private (overfit),0.6713020608427895
HA-02373,Non-private (overfit),-0.3251213190873774
HA-02374,Non-private (overfit),0.3006992311578911
HA-02375,Non-private (overfit),-0.16606233688888095
HA-02376,Non-private (overfit),-0.2354240416308968
HA-02377,Non-private (overfit),0.17648870203954403
HA-02378,Non-private (overfit),-0.356877881093848
HA-02379,Non-private (overfit),0.09278000359255856
HA-02380,Non-private (overfit),-1.4957755471013754
HA-02381,Non-private (overfit),-0.03018897953740929
HA-02382,Non-private (overfit),0.35575710695677043
HA-02383,Non-private (overfit),0.08379335563727364
HA-02384,Non-private (overfit),0.9976605550050062
HA-02385,Non-private (overfit),-0.13151300375262132
HA-02386,Non-private (overfit),0.4598708976995318
HA-02388,Non-private (overfit),0.0022620335619816245
HA-02389,Non-private (overfit),0.36801740294660723
HA-02390,Non-private (overfit),0.18269087243192894
HA-02391,Non-private (overfit),-0.4260368807819108
HA-02392,Non-private (overfit),0.8285276592108042
HA-02393,Non-private (overfit),-0.06379465198294976
HA-02394,Non-private (overfit),-0.15464661997121376
HA-02395,Non-private (overfit),-0.13580354106056547
HA-02396,Non-private (overfit),0.8957321396590714
HA-02397,Non-private (overfit),0.22013010319275517
HA-02398,Non-private (overfit),0.2723980074307133
HA-02399,Non-private (overfit),-1.9484154613073992
HA-02400,Non-private (overfit),0.6247278532069162
HA-02401,Non-private (overfit),0.0649598123452726
HA-02402,Non-private (overfit),0.4723226920284376
HA-02403,Non-private (overfit),1.071018785017863
HA-02404,Non-private (overfit),0.05085974273394622
HA-02405,Non-private (overfit),0.05381507967338095
HA-02406,Non-private (overfit),0.7638332435151307
HA-02408,Non-private (overfit),0.33523885001858966
HA-02409,Non-private (overfit),0.2687188457160683
HA-02411,Non-private (overfit),0.7407405117784558
HA-02412,Non-private (overfit),0.6825408592863842
HA-02413,Non-private (overfit),0.23770127659018536
HA-02414,Non-private (overfit),-0.7405320976849203
HA-02415,Non-private (overfit),0.7840541573631188
HA-02416,Non-private (overfit),0.29836982162363124
HA-02417,Non-private (overfit),-1.987839511865357
HA-02418,Non-private (overfit),-0.7695801555401061
HA-02419,Non-private (overfit),0.16909375024149154
HA-02420,Non-private (overfit),-0.3393263294950355
HA-02421,Non-private (overfit),0.9999590979434834
HA-02422,Non-private (overfit),-0.1567437643975318
HA-02424,Non-private (overfit),-2.2528167414436124
HA-02425,Non-private (overfit),0.8709268000046733
HA-02426,Non-private (overfit),0.5008965419537641
HA-02427,Non-private (overfit),-0.20748518456165033
HA-02428,Non-private (overfit),-0.5665343071527478
HA-02429,Non-private (overfit),-0.28020178720587585
HA-02430,Non-private (overfit),0.810886421188233
HA-02431,Non-private (overfit),0.41425422027779657
HA-02432,Non-private (overfit),0.034904014560533825
HA-02433,Non-private (overfit),0.820461791080021
HA-02434,Non-private (overfit),-0.009329620057790144
HA-02435,Non-private (overfit),0.07435240972733559
HA-02436,Non-private (overfit),-0.08676861710811679
HA-02437,Non-private (overfit),1.08821804982312
HA-02439,Non-private (overfit),1.0297860613267367
HA-02440,Non-private (overfit),0.09227559862126422
HA-02441,Non-private (overfit),-0.006086868915650134
HA-02442,Non-private (overfit),0.29225511656403325
HA-02443,Non-private (overfit),0.36675875070302055
HA-02444,Non-private (overfit),0.47900936624665214
HA-02445,Non-private (overfit),0.2152703283740558
HA-02446,Non-private (overfit),0.5650433526328875
HA-02447,Non-private (overfit),0.26108962646308176
HA-02448,Non-private (overfit),0.2268872174240375
HA-02449,Non-private (overfit),0.25593695553036755
HA-02450,Non-private (overfit),-0.369791159016041
HA-02451,Non-private (overfit),-0.20336243484704442
HA-02452,Non-private (overfit),-0.574244103617096
HA-02453,Non-private (overfit),0.6928811340586868
HA-02454,Non-private (overfit),0.13105961280534761
HA-02456,Non-private (overfit),-0.000561096643210135
HA-02457,Non-private (overfit),-0.4555244759488746
HA-02458,Non-private (overfit),0.21491978812919588
HA-02459,Non-private (overfit),1.1808368178320325
HA-02460,Non-private (overfit),-0.7309293943607158
HA-02461,Non-private (overfit),-0.535862700416027
HA-02462,Non-private (overfit),-0.1802363228662318
HA-02463,Non-private (overfit),-0.01438903947574377
HA-02464,Non-private (overfit),-0.09475584903592726
HA-02465,Non-private (overfit),-0.08159330315981905
HA-02466,Non-private (overfit),0.07096734395764526
HA-02467,Non-private (overfit),0.020078136110101452
HA-02468,Non-private (overfit),0.04925108822361013
HA-02469,Non-private (overfit),-0.30142724239038987
HA-02470,Non-private (overfit),0.21327393913379422
HA-02471,Non-private (overfit),-2.6988654865328314
HA-02472,Non-private (overfit),0.2330062813590681
HA-02473,Non-private (overfit),1.3965385075123788
HA-02474,Non-private (overfit),-0.3225496365322411
HA-02475,Non-private (overfit),-0.39504188985892563
HA-02476,Non-private (overfit),-0.18455855885007777
HA-02477,Non-private (overfit),-0.20355633141630292
HA-02478,Non-private (overfit),0.5461506475338653
HA-02479,Non-private (overfit),0.43603498892625314
HA-02480,Non-private (overfit),0.38911232352493463
HA-02481,Non-private (overfit),-0.06654604520099805
HA-02482,Non-private (overfit),0.30906690184257646
HA-02483,Non-private (overfit),-0.031194416759650512
HA-02484,Non-private (overfit),-0.7669741950460791
HA-02485,Non-private (overfit),0.16438347465280412
HA-02486,Non-private (overfit),0.3086137942843541
HA-02488,Non-private (overfit),0.006225851286694617
HA-02489,Non-private (overfit),0.309681108425335
HA-02490,Non-private (overfit),-0.08248981766989094
HA-02491,Non-private (overfit),0.1374288259351818
HA-02492,Non-private (overfit),0.10311823010028132
HA-02494,Non-private (overfit),0.27646640856566496
HA-02495,Non-private (overfit),-0.40514716334267087
HA-02497,Non-private (overfit),-0.15173541812216418
HA-02498,Non-private (overfit),-0.11480486501689535
HA-02499,Non-private (overfit),-0.00803286958347571
HA-02501,Non-private (overfit),-0.02649536438413347
HA-02502,Non-private (overfit),0.11490754404374215
HA-02503,Non-private (overfit),0.44755533700631056
HA-02504,Non-private (overfit),-0.03711554031012798
HA-02505,Non-private (overfit),0.5925132185263884
HA-02506,Non-private (overfit),0.11079389054336253
HA-02507,Non-private (overfit),0.9748637489365604
HA-02508,Non-private (overfit),0.25275409813359717
HA-02509,Non-private (overfit),0.783431181809215
HA-02510,Non-private (overfit),-0.3000144635930244
HA-02511,Non-private (overfit),-3.227761159325883
HA-02512,Non-private (overfit),0.3016426075689964
HA-02513,Non-private (overfit),0.23950865414504086
HA-02514,Non-private (overfit),0.4157257239611478
HA-02515,Non-private (overfit),-0.03516033544573771
HA-02516,Non-private (overfit),0.45384554851732983
HA-02517,Non-private (overfit),-0.20634811763656802
HA-02518,Non-private (overfit),-0.07083190068941159
HA-02520,Non-private (overfit),-0.08256681008378886
HA-02521,Non-private (overfit),0.18997608478515948
HA-02522,Non-private (overfit),0.30541075834553033
HA-02523,Non-private (overfit),-0.1544347763167282
HA-02524,Non-private (overfit),-0.17131413586212196
HA-02526,Non-private (overfit),0.18572886886393786
HA-02527,Non-private (overfit),1.2254949298558921
HA-02528,Non-private (overfit),-0.399191535584305
HA-02529,Non-private (overfit),0.14541914099004138
HA-02530,Non-private (overfit),-0.0659350683998845
HA-02531,Non-private (overfit),0.8145898318481375
HA-02532,Non-private (overfit),0.14226926445566024
HA-02533,Non-private (overfit),-0.49234872264427565
HA-02534,Non-private (overfit),0.09916550444304773
HA-02535,Non-private (overfit),0.4714772126820055
HA-02536,Non-private (overfit),-0.14030488075615732
HA-02537,Non-private (overfit),0.6210691527240353
HA-02538,Non-private (overfit),0.014738165782087975
HA-02539,Non-private (overfit),0.47893848835514574
HA-02541,Non-private (overfit),-1.1996318725597657
HA-02542,Non-private (overfit),-0.11227915813366685
HA-02543,Non-private (overfit),-0.3638408358818559
HA-02544,Non-private (overfit),0.17014066628336044
HA-02546,Non-private (overfit),-0.2820082038627896
HA-02548,Non-private (overfit),-0.049858643704564276
HA-02549,Non-private (overfit),0.2732320139615636
HA-02550,Non-private (overfit),0.45158617381895844
HA-02551,Non-private (overfit),-1.6130206513354979
HA-02552,Non-private (overfit),-0.03873284797822363
HA-02553,Non-private (overfit),-0.3152106626667026
HA-02554,Non-private (overfit),-0.16400043816415866
HA-02555,Non-private (overfit),-0.3708962531317721
HA-02556,Non-private (overfit),0.7407965251463124
HA-02557,Non-private (overfit),0.2644714862148876
HA-02558,Non-private (overfit),-0.30632881615028584
HA-02559,Non-private (overfit),-1.300108224559395
HA-02560,Non-private (overfit),-1.5475328224527756
HA-02563,Non-private (overfit),0.21688234802614947
HA-02564,Non-private (overfit),0.29500348406836463
HA-02565,Non-private (overfit),0.5133837144771836
HA-02566,Non-private (overfit),-0.4358495410388308
HA-02567,Non-private (overfit),0.9727002208225177
HA-02568,Non-private (overfit),0.7558985420479638
HA-02569,Non-private (overfit),-0.4364659631970067
HA-02570,Non-private (overfit),-0.16166260976157665
HA-02571,Non-private (overfit),0.1286285580884743
HA-02572,Non-private (overfit),0.307862495980737
HA-02573,Non-private (overfit),0.0024364922541721956
HA-02574,Non-private (overfit),0.26944123804194064
HA-02575,Non-private (overfit),0.2564980290253245
HA-02576,Non-private (overfit),0.7589936799291143
HA-02577,Non-private (overfit),0.18587525238225977
HA-02578,Non-private (overfit),0.1772977519976282
HA-02579,Non-private (overfit),0.6765447951547514
HA-02580,Non-private (overfit),-11.557866195155663
HA-02581,Non-private (overfit),-0.5362700562337481
HA-02582,Non-private (overfit),0.4831799308156469
HA-02583,Non-private (overfit),-0.11762558437759152
HA-02584,Non-private (overfit),-0.12291135710599166
HA-02585,Non-private (overfit),0.48837352859979943
HA-02586,Non-private (overfit),1.121770249938031
HA-02587,Non-private (overfit),0.04556488010290338
HA-02588,Non-private (overfit),-0.0978745775238441
HA-02589,Non-private (overfit),-0.3228991632236091
HA-02590,Non-private (overfit),-0.5213553916937528
HA-02591,Non-private (overfit),-0.27747042259012034
HA-02592,Non-private (overfit),0.882738253655331
HA-02593,Non-private (overfit),-0.1246004094651032
HA-02594,Non-private (overfit),-0.7381969981521641
HA-02595,Non-private (overfit),-0.26308113998672966
HA-02596,Non-private (overfit),0.24809369828907002
HA-02597,Non-private (overfit),0.2577742588083358
HA-02598,Non-private (overfit),0.20646789822119738
HA-02599,Non-private (overfit),-0.19506776731972542
HA-02600,Non-private (overfit),0.23558004795356569
HA-02601,Non-private (overfit),-0.09767650935910188
HA-02602,Non-private (overfit),-1.1609816577907819
HA-02604,Non-private (overfit),0.26955346216860887
HA-02605,Non-private (overfit),0.13968755272450628
HA-02606,Non-private (overfit),0.31408194061167194
HA-02607,Non-private (overfit),0.20558376206682372
HA-02609,Non-private (overfit),-0.4567342277672215
HA-02610,Non-private (overfit),1.4001168235988828
HA-02612,Non-private (overfit),0.49271913388672495
HA-02613,Non-private (overfit),-0.010651958705413689
HA-02614,Non-private (overfit),0.20299855982301707
HA-02615,Non-private (overfit),-1.1113317533810634
HA-02616,Non-private (overfit),-0.0019477131954659388
HA-02617,Non-private (overfit),-0.6107198629024477
HA-02619,Non-private (overfit),0.20393117346482037
HA-02620,Non-private (overfit),-0.2963953979312923
HA-02621,Non-private (overfit),-0.15658320739049503
HA-02622,Non-private (overfit),-0.059072868368523324
HA-02623,Non-private (overfit),-0.45427314237136895
HA-02624,Non-private (overfit),0.04396012009356198
HA-02625,Non-private (overfit),0.19613600048291135
HA-02626,Non-private (overfit),0.47635629939578217
HA-02627,Non-private (overfit),-0.08685601166759183
HA-02628,Non-private (overfit),-0.659944094078162
HA-02629,Non-private (overfit),-1.48855199226513
HA-02630,Non-private (overfit),-0.028227702929394027
HA-02631,Non-private (overfit),0.23811479697484195
HA-02632,Non-private (overfit),0.0014480342034555171
HA-02633,Non-private (overfit),-0.547934724074339
HA-02635,Non-private (overfit),0.022789181421006388
HA-02636,Non-private (overfit),0.3132296745041524
HA-02637,Non-private (overfit),0.5295655819865714
HA-02638,Non-private (overfit),-0.26441373467352425
HA-02639,Non-private (overfit),-0.06828769754753727
HA-02641,Non-private (overfit),-1.4280652267070941
HA-02642,Non-private (overfit),0.5297129153325106
HA-02643,Non-private (overfit),1.0635113194771633
HA-02644,Non-private (overfit),0.49806082199067947
HA-02645,Non-private (overfit),-0.12767728665243172
HA-02646,Non-private (overfit),0.13383310510753188
HA-02647,Non-private (overfit),0.12665859574021687
HA-02648,Non-private (overfit),-0.22302301211455244
HA-02649,Non-private (overfit),0.7245930326636347
HA-02650,Non-private (overfit),0.017469217419472827
HA-02651,Non-private (overfit),-0.3027266344614723
HA-02653,Non-private (overfit),0.11623757519748867
HA-02654,Non-private (overfit),-0.12717438920626178
HA-02656,Non-private (overfit),-0.3183122181074023
HA-02657,Non-private (overfit),0.26111177189671286
HA-02658,Non-private (overfit),-0.4948635165713151
HA-02659,Non-private (overfit),-1.1495431930493885
HA-02660,Non-private (overfit),0.19785804890914704
HA-02661,Non-private (overfit),0.7179901947309384
HA-02662,Non-private (overfit),-0.05541714010612053
HA-02663,Non-private (overfit),0.31757884990328344
HA-02664,Non-private (overfit),0.027079832523653424
HA-02665,Non-private (overfit),0.1935542578338757
HA-02666,Non-private (overfit),0.16094538233850275
HA-02667,Non-private (overfit),0.05000512538574853
HA-02668,Non-private (overfit),0.08591673212587736
HA-02669,Non-private (overfit),0.6849206443550206
HA-02670,Non-private (overfit),0.4495696725129268
HA-02671,Non-private (overfit),-0.22948649291205125
HA-02672,Non-private (overfit),-0.1029098056618587
HA-02673,Non-private (overfit),-0.5066271953273285
HA-02674,Non-private (overfit),-0.7230679610652957
HA-02675,Non-private (overfit),-3.10982517116822
HA-02676,Non-private (overfit),-0.11422040446581005
HA-02677,Non-private (overfit),-0.6436307648439135
HA-02678,Non-private (overfit),-0.3192062171130945
HA-02679,Non-private (overfit),-0.21157947554813505
HA-02680,Non-private (overfit),0.5517980719360027
HA-02681,Non-private (overfit),0.030268484975391363
HA-02682,Non-private (overfit),-0.5473648550533909
HA-02684,Non-private (overfit),0.1921436358623494
HA-02685,Non-private (overfit),-0.02130008582486731
HA-02686,Non-private (overfit),0.9792711230808677
HA-02687,Non-private (overfit),-1.3078939961145954
HA-02688,Non-private (overfit),-0.355147649044663
HA-02689,Non-private (overfit),0.11115731464615419
HA-02690,Non-private (overfit),0.4504101855930993
HA-02691,Non-private (overfit),-0.644521695246457
HA-02692,Non-private (overfit),0.4035962360421075
HA-02693,Non-private (overfit),1.5727192373434251
HA-02695,Non-private (overfit),0.490910089350574
HA-02696,Non-private (overfit),0.09311083353576755
HA-02697,Non-private (overfit),-0.2885705952242954
HA-02698,Non-private (overfit),0.7068505404656438
HA-02699,Non-private (overfit),-0.0831075490328429
HA-02700,Non-private (overfit),-1.0066655735195478
HA-02701,Non-private (overfit),2.404326647171348
HA-02702,Non-private (overfit),-1.6181925531769907
HA-02703,Non-private (overfit),0.07137303513482612
HA-02704,Non-private (overfit),0.33094772895523983
HA-02705,Non-private (overfit),0.09618278188209173
HA-02706,Non-private (overfit),0.7303299749879252
HA-02707,Non-private (overfit),-0.3434115822740137
HA-02708,Non-private (overfit),-0.12385533295832452
HA-02709,Non-private (overfit),-0.6843486940526227
HA-02710,Non-private (overfit),-0.09003392534188026
HA-02711,Non-private (overfit),-0.22574679091516858
HA-02712,Non-private (overfit),0.2825564650138761
HA-02713,Non-private (overfit),0.6552136975791011
HA-02715,Non-private (overfit),-0.021863930007589016
HA-02716,Non-private (overfit),-0.33077905734316326
HA-02717,Non-private (overfit),-0.0008634462188719105
HA-02718,Non-private (overfit),-4.479761419126557
HA-02719,Non-private (overfit),0.00205915037842197
HA-02720,Non-private (overfit),0.3834968584810755
HA-02721,Non-private (overfit),0.3757671901748729
HA-02722,Non-private (overfit),-0.10744811700634538
HA-02723,Non-private (overfit),-0.06865879367432104
HA-02725,Non-private (overfit),-0.5996557150807253
HA-02726,Non-private (overfit),-0.09424617832466442
HA-02727,Non-private (overfit),0.47417484501265683
HA-02728,Non-private (overfit),-0.29467204996435603
HA-02729,Non-private (overfit),0.18278053131925986
HA-02730,Non-private (overfit),-0.0007859809633730119
HA-02731,Non-private (overfit),-0.4039408341957116
HA-02732,Non-private (overfit),-0.0014831357137126133
HA-02733,Non-private (overfit),0.5012221466486989
HA-02734,Non-private (overfit),-0.25417261365334154
HA-02735,Non-private (overfit),0.291569637573585
HA-02736,Non-private (overfit),0.45914808480540525
HA-02737,Non-private (overfit),0.41865757815429205
HA-02738,Non-private (overfit),0.8960030113181776
HA-02739,Non-private (overfit),2.67849643512613
HA-02740,Non-private (overfit),0.39606441391965674
HA-02741,Non-private (overfit),-0.1572807912724794
HA-02742,Non-private (overfit),0.2765248739404482
HA-02743,Non-private (overfit),0.00640798371984852
HA-02744,Non-private (overfit),0.21087425793524783
HA-02745,Non-private (overfit),0.2394770736399835
HA-02747,Non-private (overfit),-0.3536196321956737
HA-02751,Non-private (overfit),-7.568989837771298
HA-02752,Non-private (overfit),0.03274218776119553
HA-02753,Non-private (overfit),0.23270051076066567
HA-02754,Non-private (overfit),-0.0614596936609737
HA-02755,Non-private (overfit),0.2989687821222766
HA-02756,Non-private (overfit),0.188838284891089
HA-02757,Non-private (overfit),0.06358622971687367
HA-02758,Non-private (overfit),0.1326230867264162
HA-02759,Non-private (overfit),0.30349129120705376
HA-02760,Non-private (overfit),-0.5222633717956713
HA-02761,Non-private (overfit),-0.33041934399585204
HA-02762,Non-private (overfit),0.28468620510109255
HA-02763,Non-private (overfit),0.38856863812534703
HA-02764,Non-private (overfit),0.22004679129176385
HA-02765,Non-private (overfit),0.18583928417234574
HA-02766,Non-private (overfit),0.5466614058905863
HA-02767,Non-private (overfit),0.23062013402982684
HA-02768,Non-private (overfit),0.17353559917175276
HA-02769,Non-private (overfit),-0.1321120406044637
HA-02770,Non-private (overfit),-0.204864982972212
HA-02771,Non-private (overfit),0.24738595233550809
HA-02772,Non-private (overfit),-8.737017086112498
HA-02773,Non-private (overfit),-0.18525106449377415
HA-02774,Non-private (overfit),0.34227063019977433
HA-02776,Non-private (overfit),0.2511956239452533
HA-02777,Non-private (overfit),0.20112552222512203
HA-02778,Non-private (overfit),0.8301247660029152
HA-02779,Non-private (overfit),0.22774993361918572
HA-02780,Non-private (overfit),0.0034480614274625676
HA-02781,Non-private (overfit),-0.42785127579379445
HA-02782,Non-private (overfit),-0.35049668635456865
HA-02783,Non-private (overfit),-0.6685511083064437
HA-02784,Non-private (overfit),-0.03889496266961956
HA-02785,Non-private (overfit),0.42208678026659174
HA-02786,Non-private (overfit),-0.24085283979916228
HA-02787,Non-private (overfit),-0.7597367775109014
HA-02789,Non-private (overfit),0.18220961069737784
HA-02790,Non-private (overfit),0.026604182116716224
HA-02791,Non-private (overfit),-0.5830223526752694
HA-02793,Non-private (overfit),1.508597454925537
HA-02794,Non-private (overfit),-0.5489619682376745
HA-02795,Non-private (overfit),0.052625211506189706
HA-02796,Non-private (overfit),0.3967591194527649
HA-02797,Non-private (overfit),-0.07686739543214949
HA-02798,Non-private (overfit),0.03010538480877556
HA-02799,Non-private (overfit),-0.03609617574461921
HA-02800,Non-private (overfit),-0.40646402944915705
HA-02801,Non-private (overfit),-0.08743415395577525
HA-02803,Non-private (overfit),-0.2619836391730721
HA-02804,Non-private (overfit),-0.04844764854203998
HA-02805,Non-private (overfit),0.10885031309693516
HA-02806,Non-private (overfit),-0.2431430709414828
HA-02807,Non-private (overfit),1.3510463719592596
HA-02808,Non-private (overfit),0.19320814162117173
HA-02809,Non-private (overfit),0.2608804965369256
HA-02810,Non-private (overfit),0.38492801692781775
HA-02811,Non-private (overfit),2.4372745608064736
HA-02812,Non-private (overfit),0.09898818217009375
HA-02813,Non-private (overfit),0.015598244930511207
HA-02814,Non-private (overfit),-0.5156161578361522
HA-02815,Non-private (overfit),-0.3431443984036786
HA-02816,Non-private (overfit),0.6216650318718331
HA-02817,Non-private (overfit),-0.04809266785073296
HA-02818,Non-private (overfit),-0.9275641811998421
HA-02820,Non-private (overfit),-0.01521843143546775
HA-02821,Non-private (overfit),0.15750501344583578
HA-02822,Non-private (overfit),-0.4370819716204839
HA-02823,Non-private (overfit),0.18012500902596829
HA-02824,Non-private (overfit),0.0688504527152285
HA-02825,Non-private (overfit),0.07783710356084561
HA-02826,Non-private (overfit),0.14137782883479022
HA-02828,Non-private (overfit),0.10464236368279578
HA-02829,Non-private (overfit),0.2481602598579915
HA-02830,Non-private (overfit),-0.10377461211480199
HA-02831,Non-private (overfit),0.1024760171533472
HA-02832,Non-private (overfit),0.2772752357578403
HA-02833,Non-private (overfit),-0.10785073181851068
HA-02834,Non-private (overfit),0.35052825427372614
HA-02835,Non-private (overfit),-0.3593149776695811
HA-02836,Non-private (overfit),0.1642163479091976
HA-02837,Non-private (overfit),-0.2548861245165439
HA-02838,Non-private (overfit),-0.443548279964346
HA-02839,Non-private (overfit),0.2891334141841716
HA-02840,Non-private (overfit),0.008564237957014997
HA-02841,Non-private (overfit),0.08324958569697483
HA-02842,Non-private (overfit),-0.3781057291237453
HA-02843,Non-private (overfit),-0.2771252679844448
HA-02844,Non-private (overfit),-0.21284070797374122
HA-02845,Non-private (overfit),0.04231104164200339
HA-02846,Non-private (overfit),0.32676459773160715
HA-02847,Non-private (overfit),-1.2597164906018277
HA-02848,Non-private (overfit),0.16245164157561875
HA-02849,Non-private (overfit),-0.7740801438917555
HA-02850,Non-private (overfit),0.07385854957789673
HA-02851,Non-private (overfit),-0.23813291966171202
HA-02852,Non-private (overfit),0.15602491486641412
HA-02853,Non-private (overfit),-0.3694776266636517
HA-02855,Non-private (overfit),0.08685863212522804
HA-02856,Non-private (overfit),-0.7199098560213434
HA-02857,Non-private (overfit),0.7377240016765045
HA-02858,Non-private (overfit),0.125497506651861
HA-02859,Non-private (overfit),-0.1560546648120209
HA-02860,Non-private (overfit),-0.6263354251885125
HA-02861,Non-private (overfit),0.2840643324811434
HA-02862,Non-private (overfit),-1.895872783351019
HA-02864,Non-private (overfit),0.3453883042291719
HA-02865,Non-private (overfit),0.4523177778308751
HA-02866,Non-private (overfit),0.2962684659884134
HA-02867,Non-private (overfit),-0.34569496061933624
HA-02868,Non-private (overfit),0.2812183657050248
HA-02869,Non-private (overfit),-0.28249350881665647
HA-02870,Non-private (overfit),0.3027862268124575
HA-02871,Non-private (overfit),-0.38222986310740126
HA-02872,Non-private (overfit),0.9775091425109258
HA-02873,Non-private (overfit),-1.9366033340852093
HA-02874,Non-private (overfit),0.5037945019247916
HA-02875,Non-private (overfit),-0.001292008716702986
HA-02876,Non-private (overfit),0.03599733619684353
HA-02877,Non-private (overfit),-0.07713405299338394
HA-02878,Non-private (overfit),-2.155550774547698
HA-02879,Non-private (overfit),0.8683676972061014
HA-02881,Non-private (overfit),-0.6244050871103355
HA-02882,Non-private (overfit),-0.32421272216857655
HA-02883,Non-private (overfit),0.1614893033985887
HA-02884,Non-private (overfit),0.5198885920174406
HA-02885,Non-private (overfit),1.2716810917493868
HA-02886,Non-private (overfit),-1.3726810015907676
HA-02887,Non-private (overfit),0.3274800539916205
HA-02888,Non-private (overfit),0.1998954308898644
HA-02889,Non-private (overfit),-0.07337273014966017
HA-02890,Non-private (overfit),0.08785861164308983
HA-02891,Non-private (overfit),0.00666600308978027
HA-02892,Non-private (overfit),-0.9853449385262487
HA-02893,Non-private (overfit),0.21769919815597594
HA-02894,Non-private (overfit),-3.158516554459453
HA-02895,Non-private (overfit),-0.4827901988634382
HA-02896,Non-private (overfit),-0.7023547488476383
HA-02897,Non-private (overfit),-0.09920841172154682
HA-02898,Non-private (overfit),0.3708063367804866
HA-02899,Non-private (overfit),0.13330061606014443
HA-02900,Non-private (overfit),-0.5627351196258258
HA-02901,Non-private (overfit),0.2645553018320119
HA-02902,Non-private (overfit),0.022527082227480788
HA-02903,Non-private (overfit),0.1720332770380466
HA-02904,Non-private (overfit),-0.08782225111746977
HA-02905,Non-private (overfit),0.16361837557009695
HA-02906,Non-private (overfit),-0.12966095105048403
HA-02908,Non-private (overfit),-1.1872603752423172
HA-02909,Non-private (overfit),-0.4308086096824355
HA-02910,Non-private (overfit),0.5944976575940984
HA-02911,Non-private (overfit),-0.07038084455410876
HA-02912,Non-private (overfit),0.9561554109022563
HA-02913,Non-private (overfit),-0.3964479005422188
HA-02914,Non-private (overfit),0.2024614040699093
HA-02915,Non-private (overfit),-0.09256233868060537
HA-02916,Non-private (overfit),0.10489576649876042
HA-02917,Non-private (overfit),-0.3518334606529645
HA-02919,Non-private (overfit),-0.018552648007667427
HA-02920,Non-private (overfit),-0.08494009332997399
HA-02921,Non-private (overfit),-0.06020536371788898
HA-02922,Non-private (overfit),0.384877526240613
HA-02923,Non-private (overfit),0.302689472285693
HA-02924,Non-private (overfit),0.46656045872754537
HA-02925,Non-private (overfit),-3.0227476546529983
HA-02928,Non-private (overfit),-0.32051897149166564
HA-02929,Non-private (overfit),-2.282803519853683
HA-02930,Non-private (overfit),-0.17470133869205995
HA-02931,Non-private (overfit),0.11314797610687344
HA-02932,Non-private (overfit),0.38429389813622583
HA-02933,Non-private (overfit),-0.35356827426303594
HA-02934,Non-private (overfit),-0.2196346061162473
HA-02935,Non-private (overfit),-0.24715702663431127
HA-02936,Non-private (overfit),-1.0480949260750294
HA-02937,Non-private (overfit),0.49209236495330466
HA-02938,Non-private (overfit),0.000568247373303743
HA-02939,Non-private (overfit),0.7199400633987405
HA-02941,Non-private (overfit),-0.7682685036665396
HA-02942,Non-private (overfit),-3.631584489683908
HA-02943,Non-private (overfit),0.38182044178899227
HA-02944,Non-private (overfit),-0.1083034574167655
HA-02945,Non-private (overfit),-0.6836907525613556
HA-02946,Non-private (overfit),0.39383426103156305
HA-02948,Non-private (overfit),-1.2183771035990967
HA-02949,Non-private (overfit),-0.11053891260137538
HA-02950,Non-private (overfit),-0.09054598622286947
HA-02952,Non-private (overfit),0.07364184163513898
HA-02954,Non-private (overfit),-0.17410739304132106
HA-02955,Non-private (overfit),0.01904623893874069
HA-02956,Non-private (overfit),-0.009847088259652192
HA-02957,Non-private (overfit),-2.3894580486940087
HA-02958,Non-private (overfit),0.6894173531301568
HA-02959,Non-private (overfit),-0.0005313685156644876
HA-02960,Non-private (overfit),-0.25797643494380207
HA-02961,Non-private (overfit),0.005690373913751934
HA-02962,Non-private (overfit),0.25341175575824537
HA-02963,Non-private (overfit),0.4733840970870653
HA-02964,Non-private (overfit),-1.1863536500963856
HA-02966,Non-private (overfit),-2.9820851325200044
HA-02967,Non-private (overfit),-0.0013595141117743736
HA-02968,Non-private (overfit),0.14113813740802617
HA-02969,Non-private (overfit),-0.43313894237261596
HA-02970,Non-private (overfit),-0.809425960813364
HA-02971,Non-private (overfit),0.025558753871685935
HA-02972,Non-private (overfit),-0.18625776749966572
HA-02973,Non-private (overfit),0.26822183541911127
HA-02974,Non-private (overfit),-0.21266252385729012
HA-02975,Non-private (overfit),-8.618069767237833
HA-02976,Non-private (overfit),0.3019307839960428
HA-02977,Non-private (overfit),0.3452107333812946
HA-02978,Non-private (overfit),0.39534439650123665
HA-02979,Non-private (overfit),0.4466966931646503
HA-02980,Non-private (overfit),-0.44333840139244773
HA-02981,Non-private (overfit),0.1388204858593396
HA-02982,Non-private (overfit),-0.9352311151775086
HA-02983,Non-private (overfit),-0.5321203750936361
HA-02984,Non-private (overfit),0.28758069364871464
HA-02985,Non-private (overfit),0.18133538174186192
HA-02986,Non-private (overfit),-0.1154828147218312
HA-02987,Non-private (overfit),0.3517109240413473
HA-02988,Non-private (overfit),-0.18204371335057523
HA-02990,Non-private (overfit),0.1499548505752446
HA-02991,Non-private (overfit),0.3308676479520811
HA-02992,Non-private (overfit),0.017397764833495866
HA-02993,Non-private (overfit),0.7270152633058711
HA-02994,Non-private (overfit),-0.3293787446819809
HA-02995,Non-private (overfit),-0.5696498584513838
HA-02996,Non-private (overfit),0.2196342549862046
HA-02997,Non-private (overfit),-0.37414642551718647
HA-02998,Non-private (overfit),0.20059917605321909
HA-02999,Non-private (overfit),1.547129024966591
HA-03000,Non-private (overfit),0.32035126897609145
HB-00001,Non-private (overfit),0.4420069104369495
HB-00002,Non-private (overfit),-0.18042104684091198
HB-00003,Non-private (overfit),-0.09947637425019629
HB-00004,Non-private (overfit),0.8104267425420808
HB-00005,Non-private (overfit),0.5905854911939259
HB-00007,Non-private (overfit),0.46120700513320534
HB-00008,Non-private (overfit),-0.8477259103857522
HB-00010,Non-private (overfit),-0.29164869363329493
HB-00011,Non-private (overfit),-0.6591544444935974
HB-00012,Non-private (overfit),-0.029141461067984542
HB-00013,Non-private (overfit),0.3451618629179982
HB-00014,Non-private (overfit),-0.37240361417436163
HB-00015,Non-private (overfit),-0.029679977957895787
HB-00016,Non-private (overfit),0.25992615277278297
HB-00017,Non-private (overfit),-0.4880809600330869
HB-00018,Non-private (overfit),-0.5879964839822394
HB-00019,Non-private (overfit),-0.06740351808900491
HB-00021,Non-private (overfit),0.3088011245711939
HB-00022,Non-private (overfit),0.13140189575401817
HB-00025,Non-private (overfit),-0.19391604675107965
HB-00026,Non-private (overfit),0.28356087659162243
HB-00027,Non-private (overfit),0.24493580911076007
HB-00028,Non-private (overfit),-0.29010856191485
HB-00030,Non-private (overfit),0.09788626726219252
HB-00031,Non-private (overfit),-0.49818536550920056
HB-00032,Non-private (overfit),-0.3246338950724401
HB-00033,Non-private (overfit),0.09127156493411759
HB-00034,Non-private (overfit),-0.30564353137268563
HB-00035,Non-private (overfit),0.3194723498738572
HB-00036,Non-private (overfit),-0.9232448756416063
HB-00038,Non-private (overfit),-0.7968242918074928
HB-00039,Non-private (overfit),0.10025930856693432
HB-00040,Non-private (overfit),-0.32111818874963194
HB-00041,Non-private (overfit),0.29721033588734325
HB-00042,Non-private (overfit),-0.07871749998190536
HB-00043,Non-private (overfit),0.7095384172562249
HB-00044,Non-private (overfit),-0.7057293932991229
HB-00045,Non-private (overfit),0.22047932469404863
HB-00047,Non-private (overfit),-1.197588594847803
HB-00048,Non-private (overfit),-0.0060560935436297925
HB-00049,Non-private (overfit),-0.040962560533689185
HB-00050,Non-private (overfit),0.06836414022837656
HB-00051,Non-private (overfit),0.09727386862867027
HB-00052,Non-private (overfit),0.7044493735733162
HB-00053,Non-private (overfit),0.07037722254642054
HB-00054,Non-private (overfit),-1.1082158427700972
HB-00055,Non-private (overfit),0.2973737679006123
HB-00056,Non-private (overfit),0.3759036602956054
HB-00058,Non-private (overfit),-0.04704894930897585
HB-00059,Non-private (overfit),-0.10279381909907714
HB-00060,Non-private (overfit),0.14429025924125527
HB-00061,Non-private (overfit),0.3731830680616355
HB-00062,Non-private (overfit),-1.7888291797450036
HB-00063,Non-private (overfit),0.31236267175295196
HB-00064,Non-private (overfit),0.6523163555824392
HB-00065,Non-private (overfit),0.13810524393125811
HB-00066,Non-private (overfit),-1.7047043723282451
HB-00067,Non-private (overfit),-0.575620409190134
HB-00068,Non-private (overfit),-0.07573787991624581
HB-00069,Non-private (overfit),-0.14137590167096015
HB-00072,Non-private (overfit),-0.09596892057983886
HB-00074,Non-private (overfit),-0.48369097341749856
HB-00075,Non-private (overfit),0.032087124963904534
HB-00076,Non-private (overfit),0.9900461041883049
HB-00077,Non-private (overfit),-2.266006490028505
HB-00078,Non-private (overfit),-0.371827861163051
HB-00079,Non-private (overfit),0.5887238213184087
HB-00080,Non-private (overfit),0.48765848431359604
HB-00081,Non-private (overfit),-4.459195491948418
HB-00082,Non-private (overfit),-0.2026637073190467
HB-00083,Non-private (overfit),-0.08435432913941998
HB-00084,Non-private (overfit),-0.11000246942199199
HB-00085,Non-private (overfit),-0.2951818960248731
HB-00086,Non-private (overfit),0.008230690545588892
HB-00088,Non-private (overfit),0.1940933416188948
HB-00089,Non-private (overfit),-0.5529591088919033
HB-00090,Non-private (overfit),-0.5027285136020807
HB-00091,Non-private (overfit),0.465534313335108
HB-00092,Non-private (overfit),1.4403718285505653
HB-00093,Non-private (overfit),0.12453562531875084
HB-00094,Non-private (overfit),0.06414479998891531
HB-00095,Non-private (overfit),0.07240237541509131
HB-00096,Non-private (overfit),-0.8086954383709717
HB-00097,Non-private (overfit),0.7904540880846618
HB-00098,Non-private (overfit),-0.0740993655513057
HB-00099,Non-private (overfit),0.5969426536206922
HB-00101,Non-private (overfit),0.2189861989962436
HB-00102,Non-private (overfit),-0.8092329544869385
HB-00103,Non-private (overfit),2.435882228401331
HB-00104,Non-private (overfit),-0.686090791981947
HB-00105,Non-private (overfit),-0.08412993787330425
HB-00106,Non-private (overfit),-0.08686924188186751
HB-00107,Non-private (overfit),0.3634718550175142
HB-00108,Non-private (overfit),0.1433328439099134
HB-00109,Non-private (overfit),0.012665841097697195
HB-00111,Non-private (overfit),0.14117729804230006
HB-00112,Non-private (overfit),-0.04845495001866995
HB-00113,Non-private (overfit),0.47447072225490783
HB-00114,Non-private (overfit),-0.07185798487275541
HB-00115,Non-private (overfit),-0.3381344934709256
HB-00116,Non-private (overfit),-0.8503717584668049
HB-00117,Non-private (overfit),-0.1207538278664897
HB-00118,Non-private (overfit),0.11338142273637186
HB-00119,Non-private (overfit),-0.8872643121365713
HB-00120,Non-private (overfit),-0.091851104013005
HB-00121,Non-private (overfit),-0.04403778052132923
HB-00123,Non-private (overfit),-0.8192579356846501
HB-00124,Non-private (overfit),-0.3115369846448188
HB-00125,Non-private (overfit),-1.4318371571850639
HB-00126,Non-private (overfit),0.6531821982383987
HB-00129,Non-private (overfit),-0.09668495809625344
HB-00130,Non-private (overfit),-0.3404314081899589
HB-00132,Non-private (overfit),0.9484771066075335
HB-00133,Non-private (overfit),-0.8939066656358376
HB-00134,Non-private (overfit),1.1165787797082685
HB-00135,Non-private (overfit),0.346272166430456
HB-00136,Non-private (overfit),0.642284509192806
HB-00137,Non-private (overfit),-1.4079251229948715
HB-00138,Non-private (overfit),-0.06086413513235267
HB-00139,Non-private (overfit),-0.36657730905308794
HB-00140,Non-private (overfit),-0.05592936826707773
HB-00141,Non-private (overfit),-0.1656451810703139
HB-00142,Non-private (overfit),0.10133438909516468
HB-00143,Non-private (overfit),-0.3930040798163972
HB-00144,Non-private (overfit),0.36486038805956733
HB-00145,Non-private (overfit),-0.42966181440597406
HB-00146,Non-private (overfit),0.308811458534649
HB-00148,Non-private (overfit),1.845741774743437
HB-00149,Non-private (overfit),0.8140949852454942
HB-00150,Non-private (overfit),-0.8527491087026937
HB-00151,Non-private (overfit),-1.0331350111152064
HB-00153,Non-private (overfit),0.33314786997208623
HB-00154,Non-private (overfit),-0.0543112527374221
HB-00155,Non-private (overfit),0.5640553737192855
HB-00156,Non-private (overfit),0.24100485865694887
HB-00157,Non-private (overfit),-0.2990573569824688
HB-00158,Non-private (overfit),0.3111321195237684
HB-00159,Non-private (overfit),0.03376360635806552
HB-00160,Non-private (overfit),0.3351858534893408
HB-00161,Non-private (overfit),0.8666932224661972
HB-00162,Non-private (overfit),-0.09603229091248089
HB-00164,Non-private (overfit),0.677434551080544
HB-00165,Non-private (overfit),-0.20687448253604246
HB-00166,Non-private (overfit),0.7451590996462327
HB-00167,Non-private (overfit),-0.6421873577575119
HB-00168,Non-private (overfit),-0.2731588358496908
HB-00170,Non-private (overfit),-1.9956482861125122
HB-00171,Non-private (overfit),0.8698783383417501
HB-00172,Non-private (overfit),0.41827389297972495
HB-00173,Non-private (overfit),-0.167548326045591
HB-00174,Non-private (overfit),-1.6296788672722908
HB-00176,Non-private (overfit),0.4448328964838195
HB-00177,Non-private (overfit),0.09746571304225515
HB-00178,Non-private (overfit),-0.9555389317227363
HB-00179,Non-private (overfit),0.08672840127853432
HB-00180,Non-private (overfit),-0.10082232085297038
HB-00181,Non-private (overfit),-0.22801559935569382
HB-00183,Non-private (overfit),0.26970497924154446
HB-00184,Non-private (overfit),0.004004733830154983
HB-00185,Non-private (overfit),-0.2605460212461239
HB-00186,Non-private (overfit),0.7870105364220028
HB-00187,Non-private (overfit),-0.2812789053790965
HB-00188,Non-private (overfit),-0.18539320880989485
HB-00189,Non-private (overfit),-0.3888233065703188
HB-00191,Non-private (overfit),-2.188811421746828
HB-00192,Non-private (overfit),-0.2578502285434412
HB-00193,Non-private (overfit),-0.07180372603697105
HB-00194,Non-private (overfit),0.33668975721987104
HB-00195,Non-private (overfit),-0.15412106325675357
HB-00196,Non-private (overfit),0.13816763115115327
HB-00197,Non-private (overfit),1.3518428853677693
HB-00198,Non-private (overfit),-0.605325801453183
HB-00199,Non-private (overfit),-0.01880265076149623
HB-00201,Non-private (overfit),-0.9873615477489668
HB-00202,Non-private (overfit),0.6722059033841519
HB-00203,Non-private (overfit),-0.0703208539893112
HB-00204,Non-private (overfit),0.3110044664276439
HB-00205,Non-private (overfit),0.8134692762529001
HB-00206,Non-private (overfit),0.20333921894887075
HB-00207,Non-private (overfit),0.3191757474230923
HB-00208,Non-private (overfit),0.40020362982495783
HB-00209,Non-private (overfit),-0.72799969717276
HB-00210,Non-private (overfit),0.670732633204469
HB-00212,Non-private (overfit),0.14201779121862068
HB-00213,Non-private (overfit),1.0533748745642852
HB-00214,Non-private (overfit),0.2172553954719887
HB-00215,Non-private (overfit),0.44414458913695287
HB-00216,Non-private (overfit),-0.0432522279941443
HB-00217,Non-private (overfit),-0.2760203617372037
HB-00218,Non-private (overfit),0.9322067357466903
HB-00220,Non-private (overfit),0.31078431396126716
HB-00221,Non-private (overfit),-0.9898437127322388
HB-00222,Non-private (overfit),0.03333261933393894
HB-00223,Non-private (overfit),-0.38309764597237805
HB-00224,Non-private (overfit),0.18999639175141692
HB-00225,Non-private (overfit),0.02828345046974734
HB-00226,Non-private (overfit),0.021300106936338548
HB-00227,Non-private (overfit),-0.21532229903529132
HB-00228,Non-private (overfit),-3.6472581877142773
HB-00229,Non-private (overfit),-0.43930512644818753
HB-00230,Non-private (overfit),-0.20854803593219118
HB-00231,Non-private (overfit),0.06313258835243174
HB-00234,Non-private (overfit),-0.0077666522439783225
HB-00235,Non-private (overfit),-0.10838989649160835
HB-00236,Non-private (overfit),-0.44504468983476775
HB-00237,Non-private (overfit),0.07932537621645785
HB-00238,Non-private (overfit),0.07924216595982148
HB-00239,Non-private (overfit),-1.8672457825055242
HB-00240,Non-private (overfit),-0.00508264325653951
HB-00241,Non-private (overfit),-0.5153821114296127
HB-00242,Non-private (overfit),0.32476175480916325
HB-00243,Non-private (overfit),-0.0532587236673675
HB-00245,Non-private (overfit),-0.7002745218645083
HB-00246,Non-private (overfit),-0.4479745992080063
HB-00247,Non-private (overfit),-0.1979907368053424
HB-00249,Non-private (overfit),-0.03318680797867968
HB-00250,Non-private (overfit),0.36165599752958855
HB-00251,Non-private (overfit),0.22304350319304778
HB-00252,Non-private (overfit),-0.7930292922189004
HB-00253,Non-private (overfit),-0.10423067918490947
HB-00254,Non-private (overfit),-0.038783298050266035
HB-00255,Non-private (overfit),-0.154426552600736
HB-00256,Non-private (overfit),-0.6306934883765101
HB-00257,Non-private (overfit),-0.06724978714341479
HB-00259,Non-private (overfit),1.251335157304849
HB-00260,Non-private (overfit),-0.400298981933604
HB-00261,Non-private (overfit),0.2533514821774747
HB-00263,Non-private (overfit),0.40713363104131595
HB-00264,Non-private (overfit),-0.0864016088311006
HB-00265,Non-private (overfit),0.8019431039804465
HB-00266,Non-private (overfit),0.1585622582410604
HB-00267,Non-private (overfit),-0.14435466261964502
HB-00268,Non-private (overfit),0.06399459286969367
HB-00269,Non-private (overfit),0.34310102141732735
HB-00270,Non-private (overfit),0.5755735070693586
HB-00271,Non-private (overfit),-0.32943473571875437
HB-00272,Non-private (overfit),-0.0597373339416869
HB-00273,Non-private (overfit),-0.3795175430362008
HB-00274,Non-private (overfit),-0.32944932636994717
HB-00275,Non-private (overfit),0.01671451432859339
HB-00276,Non-private (overfit),0.05246957034048694
HB-00277,Non-private (overfit),0.1345048021287334
HB-00278,Non-private (overfit),0.2809396782660023
HB-00279,Non-private (overfit),0.5194464759636261
HB-00280,Non-private (overfit),-0.1775061566943763
HB-00281,Non-private (overfit),0.22515201642813687
HB-00282,Non-private (overfit),0.7606817789140763
HB-00283,Non-private (overfit),-0.12473434788576432
HB-00284,Non-private (overfit),-0.987013237205052
HB-00285,Non-private (overfit),0.21629429169943948
HB-00286,Non-private (overfit),-0.08330290832880216
HB-00287,Non-private (overfit),0.5329782208340977
HB-00288,Non-private (overfit),-0.16256493380765757
HB-00289,Non-private (overfit),-0.08497129629050038
HB-00290,Non-private (overfit),-0.30543702743646106
HB-00291,Non-private (overfit),0.0006671080870007673
HB-00292,Non-private (overfit),0.9607960803594815
HB-00293,Non-private (overfit),0.14577288858593285
HB-00294,Non-private (overfit),-1.2937096996438684
HB-00295,Non-private (overfit),0.658882874530115
HB-00296,Non-private (overfit),-0.17224553904566053
HB-00297,Non-private (overfit),-2.6179745247896644
HB-00298,Non-private (overfit),0.189092408989749
HB-00299,Non-private (overfit),-0.9132584947894409
HB-00300,Non-private (overfit),-0.6799747973536066
HB-00301,Non-private (overfit),0.11466144603832729
HB-00302,Non-private (overfit),-0.3996271759707639
HB-00303,Non-private (overfit),0.8261703985201987
HB-00304,Non-private (overfit),-0.7783629738673348
HB-00305,Non-private (overfit),0.5486369791180583
HB-00306,Non-private (overfit),0.29910484414177696
HB-00307,Non-private (overfit),0.48275015966870916
HB-00308,Non-private (overfit),0.27058143505690335
HB-00309,Non-private (overfit),0.19884991103274197
HB-00310,Non-private (overfit),0.19396910442829096
HB-00312,Non-private (overfit),0.4074237405214819
HB-00313,Non-private (overfit),0.3485799323355754
HB-00315,Non-private (overfit),-0.2907740846604925
HB-00316,Non-private (overfit),0.07296950113089085
HB-00317,Non-private (overfit),0.3819417004988621
HB-00318,Non-private (overfit),0.6323071432818548
HB-00319,Non-private (overfit),-1.1714415963402212
HB-00320,Non-private (overfit),-0.000170168217788369
HB-00321,Non-private (overfit),-1.0127410459680992
HB-00322,Non-private (overfit),0.6005444680589189
HB-00323,Non-private (overfit),0.11573419973767018
HB-00324,Non-private (overfit),0.8663752407887477
HB-00325,Non-private (overfit),0.151453030639096
HB-00326,Non-private (overfit),0.25822802489124075
HB-00327,Non-private (overfit),1.1766579379800501
HB-00328,Non-private (overfit),-0.13178655705154474
HB-00329,Non-private (overfit),-0.613506077135351
HB-00330,Non-private (overfit),2.4057567947920346
HB-00332,Non-private (overfit),-0.05048952923496319
HB-00333,Non-private (overfit),0.18162464926605915
HB-00334,Non-private (overfit),-0.06732121621924358
HB-00335,Non-private (overfit),0.14691738564039536
HB-00336,Non-private (overfit),0.29026660367133705
HB-00337,Non-private (overfit),-0.2865444600574598
HB-00340,Non-private (overfit),0.08174713002704137
HB-00342,Non-private (overfit),0.11294736967094865
HB-00343,Non-private (overfit),-0.04842357388928997
HB-00344,Non-private (overfit),-0.21715869780841923
HB-00347,Non-private (overfit),-0.09958765815773196
HB-00349,Non-private (overfit),0.15827160414618424
HB-00350,Non-private (overfit),0.8565752344326383
HB-00351,Non-private (overfit),0.2655444917589853
HB-00352,Non-private (overfit),-0.5851985482240993
HB-00353,Non-private (overfit),-0.3655108008778085
HB-00354,Non-private (overfit),0.5973856568929303
HB-00355,Non-private (overfit),0.4360557618302443
HB-00357,Non-private (overfit),0.2857031846542659
HB-00358,Non-private (overfit),-0.5526165986345326
HB-00359,Non-private (overfit),-1.3287628100281497
HB-00360,Non-private (overfit),-0.37888410471055134
HB-00361,Non-private (overfit),-5.952747775123559
HB-00362,Non-private (overfit),-0.2349942342985054
HB-00363,Non-private (overfit),-0.07666545036136219
HB-00364,Non-private (overfit),0.31003348663046015
HB-00365,Non-private (overfit),-0.3431867308669554
HB-00366,Non-private (overfit),-0.6549680926336943
HB-00367,Non-private (overfit),0.02248480865339353
HB-00368,Non-private (overfit),1.1195875007936613
HB-00369,Non-private (overfit),-1.6545040192604517
HB-00370,Non-private (overfit),-0.8445611149549588
HB-00371,Non-private (overfit),-0.16969426084086114
HB-00372,Non-private (overfit),0.5390487142493832
HB-00373,Non-private (overfit),-0.39808877674516596
HB-00375,Non-private (overfit),-1.8539489970023197
HB-00377,Non-private (overfit),-0.9508414809430876
HB-00378,Non-private (overfit),-0.3555104549082596
HB-00379,Non-private (overfit),-0.4033787431680438
HB-00380,Non-private (overfit),-0.6182949604725327
HB-00381,Non-private (overfit),-0.0590046153950885
HB-00382,Non-private (overfit),0.11893452696575624
HB-00384,Non-private (overfit),0.9128565370640723
HB-00385,Non-private (overfit),1.0825154096512786
HB-00387,Non-private (overfit),0.2055845860933001
HB-00388,Non-private (overfit),-0.9838534475511327
HB-00390,Non-private (overfit),0.20415755206980446
HB-00391,Non-private (overfit),0.11383177550199819
HB-00392,Non-private (overfit),0.1655123093283961
HB-00393,Non-private (overfit),-0.9832310215888107
HB-00394,Non-private (overfit),-0.10915644718413486
HB-00395,Non-private (overfit),-0.15271317038928878
HB-00397,Non-private (overfit),0.9539640418176001
HB-00398,Non-private (overfit),-0.648776305442579
HB-00399,Non-private (overfit),0.7405177390791222
HB-00400,Non-private (overfit),0.07360547756314095
HB-00401,Non-private (overfit),0.32090298669315587
HB-00402,Non-private (overfit),-0.6332236730253094
HB-00403,Non-private (overfit),0.5393429070704197
HB-00404,Non-private (overfit),0.4558109412336431
HB-00406,Non-private (overfit),-0.25095000319769944
HB-00407,Non-private (overfit),-0.6281693318659123
HB-00408,Non-private (overfit),1.1156364388842888
HB-00409,Non-private (overfit),0.01657363442916293
HB-00410,Non-private (overfit),0.049337010896781
HB-00412,Non-private (overfit),-0.4489400368741622
HB-00413,Non-private (overfit),0.23445153275644526
HB-00414,Non-private (overfit),0.3975804936769123
HB-00415,Non-private (overfit),-1.4326696759244153
HB-00416,Non-private (overfit),-0.685697463414209
HB-00417,Non-private (overfit),-5.013193513078521
HB-00418,Non-private (overfit),-0.6965528794277642
HB-00419,Non-private (overfit),-0.8429320468175492
HB-00420,Non-private (overfit),-0.3476446150140866
HB-00421,Non-private (overfit),-1.2544727765806511
HB-00422,Non-private (overfit),-0.8579973782972286
HB-00423,Non-private (overfit),0.4024477931616224
HB-00424,Non-private (overfit),0.1155964967505223
HB-00425,Non-private (overfit),0.36987052793435016
HB-00426,Non-private (overfit),1.6436013616925855
HB-00427,Non-private (overfit),-0.893238871107578
HB-00428,Non-private (overfit),0.589190204439419
HB-00429,Non-private (overfit),0.09518033805892068
HB-00430,Non-private (overfit),3.165099830847725
HB-00431,Non-private (overfit),-0.05630283013976345
HB-00432,Non-private (overfit),-0.15886490743645343
HB-00433,Non-private (overfit),0.32279854656074636
HB-00434,Non-private (overfit),-0.34761013038843247
HB-00435,Non-private (overfit),-0.19709399277843165
HB-00437,Non-private (overfit),-0.15952440830138714
HB-00438,Non-private (overfit),0.0397600631315016
HB-00439,Non-private (overfit),0.9499016153171373
HB-00440,Non-private (overfit),0.5819934201545882
HB-00441,Non-private (overfit),0.8447818829682225
HB-00442,Non-private (overfit),-0.9612344536429285
HB-00443,Non-private (overfit),1.0242121503797468
HB-00444,Non-private (overfit),-0.3639552946297686
HB-00445,Non-private (overfit),0.6103339069509683
HB-00446,Non-private (overfit),0.16682560584989625
HB-00447,Non-private (overfit),-3.405348139614939
HB-00449,Non-private (overfit),-0.09411149717530798
HB-00451,Non-private (overfit),-0.7519780555009472
HB-00452,Non-private (overfit),0.3106486593366409
HB-00453,Non-private (overfit),0.3528404747809297
HB-00454,Non-private (overfit),-0.407261441017303
HB-00455,Non-private (overfit),-0.029437472725933445
HB-00456,Non-private (overfit),-1.028259871331913
HB-00457,Non-private (overfit),0.5565999459962293
HB-00458,Non-private (overfit),0.601908257594076
HB-00459,Non-private (overfit),-1.0889664002237185
HB-00460,Non-private (overfit),-0.019723266772900594
HB-00461,Non-private (overfit),-0.8933911925515015
HB-00462,Non-private (overfit),0.061608269470218135
HB-00463,Non-private (overfit),-5.819272064959357
HB-00464,Non-private (overfit),-0.09229646853775009
HB-00465,Non-private (overfit),-0.27234119470625595
HB-00466,Non-private (overfit),-0.20755261040000694
HB-00467,Non-private (overfit),-0.6353269740531048
HB-00468,Non-private (overfit),-0.8142347212266783
HB-00469,Non-private (overfit),-0.3360159680760093
HB-00470,Non-private (overfit),0.18533629144967212
HB-00471,Non-private (overfit),0.03284436452714401
HB-00472,Non-private (overfit),-0.3554976690910099
HB-00473,Non-private (overfit),-0.8029313223390848
HB-00474,Non-private (overfit),0.9089491619750314
HB-00475,Non-private (overfit),0.019071837126605873
HB-00476,Non-private (overfit),-1.0340498506059124
HB-00477,Non-private (overfit),-0.15771327367698107
HB-00480,Non-private (overfit),-1.0039520758927765
HB-00481,Non-private (overfit),0.10423680842109118
HB-00482,Non-private (overfit),0.11325683357080762
HB-00483,Non-private (overfit),-0.45039445157274205
HB-00485,Non-private (overfit),0.10326013448543137
HB-00486,Non-private (overfit),0.10584373436662098
HB-00487,Non-private (overfit),-0.06924475672266173
HB-00488,Non-private (overfit),-0.19906266780809778
HB-00489,Non-private (overfit),-0.12250127916647802
HB-00490,Non-private (overfit),0.024327637796467183
HB-00491,Non-private (overfit),-0.5635161760472771
HB-00492,Non-private (overfit),0.9754395547989279
HB-00493,Non-private (overfit),0.6329760096710477
HB-00494,Non-private (overfit),0.2568015136220865
HB-00495,Non-private (overfit),0.9526470162224006
HB-00496,Non-private (overfit),0.2302148381260869
HB-00497,Non-private (overfit),0.131834517888346
HB-00498,Non-private (overfit),0.1357268856773881
HB-00499,Non-private (overfit),0.1934267519573103
HB-00500,Non-private (overfit),0.22199028788568875
HB-00501,Non-private (overfit),-0.3823287972960079
HB-00502,Non-private (overfit),0.04824595983330493
HB-00503,Non-private (overfit),0.5229201142889512
HB-00504,Non-private (overfit),0.15023516207485654
HB-00505,Non-private (overfit),0.2732525733483908
HB-00506,Non-private (overfit),0.0017747113182373653
HB-00507,Non-private (overfit),-0.46558968106846144
HB-00508,Non-private (overfit),0.22315852963090022
HB-00509,Non-private (overfit),0.20001595857063093
HB-00510,Non-private (overfit),0.0474293652522596
HB-00511,Non-private (overfit),-0.4557891632969364
HB-00512,Non-private (overfit),-0.35381556169392203
HB-00513,Non-private (overfit),-0.0075888879298326994
HB-00514,Non-private (overfit),-0.005215174310510884
HB-00515,Non-private (overfit),-0.2970870612542247
HB-00516,Non-private (overfit),0.44192960204709886
HB-00517,Non-private (overfit),1.6675571943960765
HB-00519,Non-private (overfit),-0.3862147698893108
HB-00520,Non-private (overfit),0.05299706055685216
HB-00521,Non-private (overfit),-0.30543785504124954
HB-00522,Non-private (overfit),-0.3564546390353427
HB-00523,Non-private (overfit),0.029776054771797122
HB-00524,Non-private (overfit),-0.038541712194666955
HB-00525,Non-private (overfit),0.13139183637894147
HB-00526,Non-private (overfit),-0.10081779524194023
HB-00528,Non-private (overfit),-0.16312060355354907
HB-00529,Non-private (overfit),-0.21496781961707345
HB-00530,Non-private (overfit),-0.1542526270258926
HB-00531,Non-private (overfit),0.8891704148785537
HB-00532,Non-private (overfit),-0.18399192003948373
HB-00533,Non-private (overfit),-0.17352394661859027
HB-00534,Non-private (overfit),0.05885205639642288
HB-00536,Non-private (overfit),0.15651818559945374
HB-00537,Non-private (overfit),-0.6232858288463548
HB-00539,Non-private (overfit),0.38643614099135193
HB-00540,Non-private (overfit),-0.3424708416638358
HB-00541,Non-private (overfit),-2.347373054823987
HB-00542,Non-private (overfit),1.2526016849208883
HB-00544,Non-private (overfit),-0.19633039917159278
HB-00545,Non-private (overfit),0.5432394176356594
HB-00546,Non-private (overfit),0.36443969649362495
HB-00547,Non-private (overfit),0.9480635412057611
HB-00548,Non-private (overfit),-1.208559138417664
HB-00549,Non-private (overfit),-0.2356621970648639
HB-00550,Non-private (overfit),-0.6988622818113437
HB-00551,Non-private (overfit),-0.8713233160068845
HB-00552,Non-private (overfit),1.0821370780114188
HB-00553,Non-private (overfit),0.7706680918533988
HB-00554,Non-private (overfit),0.3960655003787539
HB-00555,Non-private (overfit),0.2969351266403941
HB-00556,Non-private (overfit),-0.42689819843498267
HB-00557,Non-private (overfit),0.2594296939799283
HB-00558,Non-private (overfit),0.22271947819172588
HB-00559,Non-private (overfit),1.4304419608195245
HB-00560,Non-private (overfit),-0.29196852188208644
HB-00561,Non-private (overfit),-0.4139778071458138
HB-00564,Non-private (overfit),-0.33268224689152603
HB-00565,Non-private (overfit),0.052775784608958265
HB-00566,Non-private (overfit),-0.12009799377944352
HB-00568,Non-private (overfit),0.5118149051579208
HB-00570,Non-private (overfit),0.20970634311883085
HB-00571,Non-private (overfit),0.2278230269013748
HB-00572,Non-private (overfit),-0.09588759322103835
HB-00573,Non-private (overfit),0.44744529487609097
HB-00574,Non-private (overfit),0.24357244322574534
HB-00575,Non-private (overfit),-0.27048624652255193
HB-00576,Non-private (overfit),0.4777305201993425
HB-00577,Non-private (overfit),0.6605112893474496
HB-00578,Non-private (overfit),-0.21212780909434992
HB-00580,Non-private (overfit),-1.0992083236361458
HB-00581,Non-private (overfit),0.2862455934639957
HB-00582,Non-private (overfit),0.07781168622910428
HB-00584,Non-private (overfit),0.669646302361026
HB-00585,Non-private (overfit),-0.20879258138731405
HB-00586,Non-private (overfit),-0.019301974446676473
HB-00587,Non-private (overfit),0.7889725635395196
HB-00588,Non-private (overfit),0.27722106355435416
HB-00589,Non-private (overfit),0.02276607536726938
HB-00590,Non-private (overfit),-0.18161179493410162
HB-00591,Non-private (overfit),0.36451796698365513
HB-00592,Non-private (overfit),0.05969900195097311
HB-00593,Non-private (overfit),0.14749429159474126
HB-00594,Non-private (overfit),0.29628289971846966
HB-00595,Non-private (overfit),0.058489736819532956
HB-00596,Non-private (overfit),0.03625698800736643
HB-00597,Non-private (overfit),-0.6448344893211524
HB-00598,Non-private (overfit),0.71839092923132
HB-00599,Non-private (overfit),-0.3284710109602682
HB-00600,Non-private (overfit),-0.03729085418919742
HB-00601,Non-private (overfit),-0.04089017661398353
HB-00602,Non-private (overfit),-1.0104351365997601
HB-00603,Non-private (overfit),-0.01775761120642727
HB-00604,Non-private (overfit),0.49770076920095124
HB-00605,Non-private (overfit),0.12255849984211609
HB-00606,Non-private (overfit),-0.5122033870400458
HB-00607,Non-private (overfit),-0.34455863718819235
HB-00608,Non-private (overfit),-0.94681634599675
HB-00609,Non-private (overfit),-0.3569218544127686
HB-00611,Non-private (overfit),-0.26096381311071404
HB-00612,Non-private (overfit),-0.2776010768669761
HB-00613,Non-private (overfit),0.34106500135201756
HB-00614,Non-private (overfit),-0.19982540630839662
HB-00615,Non-private (overfit),-0.45329226542901346
HB-00616,Non-private (overfit),0.69644113627862
HB-00617,Non-private (overfit),-2.527805721917986
HB-00618,Non-private (overfit),-0.763552755820684
HB-00619,Non-private (overfit),0.04639049189367106
HB-00620,Non-private (overfit),0.31161943126475755
HB-00621,Non-private (overfit),0.0947325192630748
HB-00623,Non-private (overfit),-0.08274407533202366
HB-00624,Non-private (overfit),-0.7323636583100916
HB-00625,Non-private (overfit),0.06494277578553187
HB-00626,Non-private (overfit),-0.17056449824010045
HB-00627,Non-private (overfit),0.1062763928500099
HB-00628,Non-private (overfit),-0.3005670899626969
HB-00629,Non-private (overfit),-0.3068264729096346
HB-00630,Non-private (overfit),0.4168885330896821
HB-00631,Non-private (overfit),0.07136145111032777
HB-00632,Non-private (overfit),0.2318530434861601
HB-00633,Non-private (overfit),0.3357608989135259
HB-00634,Non-private (overfit),0.26493269512841855
HB-00635,Non-private (overfit),0.442011629679544
HB-00636,Non-private (overfit),-0.08284619834647966
HB-00637,Non-private (overfit),-0.0938232735308211
HB-00638,Non-private (overfit),-0.13949840335366548
HB-00639,Non-private (overfit),-0.6685909625167961
HB-00640,Non-private (overfit),0.06999505345513768
HB-00641,Non-private (overfit),-0.49040514723569395
HB-00642,Non-private (overfit),0.2146028027193383
HB-00643,Non-private (overfit),0.4324966701852875
HB-00644,Non-private (overfit),-0.10155232843911
HB-00645,Non-private (overfit),0.03751800460845467
HB-00646,Non-private (overfit),-1.2581747419479388
HB-00647,Non-private (overfit),0.3686828800558575
HB-00648,Non-private (overfit),-0.1619317059161749
HB-00649,Non-private (overfit),0.5924735257822547
HB-00650,Non-private (overfit),-0.21644800414470988
HB-00651,Non-private (overfit),-0.41070237562581324
HB-00652,Non-private (overfit),-0.34782039381310215
HB-00653,Non-private (overfit),0.3242261243596771
HB-00654,Non-private (overfit),0.42072047210150687
HB-00655,Non-private (overfit),-0.8713163099274319
HB-00656,Non-private (overfit),-0.40308519243631435
HB-00657,Non-private (overfit),-1.7993796382719558
HB-00658,Non-private (overfit),0.3746893910201351
HB-00659,Non-private (overfit),0.024880723682012773
HB-00660,Non-private (overfit),-0.5127078767500226
HB-00662,Non-private (overfit),-0.2043935892397537
HB-00663,Non-private (overfit),0.2993729537330827
HB-00664,Non-private (overfit),0.0904903570982527
HB-00665,Non-private (overfit),-0.4757894065420485
HB-00666,Non-private (overfit),-0.19855507993999066
HB-00667,Non-private (overfit),0.3678085375282638
HB-00669,Non-private (overfit),-0.017819876972457127
HB-00670,Non-private (overfit),0.11695143168065081
HB-00671,Non-private (overfit),-0.11255237800996554
HB-00672,Non-private (overfit),-0.2000908040900169
HB-00673,Non-private (overfit),0.6082517980762638
HB-00674,Non-private (overfit),0.686972660921494
HB-00675,Non-private (overfit),0.15253873705393617
HB-00676,Non-private (overfit),0.7108525577496875
HB-00677,Non-private (overfit),-0.44455949247687476
HB-00678,Non-private (overfit),0.028577104089268168
HB-00679,Non-private (overfit),-1.7707969847562435
HB-00680,Non-private (overfit),0.4696069138546415
HB-00681,Non-private (overfit),0.014250900033501601
HB-00682,Non-private (overfit),-0.08191774326446777
HB-00683,Non-private (overfit),-0.1658680601159448
HB-00684,Non-private (overfit),-0.5225234911635859
HB-00685,Non-private (overfit),-0.5185516053820838
HB-00686,Non-private (overfit),1.9759660634414873
HB-00687,Non-private (overfit),0.37493740289393696
HB-00688,Non-private (overfit),-0.11616372749411807
HB-00689,Non-private (overfit),-0.06717340598952148
HB-00690,Non-private (overfit),0.04121609402226578
HB-00691,Non-private (overfit),0.789384525569977
HB-00692,Non-private (overfit),0.017401399914107163
HB-00693,Non-private (overfit),-0.7526019231070933
HB-00694,Non-private (overfit),1.7165854609744395
HB-00695,Non-private (overfit),-3.1308924058491803
HB-00696,Non-private (overfit),0.8687140013047587
HB-00697,Non-private (overfit),0.07069511927617822
HB-00699,Non-private (overfit),0.019627761211456596
HB-00700,Non-private (overfit),-3.0869911492330178
HB-00702,Non-private (overfit),0.23399895458929754
HB-00703,Non-private (overfit),1.6962828947197526
HB-00704,Non-private (overfit),-0.021471227032219264
HB-00705,Non-private (overfit),-0.4177119573143496
HB-00706,Non-private (overfit),-0.030332380842433615
HB-00707,Non-private (overfit),-0.16023580528857484
HB-00709,Non-private (overfit),0.0224679030297108
HB-00710,Non-private (overfit),-0.10518430528265599
HB-00712,Non-private (overfit),0.41172894769828705
HB-00713,Non-private (overfit),-0.3986972264036851
HB-00714,Non-private (overfit),-0.5994557591099731
HB-00715,Non-private (overfit),-0.4446862333390236
HB-00716,Non-private (overfit),-0.1773407049425717
HB-00717,Non-private (overfit),-1.1639639115486378
HB-00718,Non-private (overfit),0.4945238036758425
HB-00719,Non-private (overfit),0.425768676133626
HB-00720,Non-private (overfit),0.3797476472814818
HB-00721,Non-private (overfit),0.045989095682986036
HB-00722,Non-private (overfit),1.2665046312190527
HB-00723,Non-private (overfit),-1.3529948831743468
HB-00724,Non-private (overfit),-1.095052245379545
HB-00727,Non-private (overfit),0.4077919787704801
HB-00728,Non-private (overfit),-0.8435321312690893
HB-00729,Non-private (overfit),0.31652484121157354
HB-00730,Non-private (overfit),-0.27307908271149217
HB-00731,Non-private (overfit),-0.05900803185035386
HB-00732,Non-private (overfit),-0.005611443947911576
HB-00733,Non-private (overfit),-0.2568006133345442
HB-00734,Non-private (overfit),-0.015837529748636503
HB-00737,Non-private (overfit),-0.3462133152630178
HB-00738,Non-private (overfit),-0.06451563991351472
HB-00739,Non-private (overfit),-0.23987236525820554
HB-00740,Non-private (overfit),0.04247885857837852
HB-00741,Non-private (overfit),2.071099784631061
HB-00742,Non-private (overfit),-0.06509470066531398
HB-00743,Non-private (overfit),-2.831663689974759
HB-00744,Non-private (overfit),-0.5910737706952558
HB-00745,Non-private (overfit),0.384003348757736
HB-00746,Non-private (overfit),1.4434985161223575
HB-00747,Non-private (overfit),-1.0213820862899328
HB-00748,Non-private (overfit),0.5016662839837425
HB-00749,Non-private (overfit),0.7126548130318509
HB-00750,Non-private (overfit),0.017524230910509253
HB-00752,Non-private (overfit),0.14345334965448364
HB-00753,Non-private (overfit),1.0104471616849422
HB-00754,Non-private (overfit),-0.6052495696092444
HB-00755,Non-private (overfit),-0.5987207605044904
HB-00756,Non-private (overfit),1.0932712393811892
HB-00757,Non-private (overfit),0.6337815860848885
HB-00759,Non-private (overfit),-0.2434490526808588
HB-00760,Non-private (overfit),0.24768268864768173
HB-00761,Non-private (overfit),-0.3199753946069419
HB-00762,Non-private (overfit),-0.575183000929822
HB-00763,Non-private (overfit),0.36859184782516885
HB-00764,Non-private (overfit),-1.279788869446314
HB-00765,Non-private (overfit),0.6043273939624256
HB-00766,Non-private (overfit),0.3895620677425564
HB-00767,Non-private (overfit),-0.06019538283877912
HB-00768,Non-private (overfit),0.7387673998217021
HB-00770,Non-private (overfit),0.9196763905349727
HB-00772,Non-private (overfit),-0.3389028976473145
HB-00773,Non-private (overfit),-0.04644610582906372
HB-00774,Non-private (overfit),0.3839645296227272
HB-00775,Non-private (overfit),0.6164428032362448
HB-00776,Non-private (overfit),0.7002439006357712
HB-00777,Non-private (overfit),-0.6567113177184263
HB-00778,Non-private (overfit),-0.04062902465480711
HB-00779,Non-private (overfit),-0.10355701424130448
HB-00780,Non-private (overfit),0.7324465172117888
HB-00781,Non-private (overfit),0.3455483096768788
HB-00782,Non-private (overfit),0.23397203594035054
HB-00783,Non-private (overfit),0.35706015841487315
HB-00784,Non-private (overfit),0.6574223687727457
HB-00785,Non-private (overfit),0.4887213311183869
HB-00786,Non-private (overfit),0.22980354775168932
HB-00787,Non-private (overfit),1.3133044337047275
HB-00788,Non-private (overfit),-0.23600972346214677
HB-00789,Non-private (overfit),0.9131603852826811
HB-00790,Non-private (overfit),-0.014534807054288335
HB-00791,Non-private (overfit),-0.15425580567253028
HB-00792,Non-private (overfit),0.6830516705725697
HB-00793,Non-private (overfit),-0.004563144863541702
HB-00794,Non-private (overfit),-0.08684057455072325
HB-00796,Non-private (overfit),-0.494961494390855
HB-00797,Non-private (overfit),0.11631485597345126
HB-00798,Non-private (overfit),0.3989243751118958
HB-00799,Non-private (overfit),-0.44937284313119874
HB-00800,Non-private (overfit),0.3860555375056378
HB-00801,Non-private (overfit),0.46689265226234367
HB-00802,Non-private (overfit),-0.15480828770308808
HB-00803,Non-private (overfit),0.22282507752433522
HB-00804,Non-private (overfit),0.35420710914687914
HB-00805,Non-private (overfit),0.14204149738066751
HB-00806,Non-private (overfit),0.34088432323525875
HB-00807,Non-private (overfit),0.47596686774183095
HB-00808,Non-private (overfit),0.38362085965267156
HB-00809,Non-private (overfit),-0.3121455535733568
HB-00810,Non-private (overfit),-0.7631989918812674
HB-00811,Non-private (overfit),0.9693648577666396
HB-00812,Non-private (overfit),-1.7694718472562414
HB-00813,Non-private (overfit),0.6353913260399117
HB-00814,Non-private (overfit),-0.07198340458678754
HB-00815,Non-private (overfit),0.03478795867260742
HB-00816,Non-private (overfit),0.9665711976107745
HB-00817,Non-private (overfit),-0.003087622072610152
HB-00818,Non-private (overfit),-0.42509382236629656
HB-00819,Non-private (overfit),0.876817493274221
HB-00820,Non-private (overfit),0.3539266699415612
HB-00821,Non-private (overfit),1.3668827229327136
HB-00822,Non-private (overfit),-0.3630920960581694
HB-00823,Non-private (overfit),-0.6850273066077786
HB-00824,Non-private (overfit),0.08565835691632606
HB-00825,Non-private (overfit),0.10401640160081538
HB-00826,Non-private (overfit),0.3440276282941057
HB-00827,Non-private (overfit),0.4683679452127256
HB-00828,Non-private (overfit),-0.281166411482452
HB-00829,Non-private (overfit),0.10735619908670468
HB-00830,Non-private (overfit),0.5639656352065627
HB-00831,Non-private (overfit),-0.339969963197033
HB-00833,Non-private (overfit),0.2515264904387402
HB-00836,Non-private (overfit),0.045342891966286825
HB-00837,Non-private (overfit),0.1364068230449782
HB-00839,Non-private (overfit),-0.059541678213021365
HB-00840,Non-private (overfit),0.01780460032967146
HB-00841,Non-private (overfit),1.59989380525841
HB-00843,Non-private (overfit),-0.052303576482789715
HB-00844,Non-private (overfit),-0.4145886461730972
HB-00845,Non-private (overfit),-0.3542367055630993
HB-00846,Non-private (overfit),-0.22453806097064377
HB-00847,Non-private (overfit),-0.3431360355257729
HB-00848,Non-private (overfit),0.5569704175117876
HB-00849,Non-private (overfit),0.6364876142153628
HB-00850,Non-private (overfit),0.4504303648159588
HB-00851,Non-private (overfit),-0.2161509410031378
HB-00852,Non-private (overfit),-0.06900291369712042
HB-00853,Non-private (overfit),-0.5594173896743659
HB-00854,Non-private (overfit),0.221643963828545
HB-00855,Non-private (overfit),0.020657461165463076
HB-00856,Non-private (overfit),0.11552946309497458
HB-00858,Non-private (overfit),0.10620073846584299
HB-00859,Non-private (overfit),0.02193388738902602
HB-00860,Non-private (overfit),-0.12216887419988143
HB-00861,Non-private (overfit),-0.10823040573243703
HB-00862,Non-private (overfit),-0.9584146137027223
HB-00863,Non-private (overfit),-0.06210461298191028
HB-00864,Non-private (overfit),-0.021133921958365498
HB-00865,Non-private (overfit),-0.8380397383395874
HB-00866,Non-private (overfit),0.3319354973600803
HB-00867,Non-private (overfit),0.3054552201585128
HB-00869,Non-private (overfit),-0.0997696642752654
HB-00870,Non-private (overfit),0.4895832385215064
HB-00871,Non-private (overfit),0.016127219919827906
HB-00872,Non-private (overfit),0.12245837252193792
HB-00874,Non-private (overfit),-0.4334198655449901
HB-00875,Non-private (overfit),-0.032107471628200934
HB-00876,Non-private (overfit),-0.22825943951225636
HB-00877,Non-private (overfit),-0.10965741166358589
HB-00878,Non-private (overfit),-0.8174969260775242
HB-00879,Non-private (overfit),0.36417978542632334
HB-00880,Non-private (overfit),-0.5555925961687995
HB-00881,Non-private (overfit),-0.11870383567014686
HB-00882,Non-private (overfit),-0.6923299216783703
HB-00883,Non-private (overfit),0.20558983309095047
HB-00884,Non-private (overfit),-0.5569598783582583
HB-00885,Non-private (overfit),0.3864696574997146
HB-00886,Non-private (overfit),0.43856269560844174
HB-00887,Non-private (overfit),0.31937586567308063
HB-00888,Non-private (overfit),-0.09988992128136065
HB-00889,Non-private (overfit),1.3878977685125555
HB-00890,Non-private (overfit),1.9295714491189615
HB-00891,Non-private (overfit),0.2035708250794508
HB-00892,Non-private (overfit),0.4367793968336757
HB-00893,Non-private (overfit),-11.178863941135296
HB-00894,Non-private (overfit),0.44724978300395657
HB-00895,Non-private (overfit),-0.13810551778208957
HB-00896,Non-private (overfit),-0.10959602110192668
HB-00897,Non-private (overfit),-1.0840216104517555
HB-00898,Non-private (overfit),-0.70359566690456
HB-00899,Non-private (overfit),-0.43522704955372293
HB-00900,Non-private (overfit),-5.13600269727459
HB-00901,Non-private (overfit),-1.650894074559871
HB-00902,Non-private (overfit),0.26998267289265576
HB-00903,Non-private (overfit),-0.4838685090896755
HB-00904,Non-private (overfit),0.17202675443539506
HB-00905,Non-private (overfit),0.9020821323059696
HB-00906,Non-private (overfit),-0.2166313634169953
HB-00907,Non-private (overfit),0.43820160764617144
HB-00909,Non-private (overfit),-328.7280773855458
HB-00910,Non-private (overfit),0.1971548927155382
HB-00911,Non-private (overfit),-0.2678479768301707
HB-00912,Non-private (overfit),0.20468665511785655
HB-00913,Non-private (overfit),-0.09032118685183377
HB-00915,Non-private (overfit),-0.10445095556919348
HB-00916,Non-private (overfit),0.2265795115770899
HB-00917,Non-private (overfit),-0.03672357340764809
HB-00918,Non-private (overfit),0.04684776917435718
HB-00919,Non-private (overfit),0.4107237078570565
HB-00920,Non-private (overfit),-0.3140246483985516
HB-00921,Non-private (overfit),-0.3289694389158899
HB-00922,Non-private (overfit),0.7010250947297281
HB-00923,Non-private (overfit),-1.177412835730852
HB-00924,Non-private (overfit),-0.0029013313413002173
HB-00925,Non-private (overfit),1.037147608056439
HB-00928,Non-private (overfit),1.2744696554742794
HB-00929,Non-private (overfit),0.213832902155226
HB-00930,Non-private (overfit),-0.11346451097545529
HB-00932,Non-private (overfit),0.5986099630106518
HB-00933,Non-private (overfit),0.5628381169460861
HB-00934,Non-private (overfit),-0.3281774540997965
HB-00935,Non-private (overfit),0.39193664910418224
HB-00936,Non-private (overfit),-0.28423476244261225
HB-00937,Non-private (overfit),-0.18830082452163333
HB-00938,Non-private (overfit),-0.06305341249571228
HB-00939,Non-private (overfit),-0.220901027817632
HB-00940,Non-private (overfit),0.16762784803781083
HB-00941,Non-private (overfit),-0.21396692533774142
HB-00942,Non-private (overfit),-0.6293339504502029
HB-00943,Non-private (overfit),-0.12839452207977708
HB-00944,Non-private (overfit),-0.5344336119635573
HB-00945,Non-private (overfit),-0.3751223143580058
HB-00946,Non-private (overfit),-0.04664507211418023
HB-00947,Non-private (overfit),0.05678862146554997
HB-00948,Non-private (overfit),-0.13315303853490534
HB-00949,Non-private (overfit),-0.5875876495003749
HB-00950,Non-private (overfit),-0.6394258911000084
HB-00951,Non-private (overfit),0.16727826275087598
HB-00952,Non-private (overfit),-0.22326982196476486
HB-00953,Non-private (overfit),0.6361347785832443
HB-00954,Non-private (overfit),0.1826729806141194
HB-00955,Non-private (overfit),0.6626958391435414
HB-00956,Non-private (overfit),-0.14612458462961864
HB-00957,Non-private (overfit),-0.03278030609987925
HB-00959,Non-private (overfit),0.07946876375616263
HB-00960,Non-private (overfit),0.3108457388093626
HB-00961,Non-private (overfit),0.2711112695862937
HB-00962,Non-private (overfit),-0.09553666890757784
HB-00963,Non-private (overfit),1.6032540825238812
HB-00964,Non-private (overfit),0.7042278614159243
HB-00965,Non-private (overfit),-0.3368946229312128
HB-00966,Non-private (overfit),0.41502220742957907
HB-00967,Non-private (overfit),-0.1223042287032321
HB-00968,Non-private (overfit),0.31563086380975314
HB-00969,Non-private (overfit),0.33989173868230216
HB-00970,Non-private (overfit),0.17220447047224163
HB-00971,Non-private (overfit),1.361462074007451
HB-00972,Non-private (overfit),-0.01306103024580918
HB-00973,Non-private (overfit),-0.2574765658417226
HB-00974,Non-private (overfit),0.32495402205776047
HB-00975,Non-private (overfit),0.028524468614615106
HB-00976,Non-private (overfit),0.20534265475695057
HB-00977,Non-private (overfit),-0.34448219357062704
HB-00978,Non-private (overfit),-0.47476406626131773
HB-00979,Non-private (overfit),0.10478425884273279
HB-00980,Non-private (overfit),0.12329196908064077
HB-00981,Non-private (overfit),-0.20313168544628146
HB-00982,Non-private (overfit),-0.045035755873691574
HB-00983,Non-private (overfit),-0.0537021864431948
HB-00984,Non-private (overfit),-3.2064074352095244
HB-00985,Non-private (overfit),0.1931459292603983
HB-00986,Non-private (overfit),0.2929476555097881
HB-00987,Non-private (overfit),0.5086333670742582
HB-00988,Non-private (overfit),-0.8658093871254955
HB-00989,Non-private (overfit),-0.2797027905125824
HB-00990,Non-private (overfit),-0.11913399084303844
HB-00991,Non-private (overfit),0.2379062426107238
HB-00992,Non-private (overfit),0.49536282233086126
HB-00993,Non-private (overfit),-0.1480898597985285
HB-00994,Non-private (overfit),0.17398348596501134
HB-00995,Non-private (overfit),-0.7834523975202432
HB-00997,Non-private (overfit),-0.0024448064635558264
HB-00998,Non-private (overfit),-0.04993010129748132
HB-00999,Non-private (overfit),0.2695018571720864
HB-01000,Non-private (overfit),0.2815641254683785
HB-01001,Non-private (overfit),-3.2587904724329273
HB-01002,Non-private (overfit),0.3432266233121216
HB-01003,Non-private (overfit),-0.35954935323752935
HB-01004,Non-private (overfit),0.30675402093596094
HB-01005,Non-private (overfit),-0.22684606341397462
HB-01007,Non-private (overfit),-0.4277598227356314
HB-01008,Non-private (overfit),0.03884062665992816
HB-01009,Non-private (overfit),-0.2655465005208706
HB-01010,Non-private (overfit),3.8152073084549336
HB-01011,Non-private (overfit),0.5523028471039224
HB-01013,Non-private (overfit),-0.5718396815607947
HB-01014,Non-private (overfit),0.2307098850051228
HB-01015,Non-private (overfit),-0.5513787911210787
HB-01016,Non-private (overfit),0.7989015779661282
HB-01017,Non-private (overfit),-1.3646694417930436
HB-01018,Non-private (overfit),0.029569598460472024
HB-01019,Non-private (overfit),0.8004605583357618
HB-01020,Non-private (overfit),0.5181418481649877
HB-01021,Non-private (overfit),0.6656752412299329
HB-01022,Non-private (overfit),0.7588449137628794
HB-01023,Non-private (overfit),0.20654991881216844
HB-01025,Non-private (overfit),-1.1244270280361877
HB-01026,Non-private (overfit),0.4004219445636177
HB-01027,Non-private (overfit),0.16303132318407587
HB-01028,Non-private (overfit),0.09076555024554889
HB-01029,Non-private (overfit),-0.44918273738713377
HB-01030,Non-private (overfit),-4.718700115123752
HB-01031,Non-private (overfit),0.07140814215754832
HB-01032,Non-private (overfit),-0.1450247198855914
HB-01033,Non-private (overfit),0.7267623303267803
HB-01034,Non-private (overfit),0.028519825299049506
HB-01035,Non-private (overfit),0.08044518521587574
HB-01037,Non-private (overfit),-0.012366738784199471
HB-01038,Non-private (overfit),0.02890614926524604
HB-01039,Non-private (overfit),0.23942366492000988
HB-01040,Non-private (overfit),-1.8712947018843273
HB-01041,Non-private (overfit),0.08731381083544831
HB-01042,Non-private (overfit),-0.12215705447739333
HB-01043,Non-private (overfit),0.9394479930487241
HB-01044,Non-private (overfit),0.6837462574632425
HB-01045,Non-private (overfit),0.5879992940206971
HB-01046,Non-private (overfit),-0.11885582301013353
HB-01047,Non-private (overfit),-0.105130180117186
HB-01048,Non-private (overfit),0.3121741066166346
HB-01050,Non-private (overfit),0.6814458485917807
HB-01051,Non-private (overfit),1.8995525081546787
HB-01052,Non-private (overfit),-0.33819183257700836
HB-01053,Non-private (overfit),-0.36090120622266375
HB-01054,Non-private (overfit),-0.05047999815359461
HB-01055,Non-private (overfit),-2.5761262535410347
HB-01056,Non-private (overfit),0.25254762328156977
HB-01057,Non-private (overfit),-0.2092431476919947
HB-01058,Non-private (overfit),0.08278546827851585
HB-01061,Non-private (overfit),-0.2632948279383327
HB-01062,Non-private (overfit),0.6903786491185508
HB-01063,Non-private (overfit),-0.22853657111881376
HB-01064,Non-private (overfit),-0.7308936410218605
HB-01065,Non-private (overfit),-1.6789078025259365
HB-01066,Non-private (overfit),1.5323145271418381
HB-01068,Non-private (overfit),0.23683027666838585
HB-01069,Non-private (overfit),0.9372335872759554
HB-01070,Non-private (overfit),-0.31100327124737626
HB-01071,Non-private (overfit),0.08633148333685936
HB-01073,Non-private (overfit),-0.7458399608750335
HB-01074,Non-private (overfit),0.1301394207191664
HB-01076,Non-private (overfit),-0.43507998931672365
HB-01077,Non-private (overfit),0.39460929450194127
HB-01078,Non-private (overfit),-0.1755780347451985
HB-01079,Non-private (overfit),1.4775023805265701
HB-01080,Non-private (overfit),2.1244607830211404
HB-01082,Non-private (overfit),0.2694869849311665
HB-01083,Non-private (overfit),0.3354943961749022
HB-01085,Non-private (overfit),0.4976210280309462
HB-01086,Non-private (overfit),0.4529034581173004
HB-01087,Non-private (overfit),0.2620844082051428
HB-01088,Non-private (overfit),-0.12136387287337569
HB-01089,Non-private (overfit),0.021479939919368585
HB-01091,Non-private (overfit),-0.5123056652768886
HB-01092,Non-private (overfit),-0.7801966120237878
HB-01093,Non-private (overfit),-0.02179451878113925
HB-01094,Non-private (overfit),-0.02080474166269264
HB-01095,Non-private (overfit),-1.2383041506739219
HB-01097,Non-private (overfit),-7.192178489838339
HB-01098,Non-private (overfit),-0.605640258723084
HB-01099,Non-private (overfit),0.2904140487158773
HB-01100,Non-private (overfit),0.45114765206078644
HB-01101,Non-private (overfit),0.9367977994452743
HB-01102,Non-private (overfit),-0.08628143537059518
HB-01103,Non-private (overfit),-0.5931834474006796
HB-01105,Non-private (overfit),-0.08765281707955097
HB-01106,Non-private (overfit),-2.5330863282931926
HB-01107,Non-private (overfit),-0.12823602678581758
HB-01108,Non-private (overfit),-0.198046200236622
HB-01109,Non-private (overfit),-0.5498727406508761
HB-01111,Non-private (overfit),0.024993158350335776
HB-01112,Non-private (overfit),0.08891293700497227
HB-01114,Non-private (overfit),-0.22023054540598697
HB-01116,Non-private (overfit),0.27089553159608837
HB-01117,Non-private (overfit),1.0635254274880857
HB-01118,Non-private (overfit),0.126951842330856
HB-01119,Non-private (overfit),0.7379428138947053
HB-01120,Non-private (overfit),0.21695629111835746
HB-01121,Non-private (overfit),-1.596120387823042
HB-01123,Non-private (overfit),0.2488319789687048
HB-01124,Non-private (overfit),0.025622490098258788
HB-01125,Non-private (overfit),0.24726128892500254
HB-01126,Non-private (overfit),-1.0289797155041271
HB-01127,Non-private (overfit),0.374378078725194
HB-01128,Non-private (overfit),0.43709940376391254
HB-01129,Non-private (overfit),-0.03245018420013901
HB-01130,Non-private (overfit),0.29298211686605535
HB-01131,Non-private (overfit),0.4855925366661693
HB-01132,Non-private (overfit),-0.05641774485151829
HB-01134,Non-private (overfit),0.6646611185060611
HB-01135,Non-private (overfit),-0.10706418621920366
HB-01136,Non-private (overfit),0.47904211862741786
HB-01137,Non-private (overfit),1.2799310266752308
HB-01138,Non-private (overfit),-0.7750030100262739
HB-01139,Non-private (overfit),0.6583697497140413
HB-01140,Non-private (overfit),0.6693508917209772
HB-01141,Non-private (overfit),0.26645472728960096
HB-01142,Non-private (overfit),0.2613278321299357
HB-01143,Non-private (overfit),1.148618469584887
HB-01144,Non-private (overfit),0.4480901893734506
HB-01145,Non-private (overfit),0.6857643975802807
HB-01146,Non-private (overfit),-0.5278077240255472
HB-01147,Non-private (overfit),-0.8829137214592819
HB-01148,Non-private (overfit),0.949492003867489
HB-01149,Non-private (overfit),0.15908069716297313
HB-01150,Non-private (overfit),-0.13095284098243365
HB-01152,Non-private (overfit),-0.1670407907651601
HB-01154,Non-private (overfit),0.7429143142786316
HB-01156,Non-private (overfit),0.40731204778033425
HB-01157,Non-private (overfit),0.30492320138232354
HB-01158,Non-private (overfit),0.5418399432123682
HB-01159,Non-private (overfit),-1.1320834371230113
HB-01160,Non-private (overfit),0.17967839492596016
HB-01163,Non-private (overfit),-0.45616449250804003
HB-01164,Non-private (overfit),-0.9939581224948766
HB-01165,Non-private (overfit),0.730208188723477
HB-01166,Non-private (overfit),-0.6184910251644542
HB-01167,Non-private (overfit),0.006958840648032982
HB-01168,Non-private (overfit),-0.26758296853547026
HB-01169,Non-private (overfit),0.8040590050437078
HB-01170,Non-private (overfit),-0.638042087672156
HB-01171,Non-private (overfit),0.2136908269516724
HB-01172,Non-private (overfit),0.8982219151578898
HB-01173,Non-private (overfit),0.15273173544895868
HB-01174,Non-private (overfit),2.084875744301518
HB-01175,Non-private (overfit),-0.11037506903862182
HB-01176,Non-private (overfit),1.126173801220332
HB-01177,Non-private (overfit),-0.9479758389220181
HB-01178,Non-private (overfit),0.06195642164519599
HB-01180,Non-private (overfit),0.32979501382676357
HB-01181,Non-private (overfit),1.0843991681667617
HB-01182,Non-private (overfit),-0.37999055937930626
HB-01183,Non-private (overfit),0.016181048542672105
HB-01184,Non-private (overfit),-1.3291324254862706
HB-01185,Non-private (overfit),0.649716796469102
HB-01186,Non-private (overfit),-0.058092655813359984
HB-01188,Non-private (overfit),-0.39058135559032925
HB-01189,Non-private (overfit),-0.21743459236505958
HB-01190,Non-private (overfit),-1.9025278088622046
HB-01191,Non-private (overfit),-0.2331730768193152
HB-01193,Non-private (overfit),0.5354253891688667
HB-01194,Non-private (overfit),0.2657581703483942
HB-01195,Non-private (overfit),-0.01236279941619145
HB-01196,Non-private (overfit),0.0020585917024820155
HB-01197,Non-private (overfit),0.05035449528805591
HB-01198,Non-private (overfit),-1.675059258991948
HB-01199,Non-private (overfit),-0.04355039755386936
HB-01200,Non-private (overfit),0.3792916536063087
HB-01202,Non-private (overfit),-0.30036803880085206
HB-01203,Non-private (overfit),0.23021479110641863
HB-01204,Non-private (overfit),0.2747181090183397
HB-01205,Non-private (overfit),-0.07633509349757284
HB-01206,Non-private (overfit),1.3721438190297897
HB-01207,Non-private (overfit),1.041621761394556
HB-01209,Non-private (overfit),-0.9023861536271918
HB-01210,Non-private (overfit),-0.41403137331061535
HB-01211,Non-private (overfit),0.2106676829042391
HB-01212,Non-private (overfit),-0.11898799057010556
HB-01213,Non-private (overfit),0.3333029311261342
HB-01214,Non-private (overfit),-0.3934291346885157
HB-01215,Non-private (overfit),-0.03523776626610586
HB-01216,Non-private (overfit),0.6256534143979242
HB-01217,Non-private (overfit),-0.6850775364823394
HB-01218,Non-private (overfit),0.3890340744857532
HB-01219,Non-private (overfit),-1.9914484661868497
HB-01220,Non-private (overfit),0.2199298812531605
HB-01221,Non-private (overfit),0.00395050548275544
HB-01222,Non-private (overfit),-0.2748762926075039
HB-01223,Non-private (overfit),-0.004687277157094938
HB-01224,Non-private (overfit),-0.6265324145544264
HB-01225,Non-private (overfit),-1.0457960711539187
HB-01227,Non-private (overfit),0.4808998708861052
HB-01229,Non-private (overfit),-0.6038658123744738
HB-01230,Non-private (overfit),0.20321119143189392
HB-01231,Non-private (overfit),-0.5089023231407386
HB-01232,Non-private (overfit),0.03293012366188908
HB-01233,Non-private (overfit),0.25167098295922363
HB-01234,Non-private (overfit),0.3283783472831896
HB-01235,Non-private (overfit),-0.6023737323609316
HB-01236,Non-private (overfit),0.4518856308366681
HB-01237,Non-private (overfit),0.7910068184724157
HB-01238,Non-private (overfit),0.16606830923879157
HB-01239,Non-private (overfit),-0.5775760881208387
HB-01240,Non-private (overfit),-0.16006418574522274
HB-01241,Non-private (overfit),0.9737983057512314
HB-01242,Non-private (overfit),0.6568322927419334
HB-01243,Non-private (overfit),0.010240721880741877
HB-01245,Non-private (overfit),-0.020291374254209904
HB-01246,Non-private (overfit),0.3454017556894349
HB-01247,Non-private (overfit),0.6320059852874369
HB-01248,Non-private (overfit),0.6375444819819385
HB-01249,Non-private (overfit),0.742667330928932
HB-01251,Non-private (overfit),2.090647969362523
HB-01252,Non-private (overfit),-0.5065408418043895
HB-01253,Non-private (overfit),-0.32007627178379416
HB-01254,Non-private (overfit),0.11919126440767658
HB-01255,Non-private (overfit),0.8340220342479081
HB-01256,Non-private (overfit),0.15963221789963433
HB-01257,Non-private (overfit),-0.6767261808687854
HB-01258,Non-private (overfit),-0.46807049977511916
HB-01259,Non-private (overfit),0.4764056808025041
HB-01260,Non-private (overfit),-0.45943530409986266
HB-01262,Non-private (overfit),-0.06671876516788955
HB-01263,Non-private (overfit),0.2919965453863782
HB-01264,Non-private (overfit),0.7080353453292025
HB-01265,Non-private (overfit),-1.1862823626011396
HB-01266,Non-private (overfit),-0.0773337673199116
HB-01267,Non-private (overfit),0.4624744681963251
HB-01268,Non-private (overfit),-0.44721788287066766
HB-01269,Non-private (overfit),-0.3452668189540298
HB-01270,Non-private (overfit),-1.2420484878679685
HB-01271,Non-private (overfit),0.3117005728433935
HB-01272,Non-private (overfit),-0.1631799595649529
HB-01273,Non-private (overfit),-0.5281819841920701
HB-01274,Non-private (overfit),0.31178593189022497
HB-01275,Non-private (overfit),0.2620629390808329
HB-01276,Non-private (overfit),0.3926986672539927
HB-01277,Non-private (overfit),-0.12594509817040844
HB-01278,Non-private (overfit),0.13119735809621957
HB-01279,Non-private (overfit),-0.7254958667605989
HB-01281,Non-private (overfit),-2.171122897050281
HB-01282,Non-private (overfit),-0.26070770223674744
HB-01283,Non-private (overfit),0.5257271715925688
HB-01284,Non-private (overfit),-0.7093752371604283
HB-01286,Non-private (overfit),0.4709717845169692
HB-01287,Non-private (overfit),0.24218126001859108
HB-01289,Non-private (overfit),0.44291570805366265
HB-01290,Non-private (overfit),0.9656220367359825
HB-01291,Non-private (overfit),0.7443972053445922
HB-01292,Non-private (overfit),0.10759935662188891
HB-01293,Non-private (overfit),0.5959442449132151
HB-01294,Non-private (overfit),0.756458371400873
HB-01295,Non-private (overfit),-0.9887487378925037
HB-01297,Non-private (overfit),-0.5317437992114933
HB-01298,Non-private (overfit),0.1588498859926777
HB-01299,Non-private (overfit),0.2511402827708056
HB-01300,Non-private (overfit),0.24836542326096733
HB-01301,Non-private (overfit),0.8405144381102324
HB-01302,Non-private (overfit),0.34066761763272324
HB-01303,Non-private (overfit),0.25807086576256943
HB-01304,Non-private (overfit),0.13463091052458342
HB-01305,Non-private (overfit),-0.6155621645784366
HB-01307,Non-private (overfit),-0.2672022089265562
HB-01308,Non-private (overfit),-0.09578809801331012
HB-01309,Non-private (overfit),0.6321964348912958
HB-01310,Non-private (overfit),0.5589766674778331
HB-01311,Non-private (overfit),0.2854012354264084
HB-01312,Non-private (overfit),0.06545432515994865
HB-01313,Non-private (overfit),0.2604034948773628
HB-01314,Non-private (overfit),-0.3258777183126029
HB-01315,Non-private (overfit),-0.13379143932808502
HB-01316,Non-private (overfit),0.36251233752606904
HB-01317,Non-private (overfit),0.613192211292328
HB-01318,Non-private (overfit),-0.6973208904081825
HB-01319,Non-private (overfit),0.04567663077843265
HB-01320,Non-private (overfit),0.1930245175494939
HB-01321,Non-private (overfit),-1.1655225394249342
HB-01322,Non-private (overfit),0.2897528123402343
HB-01323,Non-private (overfit),0.244824584879187
HB-01325,Non-private (overfit),-0.9181889694781871
HB-01326,Non-private (overfit),0.5783471939552883
HB-01327,Non-private (overfit),0.10472873754919809
HB-01328,Non-private (overfit),0.2824373613750737
HB-01329,Non-private (overfit),-0.037022116595891275
HB-01330,Non-private (overfit),-0.11483343592512485
HB-01331,Non-private (overfit),0.04145582704940143
HB-01332,Non-private (overfit),0.2302068579468668
HB-01333,Non-private (overfit),0.5085017289154152
HB-01334,Non-private (overfit),0.08199889646130631
HB-01335,Non-private (overfit),0.24900671823474063
HB-01336,Non-private (overfit),-0.0030086760936209878
HB-01337,Non-private (overfit),0.46817012971885763
HB-01338,Non-private (overfit),-1.3510560373655065
HB-01339,Non-private (overfit),-0.14382237220828697
HB-01340,Non-private (overfit),0.2782024981494797
HB-01342,Non-private (overfit),-0.22695365443635618
HB-01343,Non-private (overfit),-1.0141582767757844
HB-01344,Non-private (overfit),0.04127349940957603
HB-01345,Non-private (overfit),-0.1062584065792227
HB-01346,Non-private (overfit),0.7723277329118836
HB-01347,Non-private (overfit),-0.40390554106300625
HB-01348,Non-private (overfit),0.33411875535136404
HB-01349,Non-private (overfit),0.05545465110775938
HB-01350,Non-private (overfit),-57.4206643547147
HB-01351,Non-private (overfit),0.21152142857231615
HB-01352,Non-private (overfit),0.38611794266789556
HB-01353,Non-private (overfit),-0.09831038737296494
HB-01355,Non-private (overfit),-0.03787013133427619
HB-01356,Non-private (overfit),0.2744872925905
HB-01357,Non-private (overfit),0.7330913013667724
HB-01358,Non-private (overfit),-0.12941935837389762
HB-01359,Non-private (overfit),-0.3517586869889078
HB-01360,Non-private (overfit),-0.3306481499936069
HB-01361,Non-private (overfit),0.4871764408959107
HB-01363,Non-private (overfit),-2.4069185430939823
HB-01364,Non-private (overfit),0.27527120721107234
HB-01365,Non-private (overfit),-0.6402300641862386
HB-01366,Non-private (overfit),0.41856999211690316
HB-01368,Non-private (overfit),0.08506839407180777
HB-01369,Non-private (overfit),-0.08302372572796912
HB-01370,Non-private (overfit),0.46743473592313345
HB-01372,Non-private (overfit),0.18348865201416076
HB-01375,Non-private (overfit),-1.9844375900591285
HB-01376,Non-private (overfit),-0.7425942571685336
HB-01377,Non-private (overfit),0.2394097660754091
HB-01378,Non-private (overfit),0.2964135621589985
HB-01379,Non-private (overfit),0.2095304921234613
HB-01380,Non-private (overfit),-0.06065089710264093
HB-01381,Non-private (overfit),0.2780794368377213
HB-01382,Non-private (overfit),0.10086060871646318
HB-01383,Non-private (overfit),-0.16195016443607746
HB-01384,Non-private (overfit),0.4455451074244493
HB-01386,Non-private (overfit),0.6841536142165847
HB-01387,Non-private (overfit),-0.13418742699317265
HB-01388,Non-private (overfit),0.31875001592916063
HB-01389,Non-private (overfit),0.3107046080933664
HB-01390,Non-private (overfit),0.45885096355172195
HB-01391,Non-private (overfit),1.5699622032596636
HB-01392,Non-private (overfit),0.95854547356611
HB-01393,Non-private (overfit),0.5431398730513297
HB-01394,Non-private (overfit),0.7390707624313884
HB-01395,Non-private (overfit),0.7210455917669574
HB-01396,Non-private (overfit),0.41680352601883497
HB-01397,Non-private (overfit),-0.3179133290905447
HB-01399,Non-private (overfit),0.1492811092870716
HB-01400,Non-private (overfit),-0.21708827992743673
HB-01401,Non-private (overfit),0.10475798567655725
HB-01402,Non-private (overfit),0.3224260678892752
HB-01403,Non-private (overfit),-0.19936563176269217
HB-01404,Non-private (overfit),0.44817999160074884
HB-01405,Non-private (overfit),0.5353446623452687
HB-01406,Non-private (overfit),1.3356895761059748
HB-01407,Non-private (overfit),0.882869215523473
HB-01409,Non-private (overfit),0.31953790887382016
HB-01410,Non-private (overfit),0.08230505143306932
HB-01411,Non-private (overfit),-0.38518463573352335
HB-01412,Non-private (overfit),-1.0699364318981335
HB-01413,Non-private (overfit),0.298294542627908
HB-01414,Non-private (overfit),0.5032900170285186
HB-01415,Non-private (overfit),0.26719058470314483
HB-01416,Non-private (overfit),0.2372006724220843
HB-01417,Non-private (overfit),-0.4593419537953731
HB-01418,Non-private (overfit),0.6358927999243096
HB-01419,Non-private (overfit),0.1947643576247735
HB-01420,Non-private (overfit),-0.09866970034781808
HB-01421,Non-private (overfit),0.3145499473836806
HB-01422,Non-private (overfit),-0.196344923764588
HB-01423,Non-private (overfit),0.1868507649454738
HB-01424,Non-private (overfit),0.30581924333345545
HB-01425,Non-private (overfit),-0.15620772260217908
HB-01426,Non-private (overfit),0.37114571712315647
HB-01427,Non-private (overfit),-0.18982216248010597
HB-01429,Non-private (overfit),-0.22840719848968827
HB-01430,Non-private (overfit),-0.9266991479859561
HB-01431,Non-private (overfit),0.3738580184398437
HB-01432,Non-private (overfit),-0.041967297240276924
HB-01433,Non-private (overfit),0.3646414826719252
HB-01434,Non-private (overfit),0.6848992495881223
HB-01436,Non-private (overfit),0.1532644471291449
HB-01437,Non-private (overfit),-0.507976630200931
HB-01438,Non-private (overfit),-0.7071186178817426
HB-01439,Non-private (overfit),0.06566260341702601
HB-01440,Non-private (overfit),-0.20076217159459597
HB-01441,Non-private (overfit),-0.09323780101772206
HB-01442,Non-private (overfit),0.5278843189253509
HB-01443,Non-private (overfit),0.08374447355501524
HB-01444,Non-private (overfit),0.5750033909512849
HB-01445,Non-private (overfit),0.09245023378130224
HB-01446,Non-private (overfit),-0.4234071039440812
HB-01448,Non-private (overfit),-0.22677353752221951
HB-01449,Non-private (overfit),0.1389086252742635
HB-01451,Non-private (overfit),0.32859446070380527
HB-01452,Non-private (overfit),0.3907742746138336
HB-01454,Non-private (overfit),0.3199563396463736
HB-01455,Non-private (overfit),0.5493357615048118
HB-01456,Non-private (overfit),-0.22927963555708442
HB-01457,Non-private (overfit),0.07327580547711388
HB-01458,Non-private (overfit),0.6523114947017712
HB-01459,Non-private (overfit),-0.1476848456021269
HB-01460,Non-private (overfit),0.01974516976619245
HB-01462,Non-private (overfit),0.27520713579073686
HB-01463,Non-private (overfit),-0.14580702883805574
HB-01464,Non-private (overfit),0.6149174304583362
HB-01465,Non-private (overfit),0.048216020914449764
HB-01466,Non-private (overfit),-0.3205795773555642
HB-01467,Non-private (overfit),0.25748364293814463
HB-01468,Non-private (overfit),-0.31888016529648766
HB-01469,Non-private (overfit),-0.42171317879789516
HB-01470,Non-private (overfit),0.1304619201037922
HB-01471,Non-private (overfit),-0.6580697179331076
HB-01472,Non-private (overfit),0.3249715173387122
HB-01473,Non-private (overfit),-0.14490940257006502
HB-01474,Non-private (overfit),-0.3768269529536974
HB-01475,Non-private (overfit),0.223154118840728
HB-01476,Non-private (overfit),0.16319061728846584
HB-01477,Non-private (overfit),-0.5354084468957723
HB-01478,Non-private (overfit),-0.45400034861848715
HB-01480,Non-private (overfit),0.34378092215652156
HB-01481,Non-private (overfit),-0.26196017588466725
HB-01482,Non-private (overfit),0.06267566760762033
HB-01483,Non-private (overfit),-1.2702231057389537
HB-01484,Non-private (overfit),-0.11100617755849274
HB-01485,Non-private (overfit),1.8872571940368439
HB-01486,Non-private (overfit),0.18552826965703995
HB-01487,Non-private (overfit),0.5181080852966329
HB-01488,Non-private (overfit),0.5209777128800024
HB-01489,Non-private (overfit),-2.2949887643784552
HB-01490,Non-private (overfit),0.730492443607351
HB-01491,Non-private (overfit),-0.06330392389933115
HB-01492,Non-private (overfit),0.2898923826812685
HB-01493,Non-private (overfit),-0.429015268500863
HB-01494,Non-private (overfit),1.0809617543539065
HB-01495,Non-private (overfit),-0.5428460653281619
HB-01496,Non-private (overfit),1.1136826058460534
HB-01497,Non-private (overfit),-3.1113885610258447
HB-01500,Non-private (overfit),0.366991733710492
HB-01501,Non-private (overfit),0.22821421504625494
HB-01502,Non-private (overfit),-0.26463900686692066
HB-01503,Non-private (overfit),-0.23558152050244896
HB-01504,Non-private (overfit),-0.3340647630065028
HB-01505,Non-private (overfit),-0.32647145562426205
HB-01506,Non-private (overfit),0.48941841477740466
HB-01507,Non-private (overfit),-0.07629034024332615
HB-01508,Non-private (overfit),0.5320912963963248
HB-01509,Non-private (overfit),-0.14876483737645518
HB-01510,Non-private (overfit),0.3869135489938911
HB-01511,Non-private (overfit),-0.23801569575327042
HB-01512,Non-private (overfit),0.32886882924725314
HB-01513,Non-private (overfit),1.216195855363343
HB-01514,Non-private (overfit),0.33890703567648384
HB-01515,Non-private (overfit),0.810275262065296
HB-01516,Non-private (overfit),0.11554178837904194
HB-01517,Non-private (overfit),-0.5936422935626563
HB-01519,Non-private (overfit),-0.30859457793602796
HB-01520,Non-private (overfit),-0.2769831215890226
HB-01521,Non-private (overfit),0.4693277665850871
HB-01522,Non-private (overfit),1.001629517821841
HB-01523,Non-private (overfit),-0.058276732232730666
HB-01524,Non-private (overfit),-0.8452821418942049
HB-01525,Non-private (overfit),-0.3874787149855565
HB-01526,Non-private (overfit),4.927089123945628
HB-01527,Non-private (overfit),0.8865798627836314
HB-01528,Non-private (overfit),0.2423584116622206
HB-01530,Non-private (overfit),0.42563765131953746
HB-01532,Non-private (overfit),-0.6440819832063684
HB-01533,Non-private (overfit),0.11451540041170216
HB-01534,Non-private (overfit),-0.5176128007574754
HB-01535,Non-private (overfit),-0.6633923388127876
HB-01536,Non-private (overfit),-0.5231715143094426
HB-01537,Non-private (overfit),-1.7136216217723663
HB-01538,Non-private (overfit),0.6656934465936575
HB-01539,Non-private (overfit),0.4066410781601797
HB-01540,Non-private (overfit),-0.7254010048213004
HB-01541,Non-private (overfit),0.04991795733527038
HB-01542,Non-private (overfit),-0.01703227953596298
HB-01543,Non-private (overfit),0.4236996169425634
HB-01544,Non-private (overfit),1.6428156340414168
HB-01545,Non-private (overfit),-0.34676020306737154
HB-01546,Non-private (overfit),0.9533137393687485
HB-01547,Non-private (overfit),0.27581714357841314
HB-01548,Non-private (overfit),-0.16801081129063178
HB-01549,Non-private (overfit),0.32703763869925995
HB-01550,Non-private (overfit),-0.432573460036085
HB-01551,Non-private (overfit),0.44287704652992943
HB-01552,Non-private (overfit),-0.19863195098837338
HB-01553,Non-private (overfit),0.2770493007351341
HB-01554,Non-private (overfit),-1.2337765898364104
HB-01555,Non-private (overfit),-0.3901043193248874
HB-01556,Non-private (overfit),0.1139774649214833
HB-01557,Non-private (overfit),-0.8692255666375409
HB-01558,Non-private (overfit),-0.990141160932672
HB-01559,Non-private (overfit),0.32699495625247277
HB-01560,Non-private (overfit),0.07851558487873822
HB-01561,Non-private (overfit),-0.7616980304227075
HB-01562,Non-private (overfit),0.9242027416840133
HB-01563,Non-private (overfit),0.24055783455076574
HB-01564,Non-private (overfit),0.28004314406735475
HB-01565,Non-private (overfit),0.08964816310911683
HB-01566,Non-private (overfit),0.6414594310289093
HB-01567,Non-private (overfit),-0.1042758723078201
HB-01568,Non-private (overfit),0.5751980146566986
HB-01570,Non-private (overfit),-0.02552407616167418
HB-01571,Non-private (overfit),-0.8455341184061502
HB-01572,Non-private (overfit),0.16606512676249507
HB-01573,Non-private (overfit),-0.09705493178465252
HB-01574,Non-private (overfit),-0.11498579695849309
HB-01575,Non-private (overfit),0.620257537526439
HB-01576,Non-private (overfit),0.003208386285012743
HB-01577,Non-private (overfit),-0.08051160294422677
HB-01578,Non-private (overfit),-0.4091120331512581
HB-01579,Non-private (overfit),-1.9630713687454802
HB-01580,Non-private (overfit),0.5174512232690187
HB-01581,Non-private (overfit),-0.23591356968924915
HB-01582,Non-private (overfit),1.2419001010553261
HB-01583,Non-private (overfit),0.6204912352166966
HB-01584,Non-private (overfit),0.5934151288606537
HB-01585,Non-private (overfit),-0.08252953715559519
HB-01586,Non-private (overfit),0.24107503999171298
HB-01587,Non-private (overfit),0.5412998694984719
HB-01588,Non-private (overfit),0.08374374379829252
HB-01589,Non-private (overfit),0.20067602043347676
HB-01590,Non-private (overfit),-0.10155786058670091
HB-01591,Non-private (overfit),0.2689526989252484
HB-01592,Non-private (overfit),0.007664387564727315
HB-01593,Non-private (overfit),0.6482457934795736
HB-01594,Non-private (overfit),0.9074038756179892
HB-01595,Non-private (overfit),-0.0722638602789083
HB-01596,Non-private (overfit),-0.2896405850336181
HB-01597,Non-private (overfit),0.22887302531936538
HB-01598,Non-private (overfit),0.27063503561984037
HB-01599,Non-private (overfit),-0.4099629428444228
HB-01600,Non-private (overfit),-1.5352593971251196
HB-01602,Non-private (overfit),0.8180395517402368
HB-01603,Non-private (overfit),0.17461608732345457
HB-01604,Non-private (overfit),0.028897063331676187
HB-01605,Non-private (overfit),0.7184428523466961
HB-01606,Non-private (overfit),-0.07147700889101305
HB-01607,Non-private (overfit),0.3451119121751647
HB-01608,Non-private (overfit),0.6033495663960449
HB-01609,Non-private (overfit),0.4756642568536682
HB-01611,Non-private (overfit),-0.09360508483519947
HB-01612,Non-private (overfit),-47.353968479815244
HB-01613,Non-private (overfit),-0.4704244670598381
HB-01614,Non-private (overfit),-0.21330799997546868
HB-01616,Non-private (overfit),0.12448399839057545
HB-01618,Non-private (overfit),0.005194787967314873
HB-01619,Non-private (overfit),0.36917367619352426
HB-01620,Non-private (overfit),0.38631785067578517
HB-01621,Non-private (overfit),0.6332012229292299
HB-01623,Non-private (overfit),-0.8970054264033798
HB-01624,Non-private (overfit),-0.31492827927885303
HB-01625,Non-private (overfit),-2.274402566742561
HB-01626,Non-private (overfit),0.5688824469526579
HB-01627,Non-private (overfit),0.07311188526576151
HB-01628,Non-private (overfit),0.32198513102683046
HB-01629,Non-private (overfit),-0.1470075893619629
HB-01630,Non-private (overfit),0.07015994805400805
HB-01631,Non-private (overfit),-0.13209110225281773
HB-01632,Non-private (overfit),0.4915504467039593
HB-01633,Non-private (overfit),0.25957188168404133
HB-01634,Non-private (overfit),0.24510981062829762
HB-01635,Non-private (overfit),0.5189628145731482
HB-01636,Non-private (overfit),-0.6485168256947644
HB-01637,Non-private (overfit),-0.09207933752423147
HB-01639,Non-private (overfit),0.05823869038896601
HB-01640,Non-private (overfit),0.06662412857548228
HB-01641,Non-private (overfit),0.42534957348955227
HB-01642,Non-private (overfit),0.6264188646910697
HB-01643,Non-private (overfit),-0.010766747737737559
HB-01644,Non-private (overfit),-0.39395144579338726
HB-01645,Non-private (overfit),0.033810092437606576
HB-01646,Non-private (overfit),0.12935299477914486
HB-01647,Non-private (overfit),0.27838706122038714
HB-01648,Non-private (overfit),-1.6937604825363293
HB-01649,Non-private (overfit),-0.31222196252002843
HB-01650,Non-private (overfit),0.41412791648141645
HB-01651,Non-private (overfit),-1.3179426874856621
HB-01652,Non-private (overfit),-0.44297405668007217
HB-01653,Non-private (overfit),-0.16551669920360834
HB-01654,Non-private (overfit),-0.20805383930064392
HB-01655,Non-private (overfit),-0.11116163589041061
HB-01656,Non-private (overfit),0.8216015404213401
HB-01657,Non-private (overfit),0.32610885473422213
HB-01658,Non-private (overfit),0.06442381912362638
HB-01660,Non-private (overfit),-0.12660510443942385
HB-01661,Non-private (overfit),-0.23713185042133755
HB-01662,Non-private (overfit),0.3944983961335722
HB-01663,Non-private (overfit),-1.0353430509290367
HB-01664,Non-private (overfit),0.6572492135696122
HB-01665,Non-private (overfit),-0.3647651816799371
HB-01666,Non-private (overfit),-0.17370616437693132
HB-01667,Non-private (overfit),1.890762509678921
HB-01668,Non-private (overfit),0.5670542887745862
HB-01670,Non-private (overfit),0.2838504142410738
HB-01671,Non-private (overfit),-1.0095236011860091
HB-01672,Non-private (overfit),-0.3533887409597818
HB-01673,Non-private (overfit),0.42731301520377896
HB-01674,Non-private (overfit),-0.21801556366678432
HB-01675,Non-private (overfit),-0.2593002103567694
HB-01676,Non-private (overfit),0.5141559754815348
HB-01679,Non-private (overfit),0.2846617064971185
HB-01680,Non-private (overfit),-0.21598657992431192
HB-01681,Non-private (overfit),-0.32139584848781977
HB-01682,Non-private (overfit),0.8495537082846804
HB-01683,Non-private (overfit),0.8348597644625741
HB-01685,Non-private (overfit),0.0036036543312389924
HB-01687,Non-private (overfit),1.108359466382344
HB-01688,Non-private (overfit),0.1565184749763031
HB-01689,Non-private (overfit),0.012171122902686515
HB-01690,Non-private (overfit),-0.2857849020756418
HB-01691,Non-private (overfit),0.21828819405268896
HB-01692,Non-private (overfit),-0.9409978264358849
HB-01693,Non-private (overfit),0.6613499052654768
HB-01694,Non-private (overfit),0.07151455536848261
HB-01695,Non-private (overfit),-0.741278125403241
HB-01696,Non-private (overfit),-0.04167346313249376
HB-01697,Non-private (overfit),-0.7838054055304382
HB-01698,Non-private (overfit),-0.2100507727278973
HB-01699,Non-private (overfit),0.3066238416979794
HB-01700,Non-private (overfit),-0.2129250215760643
HB-01701,Non-private (overfit),0.7274655812822901
HB-01702,Non-private (overfit),0.023865326309528312
HB-01703,Non-private (overfit),-0.04648388162490391
HB-01704,Non-private (overfit),0.4042011900011586
HB-01705,Non-private (overfit),0.017474357573080912
HB-01706,Non-private (overfit),0.03971512180406234
HB-01708,Non-private (overfit),-0.14489596588096743
HB-01709,Non-private (overfit),0.13455782639976333
HB-01710,Non-private (overfit),0.22885374450174645
HB-01712,Non-private (overfit),0.2791090072932182
HB-01713,Non-private (overfit),-0.15616959748833414
HB-01714,Non-private (overfit),0.18223638554422816
HB-01715,Non-private (overfit),0.042227365811708495
HB-01716,Non-private (overfit),0.20970945112249262
HB-01717,Non-private (overfit),0.6012732363497918
HB-01718,Non-private (overfit),0.19586225855394934
HB-01719,Non-private (overfit),-1.6118006971193735
HB-01720,Non-private (overfit),-0.8178784143023148
HB-01721,Non-private (overfit),0.32015303328687994
HB-01722,Non-private (overfit),0.17231754426095347
HB-01723,Non-private (overfit),0.27619423558657874
HB-01724,Non-private (overfit),-0.01310840429548632
HB-01725,Non-private (overfit),0.5442277091954735
HB-01726,Non-private (overfit),0.09102626025698246
HB-01727,Non-private (overfit),0.5446939136008457
HB-01728,Non-private (overfit),-0.14625495015883905
HB-01729,Non-private (overfit),-2.5565841423814986
HB-01730,Non-private (overfit),0.6241192461099754
HB-01731,Non-private (overfit),-0.23547117828205444
HB-01732,Non-private (overfit),-0.48041974683817257
HB-01733,Non-private (overfit),0.31556681856755464
HB-01734,Non-private (overfit),-0.20517718567407695
HB-01735,Non-private (overfit),0.26973719642978633
HB-01736,Non-private (overfit),2.659168231906618
HB-01737,Non-private (overfit),0.47761976751439583
HB-01738,Non-private (overfit),-0.21795532217716906
HB-01739,Non-private (overfit),-0.5690873809135448
HB-01740,Non-private (overfit),0.08614020044194803
HB-01741,Non-private (overfit),-0.1164352170066143
HB-01742,Non-private (overfit),-0.2661379218174924
HB-01743,Non-private (overfit),-0.09326899648128428
HB-01744,Non-private (overfit),0.08583401773988264
HB-01745,Non-private (overfit),0.08895135439903812
HB-01747,Non-private (overfit),-0.6135309634184227
HB-01748,Non-private (overfit),-0.6946924491495059
HB-01749,Non-private (overfit),-0.08109897927638965
HB-01750,Non-private (overfit),0.5805194364250346
HB-01751,Non-private (overfit),0.33376797074272346
HB-01752,Non-private (overfit),3.203603935486345
HB-01753,Non-private (overfit),-0.6567924511772354
HB-01755,Non-private (overfit),0.17555266362003108
HB-01756,Non-private (overfit),-0.7592019016009866
HB-01757,Non-private (overfit),-0.15208941884675165
HB-01758,Non-private (overfit),0.026701454701749228
HB-01760,Non-private (overfit),0.7643130470117512
HB-01761,Non-private (overfit),1.131506660667811
HB-01762,Non-private (overfit),-0.41595543333801244
HB-01763,Non-private (overfit),-1.5338106648414827
HB-01765,Non-private (overfit),0.6799315243933425
HB-01766,Non-private (overfit),0.10391116222853647
HB-01767,Non-private (overfit),0.018970620599116916
HB-01768,Non-private (overfit),-0.206418398018948
HB-01769,Non-private (overfit),0.6737150020619116
HB-01770,Non-private (overfit),0.132246572908858
HB-01771,Non-private (overfit),-0.1696986876035519
HB-01772,Non-private (overfit),-0.2871360934464624
HB-01773,Non-private (overfit),0.6046666863787165
HB-01774,Non-private (overfit),-0.5358421028663507
HB-01775,Non-private (overfit),-0.7997947803109445
HB-01776,Non-private (overfit),-0.05341896959551162
HB-01777,Non-private (overfit),-0.0246410268791164
HB-01779,Non-private (overfit),-0.983741873943492
HB-01780,Non-private (overfit),0.183678195349392
HB-01781,Non-private (overfit),-0.2262062412833563
HB-01783,Non-private (overfit),-0.8594793660425509
HB-01784,Non-private (overfit),-0.030882155233376896
HB-01785,Non-private (overfit),-0.531242199306464
HB-01786,Non-private (overfit),0.07122748918863353
HB-01789,Non-private (overfit),0.5827923415932357
HB-01791,Non-private (overfit),0.7983501356668641
HB-01792,Non-private (overfit),0.36861386702616583
HB-01793,Non-private (overfit),1.0565009276873305
HB-01794,Non-private (overfit),-0.08753484641628995
HB-01795,Non-private (overfit),-1.2827330743586842
HB-01796,Non-private (overfit),0.31110055981397333
HB-01797,Non-private (overfit),-0.09574742280757842
HB-01798,Non-private (overfit),1.2582380689424255
HB-01800,Non-private (overfit),0.1798610415625278
HB-01801,Non-private (overfit),-3.1099832958270506
HB-01802,Non-private (overfit),-0.14484466814184094
HB-01803,Non-private (overfit),-0.15792895192585443
HB-01804,Non-private (overfit),-0.029436518414213575
HB-01805,Non-private (overfit),-0.853362962397691
HB-01806,Non-private (overfit),0.12362349286931296
HB-01807,Non-private (overfit),0.3975780368062116
HB-01808,Non-private (overfit),0.23816961069926723
HB-01809,Non-private (overfit),-0.00014336431129702287
HB-01810,Non-private (overfit),-0.36275715221948235
HB-01811,Non-private (overfit),-0.2775616325890362
HB-01812,Non-private (overfit),0.26864279628470933
HB-01813,Non-private (overfit),0.4507204450274678
HB-01814,Non-private (overfit),-0.2954508445535555
HB-01815,Non-private (overfit),0.020607057343288493
HB-01816,Non-private (overfit),-2.6184957875959
HB-01817,Non-private (overfit),-0.19634618453167585
HB-01818,Non-private (overfit),0.2560498672007957
HB-01820,Non-private (overfit),0.12501855719235722
HB-01821,Non-private (overfit),0.3167552729266123
HB-01822,Non-private (overfit),-0.7434792763898348
HB-01823,Non-private (overfit),-0.0023811956697470382
HB-01824,Non-private (overfit),0.4621447964510559
HB-01825,Non-private (overfit),-0.43964483367167606
HB-01826,Non-private (overfit),-0.275273618054766
HB-01827,Non-private (overfit),-4.883812783314187
HB-01828,Non-private (overfit),0.35657649799316626
HB-01829,Non-private (overfit),0.2784432006032027
HB-01830,Non-private (overfit),0.9927643262102341
HB-01831,Non-private (overfit),-0.3633627003214154
HB-01833,Non-private (overfit),0.5642546690084798
HB-01834,Non-private (overfit),-0.06986907450212132
HB-01835,Non-private (overfit),0.5921295774374298
HB-01836,Non-private (overfit),-0.15744157256951308
HB-01837,Non-private (overfit),-0.11823233569731317
HB-01838,Non-private (overfit),-0.037630964798376576
HB-01839,Non-private (overfit),-0.47189632048663555
HB-01840,Non-private (overfit),-0.1956931677758731
HB-01841,Non-private (overfit),0.31950257627548084
HB-01842,Non-private (overfit),-1.6428082883467292
HB-01844,Non-private (overfit),-0.4944406588161794
HB-01846,Non-private (overfit),0.06901255869260425
HB-01847,Non-private (overfit),-0.8042339363022224
HB-01848,Non-private (overfit),0.2837573507517721
HB-01849,Non-private (overfit),-0.2648010185328018
HB-01850,Non-private (overfit),1.9664315302543525
HB-01851,Non-private (overfit),0.2907977889035491
HB-01852,Non-private (overfit),0.2551488812554642
HB-01854,Non-private (overfit),0.2649183037750147
HB-01855,Non-private (overfit),0.1358812422293143
HB-01856,Non-private (overfit),-0.2157340611593943
HB-01857,Non-private (overfit),-0.13455154903229172
HB-01858,Non-private (overfit),1.024285693760281
HB-01859,Non-private (overfit),1.4076132282486002
HB-01860,Non-private (overfit),0.259876603492758
HB-01861,Non-private (overfit),-0.2770935682602418
HB-01862,Non-private (overfit),0.5842503785751278
HB-01863,Non-private (overfit),0.404638713022877
HB-01865,Non-private (overfit),0.47151380742965576
HB-01866,Non-private (overfit),0.41046807949436914
HB-01867,Non-private (overfit),0.30544270513615923
HB-01868,Non-private (overfit),-0.4488571596821884
HB-01869,Non-private (overfit),0.6063582023531172
HB-01870,Non-private (overfit),-0.10337960209600827
HB-01871,Non-private (overfit),-0.7434630498275736
HB-01872,Non-private (overfit),-0.9340317370590605
HB-01873,Non-private (overfit),-0.4287464192719679
HB-01874,Non-private (overfit),-2.7360665128685824
HB-01875,Non-private (overfit),0.5248482746666872
HB-01876,Non-private (overfit),0.9666779824733196
HB-01877,Non-private (overfit),-0.2243529587780715
HB-01878,Non-private (overfit),-0.13849747096670795
HB-01879,Non-private (overfit),0.128948063355789
HB-01880,Non-private (overfit),0.3532707027920723
HB-01881,Non-private (overfit),0.3791766808954373
HB-01882,Non-private (overfit),0.14319040219113544
HB-01883,Non-private (overfit),-0.01275283475480471
HB-01884,Non-private (overfit),0.5839508736476577
HB-01885,Non-private (overfit),0.04873122400073937
HB-01886,Non-private (overfit),0.25283923893989324
HB-01887,Non-private (overfit),-7.185588947417932
HB-01888,Non-private (overfit),-0.05622074742171668
HB-01889,Non-private (overfit),0.3185514245202521
HB-01890,Non-private (overfit),-0.055367571653001546
HB-01891,Non-private (overfit),-0.1318282379182949
HB-01893,Non-private (overfit),0.2068742695963206
HB-01894,Non-private (overfit),0.49444957549697066
HB-01895,Non-private (overfit),-0.6390462894683058
HB-01896,Non-private (overfit),0.5297062518553108
HB-01897,Non-private (overfit),-0.01802767767703317
HB-01898,Non-private (overfit),0.33801149978361344
HB-01900,Non-private (overfit),0.8609308608384887
HB-01901,Non-private (overfit),0.19943591239291014
HB-01902,Non-private (overfit),-0.28005378621076993
HB-01903,Non-private (overfit),-0.011097696931051892
HB-01904,Non-private (overfit),-0.25194528063272514
HB-01905,Non-private (overfit),-0.14084104655678875
HB-01906,Non-private (overfit),0.49162633664540306
HB-01907,Non-private (overfit),0.4109148446087991
HB-01908,Non-private (overfit),0.04527499649688793
HB-01909,Non-private (overfit),-0.3153294818103115
HB-01910,Non-private (overfit),0.05116557920518017
HB-01911,Non-private (overfit),-0.11853085640037042
HB-01912,Non-private (overfit),-1.1734605657662494
HB-01913,Non-private (overfit),0.06519801006079984
HB-01914,Non-private (overfit),0.46565731870988347
HB-01915,Non-private (overfit),1.0603823223781976
HB-01916,Non-private (overfit),-2.516478957221394
HB-01917,Non-private (overfit),0.32657367839282925
HB-01918,Non-private (overfit),0.23627941101989425
HB-01919,Non-private (overfit),-0.10193969245783441
HB-01920,Non-private (overfit),0.3181487641542353
HB-01921,Non-private (overfit),0.6807282556185297
HB-01922,Non-private (overfit),0.14676620083170877
HB-01923,Non-private (overfit),0.15001274997033398
HB-01924,Non-private (overfit),0.6975999642675568
HB-01925,Non-private (overfit),-0.11417524354741282
HB-01926,Non-private (overfit),-0.3387436558432835
HB-01928,Non-private (overfit),0.3403782043070498
HB-01929,Non-private (overfit),-2.2192604518788497
HB-01930,Non-private (overfit),-0.09184136428894163
HB-01931,Non-private (overfit),0.764924004965279
HB-01933,Non-private (overfit),-0.6763140832407588
HB-01934,Non-private (overfit),0.5285253654293296
HB-01935,Non-private (overfit),0.07761128637482706
HB-01936,Non-private (overfit),0.3457832243626935
HB-01937,Non-private (overfit),0.4929708550420935
HB-01938,Non-private (overfit),-0.4883353616113084
HB-01939,Non-private (overfit),0.3773481885353984
HB-01940,Non-private (overfit),-0.4012079909509212
HB-01941,Non-private (overfit),0.8560751701485014
HB-01942,Non-private (overfit),-0.028174243674576438
HB-01944,Non-private (overfit),1.4048118127149767
HB-01945,Non-private (overfit),0.5573089421952255
HB-01946,Non-private (overfit),0.6667528529240077
HB-01947,Non-private (overfit),0.029008209297349485
HB-01948,Non-private (overfit),-0.09854058128998022
HB-01949,Non-private (overfit),0.028936142458401815
HB-01950,Non-private (overfit),-0.2757087126420865
HB-01951,Non-private (overfit),0.5352208222781512
HB-01952,Non-private (overfit),-0.2535580130758781
HB-01953,Non-private (overfit),0.04693344224669338
HB-01954,Non-private (overfit),0.231400720946509
HB-01955,Non-private (overfit),-0.18715487399473707
HB-01956,Non-private (overfit),0.1126877491792353
HB-01958,Non-private (overfit),-0.09159566834843569
HB-01959,Non-private (overfit),-0.6972031117367509
HB-01960,Non-private (overfit),-0.07017294297975307
HB-01961,Non-private (overfit),-0.945928190419471
HB-01962,Non-private (overfit),-0.2106524317259999
HB-01963,Non-private (overfit),-3.063435113337239
HB-01964,Non-private (overfit),-0.15930255749100009
HB-01965,Non-private (overfit),-0.11696412760454078
HB-01966,Non-private (overfit),-0.2532958515738075
HB-01967,Non-private (overfit),1.0206548119303647
HB-01968,Non-private (overfit),0.395022090725454
HB-01969,Non-private (overfit),-0.8542376406373879
HB-01970,Non-private (overfit),-1.326164925035505
HB-01971,Non-private (overfit),0.8930833678574746
HB-01972,Non-private (overfit),-0.7240867255187413
HB-01973,Non-private (overfit),-0.3554646905677503
HB-01974,Non-private (overfit),-1.3001257365402048
HB-01975,Non-private (overfit),-0.7867486679165734
HB-01976,Non-private (overfit),-0.5570631931435356
HB-01978,Non-private (overfit),0.45369861755284346
HB-01980,Non-private (overfit),-0.17821405046993233
HB-01981,Non-private (overfit),0.32637462303510156
HB-01982,Non-private (overfit),0.5693819852090609
HB-01983,Non-private (overfit),0.6507874978497348
HB-01984,Non-private (overfit),-0.9824577184951204
HB-01985,Non-private (overfit),0.39846245814879144
HB-01986,Non-private (overfit),0.5178639909642042
HB-01987,Non-private (overfit),-1.2044202613389103
HB-01988,Non-private (overfit),-0.08330361536586839
HB-01989,Non-private (overfit),-0.24920137331208614
HB-01990,Non-private (overfit),0.3868832882014164
HB-01991,Non-private (overfit),-0.14602406120850775
HB-01992,Non-private (overfit),0.0532791809470905
HB-01993,Non-private (overfit),0.9969778823076023
HB-01994,Non-private (overfit),-0.2851585335630269
HB-01995,Non-private (overfit),1.5098039032608197
HB-01996,Non-private (overfit),2.3060112956190517
HB-01997,Non-private (overfit),-0.31083794348109417
HB-01998,Non-private (overfit),0.45200442650939054
HB-01999,Non-private (overfit),-0.5042105275021258
HB-02000,Non-private (overfit),0.023844018827297697
HB-02001,Non-private (overfit),0.06358684979408746
HB-02004,Non-private (overfit),0.5312790781529206
HB-02005,Non-private (overfit),-4.200412701964568
HB-02006,Non-private (overfit),0.12525610204241122
HB-02007,Non-private (overfit),-0.13874517946673182
HB-02008,Non-private (overfit),0.027803452354937752
HB-02009,Non-private (overfit),-1.492573279828427
HB-02010,Non-private (overfit),0.6370673136528355
HB-02011,Non-private (overfit),0.406685498687964
HB-02012,Non-private (overfit),0.3603868890950561
HB-02013,Non-private (overfit),-0.5128148574582765
HB-02014,Non-private (overfit),-0.3988568050243857
HB-02015,Non-private (overfit),-0.4113421650941853
HB-02016,Non-private (overfit),-0.0913444287445282
HB-02017,Non-private (overfit),0.8420162941130945
HB-02018,Non-private (overfit),-1.6390711782473484
HB-02019,Non-private (overfit),-0.24110121793942962
HB-02020,Non-private (overfit),-0.8325219187968247
HB-02021,Non-private (overfit),0.0462105172497127
HB-02022,Non-private (overfit),0.18172761737106247
HB-02023,Non-private (overfit),0.3204298140045043
HB-02024,Non-private (overfit),-0.1954412061722134
HB-02025,Non-private (overfit),-1.1227392998307093
HB-02026,Non-private (overfit),0.8387453361158428
HB-02027,Non-private (overfit),-0.3868080370155952
HB-02028,Non-private (overfit),-0.41207117986181907
HB-02029,Non-private (overfit),0.3287912972617646
HB-02030,Non-private (overfit),0.41026875177501787
HB-02031,Non-private (overfit),-0.16166519902868282
HB-02032,Non-private (overfit),-2.1105557389051555
HB-02033,Non-private (overfit),-0.013247070091431112
HB-02034,Non-private (overfit),-0.28121538138741087
HB-02035,Non-private (overfit),-5.219957503843167
HB-02036,Non-private (overfit),0.34444543712070763
HB-02037,Non-private (overfit),-0.5057209873584947
HB-02038,Non-private (overfit),0.5714159894935829
HB-02039,Non-private (overfit),-0.2356541968178223
HB-02040,Non-private (overfit),0.4559218486149259
HB-02041,Non-private (overfit),0.4656194711183088
HB-02042,Non-private (overfit),-0.2350845321449988
HB-02044,Non-private (overfit),-0.09301629738621653
HB-02045,Non-private (overfit),-0.2577252521927844
HB-02046,Non-private (overfit),0.5502170143094212
HB-02047,Non-private (overfit),-0.10079733400996715
HB-02048,Non-private (overfit),-9.903724860565985
HB-02049,Non-private (overfit),0.2636555059190582
HB-02050,Non-private (overfit),-0.7006564921657983
HB-02051,Non-private (overfit),0.6188758143995763
HB-02052,Non-private (overfit),0.3280137943249182
HB-02053,Non-private (overfit),0.5593528880245815
HB-02054,Non-private (overfit),0.24111856719420244
HB-02055,Non-private (overfit),0.6648196621589735
HB-02056,Non-private (overfit),0.18963058064074745
HB-02057,Non-private (overfit),0.5723373319132475
HB-02058,Non-private (overfit),-0.8438883681915237
HB-02060,Non-private (overfit),-0.38337068454997514
HB-02061,Non-private (overfit),-0.35445053153851847
HB-02062,Non-private (overfit),0.21616248815079953
HB-02063,Non-private (overfit),-0.8548488347046341
HB-02064,Non-private (overfit),-0.17961518886402295
HB-02065,Non-private (overfit),-0.003594729344013725
HB-02066,Non-private (overfit),0.46864494063574025
HB-02067,Non-private (overfit),-0.436242202412903
HB-02068,Non-private (overfit),0.16400971451338564
HB-02069,Non-private (overfit),-0.8707319275902416
HB-02070,Non-private (overfit),-0.21993966414944333
HB-02071,Non-private (overfit),0.3457564225228418
HB-02072,Non-private (overfit),-0.8112941212055444
HB-02073,Non-private (overfit),0.1867157230738412
HB-02074,Non-private (overfit),0.606191880459447
HB-02075,Non-private (overfit),0.015500603193124629
HB-02076,Non-private (overfit),-1.2308953769285587
HB-02077,Non-private (overfit),-0.9762451772553473
HB-02078,Non-private (overfit),-1.48683976312702
HB-02079,Non-private (overfit),1.0254461685778549
HB-02080,Non-private (overfit),-0.4928050818751455
HB-02081,Non-private (overfit),-2.3828886264379263
HB-02082,Non-private (overfit),0.5374952757961707
HB-02083,Non-private (overfit),1.3582578026116576
HB-02084,Non-private (overfit),0.6564147972654002
HB-02086,Non-private (overfit),-0.10957899031906904
HB-02088,Non-private (overfit),-0.1185074142716942
HB-02090,Non-private (overfit),-0.21372376791991599
HB-02091,Non-private (overfit),-0.07387308278693672
HB-02092,Non-private (overfit),1.2729469684195431
HB-02093,Non-private (overfit),1.0518127167823867
HB-02094,Non-private (overfit),-1.1876120101010446
HB-02095,Non-private (overfit),-0.2471019422943712
HB-02096,Non-private (overfit),0.4637420091753728
HB-02097,Non-private (overfit),-0.2520385194140051
HB-02098,Non-private (overfit),-0.149416467260167
HB-02099,Non-private (overfit),-0.27760398477309667
HB-02100,Non-private (overfit),0.2608868904523163
HB-02101,Non-private (overfit),0.4550400023203105
HB-02102,Non-private (overfit),0.7581647915547036
HB-02103,Non-private (overfit),1.5864577981526113
HB-02104,Non-private (overfit),0.03861289249836042
HB-02105,Non-private (overfit),0.38929103826120326
HB-02106,Non-private (overfit),-0.0900201969079798
HB-02107,Non-private (overfit),-2.7049800755798064
HB-02108,Non-private (overfit),-0.03929108255875857
HB-02109,Non-private (overfit),-0.1914968419644847
HB-02110,Non-private (overfit),1.038838899142715
HB-02111,Non-private (overfit),0.46880655030447493
HB-02112,Non-private (overfit),-0.11271081063480293
HB-02113,Non-private (overfit),-0.6449501647352447
HB-02114,Non-private (overfit),-0.25147198912970326
HB-02115,Non-private (overfit),-0.04538045729785778
HB-02117,Non-private (overfit),0.15818281906545328
HB-02118,Non-private (overfit),-0.2223551504577268
HB-02119,Non-private (overfit),-1.0899343890565918
HB-02120,Non-private (overfit),0.8212569010778104
HB-02121,Non-private (overfit),-1.4426359904022807
HB-02122,Non-private (overfit),-0.25226551451249946
HB-02123,Non-private (overfit),-0.3021503224033226
HB-02125,Non-private (overfit),-0.16116242588614993
HB-02126,Non-private (overfit),-0.3210859529647483
HB-02127,Non-private (overfit),-11.322970821654048
HB-02128,Non-private (overfit),-0.029640478946671822
HB-02129,Non-private (overfit),-4.65225593847034
HB-02130,Non-private (overfit),-0.13021458845718525
HB-02131,Non-private (overfit),-0.9184362237105983
HB-02134,Non-private (overfit),-0.3788379081801079
HB-02135,Non-private (overfit),-1.6043873851554658
HB-02136,Non-private (overfit),0.02764861035948929
HB-02137,Non-private (overfit),0.1993919702333865
HB-02139,Non-private (overfit),-0.4505327551063849
HB-02141,Non-private (overfit),-0.22027341569449232
HB-02142,Non-private (overfit),-0.3454374258378724
HB-02143,Non-private (overfit),0.07173893962936928
HB-02144,Non-private (overfit),0.9715210069832754
HB-02145,Non-private (overfit),-0.2689428840201098
HB-02146,Non-private (overfit),-0.21888546392744013
HB-02147,Non-private (overfit),0.9331198243855137
HB-02148,Non-private (overfit),-0.7072271639102179
HB-02149,Non-private (overfit),1.0149186143368547
HB-02151,Non-private (overfit),0.007067137386474576
HB-02152,Non-private (overfit),-0.8263139631183984
HB-02153,Non-private (overfit),0.034027705151255194
HB-02155,Non-private (overfit),-0.8286772511729878
HB-02158,Non-private (overfit),0.0966416677710511
HB-02159,Non-private (overfit),-0.22091785276039944
HB-02160,Non-private (overfit),0.2671113424075957
HB-02161,Non-private (overfit),0.7804818176338446
HB-02162,Non-private (overfit),-0.06802958709530171
HB-02163,Non-private (overfit),0.5996961856694552
HB-02165,Non-private (overfit),-0.580559182476891
HB-02166,Non-private (overfit),-0.11816358905893654
HB-02167,Non-private (overfit),-0.10289117478525522
HB-02168,Non-private (overfit),-0.4621317124704798
HB-02169,Non-private (overfit),-0.14008674756346617
HB-02170,Non-private (overfit),-0.4341410112677284
HB-02171,Non-private (overfit),-2.368298382631834
HB-02172,Non-private (overfit),0.31412247957083883
HB-02173,Non-private (overfit),0.2031593513102985
HB-02174,Non-private (overfit),0.5257636273954975
HB-02175,Non-private (overfit),0.5345235570426776
HB-02176,Non-private (overfit),0.05489196964777365
HB-02178,Non-private (overfit),0.24783016510104972
HB-02179,Non-private (overfit),0.03958340065293242
HB-02180,Non-private (overfit),1.335664123555207
HB-02181,Non-private (overfit),-0.22507925472967472
HB-02182,Non-private (overfit),0.12184249148742199
HB-02183,Non-private (overfit),-0.011997534670437737
HB-02184,Non-private (overfit),-0.003968838472771075
HB-02185,Non-private (overfit),0.4636864376091443
HB-02186,Non-private (overfit),-0.9678649676111362
HB-02187,Non-private (overfit),-0.07179690728520782
HB-02188,Non-private (overfit),0.7335889851806268
HB-02189,Non-private (overfit),-0.17778362471875808
HB-02190,Non-private (overfit),0.9275916569705183
HB-02191,Non-private (overfit),0.0010610295743052056
HB-02192,Non-private (overfit),0.11603500039053849
HB-02193,Non-private (overfit),0.21428491628998225
HB-02194,Non-private (overfit),0.30096481885885606
HB-02195,Non-private (overfit),0.43138585647736305
HB-02196,Non-private (overfit),-0.23661813493599482
HB-02197,Non-private (overfit),-0.17208216554453737
HB-02198,Non-private (overfit),0.23019201194418404
HB-02199,Non-private (overfit),0.3265534221826609
HB-02200,Non-private (overfit),-0.27978429694121854
HB-02201,Non-private (overfit),0.013414160651424423
HB-02204,Non-private (overfit),-0.5425307119057523
HB-02205,Non-private (overfit),-0.233192313235278
HB-02206,Non-private (overfit),0.03811802733363567
HB-02207,Non-private (overfit),0.06728149418549445
HB-02209,Non-private (overfit),1.1325600454995741
HB-02210,Non-private (overfit),1.3031503116209628
HB-02211,Non-private (overfit),-0.10898815528448802
HB-02212,Non-private (overfit),0.24105266764849786
HB-02213,Non-private (overfit),-0.2083453083782698
HB-02215,Non-private (overfit),-1.0106426791383272
HB-02216,Non-private (overfit),0.027603696368326325
HB-02217,Non-private (overfit),0.3102985473782587
HB-02218,Non-private (overfit),0.7808807351857365
HB-02219,Non-private (overfit),0.7358136021051678
HB-02220,Non-private (overfit),-0.34329127887045496
HB-02221,Non-private (overfit),-0.8439985821033029
HB-02222,Non-private (overfit),-0.20701076904064375
HB-02223,Non-private (overfit),-0.20597105983403008
HB-02224,Non-private (overfit),-0.773629585372128
HB-02225,Non-private (overfit),0.5399547351279026
HB-02226,Non-private (overfit),0.5405489510504433
HB-02227,Non-private (overfit),1.7763285312158632
HB-02228,Non-private (overfit),-0.524324542553775
HB-02229,Non-private (overfit),-1.5727319036111016
HB-02231,Non-private (overfit),0.6826886468226743
HB-02232,Non-private (overfit),0.3322523281827934
HB-02233,Non-private (overfit),0.16920212721141792
HB-02234,Non-private (overfit),0.7473554298869622
HB-02235,Non-private (overfit),-0.32933460576035345
HB-02236,Non-private (overfit),-85.01533358091102
HB-02237,Non-private (overfit),0.20057579382055035
HB-02239,Non-private (overfit),0.29306148689416567
HB-02240,Non-private (overfit),-0.4096707348823412
HB-02241,Non-private (overfit),0.011865299660971385
HB-02242,Non-private (overfit),0.30258174160244566
HB-02243,Non-private (overfit),0.09647995746929228
HB-02244,Non-private (overfit),0.5497185891117944
HB-02245,Non-private (overfit),-0.11850108577239249
HB-02246,Non-private (overfit),0.33495257498389563
HB-02247,Non-private (overfit),-0.1932918768913343
HB-02248,Non-private (overfit),-0.6751497400897084
HB-02249,Non-private (overfit),-0.1661569735001316
HB-02251,Non-private (overfit),-0.2554281121968902
HB-02252,Non-private (overfit),0.8657888520846762
HB-02253,Non-private (overfit),-0.0772296571216271
HB-02254,Non-private (overfit),1.1080261893936365
HB-02256,Non-private (overfit),0.22625948374044613
HB-02257,Non-private (overfit),-0.053662323505688114
HB-02258,Non-private (overfit),-0.43636041133285786
HB-02259,Non-private (overfit),1.7284827394506213
HB-02260,Non-private (overfit),0.1754189807381077
HB-02261,Non-private (overfit),0.3755188613483573
HB-02262,Non-private (overfit),0.5229166559198545
HB-02263,Non-private (overfit),0.07190720697137154
HB-02264,Non-private (overfit),0.05726780344294968
HB-02265,Non-private (overfit),-0.21230055479846577
HB-02266,Non-private (overfit),0.2041499878006542
HB-02267,Non-private (overfit),0.05521257765695631
HB-02268,Non-private (overfit),-0.9250353916823799
HB-02269,Non-private (overfit),2.6613420210444856
HB-02271,Non-private (overfit),-0.7132082209671136
HB-02272,Non-private (overfit),0.5227155541102038
HB-02273,Non-private (overfit),0.019590518330996676
HB-02274,Non-private (overfit),0.2518006990918729
HB-02275,Non-private (overfit),-0.1881606582276214
HB-02276,Non-private (overfit),0.29641905582383177
HB-02277,Non-private (overfit),-0.14904534152580418
HB-02278,Non-private (overfit),0.06003400368522849
HB-02279,Non-private (overfit),1.7185714822845286
HB-02280,Non-private (overfit),-0.15261409344082688
HB-02281,Non-private (overfit),0.6819851955196456
HB-02282,Non-private (overfit),0.03815541613997686
HB-02283,Non-private (overfit),0.08654987241130074
HB-02284,Non-private (overfit),-1.0736570413239135
HB-02285,Non-private (overfit),0.2986203756025606
HB-02286,Non-private (overfit),0.2351969068456461
HB-02287,Non-private (overfit),-0.1135846990912055
HB-02288,Non-private (overfit),0.3309038818773675
HB-02289,Non-private (overfit),0.356926139380215
HB-02290,Non-private (overfit),0.18391731674574552
HB-02291,Non-private (overfit),-0.1162591141478595
HB-02292,Non-private (overfit),0.34576669000337057
HB-02293,Non-private (overfit),0.8565991989964712
HB-02294,Non-private (overfit),-0.0744629428967225
HB-02295,Non-private (overfit),0.33836482394645695
HB-02296,Non-private (overfit),-0.11093941711461763
HB-02297,Non-private (overfit),0.09393213475541717
HB-02298,Non-private (overfit),0.14036076196083203
HB-02299,Non-private (overfit),-0.09624348455124832
HB-02300,Non-private (overfit),0.17913168443757876
HB-02301,Non-private (overfit),0.29294763792058287
HB-02302,Non-private (overfit),0.20497531243890643
HB-02303,Non-private (overfit),-0.029225492328119884
HB-02305,Non-private (overfit),0.4699534514104198
HB-02306,Non-private (overfit),0.4476800260159628
HB-02307,Non-private (overfit),0.27722063275765485
HB-02310,Non-private (overfit),-0.28265138972253556
HB-02311,Non-private (overfit),0.12483909434415663
HB-02312,Non-private (overfit),2.713043861753418
HB-02313,Non-private (overfit),0.17650397430283782
HB-02314,Non-private (overfit),0.14137887959091233
HB-02315,Non-private (overfit),0.3138035134511816
HB-02316,Non-private (overfit),0.2345729488039514
HB-02317,Non-private (overfit),-0.18327973705133438
HB-02318,Non-private (overfit),-0.3958552997666729
HB-02319,Non-private (overfit),-0.3725925360970044
HB-02320,Non-private (overfit),-0.09778798602549532
HB-02321,Non-private (overfit),-0.006131374584138705
HB-02322,Non-private (overfit),0.10379275054799009
HB-02323,Non-private (overfit),-0.4004906878827996
HB-02325,Non-private (overfit),-0.5465694863975218
HB-02326,Non-private (overfit),-0.24287866481214815
HB-02327,Non-private (overfit),-0.13060263129376604
HB-02329,Non-private (overfit),-0.5112518016728101
HB-02330,Non-private (overfit),-0.22205546571841528
HB-02331,Non-private (overfit),0.46341309208915704
HB-02332,Non-private (overfit),-0.17244963399288404
HB-02333,Non-private (overfit),-1.2334190280011943
HB-02334,Non-private (overfit),0.19484202048119803
HB-02335,Non-private (overfit),0.4684140192472954
HB-02336,Non-private (overfit),-0.3181781842153568
HB-02338,Non-private (overfit),0.2813315551874531
HB-02339,Non-private (overfit),-0.18774818691848694
HB-02340,Non-private (overfit),-0.4777269519641636
HB-02341,Non-private (overfit),0.6674063480330004
HB-02342,Non-private (overfit),-0.13872467756662976
HB-02343,Non-private (overfit),-1.2209563934052081
HB-02344,Non-private (overfit),-0.06911437845357604
HB-02345,Non-private (overfit),-0.07120901827089621
HB-02346,Non-private (overfit),-1.8263843635644332
HB-02347,Non-private (overfit),-6.135306783594161
HB-02348,Non-private (overfit),0.44959094320238924
HB-02349,Non-private (overfit),0.010731596457083548
HB-02352,Non-private (overfit),0.45722881882337396
HB-02353,Non-private (overfit),0.280785667269702
HB-02354,Non-private (overfit),0.1401441855204748
HB-02355,Non-private (overfit),0.41996657096866663
HB-02356,Non-private (overfit),-0.432589494379755
HB-02357,Non-private (overfit),-0.23474327315685972
HB-02358,Non-private (overfit),-0.2802521294041407
HB-02359,Non-private (overfit),-0.027588286553541286
HB-02360,Non-private (overfit),0.23180145072310943
HB-02361,Non-private (overfit),0.051869801143300975
HB-02362,Non-private (overfit),-6.4695572744531145
HB-02363,Non-private (overfit),0.8187135428933543
HB-02364,Non-private (overfit),0.7181797400302993
HB-02365,Non-private (overfit),-0.06855221933330347
HB-02366,Non-private (overfit),2.0774822189243705
HB-02368,Non-private (overfit),1.5100083035404839
HB-02369,Non-private (overfit),0.2509601881493866
HB-02370,Non-private (overfit),0.29226751579208043
HB-02371,Non-private (overfit),0.22527427445178416
HB-02372,Non-private (overfit),-0.5381225303053001
HB-02373,Non-private (overfit),0.2699437351862686
HB-02374,Non-private (overfit),0.175480411696872
HB-02376,Non-private (overfit),-48.95740124987059
HB-02377,Non-private (overfit),-0.15139716331678654
HB-02378,Non-private (overfit),-0.019419547121564018
HB-02379,Non-private (overfit),0.19517261740433045
HB-02380,Non-private (overfit),-0.7094645261315109
HB-02381,Non-private (overfit),0.47320189553250236
HB-02382,Non-private (overfit),0.47100058731489236
HB-02383,Non-private (overfit),0.4403245594414016
HB-02384,Non-private (overfit),0.16454274191058937
HB-02385,Non-private (overfit),-0.2631136961951046
HB-02386,Non-private (overfit),-0.868686124238653
HB-02387,Non-private (overfit),-0.08998152690521743
HB-02388,Non-private (overfit),-0.0641546337111123
HB-02389,Non-private (overfit),0.5377171008871369
HB-02390,Non-private (overfit),-0.15583441060923509
HB-02391,Non-private (overfit),-1.1948202837456203
HB-02392,Non-private (overfit),0.5590897635780245
HB-02393,Non-private (overfit),0.8817459545057496
HB-02394,Non-private (overfit),-1.641504591629603
HB-02395,Non-private (overfit),-0.2847424819750435
HB-02396,Non-private (overfit),0.8930134391786155
HB-02397,Non-private (overfit),-1.8513387978664562
HB-02398,Non-private (overfit),-0.4497704299397527
HB-02399,Non-private (overfit),0.7430582673586832
HB-02400,Non-private (overfit),1.2728580752012344
HB-02401,Non-private (overfit),-1.613750704080411
HB-02403,Non-private (overfit),-0.549002583181224
HB-02404,Non-private (overfit),-0.42101281626358666
HB-02405,Non-private (overfit),-0.4897319832751419
HB-02406,Non-private (overfit),-0.008812579485017569
HB-02407,Non-private (overfit),-1.257073442549126
HB-02408,Non-private (overfit),-0.2570264095055652
HB-02409,Non-private (overfit),-0.130461059088
HB-02410,Non-private (overfit),0.3645655731191164
HB-02411,Non-private (overfit),-0.8121944232005598
HB-02412,Non-private (overfit),0.031151117225196145
HB-02413,Non-private (overfit),0.2172195843521607
HB-02414,Non-private (overfit),0.2620968579588876
HB-02415,Non-private (overfit),-0.32725517437577833
HB-02416,Non-private (overfit),-0.09136470527723484
HB-02417,Non-private (overfit),0.5448398286724444
HB-02418,Non-private (overfit),0.01134178093633631
HB-02419,Non-private (overfit),-0.22374721893289995
HB-02420,Non-private (overfit),0.966205241232486
HB-02421,Non-private (overfit),0.41966538173397794
HB-02422,Non-private (overfit),-0.2482324897346294
HB-02423,Non-private (overfit),0.5084032782687755
HB-02424,Non-private (overfit),-0.08589518556680853
HB-02425,Non-private (overfit),-0.1530708501032929
HB-02426,Non-private (overfit),-0.2308886623083306
HB-02427,Non-private (overfit),1.2517632853084757
HB-02428,Non-private (overfit),-0.23743150826391535
HB-02429,Non-private (overfit),0.25471979663102484
HB-02430,Non-private (overfit),-0.5515351348742459
HB-02431,Non-private (overfit),-0.4994191060925992
HB-02432,Non-private (overfit),-0.8244726000622447
HB-02433,Non-private (overfit),0.35363799883902836
HB-02435,Non-private (overfit),-0.22655636572249027
HB-02437,Non-private (overfit),0.04776659951660256
HB-02438,Non-private (overfit),-0.01161843133335605
HB-02439,Non-private (overfit),-1.0709537691574145
HB-02440,Non-private (overfit),1.670586284966765
HB-02442,Non-private (overfit),0.5238125060259673
HB-02444,Non-private (overfit),0.023907223162264124
HB-02445,Non-private (overfit),0.06893741345660498
HB-02448,Non-private (overfit),-0.12744252214238316
HB-02449,Non-private (overfit),1.0665139608611247
HB-02450,Non-private (overfit),-0.31552973499747594
HB-02451,Non-private (overfit),0.2131109848955406
HB-02452,Non-private (overfit),0.4838331640978071
HB-02453,Non-private (overfit),-3.4425673096153906
HB-02454,Non-private (overfit),-0.5217197585301845
HB-02455,Non-private (overfit),0.6083506833705117
HB-02456,Non-private (overfit),0.1678309202774224
HB-02457,Non-private (overfit),-0.2363000637310806
HB-02458,Non-private (overfit),0.7096353222135163
HB-02460,Non-private (overfit),0.1975041644574178
HB-02461,Non-private (overfit),0.1883013767120305
HB-02462,Non-private (overfit),0.4478232624079239
HB-02463,Non-private (overfit),1.0319261144327219
HB-02464,Non-private (overfit),0.5098462400176412
HB-02465,Non-private (overfit),-0.10144191655137869
HB-02466,Non-private (overfit),0.03172447900476971
HB-02467,Non-private (overfit),0.37640280153140493
HB-02468,Non-private (overfit),-0.04336401056251482
HB-02469,Non-private (overfit),0.13792498341034953
HB-02470,Non-private (overfit),-0.0650608904864447
HB-02471,Non-private (overfit),-1.033313631294562
HB-02472,Non-private (overfit),0.6971729726692146
HB-02473,Non-private (overfit),0.05023062514558685
HB-02474,Non-private (overfit),-0.6460445529700873
HB-02475,Non-private (overfit),-0.09818183472008934
HB-02476,Non-private (overfit),-0.28423315303746977
HB-02477,Non-private (overfit),0.24769717236982558
HB-02478,Non-private (overfit),0.14994337505887678
HB-02479,Non-private (overfit),0.9422990233879454
HB-02480,Non-private (overfit),-2.167034356075679
HB-02481,Non-private (overfit),1.5088318418446978
HB-02482,Non-private (overfit),1.4404037392726288
HB-02483,Non-private (overfit),-0.3966215137822382
HB-02484,Non-private (overfit),0.18577370757908618
HB-02485,Non-private (overfit),-0.40346774301457233
HB-02486,Non-private (overfit),0.4922903721809626
HB-02487,Non-private (overfit),-0.03979517113461051
HB-02488,Non-private (overfit),0.49750219698573306
HB-02489,Non-private (overfit),1.3846876348979547
HB-02491,Non-private (overfit),0.6791216758337684
HB-02492,Non-private (overfit),-0.4123471430685437
HB-02494,Non-private (overfit),0.06933457797775944
HB-02495,Non-private (overfit),-1.046033853446741
HB-02496,Non-private (overfit),-0.5583670592228602
HB-02498,Non-private (overfit),0.08647191001848076
HB-02499,Non-private (overfit),0.4070136374172211
HB-02501,Non-private (overfit),-0.06895493034401001
HB-02502,Non-private (overfit),0.020155032159894448
HB-02503,Non-private (overfit),0.5411885144402349
HB-02504,Non-private (overfit),-3.4804592599916835
HB-02505,Non-private (overfit),0.6285792280024065
HB-02506,Non-private (overfit),-1.2527066644309148
HB-02508,Non-private (overfit),0.00437305258530607
HB-02509,Non-private (overfit),-0.30685664116787614
HB-02510,Non-private (overfit),1.245535738196031
HB-02511,Non-private (overfit),-0.6213719945017071
HB-02512,Non-private (overfit),1.0096664726123254
HB-02513,Non-private (overfit),-0.8044341816328502
HB-02514,Non-private (overfit),0.34572655260743734
HB-02515,Non-private (overfit),0.016631905195394925
HB-02517,Non-private (overfit),1.1624961361686985
HB-02518,Non-private (overfit),0.551189471249407
HB-02519,Non-private (overfit),0.506077282475468
HB-02520,Non-private (overfit),-0.36146290870079323
HB-02521,Non-private (overfit),-0.2792971098430558
HB-02522,Non-private (overfit),0.05319708253569089
HB-02523,Non-private (overfit),0.06834441752407816
HB-02524,Non-private (overfit),0.03379645047549018
HB-02525,Non-private (overfit),0.05476420433542262
HB-02526,Non-private (overfit),-0.47723762193209374
HB-02527,Non-private (overfit),0.7923513786287317
HB-02528,Non-private (overfit),0.1870746829731006
HB-02529,Non-private (overfit),-0.09773696221155181
HB-02530,Non-private (overfit),-0.12606993148047207
HB-02531,Non-private (overfit),0.09346896320054032
HB-02532,Non-private (overfit),0.16504603063485135
HB-02534,Non-private (overfit),-0.023770940726190348
HB-02535,Non-private (overfit),0.06558857955067987
HB-02536,Non-private (overfit),0.35044016119452825
HB-02537,Non-private (overfit),-0.2839539336817043
HB-02538,Non-private (overfit),-0.43992821507945656
HB-02539,Non-private (overfit),0.7178965749568498
HB-02540,Non-private (overfit),-0.3121323938426832
HB-02541,Non-private (overfit),0.4138562623148103
HB-02542,Non-private (overfit),0.11985580586457611
HB-02543,Non-private (overfit),0.06669692004430139
HB-02544,Non-private (overfit),6.106874411513343
HB-02545,Non-private (overfit),-0.06397630407365695
HB-02546,Non-private (overfit),-1.0813460534517734
HB-02548,Non-private (overfit),0.9052837464074616
HB-02549,Non-private (overfit),0.3817122770698522
HB-02550,Non-private (overfit),0.5472966410564286
HB-02551,Non-private (overfit),-0.24896998478529775
HB-02552,Non-private (overfit),-0.2546366007917722
HB-02554,Non-private (overfit),-0.3687799642934113
HB-02555,Non-private (overfit),0.22780407758581678
HB-02556,Non-private (overfit),0.3207759138554267
HB-02557,Non-private (overfit),0.44303762410365655
HB-02558,Non-private (overfit),-0.7112036201483383
HB-02559,Non-private (overfit),-0.9303928008429503
HB-02561,Non-private (overfit),0.06875759059456943
HB-02562,Non-private (overfit),1.1366948300130932
HB-02563,Non-private (overfit),0.26787978140635405
HB-02565,Non-private (overfit),0.10897963822094647
HB-02566,Non-private (overfit),0.17154423196022783
HB-02567,Non-private (overfit),-0.4393775441647214
HB-02568,Non-private (overfit),-0.06505340265425241
HB-02569,Non-private (overfit),0.16681365651491364
HB-02570,Non-private (overfit),-0.8626841063485156
HB-02571,Non-private (overfit),0.3694475405830737
HB-02572,Non-private (overfit),0.3091770026050057
HB-02573,Non-private (overfit),-0.31971050378316024
HB-02574,Non-private (overfit),-0.3233515656946257
HB-02575,Non-private (overfit),0.18823136136844754
HB-02576,Non-private (overfit),-0.5882780264233878
HB-02577,Non-private (overfit),-0.3325268678349418
HB-02578,Non-private (overfit),-0.9890119270170308
HB-02579,Non-private (overfit),-0.6731483857832417
HB-02580,Non-private (overfit),-0.6415352626239891
HB-02581,Non-private (overfit),0.2685792653446768
HB-02582,Non-private (overfit),0.18607472204035003
HB-02583,Non-private (overfit),-0.2980438778688632
HB-02584,Non-private (overfit),-0.1636296094145624
HB-02585,Non-private (overfit),-2.6172747031910735
HB-02586,Non-private (overfit),0.0926226997475772
HB-02587,Non-private (overfit),0.8297288720193607
HB-02588,Non-private (overfit),0.4925178840339679
HB-02589,Non-private (overfit),-1.4227801786586078
HB-02590,Non-private (overfit),0.1976658161945417
HB-02591,Non-private (overfit),-0.06502008639848933
HB-02592,Non-private (overfit),0.40604952125235827
HB-02593,Non-private (overfit),-0.9145939526059641
HB-02594,Non-private (overfit),0.02911025668255518
HB-02595,Non-private (overfit),0.33200258758701806
HB-02596,Non-private (overfit),-0.23252658941381354
HB-02597,Non-private (overfit),0.07896156701861345
HB-02598,Non-private (overfit),0.7517515302381823
HB-02599,Non-private (overfit),0.6754037834895148
HB-02600,Non-private (overfit),-0.19725559048625707
HB-02601,Non-private (overfit),0.19234100646528918
HB-02602,Non-private (overfit),0.16103732075219312
HB-02603,Non-private (overfit),-0.26090056320448696
HB-02604,Non-private (overfit),-0.004081348131686813
HB-02605,Non-private (overfit),0.36622501955198905
HB-02606,Non-private (overfit),-0.10099201642521272
HB-02607,Non-private (overfit),-0.0418212561952187
HB-02608,Non-private (overfit),0.28310322616105754
HB-02609,Non-private (overfit),0.38753308252255536
HB-02610,Non-private (overfit),0.4389484194641513
HB-02611,Non-private (overfit),-0.011784848923556579
HB-02612,Non-private (overfit),-0.16724511056655544
HB-02613,Non-private (overfit),0.13683513334275332
HB-02614,Non-private (overfit),-0.5329789815139079
HB-02615,Non-private (overfit),-0.3060529200985773
HB-02616,Non-private (overfit),0.20044867776492348
HB-02617,Non-private (overfit),0.04507259997183932
HB-02619,Non-private (overfit),-1.4724519488328767
HB-02620,Non-private (overfit),0.13238848592736996
HB-02621,Non-private (overfit),0.2568257607409077
HB-02622,Non-private (overfit),-2.1866813153633746
HB-02623,Non-private (overfit),-0.310497131665846
HB-02624,Non-private (overfit),-0.42828607839051047
HB-02626,Non-private (overfit),0.054858137886031555
HB-02627,Non-private (overfit),0.7145230281049129
HB-02628,Non-private (overfit),0.0894440838130226
HB-02629,Non-private (overfit),0.24792048771452269
HB-02630,Non-private (overfit),0.735747985064696
HB-02632,Non-private (overfit),-0.09915408937374237
HB-02633,Non-private (overfit),-0.41371741248985994
HB-02635,Non-private (overfit),-0.11813250638438455
HB-02636,Non-private (overfit),-0.47857767492342274
HB-02637,Non-private (overfit),-0.8974072029391453
HB-02638,Non-private (overfit),-0.0869427920409811
HB-02639,Non-private (overfit),0.0001950067174023573
HB-02640,Non-private (overfit),0.15838222121051948
HB-02643,Non-private (overfit),0.32313650250260517
HB-02644,Non-private (overfit),0.6406184193945765
HB-02645,Non-private (overfit),0.7001226567061796
HB-02646,Non-private (overfit),-0.1453611025229915
HB-02647,Non-private (overfit),-0.8620833283987219
HB-02648,Non-private (overfit),1.215680602725211
HB-02649,Non-private (overfit),-0.4137869019176783
HB-02650,Non-private (overfit),0.24341206242819236
HB-02652,Non-private (overfit),-0.24512711415883315
HB-02653,Non-private (overfit),-2.13207168159358
HB-02654,Non-private (overfit),-2.380192044189022
HB-02655,Non-private (overfit),-0.37609517236583523
HB-02656,Non-private (overfit),-0.07704333606105518
HB-02657,Non-private (overfit),-0.44020935403665007
HB-02658,Non-private (overfit),0.6707749512561882
HB-02659,Non-private (overfit),-0.2532447678881642
HB-02660,Non-private (overfit),-0.18225423776614158
HB-02661,Non-private (overfit),-1.8307307449925077
HB-02662,Non-private (overfit),-0.5891141263601951
HB-02663,Non-private (overfit),0.25584755845889684
HB-02664,Non-private (overfit),-1.011667430891641
HB-02666,Non-private (overfit),-0.014057405200359918
HB-02667,Non-private (overfit),0.82225206878817
HB-02668,Non-private (overfit),0.19772132377821539
HB-02669,Non-private (overfit),0.00928816849219416
HB-02670,Non-private (overfit),0.42240365679979464
HB-02671,Non-private (overfit),-1.2896593286107012
HB-02673,Non-private (overfit),0.3961783157713792
HB-02674,Non-private (overfit),0.458514185563507
HB-02675,Non-private (overfit),-0.475954732946541
HB-02676,Non-private (overfit),-0.4051338459612188
HB-02678,Non-private (overfit),0.04248645512366955
HB-02679,Non-private (overfit),-0.27076435664160625
HB-02680,Non-private (overfit),-0.1923976451093652
HB-02681,Non-private (overfit),0.20320709575047802
HB-02682,Non-private (overfit),0.016664023853875776
HB-02683,Non-private (overfit),-0.0427634027804491
HB-02684,Non-private (overfit),-0.2949954450199569
HB-02685,Non-private (overfit),0.2446277262549723
HB-02686,Non-private (overfit),-0.5992626393376557
HB-02687,Non-private (overfit),-0.799068917807165
HB-02689,Non-private (overfit),0.7877171542192318
HB-02690,Non-private (overfit),-0.2329875668268011
HB-02692,Non-private (overfit),1.0938728668384128
HB-02693,Non-private (overfit),-0.32067437232068063
HB-02694,Non-private (overfit),-0.4243174774865748
HB-02695,Non-private (overfit),-0.2953211312235675
HB-02696,Non-private (overfit),-0.4361214767790367
HB-02697,Non-private (overfit),-0.9616026307857424
HB-02698,Non-private (overfit),0.49425059122579573
HB-02700,Non-private (overfit),-0.4762860611901265
HB-02701,Non-private (overfit),-0.22514667957714773
HB-02703,Non-private (overfit),0.391504232581386
HB-02705,Non-private (overfit),-0.7696917996374351
HB-02706,Non-private (overfit),0.36933403319867475
HB-02707,Non-private (overfit),-0.3723494071724378
HB-02708,Non-private (overfit),0.37981388858546705
HB-02709,Non-private (overfit),-0.5058650588990188
HB-02711,Non-private (overfit),0.5158741666552329
HB-02712,Non-private (overfit),0.24064850325338338
HB-02713,Non-private (overfit),0.3995544063659937
HB-02714,Non-private (overfit),0.6250336863950974
HB-02715,Non-private (overfit),-0.94262953941688
HB-02716,Non-private (overfit),0.6932715233620215
HB-02717,Non-private (overfit),1.6535690204612097
HB-02718,Non-private (overfit),1.0956304305999227
HB-02719,Non-private (overfit),0.07033698491697371
HB-02720,Non-private (overfit),1.1584669396705802
HB-02721,Non-private (overfit),0.4804619727904452
HB-02723,Non-private (overfit),-0.44560038672292057
HB-02726,Non-private (overfit),-0.4094869892436508
HB-02727,Non-private (overfit),0.21316707406503443
HB-02728,Non-private (overfit),0.23340052754442664
HB-02729,Non-private (overfit),-9.756726425305374
HB-02730,Non-private (overfit),-0.47672282797348664
HB-02731,Non-private (overfit),-0.29445071780714605
HB-02732,Non-private (overfit),0.1923765040315597
HB-02733,Non-private (overfit),0.07571338821598306
HB-02734,Non-private (overfit),0.30108847600813426
HB-02735,Non-private (overfit),-1.0236110582707831
HB-02736,Non-private (overfit),-0.1233646294343762
HB-02737,Non-private (overfit),-0.5497103024241161
HB-02738,Non-private (overfit),-0.587124746191648
HB-02739,Non-private (overfit),0.3038292422226756
HB-02740,Non-private (overfit),0.10087601721659101
HB-02741,Non-private (overfit),0.07008209100146545
HB-02742,Non-private (overfit),-0.01122971397709338
HB-02743,Non-private (overfit),-0.07079608779271562
HB-02744,Non-private (overfit),0.6792093107180228
HB-02745,Non-private (overfit),0.4506319897522979
HB-02746,Non-private (overfit),0.06613733030148738
HB-02747,Non-private (overfit),0.7748381960966861
HB-02748,Non-private (overfit),0.4299040373825004
HB-02749,Non-private (overfit),-1.0151830398660384
HB-02750,Non-private (overfit),0.27243066269155847
HB-02751,Non-private (overfit),0.07351176077720945
HB-02752,Non-private (overfit),-0.11033315358237683
HB-02753,Non-private (overfit),-0.08823752803380702
HB-02754,Non-private (overfit),0.4120384628365301
HB-02755,Non-private (overfit),0.2778046909424544
HB-02756,Non-private (overfit),-0.8801720779882782
HB-02757,Non-private (overfit),0.3510420029935861
HB-02758,Non-private (overfit),-0.2898663264066639
HB-02759,Non-private (overfit),-1.966475752037752
HB-02761,Non-private (overfit),-8.452802852894353
HB-02762,Non-private (overfit),-2.467883934477162
HB-02763,Non-private (overfit),0.24783190698787827
HB-02764,Non-private (overfit),0.026999837808226346
HB-02766,Non-private (overfit),0.10676246868791406
HB-02767,Non-private (overfit),-34.52471196211158
HB-02768,Non-private (overfit),0.5048488729464149
HB-02769,Non-private (overfit),0.5625308737131298
HB-02770,Non-private (overfit),0.33549605383056513
HB-02771,Non-private (overfit),-1.0106191105500222
HB-02772,Non-private (overfit),-1.3385514215659315
HB-02773,Non-private (overfit),0.020267582262908812
HB-02774,Non-private (overfit),-0.7892286632045344
HB-02775,Non-private (overfit),-0.14485461296887991
HB-02776,Non-private (overfit),1.0892057309682368
HB-02777,Non-private (overfit),-0.340117144479114
HB-02778,Non-private (overfit),0.7011503731642719
HB-02779,Non-private (overfit),0.4226570780387078
HB-02780,Non-private (overfit),0.4330687058163032
HB-02781,Non-private (overfit),-0.48758898552095076
HB-02782,Non-private (overfit),-0.2368194189270021
HB-02783,Non-private (overfit),-0.1515868042837918
HB-02784,Non-private (overfit),-0.3791495349288806
HB-02785,Non-private (overfit),0.1943104699103282
HB-02786,Non-private (overfit),-0.8656199869908864
HB-02787,Non-private (overfit),0.31048205614839075
HB-02788,Non-private (overfit),-0.20593000329154776
HB-02789,Non-private (overfit),-0.03220074918626048
HB-02790,Non-private (overfit),-0.013471574203139047
HB-02791,Non-private (overfit),1.326809028520533
HB-02792,Non-private (overfit),-1.0795391720516367
HB-02793,Non-private (overfit),0.33573713472416267
HB-02794,Non-private (overfit),0.9927776128576302
HB-02795,Non-private (overfit),1.305577150786359
HB-02797,Non-private (overfit),4.030442493734667
HB-02798,Non-private (overfit),-0.1969236660764686
HB-02799,Non-private (overfit),-0.13296819788327985
HB-02800,Non-private (overfit),0.0860479980081581
HB-02801,Non-private (overfit),-0.05896357349698045
HB-02802,Non-private (overfit),0.19277612926397159
HB-02803,Non-private (overfit),0.6206293331638466
HB-02804,Non-private (overfit),0.21513943818214054
HB-02805,Non-private (overfit),-0.554052219352307
HB-02806,Non-private (overfit),0.2655631462112048
HB-02807,Non-private (overfit),-0.4897494766926527
HB-02808,Non-private (overfit),0.15515827568109808
HB-02809,Non-private (overfit),-0.32261967216737447
HB-02810,Non-private (overfit),0.7081497677982683
HB-02811,Non-private (overfit),-0.05196068553554023
HB-02812,Non-private (overfit),0.24764473703320178
HB-02813,Non-private (overfit),-0.7082806194797294
HB-02814,Non-private (overfit),-0.17116591128992575
HB-02815,Non-private (overfit),-4.400433652224033
HB-02816,Non-private (overfit),0.2264653449784273
HB-02818,Non-private (overfit),-0.6472426087458067
HB-02819,Non-private (overfit),-0.473825078044243
HB-02820,Non-private (overfit),0.4128407384228516
HB-02821,Non-private (overfit),0.5841031618115481
HB-02822,Non-private (overfit),0.1487479787347632
HB-02823,Non-private (overfit),-0.7212576892000305
HB-02824,Non-private (overfit),1.4039995702316437
HB-02825,Non-private (overfit),-0.6846079666135476
HB-02826,Non-private (overfit),-0.17591083035203714
HB-02828,Non-private (overfit),-0.46155582967535036
HB-02829,Non-private (overfit),-26.729591175028634
HB-02830,Non-private (overfit),-0.13976326494510438
HB-02831,Non-private (overfit),0.7815900042392439
HB-02832,Non-private (overfit),-0.34941984536441284
HB-02833,Non-private (overfit),0.5566133865122325
HB-02834,Non-private (overfit),-2.869013972980177
HB-02837,Non-private (overfit),0.5353711920964668
HB-02838,Non-private (overfit),0.4715252530649421
HB-02839,Non-private (overfit),0.3356641048172946
HB-02840,Non-private (overfit),0.010114646505171576
HB-02841,Non-private (overfit),-0.09819775309386047
HB-02842,Non-private (overfit),-0.3513625335846736
HB-02843,Non-private (overfit),0.25138130686249616
HB-02844,Non-private (overfit),-0.7138415531574311
HB-02845,Non-private (overfit),-0.5013940239759851
HB-02846,Non-private (overfit),-0.4376967537099814
HB-02847,Non-private (overfit),0.11256611335241895
HB-02848,Non-private (overfit),-0.3424343876074478
HB-02849,Non-private (overfit),-0.08204197146145586
HB-02850,Non-private (overfit),-0.18768902827999878
HB-02851,Non-private (overfit),-0.6543946461757206
HB-02852,Non-private (overfit),0.7267920161693817
HB-02853,Non-private (overfit),0.4659901215154628
HB-02854,Non-private (overfit),-0.13547086147887777
HB-02855,Non-private (overfit),0.4221999684631217
HB-02856,Non-private (overfit),0.4390195959073613
HB-02857,Non-private (overfit),-0.6627980731416951
HB-02858,Non-private (overfit),0.29973976915192724
HB-02860,Non-private (overfit),-0.15322233293942178
HB-02861,Non-private (overfit),0.12635178833179928
HB-02862,Non-private (overfit),-0.17716695259894377
HB-02863,Non-private (overfit),0.40469434976104957
HB-02864,Non-private (overfit),0.05857187141443099
HB-02865,Non-private (overfit),0.14767378514597618
HB-02866,Non-private (overfit),-0.5086612250833287
HB-02867,Non-private (overfit),0.6952663409781255
HB-02868,Non-private (overfit),-0.24587328935224684
HB-02869,Non-private (overfit),0.09144592380053485
HB-02871,Non-private (overfit),-0.3732678320257361
HB-02872,Non-private (overfit),0.12829380396921541
HB-02873,Non-private (overfit),0.44899873662970724
HB-02874,Non-private (overfit),-0.04304655663009971
HB-02875,Non-private (overfit),0.2715115090673408
HB-02878,Non-private (overfit),-0.8599284632846477
HB-02879,Non-private (overfit),-0.5642029178326897
HB-02880,Non-private (overfit),1.7712630413939778
HB-02881,Non-private (overfit),-1.7439115101022682
HB-02882,Non-private (overfit),-0.20920634714664144
HB-02883,Non-private (overfit),-0.013478990751645825
HB-02884,Non-private (overfit),-0.2663544451606592
HB-02885,Non-private (overfit),-0.2251916385306485
HB-02886,Non-private (overfit),0.1917714960907677
HB-02887,Non-private (overfit),0.48477940734012237
HB-02888,Non-private (overfit),0.155677933292645
HB-02889,Non-private (overfit),-0.0728381047103972
HB-02890,Non-private (overfit),-0.026198526146003265
HB-02891,Non-private (overfit),0.4384784866690352
HB-02893,Non-private (overfit),0.4673530844651127
HB-02894,Non-private (overfit),0.3948320474503688
HB-02895,Non-private (overfit),0.9168409386703287
HB-02896,Non-private (overfit),1.301059861518143
HB-02897,Non-private (overfit),-0.16200329129135627
HB-02899,Non-private (overfit),-0.6670530380140913
HB-02900,Non-private (overfit),-0.4409773311457721
HB-02901,Non-private (overfit),0.05023490476819159
HB-02902,Non-private (overfit),0.3287905000919117
HB-02903,Non-private (overfit),0.6740681316245563
HB-02904,Non-private (overfit),-1.0909732842447206
HB-02905,Non-private (overfit),0.3969507455667538
HB-02906,Non-private (overfit),0.30396720198898985
HB-02907,Non-private (overfit),0.4299314521142117
HB-02908,Non-private (overfit),-0.27786690890168964
HB-02909,Non-private (overfit),-0.10245394084923998
HB-02910,Non-private (overfit),1.1202282594866166
HB-02911,Non-private (overfit),-0.20767755585375158
HB-02912,Non-private (overfit),0.20675640156107944
HB-02913,Non-private (overfit),0.24195676743404504
HB-02914,Non-private (overfit),-0.591513029638099
HB-02915,Non-private (overfit),0.16381686520371952
HB-02916,Non-private (overfit),-0.12527752290060357
HB-02917,Non-private (overfit),0.10678118412179938
HB-02918,Non-private (overfit),-0.029283747101737312
HB-02919,Non-private (overfit),0.6121018382175811
HB-02920,Non-private (overfit),0.25025327854073565
HB-02922,Non-private (overfit),-0.05630214727438232
HB-02923,Non-private (overfit),-0.6323486533859288
HB-02924,Non-private (overfit),-0.32870101634903026
HB-02925,Non-private (overfit),-0.2992251505586774
HB-02926,Non-private (overfit),0.5165946804779371
HB-02927,Non-private (overfit),0.1193715458714526
HB-02928,Non-private (overfit),0.06618219729433106
HB-02929,Non-private (overfit),-0.04414973400640809
HB-02930,Non-private (overfit),0.1745385111161315
HB-02931,Non-private (overfit),-0.46358622746840283
HB-02932,Non-private (overfit),-0.4542164537233232
HB-02933,Non-private (overfit),-0.49319204433572006
HB-02935,Non-private (overfit),0.671545544579521
HB-02936,Non-private (overfit),-0.2303635987699253
HB-02937,Non-private (overfit),0.14223252374409512
HB-02938,Non-private (overfit),-0.059293267998669075
HB-02939,Non-private (overfit),-0.09008387450690503
HB-02940,Non-private (overfit),1.1346824361953107
HB-02941,Non-private (overfit),-0.7245332994802252
HB-02943,Non-private (overfit),-0.13584280271484328
HB-02944,Non-private (overfit),-0.3290317508644066
HB-02945,Non-private (overfit),0.0939540084202628
HB-02946,Non-private (overfit),-0.8098892670689009
HB-02947,Non-private (overfit),0.2550372547942219
HB-02948,Non-private (overfit),0.042897765109808805
HB-02949,Non-private (overfit),0.0018516081143622465
HB-02950,Non-private (overfit),0.15788175084520817
HB-02951,Non-private (overfit),-5.513224594217367
HB-02952,Non-private (overfit),-0.08551155163509172
HB-02953,Non-private (overfit),1.8276278879767063
HB-02954,Non-private (overfit),0.4928554433272456
HB-02955,Non-private (overfit),-0.06857115320791962
HB-02956,Non-private (overfit),-0.2980103437464132
HB-02957,Non-private (overfit),-0.20883579549351738
HB-02958,Non-private (overfit),0.09560619529335956
HB-02959,Non-private (overfit),-0.21626082548449288
HB-02960,Non-private (overfit),0.33768102778910913
HB-02961,Non-private (overfit),-0.20408987611501406
HB-02962,Non-private (overfit),-0.036198967977724816
HB-02963,Non-private (overfit),-7.075465592936754
HB-02964,Non-private (overfit),0.15175687154269712
HB-02965,Non-private (overfit),-1.9210301884746883
HB-02966,Non-private (overfit),0.4881822880140343
HB-02967,Non-private (overfit),-0.520134104053144
HB-02968,Non-private (overfit),0.38785333759538476
HB-02969,Non-private (overfit),-0.5092299511407253
HB-02970,Non-private (overfit),0.16282320392724436
HB-02972,Non-private (overfit),-0.11659873877206706
HB-02973,Non-private (overfit),-0.3393798738390428
HB-02974,Non-private (overfit),0.800500095800373
HB-02975,Non-private (overfit),-8.44280359702828
HB-02976,Non-private (overfit),0.14386723499686438
HB-02978,Non-private (overfit),-0.2980799007996686
HB-02979,Non-private (overfit),3.455862035898836
HB-02980,Non-private (overfit),-0.3066271417821369
HB-02981,Non-private (overfit),-0.23930395251871284
HB-02982,Non-private (overfit),0.06314123153155715
HB-02983,Non-private (overfit),0.04231283650628437
HB-02984,Non-private (overfit),0.20287830245162353
HB-02985,Non-private (overfit),0.0901993830188983
HB-02986,Non-private (overfit),0.38379065408788593
HB-02988,Non-private (overfit),0.5362522923622632
HB-02989,Non-private (overfit),-1.1392335408228367
HB-02991,Non-private (overfit),0.8232260838158277
HB-02992,Non-private (overfit),-0.300281673104442
HB-02993,Non-private (overfit),0.4544974406468789
HB-02994,Non-private (overfit),-0.03451931669381114
HB-02995,Non-private (overfit),0.26545239043182134
HB-02996,Non-private (overfit),-0.301338948786793
HB-02997,Non-private (overfit),0.694349532913465
HB-02998,Non-private (overfit),-0.8294623916655457
HB-02999,Non-private (overfit),0.6607461938498993
HB-03000,Non-private (overfit),0.09208435450597063
HA-00001,Non-private (tuned),-0.40619676274833016
HA-00002,Non-private (tuned),0.17890493396593965
HA-00003,Non-private (tuned),-0.36413357583652417
HA-00004,Non-private (tuned),-0.0022893075566312593
HA-00005,Non-private (tuned),-0.7228841901631189
HA-00006,Non-private (tuned),0.26887885750139123
HA-00007,Non-private (tuned),0.0781360812126497
HA-00008,Non-private (tuned),0.25900333421143773
HA-00009,Non-private (tuned),0.6880095943908405
HA-00010,Non-private (tuned),0.45260628329223807
HA-00011,Non-private (tuned),-0.4035638864399441
HA-00012,Non-private (tuned),0.34111606999528327
HA-00013,Non-private (tuned),0.9268703905456656
HA-00014,Non-private (tuned),-0.34987071149426563
HA-00015,Non-private (tuned),0.31673819478235965
HA-00016,Non-private (tuned),-0.2924164035835444
HA-00017,Non-private (tuned),0.3222719208827397
HA-00018,Non-private (tuned),-0.5581812323965264
HA-00019,Non-private (tuned),0.2554639037622025
HA-00021,Non-private (tuned),-0.23816614799298047
HA-00023,Non-private (tuned),-0.019150004600925863
HA-00024,Non-private (tuned),0.33360868287526957
HA-00025,Non-private (tuned),-0.6836597392034193
HA-00027,Non-private (tuned),0.03058176363983106
HA-00028,Non-private (tuned),-0.45354938942193423
HA-00029,Non-private (tuned),-0.13808330618273768
HA-00030,Non-private (tuned),0.17956072273853657
HA-00032,Non-private (tuned),-0.5235540317361891
HA-00033,Non-private (tuned),0.6530618239657721
HA-00034,Non-private (tuned),-1.0597212093677655
HA-00035,Non-private (tuned),0.0876370056152645
HA-00036,Non-private (tuned),-0.23023554227189513
HA-00037,Non-private (tuned),-0.16879399560517383
HA-00039,Non-private (tuned),0.0941960708413343
HA-00040,Non-private (tuned),0.7608421173873734
HA-00042,Non-private (tuned),0.07970156777947501
HA-00043,Non-private (tuned),-0.10278504368950259
HA-00045,Non-private (tuned),0.3464360652669959
HA-00046,Non-private (tuned),-0.5822277596799436
HA-00047,Non-private (tuned),0.12256330895604073
HA-00048,Non-private (tuned),-0.4501948247498811
HA-00050,Non-private (tuned),-0.1795275438843387
HA-00051,Non-private (tuned),-0.3922801871436142
HA-00052,Non-private (tuned),0.16204863372721878
HA-00053,Non-private (tuned),0.2755630015638846
HA-00054,Non-private (tuned),0.19478833356174696
HA-00055,Non-private (tuned),0.07573106514873221
HA-00056,Non-private (tuned),0.24247161963061553
HA-00058,Non-private (tuned),0.07493176736236984
HA-00059,Non-private (tuned),0.19794686395280692
HA-00060,Non-private (tuned),-0.08141102224391256
HA-00061,Non-private (tuned),-0.26450275767771025
HA-00062,Non-private (tuned),-0.308814920747448
HA-00063,Non-private (tuned),-0.41375627802438847
HA-00064,Non-private (tuned),0.3102656237325152
HA-00065,Non-private (tuned),-0.03841644367851149
HA-00066,Non-private (tuned),-0.6923836473089671
HA-00067,Non-private (tuned),0.9559041706942621
HA-00068,Non-private (tuned),0.22166411888462914
HA-00069,Non-private (tuned),-0.3289506962498748
HA-00070,Non-private (tuned),-0.13817364127378448
HA-00071,Non-private (tuned),-0.627489040917069
HA-00072,Non-private (tuned),0.6121649407954356
HA-00073,Non-private (tuned),-0.23830310218846618
HA-00074,Non-private (tuned),0.0048854308818084835
HA-00075,Non-private (tuned),-0.1867589089216367
HA-00076,Non-private (tuned),0.2051953800790589
HA-00078,Non-private (tuned),-0.5806949849512982
HA-00079,Non-private (tuned),0.8170595976741739
HA-00080,Non-private (tuned),0.2281162836904112
HA-00081,Non-private (tuned),-0.4827535116742029
HA-00082,Non-private (tuned),0.37005672777808
HA-00083,Non-private (tuned),0.042468633501477386
HA-00084,Non-private (tuned),0.6408702668975395
HA-00085,Non-private (tuned),0.43722669700252864
HA-00086,Non-private (tuned),-0.40984130832727783
HA-00087,Non-private (tuned),-0.02388642009399164
HA-00090,Non-private (tuned),-0.7606775315287223
HA-00091,Non-private (tuned),0.42206853991641546
HA-00092,Non-private (tuned),-0.1054231485348891
HA-00093,Non-private (tuned),-0.1368239465369221
HA-00094,Non-private (tuned),0.37237095276145965
HA-00095,Non-private (tuned),-0.05177480155854905
HA-00096,Non-private (tuned),1.1432948342835048
HA-00097,Non-private (tuned),-0.5674997197791892
HA-00098,Non-private (tuned),0.025485238369780283
HA-00099,Non-private (tuned),0.5136897042635732
HA-00102,Non-private (tuned),0.40043098950167555
HA-00103,Non-private (tuned),-0.5659817274919992
HA-00104,Non-private (tuned),-0.20822090597845688
HA-00106,Non-private (tuned),-0.1743234495861659
HA-00107,Non-private (tuned),0.4025260790347479
HA-00108,Non-private (tuned),0.80944922488643
HA-00109,Non-private (tuned),-0.072928629053013
HA-00110,Non-private (tuned),-0.2645027819443989
HA-00111,Non-private (tuned),0.5389507237453497
HA-00112,Non-private (tuned),0.10540632491366331
HA-00113,Non-private (tuned),0.09897243379087509
HA-00114,Non-private (tuned),0.3736219127004024
HA-00115,Non-private (tuned),-0.5842500949398926
HA-00117,Non-private (tuned),0.438768030265167
HA-00118,Non-private (tuned),0.28203147790350036
HA-00120,Non-private (tuned),0.24898031125512377
HA-00121,Non-private (tuned),0.12691416911903863
HA-00122,Non-private (tuned),0.07533696288207442
HA-00123,Non-private (tuned),-0.0668490574682182
HA-00124,Non-private (tuned),-0.07733704550813836
HA-00125,Non-private (tuned),0.5189984338999432
HA-00127,Non-private (tuned),0.17081612254252448
HA-00128,Non-private (tuned),0.4595836675937612
HA-00129,Non-private (tuned),0.1433205563346977
HA-00130,Non-private (tuned),0.7309904855722158
HA-00132,Non-private (tuned),0.20845010219717705
HA-00133,Non-private (tuned),-0.42709622600618224
HA-00134,Non-private (tuned),0.20591886646613602
HA-00135,Non-private (tuned),0.09804759066283983
HA-00136,Non-private (tuned),0.41713188002814594
HA-00137,Non-private (tuned),0.034323159015590715
HA-00138,Non-private (tuned),0.4106578613423311
HA-00139,Non-private (tuned),0.004486122550069166
HA-00140,Non-private (tuned),-0.2006364247214072
HA-00141,Non-private (tuned),-0.004182447906596054
HA-00143,Non-private (tuned),-0.4919658703927866
HA-00144,Non-private (tuned),-0.6868198507175212
HA-00145,Non-private (tuned),-0.022955433432861307
HA-00146,Non-private (tuned),0.143741792115529
HA-00147,Non-private (tuned),-0.16229203002150824
HA-00149,Non-private (tuned),0.12120879050443484
HA-00150,Non-private (tuned),0.16419870769220976
HA-00151,Non-private (tuned),0.23495206921595413
HA-00152,Non-private (tuned),0.32984150743841156
HA-00153,Non-private (tuned),0.5867571508794207
HA-00154,Non-private (tuned),0.04349388938056967
HA-00155,Non-private (tuned),0.6876308845029954
HA-00156,Non-private (tuned),0.12965375875074897
HA-00157,Non-private (tuned),-0.11468038340172415
HA-00159,Non-private (tuned),-0.9247508569037663
HA-00160,Non-private (tuned),-0.5757613088509318
HA-00162,Non-private (tuned),-0.016399911162397973
HA-00163,Non-private (tuned),0.11652436695939902
HA-00164,Non-private (tuned),-0.6113191206721809
HA-00165,Non-private (tuned),-0.19781826867339852
HA-00166,Non-private (tuned),-0.16605150797539175
HA-00167,Non-private (tuned),0.09867058865176948
HA-00168,Non-private (tuned),-0.24916351922343566
HA-00169,Non-private (tuned),-0.17291220046919273
HA-00170,Non-private (tuned),0.4359733898035809
HA-00171,Non-private (tuned),-0.23995427443656855
HA-00172,Non-private (tuned),-0.06664199359778927
HA-00173,Non-private (tuned),0.3691561822372993
HA-00174,Non-private (tuned),0.6814380923848196
HA-00175,Non-private (tuned),-0.011665534216048351
HA-00176,Non-private (tuned),0.038611908122268224
HA-00177,Non-private (tuned),-0.0050905273742065105
HA-00178,Non-private (tuned),0.02350942447241061
HA-00179,Non-private (tuned),-0.7322490263327701
HA-00180,Non-private (tuned),0.11669050881601939
HA-00181,Non-private (tuned),-0.06290275583558744
HA-00184,Non-private (tuned),-0.16793468323660168
HA-00185,Non-private (tuned),-0.7389949756316859
HA-00186,Non-private (tuned),-0.07665353482081338
HA-00187,Non-private (tuned),-0.27923021551765603
HA-00189,Non-private (tuned),0.7475991617242104
HA-00190,Non-private (tuned),-0.3238098802642282
HA-00191,Non-private (tuned),0.46396281450114574
HA-00192,Non-private (tuned),0.28790380190052545
HA-00193,Non-private (tuned),0.25546894475195664
HA-00194,Non-private (tuned),-0.07946871945947304
HA-00195,Non-private (tuned),0.18339726035532006
HA-00196,Non-private (tuned),-0.4304346105427608
HA-00198,Non-private (tuned),0.7957781710680967
HA-00199,Non-private (tuned),0.2845027760648289
HA-00201,Non-private (tuned),0.26137122245031874
HA-00202,Non-private (tuned),-0.29963272693429377
HA-00203,Non-private (tuned),0.334523011689945
HA-00204,Non-private (tuned),-0.8271755219994597
HA-00205,Non-private (tuned),-0.4651802922854943
HA-00206,Non-private (tuned),0.004549960703607969
HA-00207,Non-private (tuned),-0.05745306802821018
HA-00210,Non-private (tuned),0.12565604616335235
HA-00211,Non-private (tuned),-0.3731786530169113
HA-00212,Non-private (tuned),-0.267010528412978
HA-00215,Non-private (tuned),-0.3666806197074902
HA-00217,Non-private (tuned),-0.1445924119968435
HA-00218,Non-private (tuned),-0.5710102766612262
HA-00219,Non-private (tuned),0.500832129033324
HA-00220,Non-private (tuned),-0.5258568263640466
HA-00221,Non-private (tuned),-0.06650961447001041
HA-00222,Non-private (tuned),0.19470045068733116
HA-00223,Non-private (tuned),-0.043016875124029075
HA-00225,Non-private (tuned),-0.5334365813020924
HA-00226,Non-private (tuned),0.32849551081435036
HA-00227,Non-private (tuned),0.19031867048499984
HA-00229,Non-private (tuned),-0.14359275979352726
HA-00230,Non-private (tuned),0.18303053686804246
HA-00232,Non-private (tuned),-0.7589426311647323
HA-00233,Non-private (tuned),0.505863763526128
HA-00235,Non-private (tuned),-0.16830372719260744
HA-00236,Non-private (tuned),0.3832440681063702
HA-00237,Non-private (tuned),-0.0017358381084579544
HA-00239,Non-private (tuned),0.23421484276229088
HA-00240,Non-private (tuned),0.007011323247140433
HA-00241,Non-private (tuned),-0.31625866343583425
HA-00242,Non-private (tuned),-0.3707640870426621
HA-00243,Non-private (tuned),-0.7443370501670068
HA-00244,Non-private (tuned),-0.6962576321711139
HA-00245,Non-private (tuned),-0.11663094248859429
HA-00246,Non-private (tuned),-0.18282313492974375
HA-00249,Non-private (tuned),0.25216760630192026
HA-00250,Non-private (tuned),0.4530614383623808
HA-00251,Non-private (tuned),-0.07199164619896943
HA-00252,Non-private (tuned),0.033010117452957524
HA-00253,Non-private (tuned),-0.16636612066933565
HA-00254,Non-private (tuned),-0.6391243256455661
HA-00255,Non-private (tuned),0.44523299679941203
HA-00256,Non-private (tuned),0.19232120779148615
HA-00257,Non-private (tuned),-0.03304339989873406
HA-00258,Non-private (tuned),-0.20698917521254595
HA-00259,Non-private (tuned),0.43849226447942974
HA-00260,Non-private (tuned),-1.5351578460088797
HA-00261,Non-private (tuned),0.12071325358271245
HA-00262,Non-private (tuned),-0.4183679936080861
HA-00263,Non-private (tuned),0.4193113331987401
HA-00265,Non-private (tuned),-0.7291535548233037
HA-00266,Non-private (tuned),-0.1528746465088341
HA-00267,Non-private (tuned),0.04214275306814058
HA-00268,Non-private (tuned),-0.2776133885196317
HA-00269,Non-private (tuned),0.38092351520884016
HA-00270,Non-private (tuned),0.24462531263612947
HA-00271,Non-private (tuned),0.41840631640041936
HA-00272,Non-private (tuned),0.25625172121793405
HA-00273,Non-private (tuned),0.6183549281957844
HA-00274,Non-private (tuned),-0.06776935429585282
HA-00275,Non-private (tuned),-0.05925701094332286
HA-00276,Non-private (tuned),0.11238587176440365
HA-00277,Non-private (tuned),0.2794023845054176
HA-00278,Non-private (tuned),0.6486110725741489
HA-00279,Non-private (tuned),-0.020049986302068556
HA-00280,Non-private (tuned),-0.26006051593224827
HA-00281,Non-private (tuned),0.2567549262363559
HA-00282,Non-private (tuned),0.937884993013425
HA-00283,Non-private (tuned),0.3103285288886418
HA-00284,Non-private (tuned),-0.06226674892789269
HA-00285,Non-private (tuned),-0.9187527960821806
HA-00286,Non-private (tuned),0.23523547066506056
HA-00287,Non-private (tuned),0.24439906728026115
HA-00288,Non-private (tuned),0.2490571239670284
HA-00289,Non-private (tuned),-0.0210946570270521
HA-00290,Non-private (tuned),0.41571984523229744
HA-00291,Non-private (tuned),-0.5044788227550472
HA-00292,Non-private (tuned),0.28720770524572664
HA-00293,Non-private (tuned),-0.15826728475470722
HA-00294,Non-private (tuned),0.6418747620270279
HA-00295,Non-private (tuned),-0.11590696467084638
HA-00296,Non-private (tuned),0.5066024761351702
HA-00297,Non-private (tuned),0.1329169952682827
HA-00298,Non-private (tuned),-0.4550760504676646
HA-00299,Non-private (tuned),0.02067987500490595
HA-00300,Non-private (tuned),-0.08528775365661201
HA-00302,Non-private (tuned),-0.3231633737540306
HA-00303,Non-private (tuned),0.15980670525171847
HA-00304,Non-private (tuned),-0.6807651182160012
HA-00305,Non-private (tuned),0.2730860065844686
HA-00306,Non-private (tuned),0.1280907777257309
HA-00307,Non-private (tuned),-0.3223134142759186
HA-00308,Non-private (tuned),-0.317745141887021
HA-00309,Non-private (tuned),0.08960172092302085
HA-00310,Non-private (tuned),0.16251988176608
HA-00311,Non-private (tuned),0.28719580182854676
HA-00312,Non-private (tuned),0.1650624716720967
HA-00313,Non-private (tuned),-0.0673739193819462
HA-00314,Non-private (tuned),1.0009574338840155
HA-00315,Non-private (tuned),-0.45876119425038053
HA-00316,Non-private (tuned),-0.5703412506595025
HA-00317,Non-private (tuned),-0.17349706105910628
HA-00319,Non-private (tuned),-0.5473301362880223
HA-00320,Non-private (tuned),0.5726498684814979
HA-00321,Non-private (tuned),0.3576860899126918
HA-00322,Non-private (tuned),1.2772502197609423
HA-00324,Non-private (tuned),0.49011592571563467
HA-00325,Non-private (tuned),0.33831574955080634
HA-00326,Non-private (tuned),0.0683717503040343
HA-00327,Non-private (tuned),0.6960143419228382
HA-00328,Non-private (tuned),-0.25406881548016713
HA-00329,Non-private (tuned),-0.6276524452108797
HA-00330,Non-private (tuned),0.26627524389266094
HA-00331,Non-private (tuned),0.041514411135079976
HA-00332,Non-private (tuned),0.22069714069822313
HA-00333,Non-private (tuned),0.39360039333739827
HA-00334,Non-private (tuned),0.3207404913129365
HA-00335,Non-private (tuned),-0.39357548599626213
HA-00336,Non-private (tuned),-0.14078462441630124
HA-00337,Non-private (tuned),-0.02960795386265347
HA-00338,Non-private (tuned),-0.28493169569893895
HA-00339,Non-private (tuned),0.12404689500321725
HA-00340,Non-private (tuned),-0.2796990397975959
HA-00341,Non-private (tuned),0.744767255779066
HA-00342,Non-private (tuned),0.7402378290236887
HA-00343,Non-private (tuned),-0.2229387144270941
HA-00344,Non-private (tuned),0.28147355728217316
HA-00345,Non-private (tuned),-0.11535294687776115
HA-00346,Non-private (tuned),-0.5211087762268722
HA-00347,Non-private (tuned),-0.17228185830994389
HA-00348,Non-private (tuned),-0.08821190830200676
HA-00349,Non-private (tuned),-0.32483196459459684
HA-00350,Non-private (tuned),-0.03260337234956884
HA-00351,Non-private (tuned),-0.37614875274859705
HA-00352,Non-private (tuned),-0.004291051050588801
HA-00353,Non-private (tuned),-0.25534081523750096
HA-00354,Non-private (tuned),0.22199188746031778
HA-00355,Non-private (tuned),0.22194205939727507
HA-00356,Non-private (tuned),0.34138171032223014
HA-00357,Non-private (tuned),0.37074486685692926
HA-00358,Non-private (tuned),0.418344816783176
HA-00359,Non-private (tuned),0.6224347638032721
HA-00360,Non-private (tuned),-0.20786535499340053
HA-00361,Non-private (tuned),0.3868926778039732
HA-00362,Non-private (tuned),-0.9402957432063958
HA-00363,Non-private (tuned),0.161953605369423
HA-00364,Non-private (tuned),0.3250842709292751
HA-00366,Non-private (tuned),0.04688247194173703
HA-00367,Non-private (tuned),-0.8761697777720705
HA-00368,Non-private (tuned),-0.30272843778302766
HA-00369,Non-private (tuned),0.22981699715004839
HA-00370,Non-private (tuned),-0.001700365340826293
HA-00371,Non-private (tuned),0.5626155722422785
HA-00372,Non-private (tuned),-0.23340552231437922
HA-00373,Non-private (tuned),0.1836050821638457
HA-00375,Non-private (tuned),-0.16359166293015764
HA-00376,Non-private (tuned),-0.2603586287821687
HA-00377,Non-private (tuned),-0.40239701652760684
HA-00378,Non-private (tuned),-0.28104710318671694
HA-00379,Non-private (tuned),-0.2178423183801124
HA-00380,Non-private (tuned),-0.5487695671731053
HA-00381,Non-private (tuned),0.3409653755972054
HA-00382,Non-private (tuned),0.272650489410465
HA-00384,Non-private (tuned),0.31290342746567623
HA-00385,Non-private (tuned),0.4524475293497247
HA-00386,Non-private (tuned),0.3287434037461436
HA-00388,Non-private (tuned),-0.08077381114851073
HA-00389,Non-private (tuned),0.0963094800116293
HA-00390,Non-private (tuned),0.7495464120219899
HA-00391,Non-private (tuned),0.5571443145600343
HA-00392,Non-private (tuned),-0.9430484494729412
HA-00393,Non-private (tuned),0.6816246588772376
HA-00394,Non-private (tuned),0.12757238082399203
HA-00395,Non-private (tuned),-0.04932148014036647
HA-00396,Non-private (tuned),0.6971208740340539
HA-00397,Non-private (tuned),0.2719118677274382
HA-00398,Non-private (tuned),0.03684347532496396
HA-00399,Non-private (tuned),-0.3535451543226786
HA-00400,Non-private (tuned),-0.24008726446390866
HA-00402,Non-private (tuned),-1.0917864939716584
HA-00404,Non-private (tuned),0.5104688791207516
HA-00405,Non-private (tuned),-0.24492284815659118
HA-00406,Non-private (tuned),0.7160056463221661
HA-00407,Non-private (tuned),0.9918137720325519
HA-00408,Non-private (tuned),0.38922498264689354
HA-00409,Non-private (tuned),0.9253568279450204
HA-00411,Non-private (tuned),-0.7787878867141313
HA-00412,Non-private (tuned),-0.2296193552227879
HA-00413,Non-private (tuned),-1.0110545147080903
HA-00414,Non-private (tuned),0.2832048095102696
HA-00415,Non-private (tuned),-0.37138457837313904
HA-00417,Non-private (tuned),-0.16433058245720267
HA-00418,Non-private (tuned),-0.46330534841510795
HA-00419,Non-private (tuned),0.2737450125543
HA-00420,Non-private (tuned),-0.0332889035305913
HA-00421,Non-private (tuned),0.09963087739546156
HA-00422,Non-private (tuned),0.4087283749406362
HA-00424,Non-private (tuned),0.542261745955052
HA-00425,Non-private (tuned),-0.6433334063230619
HA-00426,Non-private (tuned),0.04958462254659918
HA-00427,Non-private (tuned),0.43013330265618865
HA-00428,Non-private (tuned),-0.17787256192940223
HA-00429,Non-private (tuned),-0.13377432366414319
HA-00430,Non-private (tuned),0.07257070100537921
HA-00432,Non-private (tuned),0.05136313369496806
HA-00433,Non-private (tuned),-0.8888891435868213
HA-00434,Non-private (tuned),0.19572099797696024
HA-00435,Non-private (tuned),0.15899911125899613
HA-00436,Non-private (tuned),-0.5106640655077851
HA-00437,Non-private (tuned),0.19289027310958057
HA-00438,Non-private (tuned),-1.0779423869482239
HA-00439,Non-private (tuned),-0.016676829547409122
HA-00440,Non-private (tuned),0.3756700432599247
HA-00441,Non-private (tuned),-0.12616220898095767
HA-00442,Non-private (tuned),-0.1514788459498362
HA-00443,Non-private (tuned),0.30249308105554706
HA-00444,Non-private (tuned),0.37184653193563405
HA-00445,Non-private (tuned),-0.17416945676153545
HA-00446,Non-private (tuned),0.5062811812289978
HA-00447,Non-private (tuned),-0.13065880043678618
HA-00448,Non-private (tuned),-0.2864160722378534
HA-00449,Non-private (tuned),-0.25353925029050517
HA-00450,Non-private (tuned),-0.9330074066473623
HA-00451,Non-private (tuned),-1.0013732041195191
HA-00452,Non-private (tuned),0.04726038859280479
HA-00453,Non-private (tuned),0.22946466582456718
HA-00454,Non-private (tuned),-0.26520549971354107
HA-00456,Non-private (tuned),0.15748927174047017
HA-00457,Non-private (tuned),0.30053015764309926
HA-00458,Non-private (tuned),0.7049603425300469
HA-00459,Non-private (tuned),-0.2384797400467022
HA-00460,Non-private (tuned),0.24571477453370072
HA-00461,Non-private (tuned),-0.17897356196953262
HA-00462,Non-private (tuned),-0.7273125334871079
HA-00463,Non-private (tuned),0.430234361874401
HA-00464,Non-private (tuned),0.7628494436183553
HA-00465,Non-private (tuned),-0.0547804535511766
HA-00466,Non-private (tuned),-0.5192972560312255
HA-00467,Non-private (tuned),0.26727978402332375
HA-00468,Non-private (tuned),0.07799418623648868
HA-00469,Non-private (tuned),0.2653430169720055
HA-00470,Non-private (tuned),0.20925316728792842
HA-00471,Non-private (tuned),-0.2208396931858249
HA-00472,Non-private (tuned),-0.215385161511097
HA-00473,Non-private (tuned),0.027198040160687956
HA-00474,Non-private (tuned),0.11244012731433539
HA-00475,Non-private (tuned),-0.34336327397119654
HA-00477,Non-private (tuned),0.10887454792906384
HA-00478,Non-private (tuned),0.4017184499235368
HA-00479,Non-private (tuned),0.2610864185542183
HA-00480,Non-private (tuned),0.39184880771860414
HA-00481,Non-private (tuned),0.2235333412638891
HA-00482,Non-private (tuned),0.43053638350169454
HA-00483,Non-private (tuned),0.5991037217364077
HA-00484,Non-private (tuned),0.07180931673686222
HA-00485,Non-private (tuned),0.8170705345882244
HA-00486,Non-private (tuned),-0.11878064524986376
HA-00487,Non-private (tuned),0.37403906835044337
HA-00488,Non-private (tuned),-0.35104826410557766
HA-00489,Non-private (tuned),0.8629311114812889
HA-00490,Non-private (tuned),-0.7818043214738399
HA-00492,Non-private (tuned),0.242876101193561
HA-00493,Non-private (tuned),0.5566650431069303
HA-00495,Non-private (tuned),0.1268623334560856
HA-00496,Non-private (tuned),0.07437929092323528
HA-00497,Non-private (tuned),0.41236018699998517
HA-00498,Non-private (tuned),-0.40211185888159806
HA-00499,Non-private (tuned),0.514618475773218
HA-00500,Non-private (tuned),0.4948016095018084
HA-00501,Non-private (tuned),0.09479499162530192
HA-00502,Non-private (tuned),-0.046983496539942826
HA-00503,Non-private (tuned),0.06987764990894169
HA-00504,Non-private (tuned),0.6416408359599362
HA-00505,Non-private (tuned),0.7415125571421455
HA-00506,Non-private (tuned),0.20197629583347143
HA-00507,Non-private (tuned),-0.45007525462956915
HA-00508,Non-private (tuned),0.03181738350687291
HA-00509,Non-private (tuned),0.30313933975661245
HA-00510,Non-private (tuned),-0.13306019548220627
HA-00511,Non-private (tuned),0.029391783172636715
HA-00512,Non-private (tuned),0.22171067322327853
HA-00513,Non-private (tuned),-0.3307928198432335
HA-00514,Non-private (tuned),0.32019572096409377
HA-00515,Non-private (tuned),-0.26219540544151776
HA-00516,Non-private (tuned),-0.499389530913142
HA-00518,Non-private (tuned),0.1400514882204874
HA-00519,Non-private (tuned),-0.314964427736422
HA-00520,Non-private (tuned),0.16888526572219864
HA-00521,Non-private (tuned),-0.44095987887430443
HA-00522,Non-private (tuned),0.4666078230224675
HA-00523,Non-private (tuned),-0.7847329508258123
HA-00524,Non-private (tuned),0.26552116389448577
HA-00525,Non-private (tuned),-0.0540559688995248
HA-00526,Non-private (tuned),0.12158280408869197
HA-00529,Non-private (tuned),-1.1047595487616522
HA-00530,Non-private (tuned),-0.017796090480367732
HA-00531,Non-private (tuned),-0.5282453090640595
HA-00532,Non-private (tuned),-0.2890066861872289
HA-00533,Non-private (tuned),0.7203525244424942
HA-00535,Non-private (tuned),0.6620182113776615
HA-00536,Non-private (tuned),0.3732015179180451
HA-00537,Non-private (tuned),-0.06108266184796174
HA-00538,Non-private (tuned),0.11342386898753742
HA-00539,Non-private (tuned),-0.7699991079888732
HA-00540,Non-private (tuned),-0.3457906112182146
HA-00541,Non-private (tuned),-0.4363794393285007
HA-00543,Non-private (tuned),-0.38087518370544104
HA-00544,Non-private (tuned),0.1705254361055138
HA-00545,Non-private (tuned),0.09743607084662839
HA-00547,Non-private (tuned),0.06990754673494567
HA-00549,Non-private (tuned),-0.18260095208789429
HA-00550,Non-private (tuned),-0.10023780685014483
HA-00551,Non-private (tuned),0.09114577373780622
HA-00552,Non-private (tuned),-0.10592084244528788
HA-00553,Non-private (tuned),-0.13277203969535284
HA-00554,Non-private (tuned),-0.0053547236201897065
HA-00555,Non-private (tuned),-0.5986347916721257
HA-00556,Non-private (tuned),-0.6587597483862954
HA-00557,Non-private (tuned),0.01739647981933251
HA-00558,Non-private (tuned),0.6030781109250903
HA-00559,Non-private (tuned),0.783667930085667
HA-00560,Non-private (tuned),0.12777361340251026
HA-00561,Non-private (tuned),0.6785380644851849
HA-00562,Non-private (tuned),-0.3417201707672667
HA-00563,Non-private (tuned),0.11877303554698981
HA-00564,Non-private (tuned),-0.5153622164277702
HA-00565,Non-private (tuned),0.13622532000598342
HA-00566,Non-private (tuned),-0.4567814370672936
HA-00567,Non-private (tuned),0.04850222410358185
HA-00568,Non-private (tuned),0.9961041655087151
HA-00569,Non-private (tuned),0.2964794766017105
HA-00570,Non-private (tuned),-0.18168688925112647
HA-00571,Non-private (tuned),0.52298957554874
HA-00572,Non-private (tuned),0.1568402461355662
HA-00573,Non-private (tuned),0.024255485579680547
HA-00574,Non-private (tuned),0.34232606593127507
HA-00575,Non-private (tuned),0.05876616327001549
HA-00576,Non-private (tuned),0.6562588889382093
HA-00577,Non-private (tuned),0.42350465266348736
HA-00579,Non-private (tuned),0.18541003827294067
HA-00580,Non-private (tuned),0.2387023182917456
HA-00581,Non-private (tuned),-0.2875310078798794
HA-00582,Non-private (tuned),0.7981017449934976
HA-00583,Non-private (tuned),-0.3403666281521501
HA-00584,Non-private (tuned),0.2660593980266161
HA-00585,Non-private (tuned),-0.2660610469679648
HA-00586,Non-private (tuned),-0.14189152856890763
HA-00587,Non-private (tuned),0.2747250034074401
HA-00588,Non-private (tuned),0.3216503133455713
HA-00589,Non-private (tuned),0.031211748838140263
HA-00590,Non-private (tuned),-0.47664198900650956
HA-00591,Non-private (tuned),0.45852175968864806
HA-00592,Non-private (tuned),-0.3445554991627486
HA-00594,Non-private (tuned),-0.5223872548280232
HA-00595,Non-private (tuned),-1.1019178343586926
HA-00596,Non-private (tuned),0.3319813841131247
HA-00597,Non-private (tuned),0.18158566792184216
HA-00598,Non-private (tuned),0.3794342580274157
HA-00599,Non-private (tuned),0.32453817740954827
HA-00600,Non-private (tuned),0.1354135949550406
HA-00601,Non-private (tuned),0.105623084501416
HA-00602,Non-private (tuned),0.4918767873218868
HA-00603,Non-private (tuned),0.010448787864369535
HA-00604,Non-private (tuned),-0.6276316914340585
HA-00606,Non-private (tuned),-0.28173271217095447
HA-00607,Non-private (tuned),-0.23580554998805053
HA-00608,Non-private (tuned),0.2801266731743659
HA-00609,Non-private (tuned),0.8135712634613397
HA-00610,Non-private (tuned),-0.9182299389350215
HA-00611,Non-private (tuned),0.3605621819224134
HA-00612,Non-private (tuned),0.32564446780626805
HA-00613,Non-private (tuned),0.3037971742539318
HA-00614,Non-private (tuned),0.5077522893204731
HA-00615,Non-private (tuned),-1.0377796728993245
HA-00616,Non-private (tuned),0.4298130801649191
HA-00617,Non-private (tuned),0.007925908076542032
HA-00618,Non-private (tuned),0.16918992222459855
HA-00619,Non-private (tuned),-0.16280102522885948
HA-00621,Non-private (tuned),-0.6808968250498122
HA-00622,Non-private (tuned),0.6880403311964499
HA-00623,Non-private (tuned),-0.660260262922894
HA-00624,Non-private (tuned),-0.009228806372254483
HA-00626,Non-private (tuned),1.0183699685961538
HA-00627,Non-private (tuned),0.2621498849816878
HA-00628,Non-private (tuned),-0.03970093320354717
HA-00629,Non-private (tuned),-0.3032614449203237
HA-00630,Non-private (tuned),0.28833981559160704
HA-00631,Non-private (tuned),0.20874236268617335
HA-00632,Non-private (tuned),0.1605700309792443
HA-00633,Non-private (tuned),0.4730056740271533
HA-00634,Non-private (tuned),0.4207934858848766
HA-00635,Non-private (tuned),-0.0289256928979702
HA-00636,Non-private (tuned),0.021385332335043028
HA-00637,Non-private (tuned),0.26757869881567226
HA-00638,Non-private (tuned),0.227868463181754
HA-00639,Non-private (tuned),-0.16221819007739036
HA-00640,Non-private (tuned),0.20030406824907543
HA-00641,Non-private (tuned),0.9184436002843164
HA-00642,Non-private (tuned),0.2280275838175615
HA-00643,Non-private (tuned),0.131045568394897
HA-00644,Non-private (tuned),-0.00737094140662975
HA-00645,Non-private (tuned),0.13898592579815894
HA-00647,Non-private (tuned),-0.25908472036120045
HA-00648,Non-private (tuned),1.0245252721134515
HA-00649,Non-private (tuned),0.23508574406623423
HA-00650,Non-private (tuned),-0.45523115503202993
HA-00652,Non-private (tuned),-0.47516690715147236
HA-00653,Non-private (tuned),0.23909772648157362
HA-00654,Non-private (tuned),0.29842371943824736
HA-00655,Non-private (tuned),0.20123837559603897
HA-00656,Non-private (tuned),0.1000382858507528
HA-00658,Non-private (tuned),0.2942736848161252
HA-00659,Non-private (tuned),0.20675280952808006
HA-00660,Non-private (tuned),0.22425412236606615
HA-00662,Non-private (tuned),0.2856671131076083
HA-00663,Non-private (tuned),-0.7051598897081273
HA-00664,Non-private (tuned),-0.2201406518551675
HA-00665,Non-private (tuned),0.008644368079704146
HA-00666,Non-private (tuned),0.46392629852301737
HA-00667,Non-private (tuned),1.0995467131417622
HA-00668,Non-private (tuned),0.36691289880473243
HA-00669,Non-private (tuned),-0.0861703764540726
HA-00670,Non-private (tuned),-0.4484184360946105
HA-00671,Non-private (tuned),0.10958006318254566
HA-00672,Non-private (tuned),-0.6124128535999358
HA-00673,Non-private (tuned),-0.09477183174181003
HA-00674,Non-private (tuned),0.10591236765645012
HA-00675,Non-private (tuned),-0.1348898230235717
HA-00676,Non-private (tuned),-0.00962805216943885
HA-00677,Non-private (tuned),0.13445974665430183
HA-00678,Non-private (tuned),-0.5559525500924086
HA-00679,Non-private (tuned),-0.7972242215006575
HA-00680,Non-private (tuned),0.2007676371008342
HA-00681,Non-private (tuned),-0.4871639336597601
HA-00682,Non-private (tuned),0.19371986005329134
HA-00683,Non-private (tuned),0.36592388140370646
HA-00684,Non-private (tuned),0.5715175889467315
HA-00686,Non-private (tuned),0.11358079467260607
HA-00687,Non-private (tuned),-0.356863186316452
HA-00688,Non-private (tuned),-0.9694410132194335
HA-00689,Non-private (tuned),-0.5215489993977777
HA-00690,Non-private (tuned),0.07172695323625305
HA-00691,Non-private (tuned),-0.7453650479382661
HA-00692,Non-private (tuned),-0.06069951361400577
HA-00694,Non-private (tuned),0.7976579893559603
HA-00695,Non-private (tuned),-0.06470959733704265
HA-00696,Non-private (tuned),-0.9642707989348668
HA-00697,Non-private (tuned),0.44282651796359224
HA-00698,Non-private (tuned),-0.1063175206275172
HA-00700,Non-private (tuned),1.154248214531267
HA-00701,Non-private (tuned),0.1482002023466738
HA-00702,Non-private (tuned),-0.10978922213446118
HA-00703,Non-private (tuned),-0.3752217554549354
HA-00704,Non-private (tuned),0.25119095600009367
HA-00705,Non-private (tuned),-0.019239083035582222
HA-00708,Non-private (tuned),-0.4031402976855688
HA-00709,Non-private (tuned),-0.6582027106041681
HA-00711,Non-private (tuned),0.17667125546600926
HA-00712,Non-private (tuned),0.013649756875738106
HA-00714,Non-private (tuned),-0.42498382365622167
HA-00716,Non-private (tuned),0.654516830653941
HA-00717,Non-private (tuned),0.013528145028031235
HA-00718,Non-private (tuned),0.6348709194171508
HA-00719,Non-private (tuned),0.1404862663610128
HA-00720,Non-private (tuned),0.8418295941880736
HA-00721,Non-private (tuned),0.3595463375123098
HA-00722,Non-private (tuned),0.7226230899727107
HA-00723,Non-private (tuned),0.22987390294224708
HA-00724,Non-private (tuned),0.5097647412387243
HA-00726,Non-private (tuned),-0.012620569816607141
HA-00727,Non-private (tuned),-0.5049273540379545
HA-00728,Non-private (tuned),-0.572983872228355
HA-00729,Non-private (tuned),-0.8902838392216337
HA-00730,Non-private (tuned),0.08354259574461437
HA-00731,Non-private (tuned),-0.36780581870546025
HA-00732,Non-private (tuned),0.35323019325420096
HA-00733,Non-private (tuned),0.48086385744518734
HA-00735,Non-private (tuned),-0.43388155921202287
HA-00736,Non-private (tuned),0.27959490939043213
HA-00737,Non-private (tuned),-0.07972457575719932
HA-00738,Non-private (tuned),-0.17406075130839588
HA-00740,Non-private (tuned),-0.5941876072250419
HA-00741,Non-private (tuned),0.2536002291213444
HA-00742,Non-private (tuned),0.007376218435432569
HA-00744,Non-private (tuned),0.48670114491579786
HA-00745,Non-private (tuned),0.334118153323051
HA-00746,Non-private (tuned),0.16769841946483288
HA-00747,Non-private (tuned),0.1685779277035488
HA-00748,Non-private (tuned),0.2030158149380767
HA-00749,Non-private (tuned),-0.3704214000310355
HA-00750,Non-private (tuned),0.5611413618006591
HA-00751,Non-private (tuned),0.3654965745740203
HA-00752,Non-private (tuned),-0.2794063059545459
HA-00753,Non-private (tuned),0.5608828142655256
HA-00754,Non-private (tuned),0.49651737114994177
HA-00755,Non-private (tuned),0.34074007632305464
HA-00756,Non-private (tuned),0.1216129412902992
HA-00758,Non-private (tuned),-0.007080524782990538
HA-00759,Non-private (tuned),-0.41348598628475103
HA-00761,Non-private (tuned),-0.07370131486525816
HA-00762,Non-private (tuned),-0.02777594318895127
HA-00765,Non-private (tuned),-0.03897456223627299
HA-00766,Non-private (tuned),-0.7782229185260292
HA-00767,Non-private (tuned),-0.24256340763099452
HA-00768,Non-private (tuned),0.2724390606718403
HA-00769,Non-private (tuned),0.5012765698300302
HA-00770,Non-private (tuned),-0.2544010771602908
HA-00771,Non-private (tuned),0.06038921807372766
HA-00772,Non-private (tuned),0.002713530804893338
HA-00773,Non-private (tuned),-0.6223690920217781
HA-00774,Non-private (tuned),-0.2656179651232777
HA-00775,Non-private (tuned),0.18691580227204574
HA-00776,Non-private (tuned),-0.06479469147122416
HA-00777,Non-private (tuned),0.794659524844516
HA-00778,Non-private (tuned),-0.24935825505801892
HA-00779,Non-private (tuned),0.360191193813769
HA-00780,Non-private (tuned),-0.7941675300857036
HA-00781,Non-private (tuned),0.028475446045879482
HA-00782,Non-private (tuned),-0.5738234582691794
HA-00783,Non-private (tuned),0.01744435742293965
HA-00785,Non-private (tuned),-0.7191049666899803
HA-00787,Non-private (tuned),-0.4765576333015169
HA-00788,Non-private (tuned),0.34210236464810895
HA-00789,Non-private (tuned),0.4201511669820366
HA-00790,Non-private (tuned),0.5789624720765805
HA-00791,Non-private (tuned),-0.7845259391653936
HA-00792,Non-private (tuned),0.20986621251877785
HA-00793,Non-private (tuned),-0.2070508090380113
HA-00795,Non-private (tuned),-0.8031254961821883
HA-00796,Non-private (tuned),-0.0629040067176454
HA-00797,Non-private (tuned),-0.2102099450014045
HA-00798,Non-private (tuned),0.18801014505546915
HA-00799,Non-private (tuned),0.015924985902078526
HA-00800,Non-private (tuned),0.2840463373420805
HA-00801,Non-private (tuned),-0.7169421850348563
HA-00802,Non-private (tuned),-0.6397646280868945
HA-00803,Non-private (tuned),-0.2639165800185659
HA-00804,Non-private (tuned),0.08832277531836671
HA-00805,Non-private (tuned),0.260492155789184
HA-00806,Non-private (tuned),-0.2962278299356966
HA-00807,Non-private (tuned),0.3060458296363919
HA-00808,Non-private (tuned),-0.8967039059098554
HA-00809,Non-private (tuned),0.024975658290201208
HA-00810,Non-private (tuned),-0.4493095433914317
HA-00811,Non-private (tuned),-0.041827524783846826
HA-00812,Non-private (tuned),-0.5112715998452961
HA-00813,Non-private (tuned),-0.7404096241915432
HA-00814,Non-private (tuned),0.36165691396046873
HA-00815,Non-private (tuned),-0.25062492102578227
HA-00816,Non-private (tuned),-0.13592815287929538
HA-00818,Non-private (tuned),-0.5803924549471721
HA-00819,Non-private (tuned),0.4194413945705304
HA-00821,Non-private (tuned),-0.08159827492721723
HA-00822,Non-private (tuned),-0.11497703348287075
HA-00823,Non-private (tuned),0.24587941967671406
HA-00824,Non-private (tuned),-0.4254668684451961
HA-00826,Non-private (tuned),-0.37248739272271536
HA-00827,Non-private (tuned),0.6794605806750655
HA-00828,Non-private (tuned),0.12045788459172196
HA-00830,Non-private (tuned),0.2705047536458645
HA-00831,Non-private (tuned),0.016824825224823092
HA-00832,Non-private (tuned),-0.187955163525168
HA-00833,Non-private (tuned),0.3996931950498203
HA-00834,Non-private (tuned),-0.6997854236905263
HA-00835,Non-private (tuned),-0.4755867139774605
HA-00836,Non-private (tuned),-0.0328744639657188
HA-00837,Non-private (tuned),0.2465770362968629
HA-00838,Non-private (tuned),0.3060369246647275
HA-00839,Non-private (tuned),0.317862614452928
HA-00840,Non-private (tuned),0.24751323408143963
HA-00841,Non-private (tuned),-0.12522822807503187
HA-00842,Non-private (tuned),0.26396396793908894
HA-00843,Non-private (tuned),-0.08153836180781138
HA-00844,Non-private (tuned),0.23414817690540682
HA-00845,Non-private (tuned),0.2717986917870545
HA-00846,Non-private (tuned),0.17626940372870525
HA-00847,Non-private (tuned),-0.016893172356577946
HA-00848,Non-private (tuned),0.08139799757778254
HA-00849,Non-private (tuned),0.4999803300339795
HA-00850,Non-private (tuned),0.14851209651346559
HA-00852,Non-private (tuned),-0.3123877839063997
HA-00853,Non-private (tuned),0.5645176401240333
HA-00854,Non-private (tuned),-0.29035501911863765
HA-00855,Non-private (tuned),0.02428307397646312
HA-00856,Non-private (tuned),0.10781320545577185
HA-00857,Non-private (tuned),0.4509063943210178
HA-00859,Non-private (tuned),0.01809284319291013
HA-00860,Non-private (tuned),0.11254073286967296
HA-00861,Non-private (tuned),0.09503584996361916
HA-00862,Non-private (tuned),-0.5353305958922441
HA-00863,Non-private (tuned),0.3731295117145628
HA-00864,Non-private (tuned),-0.2541641387830641
HA-00865,Non-private (tuned),-0.6253975087315032
HA-00866,Non-private (tuned),0.29615492302289836
HA-00867,Non-private (tuned),0.20293222788608495
HA-00869,Non-private (tuned),0.26317277734990746
HA-00871,Non-private (tuned),-0.29253406471964194
HA-00872,Non-private (tuned),-0.8263053845195674
HA-00873,Non-private (tuned),-0.018764037137734974
HA-00874,Non-private (tuned),-0.31337918582140273
HA-00875,Non-private (tuned),-0.41566983344865194
HA-00876,Non-private (tuned),0.4975814516279468
HA-00877,Non-private (tuned),0.027236129586087163
HA-00878,Non-private (tuned),-0.23097384790097203
HA-00879,Non-private (tuned),0.19531773512486283
HA-00880,Non-private (tuned),0.023545589497728225
HA-00881,Non-private (tuned),0.2682853035572561
HA-00882,Non-private (tuned),-0.22342379302441834
HA-00883,Non-private (tuned),-0.20444321152791411
HA-00884,Non-private (tuned),-0.7117931303464634
HA-00885,Non-private (tuned),0.24077926363659624
HA-00886,Non-private (tuned),-0.11362771332776755
HA-00888,Non-private (tuned),0.4957377326851353
HA-00889,Non-private (tuned),0.5837550066051824
HA-00890,Non-private (tuned),-0.4435978051197569
HA-00891,Non-private (tuned),0.5723933475700008
HA-00892,Non-private (tuned),-0.06924283668257059
HA-00893,Non-private (tuned),0.33410841480284903
HA-00894,Non-private (tuned),-0.6079106114128581
HA-00895,Non-private (tuned),0.1223656810714942
HA-00896,Non-private (tuned),-0.2734593689528733
HA-00897,Non-private (tuned),0.4830903455720672
HA-00898,Non-private (tuned),-0.32493958344800705
HA-00899,Non-private (tuned),0.6065094549919641
HA-00900,Non-private (tuned),-0.8362446343085737
HA-00901,Non-private (tuned),-0.693123043784659
HA-00902,Non-private (tuned),0.2241987670804233
HA-00903,Non-private (tuned),0.11224399571676377
HA-00904,Non-private (tuned),-0.29857937062406475
HA-00905,Non-private (tuned),0.11680185337809823
HA-00906,Non-private (tuned),-0.3905299322828055
HA-00907,Non-private (tuned),0.12462833971558046
HA-00908,Non-private (tuned),0.32710701031646283
HA-00909,Non-private (tuned),-0.5315463120515217
HA-00910,Non-private (tuned),0.9467895601971821
HA-00911,Non-private (tuned),0.2094941046922483
HA-00912,Non-private (tuned),0.08515699980610174
HA-00913,Non-private (tuned),0.41500048931467237
HA-00914,Non-private (tuned),1.1332693851153814
HA-00915,Non-private (tuned),0.6763578768366094
HA-00917,Non-private (tuned),0.03139051888059469
HA-00918,Non-private (tuned),0.3068694251788405
HA-00919,Non-private (tuned),-0.08592933026284325
HA-00920,Non-private (tuned),0.6363155362291643
HA-00921,Non-private (tuned),-1.1916270011795609
HA-00922,Non-private (tuned),-0.25239390789837723
HA-00923,Non-private (tuned),-0.8875539079318598
HA-00924,Non-private (tuned),0.3476057862738884
HA-00925,Non-private (tuned),-0.026611280323732944
HA-00926,Non-private (tuned),0.03225886519023058
HA-00927,Non-private (tuned),-0.45935674813802857
HA-00928,Non-private (tuned),-0.28228934271424033
HA-00929,Non-private (tuned),0.1275071346002669
HA-00930,Non-private (tuned),-0.6554335675610872
HA-00931,Non-private (tuned),-0.47399319392255534
HA-00932,Non-private (tuned),-0.12534858221023387
HA-00933,Non-private (tuned),-0.05024699363025925
HA-00934,Non-private (tuned),-0.20580313872476325
HA-00935,Non-private (tuned),-0.5202408646332024
HA-00936,Non-private (tuned),-0.35960162830183184
HA-00937,Non-private (tuned),-0.361960146573705
HA-00938,Non-private (tuned),-0.020448471426443737
HA-00939,Non-private (tuned),0.298790514377137
HA-00941,Non-private (tuned),-0.022916222473541248
HA-00942,Non-private (tuned),0.12556163776860385
HA-00943,Non-private (tuned),0.308789179909313
HA-00944,Non-private (tuned),-0.16656687393673467
HA-00945,Non-private (tuned),0.28478002653096623
HA-00946,Non-private (tuned),-0.016343245211323354
HA-00947,Non-private (tuned),0.4371053147269437
HA-00948,Non-private (tuned),0.6144298862678584
HA-00949,Non-private (tuned),-0.452980940555453
HA-00950,Non-private (tuned),0.42379019647078287
HA-00951,Non-private (tuned),0.9327679436557291
HA-00952,Non-private (tuned),-0.8271649969101238
HA-00953,Non-private (tuned),-0.1700205065135138
HA-00954,Non-private (tuned),-0.6011651444539463
HA-00955,Non-private (tuned),-0.787335203072733
HA-00957,Non-private (tuned),0.06309281247350627
HA-00958,Non-private (tuned),-0.36785084117462985
HA-00959,Non-private (tuned),-0.5232327620836432
HA-00961,Non-private (tuned),0.028919813211413348
HA-00962,Non-private (tuned),0.6144456336287994
HA-00964,Non-private (tuned),-0.10057319247747483
HA-00966,Non-private (tuned),-0.3869183570959248
HA-00967,Non-private (tuned),0.22836670911316886
HA-00968,Non-private (tuned),-0.26063894427973255
HA-00969,Non-private (tuned),-0.4962540358104387
HA-00970,Non-private (tuned),0.8476882232571837
HA-00971,Non-private (tuned),-0.3286392770952435
HA-00972,Non-private (tuned),0.5376549566049902
HA-00973,Non-private (tuned),0.3178643920141451
HA-00974,Non-private (tuned),0.09301910077131291
HA-00975,Non-private (tuned),-0.8889042547604825
HA-00976,Non-private (tuned),-0.5211725303833167
HA-00977,Non-private (tuned),0.21784666792388385
HA-00978,Non-private (tuned),-0.029494480439162363
HA-00979,Non-private (tuned),0.6142595038001912
HA-00980,Non-private (tuned),-0.49012254979856434
HA-00981,Non-private (tuned),-0.293804140254652
HA-00982,Non-private (tuned),-0.4804372831211211
HA-00983,Non-private (tuned),0.27481787539525027
HA-00985,Non-private (tuned),-0.721301364453839
HA-00987,Non-private (tuned),-0.12639993832818994
HA-00988,Non-private (tuned),0.3662819990291636
HA-00989,Non-private (tuned),-0.03959437545161454
HA-00990,Non-private (tuned),0.18592832786618324
HA-00991,Non-private (tuned),-0.26818084113813895
HA-00992,Non-private (tuned),-0.1625597496434394
HA-00993,Non-private (tuned),-0.07031696937431059
HA-00994,Non-private (tuned),-0.020061390925280254
HA-00995,Non-private (tuned),0.10618923944200381
HA-00996,Non-private (tuned),0.8530463519451711
HA-00997,Non-private (tuned),-0.22848502845900182
HA-00998,Non-private (tuned),0.14238549973215847
HA-00999,Non-private (tuned),-0.4613911843393201
HA-01000,Non-private (tuned),-0.43832012623622385
HA-01001,Non-private (tuned),0.5727608382358375
HA-01002,Non-private (tuned),0.09860844321338054
HA-01003,Non-private (tuned),0.023940465098446523
HA-01004,Non-private (tuned),-0.43910155078951824
HA-01005,Non-private (tuned),0.43936109013086655
HA-01006,Non-private (tuned),0.01933692063054429
HA-01008,Non-private (tuned),-0.3320437607934384
HA-01009,Non-private (tuned),0.32134165928245007
HA-01010,Non-private (tuned),0.04110833349864479
HA-01011,Non-private (tuned),0.20161075753604463
HA-01012,Non-private (tuned),0.34644672016137057
HA-01013,Non-private (tuned),-0.3608829972059801
HA-01014,Non-private (tuned),0.12815660300911869
HA-01015,Non-private (tuned),-0.14063947309205022
HA-01016,Non-private (tuned),0.18268694236203187
HA-01017,Non-private (tuned),0.6152239421650137
HA-01020,Non-private (tuned),-0.018839347121901606
HA-01022,Non-private (tuned),-0.6670070180721205
HA-01023,Non-private (tuned),0.12383896137664746
HA-01024,Non-private (tuned),-0.1080025792680106
HA-01025,Non-private (tuned),0.40284470042262666
HA-01026,Non-private (tuned),-0.764303734924205
HA-01027,Non-private (tuned),0.04440539090668488
HA-01029,Non-private (tuned),-0.26904727388845057
HA-01030,Non-private (tuned),0.011105811472213178
HA-01031,Non-private (tuned),-0.5464700624917751
HA-01032,Non-private (tuned),0.09256291085489099
HA-01033,Non-private (tuned),-0.23087325468515799
HA-01034,Non-private (tuned),0.29831756587771285
HA-01035,Non-private (tuned),0.6202110681907526
HA-01036,Non-private (tuned),-0.041899769544334386
HA-01037,Non-private (tuned),0.056428999227984555
HA-01038,Non-private (tuned),-0.8198281723430754
HA-01039,Non-private (tuned),-0.225867333651379
HA-01040,Non-private (tuned),-0.09808493250665867
HA-01041,Non-private (tuned),-0.3821742085593425
HA-01042,Non-private (tuned),-0.09648439898010991
HA-01043,Non-private (tuned),0.08088671977176373
HA-01044,Non-private (tuned),-1.081728127520064
HA-01045,Non-private (tuned),-0.6210758207958019
HA-01046,Non-private (tuned),-0.30264543949367717
HA-01047,Non-private (tuned),-0.6981736449225708
HA-01048,Non-private (tuned),-0.15012179236277756
HA-01049,Non-private (tuned),0.21629241387914994
HA-01050,Non-private (tuned),0.4730617328353677
HA-01051,Non-private (tuned),0.306080495201261
HA-01052,Non-private (tuned),-0.7852675406081275
HA-01053,Non-private (tuned),-0.04379973986671443
HA-01054,Non-private (tuned),-0.2867185919855585
HA-01056,Non-private (tuned),-0.1679715804341375
HA-01057,Non-private (tuned),0.4385983207377212
HA-01058,Non-private (tuned),-0.5025316660529996
HA-01059,Non-private (tuned),0.7855208697876856
HA-01060,Non-private (tuned),-0.32975194296067434
HA-01061,Non-private (tuned),-0.8063282120520898
HA-01062,Non-private (tuned),0.37518862588491353
HA-01063,Non-private (tuned),0.4657738326764154
HA-01064,Non-private (tuned),-0.3434987181991065
HA-01065,Non-private (tuned),0.721220711744951
HA-01066,Non-private (tuned),0.5061949328414901
HA-01067,Non-private (tuned),0.7352932631163152
HA-01068,Non-private (tuned),0.32072641419522796
HA-01069,Non-private (tuned),-0.07200615466290458
HA-01070,Non-private (tuned),-0.32795993168196463
HA-01071,Non-private (tuned),-0.37035563886474765
HA-01072,Non-private (tuned),0.4625420664087037
HA-01074,Non-private (tuned),-0.35636524909300066
HA-01075,Non-private (tuned),-0.8418845161842311
HA-01076,Non-private (tuned),-0.20105388384766415
HA-01077,Non-private (tuned),0.14363564616537353
HA-01078,Non-private (tuned),0.04583807700351766
HA-01079,Non-private (tuned),0.6457194362883525
HA-01080,Non-private (tuned),-0.23432915780298236
HA-01081,Non-private (tuned),0.09008877602629778
HA-01083,Non-private (tuned),-0.16030604969916823
HA-01085,Non-private (tuned),0.3319253437369364
HA-01086,Non-private (tuned),-0.14705629132491405
HA-01088,Non-private (tuned),0.8740682486632346
HA-01089,Non-private (tuned),0.05565313434429259
HA-01090,Non-private (tuned),-0.18881179465394904
HA-01091,Non-private (tuned),-0.514256066680702
HA-01092,Non-private (tuned),0.41753448267641036
HA-01094,Non-private (tuned),0.3463238469610014
HA-01095,Non-private (tuned),-0.1659944994814385
HA-01096,Non-private (tuned),-0.1694623341358597
HA-01097,Non-private (tuned),0.03486965396086479
HA-01098,Non-private (tuned),0.2320374735074397
HA-01099,Non-private (tuned),-0.12651556214878457
HA-01100,Non-private (tuned),0.15339411621549348
HA-01101,Non-private (tuned),-0.03345242051930558
HA-01102,Non-private (tuned),0.023323992158446827
HA-01103,Non-private (tuned),0.13061958222075867
HA-01104,Non-private (tuned),-0.013218327666218145
HA-01105,Non-private (tuned),-0.4253292135131078
HA-01106,Non-private (tuned),-0.48588820887189615
HA-01107,Non-private (tuned),0.05023867473418797
HA-01108,Non-private (tuned),-0.17008617974230134
HA-01109,Non-private (tuned),-0.16144846191234624
HA-01110,Non-private (tuned),0.1562674666920901
HA-01111,Non-private (tuned),0.08875589488462543
HA-01112,Non-private (tuned),0.16755782743988512
HA-01113,Non-private (tuned),-0.4640800968776579
HA-01114,Non-private (tuned),0.060291527245304094
HA-01115,Non-private (tuned),-0.15659951273643927
HA-01116,Non-private (tuned),0.018003808732766913
HA-01117,Non-private (tuned),-0.04338220266839388
HA-01118,Non-private (tuned),-0.1958212025466819
HA-01119,Non-private (tuned),-0.13898469988231088
HA-01120,Non-private (tuned),0.3425272580926323
HA-01121,Non-private (tuned),0.3228778951083498
HA-01122,Non-private (tuned),0.29852989267104557
HA-01123,Non-private (tuned),-0.6383128658042024
HA-01124,Non-private (tuned),0.12211743180793729
HA-01125,Non-private (tuned),-0.5016951722508785
HA-01126,Non-private (tuned),0.0861501814861747
HA-01128,Non-private (tuned),-0.4200649703355176
HA-01129,Non-private (tuned),-0.0332006483357713
HA-01130,Non-private (tuned),0.1319215118130624
HA-01131,Non-private (tuned),-0.6173534358241632
HA-01132,Non-private (tuned),-0.27246509596495083
HA-01133,Non-private (tuned),-0.49397024734749206
HA-01134,Non-private (tuned),0.5451490324626022
HA-01135,Non-private (tuned),0.2674437810528862
HA-01136,Non-private (tuned),-0.1760026379285499
HA-01137,Non-private (tuned),0.2909077389865076
HA-01138,Non-private (tuned),0.35181026241467256
HA-01139,Non-private (tuned),-0.4089585791919908
HA-01140,Non-private (tuned),0.0743914982341401
HA-01141,Non-private (tuned),0.023379318814710448
HA-01142,Non-private (tuned),-0.32675936272313566
HA-01143,Non-private (tuned),-0.8981880997084959
HA-01144,Non-private (tuned),-0.3356461617672587
HA-01145,Non-private (tuned),-0.4010336034970331
HA-01146,Non-private (tuned),-0.0581311454518772
HA-01147,Non-private (tuned),0.26332480310547446
HA-01148,Non-private (tuned),-0.754393740105072
HA-01149,Non-private (tuned),0.14783671005653498
HA-01150,Non-private (tuned),0.2741284658750676
HA-01151,Non-private (tuned),0.5030017623906853
HA-01153,Non-private (tuned),-0.10497382073987765
HA-01154,Non-private (tuned),0.11889904797951928
HA-01155,Non-private (tuned),0.1672674332427343
HA-01156,Non-private (tuned),-0.9548287629635289
HA-01157,Non-private (tuned),0.38616045712841246
HA-01158,Non-private (tuned),-0.612027319503714
HA-01159,Non-private (tuned),-0.6075980485198971
HA-01160,Non-private (tuned),0.25981447254851237
HA-01161,Non-private (tuned),0.4045044882089487
HA-01162,Non-private (tuned),-0.3841636918104335
HA-01163,Non-private (tuned),0.814773403069109
HA-01165,Non-private (tuned),-0.3931115496918345
HA-01166,Non-private (tuned),-0.06033749484179274
HA-01167,Non-private (tuned),0.06050099706179804
HA-01168,Non-private (tuned),0.21041077519682694
HA-01169,Non-private (tuned),0.14800068263614033
HA-01170,Non-private (tuned),-0.5034318129867983
HA-01171,Non-private (tuned),-0.4968704622335436
HA-01172,Non-private (tuned),-1.029381418596453
HA-01174,Non-private (tuned),0.8944375149902846
HA-01175,Non-private (tuned),0.7112597613476944
HA-01176,Non-private (tuned),0.4257222867953068
HA-01178,Non-private (tuned),-0.5402465670739413
HA-01179,Non-private (tuned),0.04990858072452381
HA-01180,Non-private (tuned),0.2826067834540935
HA-01181,Non-private (tuned),-1.1727464142418897
HA-01182,Non-private (tuned),-0.16175036224229247
HA-01183,Non-private (tuned),0.3637653738106583
HA-01184,Non-private (tuned),0.004400853065972543
HA-01185,Non-private (tuned),0.0777645715592068
HA-01186,Non-private (tuned),0.27781302635065297
HA-01187,Non-private (tuned),-0.03983112264900457
HA-01188,Non-private (tuned),-0.36563443396261053
HA-01189,Non-private (tuned),0.2937297815809874
HA-01190,Non-private (tuned),0.6205921103650323
HA-01191,Non-private (tuned),-0.06286221261809369
HA-01193,Non-private (tuned),-0.5876762036669073
HA-01194,Non-private (tuned),-0.009233997764607815
HA-01195,Non-private (tuned),0.3228335764833258
HA-01196,Non-private (tuned),-0.31337294082291567
HA-01198,Non-private (tuned),1.082251027564567
HA-01199,Non-private (tuned),0.18299607954761463
HA-01200,Non-private (tuned),-0.08401361901391777
HA-01201,Non-private (tuned),-0.12912536296054797
HA-01202,Non-private (tuned),0.24606842917300714
HA-01203,Non-private (tuned),0.041008615307327356
HA-01204,Non-private (tuned),0.4911902132667103
HA-01205,Non-private (tuned),0.07593390029781155
HA-01206,Non-private (tuned),-0.38277925369291954
HA-01207,Non-private (tuned),-0.24702189101895883
HA-01210,Non-private (tuned),0.2995640655414813
HA-01211,Non-private (tuned),0.5093270355313029
HA-01212,Non-private (tuned),-0.43876369041650154
HA-01213,Non-private (tuned),0.4790846992218134
HA-01214,Non-private (tuned),0.07802277638647379
HA-01215,Non-private (tuned),0.21187758702658865
HA-01216,Non-private (tuned),0.520392142889104
HA-01217,Non-private (tuned),0.34060332960214046
HA-01218,Non-private (tuned),0.1076164273546687
HA-01219,Non-private (tuned),0.328348106962607
HA-01220,Non-private (tuned),0.2926596379208399
HA-01221,Non-private (tuned),0.5103671462043093
HA-01222,Non-private (tuned),-0.21623247112063976
HA-01223,Non-private (tuned),-0.09086473457059205
HA-01224,Non-private (tuned),0.04246883403451879
HA-01225,Non-private (tuned),0.15152068119059336
HA-01226,Non-private (tuned),-0.10609605932017435
HA-01227,Non-private (tuned),-0.1969765380396068
HA-01229,Non-private (tuned),-0.7728463116004065
HA-01230,Non-private (tuned),-0.48572829965478553
HA-01231,Non-private (tuned),0.27008940428974837
HA-01232,Non-private (tuned),-0.490660379597351
HA-01233,Non-private (tuned),0.02686370723190512
HA-01234,Non-private (tuned),-0.4675330810683506
HA-01235,Non-private (tuned),1.019160678820422
HA-01236,Non-private (tuned),0.9539061391715677
HA-01237,Non-private (tuned),-0.32906606440100167
HA-01238,Non-private (tuned),-0.3132736979777794
HA-01240,Non-private (tuned),0.33036597630464837
HA-01241,Non-private (tuned),0.04744031815520505
HA-01242,Non-private (tuned),0.43471120322485957
HA-01243,Non-private (tuned),0.06517867482786838
HA-01244,Non-private (tuned),0.21829955686916624
HA-01245,Non-private (tuned),0.22976032367349777
HA-01246,Non-private (tuned),-0.08026046899661016
HA-01247,Non-private (tuned),-0.6755656715304048
HA-01248,Non-private (tuned),-0.12914465307793066
HA-01249,Non-private (tuned),0.3543748692847652
HA-01250,Non-private (tuned),0.5766877751693738
HA-01251,Non-private (tuned),-0.1773145338024179
HA-01252,Non-private (tuned),-0.20630902412937255
HA-01253,Non-private (tuned),-0.5020166631874261
HA-01254,Non-private (tuned),0.5365932078631669
HA-01255,Non-private (tuned),0.7293382086077401
HA-01256,Non-private (tuned),0.3301009811566333
HA-01257,Non-private (tuned),-0.3533363251690949
HA-01258,Non-private (tuned),0.19464027637338485
HA-01259,Non-private (tuned),-0.4522571173454362
HA-01260,Non-private (tuned),-0.34099455098892667
HA-01263,Non-private (tuned),-0.3948410641697082
HA-01264,Non-private (tuned),0.06564926636527663
HA-01265,Non-private (tuned),-0.30941348303971233
HA-01266,Non-private (tuned),0.1067064079043942
HA-01267,Non-private (tuned),-0.716984536222145
HA-01268,Non-private (tuned),0.029392459065161747
HA-01270,Non-private (tuned),0.8772099593581559
HA-01271,Non-private (tuned),-0.0816514643686167
HA-01272,Non-private (tuned),0.234890924699879
HA-01273,Non-private (tuned),0.1561620771034814
HA-01275,Non-private (tuned),-0.8476074630695967
HA-01276,Non-private (tuned),-0.008574700935317703
HA-01277,Non-private (tuned),-0.4151040294571301
HA-01278,Non-private (tuned),0.13858514694477161
HA-01279,Non-private (tuned),-0.34349567002752024
HA-01280,Non-private (tuned),-0.046652443064337634
HA-01281,Non-private (tuned),0.054459737101052286
HA-01282,Non-private (tuned),0.4980691514180045
HA-01283,Non-private (tuned),-0.06438225649444174
HA-01284,Non-private (tuned),-0.17876308073628766
HA-01285,Non-private (tuned),-0.1549490903341907
HA-01286,Non-private (tuned),0.4483120150167624
HA-01287,Non-private (tuned),0.055149271454544985
HA-01288,Non-private (tuned),0.4428074030302238
HA-01289,Non-private (tuned),-0.025040378970619184
HA-01290,Non-private (tuned),0.6025500835596137
HA-01291,Non-private (tuned),0.29803140280753715
HA-01292,Non-private (tuned),-0.8130628277230754
HA-01293,Non-private (tuned),0.29241515660117934
HA-01294,Non-private (tuned),-0.20413941250792822
HA-01296,Non-private (tuned),0.13484381020035424
HA-01298,Non-private (tuned),-0.741922205789247
HA-01299,Non-private (tuned),-0.03776955133745363
HA-01300,Non-private (tuned),0.4571728990810459
HA-01302,Non-private (tuned),-0.5539831509993766
HA-01304,Non-private (tuned),-0.020689425331193168
HA-01305,Non-private (tuned),-0.6201951334246282
HA-01306,Non-private (tuned),0.7589118732798643
HA-01307,Non-private (tuned),0.24892095233403147
HA-01309,Non-private (tuned),-0.6294935533622141
HA-01310,Non-private (tuned),-0.07810422443801937
HA-01312,Non-private (tuned),0.7648679292562316
HA-01313,Non-private (tuned),0.16772726275380087
HA-01314,Non-private (tuned),-0.24051455045174347
HA-01316,Non-private (tuned),-0.019817235600297897
HA-01317,Non-private (tuned),-0.30469262890484344
HA-01318,Non-private (tuned),-0.24488734200021764
HA-01319,Non-private (tuned),0.767499009590396
HA-01320,Non-private (tuned),0.0589053317002409
HA-01321,Non-private (tuned),-0.31992656691148114
HA-01322,Non-private (tuned),-0.4408824983786778
HA-01323,Non-private (tuned),0.46788291591269804
HA-01324,Non-private (tuned),-0.45173275460397533
HA-01325,Non-private (tuned),0.04857744275177589
HA-01327,Non-private (tuned),-0.1237613818095355
HA-01328,Non-private (tuned),0.8057091189881374
HA-01329,Non-private (tuned),-0.45021984814730526
HA-01330,Non-private (tuned),-0.11725536340263049
HA-01331,Non-private (tuned),0.02204965908608887
HA-01332,Non-private (tuned),-0.1813846798118609
HA-01334,Non-private (tuned),0.02259360531325655
HA-01335,Non-private (tuned),0.29492947409539083
HA-01336,Non-private (tuned),0.06752137320511936
HA-01337,Non-private (tuned),0.18948515610988154
HA-01338,Non-private (tuned),-0.20819089388977596
HA-01339,Non-private (tuned),-0.006279485772930249
HA-01340,Non-private (tuned),-0.05091441102121935
HA-01341,Non-private (tuned),0.23642067000363884
HA-01342,Non-private (tuned),0.47257659247411254
HA-01343,Non-private (tuned),0.6903098806050648
HA-01344,Non-private (tuned),-0.32952490227801245
HA-01345,Non-private (tuned),0.39337149411455025
HA-01346,Non-private (tuned),0.218892263066492
HA-01347,Non-private (tuned),-0.55655212422087
HA-01349,Non-private (tuned),0.32687168713167003
HA-01350,Non-private (tuned),-0.43354368914067987
HA-01351,Non-private (tuned),0.05440480102517714
HA-01352,Non-private (tuned),-0.27614621724406097
HA-01353,Non-private (tuned),-1.00740131163519
HA-01354,Non-private (tuned),-0.8465160474503168
HA-01355,Non-private (tuned),-0.17583026060805435
HA-01356,Non-private (tuned),0.848208650474332
HA-01357,Non-private (tuned),0.17545795758716232
HA-01358,Non-private (tuned),-0.3854066407280108
HA-01359,Non-private (tuned),0.039300908610543306
HA-01360,Non-private (tuned),0.3516139693724938
HA-01361,Non-private (tuned),1.1996553413032984
HA-01362,Non-private (tuned),-0.31356260003870134
HA-01363,Non-private (tuned),-0.22468577569230963
HA-01364,Non-private (tuned),-0.2384018631793535
HA-01367,Non-private (tuned),-0.533003805968262
HA-01368,Non-private (tuned),0.671653421021844
HA-01369,Non-private (tuned),0.09868210440611207
HA-01370,Non-private (tuned),-0.4126574974519991
HA-01371,Non-private (tuned),0.09665023413468143
HA-01372,Non-private (tuned),-0.5201201831047526
HA-01373,Non-private (tuned),-0.07654503849115854
HA-01374,Non-private (tuned),0.21883922436568504
HA-01375,Non-private (tuned),0.08671045495959673
HA-01376,Non-private (tuned),-0.17639002486402283
HA-01377,Non-private (tuned),-0.07723854892476478
HA-01378,Non-private (tuned),-0.6785327360415274
HA-01379,Non-private (tuned),0.358207583499952
HA-01381,Non-private (tuned),-0.4122159346060077
HA-01383,Non-private (tuned),-0.32949919593166593
HA-01384,Non-private (tuned),-0.029084355378183574
HA-01385,Non-private (tuned),0.31109625000879854
HA-01386,Non-private (tuned),0.33005635296525215
HA-01387,Non-private (tuned),0.2697868021402931
HA-01388,Non-private (tuned),-0.32460057018731975
HA-01389,Non-private (tuned),0.6001790011584727
HA-01390,Non-private (tuned),0.08934754677259463
HA-01391,Non-private (tuned),0.54093032142089
HA-01392,Non-private (tuned),-0.7437061845566284
HA-01393,Non-private (tuned),-0.34621285909972227
HA-01394,Non-private (tuned),0.028955741664758006
HA-01395,Non-private (tuned),0.3478644708220406
HA-01396,Non-private (tuned),-0.1203019807822015
HA-01397,Non-private (tuned),-0.31529508863539235
HA-01398,Non-private (tuned),-0.5533897572535296
HA-01399,Non-private (tuned),0.5226610956996427
HA-01400,Non-private (tuned),-0.27179803489921744
HA-01401,Non-private (tuned),0.0900151560260899
HA-01403,Non-private (tuned),-0.13659900687483023
HA-01404,Non-private (tuned),-1.0713723918368467
HA-01405,Non-private (tuned),0.3156548021391621
HA-01406,Non-private (tuned),-0.380529279267526
HA-01407,Non-private (tuned),0.1440288517734855
HA-01408,Non-private (tuned),-0.3945023379960143
HA-01409,Non-private (tuned),-0.8703213138893041
HA-01410,Non-private (tuned),0.11764892257129017
HA-01411,Non-private (tuned),-0.6948058665177844
HA-01412,Non-private (tuned),-0.12723136304243415
HA-01414,Non-private (tuned),0.1055102394448919
HA-01415,Non-private (tuned),-0.3615382336709012
HA-01416,Non-private (tuned),0.44192511636146614
HA-01417,Non-private (tuned),-0.11758027317183861
HA-01418,Non-private (tuned),-0.22800457328973667
HA-01419,Non-private (tuned),-0.14867876017830436
HA-01420,Non-private (tuned),0.30130585143273525
HA-01421,Non-private (tuned),-0.9967869596320218
HA-01422,Non-private (tuned),0.27710056761324503
HA-01423,Non-private (tuned),0.4263601309722845
HA-01425,Non-private (tuned),0.9310471683579663
HA-01426,Non-private (tuned),0.08646903387508537
HA-01427,Non-private (tuned),0.10342493248160875
HA-01428,Non-private (tuned),-0.0227248273095767
HA-01430,Non-private (tuned),0.08489179774041
HA-01431,Non-private (tuned),0.39356862156995165
HA-01432,Non-private (tuned),-0.7652364835374854
HA-01433,Non-private (tuned),-0.39802686237867146
HA-01434,Non-private (tuned),0.2116304937919348
HA-01435,Non-private (tuned),0.7755707105637578
HA-01436,Non-private (tuned),-0.7691234973019071
HA-01437,Non-private (tuned),-0.6336450695626639
HA-01438,Non-private (tuned),-0.8227691566754267
HA-01439,Non-private (tuned),0.644164673019779
HA-01440,Non-private (tuned),0.8996429960259555
HA-01441,Non-private (tuned),-0.26695170238427934
HA-01442,Non-private (tuned),-0.008039481516320196
HA-01443,Non-private (tuned),0.18502219964850433
HA-01444,Non-private (tuned),-0.09581029228577269
HA-01445,Non-private (tuned),-0.5288251782619324
HA-01446,Non-private (tuned),0.28307736489708973
HA-01447,Non-private (tuned),-0.08125353023897958
HA-01448,Non-private (tuned),0.16760778540876675
HA-01449,Non-private (tuned),-0.14513466045126436
HA-01450,Non-private (tuned),0.19526296982535404
HA-01451,Non-private (tuned),0.3531958523012422
HA-01452,Non-private (tuned),0.660684834680138
HA-01453,Non-private (tuned),0.4915728341335928
HA-01455,Non-private (tuned),-0.9584955265115482
HA-01456,Non-private (tuned),-0.7615632833431416
HA-01458,Non-private (tuned),0.44286037645112547
HA-01459,Non-private (tuned),0.41293669681549117
HA-01460,Non-private (tuned),-0.551355208388288
HA-01461,Non-private (tuned),0.144938023519383
HA-01462,Non-private (tuned),0.13611400094303694
HA-01465,Non-private (tuned),-0.6302512386091244
HA-01466,Non-private (tuned),0.16536710304837055
HA-01467,Non-private (tuned),0.291118395905557
HA-01468,Non-private (tuned),1.1118871847351885
HA-01469,Non-private (tuned),0.28848400048719486
HA-01473,Non-private (tuned),0.5181928763374773
HA-01474,Non-private (tuned),0.09640971078367597
HA-01475,Non-private (tuned),-0.2734715445914063
HA-01476,Non-private (tuned),-0.2778216254214949
HA-01477,Non-private (tuned),-0.2497860262248097
HA-01478,Non-private (tuned),0.23290659769801905
HA-01479,Non-private (tuned),0.007193178888672033
HA-01480,Non-private (tuned),0.4378900575239191
HA-01481,Non-private (tuned),0.015970026727412323
HA-01482,Non-private (tuned),0.14259158281490064
HA-01483,Non-private (tuned),-0.10211437006495433
HA-01484,Non-private (tuned),-0.32534170561587566
HA-01485,Non-private (tuned),-0.17093432635476408
HA-01486,Non-private (tuned),-0.5746704530689668
HA-01487,Non-private (tuned),0.10848240312760274
HA-01488,Non-private (tuned),-0.7277356865367877
HA-01489,Non-private (tuned),0.08862224102502986
HA-01490,Non-private (tuned),-0.6126117943085405
HA-01491,Non-private (tuned),-0.22202026145637674
HA-01492,Non-private (tuned),-0.39667636985713073
HA-01493,Non-private (tuned),-0.2628399167397135
HA-01494,Non-private (tuned),0.3401803618979225
HA-01495,Non-private (tuned),0.09646569094545204
HA-01496,Non-private (tuned),0.189446684411696
HA-01497,Non-private (tuned),-0.15768175451248806
HA-01498,Non-private (tuned),0.37539156670869783
HA-01499,Non-private (tuned),0.10033398670633353
HA-01500,Non-private (tuned),-0.5380972223649331
HA-01501,Non-private (tuned),0.012264827999703048
HA-01502,Non-private (tuned),0.6976917072722226
HA-01503,Non-private (tuned),0.35773716851237314
HA-01504,Non-private (tuned),0.27375797540924385
HA-01505,Non-private (tuned),-0.3830859750810037
HA-01506,Non-private (tuned),-0.5262452093748462
HA-01507,Non-private (tuned),0.28631704473466046
HA-01508,Non-private (tuned),0.3673628217693803
HA-01509,Non-private (tuned),0.050774450070475236
HA-01510,Non-private (tuned),0.2164928907862655
HA-01511,Non-private (tuned),0.8059114835017998
HA-01512,Non-private (tuned),0.2487245298063973
HA-01513,Non-private (tuned),0.2180732637973693
HA-01514,Non-private (tuned),-0.47883370377818
HA-01515,Non-private (tuned),-0.5315771491750766
HA-01516,Non-private (tuned),-0.1327657158397469
HA-01517,Non-private (tuned),0.805892109115643
HA-01518,Non-private (tuned),-0.14567256209911011
HA-01519,Non-private (tuned),-0.9789692715896061
HA-01520,Non-private (tuned),0.25108833586635726
HA-01522,Non-private (tuned),0.2964590419215354
HA-01523,Non-private (tuned),0.0039813365398473355
HA-01524,Non-private (tuned),-0.5477054477074736
HA-01525,Non-private (tuned),-0.3295085944513068
HA-01526,Non-private (tuned),-0.08514322553119172
HA-01527,Non-private (tuned),0.19753827856955763
HA-01528,Non-private (tuned),0.04734945998456458
HA-01529,Non-private (tuned),0.703340581293904
HA-01530,Non-private (tuned),0.25389280174609397
HA-01531,Non-private (tuned),0.13246895053557575
HA-01533,Non-private (tuned),0.623880515659919
HA-01534,Non-private (tuned),-0.08208596578538095
HA-01535,Non-private (tuned),0.11129639082625942
HA-01536,Non-private (tuned),-0.6884572184584268
HA-01537,Non-private (tuned),0.2591184007319667
HA-01538,Non-private (tuned),0.41128622891223654
HA-01539,Non-private (tuned),0.9917396822119002
HA-01540,Non-private (tuned),0.1302639140259431
HA-01541,Non-private (tuned),-0.17971389934714832
HA-01542,Non-private (tuned),0.4707063240318954
HA-01543,Non-private (tuned),-0.3177213736979603
HA-01545,Non-private (tuned),-1.0948155824585115
HA-01546,Non-private (tuned),-0.5875841826633674
HA-01547,Non-private (tuned),0.4727809205320392
HA-01548,Non-private (tuned),0.4280060181367638
HA-01549,Non-private (tuned),0.6631874024475406
HA-01550,Non-private (tuned),-0.43777738438313873
HA-01551,Non-private (tuned),0.6332280582738707
HA-01552,Non-private (tuned),0.7228051880327508
HA-01554,Non-private (tuned),0.7520118914622831
HA-01555,Non-private (tuned),0.4403363724999796
HA-01556,Non-private (tuned),0.08292950022957271
HA-01557,Non-private (tuned),0.7906047527752313
HA-01558,Non-private (tuned),-0.02373408722137421
HA-01559,Non-private (tuned),-0.39946621766949847
HA-01560,Non-private (tuned),0.3501621572605268
HA-01561,Non-private (tuned),0.16663526723740418
HA-01562,Non-private (tuned),0.08594139064802325
HA-01563,Non-private (tuned),-0.0927787372575223
HA-01564,Non-private (tuned),0.34024604230658095
HA-01565,Non-private (tuned),0.47160979332634245
HA-01566,Non-private (tuned),0.6907375011848038
HA-01567,Non-private (tuned),-0.22925125767458832
HA-01568,Non-private (tuned),0.7784004377145842
HA-01569,Non-private (tuned),0.19325164705342857
HA-01570,Non-private (tuned),0.8982853087026651
HA-01571,Non-private (tuned),0.18545186099826663
HA-01572,Non-private (tuned),0.521177887265218
HA-01574,Non-private (tuned),0.20867765975505864
HA-01575,Non-private (tuned),-0.9291691901295379
HA-01576,Non-private (tuned),0.2799812524112365
HA-01577,Non-private (tuned),-0.6189671631694069
HA-01578,Non-private (tuned),-0.11215432908870193
HA-01579,Non-private (tuned),-0.6710487304628286
HA-01580,Non-private (tuned),0.3457880496498822
HA-01581,Non-private (tuned),0.7187684203529584
HA-01582,Non-private (tuned),0.4869082057553622
HA-01583,Non-private (tuned),0.32830304783580916
HA-01584,Non-private (tuned),0.7955364652837114
HA-01585,Non-private (tuned),0.5242806259946968
HA-01587,Non-private (tuned),-0.6079306258196442
HA-01588,Non-private (tuned),0.19915247468464298
HA-01590,Non-private (tuned),1.0518904542091598
HA-01591,Non-private (tuned),0.006302479503070169
HA-01593,Non-private (tuned),0.1364664940741298
HA-01594,Non-private (tuned),-0.4552589867990414
HA-01595,Non-private (tuned),-0.3771783208298811
HA-01596,Non-private (tuned),0.519148333494821
HA-01597,Non-private (tuned),0.7403059223625337
HA-01598,Non-private (tuned),-0.2975317873773403
HA-01599,Non-private (tuned),0.05674123141186732
HA-01600,Non-private (tuned),1.0421097632102478
HA-01601,Non-private (tuned),0.015572730928267942
HA-01602,Non-private (tuned),-0.03304029535626313
HA-01603,Non-private (tuned),0.07514977415653616
HA-01605,Non-private (tuned),-0.4207220223347613
HA-01606,Non-private (tuned),0.36520758689590654
HA-01607,Non-private (tuned),0.24929108343925838
HA-01608,Non-private (tuned),0.29298921660683874
HA-01609,Non-private (tuned),-0.2866255768225509
HA-01610,Non-private (tuned),0.47107999672398465
HA-01611,Non-private (tuned),-0.2526227251781257
HA-01613,Non-private (tuned),0.14477584983350103
HA-01614,Non-private (tuned),0.025561323105647515
HA-01615,Non-private (tuned),0.2785094217649679
HA-01617,Non-private (tuned),0.2525547152806123
HA-01618,Non-private (tuned),-0.7744177225959167
HA-01620,Non-private (tuned),-0.5428882262317011
HA-01621,Non-private (tuned),-0.5088831796123963
HA-01622,Non-private (tuned),0.18976135020643023
HA-01624,Non-private (tuned),-0.11687827358761854
HA-01625,Non-private (tuned),0.6350626971967256
HA-01626,Non-private (tuned),-0.3185317072807675
HA-01627,Non-private (tuned),0.6058334933123087
HA-01628,Non-private (tuned),0.04433234194988722
HA-01629,Non-private (tuned),-0.06661785273711404
HA-01630,Non-private (tuned),-0.11014366186138258
HA-01631,Non-private (tuned),0.6308390819385812
HA-01634,Non-private (tuned),0.13313805054737893
HA-01635,Non-private (tuned),0.050628365306665035
HA-01636,Non-private (tuned),-0.17125590345117261
HA-01637,Non-private (tuned),0.4986917552213829
HA-01638,Non-private (tuned),-0.33739884043208695
HA-01639,Non-private (tuned),-0.4395146271379487
HA-01640,Non-private (tuned),0.33754898867806565
HA-01641,Non-private (tuned),-0.2558839726656255
HA-01643,Non-private (tuned),0.3991269675954
HA-01644,Non-private (tuned),0.32841776835009273
HA-01645,Non-private (tuned),0.30503840156588086
HA-01646,Non-private (tuned),0.3083428053197174
HA-01647,Non-private (tuned),0.3955678077117441
HA-01649,Non-private (tuned),0.2341695675755111
HA-01651,Non-private (tuned),-0.06410079651160248
HA-01653,Non-private (tuned),0.3002477542768779
HA-01654,Non-private (tuned),0.4428682745903076
HA-01655,Non-private (tuned),-0.06805310279926663
HA-01656,Non-private (tuned),-0.01964615212332993
HA-01657,Non-private (tuned),0.3929197982021759
HA-01658,Non-private (tuned),0.729809670894589
HA-01659,Non-private (tuned),-0.0028306972982453105
HA-01660,Non-private (tuned),0.32833128324088623
HA-01661,Non-private (tuned),-0.5821755151833153
HA-01662,Non-private (tuned),-0.024715804524763046
HA-01663,Non-private (tuned),-0.3381209260187971
HA-01664,Non-private (tuned),-0.16537398908341802
HA-01665,Non-private (tuned),0.037288072700111086
HA-01666,Non-private (tuned),0.061825072896190575
HA-01667,Non-private (tuned),-0.060990949636292424
HA-01668,Non-private (tuned),0.5208956912223712
HA-01669,Non-private (tuned),0.2827621549284268
HA-01670,Non-private (tuned),-0.3586801875026554
HA-01671,Non-private (tuned),0.1908644510469634
HA-01672,Non-private (tuned),0.2676534812491552
HA-01673,Non-private (tuned),0.01277821087227135
HA-01674,Non-private (tuned),-0.1529175966150928
HA-01675,Non-private (tuned),0.13808197470833275
HA-01676,Non-private (tuned),-0.029846765345802412
HA-01677,Non-private (tuned),0.6231377178677836
HA-01678,Non-private (tuned),0.16478544682353347
HA-01679,Non-private (tuned),-0.18994500057034797
HA-01680,Non-private (tuned),-0.664555525494194
HA-01681,Non-private (tuned),0.3143797204624281
HA-01682,Non-private (tuned),-0.36673723949251574
HA-01683,Non-private (tuned),-0.4477047479978812
HA-01684,Non-private (tuned),0.06573191413268098
HA-01685,Non-private (tuned),-0.25532660108927696
HA-01686,Non-private (tuned),-0.05642314314192569
HA-01687,Non-private (tuned),-1.6878391918454254
HA-01688,Non-private (tuned),0.6194261809563618
HA-01689,Non-private (tuned),0.25178354323382457
HA-01690,Non-private (tuned),0.5358357734951865
HA-01691,Non-private (tuned),-0.3834558941669965
HA-01692,Non-private (tuned),0.6992190331075594
HA-01693,Non-private (tuned),0.15942436671453236
HA-01694,Non-private (tuned),-0.6120917039014303
HA-01695,Non-private (tuned),0.5407725373749166
HA-01696,Non-private (tuned),-0.286353681350966
HA-01697,Non-private (tuned),-0.13722445905348604
HA-01699,Non-private (tuned),-0.7420405047160934
HA-01700,Non-private (tuned),-0.12940053256139472
HA-01701,Non-private (tuned),0.5048502046890613
HA-01702,Non-private (tuned),0.22535494602423795
HA-01703,Non-private (tuned),-1.1458548576964076
HA-01704,Non-private (tuned),-0.5158735279319903
HA-01705,Non-private (tuned),-0.34356600055420167
HA-01706,Non-private (tuned),0.3895866504839669
HA-01707,Non-private (tuned),-0.5652883870320577
HA-01708,Non-private (tuned),-0.012123443760674424
HA-01709,Non-private (tuned),0.11266169357958727
HA-01710,Non-private (tuned),0.7033599082033264
HA-01711,Non-private (tuned),0.3567055736894481
HA-01712,Non-private (tuned),0.6125252118085681
HA-01713,Non-private (tuned),0.3200489456041996
HA-01714,Non-private (tuned),-0.2540384257225189
HA-01715,Non-private (tuned),0.3678715179269624
HA-01716,Non-private (tuned),0.17706791300167624
HA-01717,Non-private (tuned),0.767991160963654
HA-01718,Non-private (tuned),-0.2717619246089191
HA-01719,Non-private (tuned),0.4253054081054433
HA-01720,Non-private (tuned),-0.41615108094795206
HA-01721,Non-private (tuned),0.013343200333995553
HA-01722,Non-private (tuned),-0.21923599220875595
HA-01723,Non-private (tuned),0.31045177251857325
HA-01724,Non-private (tuned),-0.11760012664082778
HA-01725,Non-private (tuned),0.09472565461277449
HA-01726,Non-private (tuned),-0.12632199835966296
HA-01727,Non-private (tuned),0.14849314758612817
HA-01728,Non-private (tuned),0.9027386421830496
HA-01729,Non-private (tuned),-0.2964219209402355
HA-01730,Non-private (tuned),0.43975547750660005
HA-01731,Non-private (tuned),-0.16870488677893603
HA-01732,Non-private (tuned),0.09445754004801592
HA-01733,Non-private (tuned),0.6697257946284889
HA-01734,Non-private (tuned),0.5252751973239085
HA-01735,Non-private (tuned),-0.2016619248776213
HA-01736,Non-private (tuned),-0.12390932867718865
HA-01737,Non-private (tuned),0.3582562090033977
HA-01738,Non-private (tuned),0.6052412439369362
HA-01739,Non-private (tuned),-0.8140145799402998
HA-01740,Non-private (tuned),0.0226864555621461
HA-01741,Non-private (tuned),0.2625303333236111
HA-01742,Non-private (tuned),0.11537200284186372
HA-01743,Non-private (tuned),0.570256402736207
HA-01744,Non-private (tuned),-0.3875927363767161
HA-01746,Non-private (tuned),-0.4072209282263086
HA-01747,Non-private (tuned),0.771496014117451
HA-01748,Non-private (tuned),-0.34819874323970407
HA-01749,Non-private (tuned),0.08707641562020224
HA-01750,Non-private (tuned),0.14443172905704105
HA-01751,Non-private (tuned),-0.029900129575335055
HA-01752,Non-private (tuned),-0.2975094941574267
HA-01753,Non-private (tuned),-0.5939401178137503
HA-01754,Non-private (tuned),-0.2577334647370791
HA-01755,Non-private (tuned),0.3822666947443507
HA-01756,Non-private (tuned),0.4731938331566934
HA-01757,Non-private (tuned),-0.16234247232140986
HA-01758,Non-private (tuned),0.28110629922630714
HA-01759,Non-private (tuned),-0.6538025135636621
HA-01760,Non-private (tuned),-0.2414833975318305
HA-01762,Non-private (tuned),0.3773306002100475
HA-01763,Non-private (tuned),0.9906927508947566
HA-01764,Non-private (tuned),-0.7778063111356979
HA-01765,Non-private (tuned),0.13211781889385388
HA-01766,Non-private (tuned),-0.40109073737721146
HA-01768,Non-private (tuned),-0.12453876463964242
HA-01769,Non-private (tuned),0.12636893128677001
HA-01770,Non-private (tuned),-0.13190989148183502
HA-01771,Non-private (tuned),0.05172873513965458
HA-01773,Non-private (tuned),0.6020784319700306
HA-01774,Non-private (tuned),-0.16525135945049185
HA-01775,Non-private (tuned),0.05416290875140531
HA-01776,Non-private (tuned),-0.33145550970714005
HA-01777,Non-private (tuned),0.6504655690580288
HA-01778,Non-private (tuned),0.224754299291688
HA-01779,Non-private (tuned),-0.6300336010370692
HA-01780,Non-private (tuned),-0.0470261718228524
HA-01781,Non-private (tuned),-0.3352730829692092
HA-01783,Non-private (tuned),0.28326597422332334
HA-01784,Non-private (tuned),-0.5458421694031769
HA-01785,Non-private (tuned),0.10278002618261717
HA-01786,Non-private (tuned),0.1189236031420769
HA-01788,Non-private (tuned),0.3551815375037405
HA-01790,Non-private (tuned),-0.003806296794675784
HA-01791,Non-private (tuned),0.31367902289393695
HA-01792,Non-private (tuned),0.196691522932326
HA-01793,Non-private (tuned),0.013410151305411483
HA-01794,Non-private (tuned),0.7545279101273832
HA-01795,Non-private (tuned),0.16652395085642602
HA-01796,Non-private (tuned),0.5704798382805576
HA-01797,Non-private (tuned),-0.5661307543373848
HA-01798,Non-private (tuned),0.6531480958464073
HA-01799,Non-private (tuned),0.24041364332735046
HA-01800,Non-private (tuned),-0.03539182080922573
HA-01801,Non-private (tuned),0.11488471562483765
HA-01802,Non-private (tuned),0.04379458948765663
HA-01803,Non-private (tuned),-0.47413212873358646
HA-01804,Non-private (tuned),-0.0820225668298195
HA-01805,Non-private (tuned),-0.07847727284737469
HA-01806,Non-private (tuned),0.7404548267014104
HA-01807,Non-private (tuned),0.2948984096872403
HA-01808,Non-private (tuned),0.26484816552164814
HA-01810,Non-private (tuned),0.43857080566714635
HA-01811,Non-private (tuned),0.3368546417415141
HA-01812,Non-private (tuned),0.27751483377515435
HA-01813,Non-private (tuned),-0.4912461819210997
HA-01814,Non-private (tuned),-0.6656462098174263
HA-01815,Non-private (tuned),-0.26720811907436326
HA-01816,Non-private (tuned),0.005895794671121113
HA-01817,Non-private (tuned),-0.21986460999952703
HA-01818,Non-private (tuned),-0.16158798261369825
HA-01819,Non-private (tuned),-0.08320573999841319
HA-01820,Non-private (tuned),0.11914877664159212
HA-01821,Non-private (tuned),0.35960972806403224
HA-01822,Non-private (tuned),0.3564376255438245
HA-01823,Non-private (tuned),0.26874603363497085
HA-01824,Non-private (tuned),0.03612431620450471
HA-01825,Non-private (tuned),0.6769043860936035
HA-01826,Non-private (tuned),-0.2618136067798105
HA-01827,Non-private (tuned),-0.01433033233033626
HA-01828,Non-private (tuned),0.34113482380088594
HA-01829,Non-private (tuned),-0.20489874947064246
HA-01830,Non-private (tuned),-0.6547773219482999
HA-01831,Non-private (tuned),-0.32534146251078955
HA-01832,Non-private (tuned),-0.6246926485983787
HA-01833,Non-private (tuned),-0.6749554609270265
HA-01834,Non-private (tuned),0.13277958271285883
HA-01835,Non-private (tuned),-0.5179750544973146
HA-01836,Non-private (tuned),-0.5229007002529028
HA-01837,Non-private (tuned),0.035788705638374274
HA-01838,Non-private (tuned),-0.13925018722095717
HA-01839,Non-private (tuned),-0.08246219567329649
HA-01840,Non-private (tuned),-0.6868491987050942
HA-01841,Non-private (tuned),0.3798577920141428
HA-01842,Non-private (tuned),-0.3393320729354947
HA-01843,Non-private (tuned),-0.40047345533246814
HA-01844,Non-private (tuned),-0.7513483370845231
HA-01846,Non-private (tuned),0.3837504241013343
HA-01847,Non-private (tuned),0.08043942521775034
HA-01848,Non-private (tuned),-0.2985550973898605
HA-01849,Non-private (tuned),-0.6322676846923319
HA-01850,Non-private (tuned),0.10058867983489797
HA-01851,Non-private (tuned),0.9064731145610511
HA-01852,Non-private (tuned),-0.5865755904319105
HA-01853,Non-private (tuned),-0.4869776678616196
HA-01854,Non-private (tuned),0.09582861124780712
HA-01857,Non-private (tuned),0.07030180466262051
HA-01858,Non-private (tuned),-0.5660642362626036
HA-01859,Non-private (tuned),-0.0008691446632485555
HA-01861,Non-private (tuned),0.1820809558707249
HA-01862,Non-private (tuned),1.0005131176351192
HA-01863,Non-private (tuned),-0.08734377580895132
HA-01864,Non-private (tuned),0.26149121969658656
HA-01865,Non-private (tuned),0.24551566585279655
HA-01866,Non-private (tuned),-0.3448741983785519
HA-01867,Non-private (tuned),0.03740799951571522
HA-01868,Non-private (tuned),-0.4018155272783725
HA-01869,Non-private (tuned),0.42575214585370796
HA-01871,Non-private (tuned),-0.07595120080710305
HA-01872,Non-private (tuned),-0.10109133606514616
HA-01873,Non-private (tuned),0.5651965173599051
HA-01874,Non-private (tuned),0.2837238281020683
HA-01875,Non-private (tuned),-0.8193581593886012
HA-01876,Non-private (tuned),-0.7578217436841728
HA-01877,Non-private (tuned),0.4524842522920485
HA-01878,Non-private (tuned),-0.12444501431857385
HA-01879,Non-private (tuned),-0.36567803150278577
HA-01880,Non-private (tuned),-0.8315650312748213
HA-01882,Non-private (tuned),-0.49794697327684867
HA-01883,Non-private (tuned),-0.3580092344677345
HA-01884,Non-private (tuned),-0.6816314443143963
HA-01885,Non-private (tuned),-0.43111363764406213
HA-01886,Non-private (tuned),-0.14559612800018684
HA-01887,Non-private (tuned),-0.56026299819833
HA-01888,Non-private (tuned),-0.2664072106673008
HA-01893,Non-private (tuned),0.4347487078480144
HA-01894,Non-private (tuned),-0.718913760528557
HA-01895,Non-private (tuned),0.5659559176470255
HA-01897,Non-private (tuned),0.3237331033477984
HA-01898,Non-private (tuned),0.08429409963135627
HA-01899,Non-private (tuned),0.39873182434202753
HA-01900,Non-private (tuned),0.987597553662811
HA-01901,Non-private (tuned),0.25706488674336747
HA-01902,Non-private (tuned),0.3178636357785062
HA-01903,Non-private (tuned),-0.29790601192379595
HA-01904,Non-private (tuned),0.842605811889061
HA-01905,Non-private (tuned),-2.183559848509221
HA-01906,Non-private (tuned),-0.10715919324773951
HA-01907,Non-private (tuned),0.0891480669909239
HA-01909,Non-private (tuned),0.07564240858132881
HA-01910,Non-private (tuned),0.8092027617547958
HA-01911,Non-private (tuned),-0.2975444181419294
HA-01913,Non-private (tuned),-0.22344286809551644
HA-01914,Non-private (tuned),-0.16534576641708632
HA-01915,Non-private (tuned),-0.0952457019061953
HA-01916,Non-private (tuned),-0.5678103874370877
HA-01917,Non-private (tuned),-0.5275688051010271
HA-01918,Non-private (tuned),-0.46999296278705704
HA-01919,Non-private (tuned),0.6323859573682213
HA-01920,Non-private (tuned),-0.617097856659661
HA-01921,Non-private (tuned),-0.4402129211744416
HA-01923,Non-private (tuned),1.207754633632489
HA-01924,Non-private (tuned),-0.4938338712660192
HA-01925,Non-private (tuned),-0.17104248986644743
HA-01926,Non-private (tuned),0.543201524839218
HA-01927,Non-private (tuned),-0.25401362705087227
HA-01928,Non-private (tuned),-0.12679834820051183
HA-01929,Non-private (tuned),0.25124892592382014
HA-01930,Non-private (tuned),-0.26083997136070347
HA-01931,Non-private (tuned),-0.33800232076047376
HA-01932,Non-private (tuned),0.07293265698616155
HA-01934,Non-private (tuned),-0.1959424086609807
HA-01935,Non-private (tuned),-0.8859990935473444
HA-01937,Non-private (tuned),0.3295957810152214
HA-01938,Non-private (tuned),0.5318359654263187
HA-01939,Non-private (tuned),0.9282085695532154
HA-01940,Non-private (tuned),-0.3135274698944813
HA-01941,Non-private (tuned),0.5387753242355222
HA-01942,Non-private (tuned),0.01659619424466663
HA-01943,Non-private (tuned),0.9376072745003254
HA-01944,Non-private (tuned),0.2783245634289161
HA-01945,Non-private (tuned),-0.4084575603049659
HA-01946,Non-private (tuned),1.4555655731162551
HA-01948,Non-private (tuned),-0.48378929093405776
HA-01949,Non-private (tuned),-0.22504589078217102
HA-01950,Non-private (tuned),-0.3498167735028117
HA-01951,Non-private (tuned),0.006073312470096653
HA-01952,Non-private (tuned),0.16008678389017772
HA-01953,Non-private (tuned),-1.0818086507869682
HA-01954,Non-private (tuned),0.05437491540073941
HA-01955,Non-private (tuned),-0.24294379602743588
HA-01956,Non-private (tuned),-0.23576042505757655
HA-01957,Non-private (tuned),-0.011998410370861079
HA-01959,Non-private (tuned),0.006475445992711437
HA-01961,Non-private (tuned),0.3114055220996098
HA-01962,Non-private (tuned),0.21302211391567138
HA-01963,Non-private (tuned),-0.1561629886182671
HA-01964,Non-private (tuned),-0.495471985795668
HA-01965,Non-private (tuned),0.6460447597441319
HA-01966,Non-private (tuned),0.21658583358535255
HA-01967,Non-private (tuned),0.14407548128048886
HA-01968,Non-private (tuned),-0.1910137602679171
HA-01969,Non-private (tuned),0.5450906374416218
HA-01970,Non-private (tuned),0.48916795521550654
HA-01971,Non-private (tuned),-0.5641047849108326
HA-01972,Non-private (tuned),0.4406161794512722
HA-01973,Non-private (tuned),-0.1311752277786163
HA-01974,Non-private (tuned),-0.261517224243552
HA-01975,Non-private (tuned),0.3323928492514049
HA-01976,Non-private (tuned),-0.25933838781218077
HA-01977,Non-private (tuned),0.3618416452325578
HA-01978,Non-private (tuned),-0.017926199004746762
HA-01979,Non-private (tuned),-0.2531697267202916
HA-01980,Non-private (tuned),0.9782189791137696
HA-01981,Non-private (tuned),0.9963175382183718
HA-01982,Non-private (tuned),-0.263698794713722
HA-01983,Non-private (tuned),-0.4836240548563472
HA-01984,Non-private (tuned),-0.3152163716235099
HA-01986,Non-private (tuned),-0.5895731119378406
HA-01987,Non-private (tuned),0.508938201276132
HA-01988,Non-private (tuned),-0.596619005662193
HA-01989,Non-private (tuned),-0.3662295704011407
HA-01990,Non-private (tuned),-0.5762113057944607
HA-01991,Non-private (tuned),0.6317371432442468
HA-01992,Non-private (tuned),0.5752826778105741
HA-01993,Non-private (tuned),0.34709692223862365
HA-01994,Non-private (tuned),0.39723360650655837
HA-01996,Non-private (tuned),-0.5278503673321226
HA-01997,Non-private (tuned),-0.2167423114731602
HA-01998,Non-private (tuned),0.48455324880950085
HA-01999,Non-private (tuned),0.15242002456520548
HA-02000,Non-private (tuned),0.04117659128769616
HA-02001,Non-private (tuned),-0.3347570495276569
HA-02002,Non-private (tuned),-1.6829964777384836
HA-02003,Non-private (tuned),-0.6958809222994848
HA-02004,Non-private (tuned),-0.8975123516388923
HA-02005,Non-private (tuned),-0.48370755778855634
HA-02006,Non-private (tuned),-0.13707844475370995
HA-02008,Non-private (tuned),-0.031160352562139858
HA-02009,Non-private (tuned),0.08317207377875585
HA-02011,Non-private (tuned),0.7859339938973677
HA-02012,Non-private (tuned),0.16655147203717502
HA-02013,Non-private (tuned),-0.16267541081978554
HA-02014,Non-private (tuned),-0.3884609399179678
HA-02015,Non-private (tuned),-0.052387236067600824
HA-02016,Non-private (tuned),0.2495545978757877
HA-02017,Non-private (tuned),0.21466966756880887
HA-02018,Non-private (tuned),-0.3241059880727925
HA-02019,Non-private (tuned),0.5207208475845775
HA-02020,Non-private (tuned),-0.1146214618815245
HA-02021,Non-private (tuned),-0.27797530097633505
HA-02023,Non-private (tuned),0.24945103908659041
HA-02024,Non-private (tuned),-0.2528887162454016
HA-02025,Non-private (tuned),-0.5653279028848497
HA-02026,Non-private (tuned),0.4110620493036147
HA-02028,Non-private (tuned),0.2649169128469423
HA-02029,Non-private (tuned),-0.3246546755454184
HA-02030,Non-private (tuned),0.3464486911474582
HA-02031,Non-private (tuned),0.020148712878980263
HA-02032,Non-private (tuned),-0.09349347583875292
HA-02033,Non-private (tuned),0.19878670018299477
HA-02034,Non-private (tuned),-0.40204361438822217
HA-02035,Non-private (tuned),-0.2319690486622077
HA-02036,Non-private (tuned),0.45007846225854853
HA-02037,Non-private (tuned),0.1925858275626041
HA-02038,Non-private (tuned),-0.24849886866718857
HA-02039,Non-private (tuned),0.3597398707016069
HA-02040,Non-private (tuned),-0.7079309399079259
HA-02041,Non-private (tuned),0.13146409438460815
HA-02042,Non-private (tuned),0.31561655887951157
HA-02043,Non-private (tuned),-0.2602099934579433
HA-02044,Non-private (tuned),-0.12697285729430308
HA-02045,Non-private (tuned),0.5917551507951849
HA-02046,Non-private (tuned),0.12787340517383866
HA-02047,Non-private (tuned),-0.6603501169826571
HA-02048,Non-private (tuned),-0.10375599200133911
HA-02049,Non-private (tuned),1.1557109067761404
HA-02050,Non-private (tuned),0.8646145007465038
HA-02051,Non-private (tuned),-0.2162199161785065
HA-02052,Non-private (tuned),0.5107215353618416
HA-02053,Non-private (tuned),-0.18004400725836195
HA-02054,Non-private (tuned),0.5010293587772183
HA-02056,Non-private (tuned),-0.09796025130218844
HA-02057,Non-private (tuned),-0.11869963272860357
HA-02059,Non-private (tuned),-0.37570991841521606
HA-02060,Non-private (tuned),-0.7355233424555202
HA-02061,Non-private (tuned),0.4750933083953886
HA-02062,Non-private (tuned),0.3418116489939297
HA-02063,Non-private (tuned),0.9009832322154091
HA-02065,Non-private (tuned),-0.6208500481038471
HA-02067,Non-private (tuned),0.4559370974989512
HA-02068,Non-private (tuned),0.3247859786119555
HA-02069,Non-private (tuned),0.019031056825893122
HA-02070,Non-private (tuned),-0.4062317661144453
HA-02071,Non-private (tuned),0.3577930403963541
HA-02072,Non-private (tuned),0.4399802625178896
HA-02073,Non-private (tuned),0.06325331183873076
HA-02074,Non-private (tuned),0.1346418658134547
HA-02075,Non-private (tuned),0.29274333110283307
HA-02076,Non-private (tuned),0.6726821487723895
HA-02077,Non-private (tuned),-0.46935501210336456
HA-02079,Non-private (tuned),0.3575598097451746
HA-02080,Non-private (tuned),-0.7029720564440972
HA-02081,Non-private (tuned),-0.14590029583495537
HA-02082,Non-private (tuned),-0.03028671431024932
HA-02083,Non-private (tuned),-0.324316875713105
HA-02084,Non-private (tuned),-0.7360577222475446
HA-02086,Non-private (tuned),-0.023328002651446966
HA-02087,Non-private (tuned),-0.1208589489206246
HA-02088,Non-private (tuned),-0.48214630513415513
HA-02090,Non-private (tuned),-0.4507698166103467
HA-02091,Non-private (tuned),0.22745631898218382
HA-02092,Non-private (tuned),-0.14063667567926763
HA-02093,Non-private (tuned),-0.15345069599554906
HA-02094,Non-private (tuned),0.2333126139265724
HA-02095,Non-private (tuned),0.2529794373215817
HA-02096,Non-private (tuned),-0.09881155329087893
HA-02097,Non-private (tuned),-15.528377966158217
HA-02099,Non-private (tuned),-0.5160458465566449
HA-02100,Non-private (tuned),-0.1560349010527194
HA-02101,Non-private (tuned),-0.010611863138506816
HA-02102,Non-private (tuned),-0.7151805582875721
HA-02103,Non-private (tuned),0.8443150206546384
HA-02104,Non-private (tuned),-0.26302085181118523
HA-02105,Non-private (tuned),0.6958362800847593
HA-02106,Non-private (tuned),0.10859850624746109
HA-02107,Non-private (tuned),-0.22836913658167415
HA-02108,Non-private (tuned),-0.07737645943608318
HA-02109,Non-private (tuned),0.02764992406928346
HA-02110,Non-private (tuned),-0.2556848468609596
HA-02111,Non-private (tuned),-0.12949012438946106
HA-02112,Non-private (tuned),-0.08460006302234727
HA-02113,Non-private (tuned),-0.20387663673707582
HA-02114,Non-private (tuned),0.542167086714698
HA-02115,Non-private (tuned),0.6388795256458738
HA-02116,Non-private (tuned),0.40258616336389313
HA-02118,Non-private (tuned),0.07480794400958218
HA-02119,Non-private (tuned),0.08924851035499741
HA-02120,Non-private (tuned),-0.668231899654883
HA-02121,Non-private (tuned),0.5970228829089381
HA-02122,Non-private (tuned),1.355917917620685
HA-02123,Non-private (tuned),-0.262054988134789
HA-02124,Non-private (tuned),-0.7557541309665864
HA-02125,Non-private (tuned),-0.4121537388165518
HA-02126,Non-private (tuned),-0.23066568423502887
HA-02127,Non-private (tuned),-0.1455933403227695
HA-02128,Non-private (tuned),-0.05831992820699067
HA-02129,Non-private (tuned),-0.27324698354811033
HA-02130,Non-private (tuned),-0.277663861554746
HA-02131,Non-private (tuned),0.215497349465927
HA-02132,Non-private (tuned),-0.11122770132185511
HA-02133,Non-private (tuned),0.24025725191811814
HA-02134,Non-private (tuned),0.3960094506508202
HA-02135,Non-private (tuned),-0.11889244320239845
HA-02136,Non-private (tuned),-0.28220411715149857
HA-02138,Non-private (tuned),-0.12214963150022928
HA-02139,Non-private (tuned),0.7988039393454701
HA-02140,Non-private (tuned),0.3282565250132581
HA-02141,Non-private (tuned),-0.37921232874466454
HA-02143,Non-private (tuned),-0.5685501156777668
HA-02144,Non-private (tuned),0.2217748912308396
HA-02145,Non-private (tuned),-0.31386258191446387
HA-02146,Non-private (tuned),-1.1052228030822286
HA-02147,Non-private (tuned),-0.008276262533625678
HA-02148,Non-private (tuned),0.16368404152011395
HA-02150,Non-private (tuned),-0.603044280155467
HA-02152,Non-private (tuned),0.7748083213813239
HA-02154,Non-private (tuned),0.37418671592645425
HA-02155,Non-private (tuned),-0.17961629359071174
HA-02157,Non-private (tuned),0.26531440414562873
HA-02160,Non-private (tuned),0.24353937316770508
HA-02161,Non-private (tuned),-0.33124136899249007
HA-02162,Non-private (tuned),0.06462007015099797
HA-02163,Non-private (tuned),0.03808130355423983
HA-02164,Non-private (tuned),0.24518269311510266
HA-02165,Non-private (tuned),-0.09846042833199875
HA-02166,Non-private (tuned),0.4262814865256465
HA-02167,Non-private (tuned),0.35042543398420717
HA-02168,Non-private (tuned),-0.7199532570407525
HA-02169,Non-private (tuned),-0.4333712813071163
HA-02170,Non-private (tuned),-0.20042376313891014
HA-02171,Non-private (tuned),0.6326596888145933
HA-02172,Non-private (tuned),-0.24859029737678706
HA-02173,Non-private (tuned),-0.3510030239698979
HA-02174,Non-private (tuned),0.21511161573669169
HA-02175,Non-private (tuned),0.5149970202139066
HA-02176,Non-private (tuned),-0.14845541941113402
HA-02177,Non-private (tuned),0.26599359206050693
HA-02178,Non-private (tuned),0.1541002624758787
HA-02179,Non-private (tuned),-0.3552454943207317
HA-02180,Non-private (tuned),-0.3388838811304628
HA-02181,Non-private (tuned),-0.25403460472163214
HA-02182,Non-private (tuned),0.12414463311712107
HA-02183,Non-private (tuned),0.1310539868546044
HA-02185,Non-private (tuned),0.11860463785287162
HA-02186,Non-private (tuned),0.6464859511296617
HA-02187,Non-private (tuned),0.6049270202006456
HA-02188,Non-private (tuned),-0.6276397740691753
HA-02190,Non-private (tuned),-0.3951499842635115
HA-02191,Non-private (tuned),0.11185121790715519
HA-02192,Non-private (tuned),-0.3892482187677101
HA-02193,Non-private (tuned),-0.6913381177539453
HA-02194,Non-private (tuned),-0.43917377748076747
HA-02195,Non-private (tuned),-0.8503568246609072
HA-02196,Non-private (tuned),0.2673480822126012
HA-02197,Non-private (tuned),-0.2316777599362171
HA-02198,Non-private (tuned),-0.29963710797128534
HA-02199,Non-private (tuned),-0.07015795384772844
HA-02200,Non-private (tuned),0.06639187624176585
HA-02201,Non-private (tuned),0.3582753259797222
HA-02202,Non-private (tuned),-0.26156762411231294
HA-02203,Non-private (tuned),0.40466015572899605
HA-02204,Non-private (tuned),0.37203568517371355
HA-02205,Non-private (tuned),0.39234615262524486
HA-02207,Non-private (tuned),-0.22988825148247755
HA-02208,Non-private (tuned),0.01539684788114197
HA-02209,Non-private (tuned),-0.4746977365406291
HA-02210,Non-private (tuned),-0.10213720826874434
HA-02211,Non-private (tuned),-0.6543162606575008
HA-02212,Non-private (tuned),0.4386404524927685
HA-02213,Non-private (tuned),-0.19458276862187557
HA-02214,Non-private (tuned),-0.06403098768159157
HA-02215,Non-private (tuned),0.42413732581629365
HA-02216,Non-private (tuned),0.1561703592465838
HA-02217,Non-private (tuned),-0.4715475996697844
HA-02218,Non-private (tuned),-0.27881627547257937
HA-02219,Non-private (tuned),0.804235960711986
HA-02220,Non-private (tuned),-0.9247360287639308
HA-02221,Non-private (tuned),-0.45785722239400983
HA-02222,Non-private (tuned),0.4475595035980581
HA-02223,Non-private (tuned),0.31819107196577845
HA-02224,Non-private (tuned),-0.1849381802841284
HA-02225,Non-private (tuned),0.6154540511236798
HA-02226,Non-private (tuned),0.251709246885512
HA-02227,Non-private (tuned),0.1289646965848542
HA-02228,Non-private (tuned),0.6580371065070492
HA-02230,Non-private (tuned),0.4548362011364619
HA-02231,Non-private (tuned),-0.272536889379809
HA-02232,Non-private (tuned),0.6965360898175265
HA-02233,Non-private (tuned),-0.3637844550310071
HA-02234,Non-private (tuned),-0.07485520960043598
HA-02235,Non-private (tuned),-0.23368351258051956
HA-02236,Non-private (tuned),-0.006416009432225256
HA-02238,Non-private (tuned),-0.13482449545048536
HA-02239,Non-private (tuned),1.139420647072102
HA-02240,Non-private (tuned),0.36624896739598706
HA-02241,Non-private (tuned),0.10878870748094577
HA-02242,Non-private (tuned),0.009658962111104313
HA-02243,Non-private (tuned),0.18325705761116548
HA-02244,Non-private (tuned),0.11668056284718831
HA-02245,Non-private (tuned),-0.17832068633134973
HA-02246,Non-private (tuned),0.540969454746552
HA-02250,Non-private (tuned),0.19122492451905593
HA-02251,Non-private (tuned),0.5192947550799631
HA-02252,Non-private (tuned),0.5461444509138685
HA-02253,Non-private (tuned),0.5115115982912705
HA-02254,Non-private (tuned),-0.416287113925434
HA-02255,Non-private (tuned),-0.20492602115675887
HA-02257,Non-private (tuned),0.23652755398626701
HA-02258,Non-private (tuned),-0.6403659695547512
HA-02260,Non-private (tuned),-0.35477202408160824
HA-02261,Non-private (tuned),0.28177104020446964
HA-02262,Non-private (tuned),0.5468732629859248
HA-02263,Non-private (tuned),-0.41324468095444433
HA-02264,Non-private (tuned),0.5184020247081782
HA-02265,Non-private (tuned),0.3759168358448315
HA-02266,Non-private (tuned),-0.1618141577040484
HA-02267,Non-private (tuned),0.19871235543976756
HA-02268,Non-private (tuned),0.09451138515030086
HA-02269,Non-private (tuned),0.7474149734062725
HA-02270,Non-private (tuned),-0.2554532541847019
HA-02271,Non-private (tuned),-0.4007016613667499
HA-02272,Non-private (tuned),-0.8568832136065934
HA-02273,Non-private (tuned),0.13979247876527978
HA-02274,Non-private (tuned),0.5883698146021731
HA-02275,Non-private (tuned),-0.115501528064169
HA-02276,Non-private (tuned),1.0764373150131883
HA-02278,Non-private (tuned),0.49130271040550366
HA-02279,Non-private (tuned),0.3661191950133631
HA-02280,Non-private (tuned),0.6479217440532581
HA-02281,Non-private (tuned),-0.3545384973225125
HA-02283,Non-private (tuned),0.16445941973696324
HA-02284,Non-private (tuned),-0.4141857609119766
HA-02285,Non-private (tuned),0.3923460986592966
HA-02286,Non-private (tuned),-0.09939676371106962
HA-02287,Non-private (tuned),-0.019497569089262534
HA-02288,Non-private (tuned),0.15262963875344873
HA-02289,Non-private (tuned),-0.19542849452497915
HA-02290,Non-private (tuned),0.15007111687965805
HA-02291,Non-private (tuned),-0.25147120402697715
HA-02292,Non-private (tuned),-0.24224515897273213
HA-02293,Non-private (tuned),0.20480736502916963
HA-02294,Non-private (tuned),-0.07653959720742787
HA-02295,Non-private (tuned),0.12641328690853051
HA-02296,Non-private (tuned),-0.2046597051276421
HA-02297,Non-private (tuned),-0.11072165112641139
HA-02298,Non-private (tuned),0.5921734345520764
HA-02299,Non-private (tuned),-0.647641457589287
HA-02300,Non-private (tuned),0.08492288932748648
HA-02301,Non-private (tuned),0.06617456736021263
HA-02302,Non-private (tuned),0.2497432858976253
HA-02303,Non-private (tuned),0.11899681616739355
HA-02304,Non-private (tuned),-0.3805982024890997
HA-02305,Non-private (tuned),0.00019485480012532141
HA-02306,Non-private (tuned),-0.950627681056682
HA-02307,Non-private (tuned),0.7894035251416286
HA-02308,Non-private (tuned),-0.12115860633050979
HA-02309,Non-private (tuned),-0.0007827783688489354
HA-02310,Non-private (tuned),0.3237575396399089
HA-02311,Non-private (tuned),0.714069914063767
HA-02313,Non-private (tuned),-0.03495544397921338
HA-02314,Non-private (tuned),-0.14020442903019328
HA-02315,Non-private (tuned),-0.7148080922074282
HA-02316,Non-private (tuned),-0.2380382431099275
HA-02317,Non-private (tuned),-0.3499683083472718
HA-02318,Non-private (tuned),-0.3028141916312898
HA-02319,Non-private (tuned),-0.3008869733015174
HA-02320,Non-private (tuned),-0.41022611962700317
HA-02321,Non-private (tuned),0.08532504260259496
HA-02322,Non-private (tuned),-0.5716031137987352
HA-02323,Non-private (tuned),0.2930594093958533
HA-02325,Non-private (tuned),0.2703608791066911
HA-02326,Non-private (tuned),-0.7666909582748846
HA-02327,Non-private (tuned),0.20547310464514026
HA-02328,Non-private (tuned),0.41783231314115976
HA-02329,Non-private (tuned),-0.2719253140944672
HA-02330,Non-private (tuned),0.2517574676661971
HA-02331,Non-private (tuned),-0.8834374217520622
HA-02332,Non-private (tuned),0.6621031863324971
HA-02333,Non-private (tuned),-0.13897795098428667
HA-02334,Non-private (tuned),-0.12460530864007632
HA-02335,Non-private (tuned),-0.8681538265109134
HA-02336,Non-private (tuned),-0.2511474099186211
HA-02337,Non-private (tuned),-0.3187986985377353
HA-02339,Non-private (tuned),0.3299534724802727
HA-02340,Non-private (tuned),0.15054832283781433
HA-02341,Non-private (tuned),0.15661036587080068
HA-02342,Non-private (tuned),-0.2775105932826627
HA-02343,Non-private (tuned),0.3354698224595638
HA-02344,Non-private (tuned),-0.4353695093183943
HA-02345,Non-private (tuned),-0.32335653159124583
HA-02346,Non-private (tuned),0.005302178174682426
HA-02347,Non-private (tuned),-0.041281692203182674
HA-02348,Non-private (tuned),0.6011732253072599
HA-02349,Non-private (tuned),-0.06981771831342837
HA-02350,Non-private (tuned),0.055338783114687096
HA-02351,Non-private (tuned),0.07298964099925437
HA-02352,Non-private (tuned),0.3535688943865195
HA-02353,Non-private (tuned),-0.15005924152088548
HA-02354,Non-private (tuned),0.13536298681872794
HA-02355,Non-private (tuned),0.5687084844823629
HA-02356,Non-private (tuned),0.24442854534497666
HA-02357,Non-private (tuned),0.15841838512293266
HA-02358,Non-private (tuned),0.36804697089333216
HA-02359,Non-private (tuned),0.12809980894976503
HA-02360,Non-private (tuned),-0.7482776379208051
HA-02361,Non-private (tuned),-0.6370960251654747
HA-02362,Non-private (tuned),0.28854939268699514
HA-02363,Non-private (tuned),-0.5581382932581929
HA-02365,Non-private (tuned),-0.09770398918569972
HA-02367,Non-private (tuned),0.050902691988791826
HA-02368,Non-private (tuned),0.6860193179297361
HA-02369,Non-private (tuned),-0.41492411117597017
HA-02370,Non-private (tuned),-0.2981792614106873
HA-02371,Non-private (tuned),-0.020536896496954227
HA-02372,Non-private (tuned),0.517562748927075
HA-02373,Non-private (tuned),-0.4519532977728573
HA-02374,Non-private (tuned),-0.23631776028656093
HA-02375,Non-private (tuned),-0.3258525900690455
HA-02376,Non-private (tuned),0.2743142468390586
HA-02377,Non-private (tuned),-0.6862270313442529
HA-02378,Non-private (tuned),-0.44889844158497105
HA-02379,Non-private (tuned),0.5166381490894831
HA-02380,Non-private (tuned),0.17235740546392983
HA-02381,Non-private (tuned),0.7026504515766931
HA-02382,Non-private (tuned),-0.20125133526087607
HA-02383,Non-private (tuned),0.5741800678566262
HA-02384,Non-private (tuned),-0.4069106848374725
HA-02385,Non-private (tuned),0.19517804825805907
HA-02386,Non-private (tuned),0.33646517772026135
HA-02388,Non-private (tuned),0.4213076370365933
HA-02389,Non-private (tuned),0.13167657542668154
HA-02390,Non-private (tuned),-0.7386334413286122
HA-02391,Non-private (tuned),-0.8729373226200103
HA-02392,Non-private (tuned),0.19478907354918584
HA-02393,Non-private (tuned),0.5282615876005439
HA-02394,Non-private (tuned),-0.29411817858448674
HA-02395,Non-private (tuned),-0.20666924490237237
HA-02396,Non-private (tuned),0.4131983776581442
HA-02397,Non-private (tuned),-0.45559111893994386
HA-02398,Non-private (tuned),0.1826713146884445
HA-02399,Non-private (tuned),1.3604282410600619
HA-02400,Non-private (tuned),0.05298589554793248
HA-02401,Non-private (tuned),0.26365652429942643
HA-02402,Non-private (tuned),-0.08855102995438016
HA-02403,Non-private (tuned),-0.7105188208056404
HA-02404,Non-private (tuned),0.09998804917017562
HA-02405,Non-private (tuned),0.55492022134974
HA-02406,Non-private (tuned),0.23036950352087077
HA-02408,Non-private (tuned),-0.5966434666654075
HA-02409,Non-private (tuned),0.1994956102962122
HA-02411,Non-private (tuned),-0.14844687813186927
HA-02412,Non-private (tuned),-0.24605796155354964
HA-02413,Non-private (tuned),-0.40103788530659523
HA-02414,Non-private (tuned),0.6456781162792644
HA-02415,Non-private (tuned),-0.45509778019851227
HA-02416,Non-private (tuned),-0.020624284227870215
HA-02417,Non-private (tuned),0.4131703895343784
HA-02418,Non-private (tuned),0.612850244992245
HA-02419,Non-private (tuned),-0.13965672803520193
HA-02420,Non-private (tuned),-0.1365145871685938
HA-02421,Non-private (tuned),0.1362888752478382
HA-02422,Non-private (tuned),-0.4871868527237533
HA-02424,Non-private (tuned),0.8459831204051791
HA-02425,Non-private (tuned),-0.6794764243657794
HA-02426,Non-private (tuned),0.07168536850620405
HA-02427,Non-private (tuned),-0.1326842796830725
HA-02428,Non-private (tuned),-0.17439804235353817
HA-02429,Non-private (tuned),-0.29565544047008924
HA-02430,Non-private (tuned),0.2232716065946176
HA-02431,Non-private (tuned),-0.6210732747696343
HA-02432,Non-private (tuned),0.15052510653545237
HA-02433,Non-private (tuned),0.5914796793289995
HA-02434,Non-private (tuned),-0.12860349964325102
HA-02435,Non-private (tuned),0.7066917087017774
HA-02436,Non-private (tuned),-0.4162476936678339
HA-02437,Non-private (tuned),0.3595076506211219
HA-02439,Non-private (tuned),0.041684485902634016
HA-02440,Non-private (tuned),1.0077748321152507
HA-02441,Non-private (tuned),0.01315723415239789
HA-02442,Non-private (tuned),0.11684899777295293
HA-02443,Non-private (tuned),-0.6051149936965017
HA-02444,Non-private (tuned),0.25568808177155083
HA-02445,Non-private (tuned),0.5796564585422269
HA-02446,Non-private (tuned),-0.7445734570042456
HA-02447,Non-private (tuned),0.0956023176697981
HA-02448,Non-private (tuned),0.21432112201239645
HA-02449,Non-private (tuned),0.0012025802027033072
HA-02450,Non-private (tuned),-0.16595440904384418
HA-02451,Non-private (tuned),0.35284056666993235
HA-02452,Non-private (tuned),-0.017257955142227915
HA-02453,Non-private (tuned),0.28765842202890324
HA-02454,Non-private (tuned),0.2954822380519143
HA-02456,Non-private (tuned),-0.22401438412415633
HA-02457,Non-private (tuned),-0.1824583282216607
HA-02458,Non-private (tuned),-0.30481018389223086
HA-02459,Non-private (tuned),0.781081371531203
HA-02460,Non-private (tuned),0.3867165015875936
HA-02461,Non-private (tuned),0.8068246869153639
HA-02462,Non-private (tuned),0.2795495885631113
HA-02463,Non-private (tuned),-0.49906768990279526
HA-02464,Non-private (tuned),-0.6298799822620739
HA-02465,Non-private (tuned),0.007606656253096755
HA-02466,Non-private (tuned),-0.5485295441874622
HA-02467,Non-private (tuned),-0.5000270916362815
HA-02468,Non-private (tuned),-1.3669256236335625
HA-02469,Non-private (tuned),-0.24209872170609825
HA-02470,Non-private (tuned),-0.3974213071249666
HA-02471,Non-private (tuned),0.17379525596212486
HA-02472,Non-private (tuned),-0.6556942539495711
HA-02473,Non-private (tuned),-0.13584758237620861
HA-02474,Non-private (tuned),0.005319608385879637
HA-02475,Non-private (tuned),-0.5962032411464112
HA-02476,Non-private (tuned),0.1481702400458956
HA-02477,Non-private (tuned),0.4404258710901163
HA-02478,Non-private (tuned),-0.14043701058592784
HA-02479,Non-private (tuned),0.33505074520303785
HA-02480,Non-private (tuned),0.11216508178237727
HA-02481,Non-private (tuned),-0.18821999114042925
HA-02482,Non-private (tuned),-1.0039464769739304
HA-02483,Non-private (tuned),0.37489697805797023
HA-02484,Non-private (tuned),0.7468959763115683
HA-02485,Non-private (tuned),0.2382014019248163
HA-02486,Non-private (tuned),-0.4195039216871355
HA-02488,Non-private (tuned),0.32159164108161536
HA-02489,Non-private (tuned),-0.013597976859206218
HA-02490,Non-private (tuned),-0.3210015149954536
HA-02491,Non-private (tuned),-0.4157496580113074
HA-02492,Non-private (tuned),-0.44788020529555084
HA-02494,Non-private (tuned),0.22068381772224444
HA-02495,Non-private (tuned),0.11820366275062211
HA-02497,Non-private (tuned),0.13293708283010602
HA-02498,Non-private (tuned),-0.3615316499658321
HA-02499,Non-private (tuned),-0.38584290148538797
HA-02501,Non-private (tuned),0.059796029855089416
HA-02502,Non-private (tuned),0.0021759755932664326
HA-02503,Non-private (tuned),0.35265535193767955
HA-02504,Non-private (tuned),-0.1189512856538551
HA-02505,Non-private (tuned),0.10051204147834147
HA-02506,Non-private (tuned),0.06610131207165179
HA-02507,Non-private (tuned),-0.08993704489595095
HA-02508,Non-private (tuned),-0.21326264537167655
HA-02509,Non-private (tuned),0.03609557765864005
HA-02510,Non-private (tuned),0.04297421850462618
HA-02511,Non-private (tuned),-0.5424207511931899
HA-02512,Non-private (tuned),0.019732478664709008
HA-02513,Non-private (tuned),0.11322315785628245
HA-02514,Non-private (tuned),-0.10530760893371563
HA-02515,Non-private (tuned),-0.9861791734130072
HA-02516,Non-private (tuned),-0.19016454550981984
HA-02517,Non-private (tuned),0.21108617114990613
HA-02518,Non-private (tuned),0.24696134960997482
HA-02520,Non-private (tuned),-0.07988467515475989
HA-02521,Non-private (tuned),-0.26490195776498926
HA-02522,Non-private (tuned),-0.8400199208642962
HA-02523,Non-private (tuned),-0.6528394487731783
HA-02524,Non-private (tuned),0.5964129134862146
HA-02526,Non-private (tuned),0.4418024405114792
HA-02527,Non-private (tuned),0.3800401452474978
HA-02528,Non-private (tuned),-0.27054351267734617
HA-02529,Non-private (tuned),0.04327938619599181
HA-02530,Non-private (tuned),-0.5180954487705834
HA-02531,Non-private (tuned),0.7027944512560992
HA-02532,Non-private (tuned),-0.3818892447544612
HA-02533,Non-private (tuned),-0.2084646940991902
HA-02534,Non-private (tuned),-0.032341632826756284
HA-02535,Non-private (tuned),0.14771871045476836
HA-02536,Non-private (tuned),0.23517391427829015
HA-02537,Non-private (tuned),1.036950672878372
HA-02538,Non-private (tuned),0.7687253831387975
HA-02539,Non-private (tuned),-0.5158404991690925
HA-02541,Non-private (tuned),0.5205132360079303
HA-02542,Non-private (tuned),-0.29267918059625214
HA-02543,Non-private (tuned),-0.2221107640684994
HA-02544,Non-private (tuned),0.002555309164826658
HA-02546,Non-private (tuned),0.306305659873924
HA-02548,Non-private (tuned),-0.11921668142094052
HA-02549,Non-private (tuned),0.5024501420686239
HA-02550,Non-private (tuned),-0.14332259921063722
HA-02551,Non-private (tuned),-0.7677428622995622
HA-02552,Non-private (tuned),-0.27437236129383147
HA-02553,Non-private (tuned),-0.5284155878203788
HA-02554,Non-private (tuned),0.8007732611941578
HA-02555,Non-private (tuned),0.05663239752018334
HA-02556,Non-private (tuned),0.0928893684573375
HA-02557,Non-private (tuned),-0.1871082298181697
HA-02558,Non-private (tuned),-0.26265603926443026
HA-02559,Non-private (tuned),-0.259891485104279
HA-02560,Non-private (tuned),-0.1768841106083083
HA-02563,Non-private (tuned),-0.1512173622750384
HA-02564,Non-private (tuned),0.04417669437343191
HA-02565,Non-private (tuned),-0.0001756864991189766
HA-02566,Non-private (tuned),-0.26412664579280065
HA-02567,Non-private (tuned),0.38143455423423006
HA-02568,Non-private (tuned),-0.46803011281209783
HA-02569,Non-private (tuned),0.794256203501173
HA-02570,Non-private (tuned),0.7636836904296487
HA-02571,Non-private (tuned),0.2187639651924812
HA-02572,Non-private (tuned),0.3962565106552385
HA-02573,Non-private (tuned),-0.055514591203061764
HA-02574,Non-private (tuned),-0.01955376732793923
HA-02575,Non-private (tuned),-0.33588132309335095
HA-02576,Non-private (tuned),0.05873102806295721
HA-02577,Non-private (tuned),-0.21036824864028095
HA-02578,Non-private (tuned),0.18245253704883624
HA-02579,Non-private (tuned),0.028165134697622968
HA-02580,Non-private (tuned),-0.3527239025225814
HA-02581,Non-private (tuned),-2.42970673589151
HA-02582,Non-private (tuned),0.15682856839325718
HA-02583,Non-private (tuned),0.3677980480232098
HA-02584,Non-private (tuned),-0.42166638765646497
HA-02585,Non-private (tuned),0.09709645711046905
HA-02586,Non-private (tuned),0.5479297976399058
HA-02587,Non-private (tuned),0.3814533917409743
HA-02588,Non-private (tuned),0.10609840032637952
HA-02589,Non-private (tuned),0.17704530106262378
HA-02590,Non-private (tuned),0.2080776993141411
HA-02591,Non-private (tuned),-0.25907683558155087
HA-02592,Non-private (tuned),-0.13594544595935598
HA-02593,Non-private (tuned),-0.18399667483569637
HA-02594,Non-private (tuned),0.09888506967795406
HA-02595,Non-private (tuned),0.7793234992291704
HA-02596,Non-private (tuned),-0.1961221952030242
HA-02597,Non-private (tuned),0.21948501029167433
HA-02598,Non-private (tuned),-0.12220296391156005
HA-02599,Non-private (tuned),-0.6269890993841942
HA-02600,Non-private (tuned),0.3267638246957618
HA-02601,Non-private (tuned),-0.3350203854198666
HA-02602,Non-private (tuned),0.17359073484192805
HA-02604,Non-private (tuned),0.3021785761895392
HA-02605,Non-private (tuned),0.05346788488698953
HA-02606,Non-private (tuned),0.3198717055204712
HA-02607,Non-private (tuned),0.16690658936420316
HA-02609,Non-private (tuned),-0.32916080283495575
HA-02610,Non-private (tuned),-0.3107482760317011
HA-02612,Non-private (tuned),0.6344319387509763
HA-02613,Non-private (tuned),0.27156305053372365
HA-02614,Non-private (tuned),0.5949914470542957
HA-02615,Non-private (tuned),0.7964684936262088
HA-02616,Non-private (tuned),-0.09398580117707853
HA-02617,Non-private (tuned),-0.2983447656497508
HA-02619,Non-private (tuned),0.2126958986038659
HA-02620,Non-private (tuned),-0.20308451083634724
HA-02621,Non-private (tuned),0.08474376283425311
HA-02622,Non-private (tuned),0.008123788268460053
HA-02623,Non-private (tuned),-0.20355753489632245
HA-02624,Non-private (tuned),0.2675086727171157
HA-02625,Non-private (tuned),0.5589383818109623
HA-02626,Non-private (tuned),0.033709708721503584
HA-02627,Non-private (tuned),-0.02271978545543102
HA-02628,Non-private (tuned),0.36034228652364836
HA-02629,Non-private (tuned),0.3119869309263603
HA-02630,Non-private (tuned),0.41670683224483285
HA-02631,Non-private (tuned),-0.06773933182148117
HA-02632,Non-private (tuned),-0.4899700852683481
HA-02633,Non-private (tuned),0.5332594801235431
HA-02635,Non-private (tuned),-0.6502013461004899
HA-02636,Non-private (tuned),-0.12648490698213558
HA-02637,Non-private (tuned),0.5940796122268405
HA-02638,Non-private (tuned),-0.11088856482861828
HA-02639,Non-private (tuned),0.30635327495765846
HA-02641,Non-private (tuned),0.1494143231009219
HA-02642,Non-private (tuned),0.20602557733594395
HA-02643,Non-private (tuned),0.06651433960409009
HA-02644,Non-private (tuned),0.472353459790229
HA-02645,Non-private (tuned),0.20885208981893677
HA-02646,Non-private (tuned),0.24222443401235363
HA-02647,Non-private (tuned),-0.16232248566602073
HA-02648,Non-private (tuned),-0.694973055739923
HA-02649,Non-private (tuned),0.8772011301426799
HA-02650,Non-private (tuned),-0.687285724383251
HA-02651,Non-private (tuned),0.5786676300077999
HA-02653,Non-private (tuned),0.10597222990577465
HA-02654,Non-private (tuned),-0.31517051177393945
HA-02656,Non-private (tuned),-0.13510146194370048
HA-02657,Non-private (tuned),0.9458139848808298
HA-02658,Non-private (tuned),0.5046465429618513
HA-02659,Non-private (tuned),-0.09337939631858222
HA-02660,Non-private (tuned),0.39693407127067004
HA-02661,Non-private (tuned),0.5558011399569692
HA-02662,Non-private (tuned),0.7789197680393669
HA-02663,Non-private (tuned),0.4550907318585348
HA-02664,Non-private (tuned),-0.42770704915115865
HA-02665,Non-private (tuned),0.06775061912865216
HA-02666,Non-private (tuned),0.8677226899765338
HA-02667,Non-private (tuned),0.6802196877449282
HA-02668,Non-private (tuned),0.3977275225198027
HA-02669,Non-private (tuned),0.24754522725584366
HA-02670,Non-private (tuned),-0.6464787740839437
HA-02671,Non-private (tuned),0.1327545011171029
HA-02672,Non-private (tuned),0.001881329881655014
HA-02673,Non-private (tuned),0.08751550316063295
HA-02674,Non-private (tuned),-0.40497344827318815
HA-02675,Non-private (tuned),0.19023396408243065
HA-02676,Non-private (tuned),0.23609465402771512
HA-02677,Non-private (tuned),0.2997854180413216
HA-02678,Non-private (tuned),-0.17815798617852946
HA-02679,Non-private (tuned),0.7930928376184354
HA-02680,Non-private (tuned),0.25596231690843735
HA-02681,Non-private (tuned),-0.42174403561151425
HA-02682,Non-private (tuned),-0.5221185584360888
HA-02684,Non-private (tuned),-0.1583948434666948
HA-02685,Non-private (tuned),-0.38000650372303124
HA-02686,Non-private (tuned),-0.15966094430035802
HA-02687,Non-private (tuned),-0.7039147800408686
HA-02688,Non-private (tuned),0.6241911935097234
HA-02689,Non-private (tuned),-0.44874735257522125
HA-02690,Non-private (tuned),-0.027754703270726933
HA-02691,Non-private (tuned),0.32938183712980695
HA-02692,Non-private (tuned),-0.21943550682178198
HA-02693,Non-private (tuned),0.8835515139729363
HA-02695,Non-private (tuned),0.655198053968335
HA-02696,Non-private (tuned),-0.003944317360610211
HA-02697,Non-private (tuned),0.44298598745261536
HA-02698,Non-private (tuned),0.9957428040697586
HA-02699,Non-private (tuned),-0.09428620031802037
HA-02700,Non-private (tuned),-0.30666202398336595
HA-02701,Non-private (tuned),-0.16706006730459122
HA-02702,Non-private (tuned),-0.6293331391717123
HA-02703,Non-private (tuned),-0.04319352408862104
HA-02704,Non-private (tuned),0.132348590491499
HA-02705,Non-private (tuned),-0.5239515102258387
HA-02706,Non-private (tuned),0.059013916127696464
HA-02707,Non-private (tuned),0.36861940596565035
HA-02708,Non-private (tuned),0.6867514783822681
HA-02709,Non-private (tuned),-0.6090736024182959
HA-02710,Non-private (tuned),0.01049057694874677
HA-02711,Non-private (tuned),-0.008874355117019728
HA-02712,Non-private (tuned),-0.17486322374811886
HA-02713,Non-private (tuned),-1.2723577923353437
HA-02715,Non-private (tuned),0.040269173129056146
HA-02716,Non-private (tuned),0.21339334792623021
HA-02717,Non-private (tuned),0.1433847858777012
HA-02718,Non-private (tuned),0.32800826405467287
HA-02719,Non-private (tuned),-0.07924948327133247
HA-02720,Non-private (tuned),-1.0578254229462998
HA-02721,Non-private (tuned),-0.05787491900649688
HA-02722,Non-private (tuned),-0.011177787058642641
HA-02723,Non-private (tuned),0.3284301476283436
HA-02725,Non-private (tuned),-0.4166805029602923
HA-02726,Non-private (tuned),-0.1686669029477148
HA-02727,Non-private (tuned),0.4421409244834599
HA-02728,Non-private (tuned),0.14656815433866854
HA-02729,Non-private (tuned),-0.03228334716380643
HA-02730,Non-private (tuned),-0.7147978121497254
HA-02731,Non-private (tuned),0.9497123276932873
HA-02732,Non-private (tuned),-0.12118445550397017
HA-02733,Non-private (tuned),-0.2308552828732378
HA-02734,Non-private (tuned),0.8669401144296272
HA-02735,Non-private (tuned),0.32898362877900383
HA-02736,Non-private (tuned),0.20492724455308192
HA-02737,Non-private (tuned),-0.5828542316261053
HA-02738,Non-private (tuned),0.29515177489292266
HA-02739,Non-private (tuned),0.6480565668305847
HA-02740,Non-private (tuned),0.19191700335103257
HA-02741,Non-private (tuned),0.4320108767789584
HA-02742,Non-private (tuned),0.049165630958500406
HA-02743,Non-private (tuned),0.7692229646018348
HA-02744,Non-private (tuned),-0.5062797599221311
HA-02745,Non-private (tuned),-0.11081446054938712
HA-02747,Non-private (tuned),0.1513569397239965
HA-02751,Non-private (tuned),-1.2273355530205123
HA-02752,Non-private (tuned),-0.2273480650769498
HA-02753,Non-private (tuned),-0.6464853769374923
HA-02754,Non-private (tuned),-0.017234115009086837
HA-02755,Non-private (tuned),0.22775514415785003
HA-02756,Non-private (tuned),0.07513562240604343
HA-02757,Non-private (tuned),-0.1890117975969817
HA-02758,Non-private (tuned),0.4348581054539224
HA-02759,Non-private (tuned),0.06857466883446295
HA-02760,Non-private (tuned),-0.43034218456106543
HA-02761,Non-private (tuned),-0.40496393370459516
HA-02762,Non-private (tuned),-0.6988481869746276
HA-02763,Non-private (tuned),-0.832956394263857
HA-02764,Non-private (tuned),-0.08172773276822068
HA-02765,Non-private (tuned),-0.25913302755658085
HA-02766,Non-private (tuned),0.22457250073156498
HA-02767,Non-private (tuned),0.5461094674583064
HA-02768,Non-private (tuned),0.2629924161921138
HA-02769,Non-private (tuned),-0.16752812125546163
HA-02770,Non-private (tuned),0.8227538573594847
HA-02771,Non-private (tuned),0.2748806503201248
HA-02772,Non-private (tuned),-0.027578080603938238
HA-02773,Non-private (tuned),0.057660168334789985
HA-02774,Non-private (tuned),0.03446849095138904
HA-02776,Non-private (tuned),0.8520508251684664
HA-02777,Non-private (tuned),-0.5684313936226367
HA-02778,Non-private (tuned),0.1821537104533029
HA-02779,Non-private (tuned),-0.13113646247185443
HA-02780,Non-private (tuned),0.7128574141487796
HA-02781,Non-private (tuned),-0.26239926962814863
HA-02782,Non-private (tuned),-0.658783623221696
HA-02783,Non-private (tuned),0.504028814719439
HA-02784,Non-private (tuned),0.09526363202732951
HA-02785,Non-private (tuned),0.05307586801816139
HA-02786,Non-private (tuned),-0.09850299950240149
HA-02787,Non-private (tuned),-0.13712598824800304
HA-02789,Non-private (tuned),0.691850797643591
HA-02790,Non-private (tuned),-0.06206546650461861
HA-02791,Non-private (tuned),0.11938643335074095
HA-02793,Non-private (tuned),0.12906754966281003
HA-02794,Non-private (tuned),-0.43529460993793107
HA-02795,Non-private (tuned),0.3197332587337585
HA-02796,Non-private (tuned),-0.4411178930525062
HA-02797,Non-private (tuned),0.12600910786513403
HA-02798,Non-private (tuned),-0.14796230327328264
HA-02799,Non-private (tuned),0.5097139529031662
HA-02800,Non-private (tuned),-0.230748280096068
HA-02801,Non-private (tuned),0.42328094227037394
HA-02803,Non-private (tuned),0.11761366893506012
HA-02804,Non-private (tuned),0.2642597737836588
HA-02805,Non-private (tuned),-0.6155408765970053
HA-02806,Non-private (tuned),-0.5946396581254048
HA-02807,Non-private (tuned),0.3779226130143564
HA-02808,Non-private (tuned),0.691906301519815
HA-02809,Non-private (tuned),-0.21488700688040857
HA-02810,Non-private (tuned),0.015425327843706038
HA-02811,Non-private (tuned),0.005855379038767761
HA-02812,Non-private (tuned),-0.6610234912548012
HA-02813,Non-private (tuned),-0.23315473365115635
HA-02814,Non-private (tuned),-0.03849119209388724
HA-02815,Non-private (tuned),-0.25811581775113723
HA-02816,Non-private (tuned),0.26685503889832934
HA-02817,Non-private (tuned),0.21231691538902736
HA-02818,Non-private (tuned),0.25236059539489974
HA-02820,Non-private (tuned),0.7715310292925306
HA-02821,Non-private (tuned),-0.7107512487596361
HA-02822,Non-private (tuned),0.01756229560237997
HA-02823,Non-private (tuned),-0.10068608389987896
HA-02824,Non-private (tuned),0.18681586453084817
HA-02825,Non-private (tuned),-0.20716078133096263
HA-02826,Non-private (tuned),-0.08700716055690016
HA-02828,Non-private (tuned),-0.37288392399980375
HA-02829,Non-private (tuned),0.6964777333106961
HA-02830,Non-private (tuned),1.0694340810462286
HA-02831,Non-private (tuned),0.2345373787410837
HA-02832,Non-private (tuned),-0.0250370765787572
HA-02833,Non-private (tuned),0.7966770985103588
HA-02834,Non-private (tuned),-0.26393530219513217
HA-02835,Non-private (tuned),-0.031464458255304806
HA-02836,Non-private (tuned),0.02104962860976478
HA-02837,Non-private (tuned),0.06681799824451881
HA-02838,Non-private (tuned),0.7990189989432595
HA-02839,Non-private (tuned),-0.3572168664276248
HA-02840,Non-private (tuned),0.21985198282002605
HA-02841,Non-private (tuned),-0.2795003330497813
HA-02842,Non-private (tuned),-0.03630635825476608
HA-02843,Non-private (tuned),0.36253836636289344
HA-02844,Non-private (tuned),-0.11515803719521589
HA-02845,Non-private (tuned),0.2812324550740359
HA-02846,Non-private (tuned),0.5115385132137578
HA-02847,Non-private (tuned),0.3142186093152675
HA-02848,Non-private (tuned),-0.25919044284899084
HA-02849,Non-private (tuned),-0.16884963073503637
HA-02850,Non-private (tuned),-0.029513099706035106
HA-02851,Non-private (tuned),-0.21170668139122106
HA-02852,Non-private (tuned),-0.11189470922662276
HA-02853,Non-private (tuned),-0.0768933478290307
HA-02855,Non-private (tuned),0.06803041775347346
HA-02856,Non-private (tuned),0.2811381676066419
HA-02857,Non-private (tuned),0.23272676553334626
HA-02858,Non-private (tuned),-0.2626498167800101
HA-02859,Non-private (tuned),-0.05430537569482219
HA-02860,Non-private (tuned),0.25495570581878657
HA-02861,Non-private (tuned),0.36391403236785336
HA-02862,Non-private (tuned),0.291990410327338
HA-02864,Non-private (tuned),-6.625213787794793e-05
HA-02865,Non-private (tuned),0.5503360998727482
HA-02866,Non-private (tuned),0.5509456626856883
HA-02867,Non-private (tuned),-0.10006598618955365
HA-02868,Non-private (tuned),-0.13293246640217965
HA-02869,Non-private (tuned),0.3843790524972443
HA-02870,Non-private (tuned),0.6241530699010295
HA-02871,Non-private (tuned),1.2208475029960575
HA-02872,Non-private (tuned),-0.5229760970729064
HA-02873,Non-private (tuned),0.23846209906269528
HA-02874,Non-private (tuned),-0.49907188114854256
HA-02875,Non-private (tuned),-0.3722568850111172
HA-02876,Non-private (tuned),0.26502258983680044
HA-02877,Non-private (tuned),-0.475850969762529
HA-02878,Non-private (tuned),0.7630920261648585
HA-02879,Non-private (tuned),0.18921586585455905
HA-02881,Non-private (tuned),-0.217953357536559
HA-02882,Non-private (tuned),0.30109881861981885
HA-02883,Non-private (tuned),0.34788693884569094
HA-02884,Non-private (tuned),-0.6522263084628023
HA-02885,Non-private (tuned),0.3196018485575178
HA-02886,Non-private (tuned),-0.3199196055517786
HA-02887,Non-private (tuned),-0.24795875341568088
HA-02888,Non-private (tuned),0.2150898180567052
HA-02889,Non-private (tuned),-0.4054423145034006
HA-02890,Non-private (tuned),0.4093414564253849
HA-02891,Non-private (tuned),0.2953012233320575
HA-02892,Non-private (tuned),-0.05478880900160221
HA-02893,Non-private (tuned),-0.07917209571524161
HA-02894,Non-private (tuned),0.09913439081761066
HA-02895,Non-private (tuned),-0.39786151360564476
HA-02896,Non-private (tuned),-0.1605592864316852
HA-02897,Non-private (tuned),-0.15620220910492855
HA-02898,Non-private (tuned),0.7963757840127046
HA-02899,Non-private (tuned),-0.42191108581859965
HA-02900,Non-private (tuned),-0.30145035201606357
HA-02901,Non-private (tuned),-0.27147468835289823
HA-02902,Non-private (tuned),0.31229684736250096
HA-02903,Non-private (tuned),0.37410462043080184
HA-02904,Non-private (tuned),0.026149638498035616
HA-02905,Non-private (tuned),-0.02562004029621323
HA-02906,Non-private (tuned),-0.1279394441150744
HA-02908,Non-private (tuned),-1.059106183082701
HA-02909,Non-private (tuned),0.07725958310385761
HA-02910,Non-private (tuned),0.09361331782468613
HA-02911,Non-private (tuned),0.23300464028665974
HA-02912,Non-private (tuned),0.0
HA-02913,Non-private (tuned),-0.033011422642402866
HA-02914,Non-private (tuned),-0.0019263906592479965
HA-02915,Non-private (tuned),0.7112320332179837
HA-02916,Non-private (tuned),0.35063718891025697
HA-02917,Non-private (tuned),0.2656884548587136
HA-02919,Non-private (tuned),-0.05139904778126675
HA-02920,Non-private (tuned),0.1985704925435039
HA-02921,Non-private (tuned),-0.22901176066060183
HA-02922,Non-private (tuned),0.10727025968467063
HA-02923,Non-private (tuned),-0.7814851052349912
HA-02924,Non-private (tuned),0.501300474594413
HA-02925,Non-private (tuned),-0.2766979167888697
HA-02928,Non-private (tuned),-0.43758593520555383
HA-02929,Non-private (tuned),0.37025614637085447
HA-02930,Non-private (tuned),-0.1168991734427186
HA-02931,Non-private (tuned),0.3530434953759952
HA-02932,Non-private (tuned),0.20923741953389147
HA-02933,Non-private (tuned),0.45408049848510623
HA-02934,Non-private (tuned),-0.2916267158288983
HA-02935,Non-private (tuned),-0.2089577742111986
HA-02936,Non-private (tuned),-0.3706184198030331
HA-02937,Non-private (tuned),0.8660103146496778
HA-02938,Non-private (tuned),0.16874722584921475
HA-02939,Non-private (tuned),0.132858397986506
HA-02941,Non-private (tuned),-0.5830172163613625
HA-02942,Non-private (tuned),0.12365834773869139
HA-02943,Non-private (tuned),-0.09444658106239223
HA-02944,Non-private (tuned),-0.5394948516134322
HA-02945,Non-private (tuned),0.6198850393475218
HA-02946,Non-private (tuned),-0.41061769333255
HA-02948,Non-private (tuned),0.1768980196207255
HA-02949,Non-private (tuned),-0.23286467228445512
HA-02950,Non-private (tuned),0.170500133957117
HA-02952,Non-private (tuned),0.02303359717718073
HA-02954,Non-private (tuned),0.7179107554874642
HA-02955,Non-private (tuned),0.561861389372212
HA-02956,Non-private (tuned),-0.7542969132818054
HA-02957,Non-private (tuned),0.5872893699100824
HA-02958,Non-private (tuned),0.09753015160363995
HA-02959,Non-private (tuned),0.18999344127080608
HA-02960,Non-private (tuned),-0.046824332995561935
HA-02961,Non-private (tuned),0.5929785831271999
HA-02962,Non-private (tuned),-0.4098730346514564
HA-02963,Non-private (tuned),0.1870293801996714
HA-02964,Non-private (tuned),0.03342685316762162
HA-02966,Non-private (tuned),0.3833801187717427
HA-02967,Non-private (tuned),0.14345167915833218
HA-02968,Non-private (tuned),0.559144416121679
HA-02969,Non-private (tuned),-0.3323221016496213
HA-02970,Non-private (tuned),-0.2569176075897332
HA-02971,Non-private (tuned),0.0836650878800686
HA-02972,Non-private (tuned),-0.07324978051731051
HA-02973,Non-private (tuned),0.12999675876728295
HA-02974,Non-private (tuned),-0.3547747321388604
HA-02975,Non-private (tuned),0.13806121019987272
HA-02976,Non-private (tuned),-0.1660059303516969
HA-02977,Non-private (tuned),0.21603408886640915
HA-02978,Non-private (tuned),-0.1364889619840508
HA-02979,Non-private (tuned),-0.39153161869808795
HA-02980,Non-private (tuned),0.13927883888705056
HA-02981,Non-private (tuned),0.669871990085232
HA-02982,Non-private (tuned),0.1224855403627809
HA-02983,Non-private (tuned),0.2888082822969016
HA-02984,Non-private (tuned),-0.5089165118068526
HA-02985,Non-private (tuned),0.8785819608593206
HA-02986,Non-private (tuned),-0.3746478357643973
HA-02987,Non-private (tuned),0.5262115496005537
HA-02988,Non-private (tuned),-0.35374828266391717
HA-02990,Non-private (tuned),0.2183321147919421
HA-02991,Non-private (tuned),-0.20128637558734275
HA-02992,Non-private (tuned),0.2422197536324176
HA-02993,Non-private (tuned),0.49834183514432884
HA-02994,Non-private (tuned),0.5482003781892226
HA-02995,Non-private (tuned),-0.27888585314996434
HA-02996,Non-private (tuned),1.3793563239058944
HA-02997,Non-private (tuned),-0.4055037394437435
HA-02998,Non-private (tuned),-0.42744275245114
HA-02999,Non-private (tuned),0.6781865023320821
HA-03000,Non-private (tuned),0.4511438997961953
HB-00001,Non-private (tuned),-0.129077866558311
HB-00002,Non-private (tuned),0.0068181726754749095
HB-00003,Non-private (tuned),0.4847010656859331
HB-00004,Non-private (tuned),0.54051551750763
HB-00005,Non-private (tuned),-0.25162978572225725
HB-00007,Non-private (tuned),0.04113169600074992
HB-00008,Non-private (tuned),0.24113921135942598
HB-00010,Non-private (tuned),-1.015652849485476
HB-00011,Non-private (tuned),0.6542757570356861
HB-00012,Non-private (tuned),0.25879303028023226
HB-00013,Non-private (tuned),0.12926204363471694
HB-00014,Non-private (tuned),-0.3045519357076088
HB-00015,Non-private (tuned),0.09639292292001803
HB-00016,Non-private (tuned),-0.08770763572066834
HB-00017,Non-private (tuned),0.2412636417608665
HB-00018,Non-private (tuned),-0.3740915163231413
HB-00019,Non-private (tuned),-0.10115007723678504
HB-00021,Non-private (tuned),-0.05824145204233802
HB-00022,Non-private (tuned),-0.038967391420767994
HB-00025,Non-private (tuned),-0.14976237908303255
HB-00026,Non-private (tuned),-0.18977281240760716
HB-00027,Non-private (tuned),0.17412265911973157
HB-00028,Non-private (tuned),0.11241156868033686
HB-00030,Non-private (tuned),-0.16790567521572813
HB-00031,Non-private (tuned),-0.14004186309084415
HB-00032,Non-private (tuned),0.18046850806307868
HB-00033,Non-private (tuned),0.16222058281262247
HB-00034,Non-private (tuned),0.06214242783600013
HB-00035,Non-private (tuned),0.2649190143166982
HB-00036,Non-private (tuned),-0.6769088743403175
HB-00038,Non-private (tuned),0.20365551087637276
HB-00039,Non-private (tuned),0.24876266897849592
HB-00040,Non-private (tuned),0.7480702668389522
HB-00041,Non-private (tuned),0.3812854816195546
HB-00042,Non-private (tuned),-0.3164960974385705
HB-00043,Non-private (tuned),0.3578630200633704
HB-00044,Non-private (tuned),0.46968163028264187
HB-00045,Non-private (tuned),-0.04535825215306194
HB-00047,Non-private (tuned),0.07560565153307314
HB-00048,Non-private (tuned),-0.1343002830572488
HB-00049,Non-private (tuned),1.0486581871588645
HB-00050,Non-private (tuned),-0.43002851295882094
HB-00051,Non-private (tuned),-0.14854642662458795
HB-00052,Non-private (tuned),-0.20394758767422122
HB-00053,Non-private (tuned),-0.37319018509934176
HB-00054,Non-private (tuned),0.2360873481835737
HB-00055,Non-private (tuned),0.024238770235504525
HB-00056,Non-private (tuned),0.31238836286634786
HB-00058,Non-private (tuned),0.13991718146035126
HB-00059,Non-private (tuned),-0.2462456334030525
HB-00060,Non-private (tuned),-0.3780568717128106
HB-00061,Non-private (tuned),-0.1644202038419022
HB-00062,Non-private (tuned),-0.01125164505973364
HB-00063,Non-private (tuned),-0.327776010510309
HB-00064,Non-private (tuned),0.1026848142004772
HB-00065,Non-private (tuned),-0.18549995527202567
HB-00066,Non-private (tuned),0.16451297157988537
HB-00067,Non-private (tuned),-0.3795615506916386
HB-00068,Non-private (tuned),0.2862298790047919
HB-00069,Non-private (tuned),0.06718855568157273
HB-00072,Non-private (tuned),0.4163567661346716
HB-00074,Non-private (tuned),-0.3117031203728332
HB-00075,Non-private (tuned),0.08308958082508572
HB-00076,Non-private (tuned),0.22441956882961012
HB-00077,Non-private (tuned),0.17034111091150606
HB-00078,Non-private (tuned),0.3120159710683622
HB-00079,Non-private (tuned),0.4457152811792526
HB-00080,Non-private (tuned),-0.4114386418116728
HB-00081,Non-private (tuned),-0.23687049596504028
HB-00082,Non-private (tuned),-0.29033763055203976
HB-00083,Non-private (tuned),-0.18334390861007627
HB-00084,Non-private (tuned),-0.3214464394068917
HB-00085,Non-private (tuned),-0.2874027573020613
HB-00086,Non-private (tuned),0.22845456977624023
HB-00088,Non-private (tuned),0.10426301355008283
HB-00089,Non-private (tuned),0.27715098564828794
HB-00090,Non-private (tuned),1.0785077000578953
HB-00091,Non-private (tuned),-0.3005421813733405
HB-00092,Non-private (tuned),-0.19595625884841122
HB-00093,Non-private (tuned),0.007267297590860117
HB-00094,Non-private (tuned),-0.28354850592377157
HB-00095,Non-private (tuned),1.0557654495006221
HB-00096,Non-private (tuned),-0.04109493703694811
HB-00097,Non-private (tuned),0.006944943679406956
HB-00098,Non-private (tuned),-0.04528356396826483
HB-00099,Non-private (tuned),-0.1948593978319439
HB-00101,Non-private (tuned),-0.023201395219313137
HB-00102,Non-private (tuned),0.2348008631999452
HB-00103,Non-private (tuned),-0.13357200822884815
HB-00104,Non-private (tuned),-0.29288928750880716
HB-00105,Non-private (tuned),0.5662253624981144
HB-00106,Non-private (tuned),-0.5316069460938835
HB-00107,Non-private (tuned),-0.022546873995027417
HB-00108,Non-private (tuned),-0.32241148787173735
HB-00109,Non-private (tuned),0.024849975968052995
HB-00111,Non-private (tuned),-0.09484145440400737
HB-00112,Non-private (tuned),0.32526604140270543
HB-00113,Non-private (tuned),0.21800975195275177
HB-00114,Non-private (tuned),0.517936599343398
HB-00115,Non-private (tuned),-0.4801008971596288
HB-00116,Non-private (tuned),-0.0003013608111801652
HB-00117,Non-private (tuned),0.09066566892779249
HB-00118,Non-private (tuned),-0.990205166324003
HB-00119,Non-private (tuned),0.022894816227844894
HB-00120,Non-private (tuned),-0.14568986015347812
HB-00121,Non-private (tuned),0.6631483413140992
HB-00123,Non-private (tuned),0.030211129033146933
HB-00124,Non-private (tuned),-0.1753074642294718
HB-00125,Non-private (tuned),-0.374982878141671
HB-00126,Non-private (tuned),0.03272052354977539
HB-00129,Non-private (tuned),0.05128843846072692
HB-00130,Non-private (tuned),0.12100922471134784
HB-00132,Non-private (tuned),-0.011472095927515746
HB-00133,Non-private (tuned),0.8380200937401024
HB-00134,Non-private (tuned),0.23429058940632141
HB-00135,Non-private (tuned),-0.08108435858077367
HB-00136,Non-private (tuned),-0.20207082789085995
HB-00137,Non-private (tuned),0.32547931988160417
HB-00138,Non-private (tuned),-0.17909519404708107
HB-00139,Non-private (tuned),-0.4145639643174183
HB-00140,Non-private (tuned),-0.5695584633309999
HB-00141,Non-private (tuned),-0.05555293554924712
HB-00142,Non-private (tuned),-0.2037604835604733
HB-00143,Non-private (tuned),-0.005756184502582251
HB-00144,Non-private (tuned),-0.29959823918991507
HB-00145,Non-private (tuned),0.16932151914602883
HB-00146,Non-private (tuned),0.40388422321350537
HB-00148,Non-private (tuned),0.0083842486111608
HB-00149,Non-private (tuned),0.3206786293242825
HB-00150,Non-private (tuned),0.0131534751689521
HB-00151,Non-private (tuned),-0.2527714287871257
HB-00153,Non-private (tuned),0.13204822166368396
HB-00154,Non-private (tuned),-0.5567177664091578
HB-00155,Non-private (tuned),-0.8429510954960504
HB-00156,Non-private (tuned),-0.3200118447740355
HB-00157,Non-private (tuned),-0.6722511113444545
HB-00158,Non-private (tuned),0.9323454077310224
HB-00159,Non-private (tuned),-0.7190836072518507
HB-00160,Non-private (tuned),0.01835448533871012
HB-00161,Non-private (tuned),-0.3654646887366556
HB-00162,Non-private (tuned),-0.19104310795606522
HB-00164,Non-private (tuned),0.043121517901923534
HB-00165,Non-private (tuned),-0.32019191217538373
HB-00166,Non-private (tuned),-0.5428910990602883
HB-00167,Non-private (tuned),-0.5785698049139341
HB-00168,Non-private (tuned),0.5425945014365364
HB-00170,Non-private (tuned),0.11579523102581651
HB-00171,Non-private (tuned),-0.016977323073225165
HB-00172,Non-private (tuned),0.20846223784129125
HB-00173,Non-private (tuned),-0.269623381292028
HB-00174,Non-private (tuned),1.348670817438197
HB-00176,Non-private (tuned),-0.30037904837825524
HB-00177,Non-private (tuned),0.6874084134953135
HB-00178,Non-private (tuned),0.13280061030574453
HB-00179,Non-private (tuned),0.1855107699616354
HB-00180,Non-private (tuned),0.5725244866715098
HB-00181,Non-private (tuned),-0.31512076495749863
HB-00183,Non-private (tuned),-0.25033642798245936
HB-00184,Non-private (tuned),-0.3555907699576394
HB-00185,Non-private (tuned),-0.23161842993069964
HB-00186,Non-private (tuned),0.4507390093932767
HB-00187,Non-private (tuned),0.018540747284937084
HB-00188,Non-private (tuned),0.22233221050901814
HB-00189,Non-private (tuned),0.0631672644430557
HB-00191,Non-private (tuned),0.19293917937519503
HB-00192,Non-private (tuned),0.2666794440035009
HB-00193,Non-private (tuned),-0.3280902607273261
HB-00194,Non-private (tuned),0.1411810098943635
HB-00195,Non-private (tuned),0.9799484049874805
HB-00196,Non-private (tuned),0.7840845757211126
HB-00197,Non-private (tuned),-1.0710123748858988
HB-00198,Non-private (tuned),0.0742074240190386
HB-00199,Non-private (tuned),-0.45226539747546596
HB-00201,Non-private (tuned),0.42378405173508793
HB-00202,Non-private (tuned),-0.21583040007561308
HB-00203,Non-private (tuned),0.41606637643751043
HB-00204,Non-private (tuned),-0.10679073764803143
HB-00205,Non-private (tuned),-0.5279029488489285
HB-00206,Non-private (tuned),0.02191848487461534
HB-00207,Non-private (tuned),-0.0886706897367392
HB-00208,Non-private (tuned),0.11406094602842048
HB-00209,Non-private (tuned),0.696746214004345
HB-00210,Non-private (tuned),0.12182571122169572
HB-00212,Non-private (tuned),0.014621814754318063
HB-00213,Non-private (tuned),-0.16957483157190592
HB-00214,Non-private (tuned),0.09877024120257838
HB-00215,Non-private (tuned),0.05834929123315019
HB-00216,Non-private (tuned),0.13556527825113368
HB-00217,Non-private (tuned),0.0618069479647442
HB-00218,Non-private (tuned),-0.27832179135780305
HB-00220,Non-private (tuned),0.03213189443181517
HB-00221,Non-private (tuned),-0.23449621088627712
HB-00222,Non-private (tuned),0.0055666234733168785
HB-00223,Non-private (tuned),-0.45677484483052017
HB-00224,Non-private (tuned),0.24089013945075471
HB-00225,Non-private (tuned),0.12315368548345648
HB-00226,Non-private (tuned),0.09215411497715179
HB-00227,Non-private (tuned),0.3641906232148541
HB-00228,Non-private (tuned),-0.7484286601918829
HB-00229,Non-private (tuned),-0.0838731350352458
HB-00230,Non-private (tuned),0.2446593658670066
HB-00231,Non-private (tuned),0.5366521827619165
HB-00234,Non-private (tuned),0.2670538341910005
HB-00235,Non-private (tuned),0.06679517788455008
HB-00236,Non-private (tuned),-0.35060923381883036
HB-00237,Non-private (tuned),-0.33136923789887984
HB-00238,Non-private (tuned),0.7629731356110465
HB-00239,Non-private (tuned),-0.5276616562939092
HB-00240,Non-private (tuned),-0.07142605386576922
HB-00241,Non-private (tuned),-0.13325488161065846
HB-00242,Non-private (tuned),-0.19351740463146816
HB-00243,Non-private (tuned),0.024571056728804136
HB-00245,Non-private (tuned),0.07929093150612132
HB-00246,Non-private (tuned),0.3324866154712413
HB-00247,Non-private (tuned),-0.6789035662537497
HB-00249,Non-private (tuned),0.15251838429825915
HB-00250,Non-private (tuned),0.5207533560908627
HB-00251,Non-private (tuned),-0.10354448091399404
HB-00252,Non-private (tuned),0.15197637217516652
HB-00253,Non-private (tuned),0.15704497462015754
HB-00254,Non-private (tuned),0.49396714973302597
HB-00255,Non-private (tuned),0.33041952104647965
HB-00256,Non-private (tuned),-0.366219441979062
HB-00257,Non-private (tuned),0.6591966124395289
HB-00259,Non-private (tuned),0.13910840386739326
HB-00260,Non-private (tuned),-0.1481000971560732
HB-00261,Non-private (tuned),-0.04232037827158766
HB-00263,Non-private (tuned),0.10189618897085478
HB-00264,Non-private (tuned),-0.06031995054748826
HB-00265,Non-private (tuned),0.5499552443166621
HB-00266,Non-private (tuned),-0.5614821387174616
HB-00267,Non-private (tuned),0.3812704915609257
HB-00268,Non-private (tuned),0.19926777780661076
HB-00269,Non-private (tuned),0.3814007029568137
HB-00270,Non-private (tuned),0.10609409645413273
HB-00271,Non-private (tuned),1.3096593161454813
HB-00272,Non-private (tuned),-0.07349060717531453
HB-00273,Non-private (tuned),-0.6059932580245586
HB-00274,Non-private (tuned),0.06557280471494686
HB-00275,Non-private (tuned),-0.09854380881120901
HB-00276,Non-private (tuned),0.46325729057373355
HB-00277,Non-private (tuned),-0.4293052371444951
HB-00278,Non-private (tuned),-0.045259915321858524
HB-00279,Non-private (tuned),-0.4103979442429893
HB-00280,Non-private (tuned),0.16184750360353967
HB-00281,Non-private (tuned),-0.3352467853368102
HB-00282,Non-private (tuned),-0.25973992444602134
HB-00283,Non-private (tuned),-0.001208336580004632
HB-00284,Non-private (tuned),0.01555079781977664
HB-00285,Non-private (tuned),0.9092703144052365
HB-00286,Non-private (tuned),-0.19089508223517437
HB-00287,Non-private (tuned),-1.0460353963299327
HB-00288,Non-private (tuned),0.12464286134870001
HB-00289,Non-private (tuned),-0.34327945198791365
HB-00290,Non-private (tuned),0.262396523261539
HB-00291,Non-private (tuned),-0.3838479682248994
HB-00292,Non-private (tuned),0.1415665963682079
HB-00293,Non-private (tuned),-0.3913556713653308
HB-00294,Non-private (tuned),-0.540023648266053
HB-00295,Non-private (tuned),-1.0267705025540947
HB-00296,Non-private (tuned),0.37178346672607243
HB-00297,Non-private (tuned),0.22132686560078824
HB-00298,Non-private (tuned),-0.48720779885123305
HB-00299,Non-private (tuned),0.24626045668915722
HB-00300,Non-private (tuned),-0.06731748813924215
HB-00301,Non-private (tuned),-0.42152203517741704
HB-00302,Non-private (tuned),0.047008182301359225
HB-00303,Non-private (tuned),-0.42852138559701836
HB-00304,Non-private (tuned),0.30433408254914784
HB-00305,Non-private (tuned),-0.14661401018124554
HB-00306,Non-private (tuned),0.306565111615027
HB-00307,Non-private (tuned),-0.7452171507597611
HB-00308,Non-private (tuned),-0.6212306078409169
HB-00309,Non-private (tuned),-0.3671531146291469
HB-00310,Non-private (tuned),-0.4695648817141206
HB-00312,Non-private (tuned),0.12248035437394439
HB-00313,Non-private (tuned),0.2984505601967055
HB-00315,Non-private (tuned),-0.6626719015912508
HB-00316,Non-private (tuned),0.08725226612006737
HB-00317,Non-private (tuned),0.2197180306255252
HB-00318,Non-private (tuned),0.507715420821198
HB-00319,Non-private (tuned),0.10860835363849908
HB-00320,Non-private (tuned),-0.5504793185742144
HB-00321,Non-private (tuned),0.38537149997174813
HB-00322,Non-private (tuned),0.16255648672127423
HB-00323,Non-private (tuned),-0.060063337875937345
HB-00324,Non-private (tuned),-0.2718251767646638
HB-00325,Non-private (tuned),-0.12975922744954882
HB-00326,Non-private (tuned),0.09647789782797939
HB-00327,Non-private (tuned),-0.09515918341149554
HB-00328,Non-private (tuned),-0.13202437887189744
HB-00329,Non-private (tuned),0.05505236028856142
HB-00330,Non-private (tuned),-0.19616937384750588
HB-00332,Non-private (tuned),0.30053049450113967
HB-00333,Non-private (tuned),0.3682345869952798
HB-00334,Non-private (tuned),0.1111335757941655
HB-00335,Non-private (tuned),0.3129666586417934
HB-00336,Non-private (tuned),-0.5835493009052767
HB-00337,Non-private (tuned),-0.23499172550380154
HB-00340,Non-private (tuned),0.09430761040286212
HB-00342,Non-private (tuned),-0.16858268407227078
HB-00343,Non-private (tuned),-0.04591841629967723
HB-00344,Non-private (tuned),0.2074272647653907
HB-00347,Non-private (tuned),-0.0056823224974175135
HB-00349,Non-private (tuned),-0.03242712338120933
HB-00350,Non-private (tuned),-0.0826605896283771
HB-00351,Non-private (tuned),-0.17321274992462304
HB-00352,Non-private (tuned),0.9142846159524054
HB-00353,Non-private (tuned),0.32612153292988605
HB-00354,Non-private (tuned),-0.10605091637266839
HB-00355,Non-private (tuned),0.2983699074012646
HB-00357,Non-private (tuned),-0.3492896124688468
HB-00358,Non-private (tuned),-0.5032264966532641
HB-00359,Non-private (tuned),-0.03604773972390721
HB-00360,Non-private (tuned),-0.13364381801520941
HB-00361,Non-private (tuned),0.20358815511872835
HB-00362,Non-private (tuned),-0.8654276736087021
HB-00363,Non-private (tuned),0.043837700444530225
HB-00364,Non-private (tuned),-0.09222463745630757
HB-00365,Non-private (tuned),-0.19022757899636097
HB-00366,Non-private (tuned),0.13951081301005358
HB-00367,Non-private (tuned),0.1942943566041303
HB-00368,Non-private (tuned),0.6134895188222735
HB-00369,Non-private (tuned),0.5243431709267844
HB-00370,Non-private (tuned),0.13661714304528005
HB-00371,Non-private (tuned),0.12282249855303314
HB-00372,Non-private (tuned),0.47601255367502493
HB-00373,Non-private (tuned),0.1347104797926831
HB-00375,Non-private (tuned),0.16324313557521386
HB-00377,Non-private (tuned),-0.05019464819837033
HB-00378,Non-private (tuned),0.22628476945060355
HB-00379,Non-private (tuned),0.1369621792898379
HB-00380,Non-private (tuned),-0.09187881070809814
HB-00381,Non-private (tuned),-0.4663997718967978
HB-00382,Non-private (tuned),-0.14958525115142646
HB-00384,Non-private (tuned),0.16535888694632894
HB-00385,Non-private (tuned),0.7212748549734314
HB-00387,Non-private (tuned),0.14915218498123764
HB-00388,Non-private (tuned),0.06226536490772361
HB-00390,Non-private (tuned),-0.04249027662036997
HB-00391,Non-private (tuned),0.8853406879780912
HB-00392,Non-private (tuned),0.1474730239231635
HB-00393,Non-private (tuned),-0.260688286666923
HB-00394,Non-private (tuned),0.2890157625011001
HB-00395,Non-private (tuned),0.3732036950486419
HB-00397,Non-private (tuned),0.5285451358536943
HB-00398,Non-private (tuned),-0.6364525134214278
HB-00399,Non-private (tuned),-0.9207961198829371
HB-00400,Non-private (tuned),0.15520478157391504
HB-00401,Non-private (tuned),-0.6285548167318559
HB-00402,Non-private (tuned),-0.007616326753314251
HB-00403,Non-private (tuned),-0.09558618593282264
HB-00404,Non-private (tuned),0.7031811026525483
HB-00406,Non-private (tuned),-0.30712419986517225
HB-00407,Non-private (tuned),0.12640746337482212
HB-00408,Non-private (tuned),-0.11984949308783394
HB-00409,Non-private (tuned),-0.04712275105207603
HB-00410,Non-private (tuned),-0.9427452226806986
HB-00412,Non-private (tuned),-0.4571502151294266
HB-00413,Non-private (tuned),0.056118498921001736
HB-00414,Non-private (tuned),0.374502824189634
HB-00415,Non-private (tuned),-0.08113160543312811
HB-00416,Non-private (tuned),0.11218164657068434
HB-00417,Non-private (tuned),-0.41025300579961677
HB-00418,Non-private (tuned),0.13234979440381905
HB-00419,Non-private (tuned),0.07723334297661721
HB-00420,Non-private (tuned),0.562806737360993
HB-00421,Non-private (tuned),-0.19220211283685779
HB-00422,Non-private (tuned),0.6842827401705487
HB-00423,Non-private (tuned),-0.33396824930847935
HB-00424,Non-private (tuned),-0.6591473525196738
HB-00425,Non-private (tuned),-0.03237363704668407
HB-00426,Non-private (tuned),-0.1514182548419531
HB-00427,Non-private (tuned),0.5706525237498288
HB-00428,Non-private (tuned),-0.5228913336541866
HB-00429,Non-private (tuned),-0.20063714739675295
HB-00430,Non-private (tuned),0.31381239460766075
HB-00431,Non-private (tuned),0.26289385403783055
HB-00432,Non-private (tuned),-0.045138319265102506
HB-00433,Non-private (tuned),-0.015290219783902659
HB-00434,Non-private (tuned),-0.27385763876303615
HB-00435,Non-private (tuned),0.356523580369834
HB-00437,Non-private (tuned),-0.10976809857567243
HB-00438,Non-private (tuned),-0.14929086100658617
HB-00439,Non-private (tuned),0.1417731634794207
HB-00440,Non-private (tuned),-0.04355250514132614
HB-00441,Non-private (tuned),-0.4705512980524809
HB-00442,Non-private (tuned),-0.835461124602492
HB-00443,Non-private (tuned),-0.644006855265814
HB-00444,Non-private (tuned),-0.2829094014273156
HB-00445,Non-private (tuned),-0.06086087208130833
HB-00446,Non-private (tuned),0.12265755486128183
HB-00447,Non-private (tuned),-0.13769351212460706
HB-00449,Non-private (tuned),-0.05538879256362511
HB-00451,Non-private (tuned),-0.07592547843353653
HB-00452,Non-private (tuned),-0.2762911443227866
HB-00453,Non-private (tuned),0.2895342718757531
HB-00454,Non-private (tuned),-0.23605148345177346
HB-00455,Non-private (tuned),0.5675958043117413
HB-00456,Non-private (tuned),-0.28121847474913164
HB-00457,Non-private (tuned),-0.11288477590473234
HB-00458,Non-private (tuned),0.48738903035009795
HB-00459,Non-private (tuned),0.20551935316538988
HB-00460,Non-private (tuned),0.16678735291534336
HB-00461,Non-private (tuned),0.04871091751124659
HB-00462,Non-private (tuned),-0.10660980677256177
HB-00463,Non-private (tuned),-0.000766877368487906
HB-00464,Non-private (tuned),0.36085135713144184
HB-00465,Non-private (tuned),-0.024103826569849662
HB-00466,Non-private (tuned),0.13384413102809178
HB-00467,Non-private (tuned),0.2072540839437795
HB-00468,Non-private (tuned),0.06157192612340873
HB-00469,Non-private (tuned),-0.13201186907591078
HB-00470,Non-private (tuned),0.18332446690664256
HB-00471,Non-private (tuned),0.3656261330385119
HB-00472,Non-private (tuned),0.08639188199420615
HB-00473,Non-private (tuned),0.06686678602852786
HB-00474,Non-private (tuned),-0.5187654187483391
HB-00475,Non-private (tuned),0.266904467330347
HB-00476,Non-private (tuned),-0.08659029164599602
HB-00477,Non-private (tuned),-0.24465157062195064
HB-00480,Non-private (tuned),-0.06090922677122501
HB-00481,Non-private (tuned),-0.7060398856172763
HB-00482,Non-private (tuned),0.031178442795821493
HB-00483,Non-private (tuned),-0.5015340254795553
HB-00485,Non-private (tuned),-0.5429700148582517
HB-00486,Non-private (tuned),-0.30885887837845205
HB-00487,Non-private (tuned),0.5939724760415096
HB-00488,Non-private (tuned),0.3493074799507262
HB-00489,Non-private (tuned),0.09563496992500115
HB-00490,Non-private (tuned),0.19901935518671807
HB-00491,Non-private (tuned),-0.1553387294511273
HB-00492,Non-private (tuned),0.19005673232300674
HB-00493,Non-private (tuned),-0.4490505755689215
HB-00494,Non-private (tuned),-0.608667829474262
HB-00495,Non-private (tuned),-0.04430625162376964
HB-00496,Non-private (tuned),-0.013913376242467829
HB-00497,Non-private (tuned),0.33611921712637344
HB-00498,Non-private (tuned),0.146418505299658
HB-00499,Non-private (tuned),0.23228805344974932
HB-00500,Non-private (tuned),0.22084405759571474
HB-00501,Non-private (tuned),-0.35538204455436795
HB-00502,Non-private (tuned),-0.08969395988366648
HB-00503,Non-private (tuned),0.3817778473283444
HB-00504,Non-private (tuned),0.25683706166867204
HB-00505,Non-private (tuned),-0.610071978111694
HB-00506,Non-private (tuned),-0.21446709299292221
HB-00507,Non-private (tuned),0.027962543822868946
HB-00508,Non-private (tuned),0.17846638936352255
HB-00509,Non-private (tuned),-0.09307356940306136
HB-00510,Non-private (tuned),0.09929806979759775
HB-00511,Non-private (tuned),0.2987388167356464
HB-00512,Non-private (tuned),-0.12246122407869184
HB-00513,Non-private (tuned),0.7037236264073685
HB-00514,Non-private (tuned),-0.30142992585500894
HB-00515,Non-private (tuned),-0.07733187222418045
HB-00516,Non-private (tuned),-0.4318959447570223
HB-00517,Non-private (tuned),0.10352209060224399
HB-00519,Non-private (tuned),-0.21086741396963687
HB-00520,Non-private (tuned),-0.022348301302601736
HB-00521,Non-private (tuned),-0.15756511409925442
HB-00522,Non-private (tuned),0.4922141023863036
HB-00523,Non-private (tuned),-0.5365427212994951
HB-00524,Non-private (tuned),0.24787263545704669
HB-00525,Non-private (tuned),-0.17806951961674775
HB-00526,Non-private (tuned),0.23060101672903094
HB-00528,Non-private (tuned),-0.04974381601794214
HB-00529,Non-private (tuned),-0.3709362937701267
HB-00530,Non-private (tuned),-0.10362403122879288
HB-00531,Non-private (tuned),-0.3415603554167422
HB-00532,Non-private (tuned),0.05995924700564957
HB-00533,Non-private (tuned),-0.6069901721099014
HB-00534,Non-private (tuned),0.325977917182484
HB-00536,Non-private (tuned),0.10439597878417395
HB-00537,Non-private (tuned),0.1328945125026212
HB-00539,Non-private (tuned),-0.48521159447966306
HB-00540,Non-private (tuned),0.3838313130932809
HB-00541,Non-private (tuned),-0.3083231115644459
HB-00542,Non-private (tuned),0.09836239058756588
HB-00544,Non-private (tuned),0.09642617896668973
HB-00545,Non-private (tuned),0.543133578259622
HB-00546,Non-private (tuned),0.0947461330259447
HB-00547,Non-private (tuned),-0.23966302332879924
HB-00548,Non-private (tuned),-0.6424842997344221
HB-00549,Non-private (tuned),-0.3738641627004874
HB-00550,Non-private (tuned),-0.3452393270938552
HB-00551,Non-private (tuned),0.07851894726160169
HB-00552,Non-private (tuned),-0.1295299283335528
HB-00553,Non-private (tuned),0.20757480307506276
HB-00554,Non-private (tuned),-0.23231426886748274
HB-00555,Non-private (tuned),0.07060286580391512
HB-00556,Non-private (tuned),-0.4921955126551487
HB-00557,Non-private (tuned),0.27771061733617713
HB-00558,Non-private (tuned),0.4466127686232071
HB-00559,Non-private (tuned),-0.5731547395458803
HB-00560,Non-private (tuned),0.19045152665712167
HB-00561,Non-private (tuned),-0.6388161711227021
HB-00564,Non-private (tuned),0.48009849422034356
HB-00565,Non-private (tuned),-0.07493894770988127
HB-00566,Non-private (tuned),-0.22925638218105895
HB-00568,Non-private (tuned),-0.16672598584109016
HB-00570,Non-private (tuned),0.1380699513184087
HB-00571,Non-private (tuned),0.20589543737158156
HB-00572,Non-private (tuned),0.09354445915875265
HB-00573,Non-private (tuned),0.04241389590516512
HB-00574,Non-private (tuned),0.3445770027377648
HB-00575,Non-private (tuned),0.36710136525483034
HB-00576,Non-private (tuned),-0.10368457084434263
HB-00577,Non-private (tuned),0.2103641600163362
HB-00578,Non-private (tuned),0.23319154762608293
HB-00580,Non-private (tuned),0.025767122241774798
HB-00581,Non-private (tuned),0.5177604363101296
HB-00582,Non-private (tuned),-0.12255888496234107
HB-00584,Non-private (tuned),-0.08536875992478879
HB-00585,Non-private (tuned),0.1385292554770562
HB-00586,Non-private (tuned),0.16998625172417337
HB-00587,Non-private (tuned),-0.7137308584719472
HB-00588,Non-private (tuned),0.2981352036502744
HB-00589,Non-private (tuned),-0.2071534071787936
HB-00590,Non-private (tuned),-0.5800378340881243
HB-00591,Non-private (tuned),-0.6409411513148783
HB-00592,Non-private (tuned),-0.16567346711534084
HB-00593,Non-private (tuned),-0.2930347086257598
HB-00594,Non-private (tuned),-0.5056792100762512
HB-00595,Non-private (tuned),0.21599513260383735
HB-00596,Non-private (tuned),0.2608490633627163
HB-00597,Non-private (tuned),-0.06638616930672264
HB-00598,Non-private (tuned),0.17942126481396958
HB-00599,Non-private (tuned),-0.3694845652277624
HB-00600,Non-private (tuned),0.05769909710267068
HB-00601,Non-private (tuned),0.3112082693724766
HB-00602,Non-private (tuned),-0.34181055861742804
HB-00603,Non-private (tuned),-2.362918751277121
HB-00604,Non-private (tuned),-0.10332409734506698
HB-00605,Non-private (tuned),0.44470824728251407
HB-00606,Non-private (tuned),-0.16033328600856248
HB-00607,Non-private (tuned),-0.07282153714274636
HB-00608,Non-private (tuned),0.00962901930294785
HB-00609,Non-private (tuned),0.6581497483922044
HB-00611,Non-private (tuned),-0.05410856351500942
HB-00612,Non-private (tuned),-0.07293208577449595
HB-00613,Non-private (tuned),0.29104631471161196
HB-00614,Non-private (tuned),0.2826901588155026
HB-00615,Non-private (tuned),0.2796822849466578
HB-00616,Non-private (tuned),0.2476933477940765
HB-00617,Non-private (tuned),0.3798079465960481
HB-00618,Non-private (tuned),0.26077897097468
HB-00619,Non-private (tuned),-0.4494975063503093
HB-00620,Non-private (tuned),0.28209090641252627
HB-00621,Non-private (tuned),0.6652657936124049
HB-00623,Non-private (tuned),-0.43804976262486917
HB-00624,Non-private (tuned),-0.00852061148346292
HB-00625,Non-private (tuned),0.09931585682438632
HB-00626,Non-private (tuned),0.3924147588228316
HB-00627,Non-private (tuned),0.05370344581104672
HB-00628,Non-private (tuned),-0.13227524939455593
HB-00629,Non-private (tuned),-0.4411802590019671
HB-00630,Non-private (tuned),-0.22052294683638984
HB-00631,Non-private (tuned),0.08592737818241403
HB-00632,Non-private (tuned),-0.1545455223133449
HB-00633,Non-private (tuned),-0.13179501169951588
HB-00634,Non-private (tuned),-0.20498229996969036
HB-00635,Non-private (tuned),-0.09398970233806472
HB-00636,Non-private (tuned),-0.023557873952412767
HB-00637,Non-private (tuned),-0.01872958221519319
HB-00638,Non-private (tuned),0.07073365986653979
HB-00639,Non-private (tuned),0.09307045164114452
HB-00640,Non-private (tuned),-0.0943050408912332
HB-00641,Non-private (tuned),0.5759441507235252
HB-00642,Non-private (tuned),0.20272985364112345
HB-00643,Non-private (tuned),0.7608104725052336
HB-00644,Non-private (tuned),-0.20767687846985272
HB-00645,Non-private (tuned),-1.1358552834743927
HB-00646,Non-private (tuned),-0.9675328116995237
HB-00647,Non-private (tuned),-0.30709038124179633
HB-00648,Non-private (tuned),-0.6925579279053614
HB-00649,Non-private (tuned),-0.10759418089733641
HB-00650,Non-private (tuned),0.12671605135407193
HB-00651,Non-private (tuned),-0.07383835212874501
HB-00652,Non-private (tuned),-0.2432030885899749
HB-00653,Non-private (tuned),0.007736256379825002
HB-00654,Non-private (tuned),-0.34384262829115986
HB-00655,Non-private (tuned),-0.053559926513913
HB-00656,Non-private (tuned),0.3277667232261568
HB-00657,Non-private (tuned),-0.34448434383638626
HB-00658,Non-private (tuned),0.36349646997517937
HB-00659,Non-private (tuned),-0.47567627273958574
HB-00660,Non-private (tuned),0.4762494933036875
HB-00662,Non-private (tuned),-0.32458281550657664
HB-00663,Non-private (tuned),-0.08041996817267925
HB-00664,Non-private (tuned),-1.0144674127450664
HB-00665,Non-private (tuned),-0.32310144011033887
HB-00666,Non-private (tuned),0.43002365779327967
HB-00667,Non-private (tuned),0.14108010465780674
HB-00669,Non-private (tuned),-0.20142474491242335
HB-00670,Non-private (tuned),-0.12535949285042414
HB-00671,Non-private (tuned),-0.04055615864455164
HB-00672,Non-private (tuned),-0.5802418677240988
HB-00673,Non-private (tuned),0.24500185082922293
HB-00674,Non-private (tuned),-0.44759842217279144
HB-00675,Non-private (tuned),0.4775405546736816
HB-00676,Non-private (tuned),-0.11926232400644937
HB-00677,Non-private (tuned),0.16251813630575854
HB-00678,Non-private (tuned),-0.1605491327147563
HB-00679,Non-private (tuned),0.6848193049790935
HB-00680,Non-private (tuned),-0.9248677479317899
HB-00681,Non-private (tuned),-0.41079659779381833
HB-00682,Non-private (tuned),0.49602575804102383
HB-00683,Non-private (tuned),0.5084201439086716
HB-00684,Non-private (tuned),0.36463297315881904
HB-00685,Non-private (tuned),-0.0602805193263696
HB-00686,Non-private (tuned),0.16889538866969023
HB-00687,Non-private (tuned),-0.13937105842731387
HB-00688,Non-private (tuned),0.44872068982546937
HB-00689,Non-private (tuned),0.5985079113965479
HB-00690,Non-private (tuned),0.9043221298413971
HB-00691,Non-private (tuned),-0.3265501093223834
HB-00692,Non-private (tuned),-0.0392390172858354
HB-00693,Non-private (tuned),-0.37272396896177096
HB-00694,Non-private (tuned),0.31761797029009464
HB-00695,Non-private (tuned),0.023840153330046188
HB-00696,Non-private (tuned),-1.0712718115851592
HB-00697,Non-private (tuned),0.31248549866659275
HB-00699,Non-private (tuned),0.6963966003039339
HB-00700,Non-private (tuned),-0.050677778591178835
HB-00702,Non-private (tuned),-0.20188889741461394
HB-00703,Non-private (tuned),-0.0477049648236596
HB-00704,Non-private (tuned),0.2603996611393385
HB-00705,Non-private (tuned),-0.0683243973724286
HB-00706,Non-private (tuned),-0.2705499646497355
HB-00707,Non-private (tuned),0.2002704861974168
HB-00709,Non-private (tuned),0.13421736971997178
HB-00710,Non-private (tuned),0.8678595009827015
HB-00712,Non-private (tuned),0.44537249952103686
HB-00713,Non-private (tuned),-0.17051706158765473
HB-00714,Non-private (tuned),-0.22161947933651183
HB-00715,Non-private (tuned),-0.8010968216672849
HB-00716,Non-private (tuned),-0.34098011448997617
HB-00717,Non-private (tuned),0.04355163719440702
HB-00718,Non-private (tuned),0.43375197018805445
HB-00719,Non-private (tuned),-0.16233089494429584
HB-00720,Non-private (tuned),0.19289063519219588
HB-00721,Non-private (tuned),-0.26813926097084695
HB-00722,Non-private (tuned),0.10031776564059516
HB-00723,Non-private (tuned),-0.03692569242868329
HB-00724,Non-private (tuned),-0.310228633955603
HB-00727,Non-private (tuned),0.07332559062354574
HB-00728,Non-private (tuned),-0.21412392034536804
HB-00729,Non-private (tuned),-0.5085600607185832
HB-00730,Non-private (tuned),-0.04304944611149983
HB-00731,Non-private (tuned),-0.25534262543534214
HB-00732,Non-private (tuned),0.3638220409605565
HB-00733,Non-private (tuned),0.256847770473733
HB-00734,Non-private (tuned),-0.13265545451272115
HB-00737,Non-private (tuned),0.3711431295444751
HB-00738,Non-private (tuned),-0.2043354863377167
HB-00739,Non-private (tuned),-0.18386020634321212
HB-00740,Non-private (tuned),-0.021670922517856128
HB-00741,Non-private (tuned),-0.16302140141568727
HB-00742,Non-private (tuned),-0.09599270282097228
HB-00743,Non-private (tuned),0.42947039082849664
HB-00744,Non-private (tuned),-0.5076497042975017
HB-00745,Non-private (tuned),0.22981881079459654
HB-00746,Non-private (tuned),0.9863941673164391
HB-00747,Non-private (tuned),0.016690567167253423
HB-00748,Non-private (tuned),0.23405682378037107
HB-00749,Non-private (tuned),-0.20516789038197436
HB-00750,Non-private (tuned),0.1425031451727214
HB-00752,Non-private (tuned),-0.13588999554176578
HB-00753,Non-private (tuned),0.05420433937309624
HB-00754,Non-private (tuned),0.15978772937804125
HB-00755,Non-private (tuned),-0.7362132141999171
HB-00756,Non-private (tuned),-0.9808115382467588
HB-00757,Non-private (tuned),-0.2243275887410694
HB-00759,Non-private (tuned),-0.03000546386662928
HB-00760,Non-private (tuned),-0.2683552112034404
HB-00761,Non-private (tuned),0.7069236565878947
HB-00762,Non-private (tuned),-0.12228532181554175
HB-00763,Non-private (tuned),-0.023991641370847472
HB-00764,Non-private (tuned),0.30295504904638526
HB-00765,Non-private (tuned),-0.3405072335240133
HB-00766,Non-private (tuned),0.38815805026658323
HB-00767,Non-private (tuned),0.08722804736213774
HB-00768,Non-private (tuned),-0.7603899229009421
HB-00770,Non-private (tuned),0.049232636308151057
HB-00772,Non-private (tuned),-0.14886251613976048
HB-00773,Non-private (tuned),-0.06178772086750878
HB-00774,Non-private (tuned),0.2614533305456172
HB-00775,Non-private (tuned),-0.6211441288872928
HB-00776,Non-private (tuned),-0.37438313023858044
HB-00777,Non-private (tuned),-0.5957144593818018
HB-00778,Non-private (tuned),0.3965368294275586
HB-00779,Non-private (tuned),0.5274024201972611
HB-00780,Non-private (tuned),-0.10497812725673754
HB-00781,Non-private (tuned),0.24386988990280356
HB-00782,Non-private (tuned),-0.05247157243272926
HB-00783,Non-private (tuned),-0.25313083741805514
HB-00784,Non-private (tuned),-0.3215882285887864
HB-00785,Non-private (tuned),-0.310809514663807
HB-00786,Non-private (tuned),-0.35725858292962787
HB-00787,Non-private (tuned),-0.7496280808972201
HB-00788,Non-private (tuned),-0.16574131427627453
HB-00789,Non-private (tuned),0.5042105626262029
HB-00790,Non-private (tuned),0.10679553620221369
HB-00791,Non-private (tuned),-0.11913205947269534
HB-00792,Non-private (tuned),0.35688902886038376
HB-00793,Non-private (tuned),-0.32920441141606244
HB-00794,Non-private (tuned),0.06603548868128983
HB-00796,Non-private (tuned),0.14416108035180625
HB-00797,Non-private (tuned),0.059054803317672155
HB-00798,Non-private (tuned),0.03398709468426958
HB-00799,Non-private (tuned),0.11841911972178654
HB-00800,Non-private (tuned),0.2645331091646326
HB-00801,Non-private (tuned),0.512712041069872
HB-00802,Non-private (tuned),0.00830313500447688
HB-00803,Non-private (tuned),0.13522241119152628
HB-00804,Non-private (tuned),-0.5594908478146492
HB-00805,Non-private (tuned),0.17856870830165414
HB-00806,Non-private (tuned),-0.5502274271890899
HB-00807,Non-private (tuned),-0.16218307542228566
HB-00808,Non-private (tuned),0.20697170867253595
HB-00809,Non-private (tuned),0.14297738709274188
HB-00810,Non-private (tuned),0.04296541732013359
HB-00811,Non-private (tuned),-0.34679190647621044
HB-00812,Non-private (tuned),0.43682706286138445
HB-00813,Non-private (tuned),-0.4592128057128317
HB-00814,Non-private (tuned),0.699560541453612
HB-00815,Non-private (tuned),-0.03121213624212371
HB-00816,Non-private (tuned),-0.0024271655723455687
HB-00817,Non-private (tuned),0.19335793579723903
HB-00818,Non-private (tuned),-0.0005930310478566847
HB-00819,Non-private (tuned),-0.5282660378959904
HB-00820,Non-private (tuned),0.5460023411124737
HB-00821,Non-private (tuned),-0.15754869477740296
HB-00822,Non-private (tuned),0.04007695506060055
HB-00823,Non-private (tuned),-0.0297711461526039
HB-00824,Non-private (tuned),0.17811338844916302
HB-00825,Non-private (tuned),-0.014704719220513252
HB-00826,Non-private (tuned),0.39081361516766
HB-00827,Non-private (tuned),-0.02486219689241466
HB-00828,Non-private (tuned),-0.09919777172113325
HB-00829,Non-private (tuned),-0.3987173110108242
HB-00830,Non-private (tuned),0.4890758603574017
HB-00831,Non-private (tuned),-0.07707328943952924
HB-00833,Non-private (tuned),0.10861179587937253
HB-00836,Non-private (tuned),0.08184890481608198
HB-00837,Non-private (tuned),0.6401330848969389
HB-00839,Non-private (tuned),-0.1902112524749825
HB-00840,Non-private (tuned),0.01950405381635295
HB-00841,Non-private (tuned),0.1324837411599612
HB-00843,Non-private (tuned),0.48074547350932134
HB-00844,Non-private (tuned),-0.035084030313327075
HB-00845,Non-private (tuned),-0.23797892115296584
HB-00846,Non-private (tuned),-0.1545669340448928
HB-00847,Non-private (tuned),-0.28672188602009097
HB-00848,Non-private (tuned),0.04466867550591244
HB-00849,Non-private (tuned),-0.006085609786993379
HB-00850,Non-private (tuned),-0.5446421448209049
HB-00851,Non-private (tuned),0.5049408025550348
HB-00852,Non-private (tuned),0.1484212382289073
HB-00853,Non-private (tuned),-0.4464581228528862
HB-00854,Non-private (tuned),-0.28546783986630897
HB-00855,Non-private (tuned),-0.043345014079266775
HB-00856,Non-private (tuned),-0.1925751353844729
HB-00858,Non-private (tuned),0.5103236702597002
HB-00859,Non-private (tuned),-0.2905123023618995
HB-00860,Non-private (tuned),0.21836061016740432
HB-00861,Non-private (tuned),-0.012662775764876344
HB-00862,Non-private (tuned),0.010148087090989633
HB-00863,Non-private (tuned),0.10839602884566177
HB-00864,Non-private (tuned),0.279423710082392
HB-00865,Non-private (tuned),0.33329395208037127
HB-00866,Non-private (tuned),0.319756623264968
HB-00867,Non-private (tuned),0.5738166921087569
HB-00869,Non-private (tuned),-0.22445304926010745
HB-00870,Non-private (tuned),0.4715263378263765
HB-00871,Non-private (tuned),-1.0776977089889033
HB-00872,Non-private (tuned),-0.01357995801994763
HB-00874,Non-private (tuned),-0.1494571595708546
HB-00875,Non-private (tuned),-0.545353954465615
HB-00876,Non-private (tuned),0.13499778262420237
HB-00877,Non-private (tuned),-0.13842100776201532
HB-00878,Non-private (tuned),-0.13682544059400265
HB-00879,Non-private (tuned),-0.09621036409807276
HB-00880,Non-private (tuned),0.06755389357092173
HB-00881,Non-private (tuned),0.25533493135129354
HB-00882,Non-private (tuned),-0.40722761759541903
HB-00883,Non-private (tuned),-0.17153237949195851
HB-00884,Non-private (tuned),-0.4923729926956355
HB-00885,Non-private (tuned),-0.3925386150554566
HB-00886,Non-private (tuned),-0.48646272596579837
HB-00887,Non-private (tuned),-0.16467243239280316
HB-00888,Non-private (tuned),-0.44410557647396737
HB-00889,Non-private (tuned),0.7182305577174585
HB-00890,Non-private (tuned),0.32716697503768644
HB-00891,Non-private (tuned),-0.1882584746624868
HB-00892,Non-private (tuned),-0.058209311361352246
HB-00893,Non-private (tuned),0.20373098555182828
HB-00894,Non-private (tuned),0.21905968608988416
HB-00895,Non-private (tuned),0.20825603752534694
HB-00896,Non-private (tuned),-0.2959366808573675
HB-00897,Non-private (tuned),-1.1229510798253353
HB-00898,Non-private (tuned),0.05402354833072916
HB-00899,Non-private (tuned),0.1791734068274564
HB-00900,Non-private (tuned),-0.04279292372100291
HB-00901,Non-private (tuned),-0.16905649498521047
HB-00902,Non-private (tuned),-0.16361194317253502
HB-00903,Non-private (tuned),0.7920642318296723
HB-00904,Non-private (tuned),0.7994097165261475
HB-00905,Non-private (tuned),0.02582737219290543
HB-00906,Non-private (tuned),0.13212605452834492
HB-00907,Non-private (tuned),-0.04001007650646088
HB-00909,Non-private (tuned),0.11899510250501999
HB-00910,Non-private (tuned),0.178231694428495
HB-00911,Non-private (tuned),-0.2653191963478741
HB-00912,Non-private (tuned),0.04110940213113967
HB-00913,Non-private (tuned),0.2879483319335535
HB-00915,Non-private (tuned),0.23800835612934168
HB-00916,Non-private (tuned),0.10485734601277924
HB-00917,Non-private (tuned),0.11848325763984602
HB-00918,Non-private (tuned),0.6234626763528776
HB-00919,Non-private (tuned),0.17687426077977983
HB-00920,Non-private (tuned),-0.7646617402207945
HB-00921,Non-private (tuned),0.11861805068048635
HB-00922,Non-private (tuned),0.7250109415054968
HB-00923,Non-private (tuned),-0.025686132541247353
HB-00924,Non-private (tuned),0.2082700180049757
HB-00925,Non-private (tuned),-0.004097511663142983
HB-00928,Non-private (tuned),0.21927206076522832
HB-00929,Non-private (tuned),-0.18811592878147312
HB-00930,Non-private (tuned),-0.028928325806782618
HB-00932,Non-private (tuned),-1.0426845349410254
HB-00933,Non-private (tuned),-0.1335429859361736
HB-00934,Non-private (tuned),-0.6224356372378449
HB-00935,Non-private (tuned),0.32017010335862284
HB-00936,Non-private (tuned),0.11141181694354146
HB-00937,Non-private (tuned),0.0028053583545000205
HB-00938,Non-private (tuned),0.23853926526881017
HB-00939,Non-private (tuned),0.2716057538721995
HB-00940,Non-private (tuned),0.2664701075801843
HB-00941,Non-private (tuned),-0.39528919471704055
HB-00942,Non-private (tuned),0.19348347529974885
HB-00943,Non-private (tuned),0.8631292017721317
HB-00944,Non-private (tuned),-0.3281410693270796
HB-00945,Non-private (tuned),-0.42568111490450633
HB-00946,Non-private (tuned),0.4067256989970336
HB-00947,Non-private (tuned),-0.27395338667753455
HB-00948,Non-private (tuned),0.5038863549701346
HB-00949,Non-private (tuned),-0.6052697292915717
HB-00950,Non-private (tuned),0.19696863849861687
HB-00951,Non-private (tuned),-0.09856312052011956
HB-00952,Non-private (tuned),0.04552690834148121
HB-00953,Non-private (tuned),0.12996243239981414
HB-00954,Non-private (tuned),-0.38022832249494487
HB-00955,Non-private (tuned),0.6343370457385246
HB-00956,Non-private (tuned),0.11104385381984486
HB-00957,Non-private (tuned),0.22891635609233596
HB-00959,Non-private (tuned),-0.0370106849045998
HB-00960,Non-private (tuned),0.18907689692178578
HB-00961,Non-private (tuned),0.17175952395351185
HB-00962,Non-private (tuned),-0.08210318502191727
HB-00963,Non-private (tuned),-0.13648678521735302
HB-00964,Non-private (tuned),-0.43518098085068213
HB-00965,Non-private (tuned),0.39730147480092415
HB-00966,Non-private (tuned),5.978628177648326e-05
HB-00967,Non-private (tuned),0.1106925596512713
HB-00968,Non-private (tuned),-0.20433476260519043
HB-00969,Non-private (tuned),0.16878802869677814
HB-00970,Non-private (tuned),-1.0091311497641593
HB-00971,Non-private (tuned),0.011268703009767123
HB-00972,Non-private (tuned),-0.14936258268312322
HB-00973,Non-private (tuned),-0.22590787735545295
HB-00974,Non-private (tuned),0.04034578975042813
HB-00975,Non-private (tuned),-0.482859508345462
HB-00976,Non-private (tuned),-0.18445066809443708
HB-00977,Non-private (tuned),0.3899401059531591
HB-00978,Non-private (tuned),-1.5254313861446316
HB-00979,Non-private (tuned),-0.19493830216330577
HB-00980,Non-private (tuned),0.1840102746787507
HB-00981,Non-private (tuned),-0.7662948817436185
HB-00982,Non-private (tuned),-0.9797147685516726
HB-00983,Non-private (tuned),0.3141057391842922
HB-00984,Non-private (tuned),-0.4372121031118475
HB-00985,Non-private (tuned),-0.1550687692542005
HB-00986,Non-private (tuned),0.3340727791686306
HB-00987,Non-private (tuned),0.07544701826973252
HB-00988,Non-private (tuned),-0.390000563917752
HB-00989,Non-private (tuned),0.29123975738342006
HB-00990,Non-private (tuned),0.019198421190237125
HB-00991,Non-private (tuned),0.22970637947419897
HB-00992,Non-private (tuned),-0.1710494335685937
HB-00993,Non-private (tuned),0.40175139836931406
HB-00994,Non-private (tuned),0.21001713460389654
HB-00995,Non-private (tuned),0.5053389664070345
HB-00997,Non-private (tuned),0.12962534797830652
HB-00998,Non-private (tuned),-1.555031603974431
HB-00999,Non-private (tuned),-0.2928109516645987
HB-01000,Non-private (tuned),0.6344262019207261
HB-01001,Non-private (tuned),0.4649689668220178
HB-01002,Non-private (tuned),-0.10826515911498535
HB-01003,Non-private (tuned),0.5240777001273461
HB-01004,Non-private (tuned),-0.37625866955934073
HB-01005,Non-private (tuned),-0.30722800571602915
HB-01007,Non-private (tuned),-0.013863386530261201
HB-01008,Non-private (tuned),0.0028174222572918683
HB-01009,Non-private (tuned),0.232018076445785
HB-01010,Non-private (tuned),0.7786290751046361
HB-01011,Non-private (tuned),-0.3904739323955053
HB-01013,Non-private (tuned),-0.2665581618217076
HB-01014,Non-private (tuned),0.4367409638285721
HB-01015,Non-private (tuned),-0.206266090450605
HB-01016,Non-private (tuned),-0.09691178264084033
HB-01017,Non-private (tuned),-0.16504348684407572
HB-01018,Non-private (tuned),0.13797814097656372
HB-01019,Non-private (tuned),0.26592391953101024
HB-01020,Non-private (tuned),0.21790873980773962
HB-01021,Non-private (tuned),0.08978485584945683
HB-01022,Non-private (tuned),0.7746286045346733
HB-01023,Non-private (tuned),-0.19991737417614197
HB-01025,Non-private (tuned),0.017339866620045413
HB-01026,Non-private (tuned),-0.4439946385339997
HB-01027,Non-private (tuned),0.34059539677596556
HB-01028,Non-private (tuned),0.2477103078497888
HB-01029,Non-private (tuned),-0.4947307117434686
HB-01030,Non-private (tuned),-0.08260389240307597
HB-01031,Non-private (tuned),-0.3637690550344239
HB-01032,Non-private (tuned),0.1514083408773494
HB-01033,Non-private (tuned),0.1749830215245171
HB-01034,Non-private (tuned),0.09242645000599276
HB-01035,Non-private (tuned),0.3918460548143948
HB-01037,Non-private (tuned),0.1974630557621082
HB-01038,Non-private (tuned),-0.2705539936639877
HB-01039,Non-private (tuned),0.061503552337377115
HB-01040,Non-private (tuned),0.206095673653495
HB-01041,Non-private (tuned),-0.02735895150169959
HB-01042,Non-private (tuned),-0.0027044945445161284
HB-01043,Non-private (tuned),0.12005689794931762
HB-01044,Non-private (tuned),-0.44373758613653097
HB-01045,Non-private (tuned),-0.4032486058878059
HB-01046,Non-private (tuned),-0.557079559662123
HB-01047,Non-private (tuned),0.4936289783049852
HB-01048,Non-private (tuned),0.48702418918924184
HB-01050,Non-private (tuned),0.43448152163713716
HB-01051,Non-private (tuned),0.12412841402559086
HB-01052,Non-private (tuned),0.20315506599745467
HB-01053,Non-private (tuned),-0.4683409275187422
HB-01054,Non-private (tuned),0.02599062008992742
HB-01055,Non-private (tuned),-0.25329702511883223
HB-01056,Non-private (tuned),-0.13728611474800845
HB-01057,Non-private (tuned),0.12007803126341052
HB-01058,Non-private (tuned),-0.09624647014247359
HB-01061,Non-private (tuned),0.26004544245133293
HB-01062,Non-private (tuned),-0.3141690545587802
HB-01063,Non-private (tuned),0.06116255766304801
HB-01064,Non-private (tuned),0.0737807003995874
HB-01065,Non-private (tuned),-0.3576277587938263
HB-01066,Non-private (tuned),-0.4388482051927712
HB-01068,Non-private (tuned),0.168252587800023
HB-01069,Non-private (tuned),-0.1253572138104977
HB-01070,Non-private (tuned),-0.27300153305074465
HB-01071,Non-private (tuned),-0.02398552882152566
HB-01073,Non-private (tuned),-0.45908359254740483
HB-01074,Non-private (tuned),-0.38250747746900804
HB-01076,Non-private (tuned),-0.08161132707013413
HB-01077,Non-private (tuned),0.07159696035355617
HB-01078,Non-private (tuned),0.23556944841591324
HB-01079,Non-private (tuned),-0.33909604982258335
HB-01080,Non-private (tuned),0.1453743279740033
HB-01082,Non-private (tuned),-0.9721946342329595
HB-01083,Non-private (tuned),-0.4978294154508457
HB-01085,Non-private (tuned),0.19247000101634856
HB-01086,Non-private (tuned),-0.22635301508053518
HB-01087,Non-private (tuned),-0.2006789592219217
HB-01088,Non-private (tuned),-0.4813893638086846
HB-01089,Non-private (tuned),0.3232337687512946
HB-01091,Non-private (tuned),-0.033133181866413286
HB-01092,Non-private (tuned),0.6295296496262687
HB-01093,Non-private (tuned),0.06886169089676657
HB-01094,Non-private (tuned),-0.26737134487027625
HB-01095,Non-private (tuned),0.10290878522376035
HB-01097,Non-private (tuned),-0.08809006496013883
HB-01098,Non-private (tuned),-0.060040951788969205
HB-01099,Non-private (tuned),0.23312892754670167
HB-01100,Non-private (tuned),0.47427258098165476
HB-01101,Non-private (tuned),-0.37963643361736904
HB-01102,Non-private (tuned),-0.17550551625269423
HB-01103,Non-private (tuned),0.04805951470630382
HB-01105,Non-private (tuned),-1.3280029591611922
HB-01106,Non-private (tuned),-0.05201165980330033
HB-01107,Non-private (tuned),-0.0804962940534926
HB-01108,Non-private (tuned),-0.3256262273288015
HB-01109,Non-private (tuned),-0.5645705198431085
HB-01111,Non-private (tuned),0.7626728589104588
HB-01112,Non-private (tuned),0.10795475096607587
HB-01114,Non-private (tuned),0.0902600565950881
HB-01116,Non-private (tuned),-0.029012310979501688
HB-01117,Non-private (tuned),0.43813647485486207
HB-01118,Non-private (tuned),-0.667734883476501
HB-01119,Non-private (tuned),1.4902684809407278
HB-01120,Non-private (tuned),-0.13850224322333987
HB-01121,Non-private (tuned),-0.1390699344383266
HB-01123,Non-private (tuned),0.31530506178424095
HB-01124,Non-private (tuned),-0.1746182224004762
HB-01125,Non-private (tuned),0.0751903194593812
HB-01126,Non-private (tuned),-0.22304546697640618
HB-01127,Non-private (tuned),-0.048765594849604854
HB-01128,Non-private (tuned),0.13628199957789666
HB-01129,Non-private (tuned),0.1693789863323437
HB-01130,Non-private (tuned),0.3255277313780691
HB-01131,Non-private (tuned),-0.35618091571328764
HB-01132,Non-private (tuned),0.23016381738173775
HB-01134,Non-private (tuned),0.05621648752677233
HB-01135,Non-private (tuned),-0.5376967758481783
HB-01136,Non-private (tuned),0.11129692133549814
HB-01137,Non-private (tuned),0.21229038998924815
HB-01138,Non-private (tuned),0.8005817437254337
HB-01139,Non-private (tuned),0.27543404791333026
HB-01140,Non-private (tuned),-0.210413182959108
HB-01141,Non-private (tuned),0.08239907453708417
HB-01142,Non-private (tuned),-0.8093983431837133
HB-01143,Non-private (tuned),0.0909103583590396
HB-01144,Non-private (tuned),-0.1804057804013155
HB-01145,Non-private (tuned),-0.3427188076982452
HB-01146,Non-private (tuned),0.10934347516654125
HB-01147,Non-private (tuned),0.17072645798344777
HB-01148,Non-private (tuned),0.30412402986283654
HB-01149,Non-private (tuned),0.0193939642655242
HB-01150,Non-private (tuned),-0.2683186261259148
HB-01152,Non-private (tuned),0.02907862884250012
HB-01154,Non-private (tuned),-0.34111081321899306
HB-01156,Non-private (tuned),0.46872597772058533
HB-01157,Non-private (tuned),-0.11623574717405777
HB-01158,Non-private (tuned),-0.3445476813220778
HB-01159,Non-private (tuned),-1.5565595183819867
HB-01160,Non-private (tuned),-0.10105506258237332
HB-01163,Non-private (tuned),-0.23257938766584346
HB-01164,Non-private (tuned),0.05791574508906
HB-01165,Non-private (tuned),0.3118123683152824
HB-01166,Non-private (tuned),0.6700542710661963
HB-01167,Non-private (tuned),0.30988550882735283
HB-01168,Non-private (tuned),0.23580348506460544
HB-01169,Non-private (tuned),0.10062358894967105
HB-01170,Non-private (tuned),0.3664905418386287
HB-01171,Non-private (tuned),-0.2173725713334012
HB-01172,Non-private (tuned),0.6362728613462916
HB-01173,Non-private (tuned),-0.04992225703833489
HB-01174,Non-private (tuned),0.10523169132891841
HB-01175,Non-private (tuned),-0.48186575882331345
HB-01176,Non-private (tuned),0.03590731857459286
HB-01177,Non-private (tuned),0.649347159524916
HB-01178,Non-private (tuned),-0.04269467508885516
HB-01180,Non-private (tuned),0.22162194549692465
HB-01181,Non-private (tuned),-0.9757312793596296
HB-01182,Non-private (tuned),0.1590178810090529
HB-01183,Non-private (tuned),-0.439755413241691
HB-01184,Non-private (tuned),-0.14177059073486792
HB-01185,Non-private (tuned),0.561653565659098
HB-01186,Non-private (tuned),-0.6061277999610072
HB-01188,Non-private (tuned),0.06803805535561913
HB-01189,Non-private (tuned),0.12845672203675484
HB-01190,Non-private (tuned),0.18971212298965204
HB-01191,Non-private (tuned),0.046398728119026456
HB-01193,Non-private (tuned),-0.17167114442848547
HB-01194,Non-private (tuned),0.17886061243837956
HB-01195,Non-private (tuned),-0.006461859803657877
HB-01196,Non-private (tuned),-0.05766464535927701
HB-01197,Non-private (tuned),0.11861155898884945
HB-01198,Non-private (tuned),-0.13505906824434855
HB-01199,Non-private (tuned),0.3244845429523435
HB-01200,Non-private (tuned),0.2910385952036027
HB-01202,Non-private (tuned),-0.019335403576641264
HB-01203,Non-private (tuned),0.9099293388186614
HB-01204,Non-private (tuned),0.2454979875919439
HB-01205,Non-private (tuned),-0.19770809297300612
HB-01206,Non-private (tuned),0.31515234277190884
HB-01207,Non-private (tuned),-0.1391876892695106
HB-01209,Non-private (tuned),0.7915098374462023
HB-01210,Non-private (tuned),0.3020704994944077
HB-01211,Non-private (tuned),0.0488191818766561
HB-01212,Non-private (tuned),0.41251144173169285
HB-01213,Non-private (tuned),0.2005053906925201
HB-01214,Non-private (tuned),0.4000239978859219
HB-01215,Non-private (tuned),0.16191279694583108
HB-01216,Non-private (tuned),-0.17579950888826223
HB-01217,Non-private (tuned),-0.005418330767796464
HB-01218,Non-private (tuned),-0.10174628961881246
HB-01219,Non-private (tuned),-0.6083549016753771
HB-01220,Non-private (tuned),-0.25076969878352695
HB-01221,Non-private (tuned),0.6939515572201231
HB-01222,Non-private (tuned),0.8252824777438569
HB-01223,Non-private (tuned),-0.06585710911882885
HB-01224,Non-private (tuned),0.0677218721601126
HB-01225,Non-private (tuned),-0.32636974807330527
HB-01227,Non-private (tuned),0.7795456403590842
HB-01229,Non-private (tuned),-0.376210944722042
HB-01230,Non-private (tuned),-0.22506776268005194
HB-01231,Non-private (tuned),-0.27772352030916664
HB-01232,Non-private (tuned),-0.32092000350039307
HB-01233,Non-private (tuned),0.24092285497977425
HB-01234,Non-private (tuned),-0.03713363900243627
HB-01235,Non-private (tuned),0.019245810348238135
HB-01236,Non-private (tuned),0.3788084137907848
HB-01237,Non-private (tuned),-0.3910669930513989
HB-01238,Non-private (tuned),0.11133796983551836
HB-01239,Non-private (tuned),0.6566559083108654
HB-01240,Non-private (tuned),-0.11628301459712015
HB-01241,Non-private (tuned),-0.3180265004343473
HB-01242,Non-private (tuned),0.5916746928001587
HB-01243,Non-private (tuned),-0.8862224993731351
HB-01245,Non-private (tuned),-0.29274048515234224
HB-01246,Non-private (tuned),-0.2335404272617192
HB-01247,Non-private (tuned),-0.1936700032862704
HB-01248,Non-private (tuned),0.5129326736246873
HB-01249,Non-private (tuned),-0.4215754159171431
HB-01251,Non-private (tuned),-0.19055447977140794
HB-01252,Non-private (tuned),-0.7577295569581921
HB-01253,Non-private (tuned),-0.12391029702946603
HB-01254,Non-private (tuned),0.06874348939848152
HB-01255,Non-private (tuned),-0.17382631812585508
HB-01256,Non-private (tuned),-0.04335117640093433
HB-01257,Non-private (tuned),-1.2883541242699716
HB-01258,Non-private (tuned),-0.1970738336103655
HB-01259,Non-private (tuned),-0.3432778491086851
HB-01260,Non-private (tuned),1.0553071780428789
HB-01262,Non-private (tuned),-0.056217438206261294
HB-01263,Non-private (tuned),0.09418275082310915
HB-01264,Non-private (tuned),-0.29661114700021607
HB-01265,Non-private (tuned),0.534139831224149
HB-01266,Non-private (tuned),-0.06678614170164593
HB-01267,Non-private (tuned),0.0979933701178286
HB-01268,Non-private (tuned),-0.1562859223337538
HB-01269,Non-private (tuned),-0.15837066239714015
HB-01270,Non-private (tuned),-0.44011019001768686
HB-01271,Non-private (tuned),0.08580546928075294
HB-01272,Non-private (tuned),0.008867921896436204
HB-01273,Non-private (tuned),0.48956903315200906
HB-01274,Non-private (tuned),-0.37725262692767564
HB-01275,Non-private (tuned),0.5955107950371576
HB-01276,Non-private (tuned),0.24785568863457919
HB-01277,Non-private (tuned),-0.0259972883568535
HB-01278,Non-private (tuned),0.4091509672148146
HB-01279,Non-private (tuned),0.0732053365177624
HB-01281,Non-private (tuned),-0.32295924049636526
HB-01282,Non-private (tuned),-0.17028236510403216
HB-01283,Non-private (tuned),-0.08819522987388284
HB-01284,Non-private (tuned),0.7200409610106955
HB-01286,Non-private (tuned),-0.5283799759306524
HB-01287,Non-private (tuned),0.14909450728064966
HB-01289,Non-private (tuned),-0.2600814307043169
HB-01290,Non-private (tuned),0.08540208561203078
HB-01291,Non-private (tuned),-0.24153634354878317
HB-01292,Non-private (tuned),-0.060608917689634056
HB-01293,Non-private (tuned),0.27946017717016625
HB-01294,Non-private (tuned),-0.7270615501486197
HB-01295,Non-private (tuned),-0.4900302185691914
HB-01297,Non-private (tuned),0.3389926795246318
HB-01298,Non-private (tuned),-0.007348277463578995
HB-01299,Non-private (tuned),0.2142046306755475
HB-01300,Non-private (tuned),-0.1888614034130578
HB-01301,Non-private (tuned),-0.3774287784876948
HB-01302,Non-private (tuned),-0.19647514484965906
HB-01303,Non-private (tuned),-0.18007525583253453
HB-01304,Non-private (tuned),0.10442684460578827
HB-01305,Non-private (tuned),-0.25461560597157407
HB-01307,Non-private (tuned),-0.06303387817532169
HB-01308,Non-private (tuned),0.6552756957159092
HB-01309,Non-private (tuned),-0.4248149489582712
HB-01310,Non-private (tuned),-0.7410175913721497
HB-01311,Non-private (tuned),-0.06266586858561185
HB-01312,Non-private (tuned),-0.23915932433410347
HB-01313,Non-private (tuned),-2.162825400096269
HB-01314,Non-private (tuned),0.24531705774629875
HB-01315,Non-private (tuned),-0.14408218140345871
HB-01316,Non-private (tuned),0.31634058874616156
HB-01317,Non-private (tuned),0.1424478276453639
HB-01318,Non-private (tuned),-0.057668394877858256
HB-01319,Non-private (tuned),0.37733733599603436
HB-01320,Non-private (tuned),0.013218990273428988
HB-01321,Non-private (tuned),0.1896331516749999
HB-01322,Non-private (tuned),0.23871259778868742
HB-01323,Non-private (tuned),-0.22668407534016666
HB-01325,Non-private (tuned),0.4673613929124729
HB-01326,Non-private (tuned),-0.6462151471248172
HB-01327,Non-private (tuned),-0.19780945584631798
HB-01328,Non-private (tuned),-0.42143100606917666
HB-01329,Non-private (tuned),-0.7486450803896754
HB-01330,Non-private (tuned),0.2774535603284074
HB-01331,Non-private (tuned),0.11193341265888272
HB-01332,Non-private (tuned),0.5857178975606064
HB-01333,Non-private (tuned),0.3576986968438063
HB-01334,Non-private (tuned),0.3541268946644892
HB-01335,Non-private (tuned),0.3236141728503553
HB-01336,Non-private (tuned),0.06290748124915957
HB-01337,Non-private (tuned),-0.05446302653994156
HB-01338,Non-private (tuned),-0.2233164222161927
HB-01339,Non-private (tuned),-0.5385247740180554
HB-01340,Non-private (tuned),-0.43140368183496414
HB-01342,Non-private (tuned),-0.352416804957244
HB-01343,Non-private (tuned),0.11390715103778698
HB-01344,Non-private (tuned),-0.29243476653397826
HB-01345,Non-private (tuned),-0.1786190430784191
HB-01346,Non-private (tuned),-0.0053752774040561335
HB-01347,Non-private (tuned),0.7091972270538192
HB-01348,Non-private (tuned),-0.1184675047691569
HB-01349,Non-private (tuned),-0.018451301688688082
HB-01350,Non-private (tuned),-1.0954377679787974
HB-01351,Non-private (tuned),-0.2565200175958631
HB-01352,Non-private (tuned),-0.15179161685026488
HB-01353,Non-private (tuned),0.1389590182605186
HB-01355,Non-private (tuned),-0.10451710829263683
HB-01356,Non-private (tuned),0.642242590663305
HB-01357,Non-private (tuned),-0.2263223618760869
HB-01358,Non-private (tuned),-0.018834307064009626
HB-01359,Non-private (tuned),0.11356981094892099
HB-01360,Non-private (tuned),-0.3310679195647729
HB-01361,Non-private (tuned),0.06637960499634588
HB-01363,Non-private (tuned),0.11322750973734577
HB-01364,Non-private (tuned),0.5633103441791865
HB-01365,Non-private (tuned),0.016970388186829027
HB-01366,Non-private (tuned),-0.5724698783694447
HB-01368,Non-private (tuned),0.11573876361624624
HB-01369,Non-private (tuned),-0.21469092548337476
HB-01370,Non-private (tuned),0.2802556647239186
HB-01372,Non-private (tuned),-0.3293529860355857
HB-01375,Non-private (tuned),-0.21938568186868546
HB-01376,Non-private (tuned),0.8061593990671982
HB-01377,Non-private (tuned),0.4228005450563399
HB-01378,Non-private (tuned),-0.11329447406030871
HB-01379,Non-private (tuned),-0.3843865863022793
HB-01380,Non-private (tuned),0.8349122905946839
HB-01381,Non-private (tuned),0.21737786273261878
HB-01382,Non-private (tuned),0.13355521956088057
HB-01383,Non-private (tuned),-0.16551979405289063
HB-01384,Non-private (tuned),0.15233524823401684
HB-01386,Non-private (tuned),-0.42391453175682303
HB-01387,Non-private (tuned),-0.13188441781972615
HB-01388,Non-private (tuned),-0.19343126067004177
HB-01389,Non-private (tuned),-0.04978857203324183
HB-01390,Non-private (tuned),-0.07545172045988364
HB-01391,Non-private (tuned),0.25642266283796106
HB-01392,Non-private (tuned),-0.3134410811528347
HB-01393,Non-private (tuned),0.1346571611648752
HB-01394,Non-private (tuned),-0.11862799484109654
HB-01395,Non-private (tuned),-0.09011664213666518
HB-01396,Non-private (tuned),0.6909508798758979
HB-01397,Non-private (tuned),0.02478421810729603
HB-01399,Non-private (tuned),0.3668900221856868
HB-01400,Non-private (tuned),0.08293868365662477
HB-01401,Non-private (tuned),0.014178899436330938
HB-01402,Non-private (tuned),-0.07099069415227957
HB-01403,Non-private (tuned),0.22089033169744404
HB-01404,Non-private (tuned),0.05473709954672454
HB-01405,Non-private (tuned),0.12036776113249259
HB-01406,Non-private (tuned),-0.29483210342346095
HB-01407,Non-private (tuned),-1.9840743417324733
HB-01409,Non-private (tuned),0.08804210134484869
HB-01410,Non-private (tuned),-0.21626122963075195
HB-01411,Non-private (tuned),-0.4498481547910974
HB-01412,Non-private (tuned),0.26307069591250015
HB-01413,Non-private (tuned),-0.07050907871923129
HB-01414,Non-private (tuned),0.16990166919577654
HB-01415,Non-private (tuned),0.268575877724739
HB-01416,Non-private (tuned),0.30584983610963445
HB-01417,Non-private (tuned),0.3357613591109202
HB-01418,Non-private (tuned),0.45326806063430997
HB-01419,Non-private (tuned),0.5188340370522039
HB-01420,Non-private (tuned),-0.057428405963450946
HB-01421,Non-private (tuned),0.16586109100429558
HB-01422,Non-private (tuned),-0.2214144917774308
HB-01423,Non-private (tuned),-0.4944439800464567
HB-01424,Non-private (tuned),0.7807144062930882
HB-01425,Non-private (tuned),-0.003991402828060542
HB-01426,Non-private (tuned),0.7126126734161591
HB-01427,Non-private (tuned),0.05108501766618709
HB-01429,Non-private (tuned),0.5980663444795644
HB-01430,Non-private (tuned),-0.05740872063529051
HB-01431,Non-private (tuned),-0.35964745845915397
HB-01432,Non-private (tuned),0.10406457005622638
HB-01433,Non-private (tuned),-0.030264996534811406
HB-01434,Non-private (tuned),0.20461653340924413
HB-01436,Non-private (tuned),-0.4467771710527766
HB-01437,Non-private (tuned),-0.6274927375798554
HB-01438,Non-private (tuned),0.24811741903777748
HB-01439,Non-private (tuned),-0.23477244780656176
HB-01440,Non-private (tuned),0.5680777093724191
HB-01441,Non-private (tuned),-0.6428280140213039
HB-01442,Non-private (tuned),0.04419956702523353
HB-01443,Non-private (tuned),0.01552778205606703
HB-01444,Non-private (tuned),-0.4418650002065103
HB-01445,Non-private (tuned),0.1308329675588087
HB-01446,Non-private (tuned),-0.13060942216676807
HB-01448,Non-private (tuned),-0.226305865294513
HB-01449,Non-private (tuned),-0.5386123727332028
HB-01451,Non-private (tuned),0.31590087924028093
HB-01452,Non-private (tuned),-0.08296986874776491
HB-01454,Non-private (tuned),-0.3992214547120855
HB-01455,Non-private (tuned),-0.06738823371540736
HB-01456,Non-private (tuned),-0.05249407754307328
HB-01457,Non-private (tuned),-0.09276876476891971
HB-01458,Non-private (tuned),0.09135438581936106
HB-01459,Non-private (tuned),0.6667774677764
HB-01460,Non-private (tuned),-0.18858115034198475
HB-01462,Non-private (tuned),-0.2789342247779742
HB-01463,Non-private (tuned),0.12127235824477822
HB-01464,Non-private (tuned),-0.5526332991163445
HB-01465,Non-private (tuned),0.22485637901208105
HB-01466,Non-private (tuned),-0.021693398476605785
HB-01467,Non-private (tuned),-1.052623350537445
HB-01468,Non-private (tuned),0.23997411133528138
HB-01469,Non-private (tuned),-0.20544689831606383
HB-01470,Non-private (tuned),-0.22725507224799413
HB-01471,Non-private (tuned),0.06736032375365442
HB-01472,Non-private (tuned),-0.32376671160160553
HB-01473,Non-private (tuned),-0.19977714616428283
HB-01474,Non-private (tuned),0.48452323269160924
HB-01475,Non-private (tuned),-0.20414453962152987
HB-01476,Non-private (tuned),0.5396711965763531
HB-01477,Non-private (tuned),0.10116719498748389
HB-01478,Non-private (tuned),-0.1574768939862568
HB-01480,Non-private (tuned),-0.14885088630485332
HB-01481,Non-private (tuned),-0.4423533138462532
HB-01482,Non-private (tuned),-0.11027504108888053
HB-01483,Non-private (tuned),-0.21274583551778123
HB-01484,Non-private (tuned),-0.13449276278159789
HB-01485,Non-private (tuned),-0.37361391755783185
HB-01486,Non-private (tuned),0.042699203921779616
HB-01487,Non-private (tuned),-0.6287988877188624
HB-01488,Non-private (tuned),-0.16521770729186125
HB-01489,Non-private (tuned),-0.3624670031937157
HB-01490,Non-private (tuned),0.2135373666262503
HB-01491,Non-private (tuned),0.22485521530695432
HB-01492,Non-private (tuned),-0.47181396501564665
HB-01493,Non-private (tuned),0.26313054943819936
HB-01494,Non-private (tuned),0.005382251696699092
HB-01495,Non-private (tuned),0.486984917212654
HB-01496,Non-private (tuned),-0.10453845287343212
HB-01497,Non-private (tuned),0.3107608231295412
HB-01500,Non-private (tuned),-0.23357665253487814
HB-01501,Non-private (tuned),0.6178178592260446
HB-01502,Non-private (tuned),1.0146300010107754
HB-01503,Non-private (tuned),-0.19575636716750616
HB-01504,Non-private (tuned),0.5790401388456465
HB-01505,Non-private (tuned),0.14563201055732944
HB-01506,Non-private (tuned),0.5589643427920181
HB-01507,Non-private (tuned),-0.5474808613513491
HB-01508,Non-private (tuned),0.17350427842185484
HB-01509,Non-private (tuned),-0.11559339165033061
HB-01510,Non-private (tuned),0.07713982385079748
HB-01511,Non-private (tuned),-0.2470905649380129
HB-01512,Non-private (tuned),-0.2543071760010194
HB-01513,Non-private (tuned),0.41352781770693825
HB-01514,Non-private (tuned),-0.3590348091358067
HB-01515,Non-private (tuned),-0.27068516733194825
HB-01516,Non-private (tuned),0.6359948186769041
HB-01517,Non-private (tuned),0.5615552463492042
HB-01519,Non-private (tuned),0.23971185739005804
HB-01520,Non-private (tuned),-0.37086491638450036
HB-01521,Non-private (tuned),0.23741550217865504
HB-01522,Non-private (tuned),0.05480119965251201
HB-01523,Non-private (tuned),0.04242833277522484
HB-01524,Non-private (tuned),0.32540488825630487
HB-01525,Non-private (tuned),-0.25464396527737004
HB-01526,Non-private (tuned),0.3967834737918628
HB-01527,Non-private (tuned),-0.28105364554408285
HB-01528,Non-private (tuned),-0.48090917980776937
HB-01530,Non-private (tuned),0.207977419871461
HB-01532,Non-private (tuned),0.06854149602453119
HB-01533,Non-private (tuned),-0.005661067843042822
HB-01534,Non-private (tuned),0.9383480624751166
HB-01535,Non-private (tuned),0.1812605640043938
HB-01536,Non-private (tuned),-0.4346105428102195
HB-01537,Non-private (tuned),-0.3704417715521356
HB-01538,Non-private (tuned),-0.7602079661426753
HB-01539,Non-private (tuned),-0.3525460691136319
HB-01540,Non-private (tuned),-0.16109183700560598
HB-01541,Non-private (tuned),-0.004322352077299557
HB-01542,Non-private (tuned),-1.5883600872766375
HB-01543,Non-private (tuned),-0.08426302846187522
HB-01544,Non-private (tuned),-0.48604966888241685
HB-01545,Non-private (tuned),0.44553317261236547
HB-01546,Non-private (tuned),-0.029656802689752904
HB-01547,Non-private (tuned),-0.01710405668704379
HB-01548,Non-private (tuned),0.1701338046769899
HB-01549,Non-private (tuned),0.506269103204354
HB-01550,Non-private (tuned),0.4344617459790124
HB-01551,Non-private (tuned),0.2641110415743592
HB-01552,Non-private (tuned),-0.45912713128571336
HB-01553,Non-private (tuned),-0.2583070762046994
HB-01554,Non-private (tuned),1.126028266178538
HB-01555,Non-private (tuned),-0.0310563810846501
HB-01556,Non-private (tuned),0.35177560590550494
HB-01557,Non-private (tuned),0.025906712046542713
HB-01558,Non-private (tuned),0.19068152732714289
HB-01559,Non-private (tuned),-0.6253801103618096
HB-01560,Non-private (tuned),-0.247933210814211
HB-01561,Non-private (tuned),-0.20622319300369804
HB-01562,Non-private (tuned),0.7507051096474797
HB-01563,Non-private (tuned),0.25433986758424243
HB-01564,Non-private (tuned),0.32017614527587057
HB-01565,Non-private (tuned),-0.22733467998395906
HB-01566,Non-private (tuned),0.0010846558233067183
HB-01567,Non-private (tuned),0.16519327837955766
HB-01568,Non-private (tuned),-0.35987727272981485
HB-01570,Non-private (tuned),-0.41960584730976574
HB-01571,Non-private (tuned),0.18170710122615
HB-01572,Non-private (tuned),0.22999164726920576
HB-01573,Non-private (tuned),-0.019881530043232343
HB-01574,Non-private (tuned),-0.4259311036089416
HB-01575,Non-private (tuned),0.12378875400294231
HB-01576,Non-private (tuned),-0.15768780840930985
HB-01577,Non-private (tuned),-0.06483711552692906
HB-01578,Non-private (tuned),0.3762577611944754
HB-01579,Non-private (tuned),0.3673231015305415
HB-01580,Non-private (tuned),-0.37462213524883065
HB-01581,Non-private (tuned),-0.1666500534737576
HB-01582,Non-private (tuned),0.5784204553061784
HB-01583,Non-private (tuned),0.6053420183711666
HB-01584,Non-private (tuned),0.06294979484078844
HB-01585,Non-private (tuned),-0.5611054412494303
HB-01586,Non-private (tuned),-1.4914674987588417
HB-01587,Non-private (tuned),-0.29779863123577355
HB-01588,Non-private (tuned),0.041450149037085215
HB-01589,Non-private (tuned),0.26642181839754364
HB-01590,Non-private (tuned),-0.11903688635444556
HB-01591,Non-private (tuned),-0.5591307811774047
HB-01592,Non-private (tuned),-0.22413143590719464
HB-01593,Non-private (tuned),0.34553648461382014
HB-01594,Non-private (tuned),-0.6308612493694203
HB-01595,Non-private (tuned),-0.05007864173227711
HB-01596,Non-private (tuned),0.07426186546935903
HB-01597,Non-private (tuned),-0.060459339684391954
HB-01598,Non-private (tuned),0.07309661999511599
HB-01599,Non-private (tuned),-0.10235733704813671
HB-01600,Non-private (tuned),-0.38851767477720023
HB-01602,Non-private (tuned),-0.6701999044028271
HB-01603,Non-private (tuned),-0.1688321069501772
HB-01604,Non-private (tuned),-0.1455220535142849
HB-01605,Non-private (tuned),-0.4259103589928912
HB-01606,Non-private (tuned),-0.314422562208763
HB-01607,Non-private (tuned),-0.28458044418099565
HB-01608,Non-private (tuned),-0.49676573999865326
HB-01609,Non-private (tuned),-0.2294469415778534
HB-01611,Non-private (tuned),0.0740975754961031
HB-01612,Non-private (tuned),0.16278543204642948
HB-01613,Non-private (tuned),-0.6100593598881006
HB-01614,Non-private (tuned),-0.25948594906073486
HB-01616,Non-private (tuned),-0.11842545935171134
HB-01618,Non-private (tuned),0.34215184026652185
HB-01619,Non-private (tuned),0.2234569902871552
HB-01620,Non-private (tuned),-0.23127907273151033
HB-01621,Non-private (tuned),-0.1559675621804408
HB-01623,Non-private (tuned),-0.4575911406507675
HB-01624,Non-private (tuned),0.21540304110114297
HB-01625,Non-private (tuned),0.5856205483263025
HB-01626,Non-private (tuned),-0.18849295691007056
HB-01627,Non-private (tuned),0.1587989190213971
HB-01628,Non-private (tuned),-0.018054536631219753
HB-01629,Non-private (tuned),0.18980273692680405
HB-01630,Non-private (tuned),0.6324988096163929
HB-01631,Non-private (tuned),0.0363430729764756
HB-01632,Non-private (tuned),0.10143259234549912
HB-01633,Non-private (tuned),0.20662819461021922
HB-01634,Non-private (tuned),-0.6156290004375824
HB-01635,Non-private (tuned),-0.24105322447966251
HB-01636,Non-private (tuned),-0.5606770751389535
HB-01637,Non-private (tuned),0.6305087745852594
HB-01639,Non-private (tuned),-0.23487685602071112
HB-01640,Non-private (tuned),-0.14251908158020637
HB-01641,Non-private (tuned),-0.054858311353664535
HB-01642,Non-private (tuned),-0.7308800427332744
HB-01643,Non-private (tuned),-0.5487159393973429
HB-01644,Non-private (tuned),0.07948774750876206
HB-01645,Non-private (tuned),-0.4860322850517395
HB-01646,Non-private (tuned),0.21092207976299668
HB-01647,Non-private (tuned),-0.16518586145286648
HB-01648,Non-private (tuned),-0.017047743088839273
HB-01649,Non-private (tuned),-0.19161356608700358
HB-01650,Non-private (tuned),-0.3012811626739187
HB-01651,Non-private (tuned),-0.2828683173134664
HB-01652,Non-private (tuned),-1.3101601510374032
HB-01653,Non-private (tuned),-0.15694059894889803
HB-01654,Non-private (tuned),-0.8410882532132207
HB-01655,Non-private (tuned),0.43264191116429274
HB-01656,Non-private (tuned),-0.21565103034579702
HB-01657,Non-private (tuned),-0.5453731006981782
HB-01658,Non-private (tuned),-0.16998888843710513
HB-01660,Non-private (tuned),-0.23525624143884163
HB-01661,Non-private (tuned),0.016887994610639417
HB-01662,Non-private (tuned),-0.28468892505559723
HB-01663,Non-private (tuned),0.240790436045485
HB-01664,Non-private (tuned),-0.10166720325490747
HB-01665,Non-private (tuned),0.2204247154008283
HB-01666,Non-private (tuned),-0.3926924121572867
HB-01667,Non-private (tuned),-0.3906679237714548
HB-01668,Non-private (tuned),0.3123244113862312
HB-01670,Non-private (tuned),0.019456676257549488
HB-01671,Non-private (tuned),-0.13197549369604256
HB-01672,Non-private (tuned),-0.15240788248520076
HB-01673,Non-private (tuned),-0.18161429089072034
HB-01674,Non-private (tuned),0.41053743451797964
HB-01675,Non-private (tuned),0.28658606691880945
HB-01676,Non-private (tuned),-0.3554184372249449
HB-01679,Non-private (tuned),0.2179983836381355
HB-01680,Non-private (tuned),0.26839984890818985
HB-01681,Non-private (tuned),-0.41207621151982604
HB-01682,Non-private (tuned),-0.8008036006561894
HB-01683,Non-private (tuned),-1.415091464251582
HB-01685,Non-private (tuned),0.06426407340752871
HB-01687,Non-private (tuned),-0.04724756407904732
HB-01688,Non-private (tuned),0.2327755632071089
HB-01689,Non-private (tuned),0.049165286530362895
HB-01690,Non-private (tuned),-0.0909471988520632
HB-01691,Non-private (tuned),-0.16330898640933517
HB-01692,Non-private (tuned),-0.35354168466200275
HB-01693,Non-private (tuned),0.32166912130921116
HB-01694,Non-private (tuned),-0.3449320909879841
HB-01695,Non-private (tuned),0.027778282135687005
HB-01696,Non-private (tuned),-0.021488834980041643
HB-01697,Non-private (tuned),0.5384856940717112
HB-01698,Non-private (tuned),0.3295543534964766
HB-01699,Non-private (tuned),0.3296513784457262
HB-01700,Non-private (tuned),-0.5862602598607186
HB-01701,Non-private (tuned),-0.27897018857665623
HB-01702,Non-private (tuned),-0.012960994734827314
HB-01703,Non-private (tuned),-0.25542022719399515
HB-01704,Non-private (tuned),0.09322852750702865
HB-01705,Non-private (tuned),0.09508088973213939
HB-01706,Non-private (tuned),-0.02960145227004146
HB-01708,Non-private (tuned),0.4430823928196299
HB-01709,Non-private (tuned),-0.12125448920758242
HB-01710,Non-private (tuned),-0.20429157507358245
HB-01712,Non-private (tuned),0.07592288064182451
HB-01713,Non-private (tuned),-0.020854153717291823
HB-01714,Non-private (tuned),-0.1832082556202933
HB-01715,Non-private (tuned),0.8542390058812103
HB-01716,Non-private (tuned),0.5715958867307223
HB-01717,Non-private (tuned),-0.16866692648064352
HB-01718,Non-private (tuned),0.2200544941427398
HB-01719,Non-private (tuned),0.018613348720260936
HB-01720,Non-private (tuned),-0.8287579698755897
HB-01721,Non-private (tuned),-0.17664254785589834
HB-01722,Non-private (tuned),-0.3609579427616022
HB-01723,Non-private (tuned),-0.18966511565332334
HB-01724,Non-private (tuned),0.1152994317424032
HB-01725,Non-private (tuned),0.5683569325161058
HB-01726,Non-private (tuned),-0.33329900523767164
HB-01727,Non-private (tuned),-0.08868402132403952
HB-01728,Non-private (tuned),0.058418456270213914
HB-01729,Non-private (tuned),0.2347684372300363
HB-01730,Non-private (tuned),0.13116722712338375
HB-01731,Non-private (tuned),0.1427044170094655
HB-01732,Non-private (tuned),-0.10125524507551895
HB-01733,Non-private (tuned),-0.05027034415512066
HB-01734,Non-private (tuned),0.18248619332234461
HB-01735,Non-private (tuned),1.1907175956459504
HB-01736,Non-private (tuned),-0.14583095211390845
HB-01737,Non-private (tuned),-0.14533780758180342
HB-01738,Non-private (tuned),0.8595491595013198
HB-01739,Non-private (tuned),0.3036228158900465
HB-01740,Non-private (tuned),0.28117670444356446
HB-01741,Non-private (tuned),-0.23536097976715767
HB-01742,Non-private (tuned),-0.3504155426258159
HB-01743,Non-private (tuned),-0.19199665134660604
HB-01744,Non-private (tuned),-0.1167979950749711
HB-01745,Non-private (tuned),0.19649620663498757
HB-01747,Non-private (tuned),0.1866924400082698
HB-01748,Non-private (tuned),0.16385192417568728
HB-01749,Non-private (tuned),0.12855724332317134
HB-01750,Non-private (tuned),0.15842246840269825
HB-01751,Non-private (tuned),-0.14676174842342662
HB-01752,Non-private (tuned),0.01924696869533371
HB-01753,Non-private (tuned),-0.0017399271958888352
HB-01755,Non-private (tuned),0.2404726990760425
HB-01756,Non-private (tuned),-0.4686803745651943
HB-01757,Non-private (tuned),0.017222496529344156
HB-01758,Non-private (tuned),0.3730570057928461
HB-01760,Non-private (tuned),0.0789891769130186
HB-01761,Non-private (tuned),1.2295757208047597
HB-01762,Non-private (tuned),-0.4421790790317446
HB-01763,Non-private (tuned),-0.7365302333419046
HB-01765,Non-private (tuned),0.6823709505203135
HB-01766,Non-private (tuned),0.2783992799182945
HB-01767,Non-private (tuned),-0.020604641874363283
HB-01768,Non-private (tuned),-0.11880626622526858
HB-01769,Non-private (tuned),0.33591760115111224
HB-01770,Non-private (tuned),-0.5545877213817157
HB-01771,Non-private (tuned),0.2376630016963811
HB-01772,Non-private (tuned),0.15242830479800734
HB-01773,Non-private (tuned),-0.37698380782041474
HB-01774,Non-private (tuned),-0.19727401035273226
HB-01775,Non-private (tuned),0.26898973867712417
HB-01776,Non-private (tuned),0.053315807052892905
HB-01777,Non-private (tuned),-0.1709364397438835
HB-01779,Non-private (tuned),-0.4409478133132328
HB-01780,Non-private (tuned),0.5199193880766863
HB-01781,Non-private (tuned),-0.19037638445913302
HB-01783,Non-private (tuned),-0.5425701276466552
HB-01784,Non-private (tuned),0.621125329754021
HB-01785,Non-private (tuned),-0.043021986479503505
HB-01786,Non-private (tuned),0.5894804206657426
HB-01789,Non-private (tuned),0.3124621908221869
HB-01791,Non-private (tuned),-0.20018095521981155
HB-01792,Non-private (tuned),0.07833793716336473
HB-01793,Non-private (tuned),-0.6089730495087053
HB-01794,Non-private (tuned),0.0732216043414875
HB-01795,Non-private (tuned),-0.10767590986041384
HB-01796,Non-private (tuned),0.040997154037765604
HB-01797,Non-private (tuned),-0.05794446741385745
HB-01798,Non-private (tuned),0.5387207301378771
HB-01800,Non-private (tuned),-0.4298451501765984
HB-01801,Non-private (tuned),-0.581980286868266
HB-01802,Non-private (tuned),-0.4931625726456675
HB-01803,Non-private (tuned),0.16927585104926376
HB-01804,Non-private (tuned),0.2002292730905545
HB-01805,Non-private (tuned),0.307398949543015
HB-01806,Non-private (tuned),-0.2777947005090833
HB-01807,Non-private (tuned),-0.2442764403515514
HB-01808,Non-private (tuned),0.4603174790257917
HB-01809,Non-private (tuned),0.2838805085246546
HB-01810,Non-private (tuned),-0.12782465544410357
HB-01811,Non-private (tuned),-0.005799906797299026
HB-01812,Non-private (tuned),-0.33722497074830055
HB-01813,Non-private (tuned),0.10082756254211511
HB-01814,Non-private (tuned),-0.6192698550323517
HB-01815,Non-private (tuned),0.13300626011955685
HB-01816,Non-private (tuned),-0.1318002394036264
HB-01817,Non-private (tuned),0.31745731962311585
HB-01818,Non-private (tuned),0.15944079775428938
HB-01820,Non-private (tuned),0.42212260608556523
HB-01821,Non-private (tuned),-0.28871682876151883
HB-01822,Non-private (tuned),-0.3297673182410567
HB-01823,Non-private (tuned),0.7729317694321122
HB-01824,Non-private (tuned),0.09478034277811392
HB-01825,Non-private (tuned),0.04021051501489441
HB-01826,Non-private (tuned),-0.5325306848114528
HB-01827,Non-private (tuned),0.5417200603337194
HB-01828,Non-private (tuned),-0.053116544193751225
HB-01829,Non-private (tuned),0.7774589181825957
HB-01830,Non-private (tuned),-0.028528247505412496
HB-01831,Non-private (tuned),-0.17882322762496095
HB-01833,Non-private (tuned),1.005721473751612
HB-01834,Non-private (tuned),0.1219077025835208
HB-01835,Non-private (tuned),0.33268140547573044
HB-01836,Non-private (tuned),0.17241525834810087
HB-01837,Non-private (tuned),0.0417866974181067
HB-01838,Non-private (tuned),0.6471381914300631
HB-01839,Non-private (tuned),-0.014146003583881128
HB-01840,Non-private (tuned),0.022568058722288925
HB-01841,Non-private (tuned),-0.2020369449238757
HB-01842,Non-private (tuned),0.17707604680226674
HB-01844,Non-private (tuned),0.10786890384093192
HB-01846,Non-private (tuned),-0.07077646396179729
HB-01847,Non-private (tuned),0.24957943583667772
HB-01848,Non-private (tuned),-0.06916609987012093
HB-01849,Non-private (tuned),-0.5845798050391893
HB-01850,Non-private (tuned),0.055385109620945894
HB-01851,Non-private (tuned),-0.08698307321159715
HB-01852,Non-private (tuned),0.46421916903089816
HB-01854,Non-private (tuned),0.4174596111727541
HB-01855,Non-private (tuned),0.007659174158893306
HB-01856,Non-private (tuned),0.4922481594022978
HB-01857,Non-private (tuned),-0.23240466335342758
HB-01858,Non-private (tuned),-0.07565724941713509
HB-01859,Non-private (tuned),0.3241561865230492
HB-01860,Non-private (tuned),0.0891261415353605
HB-01861,Non-private (tuned),1.313382675153271
HB-01862,Non-private (tuned),-0.4208410523016026
HB-01863,Non-private (tuned),-0.250276473304932
HB-01865,Non-private (tuned),0.27608328403721344
HB-01866,Non-private (tuned),-0.3452257247543723
HB-01867,Non-private (tuned),-0.3304623799134248
HB-01868,Non-private (tuned),0.07366886693786157
HB-01869,Non-private (tuned),-0.32526806078349346
HB-01870,Non-private (tuned),0.4742399961216299
HB-01871,Non-private (tuned),-0.7944906074037663
HB-01872,Non-private (tuned),0.573343448477299
HB-01873,Non-private (tuned),0.22095870000778767
HB-01874,Non-private (tuned),0.26078213498048086
HB-01875,Non-private (tuned),-0.5881542936105473
HB-01876,Non-private (tuned),1.6729841499781857
HB-01877,Non-private (tuned),-0.2928134912416512
HB-01878,Non-private (tuned),-0.16234383558446785
HB-01879,Non-private (tuned),-0.017981483224813244
HB-01880,Non-private (tuned),0.5284902185179055
HB-01881,Non-private (tuned),0.057971821824140624
HB-01882,Non-private (tuned),-0.10054023844584326
HB-01883,Non-private (tuned),0.0746208077472866
HB-01884,Non-private (tuned),0.3629870537362374
HB-01885,Non-private (tuned),0.3095762270915219
HB-01886,Non-private (tuned),-0.23036726720081047
HB-01887,Non-private (tuned),-0.11553429632633266
HB-01888,Non-private (tuned),-0.20705940013655932
HB-01889,Non-private (tuned),-0.17237463612192133
HB-01890,Non-private (tuned),-0.07321426498838302
HB-01891,Non-private (tuned),-0.43210469782855065
HB-01893,Non-private (tuned),-0.37165624883474857
HB-01894,Non-private (tuned),-0.8222537346488956
HB-01895,Non-private (tuned),0.10260586271429217
HB-01896,Non-private (tuned),-0.3037510547964577
HB-01897,Non-private (tuned),0.35328140168310546
HB-01898,Non-private (tuned),0.5154340833898188
HB-01900,Non-private (tuned),0.10231668430685681
HB-01901,Non-private (tuned),-0.39907381852204316
HB-01902,Non-private (tuned),-0.23600058857957174
HB-01903,Non-private (tuned),-0.5518439116137199
HB-01904,Non-private (tuned),1.1995761492068118
HB-01905,Non-private (tuned),-0.030199714020667456
HB-01906,Non-private (tuned),-0.21163969215024186
HB-01907,Non-private (tuned),0.07223074823270065
HB-01908,Non-private (tuned),0.006502217195721305
HB-01909,Non-private (tuned),-0.44440590815853265
HB-01910,Non-private (tuned),0.2780641875064624
HB-01911,Non-private (tuned),0.12303013595476525
HB-01912,Non-private (tuned),-0.0035876027424606716
HB-01913,Non-private (tuned),0.15547175336469954
HB-01914,Non-private (tuned),0.30057305337966284
HB-01915,Non-private (tuned),0.13083774448323393
HB-01916,Non-private (tuned),-0.3067434546767944
HB-01917,Non-private (tuned),0.15138713981246937
HB-01918,Non-private (tuned),0.05934528307840373
HB-01919,Non-private (tuned),-0.005677759199156182
HB-01920,Non-private (tuned),-0.09496503526585404
HB-01921,Non-private (tuned),0.10108752126062065
HB-01922,Non-private (tuned),0.29048402328030504
HB-01923,Non-private (tuned),-0.2872692906452904
HB-01924,Non-private (tuned),-0.2748452938764832
HB-01925,Non-private (tuned),-0.11783411363873722
HB-01926,Non-private (tuned),0.18683668686866844
HB-01928,Non-private (tuned),-0.052358435853189944
HB-01929,Non-private (tuned),-0.17403561039263934
HB-01930,Non-private (tuned),-0.33154718736394995
HB-01931,Non-private (tuned),-0.5961059715381719
HB-01933,Non-private (tuned),-0.056271545716315985
HB-01934,Non-private (tuned),0.13342226734614382
HB-01935,Non-private (tuned),0.17404291642805148
HB-01936,Non-private (tuned),-0.515429549303359
HB-01937,Non-private (tuned),0.05515253296603187
HB-01938,Non-private (tuned),0.4950281813190903
HB-01939,Non-private (tuned),0.43111395422043186
HB-01940,Non-private (tuned),0.5251435443159385
HB-01941,Non-private (tuned),0.059590011286127814
HB-01942,Non-private (tuned),0.2231654104774732
HB-01944,Non-private (tuned),-0.30498225426937475
HB-01945,Non-private (tuned),0.2860426215010059
HB-01946,Non-private (tuned),0.08092908935096643
HB-01947,Non-private (tuned),0.6800853482856587
HB-01948,Non-private (tuned),-0.03779442040430364
HB-01949,Non-private (tuned),0.4281178028031558
HB-01950,Non-private (tuned),0.021888506376528144
HB-01951,Non-private (tuned),0.517314160733376
HB-01952,Non-private (tuned),0.1332026797613037
HB-01953,Non-private (tuned),-0.28319600156520774
HB-01954,Non-private (tuned),0.35968326277669305
HB-01955,Non-private (tuned),0.07934264460653684
HB-01956,Non-private (tuned),0.15785119492831415
HB-01958,Non-private (tuned),-0.2316146898837677
HB-01959,Non-private (tuned),0.2988652624370062
HB-01960,Non-private (tuned),0.3098792863051976
HB-01961,Non-private (tuned),-0.10109647960902757
HB-01962,Non-private (tuned),0.04435920839726559
HB-01963,Non-private (tuned),-0.16052539175859604
HB-01964,Non-private (tuned),-0.08120275018543816
HB-01965,Non-private (tuned),-1.908204674083514
HB-01966,Non-private (tuned),0.3310254669519683
HB-01967,Non-private (tuned),-0.030767998058062185
HB-01968,Non-private (tuned),-0.26110033436837565
HB-01969,Non-private (tuned),0.19420231880464378
HB-01970,Non-private (tuned),-0.018749710887324814
HB-01971,Non-private (tuned),0.4217176401218662
HB-01972,Non-private (tuned),0.23389011736850657
HB-01973,Non-private (tuned),0.28206331664679457
HB-01974,Non-private (tuned),-0.49225381270574053
HB-01975,Non-private (tuned),-0.3850735779851936
HB-01976,Non-private (tuned),-0.05159969715934756
HB-01978,Non-private (tuned),-0.3372156615951031
HB-01980,Non-private (tuned),0.18137998893597612
HB-01981,Non-private (tuned),-0.06535994049491378
HB-01982,Non-private (tuned),1.6620149385319043
HB-01983,Non-private (tuned),0.30152268811450234
HB-01984,Non-private (tuned),0.19450307716003157
HB-01985,Non-private (tuned),0.4098401059541056
HB-01986,Non-private (tuned),-0.16681816669791427
HB-01987,Non-private (tuned),-0.21458445885267985
HB-01988,Non-private (tuned),0.4037697420280004
HB-01989,Non-private (tuned),-0.4704729033391311
HB-01990,Non-private (tuned),-0.05247364163528928
HB-01991,Non-private (tuned),-0.28163911686479853
HB-01992,Non-private (tuned),0.005290465804016264
HB-01993,Non-private (tuned),-0.10327477525812812
HB-01994,Non-private (tuned),0.17343506939296327
HB-01995,Non-private (tuned),-0.22375619555279136
HB-01996,Non-private (tuned),0.10587241571858896
HB-01997,Non-private (tuned),-0.4926746183597417
HB-01998,Non-private (tuned),0.5361537027091035
HB-01999,Non-private (tuned),-0.12489697619760975
HB-02000,Non-private (tuned),-0.3538129208850179
HB-02001,Non-private (tuned),0.19520994378535117
HB-02004,Non-private (tuned),-0.08768984516271777
HB-02005,Non-private (tuned),-0.18829488015258067
HB-02006,Non-private (tuned),0.016257659899832133
HB-02007,Non-private (tuned),-0.02995276027145033
HB-02008,Non-private (tuned),-0.20968650823577278
HB-02009,Non-private (tuned),0.2798239486236559
HB-02010,Non-private (tuned),0.637010130186157
HB-02011,Non-private (tuned),0.06916171699316451
HB-02012,Non-private (tuned),-0.7618536088989709
HB-02013,Non-private (tuned),-0.1627572666752835
HB-02014,Non-private (tuned),-0.06301104666018056
HB-02015,Non-private (tuned),0.054688817656925376
HB-02016,Non-private (tuned),-0.29829596101393363
HB-02017,Non-private (tuned),-0.12508476842096555
HB-02018,Non-private (tuned),0.4301553626387328
HB-02019,Non-private (tuned),-0.13453419425550117
HB-02020,Non-private (tuned),0.07099806911587142
HB-02021,Non-private (tuned),0.176943190817054
HB-02022,Non-private (tuned),0.13315727860531074
HB-02023,Non-private (tuned),-0.21840224174538558
HB-02024,Non-private (tuned),-0.22093842904256167
HB-02025,Non-private (tuned),0.19662907201146473
HB-02026,Non-private (tuned),-0.11303965418889717
HB-02027,Non-private (tuned),-0.07591365073995199
HB-02028,Non-private (tuned),0.25662791199532575
HB-02029,Non-private (tuned),0.143626154562726
HB-02030,Non-private (tuned),-0.32431957320499416
HB-02031,Non-private (tuned),-0.18333180196401475
HB-02032,Non-private (tuned),-0.15628358061058378
HB-02033,Non-private (tuned),0.010043897980925087
HB-02034,Non-private (tuned),0.44944566337225134
HB-02035,Non-private (tuned),0.13411670751868315
HB-02036,Non-private (tuned),0.36110189875786347
HB-02037,Non-private (tuned),-0.20791334486648103
HB-02038,Non-private (tuned),0.015414317114392284
HB-02039,Non-private (tuned),-0.3441170602483777
HB-02040,Non-private (tuned),0.1613063407101163
HB-02041,Non-private (tuned),0.6551053939160587
HB-02042,Non-private (tuned),-0.2740990110869487
HB-02044,Non-private (tuned),-0.20010784163727657
HB-02045,Non-private (tuned),-0.4744370072449437
HB-02046,Non-private (tuned),0.06812096089343234
HB-02047,Non-private (tuned),0.3531583981809153
HB-02048,Non-private (tuned),0.5476929506137048
HB-02049,Non-private (tuned),0.23128946370672385
HB-02050,Non-private (tuned),0.40137489893761735
HB-02051,Non-private (tuned),-0.18551181309479814
HB-02052,Non-private (tuned),1.16192746451007
HB-02053,Non-private (tuned),0.29718572551835437
HB-02054,Non-private (tuned),-0.15961392187218
HB-02055,Non-private (tuned),0.282519595986781
HB-02056,Non-private (tuned),-0.4648155347113059
HB-02057,Non-private (tuned),0.7247251719716599
HB-02058,Non-private (tuned),-0.024876649350309032
HB-02060,Non-private (tuned),0.042589275312405334
HB-02061,Non-private (tuned),-0.36429039438324123
HB-02062,Non-private (tuned),-0.3762326600406215
HB-02063,Non-private (tuned),0.307896119121719
HB-02064,Non-private (tuned),0.03997923503109935
HB-02065,Non-private (tuned),-0.2515444987591442
HB-02066,Non-private (tuned),-0.36662399848184474
HB-02067,Non-private (tuned),0.05352304913445727
HB-02068,Non-private (tuned),-0.009738264378494385
HB-02069,Non-private (tuned),0.7315403356884211
HB-02070,Non-private (tuned),-0.2539897401524633
HB-02071,Non-private (tuned),-0.37686474352130916
HB-02072,Non-private (tuned),-0.16070288410963496
HB-02073,Non-private (tuned),-0.3265011671792705
HB-02074,Non-private (tuned),-0.17201526799073114
HB-02075,Non-private (tuned),0.48058770108981
HB-02076,Non-private (tuned),-0.18120014238714907
HB-02077,Non-private (tuned),0.014958106371669555
HB-02078,Non-private (tuned),0.07128931794100199
HB-02079,Non-private (tuned),-0.48547830449043583
HB-02080,Non-private (tuned),-0.009641303721063754
HB-02081,Non-private (tuned),0.8459751372299835
HB-02082,Non-private (tuned),0.07527113883199388
HB-02083,Non-private (tuned),-0.3309111500820321
HB-02084,Non-private (tuned),0.36333563520487056
HB-02086,Non-private (tuned),-0.22364310354094336
HB-02088,Non-private (tuned),0.36184529492416245
HB-02090,Non-private (tuned),0.0976285780926559
HB-02091,Non-private (tuned),-0.14471308292528318
HB-02092,Non-private (tuned),0.13403597202826406
HB-02093,Non-private (tuned),-0.10660371516410846
HB-02094,Non-private (tuned),0.018596903842278606
HB-02095,Non-private (tuned),-0.10722435008924493
HB-02096,Non-private (tuned),0.4547036455749165
HB-02097,Non-private (tuned),0.3590678032294337
HB-02098,Non-private (tuned),0.15274816470110075
HB-02099,Non-private (tuned),0.04709958298533215
HB-02100,Non-private (tuned),0.10549891978653364
HB-02101,Non-private (tuned),-0.29012316803900784
HB-02102,Non-private (tuned),0.3604816146374687
HB-02103,Non-private (tuned),-0.7012150216103189
HB-02104,Non-private (tuned),-0.13592324275679019
HB-02105,Non-private (tuned),0.3131836925876475
HB-02106,Non-private (tuned),0.09771191798743561
HB-02107,Non-private (tuned),-0.16445340377878975
HB-02108,Non-private (tuned),-0.03967902198142656
HB-02109,Non-private (tuned),0.13022638730009373
HB-02110,Non-private (tuned),-0.6321960382036091
HB-02111,Non-private (tuned),0.05284435973795931
HB-02112,Non-private (tuned),0.0485422296079928
HB-02113,Non-private (tuned),-0.10402336753535057
HB-02114,Non-private (tuned),-0.21192535812966756
HB-02115,Non-private (tuned),0.0248527225703028
HB-02117,Non-private (tuned),0.19392809247852855
HB-02118,Non-private (tuned),-0.8684530736967921
HB-02119,Non-private (tuned),-0.16685166206180535
HB-02120,Non-private (tuned),-0.2293814811839009
HB-02121,Non-private (tuned),-0.5650074220259564
HB-02122,Non-private (tuned),-0.18916398580421026
HB-02123,Non-private (tuned),-0.06844493153619394
HB-02125,Non-private (tuned),0.34445986288420427
HB-02126,Non-private (tuned),-0.052428862288388625
HB-02127,Non-private (tuned),0.13350197324948987
HB-02128,Non-private (tuned),-0.5774819334462421
HB-02129,Non-private (tuned),0.23856933202223307
HB-02130,Non-private (tuned),-0.00806903220758104
HB-02131,Non-private (tuned),0.03870855155214242
HB-02134,Non-private (tuned),-0.18278878856221709
HB-02135,Non-private (tuned),0.11459085008615302
HB-02136,Non-private (tuned),0.07284256167730535
HB-02137,Non-private (tuned),0.3437841568752837
HB-02139,Non-private (tuned),0.6534235695745602
HB-02141,Non-private (tuned),0.142143469641473
HB-02142,Non-private (tuned),0.2542406650633813
HB-02143,Non-private (tuned),1.0389120736718813
HB-02144,Non-private (tuned),0.4054867298201388
HB-02145,Non-private (tuned),-0.04781318118212535
HB-02146,Non-private (tuned),-2.418338583206899
HB-02147,Non-private (tuned),-0.14900943005243816
HB-02148,Non-private (tuned),0.5206851401702441
HB-02149,Non-private (tuned),-0.4121935915555418
HB-02151,Non-private (tuned),0.13911689822811002
HB-02152,Non-private (tuned),-0.34687674567268983
HB-02153,Non-private (tuned),0.31554343522081796
HB-02155,Non-private (tuned),0.11980607632414964
HB-02158,Non-private (tuned),-0.058976761589698945
HB-02159,Non-private (tuned),0.4167253531346323
HB-02160,Non-private (tuned),0.5545948056472992
HB-02161,Non-private (tuned),-0.27850308377573346
HB-02162,Non-private (tuned),-0.6276819477217697
HB-02163,Non-private (tuned),-0.6545479594142438
HB-02165,Non-private (tuned),-0.5211095297248662
HB-02166,Non-private (tuned),-0.1388802709170623
HB-02167,Non-private (tuned),-0.17443295604457348
HB-02168,Non-private (tuned),-0.21047042026349277
HB-02169,Non-private (tuned),0.301525293808093
HB-02170,Non-private (tuned),0.2776055081658301
HB-02171,Non-private (tuned),-0.06788839183228468
HB-02172,Non-private (tuned),-0.37766563239892065
HB-02173,Non-private (tuned),-0.4896710251213863
HB-02174,Non-private (tuned),0.4075004671400952
HB-02175,Non-private (tuned),-0.22651409909832415
HB-02176,Non-private (tuned),0.1341104643606329
HB-02178,Non-private (tuned),-0.16817803040899326
HB-02179,Non-private (tuned),-0.071218903815496
HB-02180,Non-private (tuned),-0.5921111113184965
HB-02181,Non-private (tuned),0.5010185270452981
HB-02182,Non-private (tuned),0.3324906143637675
HB-02183,Non-private (tuned),0.08369252540952218
HB-02184,Non-private (tuned),-0.39386456958557997
HB-02185,Non-private (tuned),0.02449716029080226
HB-02186,Non-private (tuned),1.4457980501074688
HB-02187,Non-private (tuned),0.6965833864873643
HB-02188,Non-private (tuned),-0.0953979049166806
HB-02189,Non-private (tuned),-0.2693033739662515
HB-02190,Non-private (tuned),0.21315899456698562
HB-02191,Non-private (tuned),-0.413459609271049
HB-02192,Non-private (tuned),0.10028838657057396
HB-02193,Non-private (tuned),0.16609992508758353
HB-02194,Non-private (tuned),-0.5224908987263375
HB-02195,Non-private (tuned),0.21587142619047767
HB-02196,Non-private (tuned),-0.44245720890251766
HB-02197,Non-private (tuned),-0.5808069492872782
HB-02198,Non-private (tuned),0.04344156755075118
HB-02199,Non-private (tuned),-0.021542126154170838
HB-02200,Non-private (tuned),-0.15286032855203613
HB-02201,Non-private (tuned),-0.11381238047854608
HB-02204,Non-private (tuned),0.0035843824663807644
HB-02205,Non-private (tuned),-0.12041044062345208
HB-02206,Non-private (tuned),-0.41838903983026543
HB-02207,Non-private (tuned),0.13502386965446028
HB-02209,Non-private (tuned),0.058243385627839206
HB-02210,Non-private (tuned),-0.17844565514273597
HB-02211,Non-private (tuned),-0.25599346098873543
HB-02212,Non-private (tuned),-0.3061685291066766
HB-02213,Non-private (tuned),0.15456628875021805
HB-02215,Non-private (tuned),-0.49586288746504764
HB-02216,Non-private (tuned),-0.34097475669742294
HB-02217,Non-private (tuned),0.968180385201826
HB-02218,Non-private (tuned),0.18789548665460815
HB-02219,Non-private (tuned),-0.5075900807959002
HB-02220,Non-private (tuned),-0.10002938434177616
HB-02221,Non-private (tuned),-0.6613839860691431
HB-02222,Non-private (tuned),0.3572669067076267
HB-02223,Non-private (tuned),0.7800810563745992
HB-02224,Non-private (tuned),0.11810315364322083
HB-02225,Non-private (tuned),-1.5868522016484592
HB-02226,Non-private (tuned),-0.44246973276957785
HB-02227,Non-private (tuned),0.22845184756912706
HB-02228,Non-private (tuned),-0.4683889543365009
HB-02229,Non-private (tuned),-0.33624199925933035
HB-02231,Non-private (tuned),-0.3021020412600811
HB-02232,Non-private (tuned),0.36491506502646637
HB-02233,Non-private (tuned),-0.1743745570620122
HB-02234,Non-private (tuned),-0.06187754717599164
HB-02235,Non-private (tuned),0.039326558260233624
HB-02236,Non-private (tuned),-0.5409257950289325
HB-02237,Non-private (tuned),-0.1825796828536142
HB-02239,Non-private (tuned),-0.07524968635844059
HB-02240,Non-private (tuned),-0.015923715527613347
HB-02241,Non-private (tuned),-1.3858107676820273
HB-02242,Non-private (tuned),0.28344446910545046
HB-02243,Non-private (tuned),0.6305056460356058
HB-02244,Non-private (tuned),0.4620989675791801
HB-02245,Non-private (tuned),-0.239051947049625
HB-02246,Non-private (tuned),0.201143312146008
HB-02247,Non-private (tuned),-0.221035840419585
HB-02248,Non-private (tuned),0.29104080431764084
HB-02249,Non-private (tuned),-0.05237459203919975
HB-02251,Non-private (tuned),0.5277151715594659
HB-02252,Non-private (tuned),0.1021685395930014
HB-02253,Non-private (tuned),-0.5098511910269399
HB-02254,Non-private (tuned),-0.7456145248520857
HB-02256,Non-private (tuned),-0.028848693012954174
HB-02257,Non-private (tuned),0.10038810143386989
HB-02258,Non-private (tuned),-0.07651032595361457
HB-02259,Non-private (tuned),0.6954539652609861
HB-02260,Non-private (tuned),-0.267105962650797
HB-02261,Non-private (tuned),0.203234538408067
HB-02262,Non-private (tuned),1.0702601700564913
HB-02263,Non-private (tuned),-0.32153306445456314
HB-02264,Non-private (tuned),-0.4921112478399856
HB-02265,Non-private (tuned),0.4115865136100252
HB-02266,Non-private (tuned),0.06499106062555327
HB-02267,Non-private (tuned),0.03600809606754968
HB-02268,Non-private (tuned),0.08535696800260556
HB-02269,Non-private (tuned),-0.33084485856644186
HB-02271,Non-private (tuned),0.04658584313673575
HB-02272,Non-private (tuned),0.126345372121067
HB-02273,Non-private (tuned),-0.5547511295865162
HB-02274,Non-private (tuned),-0.5059690671556692
HB-02275,Non-private (tuned),0.4040490571981278
HB-02276,Non-private (tuned),-0.9441585391648515
HB-02277,Non-private (tuned),0.21335965626777303
HB-02278,Non-private (tuned),0.3347234916081978
HB-02279,Non-private (tuned),0.1579695291140632
HB-02280,Non-private (tuned),-0.09127929268096568
HB-02281,Non-private (tuned),0.4631669057775531
HB-02282,Non-private (tuned),0.1832283855880274
HB-02283,Non-private (tuned),0.1412373116662551
HB-02284,Non-private (tuned),-0.0028217646075553438
HB-02285,Non-private (tuned),0.06422261296626486
HB-02286,Non-private (tuned),0.08341643674459015
HB-02287,Non-private (tuned),-0.1877659165024536
HB-02288,Non-private (tuned),-0.010976828810615569
HB-02289,Non-private (tuned),0.3426299107893447
HB-02290,Non-private (tuned),0.44387879907996497
HB-02291,Non-private (tuned),0.4171496283364751
HB-02292,Non-private (tuned),-0.12013341541317477
HB-02293,Non-private (tuned),-0.14827835381530563
HB-02294,Non-private (tuned),0.040923356820408124
HB-02295,Non-private (tuned),0.067212136493851
HB-02296,Non-private (tuned),-0.17404732912982682
HB-02297,Non-private (tuned),-0.5648807436918855
HB-02298,Non-private (tuned),-0.014053516886511463
HB-02299,Non-private (tuned),-0.07018598284713146
HB-02300,Non-private (tuned),-0.5076179603249015
HB-02301,Non-private (tuned),-0.17570263791421842
HB-02302,Non-private (tuned),0.463795423614659
HB-02303,Non-private (tuned),-0.4684967152373004
HB-02305,Non-private (tuned),0.36952491302904905
HB-02306,Non-private (tuned),0.7214085820821533
HB-02307,Non-private (tuned),-0.41390563886975434
HB-02310,Non-private (tuned),-0.12376891165606671
HB-02311,Non-private (tuned),0.2548474339540809
HB-02312,Non-private (tuned),0.3146647138422449
HB-02313,Non-private (tuned),0.25222958041270843
HB-02314,Non-private (tuned),0.43117307396832605
HB-02315,Non-private (tuned),0.3621551800098035
HB-02316,Non-private (tuned),0.5334585712530908
HB-02317,Non-private (tuned),0.5768908460955497
HB-02318,Non-private (tuned),-0.6390292388102787
HB-02319,Non-private (tuned),0.5218234951729197
HB-02320,Non-private (tuned),0.622131936863163
HB-02321,Non-private (tuned),-0.33389219681012794
HB-02322,Non-private (tuned),-0.6941859464399673
HB-02323,Non-private (tuned),-0.19343688923283556
HB-02325,Non-private (tuned),-0.10038549172908012
HB-02326,Non-private (tuned),0.11620918914112231
HB-02327,Non-private (tuned),0.5569248340164707
HB-02329,Non-private (tuned),-0.34263998693381437
HB-02330,Non-private (tuned),0.1832726132972789
HB-02331,Non-private (tuned),-0.2742967881287929
HB-02332,Non-private (tuned),0.5754584724486858
HB-02333,Non-private (tuned),0.3866706235926912
HB-02334,Non-private (tuned),0.2365227419546454
HB-02335,Non-private (tuned),0.15666579770095934
HB-02336,Non-private (tuned),0.36965303247048564
HB-02338,Non-private (tuned),-0.5217558562690068
HB-02339,Non-private (tuned),-0.054171916325101405
HB-02340,Non-private (tuned),0.03956571814302445
HB-02341,Non-private (tuned),-0.6804958884859249
HB-02342,Non-private (tuned),-0.3770721500478089
HB-02343,Non-private (tuned),0.28795615757681325
HB-02344,Non-private (tuned),-0.23202585794730796
HB-02345,Non-private (tuned),-0.08743533824608057
HB-02346,Non-private (tuned),-0.46132780137932056
HB-02347,Non-private (tuned),-0.4359031516235967
HB-02348,Non-private (tuned),-0.1900181682733657
HB-02349,Non-private (tuned),0.3506016846237608
HB-02352,Non-private (tuned),-0.17747984679751844
HB-02353,Non-private (tuned),-0.4262433519156361
HB-02354,Non-private (tuned),0.25566387990624195
HB-02355,Non-private (tuned),0.10364892857381797
HB-02356,Non-private (tuned),0.7494322098367585
HB-02357,Non-private (tuned),0.48195400997606824
HB-02358,Non-private (tuned),0.2078369805335496
HB-02359,Non-private (tuned),-0.24926809839493752
HB-02360,Non-private (tuned),0.5863233198196932
HB-02361,Non-private (tuned),-0.24446276912959483
HB-02362,Non-private (tuned),-0.09987580719801471
HB-02363,Non-private (tuned),-0.06595411581827498
HB-02364,Non-private (tuned),-0.08979058812810559
HB-02365,Non-private (tuned),0.7778791999649824
HB-02366,Non-private (tuned),0.17631752863543515
HB-02368,Non-private (tuned),-0.20646317746267834
HB-02369,Non-private (tuned),-0.42838200025849454
HB-02370,Non-private (tuned),-0.22002982617519418
HB-02371,Non-private (tuned),0.04663561206624395
HB-02372,Non-private (tuned),0.5664473238779677
HB-02373,Non-private (tuned),0.39398923055332363
HB-02374,Non-private (tuned),0.49377208803400763
HB-02376,Non-private (tuned),-0.2743303819486593
HB-02377,Non-private (tuned),-0.13865795665945524
HB-02378,Non-private (tuned),-0.10591430889080172
HB-02379,Non-private (tuned),0.3342027028893102
HB-02380,Non-private (tuned),0.7779133202408003
HB-02381,Non-private (tuned),0.14446598440713637
HB-02382,Non-private (tuned),-0.15383346865288772
HB-02383,Non-private (tuned),-0.5097814875764722
HB-02384,Non-private (tuned),0.22274399667164912
HB-02385,Non-private (tuned),-0.11553709732246661
HB-02386,Non-private (tuned),1.3938654447054994
HB-02387,Non-private (tuned),0.03447880745763654
HB-02388,Non-private (tuned),-0.22113740920666886
HB-02389,Non-private (tuned),0.6805291767309299
HB-02390,Non-private (tuned),0.008108692744633328
HB-02391,Non-private (tuned),0.8884154344735817
HB-02392,Non-private (tuned),-0.3723120315106385
HB-02393,Non-private (tuned),0.8049511625082999
HB-02394,Non-private (tuned),0.2657517326860073
HB-02395,Non-private (tuned),0.02291381906224732
HB-02396,Non-private (tuned),0.4452790095279269
HB-02397,Non-private (tuned),-0.19033590426880587
HB-02398,Non-private (tuned),-0.09888712721459256
HB-02399,Non-private (tuned),-0.1874508226093931
HB-02400,Non-private (tuned),-0.6350972748157238
HB-02401,Non-private (tuned),0.14270679100440298
HB-02403,Non-private (tuned),-0.2637459165328506
HB-02404,Non-private (tuned),-0.11723760606735739
HB-02405,Non-private (tuned),0.11722521529415242
HB-02406,Non-private (tuned),0.0678019125028799
HB-02407,Non-private (tuned),0.4968431500450286
HB-02408,Non-private (tuned),0.2103242630869389
HB-02409,Non-private (tuned),0.22300198360515916
HB-02410,Non-private (tuned),0.04479598952927269
HB-02411,Non-private (tuned),-0.06644647566743789
HB-02412,Non-private (tuned),-0.885280721814272
HB-02413,Non-private (tuned),0.61118523398848
HB-02414,Non-private (tuned),-0.28816187762875095
HB-02415,Non-private (tuned),-0.6547022402901433
HB-02416,Non-private (tuned),-0.25912820788618285
HB-02417,Non-private (tuned),0.37746914632608686
HB-02418,Non-private (tuned),0.19723364566317386
HB-02419,Non-private (tuned),-0.15939090389220875
HB-02420,Non-private (tuned),0.3609062575735564
HB-02421,Non-private (tuned),-0.28257327897146745
HB-02422,Non-private (tuned),0.4085196357338914
HB-02423,Non-private (tuned),-0.01036510529985743
HB-02424,Non-private (tuned),-0.4588721520512809
HB-02425,Non-private (tuned),-0.5259830877798317
HB-02426,Non-private (tuned),-0.35608536842436067
HB-02427,Non-private (tuned),0.17564829487554903
HB-02428,Non-private (tuned),0.3896690852135552
HB-02429,Non-private (tuned),0.500018461137571
HB-02430,Non-private (tuned),-0.3469309067694029
HB-02431,Non-private (tuned),-0.030347443883099512
HB-02432,Non-private (tuned),0.29520297634679105
HB-02433,Non-private (tuned),0.6290323470984089
HB-02435,Non-private (tuned),0.3199909369363784
HB-02437,Non-private (tuned),-0.015861487809402552
HB-02438,Non-private (tuned),0.1737879040958759
HB-02439,Non-private (tuned),0.1642707997797691
HB-02440,Non-private (tuned),0.2826548562883451
HB-02442,Non-private (tuned),-0.5125857924217363
HB-02444,Non-private (tuned),0.28798980997155255
HB-02445,Non-private (tuned),-0.5990856400287188
HB-02448,Non-private (tuned),-0.35656756615379603
HB-02449,Non-private (tuned),0.09890811188813259
HB-02450,Non-private (tuned),0.15704746421510407
HB-02451,Non-private (tuned),-0.3005395915218933
HB-02452,Non-private (tuned),0.5048980123329802
HB-02453,Non-private (tuned),-0.1903155266232135
HB-02454,Non-private (tuned),-0.21052551646857634
HB-02455,Non-private (tuned),0.2611255119145068
HB-02456,Non-private (tuned),-0.06340574792871523
HB-02457,Non-private (tuned),-0.05562514963160481
HB-02458,Non-private (tuned),-0.12172748157373481
HB-02460,Non-private (tuned),0.3479118946493239
HB-02461,Non-private (tuned),-0.25494894739411067
HB-02462,Non-private (tuned),-0.00999045717426611
HB-02463,Non-private (tuned),0.0979465345426237
HB-02464,Non-private (tuned),0.043317969868264875
HB-02465,Non-private (tuned),0.42148278125568617
HB-02466,Non-private (tuned),-0.06046775908959795
HB-02467,Non-private (tuned),0.8218737652568664
HB-02468,Non-private (tuned),-0.028232393179140225
HB-02469,Non-private (tuned),-0.1510739329757191
HB-02470,Non-private (tuned),-0.07021837153523777
HB-02471,Non-private (tuned),-0.25013098969227504
HB-02472,Non-private (tuned),0.24258815992864516
HB-02473,Non-private (tuned),-0.5170441494810258
HB-02474,Non-private (tuned),0.023542176765406597
HB-02475,Non-private (tuned),0.4207306225272488
HB-02476,Non-private (tuned),-0.2700873628038627
HB-02477,Non-private (tuned),0.47759251624308935
HB-02478,Non-private (tuned),-0.20434872047772468
HB-02479,Non-private (tuned),-0.16184632230570162
HB-02480,Non-private (tuned),0.5330994853039226
HB-02481,Non-private (tuned),-0.2692980575995755
HB-02482,Non-private (tuned),-0.02028091237621324
HB-02483,Non-private (tuned),0.20746766300411032
HB-02484,Non-private (tuned),-0.16973200624077622
HB-02485,Non-private (tuned),0.235397577084284
HB-02486,Non-private (tuned),0.3005480986475578
HB-02487,Non-private (tuned),-0.022663611944572642
HB-02488,Non-private (tuned),0.005468598988997181
HB-02489,Non-private (tuned),0.7729494133303798
HB-02491,Non-private (tuned),-0.14373244475370842
HB-02492,Non-private (tuned),-0.30361871842903854
HB-02494,Non-private (tuned),-0.04140237119228107
HB-02495,Non-private (tuned),-0.021559470175103526
HB-02496,Non-private (tuned),-0.029942078689065
HB-02498,Non-private (tuned),-0.2788700223584911
HB-02499,Non-private (tuned),-0.24257774384211894
HB-02501,Non-private (tuned),0.43856402673765477
HB-02502,Non-private (tuned),0.5951611898677115
HB-02503,Non-private (tuned),0.18335614214056217
HB-02504,Non-private (tuned),-0.7512396097400467
HB-02505,Non-private (tuned),-0.3169257741540719
HB-02506,Non-private (tuned),-0.3957615177601436
HB-02508,Non-private (tuned),-0.27741853297736185
HB-02509,Non-private (tuned),-0.39310756030897676
HB-02510,Non-private (tuned),-0.02944951161583309
HB-02511,Non-private (tuned),0.03476798518175983
HB-02512,Non-private (tuned),1.5134179630637945
HB-02513,Non-private (tuned),-0.15715748913847027
HB-02514,Non-private (tuned),0.5352453645748129
HB-02515,Non-private (tuned),-0.24901207914911944
HB-02517,Non-private (tuned),-0.394904902183251
HB-02518,Non-private (tuned),-0.2003922567355139
HB-02519,Non-private (tuned),0.2529515324247513
HB-02520,Non-private (tuned),-0.5512704118135515
HB-02521,Non-private (tuned),0.43377756661213546
HB-02522,Non-private (tuned),0.1710223220019649
HB-02523,Non-private (tuned),0.13399793852615516
HB-02524,Non-private (tuned),-0.17959212842480515
HB-02525,Non-private (tuned),-0.5440508581865633
HB-02526,Non-private (tuned),-0.5974621016439454
HB-02527,Non-private (tuned),0.45971156822905623
HB-02528,Non-private (tuned),-0.40729394226011706
HB-02529,Non-private (tuned),-0.2853721136750391
HB-02530,Non-private (tuned),0.025254449305335797
HB-02531,Non-private (tuned),-0.3900692794113584
HB-02532,Non-private (tuned),0.808675442814879
HB-02534,Non-private (tuned),-0.34517344774219144
HB-02535,Non-private (tuned),0.07808446049380502
HB-02536,Non-private (tuned),-0.6317399720547224
HB-02537,Non-private (tuned),-0.018046547177763272
HB-02538,Non-private (tuned),-0.08168334751161466
HB-02539,Non-private (tuned),0.11251227722074238
HB-02540,Non-private (tuned),-0.8134455000309488
HB-02541,Non-private (tuned),0.006461380012123319
HB-02542,Non-private (tuned),0.28679956958746733
HB-02543,Non-private (tuned),-0.4650861492432931
HB-02544,Non-private (tuned),-0.27643926542878094
HB-02545,Non-private (tuned),0.6988480655928506
HB-02546,Non-private (tuned),-0.504307742469599
HB-02548,Non-private (tuned),0.2508952130397749
HB-02549,Non-private (tuned),0.37355684636948006
HB-02550,Non-private (tuned),-0.2654634560653684
HB-02551,Non-private (tuned),-0.4809656833175825
HB-02552,Non-private (tuned),0.0388184982520664
HB-02554,Non-private (tuned),0.7881354744994251
HB-02555,Non-private (tuned),-0.4419583585583572
HB-02556,Non-private (tuned),-0.3006459485665317
HB-02557,Non-private (tuned),-0.9387622653211353
HB-02558,Non-private (tuned),0.2224997530711031
HB-02559,Non-private (tuned),0.04080717402737971
HB-02561,Non-private (tuned),-0.12382938506535379
HB-02562,Non-private (tuned),-0.3106710024670084
HB-02563,Non-private (tuned),-0.06238151463380873
HB-02565,Non-private (tuned),0.43136743717122195
HB-02566,Non-private (tuned),-0.8260208791042315
HB-02567,Non-private (tuned),0.2252539534393378
HB-02568,Non-private (tuned),0.10286939909160508
HB-02569,Non-private (tuned),-0.5239960996894585
HB-02570,Non-private (tuned),0.061800552514009566
HB-02571,Non-private (tuned),0.2072035083228517
HB-02572,Non-private (tuned),-0.3478990625010987
HB-02573,Non-private (tuned),-0.6619774287383396
HB-02574,Non-private (tuned),0.3984436292141265
HB-02575,Non-private (tuned),-0.19507042503990668
HB-02576,Non-private (tuned),-0.19235000299346713
HB-02577,Non-private (tuned),-0.035519027813384035
HB-02578,Non-private (tuned),-0.20253797975529847
HB-02579,Non-private (tuned),0.8550208468177656
HB-02580,Non-private (tuned),0.45469934438170156
HB-02581,Non-private (tuned),-0.21926467975374786
HB-02582,Non-private (tuned),0.26429398560547007
HB-02583,Non-private (tuned),-0.3540595680808567
HB-02584,Non-private (tuned),-0.16125370570677308
HB-02585,Non-private (tuned),0.4633808297885318
HB-02586,Non-private (tuned),-0.25493657260389085
HB-02587,Non-private (tuned),-0.12747334489006729
HB-02588,Non-private (tuned),-0.6332777263148766
HB-02589,Non-private (tuned),-0.6856098421981873
HB-02590,Non-private (tuned),-0.19628594959279352
HB-02591,Non-private (tuned),0.5916087279082256
HB-02592,Non-private (tuned),-0.6853891434721364
HB-02593,Non-private (tuned),-0.14016116889786173
HB-02594,Non-private (tuned),-0.06446372007041756
HB-02595,Non-private (tuned),-0.38441986178460036
HB-02596,Non-private (tuned),-0.4246906861279019
HB-02597,Non-private (tuned),-0.08557274515448388
HB-02598,Non-private (tuned),0.39615979274143376
HB-02599,Non-private (tuned),0.15355649367790825
HB-02600,Non-private (tuned),-0.3913700579213961
HB-02601,Non-private (tuned),-0.03160226515225817
HB-02602,Non-private (tuned),-0.7293980163717315
HB-02603,Non-private (tuned),0.30776582314887485
HB-02604,Non-private (tuned),-0.20242119876138603
HB-02605,Non-private (tuned),0.34881440501933686
HB-02606,Non-private (tuned),0.30979279159820583
HB-02607,Non-private (tuned),0.01049266934462545
HB-02608,Non-private (tuned),0.3446202836099268
HB-02609,Non-private (tuned),-0.8301117556655497
HB-02610,Non-private (tuned),-0.305895173678262
HB-02611,Non-private (tuned),0.0033605406199138654
HB-02612,Non-private (tuned),0.505465339026504
HB-02613,Non-private (tuned),-0.1550003672813055
HB-02614,Non-private (tuned),0.14165808974013472
HB-02615,Non-private (tuned),0.09356259093179448
HB-02616,Non-private (tuned),0.3378317129313057
HB-02617,Non-private (tuned),0.21179135285035205
HB-02619,Non-private (tuned),0.974366677832032
HB-02620,Non-private (tuned),0.5478713194180772
HB-02621,Non-private (tuned),0.4885091559584867
HB-02622,Non-private (tuned),0.03495643278576721
HB-02623,Non-private (tuned),-0.4121506872722482
HB-02624,Non-private (tuned),0.3420452100642858
HB-02626,Non-private (tuned),0.11129425020256606
HB-02627,Non-private (tuned),-0.13200026118331293
HB-02628,Non-private (tuned),-0.0072383481848662945
HB-02629,Non-private (tuned),-0.3009153926503386
HB-02630,Non-private (tuned),0.8609442686392024
HB-02632,Non-private (tuned),-0.6288503526914933
HB-02633,Non-private (tuned),0.07528825199919492
HB-02635,Non-private (tuned),0.05680406150291867
HB-02636,Non-private (tuned),0.2062189488568282
HB-02637,Non-private (tuned),-0.38762140443250676
HB-02638,Non-private (tuned),-0.17503163725478932
HB-02639,Non-private (tuned),0.07102684870827052
HB-02640,Non-private (tuned),-0.18030102787437813
HB-02643,Non-private (tuned),-0.1290695164601755
HB-02644,Non-private (tuned),0.09967134955222146
HB-02645,Non-private (tuned),-0.28005352284277146
HB-02646,Non-private (tuned),0.3223157288067429
HB-02647,Non-private (tuned),0.37826130681882647
HB-02648,Non-private (tuned),-0.016697088064509785
HB-02649,Non-private (tuned),-0.2176509149764067
HB-02650,Non-private (tuned),0.5388008352884696
HB-02652,Non-private (tuned),0.04420867968143585
HB-02653,Non-private (tuned),0.22968368638100087
HB-02654,Non-private (tuned),-0.212726844907723
HB-02655,Non-private (tuned),-0.35241442486866176
HB-02656,Non-private (tuned),-0.21409181546280934
HB-02657,Non-private (tuned),-0.04438065153710413
HB-02658,Non-private (tuned),-0.11328023084093727
HB-02659,Non-private (tuned),0.03864859159370393
HB-02660,Non-private (tuned),-0.3422785779010675
HB-02661,Non-private (tuned),-0.22497795459941938
HB-02662,Non-private (tuned),-0.36308904639173356
HB-02663,Non-private (tuned),0.08848095930209249
HB-02664,Non-private (tuned),0.2824474893053774
HB-02666,Non-private (tuned),-0.22580089983563983
HB-02667,Non-private (tuned),0.2757449388265908
HB-02668,Non-private (tuned),0.004959153546109374
HB-02669,Non-private (tuned),0.16274044870906898
HB-02670,Non-private (tuned),-0.08698991584613167
HB-02671,Non-private (tuned),0.27643526621788794
HB-02673,Non-private (tuned),0.3019921957255138
HB-02674,Non-private (tuned),0.46722723434780983
HB-02675,Non-private (tuned),-0.36922780602637045
HB-02676,Non-private (tuned),0.556915339081201
HB-02678,Non-private (tuned),0.052610252751154885
HB-02679,Non-private (tuned),0.0015852450290155251
HB-02680,Non-private (tuned),-0.2668927916536261
HB-02681,Non-private (tuned),-0.19914852331354888
HB-02682,Non-private (tuned),-0.6310594565007946
HB-02683,Non-private (tuned),0.711435432836774
HB-02684,Non-private (tuned),0.013859335860145872
HB-02685,Non-private (tuned),-0.14133370564407727
HB-02686,Non-private (tuned),1.0852836737898302
HB-02687,Non-private (tuned),-0.39560150028019764
HB-02689,Non-private (tuned),-0.24808970058297686
HB-02690,Non-private (tuned),-0.2516869559059593
HB-02692,Non-private (tuned),0.0025072491098878658
HB-02693,Non-private (tuned),-0.019871405352210436
HB-02694,Non-private (tuned),-0.3294048027570321
HB-02695,Non-private (tuned),0.12448343897128156
HB-02696,Non-private (tuned),-0.04704148935599167
HB-02697,Non-private (tuned),-0.08264861799126269
HB-02698,Non-private (tuned),-0.3116298527256103
HB-02700,Non-private (tuned),0.35170977969521167
HB-02701,Non-private (tuned),0.3657146372723088
HB-02703,Non-private (tuned),-0.4691908461861325
HB-02705,Non-private (tuned),-0.12841997831732327
HB-02706,Non-private (tuned),0.46721374589534265
HB-02707,Non-private (tuned),-0.30942506921778923
HB-02708,Non-private (tuned),0.03372230752206343
HB-02709,Non-private (tuned),-0.4092982792828014
HB-02711,Non-private (tuned),-0.19717817841772647
HB-02712,Non-private (tuned),0.1511116793208816
HB-02713,Non-private (tuned),0.24185304954899356
HB-02714,Non-private (tuned),-0.09266632672378755
HB-02715,Non-private (tuned),0.8360790372830977
HB-02716,Non-private (tuned),-0.06402427720966675
HB-02717,Non-private (tuned),0.24487054949010442
HB-02718,Non-private (tuned),0.12954332923638368
HB-02719,Non-private (tuned),-0.04539095049014602
HB-02720,Non-private (tuned),0.35271301951126244
HB-02721,Non-private (tuned),-0.19605662129261453
HB-02723,Non-private (tuned),-0.2874631809917328
HB-02726,Non-private (tuned),-1.0376077258070073
HB-02727,Non-private (tuned),-0.04930598741145534
HB-02728,Non-private (tuned),0.04800516530692239
HB-02729,Non-private (tuned),0.04961623400555648
HB-02730,Non-private (tuned),0.024730714819686778
HB-02731,Non-private (tuned),0.03776279856316983
HB-02732,Non-private (tuned),-0.3900175496097944
HB-02733,Non-private (tuned),0.322687319765907
HB-02734,Non-private (tuned),0.3065828957199846
HB-02735,Non-private (tuned),-0.7482892120493481
HB-02736,Non-private (tuned),0.027665734541294867
HB-02737,Non-private (tuned),-0.02510421623561848
HB-02738,Non-private (tuned),-0.33293228484902204
HB-02739,Non-private (tuned),0.41398162019271323
HB-02740,Non-private (tuned),-0.18161153618103168
HB-02741,Non-private (tuned),-0.24180448872421
HB-02742,Non-private (tuned),0.9824701462141742
HB-02743,Non-private (tuned),-0.25991049168889335
HB-02744,Non-private (tuned),0.3228116957896152
HB-02745,Non-private (tuned),0.059120078891135935
HB-02746,Non-private (tuned),0.21476783691959173
HB-02747,Non-private (tuned),0.07733808083486671
HB-02748,Non-private (tuned),0.40446305975114233
HB-02749,Non-private (tuned),-0.6665179552621208
HB-02750,Non-private (tuned),0.0813644405708207
HB-02751,Non-private (tuned),-0.6183454014454707
HB-02752,Non-private (tuned),-0.03839984548304398
HB-02753,Non-private (tuned),-0.17053511132108468
HB-02754,Non-private (tuned),-0.2853010395178152
HB-02755,Non-private (tuned),0.31772238221488214
HB-02756,Non-private (tuned),-0.07341395276396012
HB-02757,Non-private (tuned),-0.0040116629446286245
HB-02758,Non-private (tuned),-0.208505968672598
HB-02759,Non-private (tuned),0.203506140003414
HB-02761,Non-private (tuned),-0.11438008164721614
HB-02762,Non-private (tuned),-0.38882110654046664
HB-02763,Non-private (tuned),-0.18358789291298777
HB-02764,Non-private (tuned),0.34480380103796665
HB-02766,Non-private (tuned),0.7850147010625621
HB-02767,Non-private (tuned),-0.858161549865225
HB-02768,Non-private (tuned),0.3611305428509438
HB-02769,Non-private (tuned),0.13852473387369119
HB-02770,Non-private (tuned),-0.31524731645005905
HB-02771,Non-private (tuned),-0.24426910919190364
HB-02772,Non-private (tuned),-0.8338242499447197
HB-02773,Non-private (tuned),0.06791747281279253
HB-02774,Non-private (tuned),-0.061617815393911424
HB-02775,Non-private (tuned),0.21836371751335001
HB-02776,Non-private (tuned),-0.0855359401242044
HB-02777,Non-private (tuned),0.5946566301453805
HB-02778,Non-private (tuned),-0.11350304790072319
HB-02779,Non-private (tuned),0.07936146336209217
HB-02780,Non-private (tuned),-0.0002962651734923494
HB-02781,Non-private (tuned),-0.5219839730595289
HB-02782,Non-private (tuned),-0.08370272043892701
HB-02783,Non-private (tuned),-0.17778419219817776
HB-02784,Non-private (tuned),0.2699081293219479
HB-02785,Non-private (tuned),-0.047799373467426354
HB-02786,Non-private (tuned),-0.06927571874617025
HB-02787,Non-private (tuned),-0.29286252347439184
HB-02788,Non-private (tuned),-0.20374277080676684
HB-02789,Non-private (tuned),-0.7381589260229147
HB-02790,Non-private (tuned),0.03505879615842372
HB-02791,Non-private (tuned),0.3729385614196261
HB-02792,Non-private (tuned),0.23948813901985666
HB-02793,Non-private (tuned),0.44744312862873215
HB-02794,Non-private (tuned),-0.20002559732754238
HB-02795,Non-private (tuned),0.05381437076806084
HB-02797,Non-private (tuned),0.36660442949348954
HB-02798,Non-private (tuned),-4.435804677709145
HB-02799,Non-private (tuned),0.10958784949684247
HB-02800,Non-private (tuned),0.637707901415067
HB-02801,Non-private (tuned),0.2233633123124199
HB-02802,Non-private (tuned),0.08691222579851754
HB-02803,Non-private (tuned),-0.2587101926601653
HB-02804,Non-private (tuned),-0.09725638994568642
HB-02805,Non-private (tuned),-0.1075980218559896
HB-02806,Non-private (tuned),0.4169911259962597
HB-02807,Non-private (tuned),-0.8256553446660975
HB-02808,Non-private (tuned),-0.08815096511761722
HB-02809,Non-private (tuned),-0.10450402190831276
HB-02810,Non-private (tuned),0.08580424113684731
HB-02811,Non-private (tuned),0.3008477502989343
HB-02812,Non-private (tuned),0.3801845317810989
HB-02813,Non-private (tuned),0.33719405707737615
HB-02814,Non-private (tuned),0.034207932702525645
HB-02815,Non-private (tuned),-0.2452465067101977
HB-02816,Non-private (tuned),0.18033762583481885
HB-02818,Non-private (tuned),-0.4069635425975431
HB-02819,Non-private (tuned),0.07300685835797871
HB-02820,Non-private (tuned),0.29565034179370797
HB-02821,Non-private (tuned),-0.6154717679675606
HB-02822,Non-private (tuned),-0.0929577173836302
HB-02823,Non-private (tuned),0.05909824543320666
HB-02824,Non-private (tuned),0.24073194986060448
HB-02825,Non-private (tuned),0.21712920994088308
HB-02826,Non-private (tuned),-0.09959041897362586
HB-02828,Non-private (tuned),0.7879362459263655
HB-02829,Non-private (tuned),0.654208644631648
HB-02830,Non-private (tuned),0.7032662224456895
HB-02831,Non-private (tuned),0.6217975715706356
HB-02832,Non-private (tuned),-0.3125518736425365
HB-02833,Non-private (tuned),-0.4529738947578909
HB-02834,Non-private (tuned),-0.04685570775347514
HB-02837,Non-private (tuned),0.21614971558949603
HB-02838,Non-private (tuned),0.2545728952678542
HB-02839,Non-private (tuned),0.016807494178716742
HB-02840,Non-private (tuned),0.13772417521055355
HB-02841,Non-private (tuned),0.05203034669657178
HB-02842,Non-private (tuned),-0.6963120020487941
HB-02843,Non-private (tuned),-0.4603604158912732
HB-02844,Non-private (tuned),-0.15719842957542696
HB-02845,Non-private (tuned),0.3322643513923059
HB-02846,Non-private (tuned),-0.035135395582369916
HB-02847,Non-private (tuned),0.00011337929196703067
HB-02848,Non-private (tuned),0.03284063306639462
HB-02849,Non-private (tuned),-0.007013544943610284
HB-02850,Non-private (tuned),0.06364287792885231
HB-02851,Non-private (tuned),-0.2157681889443716
HB-02852,Non-private (tuned),-0.1496582940025752
HB-02853,Non-private (tuned),-0.02451045712830735
HB-02854,Non-private (tuned),-0.5921442206412667
HB-02855,Non-private (tuned),0.9133866424199727
HB-02856,Non-private (tuned),-0.061175211749640024
HB-02857,Non-private (tuned),-0.029104374495532964
HB-02858,Non-private (tuned),0.6458544016872592
HB-02860,Non-private (tuned),-0.5984574742216074
HB-02861,Non-private (tuned),0.07666264927822955
HB-02862,Non-private (tuned),-0.2473898145032661
HB-02863,Non-private (tuned),-0.13724509935817295
HB-02864,Non-private (tuned),-0.5373203512538236
HB-02865,Non-private (tuned),-0.25809492226893127
HB-02866,Non-private (tuned),0.12647223378247657
HB-02867,Non-private (tuned),0.14197608413376916
HB-02868,Non-private (tuned),-0.1554592559769115
HB-02869,Non-private (tuned),-0.03876909149032176
HB-02871,Non-private (tuned),0.15471736484665263
HB-02872,Non-private (tuned),0.31493685575566976
HB-02873,Non-private (tuned),-0.41095599122459814
HB-02874,Non-private (tuned),0.7459577385146495
HB-02875,Non-private (tuned),-0.27942061146375374
HB-02878,Non-private (tuned),0.18814754216464333
HB-02879,Non-private (tuned),-0.1888102626985519
HB-02880,Non-private (tuned),0.7127556363892008
HB-02881,Non-private (tuned),-0.2160288838143566
HB-02882,Non-private (tuned),0.03271296876518015
HB-02883,Non-private (tuned),-0.3539891438733648
HB-02884,Non-private (tuned),0.7188949180523656
HB-02885,Non-private (tuned),0.03569421006029405
HB-02886,Non-private (tuned),-0.1727885724095796
HB-02887,Non-private (tuned),-0.061835899642795566
HB-02888,Non-private (tuned),-0.02220056461633474
HB-02889,Non-private (tuned),-0.4491290438942446
HB-02890,Non-private (tuned),0.30699930172542866
HB-02891,Non-private (tuned),-0.6078851494779611
HB-02893,Non-private (tuned),-0.0028191157892024643
HB-02894,Non-private (tuned),0.3405592219401222
HB-02895,Non-private (tuned),0.04825847587858462
HB-02896,Non-private (tuned),-0.02471078413795441
HB-02897,Non-private (tuned),0.06674334172034639
HB-02899,Non-private (tuned),-0.9353682724523225
HB-02900,Non-private (tuned),-0.44313299065565637
HB-02901,Non-private (tuned),0.0115427472794766
HB-02902,Non-private (tuned),-0.03687658005338401
HB-02903,Non-private (tuned),-0.14328504852279794
HB-02904,Non-private (tuned),-1.0122321491395185
HB-02905,Non-private (tuned),-0.2919935502197761
HB-02906,Non-private (tuned),0.08380641137220934
HB-02907,Non-private (tuned),-0.13209952899161115
HB-02908,Non-private (tuned),0.2538972833202952
HB-02909,Non-private (tuned),0.6737940818105206
HB-02910,Non-private (tuned),0.5973446833998058
HB-02911,Non-private (tuned),-0.43775241426553047
HB-02912,Non-private (tuned),0.04056775262183632
HB-02913,Non-private (tuned),-0.3091286563317919
HB-02914,Non-private (tuned),-0.3389117740755083
HB-02915,Non-private (tuned),0.3168729558539173
HB-02916,Non-private (tuned),-2.1430898455828515
HB-02917,Non-private (tuned),-0.28769300959241584
HB-02918,Non-private (tuned),-0.1637595006707604
HB-02919,Non-private (tuned),-0.5925756923471865
HB-02920,Non-private (tuned),0.0969261543233621
HB-02922,Non-private (tuned),0.2434355109431452
HB-02923,Non-private (tuned),-0.13202131451958826
HB-02924,Non-private (tuned),0.13284202482606627
HB-02925,Non-private (tuned),-1.0780649777485085
HB-02926,Non-private (tuned),0.3258106093798534
HB-02927,Non-private (tuned),0.5277675844786947
HB-02928,Non-private (tuned),0.23355924719822876
HB-02929,Non-private (tuned),-0.3071109931681282
HB-02930,Non-private (tuned),-0.3222952605306907
HB-02931,Non-private (tuned),0.7266047256570962
HB-02932,Non-private (tuned),-0.01664489821139631
HB-02933,Non-private (tuned),0.5796245737497443
HB-02935,Non-private (tuned),-0.1624594338687696
HB-02936,Non-private (tuned),-0.15717998947941525
HB-02937,Non-private (tuned),0.09205131336585959
HB-02938,Non-private (tuned),-0.19994303239671468
HB-02939,Non-private (tuned),-0.5911671381995004
HB-02940,Non-private (tuned),0.09745499321789836
HB-02941,Non-private (tuned),-0.6933442777497608
HB-02943,Non-private (tuned),0.06872426092867456
HB-02944,Non-private (tuned),0.05988542826131993
HB-02945,Non-private (tuned),-0.06376429630766658
HB-02946,Non-private (tuned),-0.5671736867510527
HB-02947,Non-private (tuned),0.14753815943779963
HB-02948,Non-private (tuned),0.09928326186239522
HB-02949,Non-private (tuned),-0.30760836274532677
HB-02950,Non-private (tuned),0.5071936740030709
HB-02951,Non-private (tuned),-0.4310629362325179
HB-02952,Non-private (tuned),0.15712465630341926
HB-02953,Non-private (tuned),0.9310472051495907
HB-02954,Non-private (tuned),-0.16012162348094422
HB-02955,Non-private (tuned),-0.14860616829484752
HB-02956,Non-private (tuned),-0.02139464761605306
HB-02957,Non-private (tuned),-0.14825357300378586
HB-02958,Non-private (tuned),-0.19993967080875352
HB-02959,Non-private (tuned),-0.29543639359465146
HB-02960,Non-private (tuned),-0.30660984880255115
HB-02961,Non-private (tuned),-0.008592823224968791
HB-02962,Non-private (tuned),0.10772137019610611
HB-02963,Non-private (tuned),-0.013341186551499074
HB-02964,Non-private (tuned),0.2109587010270631
HB-02965,Non-private (tuned),-0.015770066487249934
HB-02966,Non-private (tuned),0.4829195676561405
HB-02967,Non-private (tuned),-0.3796560065183062
HB-02968,Non-private (tuned),0.23524905591898104
HB-02969,Non-private (tuned),0.03526383262655943
HB-02970,Non-private (tuned),0.08506947011145133
HB-02972,Non-private (tuned),-0.32940485085542914
HB-02973,Non-private (tuned),-0.3226721978431952
HB-02974,Non-private (tuned),0.01897077330358289
HB-02975,Non-private (tuned),0.29764651904123224
HB-02976,Non-private (tuned),-0.3236352137508415
HB-02978,Non-private (tuned),0.27114167791591887
HB-02979,Non-private (tuned),-0.17311901869797947
HB-02980,Non-private (tuned),-0.3394094215557587
HB-02981,Non-private (tuned),-0.09360675051504858
HB-02982,Non-private (tuned),0.07491431501786733
HB-02983,Non-private (tuned),-0.6478497182513905
HB-02984,Non-private (tuned),-0.2869562983750217
HB-02985,Non-private (tuned),-0.40304783767967445
HB-02986,Non-private (tuned),0.2270193543341678
HB-02988,Non-private (tuned),0.5271013694162133
HB-02989,Non-private (tuned),0.6049626279170798
HB-02991,Non-private (tuned),-0.13349209075527851
HB-02992,Non-private (tuned),0.060777126626785305
HB-02993,Non-private (tuned),-0.3425326311035167
HB-02994,Non-private (tuned),0.20943396896484345
HB-02995,Non-private (tuned),-0.36071285946919496
HB-02996,Non-private (tuned),0.11860218829397279
HB-02997,Non-private (tuned),0.4124776120818003
HB-02998,Non-private (tuned),-1.2198681509575793
HB-02999,Non-private (tuned),0.011612616878081128
HB-03000,Non-private (tuned),-0.14512329072509386
