seed,target,attack,fpr,tpr
0,Non-private (overfit),confidence,0.00031622776601683794,0.0002781633126999964
0,Non-private (overfit),confidence,0.00033838551534282334,0.0002976539255330391
0,Non-private (overfit),confidence,0.0003620958350245917,0.0003185102252531131
0,Non-private (overfit),confidence,0.0003874675120456132,0.00034082790411419685
0,Non-private (overfit),confidence,0.0004146169559796819,0.00036470935942657206
0,Non-private (overfit),confidence,0.0004436687330978611,0.0003902641633731186
0,Non-private (overfit),confidence,0.00047475613789974203,0.00041760956574514354
0,Non-private (overfit),confidence,0.0005080218046913023,0.00044687103190438636
0,Non-private (overfit),confidence,0.0005436183620153838,0.00047818281843945803
0,Non-private (overfit),confidence,0.0005817091329374358,0.0005116885891579297
0,Non-private (overfit),confidence,0.000622468884399544,0.0005475420742403397
0,Non-private (overfit),confidence,0.0006660846290809161,0.0005859077755804356
0,Non-private (overfit),confidence,0.0007127564834438914,0.0006269617215478676
0,Non-private (overfit),confidence,0.0007626985859023443,0.0006708922746363215
0,Non-private (overfit),confidence,0.0008161400793251826,0.0007179009957027071
0,Non-private (overfit),confidence,0.0008733261623828437,0.0007682035687626868
0,Non-private (overfit),confidence,0.0009345192145605374,0.000822030790585658
0,Non-private (overfit),confidence,0.001,0.0008796296296296297
0,Non-private (overfit),confidence,0.0010700689556931745,0.0009412643591745518
0,Non-private (overfit),confidence,0.0011450475699382812,0.0010072177698531178
0,Non-private (overfit),confidence,0.0012252798573828651,0.0010777924671423352
0,Non-private (overfit),confidence,0.0013111339374215643,0.0011533122597689688
0,Non-private (overfit),confidence,0.0014030037231905735,0.0012341236453991158
0,Non-private (overfit),confidence,0.0015013107289081743,0.0013205974004284868
0,Non-private (overfit),confidence,0.0016065060038537287,0.001413130281167632
0,Non-private (overfit),confidence,0.0017190722018585747,0.0015121468442274501
0,Non-private (overfit),confidence,0.0018395257958039712,0.0016181013944571972
0,Non-private (overfit),confidence,0.0019684194472866113,0.0017314800693724825
0,Non-private (overfit),confidence,0.00210634454232412,0.0018528030696369577
0,Non-private (overfit),confidence,0.002253933904734791,0.0019826270458315294
0,Non-private (overfit),confidence,0.002411864699640997,0.0021215476524619886
0,Non-private (overfit),confidence,0.0025808615404180743,0.0022702022809233066
0,Non-private (overfit),confidence,0.002761699813343849,0.0024292729839598677
0,Non-private (overfit),confidence,0.002955209235202888,0.002599489605039578
0,Non-private (overfit),confidence,0.0031622776601683794,0.002781633126999964
0,Non-private (overfit),confidence,0.003383855153428233,0.0029765392553303908
0,Non-private (overfit),confidence,0.0036209583502459165,0.003185102252531131
0,Non-private (overfit),confidence,0.0038746751204561283,0.0034082790411419654
0,Non-private (overfit),confidence,0.004146169559796819,0.003647093594265721
0,Non-private (overfit),confidence,0.004436687330978612,0.0039026416337311865
0,Non-private (overfit),confidence,0.004747561378997425,0.00417609565745144
0,Non-private (overfit),confidence,0.005080218046913023,0.004468710319043863
0,Non-private (overfit),confidence,0.005436183620153837,0.00478182818439458
0,Non-private (overfit),confidence,0.005817091329374358,0.005116885891579297
0,Non-private (overfit),confidence,0.006224688843995439,0.0054754207424033965
0,Non-private (overfit),confidence,0.006660846290809154,0.0058590777558043495
0,Non-private (overfit),confidence,0.007127564834438914,0.006269617215478676
0,Non-private (overfit),confidence,0.007626985859023444,0.006708922746363215
0,Non-private (overfit),confidence,0.008161400793251826,0.0071790099570270705
0,Non-private (overfit),confidence,0.008733261623828438,0.007682035687626868
0,Non-private (overfit),confidence,0.009345192145605374,0.00899539212168346
0,Non-private (overfit),confidence,0.01,0.01
0,Non-private (overfit),confidence,0.010700689556931747,0.01
0,Non-private (overfit),confidence,0.011450475699382817,0.011959522581790375
0,Non-private (overfit),confidence,0.012252798573828645,0.0125
0,Non-private (overfit),confidence,0.013111339374215644,0.014445015102205777
0,Non-private (overfit),confidence,0.014030037231905735,0.017916666666666668
0,Non-private (overfit),confidence,0.015013107289081735,0.020416666666666666
0,Non-private (overfit),confidence,0.01606506003853728,0.0213313250481716
0,Non-private (overfit),confidence,0.017190722018585746,0.022916666666666665
0,Non-private (overfit),confidence,0.01839525795803971,0.02625
0,Non-private (overfit),confidence,0.019684194472866123,0.027916666666666666
0,Non-private (overfit),confidence,0.02106344542324121,0.029166666666666667
0,Non-private (overfit),confidence,0.022539339047347912,0.03
0,Non-private (overfit),confidence,0.024118646996409972,0.03208333333333333
0,Non-private (overfit),confidence,0.02580861540418074,0.034166666666666665
0,Non-private (overfit),confidence,0.02761699813343848,0.035416666666666666
0,Non-private (overfit),confidence,0.029552092352028863,0.037083333333333336
0,Non-private (overfit),confidence,0.03162277660168379,0.03958333333333333
0,Non-private (overfit),confidence,0.033838551534282335,0.04125
0,Non-private (overfit),confidence,0.03620958350245917,0.04416666666666667
0,Non-private (overfit),confidence,0.03874675120456132,0.04666666666666667
0,Non-private (overfit),confidence,0.04146169559796819,0.050416666666666665
0,Non-private (overfit),confidence,0.044366873309786115,0.055
0,Non-private (overfit),confidence,0.047475613789974204,0.058333333333333334
0,Non-private (overfit),confidence,0.05080218046913023,0.06125
0,Non-private (overfit),confidence,0.05436183620153837,0.06625
0,Non-private (overfit),confidence,0.058170913293743576,0.06875
0,Non-private (overfit),confidence,0.0622468884399544,0.07416666666666667
0,Non-private (overfit),confidence,0.06660846290809161,0.07791666666666666
0,Non-private (overfit),confidence,0.07127564834438914,0.08291666666666667
0,Non-private (overfit),confidence,0.07626985859023444,0.0875
0,Non-private (overfit),confidence,0.08161400793251826,0.09166666666666666
0,Non-private (overfit),confidence,0.08733261623828428,0.09916666666666667
0,Non-private (overfit),confidence,0.09345192145605374,0.105
0,Non-private (overfit),confidence,0.1,0.11625
0,Non-private (overfit),confidence,0.10700689556931746,0.12375
0,Non-private (overfit),confidence,0.11450475699382812,0.1325
0,Non-private (overfit),confidence,0.12252798573828651,0.13958333333333334
0,Non-private (overfit),confidence,0.13111339374215644,0.15125
0,Non-private (overfit),confidence,0.14030037231905734,0.16
0,Non-private (overfit),confidence,0.15013107289081729,0.17041666666666666
0,Non-private (overfit),confidence,0.16065060038537288,0.17958333333333334
0,Non-private (overfit),confidence,0.17190722018585747,0.19541666666666666
0,Non-private (overfit),confidence,0.18395257958039712,0.20833333333333334
0,Non-private (overfit),confidence,0.19684194472866112,0.22458333333333333
0,Non-private (overfit),confidence,0.210634454232412,0.23375
0,Non-private (overfit),confidence,0.22539339047347912,0.24208333333333334
0,Non-private (overfit),confidence,0.24118646996409973,0.2608333333333333
0,Non-private (overfit),confidence,0.2580861540418074,0.2708333333333333
0,Non-private (overfit),confidence,0.27616998133438464,0.28875
0,Non-private (overfit),confidence,0.2955209235202888,0.30666666666666664
0,Non-private (overfit),confidence,0.31622776601683794,0.3225
0,Non-private (overfit),confidence,0.33838551534282335,0.34208333333333335
0,Non-private (overfit),confidence,0.36209583502459164,0.36541666666666667
0,Non-private (overfit),confidence,0.3874675120456132,0.39416666666666667
0,Non-private (overfit),confidence,0.4146169559796819,0.41625
0,Non-private (overfit),confidence,0.44366873309786115,0.4533333333333333
0,Non-private (overfit),confidence,0.474756137899742,0.4845833333333333
0,Non-private (overfit),confidence,0.5080218046913023,0.5204166666666666
0,Non-private (overfit),confidence,0.5436183620153837,0.55875
0,Non-private (overfit),confidence,0.5817091329374358,0.59
0,Non-private (overfit),confidence,0.622468884399544,0.6229166666666667
0,Non-private (overfit),confidence,0.6660846290809154,0.6666666666666666
0,Non-private (overfit),confidence,0.7127564834438914,0.71625
0,Non-private (overfit),confidence,0.7626985859023444,0.7608333333333334
0,Non-private (overfit),confidence,0.8161400793251826,0.8125
0,Non-private (overfit),confidence,0.8733261623828429,0.87125
0,Non-private (overfit),confidence,0.9345192145605374,0.935
0,Non-private (overfit),confidence,1.0,1.0
0,Non-private (overfit),neg_entropy,0.00031622776601683794,0.0002781633126999964
0,Non-private (overfit),neg_entropy,0.00033838551534282334,0.0002976539255330391
0,Non-private (overfit),neg_entropy,0.0003620958350245917,0.0003185102252531131
0,Non-private (overfit),neg_entropy,0.0003874675120456132,0.00034082790411419685
0,Non-private (overfit),neg_entropy,0.0004146169559796819,0.00036470935942657206
0,Non-private (overfit),neg_entropy,0.0004436687330978611,0.0003902641633731186
0,Non-private (overfit),neg_entropy,0.00047475613789974203,0.00041760956574514354
0,Non-private (overfit),neg_entropy,0.0005080218046913023,0.00044687103190438636
0,Non-private (overfit),neg_entropy,0.0005436183620153838,0.00047818281843945803
0,Non-private (overfit),neg_entropy,0.0005817091329374358,0.0005116885891579297
0,Non-private (overfit),neg_entropy,0.000622468884399544,0.0005475420742403397
0,Non-private (overfit),neg_entropy,0.0006660846290809161,0.0005859077755804356
0,Non-private (overfit),neg_entropy,0.0007127564834438914,0.0006269617215478676
0,Non-private (overfit),neg_entropy,0.0007626985859023443,0.0006708922746363215
0,Non-private (overfit),neg_entropy,0.0008161400793251826,0.0007179009957027071
0,Non-private (overfit),neg_entropy,0.0008733261623828437,0.0007682035687626868
0,Non-private (overfit),neg_entropy,0.0009345192145605374,0.000822030790585658
0,Non-private (overfit),neg_entropy,0.001,0.0008796296296296297
0,Non-private (overfit),neg_entropy,0.0010700689556931745,0.0009412643591745518
0,Non-private (overfit),neg_entropy,0.0011450475699382812,0.0010072177698531178
0,Non-private (overfit),neg_entropy,0.0012252798573828651,0.0010777924671423352
0,Non-private (overfit),neg_entropy,0.0013111339374215643,0.0011533122597689688
0,Non-private (overfit),neg_entropy,0.0014030037231905735,0.0012341236453991158
0,Non-private (overfit),neg_entropy,0.0015013107289081743,0.0013205974004284868
0,Non-private (overfit),neg_entropy,0.0016065060038537287,0.001413130281167632
0,Non-private (overfit),neg_entropy,0.0017190722018585747,0.0015121468442274501
0,Non-private (overfit),neg_entropy,0.0018395257958039712,0.0016181013944571972
0,Non-private (overfit),neg_entropy,0.0019684194472866113,0.0017314800693724825
0,Non-private (overfit),neg_entropy,0.00210634454232412,0.0018528030696369577
0,Non-private (overfit),neg_entropy,0.002253933904734791,0.0019826270458315294
0,Non-private (overfit),neg_entropy,0.002411864699640997,0.0021215476524619886
0,Non-private (overfit),neg_entropy,0.0025808615404180743,0.0022702022809233066
0,Non-private (overfit),neg_entropy,0.002761699813343849,0.0024292729839598677
0,Non-private (overfit),neg_entropy,0.002955209235202888,0.002599489605039578
0,Non-private (overfit),neg_entropy,0.0031622776601683794,0.002781633126999964
0,Non-private (overfit),neg_entropy,0.003383855153428233,0.0029765392553303908
0,Non-private (overfit),neg_entropy,0.0036209583502459165,0.003185102252531131
0,Non-private (overfit),neg_entropy,0.0038746751204561283,0.0034082790411419654
0,Non-private (overfit),neg_entropy,0.004146169559796819,0.003647093594265721
0,Non-private (overfit),neg_entropy,0.004436687330978612,0.0039026416337311865
0,Non-private (overfit),neg_entropy,0.004747561378997425,0.00417609565745144
0,Non-private (overfit),neg_entropy,0.005080218046913023,0.004468710319043863
0,Non-private (overfit),neg_entropy,0.005436183620153837,0.00478182818439458
0,Non-private (overfit),neg_entropy,0.005817091329374358,0.005116885891579297
0,Non-private (overfit),neg_entropy,0.006224688843995439,0.0054754207424033965
0,Non-private (overfit),neg_entropy,0.006660846290809154,0.0058590777558043495
0,Non-private (overfit),neg_entropy,0.007127564834438914,0.006269617215478676
0,Non-private (overfit),neg_entropy,0.007626985859023444,0.006708922746363215
0,Non-private (overfit),neg_entropy,0.008161400793251826,0.0071790099570270705
0,Non-private (overfit),neg_entropy,0.008733261623828438,0.007682035687626868
0,Non-private (overfit),neg_entropy,0.009345192145605374,0.00899539212168346
0,Non-private (overfit),neg_entropy,0.01,0.01
0,Non-private (overfit),neg_entropy,0.010700689556931747,0.01
0,Non-private (overfit),neg_entropy,0.011450475699382817,0.011959522581790375
0,Non-private (overfit),neg_entropy,0.012252798573828645,0.0125
0,Non-private (overfit),neg_entropy,0.013111339374215644,0.014445015102205777
0,Non-private (overfit),neg_entropy,0.014030037231905735,0.017916666666666668
0,Non-private (overfit),neg_entropy,0.015013107289081735,0.020416666666666666
0,Non-private (overfit),neg_entropy,0.01606506003853728,0.0213313250481716
0,Non-private (overfit),neg_entropy,0.017190722018585746,0.022916666666666665
0,Non-private (overfit),neg_entropy,0.01839525795803971,0.02625
0,Non-private (overfit),neg_entropy,0.019684194472866123,0.027916666666666666
0,Non-private (overfit),neg_entropy,0.02106344542324121,0.029166666666666667
0,Non-private (overfit),neg_entropy,0.022539339047347912,0.03
0,Non-private (overfit),neg_entropy,0.024118646996409972,0.03208333333333333
0,Non-private (overfit),neg_entropy,0.02580861540418074,0.034166666666666665
0,Non-private (overfit),neg_entropy,0.02761699813343848,0.035416666666666666
0,Non-private (overfit),neg_entropy,0.029552092352028863,0.037083333333333336
0,Non-private (overfit),neg_entropy,0.03162277660168379,0.03958333333333333
0,Non-private (overfit),neg_entropy,0.033838551534282335,0.04125
0,Non-private (overfit),neg_entropy,0.03620958350245917,0.04416666666666667
0,Non-private (overfit),neg_entropy,0.03874675120456132,0.04666666666666667
0,Non-private (overfit),neg_entropy,0.04146169559796819,0.050416666666666665
0,Non-private (overfit),neg_entropy,0.044366873309786115,0.055
0,Non-private (overfit),neg_entropy,0.047475613789974204,0.058333333333333334
0,Non-private (overfit),neg_entropy,0.05080218046913023,0.06125
0,Non-private (overfit),neg_entropy,0.05436183620153837,0.06625
0,Non-private (overfit),neg_entropy,0.058170913293743576,0.06875
0,Non-private (overfit),neg_entropy,0.0622468884399544,0.07416666666666667
0,Non-private (overfit),neg_entropy,0.06660846290809161,0.07791666666666666
0,Non-private (overfit),neg_entropy,0.07127564834438914,0.08291666666666667
0,Non-private (overfit),neg_entropy,0.07626985859023444,0.0875
0,Non-private (overfit),neg_entropy,0.08161400793251826,0.09166666666666666
0,Non-private (overfit),neg_entropy,0.08733261623828428,0.09916666666666667
0,Non-private (overfit),neg_entropy,0.09345192145605374,0.105
0,Non-private (overfit),neg_entropy,0.1,0.11625
0,Non-private (overfit),neg_entropy,0.10700689556931746,0.12375
0,Non-private (overfit),neg_entropy,0.11450475699382812,0.1325
0,Non-private (overfit),neg_entropy,0.12252798573828651,0.13958333333333334
0,Non-private (overfit),neg_entropy,0.13111339374215644,0.15125
0,Non-private (overfit),neg_entropy,0.14030037231905734,0.16
0,Non-private (overfit),neg_entropy,0.15013107289081729,0.17041666666666666
0,Non-private (overfit),neg_entropy,0.16065060038537288,0.17958333333333334
0,Non-private (overfit),neg_entropy,0.17190722018585747,0.19541666666666666
0,Non-private (overfit),neg_entropy,0.18395257958039712,0.20833333333333334
0,Non-private (overfit),neg_entropy,0.19684194472866112,0.22458333333333333
0,Non-private (overfit),neg_entropy,0.210634454232412,0.23375
0,Non-private (overfit),neg_entropy,0.22539339047347912,0.24208333333333334
0,Non-private (overfit),neg_entropy,0.24118646996409973,0.2608333333333333
0,Non-private (overfit),neg_entropy,0.2580861540418074,0.2708333333333333
0,Non-private (overfit),neg_entropy,0.27616998133438464,0.28875
0,Non-private (overfit),neg_entropy,0.2955209235202888,0.30666666666666664
0,Non-private (overfit),neg_entropy,0.31622776601683794,0.3225
0,Non-private (overfit),neg_entropy,0.33838551534282335,0.34208333333333335
0,Non-private (overfit),neg_entropy,0.36209583502459164,0.36541666666666667
0,Non-private (overfit),neg_entropy,0.3874675120456132,0.39416666666666667
0,Non-private (overfit),neg_entropy,0.4146169559796819,0.41625
0,Non-private (overfit),neg_entropy,0.44366873309786115,0.4533333333333333
0,Non-private (overfit),neg_entropy,0.474756137899742,0.4845833333333333
0,Non-private (overfit),neg_entropy,0.5080218046913023,0.5204166666666666
0,Non-private (overfit),neg_entropy,0.5436183620153837,0.55875
0,Non-private (overfit),neg_entropy,0.5817091329374358,0.59
0,Non-private (overfit),neg_entropy,0.622468884399544,0.6229166666666667
0,Non-private (overfit),neg_entropy,0.6660846290809154,0.6666666666666666
0,Non-private (overfit),neg_entropy,0.7127564834438914,0.71625
0,Non-private (overfit),neg_entropy,0.7626985859023444,0.7608333333333334
0,Non-private (overfit),neg_entropy,0.8161400793251826,0.8125
0,Non-private (overfit),neg_entropy,0.8733261623828429,0.87125
0,Non-private (overfit),neg_entropy,0.9345192145605374,0.935
0,Non-private (overfit),neg_entropy,1.0,1.0
0,Non-private (overfit),yeom_neg_loss,0.00031622776601683794,0.0
0,Non-private (overfit),yeom_neg_loss,0.00033838551534282334,0.0
0,Non-private (overfit),yeom_neg_loss,0.0003620958350245917,0.0
0,Non-private (overfit),yeom_neg_loss,0.0003874675120456132,0.0
0,Non-private (overfit),yeom_neg_loss,0.0004146169559796819,0.0
0,Non-private (overfit),yeom_neg_loss,0.0004436687330978611,0.0
0,Non-private (overfit),yeom_neg_loss,0.00047475613789974203,0.0
0,Non-private (overfit),yeom_neg_loss,0.0005080218046913023,0.0
0,Non-private (overfit),yeom_neg_loss,0.0005436183620153838,0.0
0,Non-private (overfit),yeom_neg_loss,0.0005817091329374358,0.0
0,Non-private (overfit),yeom_neg_loss,0.000622468884399544,0.0
0,Non-private (overfit),yeom_neg_loss,0.0006660846290809161,0.0
0,Non-private (overfit),yeom_neg_loss,0.0007127564834438914,0.0
0,Non-private (overfit),yeom_neg_loss,0.0007626985859023443,0.0
0,Non-private (overfit),yeom_neg_loss,0.0008161400793251826,0.0
0,Non-private (overfit),yeom_neg_loss,0.0008733261623828437,0.0
0,Non-private (overfit),yeom_neg_loss,0.0009345192145605374,0.0
0,Non-private (overfit),yeom_neg_loss,0.001,0.0
0,Non-private (overfit),yeom_neg_loss,0.0010700689556931745,0.0
0,Non-private (overfit),yeom_neg_loss,0.0011450475699382812,0.0
0,Non-private (overfit),yeom_neg_loss,0.0012252798573828651,0.0
0,Non-private (overfit),yeom_neg_loss,0.0013111339374215643,0.0
0,Non-private (overfit),yeom_neg_loss,0.0014030037231905735,0.0
0,Non-private (overfit),yeom_neg_loss,0.0015013107289081743,0.0
0,Non-private (overfit),yeom_neg_loss,0.0016065060038537287,0.0
0,Non-private (overfit),yeom_neg_loss,0.0017190722018585747,0.0
0,Non-private (overfit),yeom_neg_loss,0.0018395257958039712,0.0
0,Non-private (overfit),yeom_neg_loss,0.0019684194472866113,0.0
0,Non-private (overfit),yeom_neg_loss,0.00210634454232412,0.0
0,Non-private (overfit),yeom_neg_loss,0.002253933904734791,0.0
0,Non-private (overfit),yeom_neg_loss,0.002411864699640997,0.0
0,Non-private (overfit),yeom_neg_loss,0.0025808615404180743,0.0
0,Non-private (overfit),yeom_neg_loss,0.002761699813343849,0.0020833333333333333
0,Non-private (overfit),yeom_neg_loss,0.002955209235202888,0.0020833333333333333
0,Non-private (overfit),yeom_neg_loss,0.0031622776601683794,0.0020833333333333333
0,Non-private (overfit),yeom_neg_loss,0.003383855153428233,0.0020833333333333333
0,Non-private (overfit),yeom_neg_loss,0.0036209583502459165,0.0020833333333333333
0,Non-private (overfit),yeom_neg_loss,0.0038746751204561283,0.0025
0,Non-private (overfit),yeom_neg_loss,0.004146169559796819,0.002916666666666667
0,Non-private (overfit),yeom_neg_loss,0.004436687330978612,0.002916666666666667
0,Non-private (overfit),yeom_neg_loss,0.004747561378997425,0.002916666666666667
0,Non-private (overfit),yeom_neg_loss,0.005080218046913023,0.0033333333333333335
0,Non-private (overfit),yeom_neg_loss,0.005436183620153837,0.00375
0,Non-private (overfit),yeom_neg_loss,0.005817091329374358,0.00375
0,Non-private (overfit),yeom_neg_loss,0.006224688843995439,0.004583333333333333
0,Non-private (overfit),yeom_neg_loss,0.006660846290809154,0.005
0,Non-private (overfit),yeom_neg_loss,0.007127564834438914,0.007916666666666667
0,Non-private (overfit),yeom_neg_loss,0.007626985859023444,0.007916666666666667
0,Non-private (overfit),yeom_neg_loss,0.008161400793251826,0.01
0,Non-private (overfit),yeom_neg_loss,0.008733261623828438,0.01
0,Non-private (overfit),yeom_neg_loss,0.009345192145605374,0.01
0,Non-private (overfit),yeom_neg_loss,0.01,0.0125
0,Non-private (overfit),yeom_neg_loss,0.010700689556931747,0.01625
0,Non-private (overfit),yeom_neg_loss,0.011450475699382817,0.017916666666666668
0,Non-private (overfit),yeom_neg_loss,0.012252798573828645,0.020416666666666666
0,Non-private (overfit),yeom_neg_loss,0.013111339374215644,0.021666666666666667
0,Non-private (overfit),yeom_neg_loss,0.014030037231905735,0.022916666666666665
0,Non-private (overfit),yeom_neg_loss,0.015013107289081735,0.02625
0,Non-private (overfit),yeom_neg_loss,0.01606506003853728,0.027916666666666666
0,Non-private (overfit),yeom_neg_loss,0.017190722018585746,0.029166666666666667
0,Non-private (overfit),yeom_neg_loss,0.01839525795803971,0.03
0,Non-private (overfit),yeom_neg_loss,0.019684194472866123,0.03208333333333333
0,Non-private (overfit),yeom_neg_loss,0.02106344542324121,0.034166666666666665
0,Non-private (overfit),yeom_neg_loss,0.022539339047347912,0.035416666666666666
0,Non-private (overfit),yeom_neg_loss,0.024118646996409972,0.037083333333333336
0,Non-private (overfit),yeom_neg_loss,0.02580861540418074,0.04125
0,Non-private (overfit),yeom_neg_loss,0.02761699813343848,0.04125
0,Non-private (overfit),yeom_neg_loss,0.029552092352028863,0.044583333333333336
0,Non-private (overfit),yeom_neg_loss,0.03162277660168379,0.04666666666666667
0,Non-private (overfit),yeom_neg_loss,0.033838551534282335,0.051666666666666666
0,Non-private (overfit),yeom_neg_loss,0.03620958350245917,0.057916666666666665
0,Non-private (overfit),yeom_neg_loss,0.03874675120456132,0.059583333333333335
0,Non-private (overfit),yeom_neg_loss,0.04146169559796819,0.06291666666666666
0,Non-private (overfit),yeom_neg_loss,0.044366873309786115,0.0675
0,Non-private (overfit),yeom_neg_loss,0.047475613789974204,0.07
0,Non-private (overfit),yeom_neg_loss,0.05080218046913023,0.07666666666666666
0,Non-private (overfit),yeom_neg_loss,0.05436183620153837,0.07833333333333334
0,Non-private (overfit),yeom_neg_loss,0.058170913293743576,0.08416666666666667
0,Non-private (overfit),yeom_neg_loss,0.0622468884399544,0.08708333333333333
0,Non-private (overfit),yeom_neg_loss,0.06660846290809161,0.09041666666666667
0,Non-private (overfit),yeom_neg_loss,0.07127564834438914,0.1
0,Non-private (overfit),yeom_neg_loss,0.07626985859023444,0.10458333333333333
0,Non-private (overfit),yeom_neg_loss,0.08161400793251826,0.11333333333333333
0,Non-private (overfit),yeom_neg_loss,0.08733261623828428,0.12166666666666667
0,Non-private (overfit),yeom_neg_loss,0.09345192145605374,0.13125
0,Non-private (overfit),yeom_neg_loss,0.1,0.13875
0,Non-private (overfit),yeom_neg_loss,0.10700689556931746,0.15
0,Non-private (overfit),yeom_neg_loss,0.11450475699382812,0.15541666666666668
0,Non-private (overfit),yeom_neg_loss,0.12252798573828651,0.16458333333333333
0,Non-private (overfit),yeom_neg_loss,0.13111339374215644,0.175
0,Non-private (overfit),yeom_neg_loss,0.14030037231905734,0.19041666666666668
0,Non-private (overfit),yeom_neg_loss,0.15013107289081729,0.20083333333333334
0,Non-private (overfit),yeom_neg_loss,0.16065060038537288,0.21625
0,Non-private (overfit),yeom_neg_loss,0.17190722018585747,0.22833333333333333
0,Non-private (overfit),yeom_neg_loss,0.18395257958039712,0.23583333333333334
0,Non-private (overfit),yeom_neg_loss,0.19684194472866112,0.2504166666666667
0,Non-private (overfit),yeom_neg_loss,0.210634454232412,0.2658333333333333
0,Non-private (overfit),yeom_neg_loss,0.22539339047347912,0.2775
0,Non-private (overfit),yeom_neg_loss,0.24118646996409973,0.2966666666666667
0,Non-private (overfit),yeom_neg_loss,0.2580861540418074,0.31375
0,Non-private (overfit),yeom_neg_loss,0.27616998133438464,0.3275
0,Non-private (overfit),yeom_neg_loss,0.2955209235202888,0.3458333333333333
0,Non-private (overfit),yeom_neg_loss,0.31622776601683794,0.37583333333333335
0,Non-private (overfit),yeom_neg_loss,0.33838551534282335,0.39666666666666667
0,Non-private (overfit),yeom_neg_loss,0.36209583502459164,0.4225
0,Non-private (overfit),yeom_neg_loss,0.3874675120456132,0.45916666666666667
0,Non-private (overfit),yeom_neg_loss,0.4146169559796819,0.4945833333333333
0,Non-private (overfit),yeom_neg_loss,0.44366873309786115,0.5320833333333334
0,Non-private (overfit),yeom_neg_loss,0.474756137899742,0.5683333333333334
0,Non-private (overfit),yeom_neg_loss,0.5080218046913023,0.5966666666666667
0,Non-private (overfit),yeom_neg_loss,0.5436183620153837,0.6508333333333334
0,Non-private (overfit),yeom_neg_loss,0.5817091329374358,0.69125
0,Non-private (overfit),yeom_neg_loss,0.622468884399544,0.7383333333333333
0,Non-private (overfit),yeom_neg_loss,0.6660846290809154,0.795
0,Non-private (overfit),yeom_neg_loss,0.7127564834438914,0.8395833333333333
0,Non-private (overfit),yeom_neg_loss,0.7626985859023444,0.8870833333333333
0,Non-private (overfit),yeom_neg_loss,0.8161400793251826,0.9283333333333333
0,Non-private (overfit),yeom_neg_loss,0.8733261623828429,0.9645833333333333
0,Non-private (overfit),yeom_neg_loss,0.9345192145605374,0.9879166666666667
0,Non-private (overfit),yeom_neg_loss,1.0,1.0
0,Non-private (overfit),modified_entropy,0.00031622776601683794,0.0003129337267874959
0,Non-private (overfit),modified_entropy,0.00033838551534282334,0.00033486066622466894
0,Non-private (overfit),modified_entropy,0.0003620958350245917,0.00035832400340975217
0,Non-private (overfit),modified_entropy,0.0003874675120456132,0.00038343139212847145
0,Non-private (overfit),modified_entropy,0.0004146169559796819,0.00041029802935489354
0,Non-private (overfit),modified_entropy,0.0004436687330978611,0.0004390471837947584
0,Non-private (overfit),modified_entropy,0.00047475613789974203,0.0004698107614632864
0,Non-private (overfit),modified_entropy,0.0005080218046913023,0.0005027299108924346
0,Non-private (overfit),modified_entropy,0.0005436183620153838,0.0005379556707443902
0,Non-private (overfit),modified_entropy,0.0005817091329374358,0.0005756496628026708
0,Non-private (overfit),modified_entropy,0.000622468884399544,0.0006159848335203821
0,Non-private (overfit),modified_entropy,0.0006660846290809161,0.00065914624752799
0,Non-private (overfit),modified_entropy,0.0007127564834438914,0.000705331936741351
0,Non-private (overfit),modified_entropy,0.0007626985859023443,0.0007547538089658616
0,Non-private (overfit),modified_entropy,0.0008161400793251826,0.0008076386201655454
0,Non-private (overfit),modified_entropy,0.0008733261623828437,0.0008642290148580225
0,Non-private (overfit),modified_entropy,0.0009345192145605374,0.0009247846394088652
0,Non-private (overfit),modified_entropy,0.001,0.0009895833333333334
0,Non-private (overfit),modified_entropy,0.0010700689556931745,0.0010589224040713707
0,Non-private (overfit),modified_entropy,0.0011450475699382812,0.0011331199910847574
0,Non-private (overfit),modified_entropy,0.0012252798573828651,0.001212516525535127
0,Non-private (overfit),modified_entropy,0.0013111339374215643,0.0012974762922400896
0,Non-private (overfit),modified_entropy,0.0014030037231905735,0.0013883891010740051
0,Non-private (overfit),modified_entropy,0.0015013107289081743,0.0014856720754820476
0,Non-private (overfit),modified_entropy,0.0016065060038537287,0.0015897715663135857
0,Non-private (overfit),modified_entropy,0.0017190722018585747,0.0017011651997558812
0,Non-private (overfit),modified_entropy,0.0018395257958039712,0.0018203640687643465
0,Non-private (overfit),modified_entropy,0.0019684194472866113,0.0019479150780440425
0,Non-private (overfit),modified_entropy,0.00210634454232412,0.0020844034533415772
0,Non-private (overfit),modified_entropy,0.002253933904734791,0.00223045542656047
0,Non-private (overfit),modified_entropy,0.002411864699640997,0.0023867411090197368
0,Non-private (overfit),modified_entropy,0.0025808615404180743,0.0025539775660387196
0,Non-private (overfit),modified_entropy,0.002761699813343849,0.0027329321069548508
0,Non-private (overfit),modified_entropy,0.002955209235202888,0.0029244258056695246
0,Non-private (overfit),modified_entropy,0.0031622776601683794,0.003129337267874959
0,Non-private (overfit),modified_entropy,0.003383855153428233,0.003348606662246689
0,Non-private (overfit),modified_entropy,0.0036209583502459165,0.003583240034097522
0,Non-private (overfit),modified_entropy,0.0038746751204561283,0.0038343139212847106
0,Non-private (overfit),modified_entropy,0.004146169559796819,0.004102980293548936
0,Non-private (overfit),modified_entropy,0.004436687330978612,0.0043904718379475845
0,Non-private (overfit),modified_entropy,0.004747561378997425,0.004698107614632869
0,Non-private (overfit),modified_entropy,0.005080218046913023,0.005027299108924346
0,Non-private (overfit),modified_entropy,0.005436183620153837,0.005379556707443901
0,Non-private (overfit),modified_entropy,0.005817091329374358,0.005756496628026709
0,Non-private (overfit),modified_entropy,0.006224688843995439,0.00615984833520382
0,Non-private (overfit),modified_entropy,0.006660846290809154,0.006591462475279893
0,Non-private (overfit),modified_entropy,0.007127564834438914,0.007053319367413509
0,Non-private (overfit),modified_entropy,0.007626985859023444,0.007547538089658617
0,Non-private (overfit),modified_entropy,0.008161400793251826,0.008925421624490582
0,Non-private (overfit),modified_entropy,0.008733261623828438,0.01
0,Non-private (overfit),modified_entropy,0.009345192145605374,0.0100296470306801
0,Non-private (overfit),modified_entropy,0.01,0.0125
0,Non-private (overfit),modified_entropy,0.010700689556931747,0.01625
0,Non-private (overfit),modified_entropy,0.011450475699382817,0.017916666666666668
0,Non-private (overfit),modified_entropy,0.012252798573828645,0.020416666666666666
0,Non-private (overfit),modified_entropy,0.013111339374215644,0.021389174217769556
0,Non-private (overfit),modified_entropy,0.014030037231905735,0.022916666666666665
0,Non-private (overfit),modified_entropy,0.015013107289081735,0.02625
0,Non-private (overfit),modified_entropy,0.01606506003853728,0.027916666666666666
0,Non-private (overfit),modified_entropy,0.017190722018585746,0.029166666666666667
0,Non-private (overfit),modified_entropy,0.01839525795803971,0.03
0,Non-private (overfit),modified_entropy,0.019684194472866123,0.03208333333333333
0,Non-private (overfit),modified_entropy,0.02106344542324121,0.034166666666666665
0,Non-private (overfit),modified_entropy,0.022539339047347912,0.035416666666666666
0,Non-private (overfit),modified_entropy,0.024118646996409972,0.037083333333333336
0,Non-private (overfit),modified_entropy,0.02580861540418074,0.04125
0,Non-private (overfit),modified_entropy,0.02761699813343848,0.04125
0,Non-private (overfit),modified_entropy,0.029552092352028863,0.044583333333333336
0,Non-private (overfit),modified_entropy,0.03162277660168379,0.04666666666666667
0,Non-private (overfit),modified_entropy,0.033838551534282335,0.051666666666666666
0,Non-private (overfit),modified_entropy,0.03620958350245917,0.057916666666666665
0,Non-private (overfit),modified_entropy,0.03874675120456132,0.059583333333333335
0,Non-private (overfit),modified_entropy,0.04146169559796819,0.06291666666666666
0,Non-private (overfit),modified_entropy,0.044366873309786115,0.0675
0,Non-private (overfit),modified_entropy,0.047475613789974204,0.07
0,Non-private (overfit),modified_entropy,0.05080218046913023,0.07666666666666666
0,Non-private (overfit),modified_entropy,0.05436183620153837,0.07833333333333334
0,Non-private (overfit),modified_entropy,0.058170913293743576,0.08416666666666667
0,Non-private (overfit),modified_entropy,0.0622468884399544,0.08708333333333333
0,Non-private (overfit),modified_entropy,0.06660846290809161,0.09041666666666667
0,Non-private (overfit),modified_entropy,0.07127564834438914,0.1
0,Non-private (overfit),modified_entropy,0.07626985859023444,0.10458333333333333
0,Non-private (overfit),modified_entropy,0.08161400793251826,0.11333333333333333
0,Non-private (overfit),modified_entropy,0.08733261623828428,0.12166666666666667
0,Non-private (overfit),modified_entropy,0.09345192145605374,0.13125
0,Non-private (overfit),modified_entropy,0.1,0.13875
0,Non-private (overfit),modified_entropy,0.10700689556931746,0.15
0,Non-private (overfit),modified_entropy,0.11450475699382812,0.15541666666666668
0,Non-private (overfit),modified_entropy,0.12252798573828651,0.16458333333333333
0,Non-private (overfit),modified_entropy,0.13111339374215644,0.175
0,Non-private (overfit),modified_entropy,0.14030037231905734,0.19041666666666668
0,Non-private (overfit),modified_entropy,0.15013107289081729,0.20083333333333334
0,Non-private (overfit),modified_entropy,0.16065060038537288,0.21625
0,Non-private (overfit),modified_entropy,0.17190722018585747,0.22833333333333333
0,Non-private (overfit),modified_entropy,0.18395257958039712,0.23583333333333334
0,Non-private (overfit),modified_entropy,0.19684194472866112,0.2504166666666667
0,Non-private (overfit),modified_entropy,0.210634454232412,0.2658333333333333
0,Non-private (overfit),modified_entropy,0.22539339047347912,0.2775
0,Non-private (overfit),modified_entropy,0.24118646996409973,0.2966666666666667
0,Non-private (overfit),modified_entropy,0.2580861540418074,0.31375
0,Non-private (overfit),modified_entropy,0.27616998133438464,0.3275
0,Non-private (overfit),modified_entropy,0.2955209235202888,0.3458333333333333
0,Non-private (overfit),modified_entropy,0.31622776601683794,0.37583333333333335
0,Non-private (overfit),modified_entropy,0.33838551534282335,0.39666666666666667
0,Non-private (overfit),modified_entropy,0.36209583502459164,0.4225
0,Non-private (overfit),modified_entropy,0.3874675120456132,0.45916666666666667
0,Non-private (overfit),modified_entropy,0.4146169559796819,0.4945833333333333
0,Non-private (overfit),modified_entropy,0.44366873309786115,0.5320833333333334
0,Non-private (overfit),modified_entropy,0.474756137899742,0.5683333333333334
0,Non-private (overfit),modified_entropy,0.5080218046913023,0.5966666666666667
0,Non-private (overfit),modified_entropy,0.5436183620153837,0.6508333333333334
0,Non-private (overfit),modified_entropy,0.5817091329374358,0.69125
0,Non-private (overfit),modified_entropy,0.622468884399544,0.7383333333333333
0,Non-private (overfit),modified_entropy,0.6660846290809154,0.795
0,Non-private (overfit),modified_entropy,0.7127564834438914,0.8395833333333333
0,Non-private (overfit),modified_entropy,0.7626985859023444,0.8870833333333333
0,Non-private (overfit),modified_entropy,0.8161400793251826,0.9283333333333333
0,Non-private (overfit),modified_entropy,0.8733261623828429,0.9645833333333333
0,Non-private (overfit),modified_entropy,0.9345192145605374,0.9879166666666667
0,Non-private (overfit),modified_entropy,1.0,1.0
0,Non-private (overfit),class_calibrated_loss,0.00031622776601683794,0.0
0,Non-private (overfit),class_calibrated_loss,0.00033838551534282334,0.0
0,Non-private (overfit),class_calibrated_loss,0.0003620958350245917,0.0
0,Non-private (overfit),class_calibrated_loss,0.0003874675120456132,0.0
0,Non-private (overfit),class_calibrated_loss,0.0004146169559796819,0.0
0,Non-private (overfit),class_calibrated_loss,0.0004436687330978611,0.0
0,Non-private (overfit),class_calibrated_loss,0.00047475613789974203,0.0
0,Non-private (overfit),class_calibrated_loss,0.0005080218046913023,0.0
0,Non-private (overfit),class_calibrated_loss,0.0005436183620153838,0.0
0,Non-private (overfit),class_calibrated_loss,0.0005817091329374358,0.0
0,Non-private (overfit),class_calibrated_loss,0.000622468884399544,0.0
0,Non-private (overfit),class_calibrated_loss,0.0006660846290809161,0.0
0,Non-private (overfit),class_calibrated_loss,0.0007127564834438914,0.0
0,Non-private (overfit),class_calibrated_loss,0.0007626985859023443,0.0
0,Non-private (overfit),class_calibrated_loss,0.0008161400793251826,0.0
0,Non-private (overfit),class_calibrated_loss,0.0008733261623828437,0.0
0,Non-private (overfit),class_calibrated_loss,0.0009345192145605374,0.0
0,Non-private (overfit),class_calibrated_loss,0.001,0.0
0,Non-private (overfit),class_calibrated_loss,0.0010700689556931745,0.0
0,Non-private (overfit),class_calibrated_loss,0.0011450475699382812,0.0
0,Non-private (overfit),class_calibrated_loss,0.0012252798573828651,0.0
0,Non-private (overfit),class_calibrated_loss,0.0013111339374215643,0.0
0,Non-private (overfit),class_calibrated_loss,0.0014030037231905735,0.0
0,Non-private (overfit),class_calibrated_loss,0.0015013107289081743,0.0
0,Non-private (overfit),class_calibrated_loss,0.0016065060038537287,0.0
0,Non-private (overfit),class_calibrated_loss,0.0017190722018585747,0.00125
0,Non-private (overfit),class_calibrated_loss,0.0018395257958039712,0.00125
0,Non-private (overfit),class_calibrated_loss,0.0019684194472866113,0.00125
0,Non-private (overfit),class_calibrated_loss,0.00210634454232412,0.00125
0,Non-private (overfit),class_calibrated_loss,0.002253933904734791,0.00125
0,Non-private (overfit),class_calibrated_loss,0.002411864699640997,0.00125
0,Non-private (overfit),class_calibrated_loss,0.0025808615404180743,0.00125
0,Non-private (overfit),class_calibrated_loss,0.002761699813343849,0.00125
0,Non-private (overfit),class_calibrated_loss,0.002955209235202888,0.00125
0,Non-private (overfit),class_calibrated_loss,0.0031622776601683794,0.0016666666666666668
0,Non-private (overfit),class_calibrated_loss,0.003383855153428233,0.0016666666666666668
0,Non-private (overfit),class_calibrated_loss,0.0036209583502459165,0.0016666666666666668
0,Non-private (overfit),class_calibrated_loss,0.0038746751204561283,0.0020833333333333333
0,Non-private (overfit),class_calibrated_loss,0.004146169559796819,0.0025
0,Non-private (overfit),class_calibrated_loss,0.004436687330978612,0.0033333333333333335
0,Non-private (overfit),class_calibrated_loss,0.004747561378997425,0.0033333333333333335
0,Non-private (overfit),class_calibrated_loss,0.005080218046913023,0.0033333333333333335
0,Non-private (overfit),class_calibrated_loss,0.005436183620153837,0.0033333333333333335
0,Non-private (overfit),class_calibrated_loss,0.005817091329374358,0.00375
0,Non-private (overfit),class_calibrated_loss,0.006224688843995439,0.00375
0,Non-private (overfit),class_calibrated_loss,0.006660846290809154,0.005
0,Non-private (overfit),class_calibrated_loss,0.007127564834438914,0.006666666666666667
0,Non-private (overfit),class_calibrated_loss,0.007626985859023444,0.006666666666666667
0,Non-private (overfit),class_calibrated_loss,0.008161400793251826,0.008333333333333333
0,Non-private (overfit),class_calibrated_loss,0.008733261623828438,0.008333333333333333
0,Non-private (overfit),class_calibrated_loss,0.009345192145605374,0.009166666666666667
0,Non-private (overfit),class_calibrated_loss,0.01,0.012083333333333333
0,Non-private (overfit),class_calibrated_loss,0.010700689556931747,0.012083333333333333
0,Non-private (overfit),class_calibrated_loss,0.011450475699382817,0.012916666666666667
0,Non-private (overfit),class_calibrated_loss,0.012252798573828645,0.012916666666666667
0,Non-private (overfit),class_calibrated_loss,0.013111339374215644,0.014166666666666666
0,Non-private (overfit),class_calibrated_loss,0.014030037231905735,0.019166666666666665
0,Non-private (overfit),class_calibrated_loss,0.015013107289081735,0.019583333333333335
0,Non-private (overfit),class_calibrated_loss,0.01606506003853728,0.025
0,Non-private (overfit),class_calibrated_loss,0.017190722018585746,0.02666666666666667
0,Non-private (overfit),class_calibrated_loss,0.01839525795803971,0.027916666666666666
0,Non-private (overfit),class_calibrated_loss,0.019684194472866123,0.02875
0,Non-private (overfit),class_calibrated_loss,0.02106344542324121,0.03166666666666667
0,Non-private (overfit),class_calibrated_loss,0.022539339047347912,0.034166666666666665
0,Non-private (overfit),class_calibrated_loss,0.024118646996409972,0.034583333333333334
0,Non-private (overfit),class_calibrated_loss,0.02580861540418074,0.03833333333333333
0,Non-private (overfit),class_calibrated_loss,0.02761699813343848,0.03875
0,Non-private (overfit),class_calibrated_loss,0.029552092352028863,0.04416666666666667
0,Non-private (overfit),class_calibrated_loss,0.03162277660168379,0.0475
0,Non-private (overfit),class_calibrated_loss,0.033838551534282335,0.051666666666666666
0,Non-private (overfit),class_calibrated_loss,0.03620958350245917,0.05625
0,Non-private (overfit),class_calibrated_loss,0.03874675120456132,0.0625
0,Non-private (overfit),class_calibrated_loss,0.04146169559796819,0.06458333333333334
0,Non-private (overfit),class_calibrated_loss,0.044366873309786115,0.06708333333333333
0,Non-private (overfit),class_calibrated_loss,0.047475613789974204,0.07208333333333333
0,Non-private (overfit),class_calibrated_loss,0.05080218046913023,0.07458333333333333
0,Non-private (overfit),class_calibrated_loss,0.05436183620153837,0.07833333333333334
0,Non-private (overfit),class_calibrated_loss,0.058170913293743576,0.08583333333333333
0,Non-private (overfit),class_calibrated_loss,0.0622468884399544,0.09291666666666666
0,Non-private (overfit),class_calibrated_loss,0.06660846290809161,0.10416666666666667
0,Non-private (overfit),class_calibrated_loss,0.07127564834438914,0.11291666666666667
0,Non-private (overfit),class_calibrated_loss,0.07626985859023444,0.11958333333333333
0,Non-private (overfit),class_calibrated_loss,0.08161400793251826,0.12958333333333333
0,Non-private (overfit),class_calibrated_loss,0.08733261623828428,0.13541666666666666
0,Non-private (overfit),class_calibrated_loss,0.09345192145605374,0.14541666666666667
0,Non-private (overfit),class_calibrated_loss,0.1,0.15583333333333332
0,Non-private (overfit),class_calibrated_loss,0.10700689556931746,0.16375
0,Non-private (overfit),class_calibrated_loss,0.11450475699382812,0.17416666666666666
0,Non-private (overfit),class_calibrated_loss,0.12252798573828651,0.18458333333333332
0,Non-private (overfit),class_calibrated_loss,0.13111339374215644,0.19166666666666668
0,Non-private (overfit),class_calibrated_loss,0.14030037231905734,0.20541666666666666
0,Non-private (overfit),class_calibrated_loss,0.15013107289081729,0.21833333333333332
0,Non-private (overfit),class_calibrated_loss,0.16065060038537288,0.22833333333333333
0,Non-private (overfit),class_calibrated_loss,0.17190722018585747,0.23916666666666667
0,Non-private (overfit),class_calibrated_loss,0.18395257958039712,0.25666666666666665
0,Non-private (overfit),class_calibrated_loss,0.19684194472866112,0.27708333333333335
0,Non-private (overfit),class_calibrated_loss,0.210634454232412,0.29333333333333333
0,Non-private (overfit),class_calibrated_loss,0.22539339047347912,0.30625
0,Non-private (overfit),class_calibrated_loss,0.24118646996409973,0.32708333333333334
0,Non-private (overfit),class_calibrated_loss,0.2580861540418074,0.3545833333333333
0,Non-private (overfit),class_calibrated_loss,0.27616998133438464,0.365
0,Non-private (overfit),class_calibrated_loss,0.2955209235202888,0.38958333333333334
0,Non-private (overfit),class_calibrated_loss,0.31622776601683794,0.405
0,Non-private (overfit),class_calibrated_loss,0.33838551534282335,0.42541666666666667
0,Non-private (overfit),class_calibrated_loss,0.36209583502459164,0.4504166666666667
0,Non-private (overfit),class_calibrated_loss,0.3874675120456132,0.47375
0,Non-private (overfit),class_calibrated_loss,0.4146169559796819,0.50125
0,Non-private (overfit),class_calibrated_loss,0.44366873309786115,0.5358333333333334
0,Non-private (overfit),class_calibrated_loss,0.474756137899742,0.57625
0,Non-private (overfit),class_calibrated_loss,0.5080218046913023,0.6183333333333333
0,Non-private (overfit),class_calibrated_loss,0.5436183620153837,0.6529166666666667
0,Non-private (overfit),class_calibrated_loss,0.5817091329374358,0.6904166666666667
0,Non-private (overfit),class_calibrated_loss,0.622468884399544,0.74375
0,Non-private (overfit),class_calibrated_loss,0.6660846290809154,0.7883333333333333
0,Non-private (overfit),class_calibrated_loss,0.7127564834438914,0.84125
0,Non-private (overfit),class_calibrated_loss,0.7626985859023444,0.88875
0,Non-private (overfit),class_calibrated_loss,0.8161400793251826,0.9283333333333333
0,Non-private (overfit),class_calibrated_loss,0.8733261623828429,0.9604166666666667
0,Non-private (overfit),class_calibrated_loss,0.9345192145605374,0.98625
0,Non-private (overfit),class_calibrated_loss,1.0,1.0
0,Non-private (overfit),learned_ensemble,0.00031622776601683794,0.0007905694150420948
0,Non-private (overfit),learned_ensemble,0.00033838551534282334,0.0008459637883570584
0,Non-private (overfit),learned_ensemble,0.0003620958350245917,0.0009052395875614792
0,Non-private (overfit),learned_ensemble,0.0003874675120456132,0.000968668780114033
0,Non-private (overfit),learned_ensemble,0.0004146169559796819,0.0010365423899492048
0,Non-private (overfit),learned_ensemble,0.0004436687330978611,0.0011091718327446527
0,Non-private (overfit),learned_ensemble,0.00047475613789974203,0.001186890344749355
0,Non-private (overfit),learned_ensemble,0.0005080218046913023,0.0012700545117282558
0,Non-private (overfit),learned_ensemble,0.0005436183620153838,0.0013590459050384595
0,Non-private (overfit),learned_ensemble,0.0005817091329374358,0.0014542728323435896
0,Non-private (overfit),learned_ensemble,0.000622468884399544,0.00155617221099886
0,Non-private (overfit),learned_ensemble,0.0006660846290809161,0.0016652115727022903
0,Non-private (overfit),learned_ensemble,0.0007127564834438914,0.0017818912086097285
0,Non-private (overfit),learned_ensemble,0.0007626985859023443,0.001906746464755861
0,Non-private (overfit),learned_ensemble,0.0008161400793251826,0.0020403501983129566
0,Non-private (overfit),learned_ensemble,0.0008733261623828437,0.0021833154059571094
0,Non-private (overfit),learned_ensemble,0.0009345192145605374,0.0023362980364013434
0,Non-private (overfit),learned_ensemble,0.001,0.0025
0,Non-private (overfit),learned_ensemble,0.0010700689556931745,0.0025389271976073192
0,Non-private (overfit),learned_ensemble,0.0011450475699382812,0.0025805819832990452
0,Non-private (overfit),learned_ensemble,0.0012252798573828651,0.002625155476323814
0,Non-private (overfit),learned_ensemble,0.0013111339374215643,0.002672852187456425
0,Non-private (overfit),learned_ensemble,0.0014030037231905735,0.002723890957328096
0,Non-private (overfit),learned_ensemble,0.0015013107289081743,0.0027785059605045415
0,Non-private (overfit),learned_ensemble,0.0016065060038537287,0.0028369477799187384
0,Non-private (overfit),learned_ensemble,0.0017190722018585747,0.002899484556588097
0,Non-private (overfit),learned_ensemble,0.0018395257958039712,0.002966403219891095
0,Non-private (overfit),learned_ensemble,0.0019684194472866113,0.0030380108040481174
0,Non-private (overfit),learned_ensemble,0.00210634454232412,0.0031146358568467335
0,Non-private (overfit),learned_ensemble,0.002253933904734791,0.003196629947074884
0,Non-private (overfit),learned_ensemble,0.002411864699640997,0.0032843692775783315
0,Non-private (overfit),learned_ensemble,0.0025808615404180743,0.0033782564113433743
0,Non-private (overfit),learned_ensemble,0.002761699813343849,0.0034787221185243605
0,Non-private (overfit),learned_ensemble,0.002955209235202888,0.003586227352890493
0,Non-private (overfit),learned_ensemble,0.0031622776601683794,0.0037012653667602103
0,Non-private (overfit),learned_ensemble,0.003383855153428233,0.003824363974126796
0,Non-private (overfit),learned_ensemble,0.0036209583502459165,0.003956087972358842
0,Non-private (overfit),learned_ensemble,0.0038746751204561283,0.004097041733586737
0,Non-private (overfit),learned_ensemble,0.004146169559796819,0.004227570649915341
0,Non-private (overfit),learned_ensemble,0.004436687330978612,0.004348619721241088
0,Non-private (overfit),learned_ensemble,0.004747561378997425,0.00447815057458226
0,Non-private (overfit),learned_ensemble,0.005080218046913023,0.004643496868518101
0,Non-private (overfit),learned_ensemble,0.005436183620153837,0.004910471048448711
0,Non-private (overfit),learned_ensemble,0.005817091329374358,0.005196151830364102
0,Non-private (overfit),learned_ensemble,0.006224688843995439,0.005501849966329913
0,Non-private (overfit),learned_ensemble,0.006660846290809154,0.005828968051440199
0,Non-private (overfit),learned_ensemble,0.007127564834438914,0.005913061354857655
0,Non-private (overfit),learned_ensemble,0.007626985859023444,0.006225199495222986
0,Non-private (overfit),learned_ensemble,0.008161400793251826,0.006559208829115725
0,Non-private (overfit),learned_ensemble,0.008733261623828438,0.007166577029785547
0,Non-private (overfit),learned_ensemble,0.009345192145605374,0.009174078424336691
0,Non-private (overfit),learned_ensemble,0.01,0.009583333333333333
0,Non-private (overfit),learned_ensemble,0.010700689556931747,0.012132950048303242
0,Non-private (overfit),learned_ensemble,0.011450475699382817,0.013226388172711052
0,Non-private (overfit),learned_ensemble,0.012252798573828645,0.014396442364611219
0,Non-private (overfit),learned_ensemble,0.013111339374215644,0.017083333333333332
0,Non-private (overfit),learned_ensemble,0.014030037231905735,0.01808058658214367
0,Non-private (overfit),learned_ensemble,0.015013107289081735,0.018899811629790337
0,Non-private (overfit),learned_ensemble,0.01606506003853728,0.01977643892100329
0,Non-private (overfit),learned_ensemble,0.017190722018585746,0.02071449057104368
0,Non-private (overfit),learned_ensemble,0.01839525795803971,0.02171827052058865
0,Non-private (overfit),learned_ensemble,0.019684194472866123,0.022792384282943993
0,Non-private (overfit),learned_ensemble,0.02106344542324121,0.02428562683524393
0,Non-private (overfit),learned_ensemble,0.022539339047347912,0.027654504285510934
0,Non-private (overfit),learned_ensemble,0.024118646996409972,0.028935385931890583
0,Non-private (overfit),learned_ensemble,0.02580861540418074,0.03202153851045186
0,Non-private (overfit),learned_ensemble,0.02761699813343848,0.03366386804767538
0,Non-private (overfit),learned_ensemble,0.029552092352028863,0.035068362193342355
0,Non-private (overfit),learned_ensemble,0.03162277660168379,0.03661180408543807
0,Non-private (overfit),learned_ensemble,0.033838551534282335,0.03916666666666667
0,Non-private (overfit),learned_ensemble,0.03620958350245917,0.04271041694854305
0,Non-private (overfit),learned_ensemble,0.03874675120456132,0.045400422689473266
0,Non-private (overfit),learned_ensemble,0.04146169559796819,0.04918515004544211
0,Non-private (overfit),learned_ensemble,0.044366873309786115,0.052380434349245227
0,Non-private (overfit),learned_ensemble,0.047475613789974204,0.055780619249450956
0,Non-private (overfit),learned_ensemble,0.05080218046913023,0.058601635351847675
0,Non-private (overfit),learned_ensemble,0.05436183620153837,0.06127137715115378
0,Non-private (overfit),learned_ensemble,0.058170913293743576,0.06412818497030769
0,Non-private (overfit),learned_ensemble,0.0622468884399544,0.07112371166207458
0,Non-private (overfit),learned_ensemble,0.06660846290809161,0.07777115727022903
0,Non-private (overfit),learned_ensemble,0.07127564834438914,0.0851227805996061
0,Non-private (overfit),learned_ensemble,0.07626985859023444,0.09381805736692604
0,Non-private (overfit),learned_ensemble,0.08161400793251826,0.10737775651001263
0,Non-private (overfit),learned_ensemble,0.08733261623828428,0.11978194616218295
0,Non-private (overfit),learned_ensemble,0.09345192145605374,0.12543565206990473
0,Non-private (overfit),learned_ensemble,0.1,0.13875
0,Non-private (overfit),learned_ensemble,0.10700689556931746,0.14864798819874503
0,Non-private (overfit),learned_ensemble,0.11450475699382812,0.1610476129089518
0,Non-private (overfit),learned_ensemble,0.12252798573828651,0.17178058661281492
0,Non-private (overfit),learned_ensemble,0.13111339374215644,0.18347507551102887
0,Non-private (overfit),learned_ensemble,0.14030037231905734,0.19715169953937928
0,Non-private (overfit),learned_ensemble,0.15013107289081729,0.20728421986553536
0,Non-private (overfit),learned_ensemble,0.16065060038537288,0.22341228113508535
0,Non-private (overfit),learned_ensemble,0.17190722018585747,0.23708118979629503
0,Non-private (overfit),learned_ensemble,0.18395257958039712,0.2507740578088297
0,Non-private (overfit),learned_ensemble,0.19684194472866112,0.26271909757749307
0,Non-private (overfit),learned_ensemble,0.210634454232412,0.280860294906721
0,Non-private (overfit),learned_ensemble,0.22539339047347912,0.29995540190150827
0,Non-private (overfit),learned_ensemble,0.24118646996409973,0.3222235987710592
0,Non-private (overfit),learned_ensemble,0.2580861540418074,0.3390917737284599
0,Non-private (overfit),learned_ensemble,0.27616998133438464,0.35981282583453794
0,Non-private (overfit),learned_ensemble,0.2955209235202888,0.3819857804225531
0,Non-private (overfit),learned_ensemble,0.31622776601683794,0.4058541225631423
0,Non-private (overfit),learned_ensemble,0.33838551534282335,0.4281573595351072
0,Non-private (overfit),learned_ensemble,0.36209583502459164,0.46467783009904606
0,Non-private (overfit),learned_ensemble,0.3874675120456132,0.4957088616951749
0,Non-private (overfit),learned_ensemble,0.4146169559796819,0.5254997232745232
0,Non-private (overfit),learned_ensemble,0.44366873309786115,0.5576119602629588
0,Non-private (overfit),learned_ensemble,0.474756137899742,0.5885401595534205
0,Non-private (overfit),learned_ensemble,0.5080218046913023,0.6311902884155776
0,Non-private (overfit),learned_ensemble,0.5436183620153837,0.6678813063397417
0,Non-private (overfit),learned_ensemble,0.5817091329374358,0.7081515414192306
0,Non-private (overfit),learned_ensemble,0.622468884399544,0.7456409080012584
0,Non-private (overfit),learned_ensemble,0.6660846290809154,0.7883342588673206
0,Non-private (overfit),learned_ensemble,0.7127564834438914,0.8323985347682881
0,Non-private (overfit),learned_ensemble,0.7626985859023444,0.8871209652465284
0,Non-private (overfit),learned_ensemble,0.8161400793251826,0.9302409225741638
0,Non-private (overfit),learned_ensemble,0.8733261623828429,0.9561376937304739
0,Non-private (overfit),learned_ensemble,0.9345192145605374,0.9845142151585852
0,Non-private (overfit),learned_ensemble,1.0,1.0
0,Non-private (overfit),lira,0.00031622776601683794,0.0
0,Non-private (overfit),lira,0.00033838551534282334,0.0004166666666666667
0,Non-private (overfit),lira,0.0003620958350245917,0.0004166666666666667
0,Non-private (overfit),lira,0.0003874675120456132,0.0004166666666666667
0,Non-private (overfit),lira,0.0004146169559796819,0.0004166666666666667
0,Non-private (overfit),lira,0.0004436687330978611,0.0004166666666666667
0,Non-private (overfit),lira,0.00047475613789974203,0.0004166666666666667
0,Non-private (overfit),lira,0.0005080218046913023,0.0004166666666666667
0,Non-private (overfit),lira,0.0005436183620153838,0.0004166666666666667
0,Non-private (overfit),lira,0.0005817091329374358,0.0004166666666666667
0,Non-private (overfit),lira,0.000622468884399544,0.0004166666666666667
0,Non-private (overfit),lira,0.0006660846290809161,0.0004166666666666667
0,Non-private (overfit),lira,0.0007127564834438914,0.0016666666666666668
0,Non-private (overfit),lira,0.0007626985859023443,0.0016666666666666668
0,Non-private (overfit),lira,0.0008161400793251826,0.0016666666666666668
0,Non-private (overfit),lira,0.0008733261623828437,0.0016666666666666668
0,Non-private (overfit),lira,0.0009345192145605374,0.0016666666666666668
0,Non-private (overfit),lira,0.001,0.0020833333333333333
0,Non-private (overfit),lira,0.0010700689556931745,0.0020833333333333333
0,Non-private (overfit),lira,0.0011450475699382812,0.0020833333333333333
0,Non-private (overfit),lira,0.0012252798573828651,0.0020833333333333333
0,Non-private (overfit),lira,0.0013111339374215643,0.0020833333333333333
0,Non-private (overfit),lira,0.0014030037231905735,0.0020833333333333333
0,Non-private (overfit),lira,0.0015013107289081743,0.0020833333333333333
0,Non-private (overfit),lira,0.0016065060038537287,0.0020833333333333333
0,Non-private (overfit),lira,0.0017190722018585747,0.0025
0,Non-private (overfit),lira,0.0018395257958039712,0.0025
0,Non-private (overfit),lira,0.0019684194472866113,0.0025
0,Non-private (overfit),lira,0.00210634454232412,0.0025
0,Non-private (overfit),lira,0.002253933904734791,0.0025
0,Non-private (overfit),lira,0.002411864699640997,0.002916666666666667
0,Non-private (overfit),lira,0.0025808615404180743,0.002916666666666667
0,Non-private (overfit),lira,0.002761699813343849,0.002916666666666667
0,Non-private (overfit),lira,0.002955209235202888,0.002916666666666667
0,Non-private (overfit),lira,0.0031622776601683794,0.002916666666666667
0,Non-private (overfit),lira,0.003383855153428233,0.004166666666666667
0,Non-private (overfit),lira,0.0036209583502459165,0.004166666666666667
0,Non-private (overfit),lira,0.0038746751204561283,0.004166666666666667
0,Non-private (overfit),lira,0.004146169559796819,0.004166666666666667
0,Non-private (overfit),lira,0.004436687330978612,0.004166666666666667
0,Non-private (overfit),lira,0.004747561378997425,0.004166666666666667
0,Non-private (overfit),lira,0.005080218046913023,0.004166666666666667
0,Non-private (overfit),lira,0.005436183620153837,0.004583333333333333
0,Non-private (overfit),lira,0.005817091329374358,0.005416666666666667
0,Non-private (overfit),lira,0.006224688843995439,0.00625
0,Non-private (overfit),lira,0.006660846290809154,0.006666666666666667
0,Non-private (overfit),lira,0.007127564834438914,0.011666666666666667
0,Non-private (overfit),lira,0.007626985859023444,0.012083333333333333
0,Non-private (overfit),lira,0.008161400793251826,0.013333333333333334
0,Non-private (overfit),lira,0.008733261623828438,0.015833333333333335
0,Non-private (overfit),lira,0.009345192145605374,0.017083333333333332
0,Non-private (overfit),lira,0.01,0.018333333333333333
0,Non-private (overfit),lira,0.010700689556931747,0.020416666666666666
0,Non-private (overfit),lira,0.011450475699382817,0.020416666666666666
0,Non-private (overfit),lira,0.012252798573828645,0.021666666666666667
0,Non-private (overfit),lira,0.013111339374215644,0.023333333333333334
0,Non-private (overfit),lira,0.014030037231905735,0.025833333333333333
0,Non-private (overfit),lira,0.015013107289081735,0.028333333333333332
0,Non-private (overfit),lira,0.01606506003853728,0.03
0,Non-private (overfit),lira,0.017190722018585746,0.030416666666666668
0,Non-private (overfit),lira,0.01839525795803971,0.032916666666666664
0,Non-private (overfit),lira,0.019684194472866123,0.034583333333333334
0,Non-private (overfit),lira,0.02106344542324121,0.03875
0,Non-private (overfit),lira,0.022539339047347912,0.03958333333333333
0,Non-private (overfit),lira,0.024118646996409972,0.042083333333333334
0,Non-private (overfit),lira,0.02580861540418074,0.04708333333333333
0,Non-private (overfit),lira,0.02761699813343848,0.04791666666666667
0,Non-private (overfit),lira,0.029552092352028863,0.05125
0,Non-private (overfit),lira,0.03162277660168379,0.05291666666666667
0,Non-private (overfit),lira,0.033838551534282335,0.06208333333333333
0,Non-private (overfit),lira,0.03620958350245917,0.0675
0,Non-private (overfit),lira,0.03874675120456132,0.07041666666666667
0,Non-private (overfit),lira,0.04146169559796819,0.07416666666666667
0,Non-private (overfit),lira,0.044366873309786115,0.07541666666666667
0,Non-private (overfit),lira,0.047475613789974204,0.07875
0,Non-private (overfit),lira,0.05080218046913023,0.085
0,Non-private (overfit),lira,0.05436183620153837,0.09166666666666666
0,Non-private (overfit),lira,0.058170913293743576,0.09458333333333334
0,Non-private (overfit),lira,0.0622468884399544,0.10541666666666667
0,Non-private (overfit),lira,0.06660846290809161,0.11125
0,Non-private (overfit),lira,0.07127564834438914,0.12
0,Non-private (overfit),lira,0.07626985859023444,0.12416666666666666
0,Non-private (overfit),lira,0.08161400793251826,0.13416666666666666
0,Non-private (overfit),lira,0.08733261623828428,0.14333333333333334
0,Non-private (overfit),lira,0.09345192145605374,0.14833333333333334
0,Non-private (overfit),lira,0.1,0.15875
0,Non-private (overfit),lira,0.10700689556931746,0.16625
0,Non-private (overfit),lira,0.11450475699382812,0.175
0,Non-private (overfit),lira,0.12252798573828651,0.18375
0,Non-private (overfit),lira,0.13111339374215644,0.19666666666666666
0,Non-private (overfit),lira,0.14030037231905734,0.20791666666666667
0,Non-private (overfit),lira,0.15013107289081729,0.21791666666666668
0,Non-private (overfit),lira,0.16065060038537288,0.22791666666666666
0,Non-private (overfit),lira,0.17190722018585747,0.23791666666666667
0,Non-private (overfit),lira,0.18395257958039712,0.25583333333333336
0,Non-private (overfit),lira,0.19684194472866112,0.26875
0,Non-private (overfit),lira,0.210634454232412,0.28458333333333335
0,Non-private (overfit),lira,0.22539339047347912,0.3020833333333333
0,Non-private (overfit),lira,0.24118646996409973,0.32208333333333333
0,Non-private (overfit),lira,0.2580861540418074,0.34
0,Non-private (overfit),lira,0.27616998133438464,0.3625
0,Non-private (overfit),lira,0.2955209235202888,0.38666666666666666
0,Non-private (overfit),lira,0.31622776601683794,0.4033333333333333
0,Non-private (overfit),lira,0.33838551534282335,0.4220833333333333
0,Non-private (overfit),lira,0.36209583502459164,0.44958333333333333
0,Non-private (overfit),lira,0.3874675120456132,0.4825
0,Non-private (overfit),lira,0.4146169559796819,0.50625
0,Non-private (overfit),lira,0.44366873309786115,0.5370833333333334
0,Non-private (overfit),lira,0.474756137899742,0.5829166666666666
0,Non-private (overfit),lira,0.5080218046913023,0.62375
0,Non-private (overfit),lira,0.5436183620153837,0.6691666666666667
0,Non-private (overfit),lira,0.5817091329374358,0.7041666666666667
0,Non-private (overfit),lira,0.622468884399544,0.745
0,Non-private (overfit),lira,0.6660846290809154,0.78625
0,Non-private (overfit),lira,0.7127564834438914,0.82125
0,Non-private (overfit),lira,0.7626985859023444,0.8570833333333333
0,Non-private (overfit),lira,0.8161400793251826,0.8995833333333333
0,Non-private (overfit),lira,0.8733261623828429,0.9391666666666667
0,Non-private (overfit),lira,0.9345192145605374,0.9775
0,Non-private (overfit),lira,1.0,1.0
0,Non-private (tuned),confidence,0.00031622776601683794,0.0
0,Non-private (tuned),confidence,0.00033838551534282334,0.0
0,Non-private (tuned),confidence,0.0003620958350245917,0.0
0,Non-private (tuned),confidence,0.0003874675120456132,0.0
0,Non-private (tuned),confidence,0.0004146169559796819,0.0
0,Non-private (tuned),confidence,0.0004436687330978611,0.0
0,Non-private (tuned),confidence,0.00047475613789974203,0.0
0,Non-private (tuned),confidence,0.0005080218046913023,0.0
0,Non-private (tuned),confidence,0.0005436183620153838,0.0
0,Non-private (tuned),confidence,0.0005817091329374358,0.0
0,Non-private (tuned),confidence,0.000622468884399544,0.0
0,Non-private (tuned),confidence,0.0006660846290809161,0.0
0,Non-private (tuned),confidence,0.0007127564834438914,0.0004166666666666667
0,Non-private (tuned),confidence,0.0007626985859023443,0.0004166666666666667
0,Non-private (tuned),confidence,0.0008161400793251826,0.0004166666666666667
0,Non-private (tuned),confidence,0.0008733261623828437,0.0004166666666666667
0,Non-private (tuned),confidence,0.0009345192145605374,0.0004166666666666667
0,Non-private (tuned),confidence,0.001,0.0016666666666666668
0,Non-private (tuned),confidence,0.0010700689556931745,0.0016666666666666668
0,Non-private (tuned),confidence,0.0011450475699382812,0.0016666666666666668
0,Non-private (tuned),confidence,0.0012252798573828651,0.0016666666666666668
0,Non-private (tuned),confidence,0.0013111339374215643,0.0016666666666666668
0,Non-private (tuned),confidence,0.0014030037231905735,0.0025
0,Non-private (tuned),confidence,0.0015013107289081743,0.0025
0,Non-private (tuned),confidence,0.0016065060038537287,0.0025
0,Non-private (tuned),confidence,0.0017190722018585747,0.002916666666666667
0,Non-private (tuned),confidence,0.0018395257958039712,0.002916666666666667
0,Non-private (tuned),confidence,0.0019684194472866113,0.002916666666666667
0,Non-private (tuned),confidence,0.00210634454232412,0.004166666666666667
0,Non-private (tuned),confidence,0.002253933904734791,0.004166666666666667
0,Non-private (tuned),confidence,0.002411864699640997,0.004166666666666667
0,Non-private (tuned),confidence,0.0025808615404180743,0.004166666666666667
0,Non-private (tuned),confidence,0.002761699813343849,0.005
0,Non-private (tuned),confidence,0.002955209235202888,0.005
0,Non-private (tuned),confidence,0.0031622776601683794,0.005
0,Non-private (tuned),confidence,0.003383855153428233,0.005416666666666667
0,Non-private (tuned),confidence,0.0036209583502459165,0.005416666666666667
0,Non-private (tuned),confidence,0.0038746751204561283,0.005833333333333334
0,Non-private (tuned),confidence,0.004146169559796819,0.005833333333333334
0,Non-private (tuned),confidence,0.004436687330978612,0.005833333333333334
0,Non-private (tuned),confidence,0.004747561378997425,0.006666666666666667
0,Non-private (tuned),confidence,0.005080218046913023,0.006666666666666667
0,Non-private (tuned),confidence,0.005436183620153837,0.006666666666666667
0,Non-private (tuned),confidence,0.005817091329374358,0.0075
0,Non-private (tuned),confidence,0.006224688843995439,0.008333333333333333
0,Non-private (tuned),confidence,0.006660846290809154,0.00875
0,Non-private (tuned),confidence,0.007127564834438914,0.00875
0,Non-private (tuned),confidence,0.007626985859023444,0.01
0,Non-private (tuned),confidence,0.008161400793251826,0.010416666666666666
0,Non-private (tuned),confidence,0.008733261623828438,0.012083333333333333
0,Non-private (tuned),confidence,0.009345192145605374,0.012916666666666667
0,Non-private (tuned),confidence,0.01,0.014583333333333334
0,Non-private (tuned),confidence,0.010700689556931747,0.015416666666666667
0,Non-private (tuned),confidence,0.011450475699382817,0.016666666666666666
0,Non-private (tuned),confidence,0.012252798573828645,0.0175
0,Non-private (tuned),confidence,0.013111339374215644,0.019166666666666665
0,Non-private (tuned),confidence,0.014030037231905735,0.020833333333333332
0,Non-private (tuned),confidence,0.015013107289081735,0.02125
0,Non-private (tuned),confidence,0.01606506003853728,0.021666666666666667
0,Non-private (tuned),confidence,0.017190722018585746,0.022083333333333333
0,Non-private (tuned),confidence,0.01839525795803971,0.022916666666666665
0,Non-private (tuned),confidence,0.019684194472866123,0.024166666666666666
0,Non-private (tuned),confidence,0.02106344542324121,0.025
0,Non-private (tuned),confidence,0.022539339047347912,0.027916666666666666
0,Non-private (tuned),confidence,0.024118646996409972,0.02875
0,Non-private (tuned),confidence,0.02580861540418074,0.029166666666666667
0,Non-private (tuned),confidence,0.02761699813343848,0.029583333333333333
0,Non-private (tuned),confidence,0.029552092352028863,0.030833333333333334
0,Non-private (tuned),confidence,0.03162277660168379,0.034166666666666665
0,Non-private (tuned),confidence,0.033838551534282335,0.03625
0,Non-private (tuned),confidence,0.03620958350245917,0.03875
0,Non-private (tuned),confidence,0.03874675120456132,0.04125
0,Non-private (tuned),confidence,0.04146169559796819,0.04583333333333333
0,Non-private (tuned),confidence,0.044366873309786115,0.049166666666666664
0,Non-private (tuned),confidence,0.047475613789974204,0.05375
0,Non-private (tuned),confidence,0.05080218046913023,0.060833333333333336
0,Non-private (tuned),confidence,0.05436183620153837,0.06541666666666666
0,Non-private (tuned),confidence,0.058170913293743576,0.06875
0,Non-private (tuned),confidence,0.0622468884399544,0.07125
0,Non-private (tuned),confidence,0.06660846290809161,0.07458333333333333
0,Non-private (tuned),confidence,0.07127564834438914,0.07916666666666666
0,Non-private (tuned),confidence,0.07626985859023444,0.08625
0,Non-private (tuned),confidence,0.08161400793251826,0.09291666666666666
0,Non-private (tuned),confidence,0.08733261623828428,0.10125
0,Non-private (tuned),confidence,0.09345192145605374,0.10875
0,Non-private (tuned),confidence,0.1,0.11333333333333333
0,Non-private (tuned),confidence,0.10700689556931746,0.12
0,Non-private (tuned),confidence,0.11450475699382812,0.12875
0,Non-private (tuned),confidence,0.12252798573828651,0.13791666666666666
0,Non-private (tuned),confidence,0.13111339374215644,0.14625
0,Non-private (tuned),confidence,0.14030037231905734,0.15541666666666668
0,Non-private (tuned),confidence,0.15013107289081729,0.16416666666666666
0,Non-private (tuned),confidence,0.16065060038537288,0.17291666666666666
0,Non-private (tuned),confidence,0.17190722018585747,0.1825
0,Non-private (tuned),confidence,0.18395257958039712,0.1925
0,Non-private (tuned),confidence,0.19684194472866112,0.19833333333333333
0,Non-private (tuned),confidence,0.210634454232412,0.21125
0,Non-private (tuned),confidence,0.22539339047347912,0.22375
0,Non-private (tuned),confidence,0.24118646996409973,0.2375
0,Non-private (tuned),confidence,0.2580861540418074,0.24916666666666668
0,Non-private (tuned),confidence,0.27616998133438464,0.2683333333333333
0,Non-private (tuned),confidence,0.2955209235202888,0.29
0,Non-private (tuned),confidence,0.31622776601683794,0.31
0,Non-private (tuned),confidence,0.33838551534282335,0.32958333333333334
0,Non-private (tuned),confidence,0.36209583502459164,0.3591666666666667
0,Non-private (tuned),confidence,0.3874675120456132,0.37916666666666665
0,Non-private (tuned),confidence,0.4146169559796819,0.40875
0,Non-private (tuned),confidence,0.44366873309786115,0.43375
0,Non-private (tuned),confidence,0.474756137899742,0.46041666666666664
0,Non-private (tuned),confidence,0.5080218046913023,0.4925
0,Non-private (tuned),confidence,0.5436183620153837,0.5333333333333333
0,Non-private (tuned),confidence,0.5817091329374358,0.575
0,Non-private (tuned),confidence,0.622468884399544,0.615
0,Non-private (tuned),confidence,0.6660846290809154,0.6583333333333333
0,Non-private (tuned),confidence,0.7127564834438914,0.7008333333333333
0,Non-private (tuned),confidence,0.7626985859023444,0.74875
0,Non-private (tuned),confidence,0.8161400793251826,0.81125
0,Non-private (tuned),confidence,0.8733261623828429,0.8770833333333333
0,Non-private (tuned),confidence,0.9345192145605374,0.9408333333333333
0,Non-private (tuned),confidence,1.0,1.0
0,Non-private (tuned),neg_entropy,0.00031622776601683794,0.0
0,Non-private (tuned),neg_entropy,0.00033838551534282334,0.0
0,Non-private (tuned),neg_entropy,0.0003620958350245917,0.0
0,Non-private (tuned),neg_entropy,0.0003874675120456132,0.0
0,Non-private (tuned),neg_entropy,0.0004146169559796819,0.0
0,Non-private (tuned),neg_entropy,0.0004436687330978611,0.0
0,Non-private (tuned),neg_entropy,0.00047475613789974203,0.0
0,Non-private (tuned),neg_entropy,0.0005080218046913023,0.0
0,Non-private (tuned),neg_entropy,0.0005436183620153838,0.0
0,Non-private (tuned),neg_entropy,0.0005817091329374358,0.0
0,Non-private (tuned),neg_entropy,0.000622468884399544,0.0
0,Non-private (tuned),neg_entropy,0.0006660846290809161,0.0
0,Non-private (tuned),neg_entropy,0.0007127564834438914,0.0004166666666666667
0,Non-private (tuned),neg_entropy,0.0007626985859023443,0.0004166666666666667
0,Non-private (tuned),neg_entropy,0.0008161400793251826,0.0004166666666666667
0,Non-private (tuned),neg_entropy,0.0008733261623828437,0.0004166666666666667
0,Non-private (tuned),neg_entropy,0.0009345192145605374,0.0004166666666666667
0,Non-private (tuned),neg_entropy,0.001,0.0016666666666666668
0,Non-private (tuned),neg_entropy,0.0010700689556931745,0.0016666666666666668
0,Non-private (tuned),neg_entropy,0.0011450475699382812,0.0016666666666666668
0,Non-private (tuned),neg_entropy,0.0012252798573828651,0.0016666666666666668
0,Non-private (tuned),neg_entropy,0.0013111339374215643,0.0016666666666666668
0,Non-private (tuned),neg_entropy,0.0014030037231905735,0.0025
0,Non-private (tuned),neg_entropy,0.0015013107289081743,0.0025
0,Non-private (tuned),neg_entropy,0.0016065060038537287,0.0025
0,Non-private (tuned),neg_entropy,0.0017190722018585747,0.002916666666666667
0,Non-private (tuned),neg_entropy,0.0018395257958039712,0.002916666666666667
0,Non-private (tuned),neg_entropy,0.0019684194472866113,0.002916666666666667
0,Non-private (tuned),neg_entropy,0.00210634454232412,0.004166666666666667
0,Non-private (tuned),neg_entropy,0.002253933904734791,0.004166666666666667
0,Non-private (tuned),neg_entropy,0.002411864699640997,0.004166666666666667
0,Non-private (tuned),neg_entropy,0.0025808615404180743,0.004166666666666667
0,Non-private (tuned),neg_entropy,0.002761699813343849,0.005
0,Non-private (tuned),neg_entropy,0.002955209235202888,0.005
0,Non-private (tuned),neg_entropy,0.0031622776601683794,0.005
0,Non-private (tuned),neg_entropy,0.003383855153428233,0.005416666666666667
0,Non-private (tuned),neg_entropy,0.0036209583502459165,0.005416666666666667
0,Non-private (tuned),neg_entropy,0.0038746751204561283,0.005833333333333334
0,Non-private (tuned),neg_entropy,0.004146169559796819,0.005833333333333334
0,Non-private (tuned),neg_entropy,0.004436687330978612,0.005833333333333334
0,Non-private (tuned),neg_entropy,0.004747561378997425,0.006666666666666667
0,Non-private (tuned),neg_entropy,0.005080218046913023,0.006666666666666667
0,Non-private (tuned),neg_entropy,0.005436183620153837,0.006666666666666667
0,Non-private (tuned),neg_entropy,0.005817091329374358,0.0075
0,Non-private (tuned),neg_entropy,0.006224688843995439,0.008333333333333333
0,Non-private (tuned),neg_entropy,0.006660846290809154,0.00875
0,Non-private (tuned),neg_entropy,0.007127564834438914,0.00875
0,Non-private (tuned),neg_entropy,0.007626985859023444,0.01
0,Non-private (tuned),neg_entropy,0.008161400793251826,0.010416666666666666
0,Non-private (tuned),neg_entropy,0.008733261623828438,0.012083333333333333
0,Non-private (tuned),neg_entropy,0.009345192145605374,0.012916666666666667
0,Non-private (tuned),neg_entropy,0.01,0.014583333333333334
0,Non-private (tuned),neg_entropy,0.010700689556931747,0.015416666666666667
0,Non-private (tuned),neg_entropy,0.011450475699382817,0.016666666666666666
0,Non-private (tuned),neg_entropy,0.012252798573828645,0.0175
0,Non-private (tuned),neg_entropy,0.013111339374215644,0.019166666666666665
0,Non-private (tuned),neg_entropy,0.014030037231905735,0.020833333333333332
0,Non-private (tuned),neg_entropy,0.015013107289081735,0.02125
0,Non-private (tuned),neg_entropy,0.01606506003853728,0.021666666666666667
0,Non-private (tuned),neg_entropy,0.017190722018585746,0.022083333333333333
0,Non-private (tuned),neg_entropy,0.01839525795803971,0.022916666666666665
0,Non-private (tuned),neg_entropy,0.019684194472866123,0.024166666666666666
0,Non-private (tuned),neg_entropy,0.02106344542324121,0.025
0,Non-private (tuned),neg_entropy,0.022539339047347912,0.027916666666666666
0,Non-private (tuned),neg_entropy,0.024118646996409972,0.02875
0,Non-private (tuned),neg_entropy,0.02580861540418074,0.029166666666666667
0,Non-private (tuned),neg_entropy,0.02761699813343848,0.029583333333333333
0,Non-private (tuned),neg_entropy,0.029552092352028863,0.030833333333333334
0,Non-private (tuned),neg_entropy,0.03162277660168379,0.034166666666666665
0,Non-private (tuned),neg_entropy,0.033838551534282335,0.03625
0,Non-private (tuned),neg_entropy,0.03620958350245917,0.03875
0,Non-private (tuned),neg_entropy,0.03874675120456132,0.04125
0,Non-private (tuned),neg_entropy,0.04146169559796819,0.04583333333333333
0,Non-private (tuned),neg_entropy,0.044366873309786115,0.049166666666666664
0,Non-private (tuned),neg_entropy,0.047475613789974204,0.05375
0,Non-private (tuned),neg_entropy,0.05080218046913023,0.060833333333333336
0,Non-private (tuned),neg_entropy,0.05436183620153837,0.06541666666666666
0,Non-private (tuned),neg_entropy,0.058170913293743576,0.06875
0,Non-private (tuned),neg_entropy,0.0622468884399544,0.07125
0,Non-private (tuned),neg_entropy,0.06660846290809161,0.07458333333333333
0,Non-private (tuned),neg_entropy,0.07127564834438914,0.07916666666666666
0,Non-private (tuned),neg_entropy,0.07626985859023444,0.08625
0,Non-private (tuned),neg_entropy,0.08161400793251826,0.09291666666666666
0,Non-private (tuned),neg_entropy,0.08733261623828428,0.10125
0,Non-private (tuned),neg_entropy,0.09345192145605374,0.10875
0,Non-private (tuned),neg_entropy,0.1,0.11333333333333333
0,Non-private (tuned),neg_entropy,0.10700689556931746,0.12
0,Non-private (tuned),neg_entropy,0.11450475699382812,0.12875
0,Non-private (tuned),neg_entropy,0.12252798573828651,0.13791666666666666
0,Non-private (tuned),neg_entropy,0.13111339374215644,0.14625
0,Non-private (tuned),neg_entropy,0.14030037231905734,0.15541666666666668
0,Non-private (tuned),neg_entropy,0.15013107289081729,0.16416666666666666
0,Non-private (tuned),neg_entropy,0.16065060038537288,0.17291666666666666
0,Non-private (tuned),neg_entropy,0.17190722018585747,0.1825
0,Non-private (tuned),neg_entropy,0.18395257958039712,0.1925
0,Non-private (tuned),neg_entropy,0.19684194472866112,0.19833333333333333
0,Non-private (tuned),neg_entropy,0.210634454232412,0.21125
0,Non-private (tuned),neg_entropy,0.22539339047347912,0.22375
0,Non-private (tuned),neg_entropy,0.24118646996409973,0.2375
0,Non-private (tuned),neg_entropy,0.2580861540418074,0.24916666666666668
0,Non-private (tuned),neg_entropy,0.27616998133438464,0.2683333333333333
0,Non-private (tuned),neg_entropy,0.2955209235202888,0.29
0,Non-private (tuned),neg_entropy,0.31622776601683794,0.31
0,Non-private (tuned),neg_entropy,0.33838551534282335,0.32958333333333334
0,Non-private (tuned),neg_entropy,0.36209583502459164,0.3591666666666667
0,Non-private (tuned),neg_entropy,0.3874675120456132,0.37916666666666665
0,Non-private (tuned),neg_entropy,0.4146169559796819,0.40875
0,Non-private (tuned),neg_entropy,0.44366873309786115,0.43375
0,Non-private (tuned),neg_entropy,0.474756137899742,0.46041666666666664
0,Non-private (tuned),neg_entropy,0.5080218046913023,0.4925
0,Non-private (tuned),neg_entropy,0.5436183620153837,0.5333333333333333
0,Non-private (tuned),neg_entropy,0.5817091329374358,0.575
0,Non-private (tuned),neg_entropy,0.622468884399544,0.615
0,Non-private (tuned),neg_entropy,0.6660846290809154,0.6583333333333333
0,Non-private (tuned),neg_entropy,0.7127564834438914,0.7008333333333333
0,Non-private (tuned),neg_entropy,0.7626985859023444,0.74875
0,Non-private (tuned),neg_entropy,0.8161400793251826,0.81125
0,Non-private (tuned),neg_entropy,0.8733261623828429,0.8770833333333333
0,Non-private (tuned),neg_entropy,0.9345192145605374,0.9408333333333333
0,Non-private (tuned),neg_entropy,1.0,1.0
0,Non-private (tuned),yeom_neg_loss,0.00031622776601683794,0.0
0,Non-private (tuned),yeom_neg_loss,0.00033838551534282334,0.0
0,Non-private (tuned),yeom_neg_loss,0.0003620958350245917,0.0
0,Non-private (tuned),yeom_neg_loss,0.0003874675120456132,0.0
0,Non-private (tuned),yeom_neg_loss,0.0004146169559796819,0.0
0,Non-private (tuned),yeom_neg_loss,0.0004436687330978611,0.0
0,Non-private (tuned),yeom_neg_loss,0.00047475613789974203,0.0
0,Non-private (tuned),yeom_neg_loss,0.0005080218046913023,0.0
0,Non-private (tuned),yeom_neg_loss,0.0005436183620153838,0.0
0,Non-private (tuned),yeom_neg_loss,0.0005817091329374358,0.0
0,Non-private (tuned),yeom_neg_loss,0.000622468884399544,0.0
0,Non-private (tuned),yeom_neg_loss,0.0006660846290809161,0.0
0,Non-private (tuned),yeom_neg_loss,0.0007127564834438914,0.0004166666666666667
0,Non-private (tuned),yeom_neg_loss,0.0007626985859023443,0.0004166666666666667
0,Non-private (tuned),yeom_neg_loss,0.0008161400793251826,0.0004166666666666667
0,Non-private (tuned),yeom_neg_loss,0.0008733261623828437,0.0004166666666666667
0,Non-private (tuned),yeom_neg_loss,0.0009345192145605374,0.0004166666666666667
0,Non-private (tuned),yeom_neg_loss,0.001,0.0016666666666666668
0,Non-private (tuned),yeom_neg_loss,0.0010700689556931745,0.0016666666666666668
0,Non-private (tuned),yeom_neg_loss,0.0011450475699382812,0.0016666666666666668
0,Non-private (tuned),yeom_neg_loss,0.0012252798573828651,0.0016666666666666668
0,Non-private (tuned),yeom_neg_loss,0.0013111339374215643,0.0016666666666666668
0,Non-private (tuned),yeom_neg_loss,0.0014030037231905735,0.0025
0,Non-private (tuned),yeom_neg_loss,0.0015013107289081743,0.0025
0,Non-private (tuned),yeom_neg_loss,0.0016065060038537287,0.0025
0,Non-private (tuned),yeom_neg_loss,0.0017190722018585747,0.002916666666666667
0,Non-private (tuned),yeom_neg_loss,0.0018395257958039712,0.002916666666666667
0,Non-private (tuned),yeom_neg_loss,0.0019684194472866113,0.002916666666666667
0,Non-private (tuned),yeom_neg_loss,0.00210634454232412,0.004166666666666667
0,Non-private (tuned),yeom_neg_loss,0.002253933904734791,0.004166666666666667
0,Non-private (tuned),yeom_neg_loss,0.002411864699640997,0.004166666666666667
0,Non-private (tuned),yeom_neg_loss,0.0025808615404180743,0.004166666666666667
0,Non-private (tuned),yeom_neg_loss,0.002761699813343849,0.005
0,Non-private (tuned),yeom_neg_loss,0.002955209235202888,0.005
0,Non-private (tuned),yeom_neg_loss,0.0031622776601683794,0.005
0,Non-private (tuned),yeom_neg_loss,0.003383855153428233,0.005416666666666667
0,Non-private (tuned),yeom_neg_loss,0.0036209583502459165,0.005416666666666667
0,Non-private (tuned),yeom_neg_loss,0.0038746751204561283,0.005833333333333334
0,Non-private (tuned),yeom_neg_loss,0.004146169559796819,0.005833333333333334
0,Non-private (tuned),yeom_neg_loss,0.004436687330978612,0.006666666666666667
0,Non-private (tuned),yeom_neg_loss,0.004747561378997425,0.006666666666666667
0,Non-private (tuned),yeom_neg_loss,0.005080218046913023,0.006666666666666667
0,Non-private (tuned),yeom_neg_loss,0.005436183620153837,0.0075
0,Non-private (tuned),yeom_neg_loss,0.005817091329374358,0.008333333333333333
0,Non-private (tuned),yeom_neg_loss,0.006224688843995439,0.00875
0,Non-private (tuned),yeom_neg_loss,0.006660846290809154,0.00875
0,Non-private (tuned),yeom_neg_loss,0.007127564834438914,0.01
0,Non-private (tuned),yeom_neg_loss,0.007626985859023444,0.010416666666666666
0,Non-private (tuned),yeom_neg_loss,0.008161400793251826,0.01125
0,Non-private (tuned),yeom_neg_loss,0.008733261623828438,0.012083333333333333
0,Non-private (tuned),yeom_neg_loss,0.009345192145605374,0.01375
0,Non-private (tuned),yeom_neg_loss,0.01,0.015
0,Non-private (tuned),yeom_neg_loss,0.010700689556931747,0.016666666666666666
0,Non-private (tuned),yeom_neg_loss,0.011450475699382817,0.017083333333333332
0,Non-private (tuned),yeom_neg_loss,0.012252798573828645,0.018333333333333333
0,Non-private (tuned),yeom_neg_loss,0.013111339374215644,0.02
0,Non-private (tuned),yeom_neg_loss,0.014030037231905735,0.020833333333333332
0,Non-private (tuned),yeom_neg_loss,0.015013107289081735,0.020833333333333332
0,Non-private (tuned),yeom_neg_loss,0.01606506003853728,0.02125
0,Non-private (tuned),yeom_neg_loss,0.017190722018585746,0.022083333333333333
0,Non-private (tuned),yeom_neg_loss,0.01839525795803971,0.0225
0,Non-private (tuned),yeom_neg_loss,0.019684194472866123,0.024166666666666666
0,Non-private (tuned),yeom_neg_loss,0.02106344542324121,0.02666666666666667
0,Non-private (tuned),yeom_neg_loss,0.022539339047347912,0.027083333333333334
0,Non-private (tuned),yeom_neg_loss,0.024118646996409972,0.0275
0,Non-private (tuned),yeom_neg_loss,0.02580861540418074,0.0275
0,Non-private (tuned),yeom_neg_loss,0.02761699813343848,0.03166666666666667
0,Non-private (tuned),yeom_neg_loss,0.029552092352028863,0.03375
0,Non-private (tuned),yeom_neg_loss,0.03162277660168379,0.03625
0,Non-private (tuned),yeom_neg_loss,0.033838551534282335,0.03875
0,Non-private (tuned),yeom_neg_loss,0.03620958350245917,0.0425
0,Non-private (tuned),yeom_neg_loss,0.03874675120456132,0.04541666666666667
0,Non-private (tuned),yeom_neg_loss,0.04146169559796819,0.04875
0,Non-private (tuned),yeom_neg_loss,0.044366873309786115,0.05375
0,Non-private (tuned),yeom_neg_loss,0.047475613789974204,0.058333333333333334
0,Non-private (tuned),yeom_neg_loss,0.05080218046913023,0.060833333333333336
0,Non-private (tuned),yeom_neg_loss,0.05436183620153837,0.06291666666666666
0,Non-private (tuned),yeom_neg_loss,0.058170913293743576,0.06666666666666667
0,Non-private (tuned),yeom_neg_loss,0.0622468884399544,0.07083333333333333
0,Non-private (tuned),yeom_neg_loss,0.06660846290809161,0.07541666666666667
0,Non-private (tuned),yeom_neg_loss,0.07127564834438914,0.08166666666666667
0,Non-private (tuned),yeom_neg_loss,0.07626985859023444,0.09041666666666667
0,Non-private (tuned),yeom_neg_loss,0.08161400793251826,0.09625
0,Non-private (tuned),yeom_neg_loss,0.08733261623828428,0.1025
0,Non-private (tuned),yeom_neg_loss,0.09345192145605374,0.10916666666666666
0,Non-private (tuned),yeom_neg_loss,0.1,0.11708333333333333
0,Non-private (tuned),yeom_neg_loss,0.10700689556931746,0.12541666666666668
0,Non-private (tuned),yeom_neg_loss,0.11450475699382812,0.13333333333333333
0,Non-private (tuned),yeom_neg_loss,0.12252798573828651,0.14083333333333334
0,Non-private (tuned),yeom_neg_loss,0.13111339374215644,0.14708333333333334
0,Non-private (tuned),yeom_neg_loss,0.14030037231905734,0.15541666666666668
0,Non-private (tuned),yeom_neg_loss,0.15013107289081729,0.16333333333333333
0,Non-private (tuned),yeom_neg_loss,0.16065060038537288,0.17458333333333334
0,Non-private (tuned),yeom_neg_loss,0.17190722018585747,0.17791666666666667
0,Non-private (tuned),yeom_neg_loss,0.18395257958039712,0.19166666666666668
0,Non-private (tuned),yeom_neg_loss,0.19684194472866112,0.20166666666666666
0,Non-private (tuned),yeom_neg_loss,0.210634454232412,0.21666666666666667
0,Non-private (tuned),yeom_neg_loss,0.22539339047347912,0.22708333333333333
0,Non-private (tuned),yeom_neg_loss,0.24118646996409973,0.24291666666666667
0,Non-private (tuned),yeom_neg_loss,0.2580861540418074,0.25916666666666666
0,Non-private (tuned),yeom_neg_loss,0.27616998133438464,0.28
0,Non-private (tuned),yeom_neg_loss,0.2955209235202888,0.2991666666666667
0,Non-private (tuned),yeom_neg_loss,0.31622776601683794,0.32166666666666666
0,Non-private (tuned),yeom_neg_loss,0.33838551534282335,0.33791666666666664
0,Non-private (tuned),yeom_neg_loss,0.36209583502459164,0.36375
0,Non-private (tuned),yeom_neg_loss,0.3874675120456132,0.3908333333333333
0,Non-private (tuned),yeom_neg_loss,0.4146169559796819,0.41041666666666665
0,Non-private (tuned),yeom_neg_loss,0.44366873309786115,0.44625
0,Non-private (tuned),yeom_neg_loss,0.474756137899742,0.48041666666666666
0,Non-private (tuned),yeom_neg_loss,0.5080218046913023,0.5158333333333334
0,Non-private (tuned),yeom_neg_loss,0.5436183620153837,0.5508333333333333
0,Non-private (tuned),yeom_neg_loss,0.5817091329374358,0.5825
0,Non-private (tuned),yeom_neg_loss,0.622468884399544,0.62625
0,Non-private (tuned),yeom_neg_loss,0.6660846290809154,0.6829166666666666
0,Non-private (tuned),yeom_neg_loss,0.7127564834438914,0.7325
0,Non-private (tuned),yeom_neg_loss,0.7626985859023444,0.77375
0,Non-private (tuned),yeom_neg_loss,0.8161400793251826,0.8295833333333333
0,Non-private (tuned),yeom_neg_loss,0.8733261623828429,0.8895833333333333
0,Non-private (tuned),yeom_neg_loss,0.9345192145605374,0.9470833333333334
0,Non-private (tuned),yeom_neg_loss,1.0,1.0
0,Non-private (tuned),modified_entropy,0.00031622776601683794,0.0
0,Non-private (tuned),modified_entropy,0.00033838551534282334,0.0
0,Non-private (tuned),modified_entropy,0.0003620958350245917,0.0
0,Non-private (tuned),modified_entropy,0.0003874675120456132,0.0
0,Non-private (tuned),modified_entropy,0.0004146169559796819,0.0
0,Non-private (tuned),modified_entropy,0.0004436687330978611,0.0
0,Non-private (tuned),modified_entropy,0.00047475613789974203,0.0
0,Non-private (tuned),modified_entropy,0.0005080218046913023,0.0
0,Non-private (tuned),modified_entropy,0.0005436183620153838,0.0
0,Non-private (tuned),modified_entropy,0.0005817091329374358,0.0
0,Non-private (tuned),modified_entropy,0.000622468884399544,0.0
0,Non-private (tuned),modified_entropy,0.0006660846290809161,0.0
0,Non-private (tuned),modified_entropy,0.0007127564834438914,0.0004166666666666667
0,Non-private (tuned),modified_entropy,0.0007626985859023443,0.0004166666666666667
0,Non-private (tuned),modified_entropy,0.0008161400793251826,0.0004166666666666667
0,Non-private (tuned),modified_entropy,0.0008733261623828437,0.0004166666666666667
0,Non-private (tuned),modified_entropy,0.0009345192145605374,0.0004166666666666667
0,Non-private (tuned),modified_entropy,0.001,0.0016666666666666668
0,Non-private (tuned),modified_entropy,0.0010700689556931745,0.0016666666666666668
0,Non-private (tuned),modified_entropy,0.0011450475699382812,0.0016666666666666668
0,Non-private (tuned),modified_entropy,0.0012252798573828651,0.0016666666666666668
0,Non-private (tuned),modified_entropy,0.0013111339374215643,0.0016666666666666668
0,Non-private (tuned),modified_entropy,0.0014030037231905735,0.0025
0,Non-private (tuned),modified_entropy,0.0015013107289081743,0.0025
0,Non-private (tuned),modified_entropy,0.0016065060038537287,0.0025
0,Non-private (tuned),modified_entropy,0.0017190722018585747,0.002916666666666667
0,Non-private (tuned),modified_entropy,0.0018395257958039712,0.002916666666666667
0,Non-private (tuned),modified_entropy,0.0019684194472866113,0.002916666666666667
0,Non-private (tuned),modified_entropy,0.00210634454232412,0.004166666666666667
0,Non-private (tuned),modified_entropy,0.002253933904734791,0.004166666666666667
0,Non-private (tuned),modified_entropy,0.002411864699640997,0.004166666666666667
0,Non-private (tuned),modified_entropy,0.0025808615404180743,0.004166666666666667
0,Non-private (tuned),modified_entropy,0.002761699813343849,0.005
0,Non-private (tuned),modified_entropy,0.002955209235202888,0.005
0,Non-private (tuned),modified_entropy,0.0031622776601683794,0.005
0,Non-private (tuned),modified_entropy,0.003383855153428233,0.005416666666666667
0,Non-private (tuned),modified_entropy,0.0036209583502459165,0.005416666666666667
0,Non-private (tuned),modified_entropy,0.0038746751204561283,0.005833333333333334
0,Non-private (tuned),modified_entropy,0.004146169559796819,0.005833333333333334
0,Non-private (tuned),modified_entropy,0.004436687330978612,0.006666666666666667
0,Non-private (tuned),modified_entropy,0.004747561378997425,0.006666666666666667
0,Non-private (tuned),modified_entropy,0.005080218046913023,0.006666666666666667
0,Non-private (tuned),modified_entropy,0.005436183620153837,0.0075
0,Non-private (tuned),modified_entropy,0.005817091329374358,0.008333333333333333
0,Non-private (tuned),modified_entropy,0.006224688843995439,0.00875
0,Non-private (tuned),modified_entropy,0.006660846290809154,0.00875
0,Non-private (tuned),modified_entropy,0.007127564834438914,0.01
0,Non-private (tuned),modified_entropy,0.007626985859023444,0.010416666666666666
0,Non-private (tuned),modified_entropy,0.008161400793251826,0.01125
0,Non-private (tuned),modified_entropy,0.008733261623828438,0.012083333333333333
0,Non-private (tuned),modified_entropy,0.009345192145605374,0.01375
0,Non-private (tuned),modified_entropy,0.01,0.015
0,Non-private (tuned),modified_entropy,0.010700689556931747,0.016666666666666666
0,Non-private (tuned),modified_entropy,0.011450475699382817,0.017083333333333332
0,Non-private (tuned),modified_entropy,0.012252798573828645,0.018333333333333333
0,Non-private (tuned),modified_entropy,0.013111339374215644,0.02
0,Non-private (tuned),modified_entropy,0.014030037231905735,0.020833333333333332
0,Non-private (tuned),modified_entropy,0.015013107289081735,0.020833333333333332
0,Non-private (tuned),modified_entropy,0.01606506003853728,0.02125
0,Non-private (tuned),modified_entropy,0.017190722018585746,0.022083333333333333
0,Non-private (tuned),modified_entropy,0.01839525795803971,0.0225
0,Non-private (tuned),modified_entropy,0.019684194472866123,0.024166666666666666
0,Non-private (tuned),modified_entropy,0.02106344542324121,0.02666666666666667
0,Non-private (tuned),modified_entropy,0.022539339047347912,0.027083333333333334
0,Non-private (tuned),modified_entropy,0.024118646996409972,0.0275
0,Non-private (tuned),modified_entropy,0.02580861540418074,0.0275
0,Non-private (tuned),modified_entropy,0.02761699813343848,0.03166666666666667
0,Non-private (tuned),modified_entropy,0.029552092352028863,0.03375
0,Non-private (tuned),modified_entropy,0.03162277660168379,0.03625
0,Non-private (tuned),modified_entropy,0.033838551534282335,0.03875
0,Non-private (tuned),modified_entropy,0.03620958350245917,0.0425
0,Non-private (tuned),modified_entropy,0.03874675120456132,0.04541666666666667
0,Non-private (tuned),modified_entropy,0.04146169559796819,0.04875
0,Non-private (tuned),modified_entropy,0.044366873309786115,0.05375
0,Non-private (tuned),modified_entropy,0.047475613789974204,0.058333333333333334
0,Non-private (tuned),modified_entropy,0.05080218046913023,0.060833333333333336
0,Non-private (tuned),modified_entropy,0.05436183620153837,0.06291666666666666
0,Non-private (tuned),modified_entropy,0.058170913293743576,0.06666666666666667
0,Non-private (tuned),modified_entropy,0.0622468884399544,0.07083333333333333
0,Non-private (tuned),modified_entropy,0.06660846290809161,0.07541666666666667
0,Non-private (tuned),modified_entropy,0.07127564834438914,0.08166666666666667
0,Non-private (tuned),modified_entropy,0.07626985859023444,0.09041666666666667
0,Non-private (tuned),modified_entropy,0.08161400793251826,0.09625
0,Non-private (tuned),modified_entropy,0.08733261623828428,0.1025
0,Non-private (tuned),modified_entropy,0.09345192145605374,0.10916666666666666
0,Non-private (tuned),modified_entropy,0.1,0.11708333333333333
0,Non-private (tuned),modified_entropy,0.10700689556931746,0.12541666666666668
0,Non-private (tuned),modified_entropy,0.11450475699382812,0.13333333333333333
0,Non-private (tuned),modified_entropy,0.12252798573828651,0.14083333333333334
0,Non-private (tuned),modified_entropy,0.13111339374215644,0.14708333333333334
0,Non-private (tuned),modified_entropy,0.14030037231905734,0.15541666666666668
0,Non-private (tuned),modified_entropy,0.15013107289081729,0.16333333333333333
0,Non-private (tuned),modified_entropy,0.16065060038537288,0.17458333333333334
0,Non-private (tuned),modified_entropy,0.17190722018585747,0.17791666666666667
0,Non-private (tuned),modified_entropy,0.18395257958039712,0.19166666666666668
0,Non-private (tuned),modified_entropy,0.19684194472866112,0.20166666666666666
0,Non-private (tuned),modified_entropy,0.210634454232412,0.21666666666666667
0,Non-private (tuned),modified_entropy,0.22539339047347912,0.22708333333333333
0,Non-private (tuned),modified_entropy,0.24118646996409973,0.24291666666666667
0,Non-private (tuned),modified_entropy,0.2580861540418074,0.25916666666666666
0,Non-private (tuned),modified_entropy,0.27616998133438464,0.28
0,Non-private (tuned),modified_entropy,0.2955209235202888,0.2991666666666667
0,Non-private (tuned),modified_entropy,0.31622776601683794,0.32166666666666666
0,Non-private (tuned),modified_entropy,0.33838551534282335,0.33791666666666664
0,Non-private (tuned),modified_entropy,0.36209583502459164,0.36375
0,Non-private (tuned),modified_entropy,0.3874675120456132,0.3908333333333333
0,Non-private (tuned),modified_entropy,0.4146169559796819,0.41041666666666665
0,Non-private (tuned),modified_entropy,0.44366873309786115,0.44625
0,Non-private (tuned),modified_entropy,0.474756137899742,0.48041666666666666
0,Non-private (tuned),modified_entropy,0.5080218046913023,0.5158333333333334
0,Non-private (tuned),modified_entropy,0.5436183620153837,0.5508333333333333
0,Non-private (tuned),modified_entropy,0.5817091329374358,0.5825
0,Non-private (tuned),modified_entropy,0.622468884399544,0.62625
0,Non-private (tuned),modified_entropy,0.6660846290809154,0.6829166666666666
0,Non-private (tuned),modified_entropy,0.7127564834438914,0.7325
0,Non-private (tuned),modified_entropy,0.7626985859023444,0.77375
0,Non-private (tuned),modified_entropy,0.8161400793251826,0.8295833333333333
0,Non-private (tuned),modified_entropy,0.8733261623828429,0.8895833333333333
0,Non-private (tuned),modified_entropy,0.9345192145605374,0.9470833333333334
0,Non-private (tuned),modified_entropy,1.0,1.0
0,Non-private (tuned),class_calibrated_loss,0.00031622776601683794,0.0
0,Non-private (tuned),class_calibrated_loss,0.00033838551534282334,0.0008333333333333334
0,Non-private (tuned),class_calibrated_loss,0.0003620958350245917,0.0008333333333333334
0,Non-private (tuned),class_calibrated_loss,0.0003874675120456132,0.0008333333333333334
0,Non-private (tuned),class_calibrated_loss,0.0004146169559796819,0.0008333333333333334
0,Non-private (tuned),class_calibrated_loss,0.0004436687330978611,0.0008333333333333334
0,Non-private (tuned),class_calibrated_loss,0.00047475613789974203,0.0008333333333333334
0,Non-private (tuned),class_calibrated_loss,0.0005080218046913023,0.0008333333333333334
0,Non-private (tuned),class_calibrated_loss,0.0005436183620153838,0.0008333333333333334
0,Non-private (tuned),class_calibrated_loss,0.0005817091329374358,0.0008333333333333334
0,Non-private (tuned),class_calibrated_loss,0.000622468884399544,0.0008333333333333334
0,Non-private (tuned),class_calibrated_loss,0.0006660846290809161,0.0008333333333333334
0,Non-private (tuned),class_calibrated_loss,0.0007127564834438914,0.0016666666666666668
0,Non-private (tuned),class_calibrated_loss,0.0007626985859023443,0.0016666666666666668
0,Non-private (tuned),class_calibrated_loss,0.0008161400793251826,0.0016666666666666668
0,Non-private (tuned),class_calibrated_loss,0.0008733261623828437,0.0016666666666666668
0,Non-private (tuned),class_calibrated_loss,0.0009345192145605374,0.0016666666666666668
0,Non-private (tuned),class_calibrated_loss,0.001,0.0016666666666666668
0,Non-private (tuned),class_calibrated_loss,0.0010700689556931745,0.0016666666666666668
0,Non-private (tuned),class_calibrated_loss,0.0011450475699382812,0.0016666666666666668
0,Non-private (tuned),class_calibrated_loss,0.0012252798573828651,0.0016666666666666668
0,Non-private (tuned),class_calibrated_loss,0.0013111339374215643,0.0016666666666666668
0,Non-private (tuned),class_calibrated_loss,0.0014030037231905735,0.0033333333333333335
0,Non-private (tuned),class_calibrated_loss,0.0015013107289081743,0.0033333333333333335
0,Non-private (tuned),class_calibrated_loss,0.0016065060038537287,0.0033333333333333335
0,Non-private (tuned),class_calibrated_loss,0.0017190722018585747,0.00375
0,Non-private (tuned),class_calibrated_loss,0.0018395257958039712,0.00375
0,Non-private (tuned),class_calibrated_loss,0.0019684194472866113,0.00375
0,Non-private (tuned),class_calibrated_loss,0.00210634454232412,0.004166666666666667
0,Non-private (tuned),class_calibrated_loss,0.002253933904734791,0.004166666666666667
0,Non-private (tuned),class_calibrated_loss,0.002411864699640997,0.005
0,Non-private (tuned),class_calibrated_loss,0.0025808615404180743,0.005
0,Non-private (tuned),class_calibrated_loss,0.002761699813343849,0.006666666666666667
0,Non-private (tuned),class_calibrated_loss,0.002955209235202888,0.006666666666666667
0,Non-private (tuned),class_calibrated_loss,0.0031622776601683794,0.006666666666666667
0,Non-private (tuned),class_calibrated_loss,0.003383855153428233,0.0075
0,Non-private (tuned),class_calibrated_loss,0.0036209583502459165,0.0075
0,Non-private (tuned),class_calibrated_loss,0.0038746751204561283,0.009583333333333333
0,Non-private (tuned),class_calibrated_loss,0.004146169559796819,0.01
0,Non-private (tuned),class_calibrated_loss,0.004436687330978612,0.010833333333333334
0,Non-private (tuned),class_calibrated_loss,0.004747561378997425,0.010833333333333334
0,Non-private (tuned),class_calibrated_loss,0.005080218046913023,0.012083333333333333
0,Non-private (tuned),class_calibrated_loss,0.005436183620153837,0.012083333333333333
0,Non-private (tuned),class_calibrated_loss,0.005817091329374358,0.012083333333333333
0,Non-private (tuned),class_calibrated_loss,0.006224688843995439,0.012083333333333333
0,Non-private (tuned),class_calibrated_loss,0.006660846290809154,0.012916666666666667
0,Non-private (tuned),class_calibrated_loss,0.007127564834438914,0.013333333333333334
0,Non-private (tuned),class_calibrated_loss,0.007626985859023444,0.013333333333333334
0,Non-private (tuned),class_calibrated_loss,0.008161400793251826,0.01375
0,Non-private (tuned),class_calibrated_loss,0.008733261623828438,0.014583333333333334
0,Non-private (tuned),class_calibrated_loss,0.009345192145605374,0.015
0,Non-private (tuned),class_calibrated_loss,0.01,0.015
0,Non-private (tuned),class_calibrated_loss,0.010700689556931747,0.015
0,Non-private (tuned),class_calibrated_loss,0.011450475699382817,0.015833333333333335
0,Non-private (tuned),class_calibrated_loss,0.012252798573828645,0.017083333333333332
0,Non-private (tuned),class_calibrated_loss,0.013111339374215644,0.017916666666666668
0,Non-private (tuned),class_calibrated_loss,0.014030037231905735,0.019166666666666665
0,Non-private (tuned),class_calibrated_loss,0.015013107289081735,0.019583333333333335
0,Non-private (tuned),class_calibrated_loss,0.01606506003853728,0.02
0,Non-private (tuned),class_calibrated_loss,0.017190722018585746,0.020833333333333332
0,Non-private (tuned),class_calibrated_loss,0.01839525795803971,0.022083333333333333
0,Non-private (tuned),class_calibrated_loss,0.019684194472866123,0.024166666666666666
0,Non-private (tuned),class_calibrated_loss,0.02106344542324121,0.024583333333333332
0,Non-private (tuned),class_calibrated_loss,0.022539339047347912,0.02625
0,Non-private (tuned),class_calibrated_loss,0.024118646996409972,0.027083333333333334
0,Non-private (tuned),class_calibrated_loss,0.02580861540418074,0.029583333333333333
0,Non-private (tuned),class_calibrated_loss,0.02761699813343848,0.034166666666666665
0,Non-private (tuned),class_calibrated_loss,0.029552092352028863,0.035
0,Non-private (tuned),class_calibrated_loss,0.03162277660168379,0.037083333333333336
0,Non-private (tuned),class_calibrated_loss,0.033838551534282335,0.03958333333333333
0,Non-private (tuned),class_calibrated_loss,0.03620958350245917,0.044583333333333336
0,Non-private (tuned),class_calibrated_loss,0.03874675120456132,0.04833333333333333
0,Non-private (tuned),class_calibrated_loss,0.04146169559796819,0.05125
0,Non-private (tuned),class_calibrated_loss,0.044366873309786115,0.05375
0,Non-private (tuned),class_calibrated_loss,0.047475613789974204,0.055
0,Non-private (tuned),class_calibrated_loss,0.05080218046913023,0.0575
0,Non-private (tuned),class_calibrated_loss,0.05436183620153837,0.06125
0,Non-private (tuned),class_calibrated_loss,0.058170913293743576,0.06458333333333334
0,Non-private (tuned),class_calibrated_loss,0.0622468884399544,0.06708333333333333
0,Non-private (tuned),class_calibrated_loss,0.06660846290809161,0.075
0,Non-private (tuned),class_calibrated_loss,0.07127564834438914,0.085
0,Non-private (tuned),class_calibrated_loss,0.07626985859023444,0.09041666666666667
0,Non-private (tuned),class_calibrated_loss,0.08161400793251826,0.09458333333333334
0,Non-private (tuned),class_calibrated_loss,0.08733261623828428,0.10041666666666667
0,Non-private (tuned),class_calibrated_loss,0.09345192145605374,0.10708333333333334
0,Non-private (tuned),class_calibrated_loss,0.1,0.11041666666666666
0,Non-private (tuned),class_calibrated_loss,0.10700689556931746,0.12041666666666667
0,Non-private (tuned),class_calibrated_loss,0.11450475699382812,0.13041666666666665
0,Non-private (tuned),class_calibrated_loss,0.12252798573828651,0.14416666666666667
0,Non-private (tuned),class_calibrated_loss,0.13111339374215644,0.1525
0,Non-private (tuned),class_calibrated_loss,0.14030037231905734,0.16333333333333333
0,Non-private (tuned),class_calibrated_loss,0.15013107289081729,0.17
0,Non-private (tuned),class_calibrated_loss,0.16065060038537288,0.17708333333333334
0,Non-private (tuned),class_calibrated_loss,0.17190722018585747,0.18666666666666668
0,Non-private (tuned),class_calibrated_loss,0.18395257958039712,0.19791666666666666
0,Non-private (tuned),class_calibrated_loss,0.19684194472866112,0.21
0,Non-private (tuned),class_calibrated_loss,0.210634454232412,0.22125
0,Non-private (tuned),class_calibrated_loss,0.22539339047347912,0.23625
0,Non-private (tuned),class_calibrated_loss,0.24118646996409973,0.24541666666666667
0,Non-private (tuned),class_calibrated_loss,0.2580861540418074,0.26
0,Non-private (tuned),class_calibrated_loss,0.27616998133438464,0.27791666666666665
0,Non-private (tuned),class_calibrated_loss,0.2955209235202888,0.2975
0,Non-private (tuned),class_calibrated_loss,0.31622776601683794,0.31625
0,Non-private (tuned),class_calibrated_loss,0.33838551534282335,0.33458333333333334
0,Non-private (tuned),class_calibrated_loss,0.36209583502459164,0.3645833333333333
0,Non-private (tuned),class_calibrated_loss,0.3874675120456132,0.385
0,Non-private (tuned),class_calibrated_loss,0.4146169559796819,0.41041666666666665
0,Non-private (tuned),class_calibrated_loss,0.44366873309786115,0.4483333333333333
0,Non-private (tuned),class_calibrated_loss,0.474756137899742,0.47541666666666665
0,Non-private (tuned),class_calibrated_loss,0.5080218046913023,0.515
0,Non-private (tuned),class_calibrated_loss,0.5436183620153837,0.5554166666666667
0,Non-private (tuned),class_calibrated_loss,0.5817091329374358,0.5954166666666667
0,Non-private (tuned),class_calibrated_loss,0.622468884399544,0.6316666666666667
0,Non-private (tuned),class_calibrated_loss,0.6660846290809154,0.67875
0,Non-private (tuned),class_calibrated_loss,0.7127564834438914,0.7295833333333334
0,Non-private (tuned),class_calibrated_loss,0.7626985859023444,0.7741666666666667
0,Non-private (tuned),class_calibrated_loss,0.8161400793251826,0.8291666666666667
0,Non-private (tuned),class_calibrated_loss,0.8733261623828429,0.8891666666666667
0,Non-private (tuned),class_calibrated_loss,0.9345192145605374,0.9475
0,Non-private (tuned),class_calibrated_loss,1.0,1.0
0,Non-private (tuned),learned_ensemble,0.00031622776601683794,0.00019764235376052374
0,Non-private (tuned),learned_ensemble,0.00033838551534282334,0.00021149094708926462
0,Non-private (tuned),learned_ensemble,0.0003620958350245917,0.00022630989689036984
0,Non-private (tuned),learned_ensemble,0.0003874675120456132,0.00024216719502850832
0,Non-private (tuned),learned_ensemble,0.0004146169559796819,0.00025913559748730124
0,Non-private (tuned),learned_ensemble,0.0004436687330978611,0.0002772929581861632
0,Non-private (tuned),learned_ensemble,0.00047475613789974203,0.0002967225861873388
0,Non-private (tuned),learned_ensemble,0.0005080218046913023,0.000317513627932064
0,Non-private (tuned),learned_ensemble,0.0005436183620153838,0.0003397614762596149
0,Non-private (tuned),learned_ensemble,0.0005817091329374358,0.00036356820808589746
0,Non-private (tuned),learned_ensemble,0.000622468884399544,0.00038904305274971507
0,Non-private (tuned),learned_ensemble,0.0006660846290809161,0.00041630289317557263
0,Non-private (tuned),learned_ensemble,0.0007127564834438914,0.0004742789376381976
0,Non-private (tuned),learned_ensemble,0.0007626985859023443,0.0005367065657112638
0,Non-private (tuned),learned_ensemble,0.0008161400793251826,0.0006035084324898116
0,Non-private (tuned),learned_ensemble,0.0008733261623828437,0.000674991036311888
0,Non-private (tuned),learned_ensemble,0.0009345192145605374,0.0007514823515340052
0,Non-private (tuned),learned_ensemble,0.001,0.00125
0,Non-private (tuned),learned_ensemble,0.0010700689556931745,0.001293793097308234
0,Non-private (tuned),learned_ensemble,0.0011450475699382812,0.0013406547312114258
0,Non-private (tuned),learned_ensemble,0.0012252798573828651,0.0013907999108642907
0,Non-private (tuned),learned_ensemble,0.0013111339374215643,0.0014444587108884777
0,Non-private (tuned),learned_ensemble,0.0014030037231905735,0.0015018773269941084
0,Non-private (tuned),learned_ensemble,0.0015013107289081743,0.001563319205567609
0,Non-private (tuned),learned_ensemble,0.0016065060038537287,0.0016290662524085803
0,Non-private (tuned),learned_ensemble,0.0017190722018585747,0.0016666666666666668
0,Non-private (tuned),learned_ensemble,0.0018395257958039712,0.0016666666666666668
0,Non-private (tuned),learned_ensemble,0.0019684194472866113,0.0016666666666666668
0,Non-private (tuned),learned_ensemble,0.00210634454232412,0.0016666666666666668
0,Non-private (tuned),learned_ensemble,0.002253933904734791,0.0016666666666666668
0,Non-private (tuned),learned_ensemble,0.002411864699640997,0.0016666666666666668
0,Non-private (tuned),learned_ensemble,0.0025808615404180743,0.0016666666666666668
0,Non-private (tuned),learned_ensemble,0.002761699813343849,0.001745860955564319
0,Non-private (tuned),learned_ensemble,0.002955209235202888,0.001907118807113518
0,Non-private (tuned),learned_ensemble,0.0031622776601683794,0.002079675827918094
0,Non-private (tuned),learned_ensemble,0.003383855153428233,0.0022643237389679723
0,Non-private (tuned),learned_ensemble,0.0036209583502459165,0.0024619097363160415
0,Non-private (tuned),learned_ensemble,0.0038746751204561283,0.0025866701890789423
0,Non-private (tuned),learned_ensemble,0.004146169559796819,0.0026997928721375635
0,Non-private (tuned),learned_ensemble,0.004436687330978612,0.0028208419434633102
0,Non-private (tuned),learned_ensemble,0.004747561378997425,0.0029672258618733908
0,Non-private (tuned),learned_ensemble,0.005080218046913023,0.0031751362793206394
0,Non-private (tuned),learned_ensemble,0.005436183620153837,0.003397614762596148
0,Non-private (tuned),learned_ensemble,0.005817091329374358,0.0036356820808589735
0,Non-private (tuned),learned_ensemble,0.006224688843995439,0.00375
0,Non-private (tuned),learned_ensemble,0.006660846290809154,0.00375
0,Non-private (tuned),learned_ensemble,0.007127564834438914,0.0040380613548576545
0,Non-private (tuned),learned_ensemble,0.007626985859023444,0.004350199495222986
0,Non-private (tuned),learned_ensemble,0.008161400793251826,0.0046842088291157245
0,Non-private (tuned),learned_ensemble,0.008733261623828438,0.005041621848226107
0,Non-private (tuned),learned_ensemble,0.009345192145605374,0.005416666666666667
0,Non-private (tuned),learned_ensemble,0.01,0.00625
0,Non-private (tuned),learned_ensemble,0.010700689556931747,0.007125861946164684
0,Non-private (tuned),learned_ensemble,0.011450475699382817,0.007922320968171392
0,Non-private (tuned),learned_ensemble,0.012252798573828645,0.008674498662964355
0,Non-private (tuned),learned_ensemble,0.013111339374215644,0.009479380663327167
0,Non-private (tuned),learned_ensemble,0.014030037231905735,0.010340659904911627
0,Non-private (tuned),learned_ensemble,0.015013107289081735,0.01126638411135217
0,Non-private (tuned),learned_ensemble,0.01606506003853728,0.011707329190752467
0,Non-private (tuned),learned_ensemble,0.017190722018585746,0.012410867928282759
0,Non-private (tuned),learned_ensemble,0.01839525795803971,0.013410739114216308
0,Non-private (tuned),learned_ensemble,0.019684194472866123,0.014802621545541326
0,Non-private (tuned),learned_ensemble,0.02106344542324121,0.015416666666666667
0,Non-private (tuned),learned_ensemble,0.022539339047347912,0.01851126071377733
0,Non-private (tuned),learned_ensemble,0.024118646996409972,0.01926856440347975
0,Non-private (tuned),learned_ensemble,0.02580861540418074,0.01967205129427963
0,Non-private (tuned),learned_ensemble,0.02761699813343848,0.021265176904855784
0,Non-private (tuned),learned_ensemble,0.029552092352028863,0.023326839826720784
0,Non-private (tuned),learned_ensemble,0.03162277660168379,0.025325792810726517
0,Non-private (tuned),learned_ensemble,0.033838551534282335,0.027875998147909278
0,Non-private (tuned),learned_ensemble,0.03620958350245917,0.030833333333333334
0,Non-private (tuned),learned_ensemble,0.03874675120456132,0.03317505283618416
0,Non-private (tuned),learned_ensemble,0.04146169559796819,0.03766045283079356
0,Non-private (tuned),learned_ensemble,0.044366873309786115,0.04379192497056598
0,Non-private (tuned),learned_ensemble,0.047475613789974204,0.04743903447493551
0,Non-private (tuned),learned_ensemble,0.05080218046913023,0.050251817057608526
0,Non-private (tuned),learned_ensemble,0.05436183620153837,0.053833258345432594
0,Non-private (tuned),learned_ensemble,0.058170913293743576,0.05729343609461538
0,Non-private (tuned),learned_ensemble,0.0622468884399544,0.061692860381592565
0,Non-private (tuned),learned_ensemble,0.06660846290809161,0.06689594131229856
0,Non-private (tuned),learned_ensemble,0.07127564834438914,0.07208620224300123
0,Non-private (tuned),learned_ensemble,0.07626985859023444,0.07583333333333334
0,Non-private (tuned),learned_ensemble,0.08161400793251826,0.08017542162449058
0,Non-private (tuned),learned_ensemble,0.08733261623828428,0.084027478988174
0,Non-private (tuned),learned_ensemble,0.09345192145605374,0.08695112034766703
0,Non-private (tuned),learned_ensemble,0.1,0.09390625000000001
0,Non-private (tuned),learned_ensemble,0.10700689556931746,0.09833716420517637
0,Non-private (tuned),learned_ensemble,0.11450475699382812,0.10250264277434895
0,Non-private (tuned),learned_ensemble,0.12252798573828651,0.10820526341702462
0,Non-private (tuned),learned_ensemble,0.13111339374215644,0.1168502923098103
0,Non-private (tuned),learned_ensemble,0.14030037231905734,0.12143773269941084
0,Non-private (tuned),learned_ensemble,0.15013107289081729,0.12999646805856865
0,Non-private (tuned),learned_ensemble,0.16065060038537288,0.14049902072594767
0,Non-private (tuned),learned_ensemble,0.17190722018585747,0.15379164575027968
0,Non-private (tuned),learned_ensemble,0.18395257958039712,0.16349721002328896
0,Non-private (tuned),learned_ensemble,0.19684194472866112,0.1774750926873315
0,Non-private (tuned),learned_ensemble,0.210634454232412,0.1890669693674512
0,Non-private (tuned),learned_ensemble,0.22539339047347912,0.20405244217396573
0,Non-private (tuned),learned_ensemble,0.24118646996409973,0.22481642078845798
0,Non-private (tuned),learned_ensemble,0.2580861540418074,0.24155366945412007
0,Non-private (tuned),learned_ensemble,0.27616998133438464,0.26062914333464743
0,Non-private (tuned),learned_ensemble,0.2955209235202888,0.28953975177400726
0,Non-private (tuned),learned_ensemble,0.31622776601683794,0.3088870541066415
0,Non-private (tuned),learned_ensemble,0.33838551534282335,0.32959000170920366
0,Non-private (tuned),learned_ensemble,0.36209583502459164,0.35130088287384537
0,Non-private (tuned),learned_ensemble,0.3874675120456132,0.3769337013830613
0,Non-private (tuned),learned_ensemble,0.4146169559796819,0.41208435472012656
0,Non-private (tuned),learned_ensemble,0.44366873309786115,0.4343002168806351
0,Non-private (tuned),learned_ensemble,0.474756137899742,0.47203835049850096
0,Non-private (tuned),learned_ensemble,0.5080218046913023,0.5084606134089684
0,Non-private (tuned),learned_ensemble,0.5436183620153837,0.5403601366048849
0,Non-private (tuned),learned_ensemble,0.5817091329374358,0.5812912866521367
0,Non-private (tuned),learned_ensemble,0.622468884399544,0.6216408464599305
0,Non-private (tuned),learned_ensemble,0.6660846290809154,0.6597420128600496
0,Non-private (tuned),learned_ensemble,0.7127564834438914,0.7147666121503965
0,Non-private (tuned),learned_ensemble,0.7626985859023444,0.7589770312194299
0,Non-private (tuned),learned_ensemble,0.8161400793251826,0.8054478950653762
0,Non-private (tuned),learned_ensemble,0.8733261623828429,0.8619225378046312
0,Non-private (tuned),learned_ensemble,0.9345192145605374,0.9391826788004478
0,Non-private (tuned),learned_ensemble,1.0,1.0
0,Non-private (tuned),lira,0.00031622776601683794,0.0008333333333333334
0,Non-private (tuned),lira,0.00033838551534282334,0.0008333333333333334
0,Non-private (tuned),lira,0.0003620958350245917,0.0008333333333333334
0,Non-private (tuned),lira,0.0003874675120456132,0.0008333333333333334
0,Non-private (tuned),lira,0.0004146169559796819,0.0008333333333333334
0,Non-private (tuned),lira,0.0004436687330978611,0.0008333333333333334
0,Non-private (tuned),lira,0.00047475613789974203,0.0008333333333333334
0,Non-private (tuned),lira,0.0005080218046913023,0.0008333333333333334
0,Non-private (tuned),lira,0.0005436183620153838,0.0008333333333333334
0,Non-private (tuned),lira,0.0005817091329374358,0.0008333333333333334
0,Non-private (tuned),lira,0.000622468884399544,0.0008333333333333334
0,Non-private (tuned),lira,0.0006660846290809161,0.0008333333333333334
0,Non-private (tuned),lira,0.0007127564834438914,0.00125
0,Non-private (tuned),lira,0.0007626985859023443,0.00125
0,Non-private (tuned),lira,0.0008161400793251826,0.00125
0,Non-private (tuned),lira,0.0008733261623828437,0.00125
0,Non-private (tuned),lira,0.0009345192145605374,0.00125
0,Non-private (tuned),lira,0.001,0.00125
0,Non-private (tuned),lira,0.0010700689556931745,0.00125
0,Non-private (tuned),lira,0.0011450475699382812,0.00125
0,Non-private (tuned),lira,0.0012252798573828651,0.00125
0,Non-private (tuned),lira,0.0013111339374215643,0.00125
0,Non-private (tuned),lira,0.0014030037231905735,0.00125
0,Non-private (tuned),lira,0.0015013107289081743,0.00125
0,Non-private (tuned),lira,0.0016065060038537287,0.00125
0,Non-private (tuned),lira,0.0017190722018585747,0.00125
0,Non-private (tuned),lira,0.0018395257958039712,0.00125
0,Non-private (tuned),lira,0.0019684194472866113,0.00125
0,Non-private (tuned),lira,0.00210634454232412,0.00125
0,Non-private (tuned),lira,0.002253933904734791,0.00125
0,Non-private (tuned),lira,0.002411864699640997,0.00125
0,Non-private (tuned),lira,0.0025808615404180743,0.00125
0,Non-private (tuned),lira,0.002761699813343849,0.00125
0,Non-private (tuned),lira,0.002955209235202888,0.00125
0,Non-private (tuned),lira,0.0031622776601683794,0.00125
0,Non-private (tuned),lira,0.003383855153428233,0.00125
0,Non-private (tuned),lira,0.0036209583502459165,0.00125
0,Non-private (tuned),lira,0.0038746751204561283,0.0020833333333333333
0,Non-private (tuned),lira,0.004146169559796819,0.0020833333333333333
0,Non-private (tuned),lira,0.004436687330978612,0.0025
0,Non-private (tuned),lira,0.004747561378997425,0.0025
0,Non-private (tuned),lira,0.005080218046913023,0.0025
0,Non-private (tuned),lira,0.005436183620153837,0.002916666666666667
0,Non-private (tuned),lira,0.005817091329374358,0.00375
0,Non-private (tuned),lira,0.006224688843995439,0.00375
0,Non-private (tuned),lira,0.006660846290809154,0.004166666666666667
0,Non-private (tuned),lira,0.007127564834438914,0.005833333333333334
0,Non-private (tuned),lira,0.007626985859023444,0.00625
0,Non-private (tuned),lira,0.008161400793251826,0.006666666666666667
0,Non-private (tuned),lira,0.008733261623828438,0.007083333333333333
0,Non-private (tuned),lira,0.009345192145605374,0.007916666666666667
0,Non-private (tuned),lira,0.01,0.007916666666666667
0,Non-private (tuned),lira,0.010700689556931747,0.008333333333333333
0,Non-private (tuned),lira,0.011450475699382817,0.00875
0,Non-private (tuned),lira,0.012252798573828645,0.009166666666666667
0,Non-private (tuned),lira,0.013111339374215644,0.009583333333333333
0,Non-private (tuned),lira,0.014030037231905735,0.010833333333333334
0,Non-private (tuned),lira,0.015013107289081735,0.011666666666666667
0,Non-private (tuned),lira,0.01606506003853728,0.015
0,Non-private (tuned),lira,0.017190722018585746,0.015833333333333335
0,Non-private (tuned),lira,0.01839525795803971,0.0175
0,Non-private (tuned),lira,0.019684194472866123,0.017916666666666668
0,Non-private (tuned),lira,0.02106344542324121,0.018333333333333333
0,Non-private (tuned),lira,0.022539339047347912,0.019583333333333335
0,Non-private (tuned),lira,0.024118646996409972,0.022083333333333333
0,Non-private (tuned),lira,0.02580861540418074,0.023333333333333334
0,Non-private (tuned),lira,0.02761699813343848,0.024166666666666666
0,Non-private (tuned),lira,0.029552092352028863,0.025
0,Non-private (tuned),lira,0.03162277660168379,0.025416666666666667
0,Non-private (tuned),lira,0.033838551534282335,0.028333333333333332
0,Non-private (tuned),lira,0.03620958350245917,0.029583333333333333
0,Non-private (tuned),lira,0.03874675120456132,0.032916666666666664
0,Non-private (tuned),lira,0.04146169559796819,0.035
0,Non-private (tuned),lira,0.044366873309786115,0.037083333333333336
0,Non-private (tuned),lira,0.047475613789974204,0.03958333333333333
0,Non-private (tuned),lira,0.05080218046913023,0.04125
0,Non-private (tuned),lira,0.05436183620153837,0.04791666666666667
0,Non-private (tuned),lira,0.058170913293743576,0.05375
0,Non-private (tuned),lira,0.0622468884399544,0.058333333333333334
0,Non-private (tuned),lira,0.06660846290809161,0.06416666666666666
0,Non-private (tuned),lira,0.07127564834438914,0.06958333333333333
0,Non-private (tuned),lira,0.07626985859023444,0.07375
0,Non-private (tuned),lira,0.08161400793251826,0.08208333333333333
0,Non-private (tuned),lira,0.08733261623828428,0.09
0,Non-private (tuned),lira,0.09345192145605374,0.09625
0,Non-private (tuned),lira,0.1,0.10333333333333333
0,Non-private (tuned),lira,0.10700689556931746,0.11041666666666666
0,Non-private (tuned),lira,0.11450475699382812,0.11583333333333333
0,Non-private (tuned),lira,0.12252798573828651,0.12083333333333333
0,Non-private (tuned),lira,0.13111339374215644,0.12916666666666668
0,Non-private (tuned),lira,0.14030037231905734,0.13916666666666666
0,Non-private (tuned),lira,0.15013107289081729,0.14416666666666667
0,Non-private (tuned),lira,0.16065060038537288,0.16
0,Non-private (tuned),lira,0.17190722018585747,0.16541666666666666
0,Non-private (tuned),lira,0.18395257958039712,0.17375
0,Non-private (tuned),lira,0.19684194472866112,0.1925
0,Non-private (tuned),lira,0.210634454232412,0.20875
0,Non-private (tuned),lira,0.22539339047347912,0.22541666666666665
0,Non-private (tuned),lira,0.24118646996409973,0.23875
0,Non-private (tuned),lira,0.2580861540418074,0.25458333333333333
0,Non-private (tuned),lira,0.27616998133438464,0.27875
0,Non-private (tuned),lira,0.2955209235202888,0.305
0,Non-private (tuned),lira,0.31622776601683794,0.3233333333333333
0,Non-private (tuned),lira,0.33838551534282335,0.34833333333333333
0,Non-private (tuned),lira,0.36209583502459164,0.37666666666666665
0,Non-private (tuned),lira,0.3874675120456132,0.4058333333333333
0,Non-private (tuned),lira,0.4146169559796819,0.43
0,Non-private (tuned),lira,0.44366873309786115,0.46125
0,Non-private (tuned),lira,0.474756137899742,0.49291666666666667
0,Non-private (tuned),lira,0.5080218046913023,0.5254166666666666
0,Non-private (tuned),lira,0.5436183620153837,0.5616666666666666
0,Non-private (tuned),lira,0.5817091329374358,0.6066666666666667
0,Non-private (tuned),lira,0.622468884399544,0.6420833333333333
0,Non-private (tuned),lira,0.6660846290809154,0.69625
0,Non-private (tuned),lira,0.7127564834438914,0.73875
0,Non-private (tuned),lira,0.7626985859023444,0.78875
0,Non-private (tuned),lira,0.8161400793251826,0.8470833333333333
0,Non-private (tuned),lira,0.8733261623828429,0.89375
0,Non-private (tuned),lira,0.9345192145605374,0.9425
0,Non-private (tuned),lira,1.0,1.0
0,DP eps=8,confidence,0.00031622776601683794,0.0
0,DP eps=8,confidence,0.00033838551534282334,0.0008333333333333334
0,DP eps=8,confidence,0.0003620958350245917,0.0008333333333333334
0,DP eps=8,confidence,0.0003874675120456132,0.0008333333333333334
0,DP eps=8,confidence,0.0004146169559796819,0.0008333333333333334
0,DP eps=8,confidence,0.0004436687330978611,0.0008333333333333334
0,DP eps=8,confidence,0.00047475613789974203,0.0008333333333333334
0,DP eps=8,confidence,0.0005080218046913023,0.0008333333333333334
0,DP eps=8,confidence,0.0005436183620153838,0.0008333333333333334
0,DP eps=8,confidence,0.0005817091329374358,0.0008333333333333334
0,DP eps=8,confidence,0.000622468884399544,0.0008333333333333334
0,DP eps=8,confidence,0.0006660846290809161,0.0008333333333333334
0,DP eps=8,confidence,0.0007127564834438914,0.00125
0,DP eps=8,confidence,0.0007626985859023443,0.00125
0,DP eps=8,confidence,0.0008161400793251826,0.00125
0,DP eps=8,confidence,0.0008733261623828437,0.00125
0,DP eps=8,confidence,0.0009345192145605374,0.00125
0,DP eps=8,confidence,0.001,0.00125
0,DP eps=8,confidence,0.0010700689556931745,0.00125
0,DP eps=8,confidence,0.0011450475699382812,0.00125
0,DP eps=8,confidence,0.0012252798573828651,0.00125
0,DP eps=8,confidence,0.0013111339374215643,0.00125
0,DP eps=8,confidence,0.0014030037231905735,0.00125
0,DP eps=8,confidence,0.0015013107289081743,0.00125
0,DP eps=8,confidence,0.0016065060038537287,0.00125
0,DP eps=8,confidence,0.0017190722018585747,0.00125
0,DP eps=8,confidence,0.0018395257958039712,0.00125
0,DP eps=8,confidence,0.0019684194472866113,0.00125
0,DP eps=8,confidence,0.00210634454232412,0.0020833333333333333
0,DP eps=8,confidence,0.002253933904734791,0.0020833333333333333
0,DP eps=8,confidence,0.002411864699640997,0.0020833333333333333
0,DP eps=8,confidence,0.0025808615404180743,0.0020833333333333333
0,DP eps=8,confidence,0.002761699813343849,0.002916666666666667
0,DP eps=8,confidence,0.002955209235202888,0.002916666666666667
0,DP eps=8,confidence,0.0031622776601683794,0.0033333333333333335
0,DP eps=8,confidence,0.003383855153428233,0.005416666666666667
0,DP eps=8,confidence,0.0036209583502459165,0.005416666666666667
0,DP eps=8,confidence,0.0038746751204561283,0.00625
0,DP eps=8,confidence,0.004146169559796819,0.00625
0,DP eps=8,confidence,0.004436687330978612,0.007083333333333333
0,DP eps=8,confidence,0.004747561378997425,0.0075
0,DP eps=8,confidence,0.005080218046913023,0.007916666666666667
0,DP eps=8,confidence,0.005436183620153837,0.007916666666666667
0,DP eps=8,confidence,0.005817091329374358,0.009166666666666667
0,DP eps=8,confidence,0.006224688843995439,0.010833333333333334
0,DP eps=8,confidence,0.006660846290809154,0.010833333333333334
0,DP eps=8,confidence,0.007127564834438914,0.01125
0,DP eps=8,confidence,0.007626985859023444,0.011666666666666667
0,DP eps=8,confidence,0.008161400793251826,0.012916666666666667
0,DP eps=8,confidence,0.008733261623828438,0.013333333333333334
0,DP eps=8,confidence,0.009345192145605374,0.015
0,DP eps=8,confidence,0.01,0.015
0,DP eps=8,confidence,0.010700689556931747,0.015
0,DP eps=8,confidence,0.011450475699382817,0.015416666666666667
0,DP eps=8,confidence,0.012252798573828645,0.015416666666666667
0,DP eps=8,confidence,0.013111339374215644,0.01625
0,DP eps=8,confidence,0.014030037231905735,0.018333333333333333
0,DP eps=8,confidence,0.015013107289081735,0.019166666666666665
0,DP eps=8,confidence,0.01606506003853728,0.019166666666666665
0,DP eps=8,confidence,0.017190722018585746,0.02
0,DP eps=8,confidence,0.01839525795803971,0.0225
0,DP eps=8,confidence,0.019684194472866123,0.02375
0,DP eps=8,confidence,0.02106344542324121,0.027083333333333334
0,DP eps=8,confidence,0.022539339047347912,0.027916666666666666
0,DP eps=8,confidence,0.024118646996409972,0.029583333333333333
0,DP eps=8,confidence,0.02580861540418074,0.030833333333333334
0,DP eps=8,confidence,0.02761699813343848,0.03208333333333333
0,DP eps=8,confidence,0.029552092352028863,0.035833333333333335
0,DP eps=8,confidence,0.03162277660168379,0.037083333333333336
0,DP eps=8,confidence,0.033838551534282335,0.03916666666666667
0,DP eps=8,confidence,0.03620958350245917,0.042083333333333334
0,DP eps=8,confidence,0.03874675120456132,0.04416666666666667
0,DP eps=8,confidence,0.04146169559796819,0.04875
0,DP eps=8,confidence,0.044366873309786115,0.052083333333333336
0,DP eps=8,confidence,0.047475613789974204,0.05583333333333333
0,DP eps=8,confidence,0.05080218046913023,0.06
0,DP eps=8,confidence,0.05436183620153837,0.06291666666666666
0,DP eps=8,confidence,0.058170913293743576,0.06708333333333333
0,DP eps=8,confidence,0.0622468884399544,0.06833333333333333
0,DP eps=8,confidence,0.06660846290809161,0.07291666666666667
0,DP eps=8,confidence,0.07127564834438914,0.07791666666666666
0,DP eps=8,confidence,0.07626985859023444,0.08
0,DP eps=8,confidence,0.08161400793251826,0.08541666666666667
0,DP eps=8,confidence,0.08733261623828428,0.09375
0,DP eps=8,confidence,0.09345192145605374,0.09583333333333334
0,DP eps=8,confidence,0.1,0.10416666666666667
0,DP eps=8,confidence,0.10700689556931746,0.11166666666666666
0,DP eps=8,confidence,0.11450475699382812,0.1175
0,DP eps=8,confidence,0.12252798573828651,0.125
0,DP eps=8,confidence,0.13111339374215644,0.13666666666666666
0,DP eps=8,confidence,0.14030037231905734,0.14625
0,DP eps=8,confidence,0.15013107289081729,0.15416666666666667
0,DP eps=8,confidence,0.16065060038537288,0.16625
0,DP eps=8,confidence,0.17190722018585747,0.1775
0,DP eps=8,confidence,0.18395257958039712,0.1875
0,DP eps=8,confidence,0.19684194472866112,0.19875
0,DP eps=8,confidence,0.210634454232412,0.20833333333333334
0,DP eps=8,confidence,0.22539339047347912,0.22291666666666668
0,DP eps=8,confidence,0.24118646996409973,0.23416666666666666
0,DP eps=8,confidence,0.2580861540418074,0.2475
0,DP eps=8,confidence,0.27616998133438464,0.26625
0,DP eps=8,confidence,0.2955209235202888,0.29041666666666666
0,DP eps=8,confidence,0.31622776601683794,0.31666666666666665
0,DP eps=8,confidence,0.33838551534282335,0.34
0,DP eps=8,confidence,0.36209583502459164,0.35833333333333334
0,DP eps=8,confidence,0.3874675120456132,0.37916666666666665
0,DP eps=8,confidence,0.4146169559796819,0.4066666666666667
0,DP eps=8,confidence,0.44366873309786115,0.43625
0,DP eps=8,confidence,0.474756137899742,0.4683333333333333
0,DP eps=8,confidence,0.5080218046913023,0.5041666666666667
0,DP eps=8,confidence,0.5436183620153837,0.5391666666666667
0,DP eps=8,confidence,0.5817091329374358,0.5758333333333333
0,DP eps=8,confidence,0.622468884399544,0.6183333333333333
0,DP eps=8,confidence,0.6660846290809154,0.6620833333333334
0,DP eps=8,confidence,0.7127564834438914,0.7025
0,DP eps=8,confidence,0.7626985859023444,0.7516666666666667
0,DP eps=8,confidence,0.8161400793251826,0.81125
0,DP eps=8,confidence,0.8733261623828429,0.8733333333333333
0,DP eps=8,confidence,0.9345192145605374,0.9329166666666666
0,DP eps=8,confidence,1.0,1.0
0,DP eps=8,neg_entropy,0.00031622776601683794,0.0
0,DP eps=8,neg_entropy,0.00033838551534282334,0.0008333333333333334
0,DP eps=8,neg_entropy,0.0003620958350245917,0.0008333333333333334
0,DP eps=8,neg_entropy,0.0003874675120456132,0.0008333333333333334
0,DP eps=8,neg_entropy,0.0004146169559796819,0.0008333333333333334
0,DP eps=8,neg_entropy,0.0004436687330978611,0.0008333333333333334
0,DP eps=8,neg_entropy,0.00047475613789974203,0.0008333333333333334
0,DP eps=8,neg_entropy,0.0005080218046913023,0.0008333333333333334
0,DP eps=8,neg_entropy,0.0005436183620153838,0.0008333333333333334
0,DP eps=8,neg_entropy,0.0005817091329374358,0.0008333333333333334
0,DP eps=8,neg_entropy,0.000622468884399544,0.0008333333333333334
0,DP eps=8,neg_entropy,0.0006660846290809161,0.0008333333333333334
0,DP eps=8,neg_entropy,0.0007127564834438914,0.00125
0,DP eps=8,neg_entropy,0.0007626985859023443,0.00125
0,DP eps=8,neg_entropy,0.0008161400793251826,0.00125
0,DP eps=8,neg_entropy,0.0008733261623828437,0.00125
0,DP eps=8,neg_entropy,0.0009345192145605374,0.00125
0,DP eps=8,neg_entropy,0.001,0.00125
0,DP eps=8,neg_entropy,0.0010700689556931745,0.00125
0,DP eps=8,neg_entropy,0.0011450475699382812,0.00125
0,DP eps=8,neg_entropy,0.0012252798573828651,0.00125
0,DP eps=8,neg_entropy,0.0013111339374215643,0.00125
0,DP eps=8,neg_entropy,0.0014030037231905735,0.00125
0,DP eps=8,neg_entropy,0.0015013107289081743,0.00125
0,DP eps=8,neg_entropy,0.0016065060038537287,0.00125
0,DP eps=8,neg_entropy,0.0017190722018585747,0.00125
0,DP eps=8,neg_entropy,0.0018395257958039712,0.00125
0,DP eps=8,neg_entropy,0.0019684194472866113,0.00125
0,DP eps=8,neg_entropy,0.00210634454232412,0.0020833333333333333
0,DP eps=8,neg_entropy,0.002253933904734791,0.0020833333333333333
0,DP eps=8,neg_entropy,0.002411864699640997,0.0020833333333333333
0,DP eps=8,neg_entropy,0.0025808615404180743,0.0020833333333333333
0,DP eps=8,neg_entropy,0.002761699813343849,0.002916666666666667
0,DP eps=8,neg_entropy,0.002955209235202888,0.002916666666666667
0,DP eps=8,neg_entropy,0.0031622776601683794,0.0033333333333333335
0,DP eps=8,neg_entropy,0.003383855153428233,0.005416666666666667
0,DP eps=8,neg_entropy,0.0036209583502459165,0.005416666666666667
0,DP eps=8,neg_entropy,0.0038746751204561283,0.00625
0,DP eps=8,neg_entropy,0.004146169559796819,0.00625
0,DP eps=8,neg_entropy,0.004436687330978612,0.007083333333333333
0,DP eps=8,neg_entropy,0.004747561378997425,0.0075
0,DP eps=8,neg_entropy,0.005080218046913023,0.007916666666666667
0,DP eps=8,neg_entropy,0.005436183620153837,0.007916666666666667
0,DP eps=8,neg_entropy,0.005817091329374358,0.009166666666666667
0,DP eps=8,neg_entropy,0.006224688843995439,0.010833333333333334
0,DP eps=8,neg_entropy,0.006660846290809154,0.010833333333333334
0,DP eps=8,neg_entropy,0.007127564834438914,0.01125
0,DP eps=8,neg_entropy,0.007626985859023444,0.011666666666666667
0,DP eps=8,neg_entropy,0.008161400793251826,0.012916666666666667
0,DP eps=8,neg_entropy,0.008733261623828438,0.013333333333333334
0,DP eps=8,neg_entropy,0.009345192145605374,0.015
0,DP eps=8,neg_entropy,0.01,0.015
0,DP eps=8,neg_entropy,0.010700689556931747,0.015
0,DP eps=8,neg_entropy,0.011450475699382817,0.015416666666666667
0,DP eps=8,neg_entropy,0.012252798573828645,0.015416666666666667
0,DP eps=8,neg_entropy,0.013111339374215644,0.01625
0,DP eps=8,neg_entropy,0.014030037231905735,0.018333333333333333
0,DP eps=8,neg_entropy,0.015013107289081735,0.019166666666666665
0,DP eps=8,neg_entropy,0.01606506003853728,0.019166666666666665
0,DP eps=8,neg_entropy,0.017190722018585746,0.02
0,DP eps=8,neg_entropy,0.01839525795803971,0.0225
0,DP eps=8,neg_entropy,0.019684194472866123,0.02375
0,DP eps=8,neg_entropy,0.02106344542324121,0.027083333333333334
0,DP eps=8,neg_entropy,0.022539339047347912,0.027916666666666666
0,DP eps=8,neg_entropy,0.024118646996409972,0.029583333333333333
0,DP eps=8,neg_entropy,0.02580861540418074,0.030833333333333334
0,DP eps=8,neg_entropy,0.02761699813343848,0.03208333333333333
0,DP eps=8,neg_entropy,0.029552092352028863,0.035833333333333335
0,DP eps=8,neg_entropy,0.03162277660168379,0.037083333333333336
0,DP eps=8,neg_entropy,0.033838551534282335,0.03916666666666667
0,DP eps=8,neg_entropy,0.03620958350245917,0.042083333333333334
0,DP eps=8,neg_entropy,0.03874675120456132,0.04416666666666667
0,DP eps=8,neg_entropy,0.04146169559796819,0.04875
0,DP eps=8,neg_entropy,0.044366873309786115,0.052083333333333336
0,DP eps=8,neg_entropy,0.047475613789974204,0.05583333333333333
0,DP eps=8,neg_entropy,0.05080218046913023,0.06
0,DP eps=8,neg_entropy,0.05436183620153837,0.06291666666666666
0,DP eps=8,neg_entropy,0.058170913293743576,0.06708333333333333
0,DP eps=8,neg_entropy,0.0622468884399544,0.06833333333333333
0,DP eps=8,neg_entropy,0.06660846290809161,0.07291666666666667
0,DP eps=8,neg_entropy,0.07127564834438914,0.07791666666666666
0,DP eps=8,neg_entropy,0.07626985859023444,0.08
0,DP eps=8,neg_entropy,0.08161400793251826,0.08541666666666667
0,DP eps=8,neg_entropy,0.08733261623828428,0.09375
0,DP eps=8,neg_entropy,0.09345192145605374,0.09583333333333334
0,DP eps=8,neg_entropy,0.1,0.10416666666666667
0,DP eps=8,neg_entropy,0.10700689556931746,0.11166666666666666
0,DP eps=8,neg_entropy,0.11450475699382812,0.1175
0,DP eps=8,neg_entropy,0.12252798573828651,0.125
0,DP eps=8,neg_entropy,0.13111339374215644,0.13666666666666666
0,DP eps=8,neg_entropy,0.14030037231905734,0.14625
0,DP eps=8,neg_entropy,0.15013107289081729,0.15416666666666667
0,DP eps=8,neg_entropy,0.16065060038537288,0.16625
0,DP eps=8,neg_entropy,0.17190722018585747,0.1775
0,DP eps=8,neg_entropy,0.18395257958039712,0.1875
0,DP eps=8,neg_entropy,0.19684194472866112,0.19875
0,DP eps=8,neg_entropy,0.210634454232412,0.20833333333333334
0,DP eps=8,neg_entropy,0.22539339047347912,0.22291666666666668
0,DP eps=8,neg_entropy,0.24118646996409973,0.23416666666666666
0,DP eps=8,neg_entropy,0.2580861540418074,0.2475
0,DP eps=8,neg_entropy,0.27616998133438464,0.26625
0,DP eps=8,neg_entropy,0.2955209235202888,0.29041666666666666
0,DP eps=8,neg_entropy,0.31622776601683794,0.31666666666666665
0,DP eps=8,neg_entropy,0.33838551534282335,0.34
0,DP eps=8,neg_entropy,0.36209583502459164,0.35833333333333334
0,DP eps=8,neg_entropy,0.3874675120456132,0.37916666666666665
0,DP eps=8,neg_entropy,0.4146169559796819,0.4066666666666667
0,DP eps=8,neg_entropy,0.44366873309786115,0.43625
0,DP eps=8,neg_entropy,0.474756137899742,0.4683333333333333
0,DP eps=8,neg_entropy,0.5080218046913023,0.5041666666666667
0,DP eps=8,neg_entropy,0.5436183620153837,0.5391666666666667
0,DP eps=8,neg_entropy,0.5817091329374358,0.5758333333333333
0,DP eps=8,neg_entropy,0.622468884399544,0.6183333333333333
0,DP eps=8,neg_entropy,0.6660846290809154,0.6620833333333334
0,DP eps=8,neg_entropy,0.7127564834438914,0.7025
0,DP eps=8,neg_entropy,0.7626985859023444,0.7516666666666667
0,DP eps=8,neg_entropy,0.8161400793251826,0.81125
0,DP eps=8,neg_entropy,0.8733261623828429,0.8733333333333333
0,DP eps=8,neg_entropy,0.9345192145605374,0.9329166666666666
0,DP eps=8,neg_entropy,1.0,1.0
0,DP eps=8,yeom_neg_loss,0.00031622776601683794,0.0
0,DP eps=8,yeom_neg_loss,0.00033838551534282334,0.0008333333333333334
0,DP eps=8,yeom_neg_loss,0.0003620958350245917,0.0008333333333333334
0,DP eps=8,yeom_neg_loss,0.0003874675120456132,0.0008333333333333334
0,DP eps=8,yeom_neg_loss,0.0004146169559796819,0.0008333333333333334
0,DP eps=8,yeom_neg_loss,0.0004436687330978611,0.0008333333333333334
0,DP eps=8,yeom_neg_loss,0.00047475613789974203,0.0008333333333333334
0,DP eps=8,yeom_neg_loss,0.0005080218046913023,0.0008333333333333334
0,DP eps=8,yeom_neg_loss,0.0005436183620153838,0.0008333333333333334
0,DP eps=8,yeom_neg_loss,0.0005817091329374358,0.0008333333333333334
0,DP eps=8,yeom_neg_loss,0.000622468884399544,0.0008333333333333334
0,DP eps=8,yeom_neg_loss,0.0006660846290809161,0.0008333333333333334
0,DP eps=8,yeom_neg_loss,0.0007127564834438914,0.00125
0,DP eps=8,yeom_neg_loss,0.0007626985859023443,0.00125
0,DP eps=8,yeom_neg_loss,0.0008161400793251826,0.00125
0,DP eps=8,yeom_neg_loss,0.0008733261623828437,0.00125
0,DP eps=8,yeom_neg_loss,0.0009345192145605374,0.00125
0,DP eps=8,yeom_neg_loss,0.001,0.00125
0,DP eps=8,yeom_neg_loss,0.0010700689556931745,0.00125
0,DP eps=8,yeom_neg_loss,0.0011450475699382812,0.00125
0,DP eps=8,yeom_neg_loss,0.0012252798573828651,0.00125
0,DP eps=8,yeom_neg_loss,0.0013111339374215643,0.00125
0,DP eps=8,yeom_neg_loss,0.0014030037231905735,0.00125
0,DP eps=8,yeom_neg_loss,0.0015013107289081743,0.00125
0,DP eps=8,yeom_neg_loss,0.0016065060038537287,0.00125
0,DP eps=8,yeom_neg_loss,0.0017190722018585747,0.00125
0,DP eps=8,yeom_neg_loss,0.0018395257958039712,0.00125
0,DP eps=8,yeom_neg_loss,0.0019684194472866113,0.00125
0,DP eps=8,yeom_neg_loss,0.00210634454232412,0.0020833333333333333
0,DP eps=8,yeom_neg_loss,0.002253933904734791,0.0020833333333333333
0,DP eps=8,yeom_neg_loss,0.002411864699640997,0.0020833333333333333
0,DP eps=8,yeom_neg_loss,0.0025808615404180743,0.0020833333333333333
0,DP eps=8,yeom_neg_loss,0.002761699813343849,0.002916666666666667
0,DP eps=8,yeom_neg_loss,0.002955209235202888,0.002916666666666667
0,DP eps=8,yeom_neg_loss,0.0031622776601683794,0.0033333333333333335
0,DP eps=8,yeom_neg_loss,0.003383855153428233,0.005416666666666667
0,DP eps=8,yeom_neg_loss,0.0036209583502459165,0.005416666666666667
0,DP eps=8,yeom_neg_loss,0.0038746751204561283,0.00625
0,DP eps=8,yeom_neg_loss,0.004146169559796819,0.00625
0,DP eps=8,yeom_neg_loss,0.004436687330978612,0.007083333333333333
0,DP eps=8,yeom_neg_loss,0.004747561378997425,0.0075
0,DP eps=8,yeom_neg_loss,0.005080218046913023,0.007916666666666667
0,DP eps=8,yeom_neg_loss,0.005436183620153837,0.007916666666666667
0,DP eps=8,yeom_neg_loss,0.005817091329374358,0.009166666666666667
0,DP eps=8,yeom_neg_loss,0.006224688843995439,0.010833333333333334
0,DP eps=8,yeom_neg_loss,0.006660846290809154,0.010833333333333334
0,DP eps=8,yeom_neg_loss,0.007127564834438914,0.01125
0,DP eps=8,yeom_neg_loss,0.007626985859023444,0.011666666666666667
0,DP eps=8,yeom_neg_loss,0.008161400793251826,0.0125
0,DP eps=8,yeom_neg_loss,0.008733261623828438,0.012916666666666667
0,DP eps=8,yeom_neg_loss,0.009345192145605374,0.013764823515340049
0,DP eps=8,yeom_neg_loss,0.01,0.014166666666666666
0,DP eps=8,yeom_neg_loss,0.010700689556931747,0.014166666666666666
0,DP eps=8,yeom_neg_loss,0.011450475699382817,0.01431309462422852
0,DP eps=8,yeom_neg_loss,0.012252798573828645,0.014583333333333334
0,DP eps=8,yeom_neg_loss,0.013111339374215644,0.015
0,DP eps=8,yeom_neg_loss,0.014030037231905735,0.017083333333333332
0,DP eps=8,yeom_neg_loss,0.015013107289081735,0.017916666666666668
0,DP eps=8,yeom_neg_loss,0.01606506003853728,0.017916666666666668
0,DP eps=8,yeom_neg_loss,0.017190722018585746,0.01875
0,DP eps=8,yeom_neg_loss,0.01839525795803971,0.02125
0,DP eps=8,yeom_neg_loss,0.019684194472866123,0.022083333333333333
0,DP eps=8,yeom_neg_loss,0.02106344542324121,0.025416666666666667
0,DP eps=8,yeom_neg_loss,0.022539339047347912,0.02625
0,DP eps=8,yeom_neg_loss,0.024118646996409972,0.027916666666666666
0,DP eps=8,yeom_neg_loss,0.02580861540418074,0.029166666666666667
0,DP eps=8,yeom_neg_loss,0.02761699813343848,0.030833333333333334
0,DP eps=8,yeom_neg_loss,0.029552092352028863,0.034583333333333334
0,DP eps=8,yeom_neg_loss,0.03162277660168379,0.03666666666666667
0,DP eps=8,yeom_neg_loss,0.033838551534282335,0.03916666666666667
0,DP eps=8,yeom_neg_loss,0.03620958350245917,0.04041666666666666
0,DP eps=8,yeom_neg_loss,0.03874675120456132,0.044583333333333336
0,DP eps=8,yeom_neg_loss,0.04146169559796819,0.05
0,DP eps=8,yeom_neg_loss,0.044366873309786115,0.05333333333333334
0,DP eps=8,yeom_neg_loss,0.047475613789974204,0.05708333333333333
0,DP eps=8,yeom_neg_loss,0.05080218046913023,0.06
0,DP eps=8,yeom_neg_loss,0.05436183620153837,0.06333333333333334
0,DP eps=8,yeom_neg_loss,0.058170913293743576,0.065
0,DP eps=8,yeom_neg_loss,0.0622468884399544,0.06958333333333333
0,DP eps=8,yeom_neg_loss,0.06660846290809161,0.075
0,DP eps=8,yeom_neg_loss,0.07127564834438914,0.07625
0,DP eps=8,yeom_neg_loss,0.07626985859023444,0.08083333333333333
0,DP eps=8,yeom_neg_loss,0.08161400793251826,0.08916666666666667
0,DP eps=8,yeom_neg_loss,0.08733261623828428,0.09125
0,DP eps=8,yeom_neg_loss,0.09345192145605374,0.09625
0,DP eps=8,yeom_neg_loss,0.1,0.10625
0,DP eps=8,yeom_neg_loss,0.10700689556931746,0.11208333333333333
0,DP eps=8,yeom_neg_loss,0.11450475699382812,0.11896427957561848
0,DP eps=8,yeom_neg_loss,0.12252798573828651,0.13
0,DP eps=8,yeom_neg_loss,0.13111339374215644,0.13958333333333334
0,DP eps=8,yeom_neg_loss,0.14030037231905734,0.14583333333333334
0,DP eps=8,yeom_neg_loss,0.15013107289081729,0.15916666666666668
0,DP eps=8,yeom_neg_loss,0.16065060038537288,0.16875
0,DP eps=8,yeom_neg_loss,0.17190722018585747,0.17833333333333334
0,DP eps=8,yeom_neg_loss,0.18395257958039712,0.18833333333333332
0,DP eps=8,yeom_neg_loss,0.19684194472866112,0.19708333333333333
0,DP eps=8,yeom_neg_loss,0.210634454232412,0.21333333333333335
0,DP eps=8,yeom_neg_loss,0.22539339047347912,0.22333333333333333
0,DP eps=8,yeom_neg_loss,0.24118646996409973,0.24083333333333334
0,DP eps=8,yeom_neg_loss,0.2580861540418074,0.2554166666666667
0,DP eps=8,yeom_neg_loss,0.27616998133438464,0.27375
0,DP eps=8,yeom_neg_loss,0.2955209235202888,0.29833333333333334
0,DP eps=8,yeom_neg_loss,0.31622776601683794,0.3179166666666667
0,DP eps=8,yeom_neg_loss,0.33838551534282335,0.33708333333333335
0,DP eps=8,yeom_neg_loss,0.36209583502459164,0.355
0,DP eps=8,yeom_neg_loss,0.3874675120456132,0.38375
0,DP eps=8,yeom_neg_loss,0.4146169559796819,0.41375
0,DP eps=8,yeom_neg_loss,0.44366873309786115,0.44708333333333333
0,DP eps=8,yeom_neg_loss,0.474756137899742,0.48
0,DP eps=8,yeom_neg_loss,0.5080218046913023,0.5104166666666666
0,DP eps=8,yeom_neg_loss,0.5436183620153837,0.5558333333333333
0,DP eps=8,yeom_neg_loss,0.5817091329374358,0.5929166666666666
0,DP eps=8,yeom_neg_loss,0.622468884399544,0.6291666666666667
0,DP eps=8,yeom_neg_loss,0.6660846290809154,0.67625
0,DP eps=8,yeom_neg_loss,0.7127564834438914,0.7304166666666667
0,DP eps=8,yeom_neg_loss,0.7626985859023444,0.7720833333333333
0,DP eps=8,yeom_neg_loss,0.8161400793251826,0.8283333333333334
0,DP eps=8,yeom_neg_loss,0.8733261623828429,0.8916666666666667
0,DP eps=8,yeom_neg_loss,0.9345192145605374,0.9416666666666667
0,DP eps=8,yeom_neg_loss,1.0,1.0
0,DP eps=8,modified_entropy,0.00031622776601683794,0.0
0,DP eps=8,modified_entropy,0.00033838551534282334,0.0008333333333333334
0,DP eps=8,modified_entropy,0.0003620958350245917,0.0008333333333333334
0,DP eps=8,modified_entropy,0.0003874675120456132,0.0008333333333333334
0,DP eps=8,modified_entropy,0.0004146169559796819,0.0008333333333333334
0,DP eps=8,modified_entropy,0.0004436687330978611,0.0008333333333333334
0,DP eps=8,modified_entropy,0.00047475613789974203,0.0008333333333333334
0,DP eps=8,modified_entropy,0.0005080218046913023,0.0008333333333333334
0,DP eps=8,modified_entropy,0.0005436183620153838,0.0008333333333333334
0,DP eps=8,modified_entropy,0.0005817091329374358,0.0008333333333333334
0,DP eps=8,modified_entropy,0.000622468884399544,0.0008333333333333334
0,DP eps=8,modified_entropy,0.0006660846290809161,0.0008333333333333334
0,DP eps=8,modified_entropy,0.0007127564834438914,0.00125
0,DP eps=8,modified_entropy,0.0007626985859023443,0.00125
0,DP eps=8,modified_entropy,0.0008161400793251826,0.00125
0,DP eps=8,modified_entropy,0.0008733261623828437,0.00125
0,DP eps=8,modified_entropy,0.0009345192145605374,0.00125
0,DP eps=8,modified_entropy,0.001,0.00125
0,DP eps=8,modified_entropy,0.0010700689556931745,0.00125
0,DP eps=8,modified_entropy,0.0011450475699382812,0.00125
0,DP eps=8,modified_entropy,0.0012252798573828651,0.00125
0,DP eps=8,modified_entropy,0.0013111339374215643,0.00125
0,DP eps=8,modified_entropy,0.0014030037231905735,0.00125
0,DP eps=8,modified_entropy,0.0015013107289081743,0.00125
0,DP eps=8,modified_entropy,0.0016065060038537287,0.00125
0,DP eps=8,modified_entropy,0.0017190722018585747,0.00125
0,DP eps=8,modified_entropy,0.0018395257958039712,0.00125
0,DP eps=8,modified_entropy,0.0019684194472866113,0.00125
0,DP eps=8,modified_entropy,0.00210634454232412,0.0020833333333333333
0,DP eps=8,modified_entropy,0.002253933904734791,0.0020833333333333333
0,DP eps=8,modified_entropy,0.002411864699640997,0.0020833333333333333
0,DP eps=8,modified_entropy,0.0025808615404180743,0.0020833333333333333
0,DP eps=8,modified_entropy,0.002761699813343849,0.002916666666666667
0,DP eps=8,modified_entropy,0.002955209235202888,0.002916666666666667
0,DP eps=8,modified_entropy,0.0031622776601683794,0.0033333333333333335
0,DP eps=8,modified_entropy,0.003383855153428233,0.005416666666666667
0,DP eps=8,modified_entropy,0.0036209583502459165,0.005416666666666667
0,DP eps=8,modified_entropy,0.0038746751204561283,0.00625
0,DP eps=8,modified_entropy,0.004146169559796819,0.00625
0,DP eps=8,modified_entropy,0.004436687330978612,0.007083333333333333
0,DP eps=8,modified_entropy,0.004747561378997425,0.0075
0,DP eps=8,modified_entropy,0.005080218046913023,0.007916666666666667
0,DP eps=8,modified_entropy,0.005436183620153837,0.007916666666666667
0,DP eps=8,modified_entropy,0.005817091329374358,0.009166666666666667
0,DP eps=8,modified_entropy,0.006224688843995439,0.010833333333333334
0,DP eps=8,modified_entropy,0.006660846290809154,0.010833333333333334
0,DP eps=8,modified_entropy,0.007127564834438914,0.01125
0,DP eps=8,modified_entropy,0.007626985859023444,0.011666666666666667
0,DP eps=8,modified_entropy,0.008161400793251826,0.0125
0,DP eps=8,modified_entropy,0.008733261623828438,0.012916666666666667
0,DP eps=8,modified_entropy,0.009345192145605374,0.014166666666666666
0,DP eps=8,modified_entropy,0.01,0.014166666666666666
0,DP eps=8,modified_entropy,0.010700689556931747,0.014166666666666666
0,DP eps=8,modified_entropy,0.011450475699382817,0.014583333333333334
0,DP eps=8,modified_entropy,0.012252798573828645,0.014583333333333334
0,DP eps=8,modified_entropy,0.013111339374215644,0.015
0,DP eps=8,modified_entropy,0.014030037231905735,0.017083333333333332
0,DP eps=8,modified_entropy,0.015013107289081735,0.017916666666666668
0,DP eps=8,modified_entropy,0.01606506003853728,0.017916666666666668
0,DP eps=8,modified_entropy,0.017190722018585746,0.01875
0,DP eps=8,modified_entropy,0.01839525795803971,0.02125
0,DP eps=8,modified_entropy,0.019684194472866123,0.022083333333333333
0,DP eps=8,modified_entropy,0.02106344542324121,0.025416666666666667
0,DP eps=8,modified_entropy,0.022539339047347912,0.02625
0,DP eps=8,modified_entropy,0.024118646996409972,0.027916666666666666
0,DP eps=8,modified_entropy,0.02580861540418074,0.029166666666666667
0,DP eps=8,modified_entropy,0.02761699813343848,0.030833333333333334
0,DP eps=8,modified_entropy,0.029552092352028863,0.034583333333333334
0,DP eps=8,modified_entropy,0.03162277660168379,0.03666666666666667
0,DP eps=8,modified_entropy,0.033838551534282335,0.03916666666666667
0,DP eps=8,modified_entropy,0.03620958350245917,0.04041666666666666
0,DP eps=8,modified_entropy,0.03874675120456132,0.044583333333333336
0,DP eps=8,modified_entropy,0.04146169559796819,0.05
0,DP eps=8,modified_entropy,0.044366873309786115,0.05333333333333334
0,DP eps=8,modified_entropy,0.047475613789974204,0.05708333333333333
0,DP eps=8,modified_entropy,0.05080218046913023,0.06
0,DP eps=8,modified_entropy,0.05436183620153837,0.06333333333333334
0,DP eps=8,modified_entropy,0.058170913293743576,0.065
0,DP eps=8,modified_entropy,0.0622468884399544,0.06958333333333333
0,DP eps=8,modified_entropy,0.06660846290809161,0.075
0,DP eps=8,modified_entropy,0.07127564834438914,0.07625
0,DP eps=8,modified_entropy,0.07626985859023444,0.08083333333333333
0,DP eps=8,modified_entropy,0.08161400793251826,0.08916666666666667
0,DP eps=8,modified_entropy,0.08733261623828428,0.09125
0,DP eps=8,modified_entropy,0.09345192145605374,0.09625
0,DP eps=8,modified_entropy,0.1,0.10625
0,DP eps=8,modified_entropy,0.10700689556931746,0.11208333333333333
0,DP eps=8,modified_entropy,0.11450475699382812,0.11916666666666667
0,DP eps=8,modified_entropy,0.12252798573828651,0.13
0,DP eps=8,modified_entropy,0.13111339374215644,0.13958333333333334
0,DP eps=8,modified_entropy,0.14030037231905734,0.14583333333333334
0,DP eps=8,modified_entropy,0.15013107289081729,0.15916666666666668
0,DP eps=8,modified_entropy,0.16065060038537288,0.16875
0,DP eps=8,modified_entropy,0.17190722018585747,0.17833333333333334
0,DP eps=8,modified_entropy,0.18395257958039712,0.18833333333333332
0,DP eps=8,modified_entropy,0.19684194472866112,0.19708333333333333
0,DP eps=8,modified_entropy,0.210634454232412,0.21333333333333335
0,DP eps=8,modified_entropy,0.22539339047347912,0.22333333333333333
0,DP eps=8,modified_entropy,0.24118646996409973,0.24083333333333334
0,DP eps=8,modified_entropy,0.2580861540418074,0.2554166666666667
0,DP eps=8,modified_entropy,0.27616998133438464,0.27375
0,DP eps=8,modified_entropy,0.2955209235202888,0.29833333333333334
0,DP eps=8,modified_entropy,0.31622776601683794,0.3179166666666667
0,DP eps=8,modified_entropy,0.33838551534282335,0.33708333333333335
0,DP eps=8,modified_entropy,0.36209583502459164,0.355
0,DP eps=8,modified_entropy,0.3874675120456132,0.38375
0,DP eps=8,modified_entropy,0.4146169559796819,0.41375
0,DP eps=8,modified_entropy,0.44366873309786115,0.44708333333333333
0,DP eps=8,modified_entropy,0.474756137899742,0.48
0,DP eps=8,modified_entropy,0.5080218046913023,0.5104166666666666
0,DP eps=8,modified_entropy,0.5436183620153837,0.5558333333333333
0,DP eps=8,modified_entropy,0.5817091329374358,0.5929166666666666
0,DP eps=8,modified_entropy,0.622468884399544,0.6291666666666667
0,DP eps=8,modified_entropy,0.6660846290809154,0.67625
0,DP eps=8,modified_entropy,0.7127564834438914,0.7304166666666667
0,DP eps=8,modified_entropy,0.7626985859023444,0.7720833333333333
0,DP eps=8,modified_entropy,0.8161400793251826,0.8283333333333334
0,DP eps=8,modified_entropy,0.8733261623828429,0.8916666666666667
0,DP eps=8,modified_entropy,0.9345192145605374,0.9416666666666667
0,DP eps=8,modified_entropy,1.0,1.0
0,DP eps=8,class_calibrated_loss,0.00031622776601683794,0.0
0,DP eps=8,class_calibrated_loss,0.00033838551534282334,0.002916666666666667
0,DP eps=8,class_calibrated_loss,0.0003620958350245917,0.002916666666666667
0,DP eps=8,class_calibrated_loss,0.0003874675120456132,0.002916666666666667
0,DP eps=8,class_calibrated_loss,0.0004146169559796819,0.002916666666666667
0,DP eps=8,class_calibrated_loss,0.0004436687330978611,0.002916666666666667
0,DP eps=8,class_calibrated_loss,0.00047475613789974203,0.002916666666666667
0,DP eps=8,class_calibrated_loss,0.0005080218046913023,0.002916666666666667
0,DP eps=8,class_calibrated_loss,0.0005436183620153838,0.002916666666666667
0,DP eps=8,class_calibrated_loss,0.0005817091329374358,0.002916666666666667
0,DP eps=8,class_calibrated_loss,0.000622468884399544,0.002916666666666667
0,DP eps=8,class_calibrated_loss,0.0006660846290809161,0.002916666666666667
0,DP eps=8,class_calibrated_loss,0.0007127564834438914,0.002916666666666667
0,DP eps=8,class_calibrated_loss,0.0007626985859023443,0.002916666666666667
0,DP eps=8,class_calibrated_loss,0.0008161400793251826,0.002916666666666667
0,DP eps=8,class_calibrated_loss,0.0008733261623828437,0.002916666666666667
0,DP eps=8,class_calibrated_loss,0.0009345192145605374,0.002916666666666667
0,DP eps=8,class_calibrated_loss,0.001,0.004166666666666667
0,DP eps=8,class_calibrated_loss,0.0010700689556931745,0.004166666666666667
0,DP eps=8,class_calibrated_loss,0.0011450475699382812,0.004166666666666667
0,DP eps=8,class_calibrated_loss,0.0012252798573828651,0.004166666666666667
0,DP eps=8,class_calibrated_loss,0.0013111339374215643,0.004166666666666667
0,DP eps=8,class_calibrated_loss,0.0014030037231905735,0.004583333333333333
0,DP eps=8,class_calibrated_loss,0.0015013107289081743,0.004583333333333333
0,DP eps=8,class_calibrated_loss,0.0016065060038537287,0.004583333333333333
0,DP eps=8,class_calibrated_loss,0.0017190722018585747,0.005833333333333334
0,DP eps=8,class_calibrated_loss,0.0018395257958039712,0.005833333333333334
0,DP eps=8,class_calibrated_loss,0.0019684194472866113,0.005833333333333334
0,DP eps=8,class_calibrated_loss,0.00210634454232412,0.005833333333333334
0,DP eps=8,class_calibrated_loss,0.002253933904734791,0.005833333333333334
0,DP eps=8,class_calibrated_loss,0.002411864699640997,0.005833333333333334
0,DP eps=8,class_calibrated_loss,0.0025808615404180743,0.005833333333333334
0,DP eps=8,class_calibrated_loss,0.002761699813343849,0.006666666666666667
0,DP eps=8,class_calibrated_loss,0.002955209235202888,0.006666666666666667
0,DP eps=8,class_calibrated_loss,0.0031622776601683794,0.007083333333333333
0,DP eps=8,class_calibrated_loss,0.003383855153428233,0.007916666666666667
0,DP eps=8,class_calibrated_loss,0.0036209583502459165,0.007916666666666667
0,DP eps=8,class_calibrated_loss,0.0038746751204561283,0.007916666666666667
0,DP eps=8,class_calibrated_loss,0.004146169559796819,0.007916666666666667
0,DP eps=8,class_calibrated_loss,0.004436687330978612,0.007916666666666667
0,DP eps=8,class_calibrated_loss,0.004747561378997425,0.008333333333333333
0,DP eps=8,class_calibrated_loss,0.005080218046913023,0.01
0,DP eps=8,class_calibrated_loss,0.005436183620153837,0.01
0,DP eps=8,class_calibrated_loss,0.005817091329374358,0.01
0,DP eps=8,class_calibrated_loss,0.006224688843995439,0.01
0,DP eps=8,class_calibrated_loss,0.006660846290809154,0.010416666666666666
0,DP eps=8,class_calibrated_loss,0.007127564834438914,0.011666666666666667
0,DP eps=8,class_calibrated_loss,0.007626985859023444,0.013333333333333334
0,DP eps=8,class_calibrated_loss,0.008161400793251826,0.014166666666666666
0,DP eps=8,class_calibrated_loss,0.008733261623828438,0.014166666666666666
0,DP eps=8,class_calibrated_loss,0.009345192145605374,0.014166666666666666
0,DP eps=8,class_calibrated_loss,0.01,0.014583333333333334
0,DP eps=8,class_calibrated_loss,0.010700689556931747,0.014583333333333334
0,DP eps=8,class_calibrated_loss,0.011450475699382817,0.01625
0,DP eps=8,class_calibrated_loss,0.012252798573828645,0.016666666666666666
0,DP eps=8,class_calibrated_loss,0.013111339374215644,0.017083333333333332
0,DP eps=8,class_calibrated_loss,0.014030037231905735,0.020416666666666666
0,DP eps=8,class_calibrated_loss,0.015013107289081735,0.021666666666666667
0,DP eps=8,class_calibrated_loss,0.01606506003853728,0.0225
0,DP eps=8,class_calibrated_loss,0.017190722018585746,0.02375
0,DP eps=8,class_calibrated_loss,0.01839525795803971,0.025
0,DP eps=8,class_calibrated_loss,0.019684194472866123,0.027083333333333334
0,DP eps=8,class_calibrated_loss,0.02106344542324121,0.027916666666666666
0,DP eps=8,class_calibrated_loss,0.022539339047347912,0.029166666666666667
0,DP eps=8,class_calibrated_loss,0.024118646996409972,0.03125
0,DP eps=8,class_calibrated_loss,0.02580861540418074,0.03208333333333333
0,DP eps=8,class_calibrated_loss,0.02761699813343848,0.034166666666666665
0,DP eps=8,class_calibrated_loss,0.029552092352028863,0.035
0,DP eps=8,class_calibrated_loss,0.03162277660168379,0.03625
0,DP eps=8,class_calibrated_loss,0.033838551534282335,0.04041666666666666
0,DP eps=8,class_calibrated_loss,0.03620958350245917,0.042083333333333334
0,DP eps=8,class_calibrated_loss,0.03874675120456132,0.044583333333333336
0,DP eps=8,class_calibrated_loss,0.04146169559796819,0.04791666666666667
0,DP eps=8,class_calibrated_loss,0.044366873309786115,0.05125
0,DP eps=8,class_calibrated_loss,0.047475613789974204,0.05541666666666667
0,DP eps=8,class_calibrated_loss,0.05080218046913023,0.06041666666666667
0,DP eps=8,class_calibrated_loss,0.05436183620153837,0.06333333333333334
0,DP eps=8,class_calibrated_loss,0.058170913293743576,0.06458333333333334
0,DP eps=8,class_calibrated_loss,0.0622468884399544,0.06875
0,DP eps=8,class_calibrated_loss,0.06660846290809161,0.07291666666666667
0,DP eps=8,class_calibrated_loss,0.07127564834438914,0.07708333333333334
0,DP eps=8,class_calibrated_loss,0.07626985859023444,0.0825
0,DP eps=8,class_calibrated_loss,0.08161400793251826,0.08708333333333333
0,DP eps=8,class_calibrated_loss,0.08733261623828428,0.09083333333333334
0,DP eps=8,class_calibrated_loss,0.09345192145605374,0.0975
0,DP eps=8,class_calibrated_loss,0.1,0.10666666666666667
0,DP eps=8,class_calibrated_loss,0.10700689556931746,0.11541666666666667
0,DP eps=8,class_calibrated_loss,0.11450475699382812,0.11958333333333333
0,DP eps=8,class_calibrated_loss,0.12252798573828651,0.1325
0,DP eps=8,class_calibrated_loss,0.13111339374215644,0.145
0,DP eps=8,class_calibrated_loss,0.14030037231905734,0.15291666666666667
0,DP eps=8,class_calibrated_loss,0.15013107289081729,0.16708333333333333
0,DP eps=8,class_calibrated_loss,0.16065060038537288,0.175
0,DP eps=8,class_calibrated_loss,0.17190722018585747,0.19041666666666668
0,DP eps=8,class_calibrated_loss,0.18395257958039712,0.20208333333333334
0,DP eps=8,class_calibrated_loss,0.19684194472866112,0.21541666666666667
0,DP eps=8,class_calibrated_loss,0.210634454232412,0.22416666666666665
0,DP eps=8,class_calibrated_loss,0.22539339047347912,0.23416666666666666
0,DP eps=8,class_calibrated_loss,0.24118646996409973,0.2529166666666667
0,DP eps=8,class_calibrated_loss,0.2580861540418074,0.27625
0,DP eps=8,class_calibrated_loss,0.27616998133438464,0.3
0,DP eps=8,class_calibrated_loss,0.2955209235202888,0.3125
0,DP eps=8,class_calibrated_loss,0.31622776601683794,0.3279166666666667
0,DP eps=8,class_calibrated_loss,0.33838551534282335,0.3466666666666667
0,DP eps=8,class_calibrated_loss,0.36209583502459164,0.36375
0,DP eps=8,class_calibrated_loss,0.3874675120456132,0.3925
0,DP eps=8,class_calibrated_loss,0.4146169559796819,0.4225
0,DP eps=8,class_calibrated_loss,0.44366873309786115,0.45625
0,DP eps=8,class_calibrated_loss,0.474756137899742,0.47708333333333336
0,DP eps=8,class_calibrated_loss,0.5080218046913023,0.5120833333333333
0,DP eps=8,class_calibrated_loss,0.5436183620153837,0.5516666666666666
0,DP eps=8,class_calibrated_loss,0.5817091329374358,0.5908333333333333
0,DP eps=8,class_calibrated_loss,0.622468884399544,0.6316666666666667
0,DP eps=8,class_calibrated_loss,0.6660846290809154,0.6820833333333334
0,DP eps=8,class_calibrated_loss,0.7127564834438914,0.7270833333333333
0,DP eps=8,class_calibrated_loss,0.7626985859023444,0.7775
0,DP eps=8,class_calibrated_loss,0.8161400793251826,0.8408333333333333
0,DP eps=8,class_calibrated_loss,0.8733261623828429,0.8945833333333333
0,DP eps=8,class_calibrated_loss,0.9345192145605374,0.9420833333333334
0,DP eps=8,class_calibrated_loss,1.0,1.0
0,DP eps=8,learned_ensemble,0.00031622776601683794,0.0
0,DP eps=8,learned_ensemble,0.00033838551534282334,0.0004166666666666667
0,DP eps=8,learned_ensemble,0.0003620958350245917,0.0004166666666666667
0,DP eps=8,learned_ensemble,0.0003874675120456132,0.0004166666666666667
0,DP eps=8,learned_ensemble,0.0004146169559796819,0.0004166666666666667
0,DP eps=8,learned_ensemble,0.0004436687330978611,0.0004166666666666667
0,DP eps=8,learned_ensemble,0.00047475613789974203,0.0004166666666666667
0,DP eps=8,learned_ensemble,0.0005080218046913023,0.0004166666666666667
0,DP eps=8,learned_ensemble,0.0005436183620153838,0.0004166666666666667
0,DP eps=8,learned_ensemble,0.0005817091329374358,0.0004166666666666667
0,DP eps=8,learned_ensemble,0.000622468884399544,0.0004166666666666667
0,DP eps=8,learned_ensemble,0.0006660846290809161,0.0004166666666666667
0,DP eps=8,learned_ensemble,0.0007127564834438914,0.0004166666666666667
0,DP eps=8,learned_ensemble,0.0007626985859023443,0.0004166666666666667
0,DP eps=8,learned_ensemble,0.0008161400793251826,0.0004166666666666667
0,DP eps=8,learned_ensemble,0.0008733261623828437,0.0004166666666666667
0,DP eps=8,learned_ensemble,0.0009345192145605374,0.0004166666666666667
0,DP eps=8,learned_ensemble,0.001,0.0004166666666666667
0,DP eps=8,learned_ensemble,0.0010700689556931745,0.0004166666666666667
0,DP eps=8,learned_ensemble,0.0011450475699382812,0.0004166666666666667
0,DP eps=8,learned_ensemble,0.0012252798573828651,0.0004166666666666667
0,DP eps=8,learned_ensemble,0.0013111339374215643,0.0004166666666666667
0,DP eps=8,learned_ensemble,0.0014030037231905735,0.0004166666666666667
0,DP eps=8,learned_ensemble,0.0015013107289081743,0.0004166666666666667
0,DP eps=8,learned_ensemble,0.0016065060038537287,0.0004166666666666667
0,DP eps=8,learned_ensemble,0.0017190722018585747,0.0004166666666666667
0,DP eps=8,learned_ensemble,0.0018395257958039712,0.0004166666666666667
0,DP eps=8,learned_ensemble,0.0019684194472866113,0.0004166666666666667
0,DP eps=8,learned_ensemble,0.00210634454232412,0.0004166666666666667
0,DP eps=8,learned_ensemble,0.002253933904734791,0.0004166666666666667
0,DP eps=8,learned_ensemble,0.002411864699640997,0.0004166666666666667
0,DP eps=8,learned_ensemble,0.0025808615404180743,0.0004166666666666667
0,DP eps=8,learned_ensemble,0.002761699813343849,0.0004166666666666667
0,DP eps=8,learned_ensemble,0.002955209235202888,0.0004166666666666667
0,DP eps=8,learned_ensemble,0.0031622776601683794,0.0004166666666666667
0,DP eps=8,learned_ensemble,0.003383855153428233,0.0004166666666666667
0,DP eps=8,learned_ensemble,0.0036209583502459165,0.0004166666666666667
0,DP eps=8,learned_ensemble,0.0038746751204561283,0.0016666666666666668
0,DP eps=8,learned_ensemble,0.004146169559796819,0.0018493786164126905
0,DP eps=8,learned_ensemble,0.004436687330978612,0.0022125258303899316
0,DP eps=8,learned_ensemble,0.004747561378997425,0.002601118390413449
0,DP eps=8,learned_ensemble,0.005080218046913023,0.0030169392253079456
0,DP eps=8,learned_ensemble,0.005436183620153837,0.0033333333333333335
0,DP eps=8,learned_ensemble,0.005817091329374358,0.00431409248515384
0,DP eps=8,learned_ensemble,0.006224688843995439,0.005
0,DP eps=8,learned_ensemble,0.006660846290809154,0.005
0,DP eps=8,learned_ensemble,0.007127564834438914,0.005644461013879013
0,DP eps=8,learned_ensemble,0.007626985859023444,0.006536284272065673
0,DP eps=8,learned_ensemble,0.008161400793251826,0.0074905966546163555
0,DP eps=8,learned_ensemble,0.008733261623828438,0.008511776709217447
0,DP eps=8,learned_ensemble,0.009345192145605374,0.010850627434563392
0,DP eps=8,learned_ensemble,0.01,0.011805555555555555
0,DP eps=8,learned_ensemble,0.010700689556931747,0.012827394492747685
0,DP eps=8,learned_ensemble,0.011450475699382817,0.01375
0,DP eps=8,learned_ensemble,0.012252798573828645,0.014360554069960394
0,DP eps=8,learned_ensemble,0.013111339374215644,0.015254867403696852
0,DP eps=8,learned_ensemble,0.014030037231905735,0.016931319809823254
0,DP eps=8,learned_ensemble,0.015013107289081735,0.017924858722342753
0,DP eps=8,learned_ensemble,0.01606506003853728,0.018582329190752464
0,DP eps=8,learned_ensemble,0.017190722018585746,0.019524270451514936
0,DP eps=8,learned_ensemble,0.01839525795803971,0.020910739114216304
0,DP eps=8,learned_ensemble,0.019684194472866123,0.022083333333333333
0,DP eps=8,learned_ensemble,0.02106344542324121,0.02377643559301717
0,DP eps=8,learned_ensemble,0.022539339047347912,0.024391391269728297
0,DP eps=8,learned_ensemble,0.024118646996409972,0.026398308745512467
0,DP eps=8,learned_ensemble,0.02580861540418074,0.027083333333333334
0,DP eps=8,learned_ensemble,0.02761699813343848,0.02770261771436082
0,DP eps=8,learned_ensemble,0.029552092352028863,0.029084827870496807
0,DP eps=8,learned_ensemble,0.03162277660168379,0.030751039461490437
0,DP eps=8,learned_ensemble,0.033838551534282335,0.035
0,DP eps=8,learned_ensemble,0.03620958350245917,0.03833333333333333
0,DP eps=8,learned_ensemble,0.03874675120456132,0.03957007397065782
0,DP eps=8,learned_ensemble,0.04146169559796819,0.042243786164126905
0,DP eps=8,learned_ensemble,0.044366873309786115,0.045490035365157125
0,DP eps=8,learned_ensemble,0.047475613789974204,0.0495037279680448
0,DP eps=8,learned_ensemble,0.05080218046913023,0.05088979741769315
0,DP eps=8,learned_ensemble,0.05436183620153837,0.055299880019358816
0,DP eps=8,learned_ensemble,0.058170913293743576,0.058231820808589733
0,DP eps=8,learned_ensemble,0.0622468884399544,0.06363482862816129
0,DP eps=8,learned_ensemble,0.06660846290809161,0.06818001258885033
0,DP eps=8,learned_ensemble,0.07127564834438914,0.07346671156448938
0,DP eps=8,learned_ensemble,0.07626985859023444,0.07588326490925323
0,DP eps=8,learned_ensemble,0.08161400793251826,0.0786841765823145
0,DP eps=8,learned_ensemble,0.08733261623828428,0.08166621848226101
0,DP eps=8,learned_ensemble,0.09345192145605374,0.08931490182006718
0,DP eps=8,learned_ensemble,0.1,0.09781250000000001
0,DP eps=8,learned_ensemble,0.10700689556931746,0.10153065093166005
0,DP eps=8,learned_ensemble,0.11450475699382812,0.11051007058424395
0,DP eps=8,learned_ensemble,0.12252798573828651,0.11488170163090397
0,DP eps=8,learned_ensemble,0.13111339374215644,0.12187927993321
0,DP eps=8,learned_ensemble,0.14030037231905734,0.13247253248810334
0,DP eps=8,learned_ensemble,0.15013107289081729,0.1375
0,DP eps=8,learned_ensemble,0.16065060038537288,0.1505316402511231
0,DP eps=8,learned_ensemble,0.17190722018585747,0.16249055351919078
0,DP eps=8,learned_ensemble,0.18395257958039712,0.17446448002430154
0,DP eps=8,learned_ensemble,0.19684194472866112,0.18419435789167776
0,DP eps=8,learned_ensemble,0.210634454232412,0.19646173413299464
0,DP eps=8,learned_ensemble,0.22539339047347912,0.20942327709995065
0,DP eps=8,learned_ensemble,0.24118646996409973,0.21854674052113499
0,DP eps=8,learned_ensemble,0.2580861540418074,0.23275282070847406
0,DP eps=8,learned_ensemble,0.27616998133438464,0.2511863757855119
0,DP eps=8,learned_ensemble,0.2955209235202888,0.2740717893210986
0,DP eps=8,learned_ensemble,0.31622776601683794,0.2966057061555785
0,DP eps=8,learned_ensemble,0.33838551534282335,0.3195552964490435
0,DP eps=8,learned_ensemble,0.36209583502459164,0.3440877860526628
0,DP eps=8,learned_ensemble,0.3874675120456132,0.3703392415833619
0,DP eps=8,learned_ensemble,0.4146169559796819,0.39843010918852245
0,DP eps=8,learned_ensemble,0.44366873309786115,0.4284892745512918
0,DP eps=8,learned_ensemble,0.474756137899742,0.4589598193494836
0,DP eps=8,learned_ensemble,0.5080218046913023,0.49105346105658343
0,DP eps=8,learned_ensemble,0.5436183620153837,0.5323847922817448
0,DP eps=8,learned_ensemble,0.5817091329374358,0.5754756277281846
0,DP eps=8,learned_ensemble,0.622468884399544,0.6193207787033608
0,DP eps=8,learned_ensemble,0.6660846290809154,0.6562428418976827
0,DP eps=8,learned_ensemble,0.7127564834438914,0.705219354051384
0,DP eps=8,learned_ensemble,0.7626985859023444,0.7575427489763541
0,DP eps=8,learned_ensemble,0.8161400793251826,0.8103058574575664
0,DP eps=8,learned_ensemble,0.8733261623828429,0.8706825835794044
0,DP eps=8,learned_ensemble,0.9345192145605374,0.9256490182006718
0,DP eps=8,learned_ensemble,1.0,1.0
0,DP eps=3,confidence,0.00031622776601683794,0.0
0,DP eps=3,confidence,0.00033838551534282334,0.0004166666666666667
0,DP eps=3,confidence,0.0003620958350245917,0.0004166666666666667
0,DP eps=3,confidence,0.0003874675120456132,0.0004166666666666667
0,DP eps=3,confidence,0.0004146169559796819,0.0004166666666666667
0,DP eps=3,confidence,0.0004436687330978611,0.0004166666666666667
0,DP eps=3,confidence,0.00047475613789974203,0.0004166666666666667
0,DP eps=3,confidence,0.0005080218046913023,0.0004166666666666667
0,DP eps=3,confidence,0.0005436183620153838,0.0004166666666666667
0,DP eps=3,confidence,0.0005817091329374358,0.0004166666666666667
0,DP eps=3,confidence,0.000622468884399544,0.0004166666666666667
0,DP eps=3,confidence,0.0006660846290809161,0.0004166666666666667
0,DP eps=3,confidence,0.0007127564834438914,0.0004166666666666667
0,DP eps=3,confidence,0.0007626985859023443,0.0004166666666666667
0,DP eps=3,confidence,0.0008161400793251826,0.0004166666666666667
0,DP eps=3,confidence,0.0008733261623828437,0.0004166666666666667
0,DP eps=3,confidence,0.0009345192145605374,0.0004166666666666667
0,DP eps=3,confidence,0.001,0.0004166666666666667
0,DP eps=3,confidence,0.0010700689556931745,0.0004166666666666667
0,DP eps=3,confidence,0.0011450475699382812,0.0004166666666666667
0,DP eps=3,confidence,0.0012252798573828651,0.0004166666666666667
0,DP eps=3,confidence,0.0013111339374215643,0.0004166666666666667
0,DP eps=3,confidence,0.0014030037231905735,0.0004166666666666667
0,DP eps=3,confidence,0.0015013107289081743,0.0004166666666666667
0,DP eps=3,confidence,0.0016065060038537287,0.0004166666666666667
0,DP eps=3,confidence,0.0017190722018585747,0.0004166666666666667
0,DP eps=3,confidence,0.0018395257958039712,0.0004166666666666667
0,DP eps=3,confidence,0.0019684194472866113,0.0004166666666666667
0,DP eps=3,confidence,0.00210634454232412,0.0004166666666666667
0,DP eps=3,confidence,0.002253933904734791,0.0004166666666666667
0,DP eps=3,confidence,0.002411864699640997,0.0008333333333333334
0,DP eps=3,confidence,0.0025808615404180743,0.0008333333333333334
0,DP eps=3,confidence,0.002761699813343849,0.0016666666666666668
0,DP eps=3,confidence,0.002955209235202888,0.0016666666666666668
0,DP eps=3,confidence,0.0031622776601683794,0.004166666666666667
0,DP eps=3,confidence,0.003383855153428233,0.005
0,DP eps=3,confidence,0.0036209583502459165,0.005
0,DP eps=3,confidence,0.0038746751204561283,0.005
0,DP eps=3,confidence,0.004146169559796819,0.005
0,DP eps=3,confidence,0.004436687330978612,0.005
0,DP eps=3,confidence,0.004747561378997425,0.005416666666666667
0,DP eps=3,confidence,0.005080218046913023,0.006666666666666667
0,DP eps=3,confidence,0.005436183620153837,0.006666666666666667
0,DP eps=3,confidence,0.005817091329374358,0.007083333333333333
0,DP eps=3,confidence,0.006224688843995439,0.007083333333333333
0,DP eps=3,confidence,0.006660846290809154,0.007916666666666667
0,DP eps=3,confidence,0.007127564834438914,0.009583333333333333
0,DP eps=3,confidence,0.007626985859023444,0.009583333333333333
0,DP eps=3,confidence,0.008161400793251826,0.011666666666666667
0,DP eps=3,confidence,0.008733261623828438,0.012083333333333333
0,DP eps=3,confidence,0.009345192145605374,0.0125
0,DP eps=3,confidence,0.01,0.013333333333333334
0,DP eps=3,confidence,0.010700689556931747,0.01375
0,DP eps=3,confidence,0.011450475699382817,0.014583333333333334
0,DP eps=3,confidence,0.012252798573828645,0.015
0,DP eps=3,confidence,0.013111339374215644,0.01625
0,DP eps=3,confidence,0.014030037231905735,0.017916666666666668
0,DP eps=3,confidence,0.015013107289081735,0.019583333333333335
0,DP eps=3,confidence,0.01606506003853728,0.020416666666666666
0,DP eps=3,confidence,0.017190722018585746,0.022916666666666665
0,DP eps=3,confidence,0.01839525795803971,0.022916666666666665
0,DP eps=3,confidence,0.019684194472866123,0.024166666666666666
0,DP eps=3,confidence,0.02106344542324121,0.024166666666666666
0,DP eps=3,confidence,0.022539339047347912,0.024166666666666666
0,DP eps=3,confidence,0.024118646996409972,0.025
0,DP eps=3,confidence,0.02580861540418074,0.02625
0,DP eps=3,confidence,0.02761699813343848,0.029583333333333333
0,DP eps=3,confidence,0.029552092352028863,0.03125
0,DP eps=3,confidence,0.03162277660168379,0.032916666666666664
0,DP eps=3,confidence,0.033838551534282335,0.03625
0,DP eps=3,confidence,0.03620958350245917,0.03833333333333333
0,DP eps=3,confidence,0.03874675120456132,0.041666666666666664
0,DP eps=3,confidence,0.04146169559796819,0.04375
0,DP eps=3,confidence,0.044366873309786115,0.04708333333333333
0,DP eps=3,confidence,0.047475613789974204,0.0525
0,DP eps=3,confidence,0.05080218046913023,0.05541666666666667
0,DP eps=3,confidence,0.05436183620153837,0.06041666666666667
0,DP eps=3,confidence,0.058170913293743576,0.06416666666666666
0,DP eps=3,confidence,0.0622468884399544,0.07
0,DP eps=3,confidence,0.06660846290809161,0.075
0,DP eps=3,confidence,0.07127564834438914,0.08125
0,DP eps=3,confidence,0.07626985859023444,0.08625
0,DP eps=3,confidence,0.08161400793251826,0.09041666666666667
0,DP eps=3,confidence,0.08733261623828428,0.09583333333333334
0,DP eps=3,confidence,0.09345192145605374,0.10291666666666667
0,DP eps=3,confidence,0.1,0.10791666666666666
0,DP eps=3,confidence,0.10700689556931746,0.11125
0,DP eps=3,confidence,0.11450475699382812,0.12083333333333333
0,DP eps=3,confidence,0.12252798573828651,0.12541666666666668
0,DP eps=3,confidence,0.13111339374215644,0.12833333333333333
0,DP eps=3,confidence,0.14030037231905734,0.135
0,DP eps=3,confidence,0.15013107289081729,0.1475
0,DP eps=3,confidence,0.16065060038537288,0.15875
0,DP eps=3,confidence,0.17190722018585747,0.17041666666666666
0,DP eps=3,confidence,0.18395257958039712,0.17791666666666667
0,DP eps=3,confidence,0.19684194472866112,0.19208333333333333
0,DP eps=3,confidence,0.210634454232412,0.2025
0,DP eps=3,confidence,0.22539339047347912,0.21708333333333332
0,DP eps=3,confidence,0.24118646996409973,0.23583333333333334
0,DP eps=3,confidence,0.2580861540418074,0.255
0,DP eps=3,confidence,0.27616998133438464,0.26958333333333334
0,DP eps=3,confidence,0.2955209235202888,0.29041666666666666
0,DP eps=3,confidence,0.31622776601683794,0.3075
0,DP eps=3,confidence,0.33838551534282335,0.3308333333333333
0,DP eps=3,confidence,0.36209583502459164,0.355
0,DP eps=3,confidence,0.3874675120456132,0.38166666666666665
0,DP eps=3,confidence,0.4146169559796819,0.40875
0,DP eps=3,confidence,0.44366873309786115,0.44083333333333335
0,DP eps=3,confidence,0.474756137899742,0.4675
0,DP eps=3,confidence,0.5080218046913023,0.4979166666666667
0,DP eps=3,confidence,0.5436183620153837,0.5333333333333333
0,DP eps=3,confidence,0.5817091329374358,0.5779166666666666
0,DP eps=3,confidence,0.622468884399544,0.6216666666666667
0,DP eps=3,confidence,0.6660846290809154,0.6591666666666667
0,DP eps=3,confidence,0.7127564834438914,0.7029166666666666
0,DP eps=3,confidence,0.7626985859023444,0.7520833333333333
0,DP eps=3,confidence,0.8161400793251826,0.8183333333333334
0,DP eps=3,confidence,0.8733261623828429,0.8775
0,DP eps=3,confidence,0.9345192145605374,0.9470833333333334
0,DP eps=3,confidence,1.0,1.0
0,DP eps=3,neg_entropy,0.00031622776601683794,0.0
0,DP eps=3,neg_entropy,0.00033838551534282334,0.0004166666666666667
0,DP eps=3,neg_entropy,0.0003620958350245917,0.0004166666666666667
0,DP eps=3,neg_entropy,0.0003874675120456132,0.0004166666666666667
0,DP eps=3,neg_entropy,0.0004146169559796819,0.0004166666666666667
0,DP eps=3,neg_entropy,0.0004436687330978611,0.0004166666666666667
0,DP eps=3,neg_entropy,0.00047475613789974203,0.0004166666666666667
0,DP eps=3,neg_entropy,0.0005080218046913023,0.0004166666666666667
0,DP eps=3,neg_entropy,0.0005436183620153838,0.0004166666666666667
0,DP eps=3,neg_entropy,0.0005817091329374358,0.0004166666666666667
0,DP eps=3,neg_entropy,0.000622468884399544,0.0004166666666666667
0,DP eps=3,neg_entropy,0.0006660846290809161,0.0004166666666666667
0,DP eps=3,neg_entropy,0.0007127564834438914,0.0004166666666666667
0,DP eps=3,neg_entropy,0.0007626985859023443,0.0004166666666666667
0,DP eps=3,neg_entropy,0.0008161400793251826,0.0004166666666666667
0,DP eps=3,neg_entropy,0.0008733261623828437,0.0004166666666666667
0,DP eps=3,neg_entropy,0.0009345192145605374,0.0004166666666666667
0,DP eps=3,neg_entropy,0.001,0.0004166666666666667
0,DP eps=3,neg_entropy,0.0010700689556931745,0.0004166666666666667
0,DP eps=3,neg_entropy,0.0011450475699382812,0.0004166666666666667
0,DP eps=3,neg_entropy,0.0012252798573828651,0.0004166666666666667
0,DP eps=3,neg_entropy,0.0013111339374215643,0.0004166666666666667
0,DP eps=3,neg_entropy,0.0014030037231905735,0.0004166666666666667
0,DP eps=3,neg_entropy,0.0015013107289081743,0.0004166666666666667
0,DP eps=3,neg_entropy,0.0016065060038537287,0.0004166666666666667
0,DP eps=3,neg_entropy,0.0017190722018585747,0.0004166666666666667
0,DP eps=3,neg_entropy,0.0018395257958039712,0.0004166666666666667
0,DP eps=3,neg_entropy,0.0019684194472866113,0.0004166666666666667
0,DP eps=3,neg_entropy,0.00210634454232412,0.0004166666666666667
0,DP eps=3,neg_entropy,0.002253933904734791,0.0004166666666666667
0,DP eps=3,neg_entropy,0.002411864699640997,0.0008333333333333334
0,DP eps=3,neg_entropy,0.0025808615404180743,0.0008333333333333334
0,DP eps=3,neg_entropy,0.002761699813343849,0.0016666666666666668
0,DP eps=3,neg_entropy,0.002955209235202888,0.0016666666666666668
0,DP eps=3,neg_entropy,0.0031622776601683794,0.004166666666666667
0,DP eps=3,neg_entropy,0.003383855153428233,0.005
0,DP eps=3,neg_entropy,0.0036209583502459165,0.005
0,DP eps=3,neg_entropy,0.0038746751204561283,0.005
0,DP eps=3,neg_entropy,0.004146169559796819,0.005
0,DP eps=3,neg_entropy,0.004436687330978612,0.005
0,DP eps=3,neg_entropy,0.004747561378997425,0.005416666666666667
0,DP eps=3,neg_entropy,0.005080218046913023,0.006666666666666667
0,DP eps=3,neg_entropy,0.005436183620153837,0.006666666666666667
0,DP eps=3,neg_entropy,0.005817091329374358,0.007083333333333333
0,DP eps=3,neg_entropy,0.006224688843995439,0.007083333333333333
0,DP eps=3,neg_entropy,0.006660846290809154,0.007916666666666667
0,DP eps=3,neg_entropy,0.007127564834438914,0.009583333333333333
0,DP eps=3,neg_entropy,0.007626985859023444,0.009583333333333333
0,DP eps=3,neg_entropy,0.008161400793251826,0.011666666666666667
0,DP eps=3,neg_entropy,0.008733261623828438,0.012083333333333333
0,DP eps=3,neg_entropy,0.009345192145605374,0.0125
0,DP eps=3,neg_entropy,0.01,0.013333333333333334
0,DP eps=3,neg_entropy,0.010700689556931747,0.01375
0,DP eps=3,neg_entropy,0.011450475699382817,0.014583333333333334
0,DP eps=3,neg_entropy,0.012252798573828645,0.015
0,DP eps=3,neg_entropy,0.013111339374215644,0.01625
0,DP eps=3,neg_entropy,0.014030037231905735,0.017916666666666668
0,DP eps=3,neg_entropy,0.015013107289081735,0.019583333333333335
0,DP eps=3,neg_entropy,0.01606506003853728,0.020416666666666666
0,DP eps=3,neg_entropy,0.017190722018585746,0.022916666666666665
0,DP eps=3,neg_entropy,0.01839525795803971,0.022916666666666665
0,DP eps=3,neg_entropy,0.019684194472866123,0.024166666666666666
0,DP eps=3,neg_entropy,0.02106344542324121,0.024166666666666666
0,DP eps=3,neg_entropy,0.022539339047347912,0.024166666666666666
0,DP eps=3,neg_entropy,0.024118646996409972,0.025
0,DP eps=3,neg_entropy,0.02580861540418074,0.02625
0,DP eps=3,neg_entropy,0.02761699813343848,0.029583333333333333
0,DP eps=3,neg_entropy,0.029552092352028863,0.03125
0,DP eps=3,neg_entropy,0.03162277660168379,0.032916666666666664
0,DP eps=3,neg_entropy,0.033838551534282335,0.03625
0,DP eps=3,neg_entropy,0.03620958350245917,0.03833333333333333
0,DP eps=3,neg_entropy,0.03874675120456132,0.041666666666666664
0,DP eps=3,neg_entropy,0.04146169559796819,0.04375
0,DP eps=3,neg_entropy,0.044366873309786115,0.04708333333333333
0,DP eps=3,neg_entropy,0.047475613789974204,0.0525
0,DP eps=3,neg_entropy,0.05080218046913023,0.05541666666666667
0,DP eps=3,neg_entropy,0.05436183620153837,0.06041666666666667
0,DP eps=3,neg_entropy,0.058170913293743576,0.06416666666666666
0,DP eps=3,neg_entropy,0.0622468884399544,0.07
0,DP eps=3,neg_entropy,0.06660846290809161,0.075
0,DP eps=3,neg_entropy,0.07127564834438914,0.08125
0,DP eps=3,neg_entropy,0.07626985859023444,0.08625
0,DP eps=3,neg_entropy,0.08161400793251826,0.09041666666666667
0,DP eps=3,neg_entropy,0.08733261623828428,0.09583333333333334
0,DP eps=3,neg_entropy,0.09345192145605374,0.10291666666666667
0,DP eps=3,neg_entropy,0.1,0.10791666666666666
0,DP eps=3,neg_entropy,0.10700689556931746,0.11125
0,DP eps=3,neg_entropy,0.11450475699382812,0.12083333333333333
0,DP eps=3,neg_entropy,0.12252798573828651,0.12541666666666668
0,DP eps=3,neg_entropy,0.13111339374215644,0.12833333333333333
0,DP eps=3,neg_entropy,0.14030037231905734,0.135
0,DP eps=3,neg_entropy,0.15013107289081729,0.1475
0,DP eps=3,neg_entropy,0.16065060038537288,0.15875
0,DP eps=3,neg_entropy,0.17190722018585747,0.17041666666666666
0,DP eps=3,neg_entropy,0.18395257958039712,0.17791666666666667
0,DP eps=3,neg_entropy,0.19684194472866112,0.19208333333333333
0,DP eps=3,neg_entropy,0.210634454232412,0.2025
0,DP eps=3,neg_entropy,0.22539339047347912,0.21708333333333332
0,DP eps=3,neg_entropy,0.24118646996409973,0.23583333333333334
0,DP eps=3,neg_entropy,0.2580861540418074,0.255
0,DP eps=3,neg_entropy,0.27616998133438464,0.26958333333333334
0,DP eps=3,neg_entropy,0.2955209235202888,0.29041666666666666
0,DP eps=3,neg_entropy,0.31622776601683794,0.3075
0,DP eps=3,neg_entropy,0.33838551534282335,0.3308333333333333
0,DP eps=3,neg_entropy,0.36209583502459164,0.355
0,DP eps=3,neg_entropy,0.3874675120456132,0.38166666666666665
0,DP eps=3,neg_entropy,0.4146169559796819,0.40875
0,DP eps=3,neg_entropy,0.44366873309786115,0.44083333333333335
0,DP eps=3,neg_entropy,0.474756137899742,0.4675
0,DP eps=3,neg_entropy,0.5080218046913023,0.4979166666666667
0,DP eps=3,neg_entropy,0.5436183620153837,0.5333333333333333
0,DP eps=3,neg_entropy,0.5817091329374358,0.5779166666666666
0,DP eps=3,neg_entropy,0.622468884399544,0.6216666666666667
0,DP eps=3,neg_entropy,0.6660846290809154,0.6591666666666667
0,DP eps=3,neg_entropy,0.7127564834438914,0.7029166666666666
0,DP eps=3,neg_entropy,0.7626985859023444,0.7520833333333333
0,DP eps=3,neg_entropy,0.8161400793251826,0.8183333333333334
0,DP eps=3,neg_entropy,0.8733261623828429,0.8775
0,DP eps=3,neg_entropy,0.9345192145605374,0.9470833333333334
0,DP eps=3,neg_entropy,1.0,1.0
0,DP eps=3,yeom_neg_loss,0.00031622776601683794,0.0
0,DP eps=3,yeom_neg_loss,0.00033838551534282334,0.0004166666666666667
0,DP eps=3,yeom_neg_loss,0.0003620958350245917,0.0004166666666666667
0,DP eps=3,yeom_neg_loss,0.0003874675120456132,0.0004166666666666667
0,DP eps=3,yeom_neg_loss,0.0004146169559796819,0.0004166666666666667
0,DP eps=3,yeom_neg_loss,0.0004436687330978611,0.0004166666666666667
0,DP eps=3,yeom_neg_loss,0.00047475613789974203,0.0004166666666666667
0,DP eps=3,yeom_neg_loss,0.0005080218046913023,0.0004166666666666667
0,DP eps=3,yeom_neg_loss,0.0005436183620153838,0.0004166666666666667
0,DP eps=3,yeom_neg_loss,0.0005817091329374358,0.0004166666666666667
0,DP eps=3,yeom_neg_loss,0.000622468884399544,0.0004166666666666667
0,DP eps=3,yeom_neg_loss,0.0006660846290809161,0.0004166666666666667
0,DP eps=3,yeom_neg_loss,0.0007127564834438914,0.0004166666666666667
0,DP eps=3,yeom_neg_loss,0.0007626985859023443,0.0004166666666666667
0,DP eps=3,yeom_neg_loss,0.0008161400793251826,0.0004166666666666667
0,DP eps=3,yeom_neg_loss,0.0008733261623828437,0.0004166666666666667
0,DP eps=3,yeom_neg_loss,0.0009345192145605374,0.0004166666666666667
0,DP eps=3,yeom_neg_loss,0.001,0.0004166666666666667
0,DP eps=3,yeom_neg_loss,0.0010700689556931745,0.0004166666666666667
0,DP eps=3,yeom_neg_loss,0.0011450475699382812,0.0004166666666666667
0,DP eps=3,yeom_neg_loss,0.0012252798573828651,0.0004166666666666667
0,DP eps=3,yeom_neg_loss,0.0013111339374215643,0.0004166666666666667
0,DP eps=3,yeom_neg_loss,0.0014030037231905735,0.0004166666666666667
0,DP eps=3,yeom_neg_loss,0.0015013107289081743,0.0004166666666666667
0,DP eps=3,yeom_neg_loss,0.0016065060038537287,0.0004166666666666667
0,DP eps=3,yeom_neg_loss,0.0017190722018585747,0.0004166666666666667
0,DP eps=3,yeom_neg_loss,0.0018395257958039712,0.0004166666666666667
0,DP eps=3,yeom_neg_loss,0.0019684194472866113,0.0004166666666666667
0,DP eps=3,yeom_neg_loss,0.00210634454232412,0.0004166666666666667
0,DP eps=3,yeom_neg_loss,0.002253933904734791,0.0004166666666666667
0,DP eps=3,yeom_neg_loss,0.002411864699640997,0.0004166666666666667
0,DP eps=3,yeom_neg_loss,0.0025808615404180743,0.0004166666666666667
0,DP eps=3,yeom_neg_loss,0.002761699813343849,0.00125
0,DP eps=3,yeom_neg_loss,0.002955209235202888,0.00125
0,DP eps=3,yeom_neg_loss,0.0031622776601683794,0.0033333333333333335
0,DP eps=3,yeom_neg_loss,0.003383855153428233,0.004166666666666667
0,DP eps=3,yeom_neg_loss,0.0036209583502459165,0.004166666666666667
0,DP eps=3,yeom_neg_loss,0.0038746751204561283,0.004166666666666667
0,DP eps=3,yeom_neg_loss,0.004146169559796819,0.004166666666666667
0,DP eps=3,yeom_neg_loss,0.004436687330978612,0.004166666666666667
0,DP eps=3,yeom_neg_loss,0.004747561378997425,0.004166666666666667
0,DP eps=3,yeom_neg_loss,0.005080218046913023,0.005416666666666667
0,DP eps=3,yeom_neg_loss,0.005436183620153837,0.005416666666666667
0,DP eps=3,yeom_neg_loss,0.005817091329374358,0.005833333333333334
0,DP eps=3,yeom_neg_loss,0.006224688843995439,0.005833333333333334
0,DP eps=3,yeom_neg_loss,0.006660846290809154,0.006666666666666667
0,DP eps=3,yeom_neg_loss,0.007127564834438914,0.008333333333333333
0,DP eps=3,yeom_neg_loss,0.007626985859023444,0.008333333333333333
0,DP eps=3,yeom_neg_loss,0.008161400793251826,0.010416666666666666
0,DP eps=3,yeom_neg_loss,0.008733261623828438,0.010833333333333334
0,DP eps=3,yeom_neg_loss,0.009345192145605374,0.01125
0,DP eps=3,yeom_neg_loss,0.01,0.012083333333333333
0,DP eps=3,yeom_neg_loss,0.010700689556931747,0.0125
0,DP eps=3,yeom_neg_loss,0.011450475699382817,0.013333333333333334
0,DP eps=3,yeom_neg_loss,0.012252798573828645,0.01375
0,DP eps=3,yeom_neg_loss,0.013111339374215644,0.015
0,DP eps=3,yeom_neg_loss,0.014030037231905735,0.016666666666666666
0,DP eps=3,yeom_neg_loss,0.015013107289081735,0.018333333333333333
0,DP eps=3,yeom_neg_loss,0.01606506003853728,0.01875
0,DP eps=3,yeom_neg_loss,0.017190722018585746,0.020833333333333332
0,DP eps=3,yeom_neg_loss,0.01839525795803971,0.020833333333333332
0,DP eps=3,yeom_neg_loss,0.019684194472866123,0.022083333333333333
0,DP eps=3,yeom_neg_loss,0.02106344542324121,0.022083333333333333
0,DP eps=3,yeom_neg_loss,0.022539339047347912,0.022083333333333333
0,DP eps=3,yeom_neg_loss,0.024118646996409972,0.023333333333333334
0,DP eps=3,yeom_neg_loss,0.02580861540418074,0.025833333333333333
0,DP eps=3,yeom_neg_loss,0.02761699813343848,0.027916666666666666
0,DP eps=3,yeom_neg_loss,0.029552092352028863,0.03
0,DP eps=3,yeom_neg_loss,0.03162277660168379,0.03208333333333333
0,DP eps=3,yeom_neg_loss,0.033838551534282335,0.035
0,DP eps=3,yeom_neg_loss,0.03620958350245917,0.03875
0,DP eps=3,yeom_neg_loss,0.03874675120456132,0.03958333333333333
0,DP eps=3,yeom_neg_loss,0.04146169559796819,0.04416666666666667
0,DP eps=3,yeom_neg_loss,0.044366873309786115,0.0475
0,DP eps=3,yeom_neg_loss,0.047475613789974204,0.05125
0,DP eps=3,yeom_neg_loss,0.05080218046913023,0.05416666666666667
0,DP eps=3,yeom_neg_loss,0.05436183620153837,0.060833333333333336
0,DP eps=3,yeom_neg_loss,0.058170913293743576,0.06583333333333333
0,DP eps=3,yeom_neg_loss,0.0622468884399544,0.07083333333333333
0,DP eps=3,yeom_neg_loss,0.06660846290809161,0.07701057863511451
0,DP eps=3,yeom_neg_loss,0.07127564834438914,0.0825
0,DP eps=3,yeom_neg_loss,0.07626985859023444,0.08666666666666667
0,DP eps=3,yeom_neg_loss,0.08161400793251826,0.09208333333333334
0,DP eps=3,yeom_neg_loss,0.08733261623828428,0.09916666666666667
0,DP eps=3,yeom_neg_loss,0.09345192145605374,0.10416666666666667
0,DP eps=3,yeom_neg_loss,0.1,0.10666666666666667
0,DP eps=3,yeom_neg_loss,0.10700689556931746,0.11583333333333333
0,DP eps=3,yeom_neg_loss,0.11450475699382812,0.12125
0,DP eps=3,yeom_neg_loss,0.12252798573828651,0.1225
0,DP eps=3,yeom_neg_loss,0.13111339374215644,0.12875
0,DP eps=3,yeom_neg_loss,0.14030037231905734,0.14208333333333334
0,DP eps=3,yeom_neg_loss,0.15013107289081729,0.1525
0,DP eps=3,yeom_neg_loss,0.16065060038537288,0.1625
0,DP eps=3,yeom_neg_loss,0.17190722018585747,0.17
0,DP eps=3,yeom_neg_loss,0.18395257958039712,0.18208333333333335
0,DP eps=3,yeom_neg_loss,0.19684194472866112,0.19291666666666665
0,DP eps=3,yeom_neg_loss,0.210634454232412,0.2075
0,DP eps=3,yeom_neg_loss,0.22539339047347912,0.2225
0,DP eps=3,yeom_neg_loss,0.24118646996409973,0.23958333333333334
0,DP eps=3,yeom_neg_loss,0.2580861540418074,0.25166666666666665
0,DP eps=3,yeom_neg_loss,0.27616998133438464,0.27166666666666667
0,DP eps=3,yeom_neg_loss,0.2955209235202888,0.29083333333333333
0,DP eps=3,yeom_neg_loss,0.31622776601683794,0.31083333333333335
0,DP eps=3,yeom_neg_loss,0.33838551534282335,0.33958333333333335
0,DP eps=3,yeom_neg_loss,0.36209583502459164,0.35875
0,DP eps=3,yeom_neg_loss,0.3874675120456132,0.3908333333333333
0,DP eps=3,yeom_neg_loss,0.4146169559796819,0.4125
0,DP eps=3,yeom_neg_loss,0.44366873309786115,0.4404166666666667
0,DP eps=3,yeom_neg_loss,0.474756137899742,0.4795833333333333
0,DP eps=3,yeom_neg_loss,0.5080218046913023,0.5154166666666666
0,DP eps=3,yeom_neg_loss,0.5436183620153837,0.55625
0,DP eps=3,yeom_neg_loss,0.5817091329374358,0.5904166666666667
0,DP eps=3,yeom_neg_loss,0.622468884399544,0.62625
0,DP eps=3,yeom_neg_loss,0.6660846290809154,0.6779166666666666
0,DP eps=3,yeom_neg_loss,0.7127564834438914,0.7254166666666667
0,DP eps=3,yeom_neg_loss,0.7626985859023444,0.7758333333333334
0,DP eps=3,yeom_neg_loss,0.8161400793251826,0.82625
0,DP eps=3,yeom_neg_loss,0.8733261623828429,0.8866666666666667
0,DP eps=3,yeom_neg_loss,0.9345192145605374,0.9420833333333334
0,DP eps=3,yeom_neg_loss,1.0,1.0
0,DP eps=3,modified_entropy,0.00031622776601683794,0.0
0,DP eps=3,modified_entropy,0.00033838551534282334,0.0004166666666666667
0,DP eps=3,modified_entropy,0.0003620958350245917,0.0004166666666666667
0,DP eps=3,modified_entropy,0.0003874675120456132,0.0004166666666666667
0,DP eps=3,modified_entropy,0.0004146169559796819,0.0004166666666666667
0,DP eps=3,modified_entropy,0.0004436687330978611,0.0004166666666666667
0,DP eps=3,modified_entropy,0.00047475613789974203,0.0004166666666666667
0,DP eps=3,modified_entropy,0.0005080218046913023,0.0004166666666666667
0,DP eps=3,modified_entropy,0.0005436183620153838,0.0004166666666666667
0,DP eps=3,modified_entropy,0.0005817091329374358,0.0004166666666666667
0,DP eps=3,modified_entropy,0.000622468884399544,0.0004166666666666667
0,DP eps=3,modified_entropy,0.0006660846290809161,0.0004166666666666667
0,DP eps=3,modified_entropy,0.0007127564834438914,0.0004166666666666667
0,DP eps=3,modified_entropy,0.0007626985859023443,0.0004166666666666667
0,DP eps=3,modified_entropy,0.0008161400793251826,0.0004166666666666667
0,DP eps=3,modified_entropy,0.0008733261623828437,0.0004166666666666667
0,DP eps=3,modified_entropy,0.0009345192145605374,0.0004166666666666667
0,DP eps=3,modified_entropy,0.001,0.0004166666666666667
0,DP eps=3,modified_entropy,0.0010700689556931745,0.0004166666666666667
0,DP eps=3,modified_entropy,0.0011450475699382812,0.0004166666666666667
0,DP eps=3,modified_entropy,0.0012252798573828651,0.0004166666666666667
0,DP eps=3,modified_entropy,0.0013111339374215643,0.0004166666666666667
0,DP eps=3,modified_entropy,0.0014030037231905735,0.0004166666666666667
0,DP eps=3,modified_entropy,0.0015013107289081743,0.0004166666666666667
0,DP eps=3,modified_entropy,0.0016065060038537287,0.0004166666666666667
0,DP eps=3,modified_entropy,0.0017190722018585747,0.0004166666666666667
0,DP eps=3,modified_entropy,0.0018395257958039712,0.0004166666666666667
0,DP eps=3,modified_entropy,0.0019684194472866113,0.0004166666666666667
0,DP eps=3,modified_entropy,0.00210634454232412,0.0004166666666666667
0,DP eps=3,modified_entropy,0.002253933904734791,0.0004166666666666667
0,DP eps=3,modified_entropy,0.002411864699640997,0.0004166666666666667
0,DP eps=3,modified_entropy,0.0025808615404180743,0.0004166666666666667
0,DP eps=3,modified_entropy,0.002761699813343849,0.00125
0,DP eps=3,modified_entropy,0.002955209235202888,0.00125
0,DP eps=3,modified_entropy,0.0031622776601683794,0.0033333333333333335
0,DP eps=3,modified_entropy,0.003383855153428233,0.004166666666666667
0,DP eps=3,modified_entropy,0.0036209583502459165,0.004166666666666667
0,DP eps=3,modified_entropy,0.0038746751204561283,0.004166666666666667
0,DP eps=3,modified_entropy,0.004146169559796819,0.004166666666666667
0,DP eps=3,modified_entropy,0.004436687330978612,0.004166666666666667
0,DP eps=3,modified_entropy,0.004747561378997425,0.004166666666666667
0,DP eps=3,modified_entropy,0.005080218046913023,0.005416666666666667
0,DP eps=3,modified_entropy,0.005436183620153837,0.005416666666666667
0,DP eps=3,modified_entropy,0.005817091329374358,0.005833333333333334
0,DP eps=3,modified_entropy,0.006224688843995439,0.005833333333333334
0,DP eps=3,modified_entropy,0.006660846290809154,0.006666666666666667
0,DP eps=3,modified_entropy,0.007127564834438914,0.008333333333333333
0,DP eps=3,modified_entropy,0.007626985859023444,0.008333333333333333
0,DP eps=3,modified_entropy,0.008161400793251826,0.010416666666666666
0,DP eps=3,modified_entropy,0.008733261623828438,0.010833333333333334
0,DP eps=3,modified_entropy,0.009345192145605374,0.01125
0,DP eps=3,modified_entropy,0.01,0.012083333333333333
0,DP eps=3,modified_entropy,0.010700689556931747,0.0125
0,DP eps=3,modified_entropy,0.011450475699382817,0.013333333333333334
0,DP eps=3,modified_entropy,0.012252798573828645,0.01375
0,DP eps=3,modified_entropy,0.013111339374215644,0.015
0,DP eps=3,modified_entropy,0.014030037231905735,0.016666666666666666
0,DP eps=3,modified_entropy,0.015013107289081735,0.018333333333333333
0,DP eps=3,modified_entropy,0.01606506003853728,0.01875
0,DP eps=3,modified_entropy,0.017190722018585746,0.020833333333333332
0,DP eps=3,modified_entropy,0.01839525795803971,0.020833333333333332
0,DP eps=3,modified_entropy,0.019684194472866123,0.022083333333333333
0,DP eps=3,modified_entropy,0.02106344542324121,0.022083333333333333
0,DP eps=3,modified_entropy,0.022539339047347912,0.022083333333333333
0,DP eps=3,modified_entropy,0.024118646996409972,0.023333333333333334
0,DP eps=3,modified_entropy,0.02580861540418074,0.025833333333333333
0,DP eps=3,modified_entropy,0.02761699813343848,0.027916666666666666
0,DP eps=3,modified_entropy,0.029552092352028863,0.03
0,DP eps=3,modified_entropy,0.03162277660168379,0.03208333333333333
0,DP eps=3,modified_entropy,0.033838551534282335,0.035
0,DP eps=3,modified_entropy,0.03620958350245917,0.03875
0,DP eps=3,modified_entropy,0.03874675120456132,0.03958333333333333
0,DP eps=3,modified_entropy,0.04146169559796819,0.04416666666666667
0,DP eps=3,modified_entropy,0.044366873309786115,0.0475
0,DP eps=3,modified_entropy,0.047475613789974204,0.05125
0,DP eps=3,modified_entropy,0.05080218046913023,0.05416666666666667
0,DP eps=3,modified_entropy,0.05436183620153837,0.060833333333333336
0,DP eps=3,modified_entropy,0.058170913293743576,0.06583333333333333
0,DP eps=3,modified_entropy,0.0622468884399544,0.07083333333333333
0,DP eps=3,modified_entropy,0.06660846290809161,0.07666666666666666
0,DP eps=3,modified_entropy,0.07127564834438914,0.0825
0,DP eps=3,modified_entropy,0.07626985859023444,0.08666666666666667
0,DP eps=3,modified_entropy,0.08161400793251826,0.09208333333333334
0,DP eps=3,modified_entropy,0.08733261623828428,0.09916666666666667
0,DP eps=3,modified_entropy,0.09345192145605374,0.10416666666666667
0,DP eps=3,modified_entropy,0.1,0.10666666666666667
0,DP eps=3,modified_entropy,0.10700689556931746,0.11583333333333333
0,DP eps=3,modified_entropy,0.11450475699382812,0.12125
0,DP eps=3,modified_entropy,0.12252798573828651,0.1225
0,DP eps=3,modified_entropy,0.13111339374215644,0.12875
0,DP eps=3,modified_entropy,0.14030037231905734,0.14208333333333334
0,DP eps=3,modified_entropy,0.15013107289081729,0.1525
0,DP eps=3,modified_entropy,0.16065060038537288,0.1625
0,DP eps=3,modified_entropy,0.17190722018585747,0.17
0,DP eps=3,modified_entropy,0.18395257958039712,0.18208333333333335
0,DP eps=3,modified_entropy,0.19684194472866112,0.19291666666666665
0,DP eps=3,modified_entropy,0.210634454232412,0.2075
0,DP eps=3,modified_entropy,0.22539339047347912,0.2225
0,DP eps=3,modified_entropy,0.24118646996409973,0.23958333333333334
0,DP eps=3,modified_entropy,0.2580861540418074,0.25166666666666665
0,DP eps=3,modified_entropy,0.27616998133438464,0.27166666666666667
0,DP eps=3,modified_entropy,0.2955209235202888,0.29083333333333333
0,DP eps=3,modified_entropy,0.31622776601683794,0.31083333333333335
0,DP eps=3,modified_entropy,0.33838551534282335,0.33958333333333335
0,DP eps=3,modified_entropy,0.36209583502459164,0.35875
0,DP eps=3,modified_entropy,0.3874675120456132,0.3908333333333333
0,DP eps=3,modified_entropy,0.4146169559796819,0.4125
0,DP eps=3,modified_entropy,0.44366873309786115,0.4404166666666667
0,DP eps=3,modified_entropy,0.474756137899742,0.4795833333333333
0,DP eps=3,modified_entropy,0.5080218046913023,0.5154166666666666
0,DP eps=3,modified_entropy,0.5436183620153837,0.55625
0,DP eps=3,modified_entropy,0.5817091329374358,0.5904166666666667
0,DP eps=3,modified_entropy,0.622468884399544,0.62625
0,DP eps=3,modified_entropy,0.6660846290809154,0.6779166666666666
0,DP eps=3,modified_entropy,0.7127564834438914,0.7254166666666667
0,DP eps=3,modified_entropy,0.7626985859023444,0.7758333333333334
0,DP eps=3,modified_entropy,0.8161400793251826,0.82625
0,DP eps=3,modified_entropy,0.8733261623828429,0.8866666666666667
0,DP eps=3,modified_entropy,0.9345192145605374,0.9420833333333334
0,DP eps=3,modified_entropy,1.0,1.0
0,DP eps=3,class_calibrated_loss,0.00031622776601683794,0.0
0,DP eps=3,class_calibrated_loss,0.00033838551534282334,0.0008333333333333334
0,DP eps=3,class_calibrated_loss,0.0003620958350245917,0.0008333333333333334
0,DP eps=3,class_calibrated_loss,0.0003874675120456132,0.0008333333333333334
0,DP eps=3,class_calibrated_loss,0.0004146169559796819,0.0008333333333333334
0,DP eps=3,class_calibrated_loss,0.0004436687330978611,0.0008333333333333334
0,DP eps=3,class_calibrated_loss,0.00047475613789974203,0.0008333333333333334
0,DP eps=3,class_calibrated_loss,0.0005080218046913023,0.0008333333333333334
0,DP eps=3,class_calibrated_loss,0.0005436183620153838,0.0008333333333333334
0,DP eps=3,class_calibrated_loss,0.0005817091329374358,0.0008333333333333334
0,DP eps=3,class_calibrated_loss,0.000622468884399544,0.0008333333333333334
0,DP eps=3,class_calibrated_loss,0.0006660846290809161,0.0008333333333333334
0,DP eps=3,class_calibrated_loss,0.0007127564834438914,0.00125
0,DP eps=3,class_calibrated_loss,0.0007626985859023443,0.00125
0,DP eps=3,class_calibrated_loss,0.0008161400793251826,0.00125
0,DP eps=3,class_calibrated_loss,0.0008733261623828437,0.00125
0,DP eps=3,class_calibrated_loss,0.0009345192145605374,0.00125
0,DP eps=3,class_calibrated_loss,0.001,0.0016666666666666668
0,DP eps=3,class_calibrated_loss,0.0010700689556931745,0.0016666666666666668
0,DP eps=3,class_calibrated_loss,0.0011450475699382812,0.0016666666666666668
0,DP eps=3,class_calibrated_loss,0.0012252798573828651,0.0016666666666666668
0,DP eps=3,class_calibrated_loss,0.0013111339374215643,0.0016666666666666668
0,DP eps=3,class_calibrated_loss,0.0014030037231905735,0.002916666666666667
0,DP eps=3,class_calibrated_loss,0.0015013107289081743,0.002916666666666667
0,DP eps=3,class_calibrated_loss,0.0016065060038537287,0.002916666666666667
0,DP eps=3,class_calibrated_loss,0.0017190722018585747,0.0033333333333333335
0,DP eps=3,class_calibrated_loss,0.0018395257958039712,0.0033333333333333335
0,DP eps=3,class_calibrated_loss,0.0019684194472866113,0.0033333333333333335
0,DP eps=3,class_calibrated_loss,0.00210634454232412,0.00375
0,DP eps=3,class_calibrated_loss,0.002253933904734791,0.00375
0,DP eps=3,class_calibrated_loss,0.002411864699640997,0.004166666666666667
0,DP eps=3,class_calibrated_loss,0.0025808615404180743,0.004166666666666667
0,DP eps=3,class_calibrated_loss,0.002761699813343849,0.005
0,DP eps=3,class_calibrated_loss,0.002955209235202888,0.005
0,DP eps=3,class_calibrated_loss,0.0031622776601683794,0.005833333333333334
0,DP eps=3,class_calibrated_loss,0.003383855153428233,0.007083333333333333
0,DP eps=3,class_calibrated_loss,0.0036209583502459165,0.007083333333333333
0,DP eps=3,class_calibrated_loss,0.0038746751204561283,0.007083333333333333
0,DP eps=3,class_calibrated_loss,0.004146169559796819,0.0075
0,DP eps=3,class_calibrated_loss,0.004436687330978612,0.0075
0,DP eps=3,class_calibrated_loss,0.004747561378997425,0.007916666666666667
0,DP eps=3,class_calibrated_loss,0.005080218046913023,0.008333333333333333
0,DP eps=3,class_calibrated_loss,0.005436183620153837,0.008333333333333333
0,DP eps=3,class_calibrated_loss,0.005817091329374358,0.008333333333333333
0,DP eps=3,class_calibrated_loss,0.006224688843995439,0.008333333333333333
0,DP eps=3,class_calibrated_loss,0.006660846290809154,0.008333333333333333
0,DP eps=3,class_calibrated_loss,0.007127564834438914,0.009166666666666667
0,DP eps=3,class_calibrated_loss,0.007626985859023444,0.01
0,DP eps=3,class_calibrated_loss,0.008161400793251826,0.010416666666666666
0,DP eps=3,class_calibrated_loss,0.008733261623828438,0.01125
0,DP eps=3,class_calibrated_loss,0.009345192145605374,0.013333333333333334
0,DP eps=3,class_calibrated_loss,0.01,0.014583333333333334
0,DP eps=3,class_calibrated_loss,0.010700689556931747,0.014583333333333334
0,DP eps=3,class_calibrated_loss,0.011450475699382817,0.015
0,DP eps=3,class_calibrated_loss,0.012252798573828645,0.015416666666666667
0,DP eps=3,class_calibrated_loss,0.013111339374215644,0.017916666666666668
0,DP eps=3,class_calibrated_loss,0.014030037231905735,0.019166666666666665
0,DP eps=3,class_calibrated_loss,0.015013107289081735,0.020416666666666666
0,DP eps=3,class_calibrated_loss,0.01606506003853728,0.020416666666666666
0,DP eps=3,class_calibrated_loss,0.017190722018585746,0.023333333333333334
0,DP eps=3,class_calibrated_loss,0.01839525795803971,0.024166666666666666
0,DP eps=3,class_calibrated_loss,0.019684194472866123,0.025416666666666667
0,DP eps=3,class_calibrated_loss,0.02106344542324121,0.02625
0,DP eps=3,class_calibrated_loss,0.022539339047347912,0.027916666666666666
0,DP eps=3,class_calibrated_loss,0.024118646996409972,0.029583333333333333
0,DP eps=3,class_calibrated_loss,0.02580861540418074,0.03125
0,DP eps=3,class_calibrated_loss,0.02761699813343848,0.035
0,DP eps=3,class_calibrated_loss,0.029552092352028863,0.03666666666666667
0,DP eps=3,class_calibrated_loss,0.03162277660168379,0.03833333333333333
0,DP eps=3,class_calibrated_loss,0.033838551534282335,0.03916666666666667
0,DP eps=3,class_calibrated_loss,0.03620958350245917,0.042083333333333334
0,DP eps=3,class_calibrated_loss,0.03874675120456132,0.044583333333333336
0,DP eps=3,class_calibrated_loss,0.04146169559796819,0.04833333333333333
0,DP eps=3,class_calibrated_loss,0.044366873309786115,0.05
0,DP eps=3,class_calibrated_loss,0.047475613789974204,0.0525
0,DP eps=3,class_calibrated_loss,0.05080218046913023,0.057916666666666665
0,DP eps=3,class_calibrated_loss,0.05436183620153837,0.06166666666666667
0,DP eps=3,class_calibrated_loss,0.058170913293743576,0.06375
0,DP eps=3,class_calibrated_loss,0.0622468884399544,0.0675
0,DP eps=3,class_calibrated_loss,0.06660846290809161,0.07041666666666667
0,DP eps=3,class_calibrated_loss,0.07127564834438914,0.07541666666666667
0,DP eps=3,class_calibrated_loss,0.07626985859023444,0.08125
0,DP eps=3,class_calibrated_loss,0.08161400793251826,0.08541666666666667
0,DP eps=3,class_calibrated_loss,0.08733261623828428,0.09
0,DP eps=3,class_calibrated_loss,0.09345192145605374,0.09708333333333333
0,DP eps=3,class_calibrated_loss,0.1,0.1075
0,DP eps=3,class_calibrated_loss,0.10700689556931746,0.11416666666666667
0,DP eps=3,class_calibrated_loss,0.11450475699382812,0.12083333333333333
0,DP eps=3,class_calibrated_loss,0.12252798573828651,0.12875
0,DP eps=3,class_calibrated_loss,0.13111339374215644,0.14291666666666666
0,DP eps=3,class_calibrated_loss,0.14030037231905734,0.15208333333333332
0,DP eps=3,class_calibrated_loss,0.15013107289081729,0.16208333333333333
0,DP eps=3,class_calibrated_loss,0.16065060038537288,0.17458333333333334
0,DP eps=3,class_calibrated_loss,0.17190722018585747,0.18916666666666668
0,DP eps=3,class_calibrated_loss,0.18395257958039712,0.20166666666666666
0,DP eps=3,class_calibrated_loss,0.19684194472866112,0.2175
0,DP eps=3,class_calibrated_loss,0.210634454232412,0.23583333333333334
0,DP eps=3,class_calibrated_loss,0.22539339047347912,0.2475
0,DP eps=3,class_calibrated_loss,0.24118646996409973,0.25916666666666666
0,DP eps=3,class_calibrated_loss,0.2580861540418074,0.27166666666666667
0,DP eps=3,class_calibrated_loss,0.27616998133438464,0.28833333333333333
0,DP eps=3,class_calibrated_loss,0.2955209235202888,0.30833333333333335
0,DP eps=3,class_calibrated_loss,0.31622776601683794,0.32708333333333334
0,DP eps=3,class_calibrated_loss,0.33838551534282335,0.34833333333333333
0,DP eps=3,class_calibrated_loss,0.36209583502459164,0.37125
0,DP eps=3,class_calibrated_loss,0.3874675120456132,0.3954166666666667
0,DP eps=3,class_calibrated_loss,0.4146169559796819,0.4225
0,DP eps=3,class_calibrated_loss,0.44366873309786115,0.44916666666666666
0,DP eps=3,class_calibrated_loss,0.474756137899742,0.4820833333333333
0,DP eps=3,class_calibrated_loss,0.5080218046913023,0.5179166666666667
0,DP eps=3,class_calibrated_loss,0.5436183620153837,0.55125
0,DP eps=3,class_calibrated_loss,0.5817091329374358,0.5858333333333333
0,DP eps=3,class_calibrated_loss,0.622468884399544,0.6295833333333334
0,DP eps=3,class_calibrated_loss,0.6660846290809154,0.6870833333333334
0,DP eps=3,class_calibrated_loss,0.7127564834438914,0.7258333333333333
0,DP eps=3,class_calibrated_loss,0.7626985859023444,0.7770833333333333
0,DP eps=3,class_calibrated_loss,0.8161400793251826,0.8404166666666667
0,DP eps=3,class_calibrated_loss,0.8733261623828429,0.8916666666666667
0,DP eps=3,class_calibrated_loss,0.9345192145605374,0.9420833333333334
0,DP eps=3,class_calibrated_loss,1.0,1.0
0,DP eps=3,learned_ensemble,0.00031622776601683794,0.0008333333333333334
0,DP eps=3,learned_ensemble,0.00033838551534282334,0.0008333333333333334
0,DP eps=3,learned_ensemble,0.0003620958350245917,0.0008333333333333334
0,DP eps=3,learned_ensemble,0.0003874675120456132,0.0008333333333333334
0,DP eps=3,learned_ensemble,0.0004146169559796819,0.0008333333333333334
0,DP eps=3,learned_ensemble,0.0004436687330978611,0.0008333333333333334
0,DP eps=3,learned_ensemble,0.00047475613789974203,0.0008333333333333334
0,DP eps=3,learned_ensemble,0.0005080218046913023,0.0008333333333333334
0,DP eps=3,learned_ensemble,0.0005436183620153838,0.0008333333333333334
0,DP eps=3,learned_ensemble,0.0005817091329374358,0.0008333333333333334
0,DP eps=3,learned_ensemble,0.000622468884399544,0.0008333333333333334
0,DP eps=3,learned_ensemble,0.0006660846290809161,0.0008333333333333334
0,DP eps=3,learned_ensemble,0.0007127564834438914,0.00125
0,DP eps=3,learned_ensemble,0.0007626985859023443,0.00125
0,DP eps=3,learned_ensemble,0.0008161400793251826,0.00125
0,DP eps=3,learned_ensemble,0.0008733261623828437,0.00125
0,DP eps=3,learned_ensemble,0.0009345192145605374,0.00125
0,DP eps=3,learned_ensemble,0.001,0.00125
0,DP eps=3,learned_ensemble,0.0010700689556931745,0.00125
0,DP eps=3,learned_ensemble,0.0011450475699382812,0.00125
0,DP eps=3,learned_ensemble,0.0012252798573828651,0.00125
0,DP eps=3,learned_ensemble,0.0013111339374215643,0.00125
0,DP eps=3,learned_ensemble,0.0014030037231905735,0.0013370879873215503
0,DP eps=3,learned_ensemble,0.0015013107289081743,0.0014599717444685513
0,DP eps=3,learned_ensemble,0.0016065060038537287,0.0015914658381504941
0,DP eps=3,learned_ensemble,0.0017190722018585747,0.0016666666666666668
0,DP eps=3,learned_ensemble,0.0018395257958039712,0.0016666666666666668
0,DP eps=3,learned_ensemble,0.0019684194472866113,0.0016666666666666668
0,DP eps=3,learned_ensemble,0.00210634454232412,0.0016666666666666668
0,DP eps=3,learned_ensemble,0.002253933904734791,0.0016666666666666668
0,DP eps=3,learned_ensemble,0.002411864699640997,0.0016666666666666668
0,DP eps=3,learned_ensemble,0.0025808615404180743,0.0016666666666666668
0,DP eps=3,learned_ensemble,0.002761699813343849,0.001844853816686384
0,DP eps=3,learned_ensemble,0.002955209235202888,0.0022076839826720815
0,DP eps=3,learned_ensemble,0.0031622776601683794,0.0025959372794823778
0,DP eps=3,learned_ensemble,0.003383855153428233,0.002916666666666667
0,DP eps=3,learned_ensemble,0.0036209583502459165,0.002916666666666667
0,DP eps=3,learned_ensemble,0.0038746751204561283,0.003028099766911021
0,DP eps=3,learned_ensemble,0.004146169559796819,0.00317354321655782
0,DP eps=3,learned_ensemble,0.004436687330978612,0.00332917773683378
0,DP eps=3,learned_ensemble,0.004747561378997425,0.0034957174054152875
0,DP eps=3,learned_ensemble,0.005080218046913023,0.0036739263346557863
0,DP eps=3,learned_ensemble,0.005436183620153837,0.003864622177463365
0,DP eps=3,learned_ensemble,0.005817091329374358,0.004068679878831501
0,DP eps=3,learned_ensemble,0.006224688843995439,0.004166666666666667
0,DP eps=3,learned_ensemble,0.006660846290809154,0.004166666666666667
0,DP eps=3,learned_ensemble,0.007127564834438914,0.0042729706953657616
0,DP eps=3,learned_ensemble,0.007626985859023444,0.004689154882519537
0,DP eps=3,learned_ensemble,0.008161400793251826,0.005080700396625913
0,DP eps=3,learned_ensemble,0.008733261623828438,0.005366630811914219
0,DP eps=3,learned_ensemble,0.009345192145605374,0.005672596072802687
0,DP eps=3,learned_ensemble,0.01,0.006666666666666667
0,DP eps=3,learned_ensemble,0.010700689556931747,0.007937930973082343
0,DP eps=3,learned_ensemble,0.011450475699382817,0.008896427957561855
0,DP eps=3,learned_ensemble,0.012252798573828645,0.00989933155061914
0,DP eps=3,learned_ensemble,0.013111339374215644,0.01087972473925652
0,DP eps=3,learned_ensemble,0.014030037231905735,0.011262515513294057
0,DP eps=3,learned_ensemble,0.015013107289081735,0.01167212803711739
0,DP eps=3,learned_ensemble,0.01606506003853728,0.012110441682723867
0,DP eps=3,learned_ensemble,0.017190722018585746,0.0125
0,DP eps=3,learned_ensemble,0.01839525795803971,0.014205369557108152
0,DP eps=3,learned_ensemble,0.019684194472866123,0.015434194472866125
0,DP eps=3,learned_ensemble,0.02106344542324121,0.01681344542324121
0,DP eps=3,learned_ensemble,0.022539339047347912,0.01742042023792578
0,DP eps=3,learned_ensemble,0.024118646996409972,0.01923022755760058
0,DP eps=3,learned_ensemble,0.02580861540418074,0.020135567776049204
0,DP eps=3,learned_ensemble,0.02761699813343848,0.021104344238151565
0,DP eps=3,learned_ensemble,0.029552092352028863,0.021943362193342354
0,DP eps=3,learned_ensemble,0.03162277660168379,0.024472865698382973
0,DP eps=3,learned_ensemble,0.033838551534282335,0.02704474731657771
0,DP eps=3,learned_ensemble,0.03620958350245917,0.031285764029827086
0,DP eps=3,learned_ensemble,0.03874675120456132,0.034255137374078815
0,DP eps=3,learned_ensemble,0.04146169559796819,0.0384937861641269
0,DP eps=3,learned_ensemble,0.044366873309786115,0.04036758861763289
0,DP eps=3,learned_ensemble,0.047475613789974204,0.04337943267288672
0,DP eps=3,learned_ensemble,0.05080218046913023,0.04708333333333333
0,DP eps=3,learned_ensemble,0.05436183620153837,0.04961896191858964
0,DP eps=3,learned_ensemble,0.058170913293743576,0.051598991650170935
0,DP eps=3,learned_ensemble,0.0622468884399544,0.05403606803073416
0,DP eps=3,learned_ensemble,0.06660846290809161,0.05696097799211196
0,DP eps=3,learned_ensemble,0.07127564834438914,0.060491461123395346
0,DP eps=3,learned_ensemble,0.07626985859023444,0.0664748821585287
0,DP eps=3,learned_ensemble,0.08161400793251826,0.07328945105487633
0,DP eps=3,learned_ensemble,0.08733261623828428,0.07999940242079245
0,DP eps=3,learned_ensemble,0.09345192145605374,0.08611858812272041
0,DP eps=3,learned_ensemble,0.1,0.0955952380952381
0,DP eps=3,learned_ensemble,0.10700689556931746,0.1020862064872156
0,DP eps=3,learned_ensemble,0.11450475699382812,0.10612936057767577
0,DP eps=3,learned_ensemble,0.12252798573828651,0.11367512164432507
0,DP eps=3,learned_ensemble,0.13111339374215644,0.12179645353987771
0,DP eps=3,learned_ensemble,0.14030037231905734,0.13048683868018937
0,DP eps=3,learned_ensemble,0.15013107289081729,0.1437905561402062
0,DP eps=3,learned_ensemble,0.16065060038537288,0.15742984905183596
0,DP eps=3,learned_ensemble,0.17190722018585747,0.16819426272941065
0,DP eps=3,learned_ensemble,0.18395257958039712,0.17988534684764035
0,DP eps=3,learned_ensemble,0.19684194472866112,0.1923956130209554
0,DP eps=3,learned_ensemble,0.210634454232412,0.20836456632231987
0,DP eps=3,learned_ensemble,0.22539339047347912,0.2248223174557985
0,DP eps=3,learned_ensemble,0.24118646996409973,0.24178126292307378
0,DP eps=3,learned_ensemble,0.2580861540418074,0.25893070016204706
0,DP eps=3,learned_ensemble,0.27616998133438464,0.2823605500015163
0,DP eps=3,learned_ensemble,0.2955209235202888,0.30144670823512404
0,DP eps=3,learned_ensemble,0.31622776601683794,0.32014235376052375
0,DP eps=3,learned_ensemble,0.33838551534282335,0.3394803196656698
0,DP eps=3,learned_ensemble,0.36209583502459164,0.3635689955125727
0,DP eps=3,learned_ensemble,0.3874675120456132,0.38934553972009994
0,DP eps=3,learned_ensemble,0.4146169559796819,0.4169282194616272
0,DP eps=3,learned_ensemble,0.44366873309786115,0.4503886358988796
0,DP eps=3,learned_ensemble,0.474756137899742,0.48636183904134417
0,DP eps=3,learned_ensemble,0.5080218046913023,0.5220098295138105
0,DP eps=3,learned_ensemble,0.5436183620153837,0.5501421144055546
0,DP eps=3,learned_ensemble,0.5817091329374358,0.5935937951476361
0,DP eps=3,learned_ensemble,0.622468884399544,0.6366299872576996
0,DP eps=3,learned_ensemble,0.6660846290809154,0.6817029813569054
0,DP eps=3,learned_ensemble,0.7127564834438914,0.7331631037972152
0,DP eps=3,learned_ensemble,0.7626985859023444,0.7779213551095723
0,DP eps=3,learned_ensemble,0.8161400793251826,0.835040532851321
0,DP eps=3,learned_ensemble,0.8733261623828429,0.8884862219502909
0,DP eps=3,learned_ensemble,0.9345192145605374,0.9467607818511757
0,DP eps=3,learned_ensemble,1.0,1.0
0,DP eps=1,confidence,0.00031622776601683794,0.0
0,DP eps=1,confidence,0.00033838551534282334,0.0
0,DP eps=1,confidence,0.0003620958350245917,0.0
0,DP eps=1,confidence,0.0003874675120456132,0.0
0,DP eps=1,confidence,0.0004146169559796819,0.0
0,DP eps=1,confidence,0.0004436687330978611,0.0
0,DP eps=1,confidence,0.00047475613789974203,0.0
0,DP eps=1,confidence,0.0005080218046913023,0.0
0,DP eps=1,confidence,0.0005436183620153838,0.0
0,DP eps=1,confidence,0.0005817091329374358,0.0
0,DP eps=1,confidence,0.000622468884399544,0.0
0,DP eps=1,confidence,0.0006660846290809161,0.0
0,DP eps=1,confidence,0.0007127564834438914,0.0004166666666666667
0,DP eps=1,confidence,0.0007626985859023443,0.0004166666666666667
0,DP eps=1,confidence,0.0008161400793251826,0.0004166666666666667
0,DP eps=1,confidence,0.0008733261623828437,0.0004166666666666667
0,DP eps=1,confidence,0.0009345192145605374,0.0004166666666666667
0,DP eps=1,confidence,0.001,0.0004166666666666667
0,DP eps=1,confidence,0.0010700689556931745,0.0004166666666666667
0,DP eps=1,confidence,0.0011450475699382812,0.0004166666666666667
0,DP eps=1,confidence,0.0012252798573828651,0.0004166666666666667
0,DP eps=1,confidence,0.0013111339374215643,0.0004166666666666667
0,DP eps=1,confidence,0.0014030037231905735,0.0008333333333333334
0,DP eps=1,confidence,0.0015013107289081743,0.0008333333333333334
0,DP eps=1,confidence,0.0016065060038537287,0.0008333333333333334
0,DP eps=1,confidence,0.0017190722018585747,0.0008333333333333334
0,DP eps=1,confidence,0.0018395257958039712,0.0008333333333333334
0,DP eps=1,confidence,0.0019684194472866113,0.0008333333333333334
0,DP eps=1,confidence,0.00210634454232412,0.0008333333333333334
0,DP eps=1,confidence,0.002253933904734791,0.0008333333333333334
0,DP eps=1,confidence,0.002411864699640997,0.0016666666666666668
0,DP eps=1,confidence,0.0025808615404180743,0.0016666666666666668
0,DP eps=1,confidence,0.002761699813343849,0.0020833333333333333
0,DP eps=1,confidence,0.002955209235202888,0.0020833333333333333
0,DP eps=1,confidence,0.0031622776601683794,0.0025
0,DP eps=1,confidence,0.003383855153428233,0.0025
0,DP eps=1,confidence,0.0036209583502459165,0.0025
0,DP eps=1,confidence,0.0038746751204561283,0.0033333333333333335
0,DP eps=1,confidence,0.004146169559796819,0.00375
0,DP eps=1,confidence,0.004436687330978612,0.004166666666666667
0,DP eps=1,confidence,0.004747561378997425,0.004583333333333333
0,DP eps=1,confidence,0.005080218046913023,0.004583333333333333
0,DP eps=1,confidence,0.005436183620153837,0.005416666666666667
0,DP eps=1,confidence,0.005817091329374358,0.005833333333333334
0,DP eps=1,confidence,0.006224688843995439,0.00625
0,DP eps=1,confidence,0.006660846290809154,0.007083333333333333
0,DP eps=1,confidence,0.007127564834438914,0.007083333333333333
0,DP eps=1,confidence,0.007626985859023444,0.007083333333333333
0,DP eps=1,confidence,0.008161400793251826,0.009166666666666667
0,DP eps=1,confidence,0.008733261623828438,0.012083333333333333
0,DP eps=1,confidence,0.009345192145605374,0.0125
0,DP eps=1,confidence,0.01,0.014166666666666666
0,DP eps=1,confidence,0.010700689556931747,0.014583333333333334
0,DP eps=1,confidence,0.011450475699382817,0.014583333333333334
0,DP eps=1,confidence,0.012252798573828645,0.01625
0,DP eps=1,confidence,0.013111339374215644,0.01625
0,DP eps=1,confidence,0.014030037231905735,0.016666666666666666
0,DP eps=1,confidence,0.015013107289081735,0.017916666666666668
0,DP eps=1,confidence,0.01606506003853728,0.02
0,DP eps=1,confidence,0.017190722018585746,0.02
0,DP eps=1,confidence,0.01839525795803971,0.02125
0,DP eps=1,confidence,0.019684194472866123,0.022083333333333333
0,DP eps=1,confidence,0.02106344542324121,0.023333333333333334
0,DP eps=1,confidence,0.022539339047347912,0.023333333333333334
0,DP eps=1,confidence,0.024118646996409972,0.024583333333333332
0,DP eps=1,confidence,0.02580861540418074,0.027083333333333334
0,DP eps=1,confidence,0.02761699813343848,0.028333333333333332
0,DP eps=1,confidence,0.029552092352028863,0.030416666666666668
0,DP eps=1,confidence,0.03162277660168379,0.032916666666666664
0,DP eps=1,confidence,0.033838551534282335,0.035
0,DP eps=1,confidence,0.03620958350245917,0.03833333333333333
0,DP eps=1,confidence,0.03874675120456132,0.04125
0,DP eps=1,confidence,0.04146169559796819,0.04375
0,DP eps=1,confidence,0.044366873309786115,0.05
0,DP eps=1,confidence,0.047475613789974204,0.05291666666666667
0,DP eps=1,confidence,0.05080218046913023,0.057916666666666665
0,DP eps=1,confidence,0.05436183620153837,0.06125
0,DP eps=1,confidence,0.058170913293743576,0.06291666666666666
0,DP eps=1,confidence,0.0622468884399544,0.06833333333333333
0,DP eps=1,confidence,0.06660846290809161,0.0725
0,DP eps=1,confidence,0.07127564834438914,0.07708333333333334
0,DP eps=1,confidence,0.07626985859023444,0.08333333333333333
0,DP eps=1,confidence,0.08161400793251826,0.08833333333333333
0,DP eps=1,confidence,0.08733261623828428,0.095
0,DP eps=1,confidence,0.09345192145605374,0.10166666666666667
0,DP eps=1,confidence,0.1,0.10625
0,DP eps=1,confidence,0.10700689556931746,0.11166666666666666
0,DP eps=1,confidence,0.11450475699382812,0.11916666666666667
0,DP eps=1,confidence,0.12252798573828651,0.125
0,DP eps=1,confidence,0.13111339374215644,0.13291666666666666
0,DP eps=1,confidence,0.14030037231905734,0.13791666666666666
0,DP eps=1,confidence,0.15013107289081729,0.14458333333333334
0,DP eps=1,confidence,0.16065060038537288,0.15083333333333335
0,DP eps=1,confidence,0.17190722018585747,0.16125
0,DP eps=1,confidence,0.18395257958039712,0.17791666666666667
0,DP eps=1,confidence,0.19684194472866112,0.19083333333333333
0,DP eps=1,confidence,0.210634454232412,0.21125
0,DP eps=1,confidence,0.22539339047347912,0.2325
0,DP eps=1,confidence,0.24118646996409973,0.245
0,DP eps=1,confidence,0.2580861540418074,0.25666666666666665
0,DP eps=1,confidence,0.27616998133438464,0.27291666666666664
0,DP eps=1,confidence,0.2955209235202888,0.2841666666666667
0,DP eps=1,confidence,0.31622776601683794,0.305
0,DP eps=1,confidence,0.33838551534282335,0.3229166666666667
0,DP eps=1,confidence,0.36209583502459164,0.3525
0,DP eps=1,confidence,0.3874675120456132,0.38
0,DP eps=1,confidence,0.4146169559796819,0.4066666666666667
0,DP eps=1,confidence,0.44366873309786115,0.4325
0,DP eps=1,confidence,0.474756137899742,0.4579166666666667
0,DP eps=1,confidence,0.5080218046913023,0.49125
0,DP eps=1,confidence,0.5436183620153837,0.5383333333333333
0,DP eps=1,confidence,0.5817091329374358,0.5816666666666667
0,DP eps=1,confidence,0.622468884399544,0.62125
0,DP eps=1,confidence,0.6660846290809154,0.65625
0,DP eps=1,confidence,0.7127564834438914,0.695
0,DP eps=1,confidence,0.7626985859023444,0.7516666666666667
0,DP eps=1,confidence,0.8161400793251826,0.8166666666666667
0,DP eps=1,confidence,0.8733261623828429,0.875
0,DP eps=1,confidence,0.9345192145605374,0.9258333333333333
0,DP eps=1,confidence,1.0,1.0
0,DP eps=1,neg_entropy,0.00031622776601683794,0.0
0,DP eps=1,neg_entropy,0.00033838551534282334,0.0
0,DP eps=1,neg_entropy,0.0003620958350245917,0.0
0,DP eps=1,neg_entropy,0.0003874675120456132,0.0
0,DP eps=1,neg_entropy,0.0004146169559796819,0.0
0,DP eps=1,neg_entropy,0.0004436687330978611,0.0
0,DP eps=1,neg_entropy,0.00047475613789974203,0.0
0,DP eps=1,neg_entropy,0.0005080218046913023,0.0
0,DP eps=1,neg_entropy,0.0005436183620153838,0.0
0,DP eps=1,neg_entropy,0.0005817091329374358,0.0
0,DP eps=1,neg_entropy,0.000622468884399544,0.0
0,DP eps=1,neg_entropy,0.0006660846290809161,0.0
0,DP eps=1,neg_entropy,0.0007127564834438914,0.0004166666666666667
0,DP eps=1,neg_entropy,0.0007626985859023443,0.0004166666666666667
0,DP eps=1,neg_entropy,0.0008161400793251826,0.0004166666666666667
0,DP eps=1,neg_entropy,0.0008733261623828437,0.0004166666666666667
0,DP eps=1,neg_entropy,0.0009345192145605374,0.0004166666666666667
0,DP eps=1,neg_entropy,0.001,0.0004166666666666667
0,DP eps=1,neg_entropy,0.0010700689556931745,0.0004166666666666667
0,DP eps=1,neg_entropy,0.0011450475699382812,0.0004166666666666667
0,DP eps=1,neg_entropy,0.0012252798573828651,0.0004166666666666667
0,DP eps=1,neg_entropy,0.0013111339374215643,0.0004166666666666667
0,DP eps=1,neg_entropy,0.0014030037231905735,0.0008333333333333334
0,DP eps=1,neg_entropy,0.0015013107289081743,0.0008333333333333334
0,DP eps=1,neg_entropy,0.0016065060038537287,0.0008333333333333334
0,DP eps=1,neg_entropy,0.0017190722018585747,0.0008333333333333334
0,DP eps=1,neg_entropy,0.0018395257958039712,0.0008333333333333334
0,DP eps=1,neg_entropy,0.0019684194472866113,0.0008333333333333334
0,DP eps=1,neg_entropy,0.00210634454232412,0.0008333333333333334
0,DP eps=1,neg_entropy,0.002253933904734791,0.0008333333333333334
0,DP eps=1,neg_entropy,0.002411864699640997,0.0016666666666666668
0,DP eps=1,neg_entropy,0.0025808615404180743,0.0016666666666666668
0,DP eps=1,neg_entropy,0.002761699813343849,0.0020833333333333333
0,DP eps=1,neg_entropy,0.002955209235202888,0.0020833333333333333
0,DP eps=1,neg_entropy,0.0031622776601683794,0.0025
0,DP eps=1,neg_entropy,0.003383855153428233,0.0025
0,DP eps=1,neg_entropy,0.0036209583502459165,0.0025
0,DP eps=1,neg_entropy,0.0038746751204561283,0.0033333333333333335
0,DP eps=1,neg_entropy,0.004146169559796819,0.00375
0,DP eps=1,neg_entropy,0.004436687330978612,0.004166666666666667
0,DP eps=1,neg_entropy,0.004747561378997425,0.004583333333333333
0,DP eps=1,neg_entropy,0.005080218046913023,0.004583333333333333
0,DP eps=1,neg_entropy,0.005436183620153837,0.005416666666666667
0,DP eps=1,neg_entropy,0.005817091329374358,0.005833333333333334
0,DP eps=1,neg_entropy,0.006224688843995439,0.00625
0,DP eps=1,neg_entropy,0.006660846290809154,0.007083333333333333
0,DP eps=1,neg_entropy,0.007127564834438914,0.007083333333333333
0,DP eps=1,neg_entropy,0.007626985859023444,0.007083333333333333
0,DP eps=1,neg_entropy,0.008161400793251826,0.009166666666666667
0,DP eps=1,neg_entropy,0.008733261623828438,0.012083333333333333
0,DP eps=1,neg_entropy,0.009345192145605374,0.0125
0,DP eps=1,neg_entropy,0.01,0.014166666666666666
0,DP eps=1,neg_entropy,0.010700689556931747,0.014583333333333334
0,DP eps=1,neg_entropy,0.011450475699382817,0.014583333333333334
0,DP eps=1,neg_entropy,0.012252798573828645,0.01625
0,DP eps=1,neg_entropy,0.013111339374215644,0.01625
0,DP eps=1,neg_entropy,0.014030037231905735,0.016666666666666666
0,DP eps=1,neg_entropy,0.015013107289081735,0.017916666666666668
0,DP eps=1,neg_entropy,0.01606506003853728,0.02
0,DP eps=1,neg_entropy,0.017190722018585746,0.02
0,DP eps=1,neg_entropy,0.01839525795803971,0.02125
0,DP eps=1,neg_entropy,0.019684194472866123,0.022083333333333333
0,DP eps=1,neg_entropy,0.02106344542324121,0.023333333333333334
0,DP eps=1,neg_entropy,0.022539339047347912,0.023333333333333334
0,DP eps=1,neg_entropy,0.024118646996409972,0.024583333333333332
0,DP eps=1,neg_entropy,0.02580861540418074,0.027083333333333334
0,DP eps=1,neg_entropy,0.02761699813343848,0.028333333333333332
0,DP eps=1,neg_entropy,0.029552092352028863,0.030416666666666668
0,DP eps=1,neg_entropy,0.03162277660168379,0.032916666666666664
0,DP eps=1,neg_entropy,0.033838551534282335,0.035
0,DP eps=1,neg_entropy,0.03620958350245917,0.03833333333333333
0,DP eps=1,neg_entropy,0.03874675120456132,0.04125
0,DP eps=1,neg_entropy,0.04146169559796819,0.04375
0,DP eps=1,neg_entropy,0.044366873309786115,0.05
0,DP eps=1,neg_entropy,0.047475613789974204,0.05291666666666667
0,DP eps=1,neg_entropy,0.05080218046913023,0.057916666666666665
0,DP eps=1,neg_entropy,0.05436183620153837,0.06125
0,DP eps=1,neg_entropy,0.058170913293743576,0.06291666666666666
0,DP eps=1,neg_entropy,0.0622468884399544,0.06833333333333333
0,DP eps=1,neg_entropy,0.06660846290809161,0.0725
0,DP eps=1,neg_entropy,0.07127564834438914,0.07708333333333334
0,DP eps=1,neg_entropy,0.07626985859023444,0.08333333333333333
0,DP eps=1,neg_entropy,0.08161400793251826,0.08833333333333333
0,DP eps=1,neg_entropy,0.08733261623828428,0.095
0,DP eps=1,neg_entropy,0.09345192145605374,0.10166666666666667
0,DP eps=1,neg_entropy,0.1,0.10625
0,DP eps=1,neg_entropy,0.10700689556931746,0.11166666666666666
0,DP eps=1,neg_entropy,0.11450475699382812,0.11916666666666667
0,DP eps=1,neg_entropy,0.12252798573828651,0.125
0,DP eps=1,neg_entropy,0.13111339374215644,0.13291666666666666
0,DP eps=1,neg_entropy,0.14030037231905734,0.13791666666666666
0,DP eps=1,neg_entropy,0.15013107289081729,0.14458333333333334
0,DP eps=1,neg_entropy,0.16065060038537288,0.15083333333333335
0,DP eps=1,neg_entropy,0.17190722018585747,0.16125
0,DP eps=1,neg_entropy,0.18395257958039712,0.17791666666666667
0,DP eps=1,neg_entropy,0.19684194472866112,0.19083333333333333
0,DP eps=1,neg_entropy,0.210634454232412,0.21125
0,DP eps=1,neg_entropy,0.22539339047347912,0.2325
0,DP eps=1,neg_entropy,0.24118646996409973,0.245
0,DP eps=1,neg_entropy,0.2580861540418074,0.25666666666666665
0,DP eps=1,neg_entropy,0.27616998133438464,0.27291666666666664
0,DP eps=1,neg_entropy,0.2955209235202888,0.2841666666666667
0,DP eps=1,neg_entropy,0.31622776601683794,0.305
0,DP eps=1,neg_entropy,0.33838551534282335,0.3229166666666667
0,DP eps=1,neg_entropy,0.36209583502459164,0.3525
0,DP eps=1,neg_entropy,0.3874675120456132,0.38
0,DP eps=1,neg_entropy,0.4146169559796819,0.4066666666666667
0,DP eps=1,neg_entropy,0.44366873309786115,0.4325
0,DP eps=1,neg_entropy,0.474756137899742,0.4579166666666667
0,DP eps=1,neg_entropy,0.5080218046913023,0.49125
0,DP eps=1,neg_entropy,0.5436183620153837,0.5383333333333333
0,DP eps=1,neg_entropy,0.5817091329374358,0.5816666666666667
0,DP eps=1,neg_entropy,0.622468884399544,0.62125
0,DP eps=1,neg_entropy,0.6660846290809154,0.65625
0,DP eps=1,neg_entropy,0.7127564834438914,0.695
0,DP eps=1,neg_entropy,0.7626985859023444,0.7516666666666667
0,DP eps=1,neg_entropy,0.8161400793251826,0.8166666666666667
0,DP eps=1,neg_entropy,0.8733261623828429,0.875
0,DP eps=1,neg_entropy,0.9345192145605374,0.9258333333333333
0,DP eps=1,neg_entropy,1.0,1.0
0,DP eps=1,yeom_neg_loss,0.00031622776601683794,0.0
0,DP eps=1,yeom_neg_loss,0.00033838551534282334,0.0
0,DP eps=1,yeom_neg_loss,0.0003620958350245917,0.0
0,DP eps=1,yeom_neg_loss,0.0003874675120456132,0.0
0,DP eps=1,yeom_neg_loss,0.0004146169559796819,0.0
0,DP eps=1,yeom_neg_loss,0.0004436687330978611,0.0
0,DP eps=1,yeom_neg_loss,0.00047475613789974203,0.0
0,DP eps=1,yeom_neg_loss,0.0005080218046913023,0.0
0,DP eps=1,yeom_neg_loss,0.0005436183620153838,0.0
0,DP eps=1,yeom_neg_loss,0.0005817091329374358,0.0
0,DP eps=1,yeom_neg_loss,0.000622468884399544,0.0
0,DP eps=1,yeom_neg_loss,0.0006660846290809161,0.0
0,DP eps=1,yeom_neg_loss,0.0007127564834438914,0.0004166666666666667
0,DP eps=1,yeom_neg_loss,0.0007626985859023443,0.0004166666666666667
0,DP eps=1,yeom_neg_loss,0.0008161400793251826,0.0004166666666666667
0,DP eps=1,yeom_neg_loss,0.0008733261623828437,0.0004166666666666667
0,DP eps=1,yeom_neg_loss,0.0009345192145605374,0.0004166666666666667
0,DP eps=1,yeom_neg_loss,0.001,0.0004166666666666667
0,DP eps=1,yeom_neg_loss,0.0010700689556931745,0.0004166666666666667
0,DP eps=1,yeom_neg_loss,0.0011450475699382812,0.0004166666666666667
0,DP eps=1,yeom_neg_loss,0.0012252798573828651,0.0004166666666666667
0,DP eps=1,yeom_neg_loss,0.0013111339374215643,0.0004166666666666667
0,DP eps=1,yeom_neg_loss,0.0014030037231905735,0.0008333333333333334
0,DP eps=1,yeom_neg_loss,0.0015013107289081743,0.0008333333333333334
0,DP eps=1,yeom_neg_loss,0.0016065060038537287,0.0008333333333333334
0,DP eps=1,yeom_neg_loss,0.0017190722018585747,0.0008333333333333334
0,DP eps=1,yeom_neg_loss,0.0018395257958039712,0.0008333333333333334
0,DP eps=1,yeom_neg_loss,0.0019684194472866113,0.0008333333333333334
0,DP eps=1,yeom_neg_loss,0.00210634454232412,0.0008333333333333334
0,DP eps=1,yeom_neg_loss,0.002253933904734791,0.0008333333333333334
0,DP eps=1,yeom_neg_loss,0.002411864699640997,0.0016666666666666668
0,DP eps=1,yeom_neg_loss,0.0025808615404180743,0.0016666666666666668
0,DP eps=1,yeom_neg_loss,0.002761699813343849,0.0016666666666666668
0,DP eps=1,yeom_neg_loss,0.002955209235202888,0.0016666666666666668
0,DP eps=1,yeom_neg_loss,0.0031622776601683794,0.0020833333333333333
0,DP eps=1,yeom_neg_loss,0.003383855153428233,0.0020833333333333333
0,DP eps=1,yeom_neg_loss,0.0036209583502459165,0.0020833333333333333
0,DP eps=1,yeom_neg_loss,0.0038746751204561283,0.0025
0,DP eps=1,yeom_neg_loss,0.004146169559796819,0.002916666666666667
0,DP eps=1,yeom_neg_loss,0.004436687330978612,0.0033333333333333335
0,DP eps=1,yeom_neg_loss,0.004747561378997425,0.00375
0,DP eps=1,yeom_neg_loss,0.005080218046913023,0.00375
0,DP eps=1,yeom_neg_loss,0.005436183620153837,0.004166666666666667
0,DP eps=1,yeom_neg_loss,0.005817091329374358,0.004583333333333333
0,DP eps=1,yeom_neg_loss,0.006224688843995439,0.005
0,DP eps=1,yeom_neg_loss,0.006660846290809154,0.005833333333333334
0,DP eps=1,yeom_neg_loss,0.007127564834438914,0.005833333333333334
0,DP eps=1,yeom_neg_loss,0.007626985859023444,0.005833333333333334
0,DP eps=1,yeom_neg_loss,0.008161400793251826,0.00875
0,DP eps=1,yeom_neg_loss,0.008733261623828438,0.010833333333333334
0,DP eps=1,yeom_neg_loss,0.009345192145605374,0.012916666666666667
0,DP eps=1,yeom_neg_loss,0.01,0.013333333333333334
0,DP eps=1,yeom_neg_loss,0.010700689556931747,0.013333333333333334
0,DP eps=1,yeom_neg_loss,0.011450475699382817,0.015
0,DP eps=1,yeom_neg_loss,0.012252798573828645,0.015
0,DP eps=1,yeom_neg_loss,0.013111339374215644,0.015
0,DP eps=1,yeom_neg_loss,0.014030037231905735,0.016666666666666666
0,DP eps=1,yeom_neg_loss,0.015013107289081735,0.01875
0,DP eps=1,yeom_neg_loss,0.01606506003853728,0.018831325048171598
0,DP eps=1,yeom_neg_loss,0.017190722018585746,0.02
0,DP eps=1,yeom_neg_loss,0.01839525795803971,0.020416666666666666
0,DP eps=1,yeom_neg_loss,0.019684194472866123,0.021666666666666667
0,DP eps=1,yeom_neg_loss,0.02106344542324121,0.022083333333333333
0,DP eps=1,yeom_neg_loss,0.022539339047347912,0.0225
0,DP eps=1,yeom_neg_loss,0.024118646996409972,0.025
0,DP eps=1,yeom_neg_loss,0.02580861540418074,0.02625
0,DP eps=1,yeom_neg_loss,0.02761699813343848,0.028333333333333332
0,DP eps=1,yeom_neg_loss,0.029552092352028863,0.030416666666666668
0,DP eps=1,yeom_neg_loss,0.03162277660168379,0.03208333333333333
0,DP eps=1,yeom_neg_loss,0.033838551534282335,0.035
0,DP eps=1,yeom_neg_loss,0.03620958350245917,0.03875
0,DP eps=1,yeom_neg_loss,0.03874675120456132,0.03958333333333333
0,DP eps=1,yeom_neg_loss,0.04146169559796819,0.044583333333333336
0,DP eps=1,yeom_neg_loss,0.044366873309786115,0.049166666666666664
0,DP eps=1,yeom_neg_loss,0.047475613789974204,0.052083333333333336
0,DP eps=1,yeom_neg_loss,0.05080218046913023,0.05583333333333333
0,DP eps=1,yeom_neg_loss,0.05436183620153837,0.05875
0,DP eps=1,yeom_neg_loss,0.058170913293743576,0.06458333333333334
0,DP eps=1,yeom_neg_loss,0.0622468884399544,0.06833333333333333
0,DP eps=1,yeom_neg_loss,0.06660846290809161,0.06958333333333333
0,DP eps=1,yeom_neg_loss,0.07127564834438914,0.07992789376381976
0,DP eps=1,yeom_neg_loss,0.07626985859023444,0.08416666666666667
0,DP eps=1,yeom_neg_loss,0.08161400793251826,0.09
0,DP eps=1,yeom_neg_loss,0.08733261623828428,0.09625
0,DP eps=1,yeom_neg_loss,0.09345192145605374,0.10041666666666667
0,DP eps=1,yeom_neg_loss,0.1,0.10666666666666667
0,DP eps=1,yeom_neg_loss,0.10700689556931746,0.11375
0,DP eps=1,yeom_neg_loss,0.11450475699382812,0.12
0,DP eps=1,yeom_neg_loss,0.12252798573828651,0.1275
0,DP eps=1,yeom_neg_loss,0.13111339374215644,0.13208333333333333
0,DP eps=1,yeom_neg_loss,0.14030037231905734,0.13791666666666666
0,DP eps=1,yeom_neg_loss,0.15013107289081729,0.14541666666666667
0,DP eps=1,yeom_neg_loss,0.16065060038537288,0.15375
0,DP eps=1,yeom_neg_loss,0.17190722018585747,0.16833333333333333
0,DP eps=1,yeom_neg_loss,0.18395257958039712,0.18166666666666667
0,DP eps=1,yeom_neg_loss,0.19684194472866112,0.20083333333333334
0,DP eps=1,yeom_neg_loss,0.210634454232412,0.21958333333333332
0,DP eps=1,yeom_neg_loss,0.22539339047347912,0.23083333333333333
0,DP eps=1,yeom_neg_loss,0.24118646996409973,0.24375
0,DP eps=1,yeom_neg_loss,0.2580861540418074,0.25583333333333336
0,DP eps=1,yeom_neg_loss,0.27616998133438464,0.2683333333333333
0,DP eps=1,yeom_neg_loss,0.2955209235202888,0.28875
0,DP eps=1,yeom_neg_loss,0.31622776601683794,0.30541666666666667
0,DP eps=1,yeom_neg_loss,0.33838551534282335,0.33416666666666667
0,DP eps=1,yeom_neg_loss,0.36209583502459164,0.35791666666666666
0,DP eps=1,yeom_neg_loss,0.3874675120456132,0.3804166666666667
0,DP eps=1,yeom_neg_loss,0.4146169559796819,0.40625
0,DP eps=1,yeom_neg_loss,0.44366873309786115,0.43416666666666665
0,DP eps=1,yeom_neg_loss,0.474756137899742,0.47625
0,DP eps=1,yeom_neg_loss,0.5080218046913023,0.5170833333333333
0,DP eps=1,yeom_neg_loss,0.5436183620153837,0.5479166666666667
0,DP eps=1,yeom_neg_loss,0.5817091329374358,0.5795833333333333
0,DP eps=1,yeom_neg_loss,0.622468884399544,0.62625
0,DP eps=1,yeom_neg_loss,0.6660846290809154,0.6708333333333333
0,DP eps=1,yeom_neg_loss,0.7127564834438914,0.715
0,DP eps=1,yeom_neg_loss,0.7626985859023444,0.7745833333333333
0,DP eps=1,yeom_neg_loss,0.8161400793251826,0.8229166666666666
0,DP eps=1,yeom_neg_loss,0.8733261623828429,0.8891666666666667
0,DP eps=1,yeom_neg_loss,0.9345192145605374,0.9429166666666666
0,DP eps=1,yeom_neg_loss,1.0,1.0
0,DP eps=1,modified_entropy,0.00031622776601683794,0.0
0,DP eps=1,modified_entropy,0.00033838551534282334,0.0
0,DP eps=1,modified_entropy,0.0003620958350245917,0.0
0,DP eps=1,modified_entropy,0.0003874675120456132,0.0
0,DP eps=1,modified_entropy,0.0004146169559796819,0.0
0,DP eps=1,modified_entropy,0.0004436687330978611,0.0
0,DP eps=1,modified_entropy,0.00047475613789974203,0.0
0,DP eps=1,modified_entropy,0.0005080218046913023,0.0
0,DP eps=1,modified_entropy,0.0005436183620153838,0.0
0,DP eps=1,modified_entropy,0.0005817091329374358,0.0
0,DP eps=1,modified_entropy,0.000622468884399544,0.0
0,DP eps=1,modified_entropy,0.0006660846290809161,0.0
0,DP eps=1,modified_entropy,0.0007127564834438914,0.0004166666666666667
0,DP eps=1,modified_entropy,0.0007626985859023443,0.0004166666666666667
0,DP eps=1,modified_entropy,0.0008161400793251826,0.0004166666666666667
0,DP eps=1,modified_entropy,0.0008733261623828437,0.0004166666666666667
0,DP eps=1,modified_entropy,0.0009345192145605374,0.0004166666666666667
0,DP eps=1,modified_entropy,0.001,0.0004166666666666667
0,DP eps=1,modified_entropy,0.0010700689556931745,0.0004166666666666667
0,DP eps=1,modified_entropy,0.0011450475699382812,0.0004166666666666667
0,DP eps=1,modified_entropy,0.0012252798573828651,0.0004166666666666667
0,DP eps=1,modified_entropy,0.0013111339374215643,0.0004166666666666667
0,DP eps=1,modified_entropy,0.0014030037231905735,0.0008333333333333334
0,DP eps=1,modified_entropy,0.0015013107289081743,0.0008333333333333334
0,DP eps=1,modified_entropy,0.0016065060038537287,0.0008333333333333334
0,DP eps=1,modified_entropy,0.0017190722018585747,0.0008333333333333334
0,DP eps=1,modified_entropy,0.0018395257958039712,0.0008333333333333334
0,DP eps=1,modified_entropy,0.0019684194472866113,0.0008333333333333334
0,DP eps=1,modified_entropy,0.00210634454232412,0.0008333333333333334
0,DP eps=1,modified_entropy,0.002253933904734791,0.0008333333333333334
0,DP eps=1,modified_entropy,0.002411864699640997,0.0016666666666666668
0,DP eps=1,modified_entropy,0.0025808615404180743,0.0016666666666666668
0,DP eps=1,modified_entropy,0.002761699813343849,0.0016666666666666668
0,DP eps=1,modified_entropy,0.002955209235202888,0.0016666666666666668
0,DP eps=1,modified_entropy,0.0031622776601683794,0.0020833333333333333
0,DP eps=1,modified_entropy,0.003383855153428233,0.0020833333333333333
0,DP eps=1,modified_entropy,0.0036209583502459165,0.0020833333333333333
0,DP eps=1,modified_entropy,0.0038746751204561283,0.0025
0,DP eps=1,modified_entropy,0.004146169559796819,0.002916666666666667
0,DP eps=1,modified_entropy,0.004436687330978612,0.0033333333333333335
0,DP eps=1,modified_entropy,0.004747561378997425,0.00375
0,DP eps=1,modified_entropy,0.005080218046913023,0.00375
0,DP eps=1,modified_entropy,0.005436183620153837,0.004166666666666667
0,DP eps=1,modified_entropy,0.005817091329374358,0.004583333333333333
0,DP eps=1,modified_entropy,0.006224688843995439,0.005
0,DP eps=1,modified_entropy,0.006660846290809154,0.005833333333333334
0,DP eps=1,modified_entropy,0.007127564834438914,0.005833333333333334
0,DP eps=1,modified_entropy,0.007626985859023444,0.005833333333333334
0,DP eps=1,modified_entropy,0.008161400793251826,0.00875
0,DP eps=1,modified_entropy,0.008733261623828438,0.010833333333333334
0,DP eps=1,modified_entropy,0.009345192145605374,0.012916666666666667
0,DP eps=1,modified_entropy,0.01,0.013333333333333334
0,DP eps=1,modified_entropy,0.010700689556931747,0.013333333333333334
0,DP eps=1,modified_entropy,0.011450475699382817,0.015
0,DP eps=1,modified_entropy,0.012252798573828645,0.015
0,DP eps=1,modified_entropy,0.013111339374215644,0.015
0,DP eps=1,modified_entropy,0.014030037231905735,0.016666666666666666
0,DP eps=1,modified_entropy,0.015013107289081735,0.01875
0,DP eps=1,modified_entropy,0.01606506003853728,0.01875
0,DP eps=1,modified_entropy,0.017190722018585746,0.02
0,DP eps=1,modified_entropy,0.01839525795803971,0.020416666666666666
0,DP eps=1,modified_entropy,0.019684194472866123,0.021666666666666667
0,DP eps=1,modified_entropy,0.02106344542324121,0.022083333333333333
0,DP eps=1,modified_entropy,0.022539339047347912,0.0225
0,DP eps=1,modified_entropy,0.024118646996409972,0.025
0,DP eps=1,modified_entropy,0.02580861540418074,0.02625
0,DP eps=1,modified_entropy,0.02761699813343848,0.028333333333333332
0,DP eps=1,modified_entropy,0.029552092352028863,0.030416666666666668
0,DP eps=1,modified_entropy,0.03162277660168379,0.03208333333333333
0,DP eps=1,modified_entropy,0.033838551534282335,0.035
0,DP eps=1,modified_entropy,0.03620958350245917,0.03875
0,DP eps=1,modified_entropy,0.03874675120456132,0.03958333333333333
0,DP eps=1,modified_entropy,0.04146169559796819,0.044583333333333336
0,DP eps=1,modified_entropy,0.044366873309786115,0.049166666666666664
0,DP eps=1,modified_entropy,0.047475613789974204,0.052083333333333336
0,DP eps=1,modified_entropy,0.05080218046913023,0.05583333333333333
0,DP eps=1,modified_entropy,0.05436183620153837,0.05875
0,DP eps=1,modified_entropy,0.058170913293743576,0.06458333333333334
0,DP eps=1,modified_entropy,0.0622468884399544,0.06833333333333333
0,DP eps=1,modified_entropy,0.06660846290809161,0.06958333333333333
0,DP eps=1,modified_entropy,0.07127564834438914,0.07958333333333334
0,DP eps=1,modified_entropy,0.07626985859023444,0.08416666666666667
0,DP eps=1,modified_entropy,0.08161400793251826,0.09
0,DP eps=1,modified_entropy,0.08733261623828428,0.09625
0,DP eps=1,modified_entropy,0.09345192145605374,0.10041666666666667
0,DP eps=1,modified_entropy,0.1,0.10666666666666667
0,DP eps=1,modified_entropy,0.10700689556931746,0.11375
0,DP eps=1,modified_entropy,0.11450475699382812,0.12
0,DP eps=1,modified_entropy,0.12252798573828651,0.1275
0,DP eps=1,modified_entropy,0.13111339374215644,0.13208333333333333
0,DP eps=1,modified_entropy,0.14030037231905734,0.13791666666666666
0,DP eps=1,modified_entropy,0.15013107289081729,0.14541666666666667
0,DP eps=1,modified_entropy,0.16065060038537288,0.15375
0,DP eps=1,modified_entropy,0.17190722018585747,0.16833333333333333
0,DP eps=1,modified_entropy,0.18395257958039712,0.18166666666666667
0,DP eps=1,modified_entropy,0.19684194472866112,0.20083333333333334
0,DP eps=1,modified_entropy,0.210634454232412,0.21958333333333332
0,DP eps=1,modified_entropy,0.22539339047347912,0.23083333333333333
0,DP eps=1,modified_entropy,0.24118646996409973,0.24375
0,DP eps=1,modified_entropy,0.2580861540418074,0.25583333333333336
0,DP eps=1,modified_entropy,0.27616998133438464,0.2683333333333333
0,DP eps=1,modified_entropy,0.2955209235202888,0.28875
0,DP eps=1,modified_entropy,0.31622776601683794,0.30541666666666667
0,DP eps=1,modified_entropy,0.33838551534282335,0.33416666666666667
0,DP eps=1,modified_entropy,0.36209583502459164,0.35791666666666666
0,DP eps=1,modified_entropy,0.3874675120456132,0.3804166666666667
0,DP eps=1,modified_entropy,0.4146169559796819,0.40625
0,DP eps=1,modified_entropy,0.44366873309786115,0.43416666666666665
0,DP eps=1,modified_entropy,0.474756137899742,0.47625
0,DP eps=1,modified_entropy,0.5080218046913023,0.5170833333333333
0,DP eps=1,modified_entropy,0.5436183620153837,0.5479166666666667
0,DP eps=1,modified_entropy,0.5817091329374358,0.5795833333333333
0,DP eps=1,modified_entropy,0.622468884399544,0.62625
0,DP eps=1,modified_entropy,0.6660846290809154,0.6708333333333333
0,DP eps=1,modified_entropy,0.7127564834438914,0.715
0,DP eps=1,modified_entropy,0.7626985859023444,0.7745833333333333
0,DP eps=1,modified_entropy,0.8161400793251826,0.8229166666666666
0,DP eps=1,modified_entropy,0.8733261623828429,0.8891666666666667
0,DP eps=1,modified_entropy,0.9345192145605374,0.9429166666666666
0,DP eps=1,modified_entropy,1.0,1.0
0,DP eps=1,class_calibrated_loss,0.00031622776601683794,0.00125
0,DP eps=1,class_calibrated_loss,0.00033838551534282334,0.0020833333333333333
0,DP eps=1,class_calibrated_loss,0.0003620958350245917,0.0020833333333333333
0,DP eps=1,class_calibrated_loss,0.0003874675120456132,0.0020833333333333333
0,DP eps=1,class_calibrated_loss,0.0004146169559796819,0.0020833333333333333
0,DP eps=1,class_calibrated_loss,0.0004436687330978611,0.0020833333333333333
0,DP eps=1,class_calibrated_loss,0.00047475613789974203,0.0020833333333333333
0,DP eps=1,class_calibrated_loss,0.0005080218046913023,0.0020833333333333333
0,DP eps=1,class_calibrated_loss,0.0005436183620153838,0.0020833333333333333
0,DP eps=1,class_calibrated_loss,0.0005817091329374358,0.0020833333333333333
0,DP eps=1,class_calibrated_loss,0.000622468884399544,0.0020833333333333333
0,DP eps=1,class_calibrated_loss,0.0006660846290809161,0.0020833333333333333
0,DP eps=1,class_calibrated_loss,0.0007127564834438914,0.0020833333333333333
0,DP eps=1,class_calibrated_loss,0.0007626985859023443,0.0020833333333333333
0,DP eps=1,class_calibrated_loss,0.0008161400793251826,0.0020833333333333333
0,DP eps=1,class_calibrated_loss,0.0008733261623828437,0.0020833333333333333
0,DP eps=1,class_calibrated_loss,0.0009345192145605374,0.0020833333333333333
0,DP eps=1,class_calibrated_loss,0.001,0.0020833333333333333
0,DP eps=1,class_calibrated_loss,0.0010700689556931745,0.0020833333333333333
0,DP eps=1,class_calibrated_loss,0.0011450475699382812,0.0020833333333333333
0,DP eps=1,class_calibrated_loss,0.0012252798573828651,0.0020833333333333333
0,DP eps=1,class_calibrated_loss,0.0013111339374215643,0.0020833333333333333
0,DP eps=1,class_calibrated_loss,0.0014030037231905735,0.0020833333333333333
0,DP eps=1,class_calibrated_loss,0.0015013107289081743,0.0020833333333333333
0,DP eps=1,class_calibrated_loss,0.0016065060038537287,0.0020833333333333333
0,DP eps=1,class_calibrated_loss,0.0017190722018585747,0.002916666666666667
0,DP eps=1,class_calibrated_loss,0.0018395257958039712,0.002916666666666667
0,DP eps=1,class_calibrated_loss,0.0019684194472866113,0.002916666666666667
0,DP eps=1,class_calibrated_loss,0.00210634454232412,0.004583333333333333
0,DP eps=1,class_calibrated_loss,0.002253933904734791,0.004583333333333333
0,DP eps=1,class_calibrated_loss,0.002411864699640997,0.005
0,DP eps=1,class_calibrated_loss,0.0025808615404180743,0.005
0,DP eps=1,class_calibrated_loss,0.002761699813343849,0.005
0,DP eps=1,class_calibrated_loss,0.002955209235202888,0.005
0,DP eps=1,class_calibrated_loss,0.0031622776601683794,0.00625
0,DP eps=1,class_calibrated_loss,0.003383855153428233,0.006666666666666667
0,DP eps=1,class_calibrated_loss,0.0036209583502459165,0.006666666666666667
0,DP eps=1,class_calibrated_loss,0.0038746751204561283,0.006666666666666667
0,DP eps=1,class_calibrated_loss,0.004146169559796819,0.006666666666666667
0,DP eps=1,class_calibrated_loss,0.004436687330978612,0.006666666666666667
0,DP eps=1,class_calibrated_loss,0.004747561378997425,0.006666666666666667
0,DP eps=1,class_calibrated_loss,0.005080218046913023,0.006666666666666667
0,DP eps=1,class_calibrated_loss,0.005436183620153837,0.006666666666666667
0,DP eps=1,class_calibrated_loss,0.005817091329374358,0.006666666666666667
0,DP eps=1,class_calibrated_loss,0.006224688843995439,0.006666666666666667
0,DP eps=1,class_calibrated_loss,0.006660846290809154,0.007916666666666667
0,DP eps=1,class_calibrated_loss,0.007127564834438914,0.01
0,DP eps=1,class_calibrated_loss,0.007626985859023444,0.01
0,DP eps=1,class_calibrated_loss,0.008161400793251826,0.010833333333333334
0,DP eps=1,class_calibrated_loss,0.008733261623828438,0.01125
0,DP eps=1,class_calibrated_loss,0.009345192145605374,0.0125
0,DP eps=1,class_calibrated_loss,0.01,0.0125
0,DP eps=1,class_calibrated_loss,0.010700689556931747,0.012916666666666667
0,DP eps=1,class_calibrated_loss,0.011450475699382817,0.015416666666666667
0,DP eps=1,class_calibrated_loss,0.012252798573828645,0.01625
0,DP eps=1,class_calibrated_loss,0.013111339374215644,0.01625
0,DP eps=1,class_calibrated_loss,0.014030037231905735,0.01625
0,DP eps=1,class_calibrated_loss,0.015013107289081735,0.017916666666666668
0,DP eps=1,class_calibrated_loss,0.01606506003853728,0.019166666666666665
0,DP eps=1,class_calibrated_loss,0.017190722018585746,0.019583333333333335
0,DP eps=1,class_calibrated_loss,0.01839525795803971,0.022083333333333333
0,DP eps=1,class_calibrated_loss,0.019684194472866123,0.025
0,DP eps=1,class_calibrated_loss,0.02106344542324121,0.0275
0,DP eps=1,class_calibrated_loss,0.022539339047347912,0.028333333333333332
0,DP eps=1,class_calibrated_loss,0.024118646996409972,0.03
0,DP eps=1,class_calibrated_loss,0.02580861540418074,0.0325
0,DP eps=1,class_calibrated_loss,0.02761699813343848,0.034166666666666665
0,DP eps=1,class_calibrated_loss,0.029552092352028863,0.03625
0,DP eps=1,class_calibrated_loss,0.03162277660168379,0.03833333333333333
0,DP eps=1,class_calibrated_loss,0.033838551534282335,0.04
0,DP eps=1,class_calibrated_loss,0.03620958350245917,0.043333333333333335
0,DP eps=1,class_calibrated_loss,0.03874675120456132,0.044583333333333336
0,DP eps=1,class_calibrated_loss,0.04146169559796819,0.05125
0,DP eps=1,class_calibrated_loss,0.044366873309786115,0.05583333333333333
0,DP eps=1,class_calibrated_loss,0.047475613789974204,0.057916666666666665
0,DP eps=1,class_calibrated_loss,0.05080218046913023,0.06166666666666667
0,DP eps=1,class_calibrated_loss,0.05436183620153837,0.06625
0,DP eps=1,class_calibrated_loss,0.058170913293743576,0.06833333333333333
0,DP eps=1,class_calibrated_loss,0.0622468884399544,0.07208333333333333
0,DP eps=1,class_calibrated_loss,0.06660846290809161,0.0725
0,DP eps=1,class_calibrated_loss,0.07127564834438914,0.07458333333333333
0,DP eps=1,class_calibrated_loss,0.07626985859023444,0.07916666666666666
0,DP eps=1,class_calibrated_loss,0.08161400793251826,0.08416666666666667
0,DP eps=1,class_calibrated_loss,0.08733261623828428,0.08875
0,DP eps=1,class_calibrated_loss,0.09345192145605374,0.09708333333333333
0,DP eps=1,class_calibrated_loss,0.1,0.10583333333333333
0,DP eps=1,class_calibrated_loss,0.10700689556931746,0.11583333333333333
0,DP eps=1,class_calibrated_loss,0.11450475699382812,0.12333333333333334
0,DP eps=1,class_calibrated_loss,0.12252798573828651,0.13125
0,DP eps=1,class_calibrated_loss,0.13111339374215644,0.14041666666666666
0,DP eps=1,class_calibrated_loss,0.14030037231905734,0.15041666666666667
0,DP eps=1,class_calibrated_loss,0.15013107289081729,0.16
0,DP eps=1,class_calibrated_loss,0.16065060038537288,0.17497991714838274
0,DP eps=1,class_calibrated_loss,0.17190722018585747,0.18583333333333332
0,DP eps=1,class_calibrated_loss,0.18395257958039712,0.19708333333333333
0,DP eps=1,class_calibrated_loss,0.19684194472866112,0.21458333333333332
0,DP eps=1,class_calibrated_loss,0.210634454232412,0.22875
0,DP eps=1,class_calibrated_loss,0.22539339047347912,0.2442417380918489
0,DP eps=1,class_calibrated_loss,0.24118646996409973,0.25958333333333333
0,DP eps=1,class_calibrated_loss,0.2580861540418074,0.27291666666666664
0,DP eps=1,class_calibrated_loss,0.27616998133438464,0.28791666666666665
0,DP eps=1,class_calibrated_loss,0.2955209235202888,0.30291666666666667
0,DP eps=1,class_calibrated_loss,0.31622776601683794,0.3283333333333333
0,DP eps=1,class_calibrated_loss,0.33838551534282335,0.35125
0,DP eps=1,class_calibrated_loss,0.36209583502459164,0.3770833333333333
0,DP eps=1,class_calibrated_loss,0.3874675120456132,0.40208333333333335
0,DP eps=1,class_calibrated_loss,0.4146169559796819,0.4195833333333333
0,DP eps=1,class_calibrated_loss,0.44366873309786115,0.4454166666666667
0,DP eps=1,class_calibrated_loss,0.474756137899742,0.4825
0,DP eps=1,class_calibrated_loss,0.5080218046913023,0.5154166666666666
0,DP eps=1,class_calibrated_loss,0.5436183620153837,0.54875
0,DP eps=1,class_calibrated_loss,0.5817091329374358,0.58625
0,DP eps=1,class_calibrated_loss,0.622468884399544,0.6404166666666666
0,DP eps=1,class_calibrated_loss,0.6660846290809154,0.6908333333333333
0,DP eps=1,class_calibrated_loss,0.7127564834438914,0.7245833333333334
0,DP eps=1,class_calibrated_loss,0.7626985859023444,0.7775
0,DP eps=1,class_calibrated_loss,0.8161400793251826,0.8370833333333333
0,DP eps=1,class_calibrated_loss,0.8733261623828429,0.88875
0,DP eps=1,class_calibrated_loss,0.9345192145605374,0.9441666666666667
0,DP eps=1,class_calibrated_loss,1.0,1.0
0,DP eps=1,learned_ensemble,0.00031622776601683794,0.0003952847075210475
0,DP eps=1,learned_ensemble,0.00033838551534282334,0.00042298189417852924
0,DP eps=1,learned_ensemble,0.0003620958350245917,0.0004526197937807397
0,DP eps=1,learned_ensemble,0.0003874675120456132,0.00048433439005701664
0,DP eps=1,learned_ensemble,0.0004146169559796819,0.0005182711949746025
0,DP eps=1,learned_ensemble,0.0004436687330978611,0.0005545859163723265
0,DP eps=1,learned_ensemble,0.00047475613789974203,0.0005934451723746776
0,DP eps=1,learned_ensemble,0.0005080218046913023,0.000635027255864128
0,DP eps=1,learned_ensemble,0.0005436183620153838,0.0006795229525192298
0,DP eps=1,learned_ensemble,0.0005817091329374358,0.0007271364161717949
0,DP eps=1,learned_ensemble,0.000622468884399544,0.0007780861054994301
0,DP eps=1,learned_ensemble,0.0006660846290809161,0.0008326057863511453
0,DP eps=1,learned_ensemble,0.0007127564834438914,0.0008621394688190988
0,DP eps=1,learned_ensemble,0.0007626985859023443,0.000893353282855632
0,DP eps=1,learned_ensemble,0.0008161400793251826,0.0009267542162449059
0,DP eps=1,learned_ensemble,0.0008733261623828437,0.000962495518155944
0,DP eps=1,learned_ensemble,0.0009345192145605374,0.0010007411757670026
0,DP eps=1,learned_ensemble,0.001,0.0010416666666666669
0,DP eps=1,learned_ensemble,0.0010700689556931745,0.0010854597639749007
0,DP eps=1,learned_ensemble,0.0011450475699382812,0.0011323213978780924
0,DP eps=1,learned_ensemble,0.0012252798573828651,0.0011824665775309574
0,DP eps=1,learned_ensemble,0.0013111339374215643,0.0012361253775551445
0,DP eps=1,learned_ensemble,0.0014030037231905735,0.0013661173164287337
0,DP eps=1,learned_ensemble,0.0015013107289081743,0.0015299623259580684
0,DP eps=1,learned_ensemble,0.0016065060038537287,0.001705287784200659
0,DP eps=1,learned_ensemble,0.0017190722018585747,0.0018928981142087354
0,DP eps=1,learned_ensemble,0.0018395257958039712,0.0020936541041177295
0,DP eps=1,learned_ensemble,0.0019684194472866113,0.0023084768565887967
0,DP eps=1,learned_ensemble,0.00210634454232412,0.0025383520149846444
0,DP eps=1,learned_ensemble,0.002253933904734791,0.002784334285669096
0,DP eps=1,learned_ensemble,0.002411864699640997,0.0029902898225801014
0,DP eps=1,learned_ensemble,0.0025808615404180743,0.003148724360808611
0,DP eps=1,learned_ensemble,0.002761699813343849,0.003318260241676525
0,DP eps=1,learned_ensemble,0.002955209235202888,0.003499675324669374
0,DP eps=1,learned_ensemble,0.0031622776601683794,0.003693801973074522
0,DP eps=1,learned_ensemble,0.003383855153428233,0.003901530873005635
0,DP eps=1,learned_ensemble,0.0036209583502459165,0.004123815120022214
0,DP eps=1,learned_ensemble,0.0038746751204561283,0.004231669308475874
0,DP eps=1,learned_ensemble,0.004146169559796819,0.004316511320769839
0,DP eps=1,learned_ensemble,0.004436687330978612,0.00440729812426415
0,DP eps=1,learned_ensemble,0.004747561378997425,0.004504446264270029
0,DP eps=1,learned_ensemble,0.005080218046913023,0.004758810310955571
0,DP eps=1,learned_ensemble,0.005436183620153837,0.005537485002419852
0,DP eps=1,learned_ensemble,0.005817091329374358,0.00637072061633974
0,DP eps=1,learned_ensemble,0.006224688843995439,0.007262340179573357
0,DP eps=1,learned_ensemble,0.006660846290809154,0.0075
0,DP eps=1,learned_ensemble,0.007127564834438914,0.008235578752763952
0,DP eps=1,learned_ensemble,0.007626985859023444,0.00911706565711264
0,DP eps=1,learned_ensemble,0.008161400793251826,0.0099912235443086
0,DP eps=1,learned_ensemble,0.008733261623828438,0.010833333333333334
0,DP eps=1,learned_ensemble,0.009345192145605374,0.011666666666666667
0,DP eps=1,learned_ensemble,0.01,0.011666666666666667
0,DP eps=1,learned_ensemble,0.010700689556931747,0.011666666666666667
0,DP eps=1,learned_ensemble,0.011450475699382817,0.011739880645447594
0,DP eps=1,learned_ensemble,0.012252798573828645,0.012921330956381075
0,DP eps=1,learned_ensemble,0.013111339374215644,0.014445015102205777
0,DP eps=1,learned_ensemble,0.014030037231905735,0.017099424707568547
0,DP eps=1,learned_ensemble,0.015013107289081735,0.01762606938105569
0,DP eps=1,learned_ensemble,0.01606506003853728,0.018189615496835447
0,DP eps=1,learned_ensemble,0.017190722018585746,0.018333333333333333
0,DP eps=1,learned_ensemble,0.01839525795803971,0.01973814489509928
0,DP eps=1,learned_ensemble,0.019684194472866123,0.021052621545541328
0,DP eps=1,learned_ensemble,0.02106344542324121,0.021914653389525755
0,DP eps=1,learned_ensemble,0.022539339047347912,0.023286536110715707
0,DP eps=1,learned_ensemble,0.024118646996409972,0.025416666666666667
0,DP eps=1,learned_ensemble,0.02580861540418074,0.02664606839237284
0,DP eps=1,learned_ensemble,0.02761699813343848,0.028153054000087625
0,DP eps=1,learned_ensemble,0.029552092352028863,0.02976563251557961
0,DP eps=1,learned_ensemble,0.03162277660168379,0.03202847075210474
0,DP eps=1,learned_ensemble,0.033838551534282335,0.03438152275118625
0,DP eps=1,learned_ensemble,0.03620958350245917,0.03789296906711094
0,DP eps=1,learned_ensemble,0.03874675120456132,0.04171671950285082
0,DP eps=1,learned_ensemble,0.04146169559796819,0.04432711949746023
0,DP eps=1,learned_ensemble,0.044366873309786115,0.04626397499018866
0,DP eps=1,learned_ensemble,0.047475613789974204,0.048927850570801096
0,DP eps=1,learned_ensemble,0.05080218046913023,0.05308605891974613
0,DP eps=1,learned_ensemble,0.05436183620153837,0.05737298730619655
0,DP eps=1,learned_ensemble,0.058170913293743576,0.059765676698541104
0,DP eps=1,learned_ensemble,0.0622468884399544,0.06240100545686707
0,DP eps=1,learned_ensemble,0.06660846290809161,0.06518337851820495
0,DP eps=1,learned_ensemble,0.07127564834438914,0.0702218173414807
0,DP eps=1,learned_ensemble,0.07626985859023444,0.07561329431142733
0,DP eps=1,learned_ensemble,0.08161400793251826,0.08200105406122644
0,DP eps=1,learned_ensemble,0.08733261623828428,0.08791588234395677
0,DP eps=1,learned_ensemble,0.09345192145605374,0.09312049000259236
0,DP eps=1,learned_ensemble,0.1,0.100625
0,DP eps=1,learned_ensemble,0.10700689556931746,0.10484712447196824
0,DP eps=1,learned_ensemble,0.11450475699382812,0.1121428494695231
0,DP eps=1,learned_ensemble,0.12252798573828651,0.1241023682187082
0,DP eps=1,learned_ensemble,0.13111339374215644,0.13287227256290815
0,DP eps=1,learned_ensemble,0.14030037231905734,0.1425131662704651
0,DP eps=1,learned_ensemble,0.15013107289081729,0.15381124470669705
0,DP eps=1,learned_ensemble,0.16065060038537288,0.16728162524085805
0,DP eps=1,learned_ensemble,0.17190722018585747,0.1793801850635754
0,DP eps=1,learned_ensemble,0.18395257958039712,0.19023354189275032
0,DP eps=1,learned_ensemble,0.19684194472866112,0.2037673752984275
0,DP eps=1,learned_ensemble,0.210634454232412,0.21900657121705597
0,DP eps=1,learned_ensemble,0.22539339047347912,0.23426596752969456
0,DP eps=1,learned_ensemble,0.24118646996409973,0.24849820006988493
0,DP eps=1,learned_ensemble,0.2580861540418074,0.2634399939190777
0,DP eps=1,learned_ensemble,0.27616998133438464,0.2788960777092368
0,DP eps=1,learned_ensemble,0.2955209235202888,0.3003281110416222
0,DP eps=1,learned_ensemble,0.31622776601683794,0.32445505796137214
0,DP eps=1,learned_ensemble,0.33838551534282335,0.3482090645493773
0,DP eps=1,learned_ensemble,0.36209583502459164,0.37312516201271695
0,DP eps=1,learned_ensemble,0.3874675120456132,0.3992577889873869
0,DP eps=1,learned_ensemble,0.4146169559796819,0.4274081340803153
0,DP eps=1,learned_ensemble,0.44366873309786115,0.45753094445630765
0,DP eps=1,learned_ensemble,0.474756137899742,0.4839879362289175
0,DP eps=1,learned_ensemble,0.5080218046913023,0.5113344496719852
0,DP eps=1,learned_ensemble,0.5436183620153837,0.5520208489214042
0,DP eps=1,learned_ensemble,0.5817091329374358,0.5868499124064102
0,DP eps=1,learned_ensemble,0.622468884399544,0.6309936071829343
0,DP eps=1,learned_ensemble,0.6660846290809154,0.6692371909007628
0,DP eps=1,learned_ensemble,0.7127564834438914,0.7112000969031474
0,DP eps=1,learned_ensemble,0.7626985859023444,0.758919076515021
0,DP eps=1,learned_ensemble,0.8161400793251826,0.8111157958276731
0,DP eps=1,learned_ensemble,0.8733261623828429,0.8773891105672486
0,DP eps=1,learned_ensemble,0.9345192145605374,0.9317367636505038
0,DP eps=1,learned_ensemble,1.0,1.0
0,DP eps=0.5,confidence,0.00031622776601683794,0.0
0,DP eps=0.5,confidence,0.00033838551534282334,0.0
0,DP eps=0.5,confidence,0.0003620958350245917,0.0
0,DP eps=0.5,confidence,0.0003874675120456132,0.0
0,DP eps=0.5,confidence,0.0004146169559796819,0.0
0,DP eps=0.5,confidence,0.0004436687330978611,0.0
0,DP eps=0.5,confidence,0.00047475613789974203,0.0
0,DP eps=0.5,confidence,0.0005080218046913023,0.0
0,DP eps=0.5,confidence,0.0005436183620153838,0.0
0,DP eps=0.5,confidence,0.0005817091329374358,0.0
0,DP eps=0.5,confidence,0.000622468884399544,0.0
0,DP eps=0.5,confidence,0.0006660846290809161,0.0
0,DP eps=0.5,confidence,0.0007127564834438914,0.0004166666666666667
0,DP eps=0.5,confidence,0.0007626985859023443,0.0004166666666666667
0,DP eps=0.5,confidence,0.0008161400793251826,0.0004166666666666667
0,DP eps=0.5,confidence,0.0008733261623828437,0.0004166666666666667
0,DP eps=0.5,confidence,0.0009345192145605374,0.0004166666666666667
0,DP eps=0.5,confidence,0.001,0.0004166666666666667
0,DP eps=0.5,confidence,0.0010700689556931745,0.0004166666666666667
0,DP eps=0.5,confidence,0.0011450475699382812,0.0004166666666666667
0,DP eps=0.5,confidence,0.0012252798573828651,0.0004166666666666667
0,DP eps=0.5,confidence,0.0013111339374215643,0.0004166666666666667
0,DP eps=0.5,confidence,0.0014030037231905735,0.0008333333333333334
0,DP eps=0.5,confidence,0.0015013107289081743,0.0008333333333333334
0,DP eps=0.5,confidence,0.0016065060038537287,0.0008333333333333334
0,DP eps=0.5,confidence,0.0017190722018585747,0.00125
0,DP eps=0.5,confidence,0.0018395257958039712,0.00125
0,DP eps=0.5,confidence,0.0019684194472866113,0.00125
0,DP eps=0.5,confidence,0.00210634454232412,0.00125
0,DP eps=0.5,confidence,0.002253933904734791,0.00125
0,DP eps=0.5,confidence,0.002411864699640997,0.00125
0,DP eps=0.5,confidence,0.0025808615404180743,0.00125
0,DP eps=0.5,confidence,0.002761699813343849,0.00125
0,DP eps=0.5,confidence,0.002955209235202888,0.00125
0,DP eps=0.5,confidence,0.0031622776601683794,0.002916666666666667
0,DP eps=0.5,confidence,0.003383855153428233,0.0033333333333333335
0,DP eps=0.5,confidence,0.0036209583502459165,0.0033333333333333335
0,DP eps=0.5,confidence,0.0038746751204561283,0.00375
0,DP eps=0.5,confidence,0.004146169559796819,0.005
0,DP eps=0.5,confidence,0.004436687330978612,0.005416666666666667
0,DP eps=0.5,confidence,0.004747561378997425,0.005416666666666667
0,DP eps=0.5,confidence,0.005080218046913023,0.005416666666666667
0,DP eps=0.5,confidence,0.005436183620153837,0.007083333333333333
0,DP eps=0.5,confidence,0.005817091329374358,0.007083333333333333
0,DP eps=0.5,confidence,0.006224688843995439,0.007083333333333333
0,DP eps=0.5,confidence,0.006660846290809154,0.007083333333333333
0,DP eps=0.5,confidence,0.007127564834438914,0.009583333333333333
0,DP eps=0.5,confidence,0.007626985859023444,0.01
0,DP eps=0.5,confidence,0.008161400793251826,0.01
0,DP eps=0.5,confidence,0.008733261623828438,0.01
0,DP eps=0.5,confidence,0.009345192145605374,0.010833333333333334
0,DP eps=0.5,confidence,0.01,0.010833333333333334
0,DP eps=0.5,confidence,0.010700689556931747,0.011666666666666667
0,DP eps=0.5,confidence,0.011450475699382817,0.011666666666666667
0,DP eps=0.5,confidence,0.012252798573828645,0.011666666666666667
0,DP eps=0.5,confidence,0.013111339374215644,0.011666666666666667
0,DP eps=0.5,confidence,0.014030037231905735,0.01375
0,DP eps=0.5,confidence,0.015013107289081735,0.014583333333333334
0,DP eps=0.5,confidence,0.01606506003853728,0.015833333333333335
0,DP eps=0.5,confidence,0.017190722018585746,0.01625
0,DP eps=0.5,confidence,0.01839525795803971,0.01875
0,DP eps=0.5,confidence,0.019684194472866123,0.020416666666666666
0,DP eps=0.5,confidence,0.02106344542324121,0.020833333333333332
0,DP eps=0.5,confidence,0.022539339047347912,0.02125
0,DP eps=0.5,confidence,0.024118646996409972,0.021666666666666667
0,DP eps=0.5,confidence,0.02580861540418074,0.023333333333333334
0,DP eps=0.5,confidence,0.02761699813343848,0.025833333333333333
0,DP eps=0.5,confidence,0.029552092352028863,0.029166666666666667
0,DP eps=0.5,confidence,0.03162277660168379,0.034166666666666665
0,DP eps=0.5,confidence,0.033838551534282335,0.03625
0,DP eps=0.5,confidence,0.03620958350245917,0.03916666666666667
0,DP eps=0.5,confidence,0.03874675120456132,0.041666666666666664
0,DP eps=0.5,confidence,0.04146169559796819,0.04833333333333333
0,DP eps=0.5,confidence,0.044366873309786115,0.050416666666666665
0,DP eps=0.5,confidence,0.047475613789974204,0.05375
0,DP eps=0.5,confidence,0.05080218046913023,0.0575
0,DP eps=0.5,confidence,0.05436183620153837,0.05875
0,DP eps=0.5,confidence,0.058170913293743576,0.06541666666666666
0,DP eps=0.5,confidence,0.0622468884399544,0.06708333333333333
0,DP eps=0.5,confidence,0.06660846290809161,0.07041666666666667
0,DP eps=0.5,confidence,0.07127564834438914,0.075
0,DP eps=0.5,confidence,0.07626985859023444,0.08166666666666667
0,DP eps=0.5,confidence,0.08161400793251826,0.08833333333333333
0,DP eps=0.5,confidence,0.08733261623828428,0.09291666666666666
0,DP eps=0.5,confidence,0.09345192145605374,0.09791666666666667
0,DP eps=0.5,confidence,0.1,0.1075
0,DP eps=0.5,confidence,0.10700689556931746,0.11125
0,DP eps=0.5,confidence,0.11450475699382812,0.11791666666666667
0,DP eps=0.5,confidence,0.12252798573828651,0.12625
0,DP eps=0.5,confidence,0.13111339374215644,0.13333333333333333
0,DP eps=0.5,confidence,0.14030037231905734,0.14291666666666666
0,DP eps=0.5,confidence,0.15013107289081729,0.15208333333333332
0,DP eps=0.5,confidence,0.16065060038537288,0.16166666666666665
0,DP eps=0.5,confidence,0.17190722018585747,0.17166666666666666
0,DP eps=0.5,confidence,0.18395257958039712,0.18083333333333335
0,DP eps=0.5,confidence,0.19684194472866112,0.19375
0,DP eps=0.5,confidence,0.210634454232412,0.21125
0,DP eps=0.5,confidence,0.22539339047347912,0.22791666666666666
0,DP eps=0.5,confidence,0.24118646996409973,0.24583333333333332
0,DP eps=0.5,confidence,0.2580861540418074,0.25875
0,DP eps=0.5,confidence,0.27616998133438464,0.2758333333333333
0,DP eps=0.5,confidence,0.2955209235202888,0.2866666666666667
0,DP eps=0.5,confidence,0.31622776601683794,0.30875
0,DP eps=0.5,confidence,0.33838551534282335,0.32666666666666666
0,DP eps=0.5,confidence,0.36209583502459164,0.3566666666666667
0,DP eps=0.5,confidence,0.3874675120456132,0.3825
0,DP eps=0.5,confidence,0.4146169559796819,0.3975
0,DP eps=0.5,confidence,0.44366873309786115,0.4275
0,DP eps=0.5,confidence,0.474756137899742,0.46125
0,DP eps=0.5,confidence,0.5080218046913023,0.49291666666666667
0,DP eps=0.5,confidence,0.5436183620153837,0.5204166666666666
0,DP eps=0.5,confidence,0.5817091329374358,0.5766666666666667
0,DP eps=0.5,confidence,0.622468884399544,0.6170833333333333
0,DP eps=0.5,confidence,0.6660846290809154,0.6529166666666667
0,DP eps=0.5,confidence,0.7127564834438914,0.6995833333333333
0,DP eps=0.5,confidence,0.7626985859023444,0.7525
0,DP eps=0.5,confidence,0.8161400793251826,0.8141666666666667
0,DP eps=0.5,confidence,0.8733261623828429,0.8745833333333334
0,DP eps=0.5,confidence,0.9345192145605374,0.92375
0,DP eps=0.5,confidence,1.0,1.0
0,DP eps=0.5,neg_entropy,0.00031622776601683794,0.0
0,DP eps=0.5,neg_entropy,0.00033838551534282334,0.0
0,DP eps=0.5,neg_entropy,0.0003620958350245917,0.0
0,DP eps=0.5,neg_entropy,0.0003874675120456132,0.0
0,DP eps=0.5,neg_entropy,0.0004146169559796819,0.0
0,DP eps=0.5,neg_entropy,0.0004436687330978611,0.0
0,DP eps=0.5,neg_entropy,0.00047475613789974203,0.0
0,DP eps=0.5,neg_entropy,0.0005080218046913023,0.0
0,DP eps=0.5,neg_entropy,0.0005436183620153838,0.0
0,DP eps=0.5,neg_entropy,0.0005817091329374358,0.0
0,DP eps=0.5,neg_entropy,0.000622468884399544,0.0
0,DP eps=0.5,neg_entropy,0.0006660846290809161,0.0
0,DP eps=0.5,neg_entropy,0.0007127564834438914,0.0004166666666666667
0,DP eps=0.5,neg_entropy,0.0007626985859023443,0.0004166666666666667
0,DP eps=0.5,neg_entropy,0.0008161400793251826,0.0004166666666666667
0,DP eps=0.5,neg_entropy,0.0008733261623828437,0.0004166666666666667
0,DP eps=0.5,neg_entropy,0.0009345192145605374,0.0004166666666666667
0,DP eps=0.5,neg_entropy,0.001,0.0004166666666666667
0,DP eps=0.5,neg_entropy,0.0010700689556931745,0.0004166666666666667
0,DP eps=0.5,neg_entropy,0.0011450475699382812,0.0004166666666666667
0,DP eps=0.5,neg_entropy,0.0012252798573828651,0.0004166666666666667
0,DP eps=0.5,neg_entropy,0.0013111339374215643,0.0004166666666666667
0,DP eps=0.5,neg_entropy,0.0014030037231905735,0.0008333333333333334
0,DP eps=0.5,neg_entropy,0.0015013107289081743,0.0008333333333333334
0,DP eps=0.5,neg_entropy,0.0016065060038537287,0.0008333333333333334
0,DP eps=0.5,neg_entropy,0.0017190722018585747,0.00125
0,DP eps=0.5,neg_entropy,0.0018395257958039712,0.00125
0,DP eps=0.5,neg_entropy,0.0019684194472866113,0.00125
0,DP eps=0.5,neg_entropy,0.00210634454232412,0.00125
0,DP eps=0.5,neg_entropy,0.002253933904734791,0.00125
0,DP eps=0.5,neg_entropy,0.002411864699640997,0.00125
0,DP eps=0.5,neg_entropy,0.0025808615404180743,0.00125
0,DP eps=0.5,neg_entropy,0.002761699813343849,0.00125
0,DP eps=0.5,neg_entropy,0.002955209235202888,0.00125
0,DP eps=0.5,neg_entropy,0.0031622776601683794,0.002916666666666667
0,DP eps=0.5,neg_entropy,0.003383855153428233,0.0033333333333333335
0,DP eps=0.5,neg_entropy,0.0036209583502459165,0.0033333333333333335
0,DP eps=0.5,neg_entropy,0.0038746751204561283,0.00375
0,DP eps=0.5,neg_entropy,0.004146169559796819,0.005
0,DP eps=0.5,neg_entropy,0.004436687330978612,0.005416666666666667
0,DP eps=0.5,neg_entropy,0.004747561378997425,0.005416666666666667
0,DP eps=0.5,neg_entropy,0.005080218046913023,0.005416666666666667
0,DP eps=0.5,neg_entropy,0.005436183620153837,0.007083333333333333
0,DP eps=0.5,neg_entropy,0.005817091329374358,0.007083333333333333
0,DP eps=0.5,neg_entropy,0.006224688843995439,0.007083333333333333
0,DP eps=0.5,neg_entropy,0.006660846290809154,0.007083333333333333
0,DP eps=0.5,neg_entropy,0.007127564834438914,0.009583333333333333
0,DP eps=0.5,neg_entropy,0.007626985859023444,0.01
0,DP eps=0.5,neg_entropy,0.008161400793251826,0.01
0,DP eps=0.5,neg_entropy,0.008733261623828438,0.01
0,DP eps=0.5,neg_entropy,0.009345192145605374,0.010833333333333334
0,DP eps=0.5,neg_entropy,0.01,0.010833333333333334
0,DP eps=0.5,neg_entropy,0.010700689556931747,0.011666666666666667
0,DP eps=0.5,neg_entropy,0.011450475699382817,0.011666666666666667
0,DP eps=0.5,neg_entropy,0.012252798573828645,0.011666666666666667
0,DP eps=0.5,neg_entropy,0.013111339374215644,0.011666666666666667
0,DP eps=0.5,neg_entropy,0.014030037231905735,0.01375
0,DP eps=0.5,neg_entropy,0.015013107289081735,0.014583333333333334
0,DP eps=0.5,neg_entropy,0.01606506003853728,0.015833333333333335
0,DP eps=0.5,neg_entropy,0.017190722018585746,0.01625
0,DP eps=0.5,neg_entropy,0.01839525795803971,0.01875
0,DP eps=0.5,neg_entropy,0.019684194472866123,0.020416666666666666
0,DP eps=0.5,neg_entropy,0.02106344542324121,0.020833333333333332
0,DP eps=0.5,neg_entropy,0.022539339047347912,0.02125
0,DP eps=0.5,neg_entropy,0.024118646996409972,0.021666666666666667
0,DP eps=0.5,neg_entropy,0.02580861540418074,0.023333333333333334
0,DP eps=0.5,neg_entropy,0.02761699813343848,0.025833333333333333
0,DP eps=0.5,neg_entropy,0.029552092352028863,0.029166666666666667
0,DP eps=0.5,neg_entropy,0.03162277660168379,0.034166666666666665
0,DP eps=0.5,neg_entropy,0.033838551534282335,0.03625
0,DP eps=0.5,neg_entropy,0.03620958350245917,0.03916666666666667
0,DP eps=0.5,neg_entropy,0.03874675120456132,0.041666666666666664
0,DP eps=0.5,neg_entropy,0.04146169559796819,0.04833333333333333
0,DP eps=0.5,neg_entropy,0.044366873309786115,0.050416666666666665
0,DP eps=0.5,neg_entropy,0.047475613789974204,0.05375
0,DP eps=0.5,neg_entropy,0.05080218046913023,0.0575
0,DP eps=0.5,neg_entropy,0.05436183620153837,0.05875
0,DP eps=0.5,neg_entropy,0.058170913293743576,0.06541666666666666
0,DP eps=0.5,neg_entropy,0.0622468884399544,0.06708333333333333
0,DP eps=0.5,neg_entropy,0.06660846290809161,0.07041666666666667
0,DP eps=0.5,neg_entropy,0.07127564834438914,0.075
0,DP eps=0.5,neg_entropy,0.07626985859023444,0.08166666666666667
0,DP eps=0.5,neg_entropy,0.08161400793251826,0.08833333333333333
0,DP eps=0.5,neg_entropy,0.08733261623828428,0.09291666666666666
0,DP eps=0.5,neg_entropy,0.09345192145605374,0.09791666666666667
0,DP eps=0.5,neg_entropy,0.1,0.1075
0,DP eps=0.5,neg_entropy,0.10700689556931746,0.11125
0,DP eps=0.5,neg_entropy,0.11450475699382812,0.11791666666666667
0,DP eps=0.5,neg_entropy,0.12252798573828651,0.12625
0,DP eps=0.5,neg_entropy,0.13111339374215644,0.13333333333333333
0,DP eps=0.5,neg_entropy,0.14030037231905734,0.14291666666666666
0,DP eps=0.5,neg_entropy,0.15013107289081729,0.15208333333333332
0,DP eps=0.5,neg_entropy,0.16065060038537288,0.16166666666666665
0,DP eps=0.5,neg_entropy,0.17190722018585747,0.17166666666666666
0,DP eps=0.5,neg_entropy,0.18395257958039712,0.18083333333333335
0,DP eps=0.5,neg_entropy,0.19684194472866112,0.19375
0,DP eps=0.5,neg_entropy,0.210634454232412,0.21125
0,DP eps=0.5,neg_entropy,0.22539339047347912,0.22791666666666666
0,DP eps=0.5,neg_entropy,0.24118646996409973,0.24583333333333332
0,DP eps=0.5,neg_entropy,0.2580861540418074,0.25875
0,DP eps=0.5,neg_entropy,0.27616998133438464,0.2758333333333333
0,DP eps=0.5,neg_entropy,0.2955209235202888,0.2866666666666667
0,DP eps=0.5,neg_entropy,0.31622776601683794,0.30875
0,DP eps=0.5,neg_entropy,0.33838551534282335,0.32666666666666666
0,DP eps=0.5,neg_entropy,0.36209583502459164,0.3566666666666667
0,DP eps=0.5,neg_entropy,0.3874675120456132,0.3825
0,DP eps=0.5,neg_entropy,0.4146169559796819,0.3975
0,DP eps=0.5,neg_entropy,0.44366873309786115,0.4275
0,DP eps=0.5,neg_entropy,0.474756137899742,0.46125
0,DP eps=0.5,neg_entropy,0.5080218046913023,0.49291666666666667
0,DP eps=0.5,neg_entropy,0.5436183620153837,0.5204166666666666
0,DP eps=0.5,neg_entropy,0.5817091329374358,0.5766666666666667
0,DP eps=0.5,neg_entropy,0.622468884399544,0.6170833333333333
0,DP eps=0.5,neg_entropy,0.6660846290809154,0.6529166666666667
0,DP eps=0.5,neg_entropy,0.7127564834438914,0.6995833333333333
0,DP eps=0.5,neg_entropy,0.7626985859023444,0.7525
0,DP eps=0.5,neg_entropy,0.8161400793251826,0.8141666666666667
0,DP eps=0.5,neg_entropy,0.8733261623828429,0.8745833333333334
0,DP eps=0.5,neg_entropy,0.9345192145605374,0.92375
0,DP eps=0.5,neg_entropy,1.0,1.0
0,DP eps=0.5,yeom_neg_loss,0.00031622776601683794,0.0
0,DP eps=0.5,yeom_neg_loss,0.00033838551534282334,0.0
0,DP eps=0.5,yeom_neg_loss,0.0003620958350245917,0.0
0,DP eps=0.5,yeom_neg_loss,0.0003874675120456132,0.0
0,DP eps=0.5,yeom_neg_loss,0.0004146169559796819,0.0
0,DP eps=0.5,yeom_neg_loss,0.0004436687330978611,0.0
0,DP eps=0.5,yeom_neg_loss,0.00047475613789974203,0.0
0,DP eps=0.5,yeom_neg_loss,0.0005080218046913023,0.0
0,DP eps=0.5,yeom_neg_loss,0.0005436183620153838,0.0
0,DP eps=0.5,yeom_neg_loss,0.0005817091329374358,0.0
0,DP eps=0.5,yeom_neg_loss,0.000622468884399544,0.0
0,DP eps=0.5,yeom_neg_loss,0.0006660846290809161,0.0
0,DP eps=0.5,yeom_neg_loss,0.0007127564834438914,0.0004166666666666667
0,DP eps=0.5,yeom_neg_loss,0.0007626985859023443,0.0004166666666666667
0,DP eps=0.5,yeom_neg_loss,0.0008161400793251826,0.0004166666666666667
0,DP eps=0.5,yeom_neg_loss,0.0008733261623828437,0.0004166666666666667
0,DP eps=0.5,yeom_neg_loss,0.0009345192145605374,0.0004166666666666667
0,DP eps=0.5,yeom_neg_loss,0.001,0.0004166666666666667
0,DP eps=0.5,yeom_neg_loss,0.0010700689556931745,0.0004166666666666667
0,DP eps=0.5,yeom_neg_loss,0.0011450475699382812,0.0004166666666666667
0,DP eps=0.5,yeom_neg_loss,0.0012252798573828651,0.0004166666666666667
0,DP eps=0.5,yeom_neg_loss,0.0013111339374215643,0.0004166666666666667
0,DP eps=0.5,yeom_neg_loss,0.0014030037231905735,0.0008333333333333334
0,DP eps=0.5,yeom_neg_loss,0.0015013107289081743,0.0008333333333333334
0,DP eps=0.5,yeom_neg_loss,0.0016065060038537287,0.0008333333333333334
0,DP eps=0.5,yeom_neg_loss,0.0017190722018585747,0.00125
0,DP eps=0.5,yeom_neg_loss,0.0018395257958039712,0.00125
0,DP eps=0.5,yeom_neg_loss,0.0019684194472866113,0.00125
0,DP eps=0.5,yeom_neg_loss,0.00210634454232412,0.00125
0,DP eps=0.5,yeom_neg_loss,0.002253933904734791,0.00125
0,DP eps=0.5,yeom_neg_loss,0.002411864699640997,0.00125
0,DP eps=0.5,yeom_neg_loss,0.0025808615404180743,0.00125
0,DP eps=0.5,yeom_neg_loss,0.002761699813343849,0.00125
0,DP eps=0.5,yeom_neg_loss,0.002955209235202888,0.00125
0,DP eps=0.5,yeom_neg_loss,0.0031622776601683794,0.002916666666666667
0,DP eps=0.5,yeom_neg_loss,0.003383855153428233,0.002916666666666667
0,DP eps=0.5,yeom_neg_loss,0.0036209583502459165,0.002916666666666667
0,DP eps=0.5,yeom_neg_loss,0.0038746751204561283,0.002916666666666667
0,DP eps=0.5,yeom_neg_loss,0.004146169559796819,0.004166666666666667
0,DP eps=0.5,yeom_neg_loss,0.004436687330978612,0.004583333333333333
0,DP eps=0.5,yeom_neg_loss,0.004747561378997425,0.004583333333333333
0,DP eps=0.5,yeom_neg_loss,0.005080218046913023,0.00625
0,DP eps=0.5,yeom_neg_loss,0.005436183620153837,0.00625
0,DP eps=0.5,yeom_neg_loss,0.005817091329374358,0.00625
0,DP eps=0.5,yeom_neg_loss,0.006224688843995439,0.00625
0,DP eps=0.5,yeom_neg_loss,0.006660846290809154,0.008333333333333333
0,DP eps=0.5,yeom_neg_loss,0.007127564834438914,0.009166666666666667
0,DP eps=0.5,yeom_neg_loss,0.007626985859023444,0.009166666666666667
0,DP eps=0.5,yeom_neg_loss,0.008161400793251826,0.009166666666666667
0,DP eps=0.5,yeom_neg_loss,0.008733261623828438,0.009583333333333333
0,DP eps=0.5,yeom_neg_loss,0.009345192145605374,0.010416666666666666
0,DP eps=0.5,yeom_neg_loss,0.01,0.010416666666666666
0,DP eps=0.5,yeom_neg_loss,0.010700689556931747,0.010416666666666666
0,DP eps=0.5,yeom_neg_loss,0.011450475699382817,0.010416666666666666
0,DP eps=0.5,yeom_neg_loss,0.012252798573828645,0.010416666666666666
0,DP eps=0.5,yeom_neg_loss,0.013111339374215644,0.0125
0,DP eps=0.5,yeom_neg_loss,0.014030037231905735,0.013333333333333334
0,DP eps=0.5,yeom_neg_loss,0.015013107289081735,0.014583333333333334
0,DP eps=0.5,yeom_neg_loss,0.01606506003853728,0.015
0,DP eps=0.5,yeom_neg_loss,0.017190722018585746,0.015833333333333335
0,DP eps=0.5,yeom_neg_loss,0.01839525795803971,0.017916666666666668
0,DP eps=0.5,yeom_neg_loss,0.019684194472866123,0.019583333333333335
0,DP eps=0.5,yeom_neg_loss,0.02106344542324121,0.02
0,DP eps=0.5,yeom_neg_loss,0.022539339047347912,0.020416666666666666
0,DP eps=0.5,yeom_neg_loss,0.024118646996409972,0.021666666666666667
0,DP eps=0.5,yeom_neg_loss,0.02580861540418074,0.02375
0,DP eps=0.5,yeom_neg_loss,0.02761699813343848,0.025416666666666667
0,DP eps=0.5,yeom_neg_loss,0.029552092352028863,0.03166666666666667
0,DP eps=0.5,yeom_neg_loss,0.03162277660168379,0.03375
0,DP eps=0.5,yeom_neg_loss,0.033838551534282335,0.03625
0,DP eps=0.5,yeom_neg_loss,0.03620958350245917,0.0375
0,DP eps=0.5,yeom_neg_loss,0.03874675120456132,0.04583333333333333
0,DP eps=0.5,yeom_neg_loss,0.04146169559796819,0.04666666666666667
0,DP eps=0.5,yeom_neg_loss,0.044366873309786115,0.05
0,DP eps=0.5,yeom_neg_loss,0.047475613789974204,0.05416666666666667
0,DP eps=0.5,yeom_neg_loss,0.05080218046913023,0.055
0,DP eps=0.5,yeom_neg_loss,0.05436183620153837,0.060833333333333336
0,DP eps=0.5,yeom_neg_loss,0.058170913293743576,0.06416666666666666
0,DP eps=0.5,yeom_neg_loss,0.0622468884399544,0.06666666666666667
0,DP eps=0.5,yeom_neg_loss,0.06660846290809161,0.07083333333333333
0,DP eps=0.5,yeom_neg_loss,0.07127564834438914,0.07541666666666667
0,DP eps=0.5,yeom_neg_loss,0.07626985859023444,0.08333333333333333
0,DP eps=0.5,yeom_neg_loss,0.08161400793251826,0.08625
0,DP eps=0.5,yeom_neg_loss,0.08733261623828428,0.09291666666666666
0,DP eps=0.5,yeom_neg_loss,0.09345192145605374,0.09875
0,DP eps=0.5,yeom_neg_loss,0.1,0.10541666666666667
0,DP eps=0.5,yeom_neg_loss,0.10700689556931746,0.11208333333333333
0,DP eps=0.5,yeom_neg_loss,0.11450475699382812,0.12
0,DP eps=0.5,yeom_neg_loss,0.12252798573828651,0.12708333333333333
0,DP eps=0.5,yeom_neg_loss,0.13111339374215644,0.13583333333333333
0,DP eps=0.5,yeom_neg_loss,0.14030037231905734,0.14458333333333334
0,DP eps=0.5,yeom_neg_loss,0.15013107289081729,0.15291666666666667
0,DP eps=0.5,yeom_neg_loss,0.16065060038537288,0.16333333333333333
0,DP eps=0.5,yeom_neg_loss,0.17190722018585747,0.17166666666666666
0,DP eps=0.5,yeom_neg_loss,0.18395257958039712,0.18333333333333332
0,DP eps=0.5,yeom_neg_loss,0.19684194472866112,0.2
0,DP eps=0.5,yeom_neg_loss,0.210634454232412,0.21666666666666667
0,DP eps=0.5,yeom_neg_loss,0.22539339047347912,0.23416666666666666
0,DP eps=0.5,yeom_neg_loss,0.24118646996409973,0.24333333333333335
0,DP eps=0.5,yeom_neg_loss,0.2580861540418074,0.2579166666666667
0,DP eps=0.5,yeom_neg_loss,0.27616998133438464,0.27458333333333335
0,DP eps=0.5,yeom_neg_loss,0.2955209235202888,0.29291666666666666
0,DP eps=0.5,yeom_neg_loss,0.31622776601683794,0.3120833333333333
0,DP eps=0.5,yeom_neg_loss,0.33838551534282335,0.33791666666666664
0,DP eps=0.5,yeom_neg_loss,0.36209583502459164,0.35375
0,DP eps=0.5,yeom_neg_loss,0.3874675120456132,0.375
0,DP eps=0.5,yeom_neg_loss,0.4146169559796819,0.4058333333333333
0,DP eps=0.5,yeom_neg_loss,0.44366873309786115,0.43416666666666665
0,DP eps=0.5,yeom_neg_loss,0.474756137899742,0.4658333333333333
0,DP eps=0.5,yeom_neg_loss,0.5080218046913023,0.5133333333333333
0,DP eps=0.5,yeom_neg_loss,0.5436183620153837,0.5458333333333333
0,DP eps=0.5,yeom_neg_loss,0.5817091329374358,0.5816666666666667
0,DP eps=0.5,yeom_neg_loss,0.622468884399544,0.6270833333333333
0,DP eps=0.5,yeom_neg_loss,0.6660846290809154,0.6720833333333334
0,DP eps=0.5,yeom_neg_loss,0.7127564834438914,0.7154166666666667
0,DP eps=0.5,yeom_neg_loss,0.7626985859023444,0.7733333333333333
0,DP eps=0.5,yeom_neg_loss,0.8161400793251826,0.82125
0,DP eps=0.5,yeom_neg_loss,0.8733261623828429,0.8854166666666666
0,DP eps=0.5,yeom_neg_loss,0.9345192145605374,0.94
0,DP eps=0.5,yeom_neg_loss,1.0,1.0
0,DP eps=0.5,modified_entropy,0.00031622776601683794,0.0
0,DP eps=0.5,modified_entropy,0.00033838551534282334,0.0
0,DP eps=0.5,modified_entropy,0.0003620958350245917,0.0
0,DP eps=0.5,modified_entropy,0.0003874675120456132,0.0
0,DP eps=0.5,modified_entropy,0.0004146169559796819,0.0
0,DP eps=0.5,modified_entropy,0.0004436687330978611,0.0
0,DP eps=0.5,modified_entropy,0.00047475613789974203,0.0
0,DP eps=0.5,modified_entropy,0.0005080218046913023,0.0
0,DP eps=0.5,modified_entropy,0.0005436183620153838,0.0
0,DP eps=0.5,modified_entropy,0.0005817091329374358,0.0
0,DP eps=0.5,modified_entropy,0.000622468884399544,0.0
0,DP eps=0.5,modified_entropy,0.0006660846290809161,0.0
0,DP eps=0.5,modified_entropy,0.0007127564834438914,0.0004166666666666667
0,DP eps=0.5,modified_entropy,0.0007626985859023443,0.0004166666666666667
0,DP eps=0.5,modified_entropy,0.0008161400793251826,0.0004166666666666667
0,DP eps=0.5,modified_entropy,0.0008733261623828437,0.0004166666666666667
0,DP eps=0.5,modified_entropy,0.0009345192145605374,0.0004166666666666667
0,DP eps=0.5,modified_entropy,0.001,0.0004166666666666667
0,DP eps=0.5,modified_entropy,0.0010700689556931745,0.0004166666666666667
0,DP eps=0.5,modified_entropy,0.0011450475699382812,0.0004166666666666667
0,DP eps=0.5,modified_entropy,0.0012252798573828651,0.0004166666666666667
0,DP eps=0.5,modified_entropy,0.0013111339374215643,0.0004166666666666667
0,DP eps=0.5,modified_entropy,0.0014030037231905735,0.0008333333333333334
0,DP eps=0.5,modified_entropy,0.0015013107289081743,0.0008333333333333334
0,DP eps=0.5,modified_entropy,0.0016065060038537287,0.0008333333333333334
0,DP eps=0.5,modified_entropy,0.0017190722018585747,0.00125
0,DP eps=0.5,modified_entropy,0.0018395257958039712,0.00125
0,DP eps=0.5,modified_entropy,0.0019684194472866113,0.00125
0,DP eps=0.5,modified_entropy,0.00210634454232412,0.00125
0,DP eps=0.5,modified_entropy,0.002253933904734791,0.00125
0,DP eps=0.5,modified_entropy,0.002411864699640997,0.00125
0,DP eps=0.5,modified_entropy,0.0025808615404180743,0.00125
0,DP eps=0.5,modified_entropy,0.002761699813343849,0.00125
0,DP eps=0.5,modified_entropy,0.002955209235202888,0.00125
0,DP eps=0.5,modified_entropy,0.0031622776601683794,0.002916666666666667
0,DP eps=0.5,modified_entropy,0.003383855153428233,0.002916666666666667
0,DP eps=0.5,modified_entropy,0.0036209583502459165,0.002916666666666667
0,DP eps=0.5,modified_entropy,0.0038746751204561283,0.002916666666666667
0,DP eps=0.5,modified_entropy,0.004146169559796819,0.004166666666666667
0,DP eps=0.5,modified_entropy,0.004436687330978612,0.004583333333333333
0,DP eps=0.5,modified_entropy,0.004747561378997425,0.004583333333333333
0,DP eps=0.5,modified_entropy,0.005080218046913023,0.00625
0,DP eps=0.5,modified_entropy,0.005436183620153837,0.00625
0,DP eps=0.5,modified_entropy,0.005817091329374358,0.00625
0,DP eps=0.5,modified_entropy,0.006224688843995439,0.00625
0,DP eps=0.5,modified_entropy,0.006660846290809154,0.008333333333333333
0,DP eps=0.5,modified_entropy,0.007127564834438914,0.009166666666666667
0,DP eps=0.5,modified_entropy,0.007626985859023444,0.009166666666666667
0,DP eps=0.5,modified_entropy,0.008161400793251826,0.009166666666666667
0,DP eps=0.5,modified_entropy,0.008733261623828438,0.009583333333333333
0,DP eps=0.5,modified_entropy,0.009345192145605374,0.010416666666666666
0,DP eps=0.5,modified_entropy,0.01,0.010416666666666666
0,DP eps=0.5,modified_entropy,0.010700689556931747,0.010416666666666666
0,DP eps=0.5,modified_entropy,0.011450475699382817,0.010416666666666666
0,DP eps=0.5,modified_entropy,0.012252798573828645,0.010416666666666666
0,DP eps=0.5,modified_entropy,0.013111339374215644,0.0125
0,DP eps=0.5,modified_entropy,0.014030037231905735,0.013333333333333334
0,DP eps=0.5,modified_entropy,0.015013107289081735,0.014583333333333334
0,DP eps=0.5,modified_entropy,0.01606506003853728,0.015
0,DP eps=0.5,modified_entropy,0.017190722018585746,0.015833333333333335
0,DP eps=0.5,modified_entropy,0.01839525795803971,0.017916666666666668
0,DP eps=0.5,modified_entropy,0.019684194472866123,0.019583333333333335
0,DP eps=0.5,modified_entropy,0.02106344542324121,0.02
0,DP eps=0.5,modified_entropy,0.022539339047347912,0.020416666666666666
0,DP eps=0.5,modified_entropy,0.024118646996409972,0.021666666666666667
0,DP eps=0.5,modified_entropy,0.02580861540418074,0.02375
0,DP eps=0.5,modified_entropy,0.02761699813343848,0.025416666666666667
0,DP eps=0.5,modified_entropy,0.029552092352028863,0.03166666666666667
0,DP eps=0.5,modified_entropy,0.03162277660168379,0.03375
0,DP eps=0.5,modified_entropy,0.033838551534282335,0.03625
0,DP eps=0.5,modified_entropy,0.03620958350245917,0.0375
0,DP eps=0.5,modified_entropy,0.03874675120456132,0.04583333333333333
0,DP eps=0.5,modified_entropy,0.04146169559796819,0.04666666666666667
0,DP eps=0.5,modified_entropy,0.044366873309786115,0.05
0,DP eps=0.5,modified_entropy,0.047475613789974204,0.05416666666666667
0,DP eps=0.5,modified_entropy,0.05080218046913023,0.055
0,DP eps=0.5,modified_entropy,0.05436183620153837,0.060833333333333336
0,DP eps=0.5,modified_entropy,0.058170913293743576,0.06416666666666666
0,DP eps=0.5,modified_entropy,0.0622468884399544,0.06666666666666667
0,DP eps=0.5,modified_entropy,0.06660846290809161,0.07083333333333333
0,DP eps=0.5,modified_entropy,0.07127564834438914,0.07541666666666667
0,DP eps=0.5,modified_entropy,0.07626985859023444,0.08333333333333333
0,DP eps=0.5,modified_entropy,0.08161400793251826,0.08625
0,DP eps=0.5,modified_entropy,0.08733261623828428,0.09291666666666666
0,DP eps=0.5,modified_entropy,0.09345192145605374,0.09875
0,DP eps=0.5,modified_entropy,0.1,0.10541666666666667
0,DP eps=0.5,modified_entropy,0.10700689556931746,0.11208333333333333
0,DP eps=0.5,modified_entropy,0.11450475699382812,0.12
0,DP eps=0.5,modified_entropy,0.12252798573828651,0.12708333333333333
0,DP eps=0.5,modified_entropy,0.13111339374215644,0.13583333333333333
0,DP eps=0.5,modified_entropy,0.14030037231905734,0.14458333333333334
0,DP eps=0.5,modified_entropy,0.15013107289081729,0.15291666666666667
0,DP eps=0.5,modified_entropy,0.16065060038537288,0.16333333333333333
0,DP eps=0.5,modified_entropy,0.17190722018585747,0.17166666666666666
0,DP eps=0.5,modified_entropy,0.18395257958039712,0.18333333333333332
0,DP eps=0.5,modified_entropy,0.19684194472866112,0.2
0,DP eps=0.5,modified_entropy,0.210634454232412,0.21666666666666667
0,DP eps=0.5,modified_entropy,0.22539339047347912,0.23416666666666666
0,DP eps=0.5,modified_entropy,0.24118646996409973,0.24333333333333335
0,DP eps=0.5,modified_entropy,0.2580861540418074,0.2579166666666667
0,DP eps=0.5,modified_entropy,0.27616998133438464,0.27458333333333335
0,DP eps=0.5,modified_entropy,0.2955209235202888,0.29291666666666666
0,DP eps=0.5,modified_entropy,0.31622776601683794,0.3120833333333333
0,DP eps=0.5,modified_entropy,0.33838551534282335,0.33791666666666664
0,DP eps=0.5,modified_entropy,0.36209583502459164,0.35375
0,DP eps=0.5,modified_entropy,0.3874675120456132,0.375
0,DP eps=0.5,modified_entropy,0.4146169559796819,0.4058333333333333
0,DP eps=0.5,modified_entropy,0.44366873309786115,0.43416666666666665
0,DP eps=0.5,modified_entropy,0.474756137899742,0.4658333333333333
0,DP eps=0.5,modified_entropy,0.5080218046913023,0.5133333333333333
0,DP eps=0.5,modified_entropy,0.5436183620153837,0.5458333333333333
0,DP eps=0.5,modified_entropy,0.5817091329374358,0.5816666666666667
0,DP eps=0.5,modified_entropy,0.622468884399544,0.6270833333333333
0,DP eps=0.5,modified_entropy,0.6660846290809154,0.6720833333333334
0,DP eps=0.5,modified_entropy,0.7127564834438914,0.7154166666666667
0,DP eps=0.5,modified_entropy,0.7626985859023444,0.7733333333333333
0,DP eps=0.5,modified_entropy,0.8161400793251826,0.82125
0,DP eps=0.5,modified_entropy,0.8733261623828429,0.8854166666666666
0,DP eps=0.5,modified_entropy,0.9345192145605374,0.94
0,DP eps=0.5,modified_entropy,1.0,1.0
0,DP eps=0.5,class_calibrated_loss,0.00031622776601683794,0.0
0,DP eps=0.5,class_calibrated_loss,0.00033838551534282334,0.0020833333333333333
0,DP eps=0.5,class_calibrated_loss,0.0003620958350245917,0.0020833333333333333
0,DP eps=0.5,class_calibrated_loss,0.0003874675120456132,0.0020833333333333333
0,DP eps=0.5,class_calibrated_loss,0.0004146169559796819,0.0020833333333333333
0,DP eps=0.5,class_calibrated_loss,0.0004436687330978611,0.0020833333333333333
0,DP eps=0.5,class_calibrated_loss,0.00047475613789974203,0.0020833333333333333
0,DP eps=0.5,class_calibrated_loss,0.0005080218046913023,0.0020833333333333333
0,DP eps=0.5,class_calibrated_loss,0.0005436183620153838,0.0020833333333333333
0,DP eps=0.5,class_calibrated_loss,0.0005817091329374358,0.0020833333333333333
0,DP eps=0.5,class_calibrated_loss,0.000622468884399544,0.0020833333333333333
0,DP eps=0.5,class_calibrated_loss,0.0006660846290809161,0.0020833333333333333
0,DP eps=0.5,class_calibrated_loss,0.0007127564834438914,0.0020833333333333333
0,DP eps=0.5,class_calibrated_loss,0.0007626985859023443,0.0020833333333333333
0,DP eps=0.5,class_calibrated_loss,0.0008161400793251826,0.0020833333333333333
0,DP eps=0.5,class_calibrated_loss,0.0008733261623828437,0.0020833333333333333
0,DP eps=0.5,class_calibrated_loss,0.0009345192145605374,0.0020833333333333333
0,DP eps=0.5,class_calibrated_loss,0.001,0.0025
0,DP eps=0.5,class_calibrated_loss,0.0010700689556931745,0.0025
0,DP eps=0.5,class_calibrated_loss,0.0011450475699382812,0.0025
0,DP eps=0.5,class_calibrated_loss,0.0012252798573828651,0.0025
0,DP eps=0.5,class_calibrated_loss,0.0013111339374215643,0.0025
0,DP eps=0.5,class_calibrated_loss,0.0014030037231905735,0.0025
0,DP eps=0.5,class_calibrated_loss,0.0015013107289081743,0.0025
0,DP eps=0.5,class_calibrated_loss,0.0016065060038537287,0.0025
0,DP eps=0.5,class_calibrated_loss,0.0017190722018585747,0.002916666666666667
0,DP eps=0.5,class_calibrated_loss,0.0018395257958039712,0.002916666666666667
0,DP eps=0.5,class_calibrated_loss,0.0019684194472866113,0.002916666666666667
0,DP eps=0.5,class_calibrated_loss,0.00210634454232412,0.00375
0,DP eps=0.5,class_calibrated_loss,0.002253933904734791,0.00375
0,DP eps=0.5,class_calibrated_loss,0.002411864699640997,0.004583333333333333
0,DP eps=0.5,class_calibrated_loss,0.0025808615404180743,0.004583333333333333
0,DP eps=0.5,class_calibrated_loss,0.002761699813343849,0.004583333333333333
0,DP eps=0.5,class_calibrated_loss,0.002955209235202888,0.004583333333333333
0,DP eps=0.5,class_calibrated_loss,0.0031622776601683794,0.004583333333333333
0,DP eps=0.5,class_calibrated_loss,0.003383855153428233,0.004583333333333333
0,DP eps=0.5,class_calibrated_loss,0.0036209583502459165,0.004583333333333333
0,DP eps=0.5,class_calibrated_loss,0.0038746751204561283,0.004583333333333333
0,DP eps=0.5,class_calibrated_loss,0.004146169559796819,0.005
0,DP eps=0.5,class_calibrated_loss,0.004436687330978612,0.005
0,DP eps=0.5,class_calibrated_loss,0.004747561378997425,0.005
0,DP eps=0.5,class_calibrated_loss,0.005080218046913023,0.007083333333333333
0,DP eps=0.5,class_calibrated_loss,0.005436183620153837,0.007083333333333333
0,DP eps=0.5,class_calibrated_loss,0.005817091329374358,0.007083333333333333
0,DP eps=0.5,class_calibrated_loss,0.006224688843995439,0.007083333333333333
0,DP eps=0.5,class_calibrated_loss,0.006660846290809154,0.007083333333333333
0,DP eps=0.5,class_calibrated_loss,0.007127564834438914,0.007916666666666667
0,DP eps=0.5,class_calibrated_loss,0.007626985859023444,0.008333333333333333
0,DP eps=0.5,class_calibrated_loss,0.008161400793251826,0.009583333333333333
0,DP eps=0.5,class_calibrated_loss,0.008733261623828438,0.010833333333333334
0,DP eps=0.5,class_calibrated_loss,0.009345192145605374,0.011666666666666667
0,DP eps=0.5,class_calibrated_loss,0.01,0.012083333333333333
0,DP eps=0.5,class_calibrated_loss,0.010700689556931747,0.0125
0,DP eps=0.5,class_calibrated_loss,0.011450475699382817,0.013333333333333334
0,DP eps=0.5,class_calibrated_loss,0.012252798573828645,0.01375
0,DP eps=0.5,class_calibrated_loss,0.013111339374215644,0.016666666666666666
0,DP eps=0.5,class_calibrated_loss,0.014030037231905735,0.016666666666666666
0,DP eps=0.5,class_calibrated_loss,0.015013107289081735,0.019166666666666665
0,DP eps=0.5,class_calibrated_loss,0.01606506003853728,0.020416666666666666
0,DP eps=0.5,class_calibrated_loss,0.017190722018585746,0.02125
0,DP eps=0.5,class_calibrated_loss,0.01839525795803971,0.0225
0,DP eps=0.5,class_calibrated_loss,0.019684194472866123,0.02375
0,DP eps=0.5,class_calibrated_loss,0.02106344542324121,0.027083333333333334
0,DP eps=0.5,class_calibrated_loss,0.022539339047347912,0.028333333333333332
0,DP eps=0.5,class_calibrated_loss,0.024118646996409972,0.03125
0,DP eps=0.5,class_calibrated_loss,0.02580861540418074,0.032916666666666664
0,DP eps=0.5,class_calibrated_loss,0.02761699813343848,0.035416666666666666
0,DP eps=0.5,class_calibrated_loss,0.029552092352028863,0.03791666666666667
0,DP eps=0.5,class_calibrated_loss,0.03162277660168379,0.04041666666666666
0,DP eps=0.5,class_calibrated_loss,0.033838551534282335,0.0425
0,DP eps=0.5,class_calibrated_loss,0.03620958350245917,0.04375
0,DP eps=0.5,class_calibrated_loss,0.03874675120456132,0.04666666666666667
0,DP eps=0.5,class_calibrated_loss,0.04146169559796819,0.04958333333333333
0,DP eps=0.5,class_calibrated_loss,0.044366873309786115,0.05458333333333333
0,DP eps=0.5,class_calibrated_loss,0.047475613789974204,0.056666666666666664
0,DP eps=0.5,class_calibrated_loss,0.05080218046913023,0.059166666666666666
0,DP eps=0.5,class_calibrated_loss,0.05436183620153837,0.0625
0,DP eps=0.5,class_calibrated_loss,0.058170913293743576,0.06666666666666667
0,DP eps=0.5,class_calibrated_loss,0.0622468884399544,0.07125
0,DP eps=0.5,class_calibrated_loss,0.06660846290809161,0.07583333333333334
0,DP eps=0.5,class_calibrated_loss,0.07127564834438914,0.08041666666666666
0,DP eps=0.5,class_calibrated_loss,0.07626985859023444,0.08375
0,DP eps=0.5,class_calibrated_loss,0.08161400793251826,0.08708333333333333
0,DP eps=0.5,class_calibrated_loss,0.08733261623828428,0.09208333333333334
0,DP eps=0.5,class_calibrated_loss,0.09345192145605374,0.09833333333333333
0,DP eps=0.5,class_calibrated_loss,0.1,0.10791666666666666
0,DP eps=0.5,class_calibrated_loss,0.10700689556931746,0.11666666666666667
0,DP eps=0.5,class_calibrated_loss,0.11450475699382812,0.12291666666666666
0,DP eps=0.5,class_calibrated_loss,0.12252798573828651,0.13
0,DP eps=0.5,class_calibrated_loss,0.13111339374215644,0.14041666666666666
0,DP eps=0.5,class_calibrated_loss,0.14030037231905734,0.15375
0,DP eps=0.5,class_calibrated_loss,0.15013107289081729,0.16083333333333333
0,DP eps=0.5,class_calibrated_loss,0.16065060038537288,0.17666666666666667
0,DP eps=0.5,class_calibrated_loss,0.17190722018585747,0.18875
0,DP eps=0.5,class_calibrated_loss,0.18395257958039712,0.205
0,DP eps=0.5,class_calibrated_loss,0.19684194472866112,0.215
0,DP eps=0.5,class_calibrated_loss,0.210634454232412,0.22541666666666665
0,DP eps=0.5,class_calibrated_loss,0.22539339047347912,0.24375
0,DP eps=0.5,class_calibrated_loss,0.24118646996409973,0.26125
0,DP eps=0.5,class_calibrated_loss,0.2580861540418074,0.27666666666666667
0,DP eps=0.5,class_calibrated_loss,0.27616998133438464,0.29375
0,DP eps=0.5,class_calibrated_loss,0.2955209235202888,0.30916666666666665
0,DP eps=0.5,class_calibrated_loss,0.31622776601683794,0.3304166666666667
0,DP eps=0.5,class_calibrated_loss,0.33838551534282335,0.35375
0,DP eps=0.5,class_calibrated_loss,0.36209583502459164,0.37875
0,DP eps=0.5,class_calibrated_loss,0.3874675120456132,0.39958333333333335
0,DP eps=0.5,class_calibrated_loss,0.4146169559796819,0.42541666666666667
0,DP eps=0.5,class_calibrated_loss,0.44366873309786115,0.44958333333333333
0,DP eps=0.5,class_calibrated_loss,0.474756137899742,0.48333333333333334
0,DP eps=0.5,class_calibrated_loss,0.5080218046913023,0.5104166666666666
0,DP eps=0.5,class_calibrated_loss,0.5436183620153837,0.5491666666666667
0,DP eps=0.5,class_calibrated_loss,0.5817091329374358,0.5854166666666667
0,DP eps=0.5,class_calibrated_loss,0.622468884399544,0.63125
0,DP eps=0.5,class_calibrated_loss,0.6660846290809154,0.6858333333333333
0,DP eps=0.5,class_calibrated_loss,0.7127564834438914,0.7270833333333333
0,DP eps=0.5,class_calibrated_loss,0.7626985859023444,0.7804166666666666
0,DP eps=0.5,class_calibrated_loss,0.8161400793251826,0.835
0,DP eps=0.5,class_calibrated_loss,0.8733261623828429,0.8895833333333333
0,DP eps=0.5,class_calibrated_loss,0.9345192145605374,0.94125
0,DP eps=0.5,class_calibrated_loss,1.0,1.0
0,DP eps=0.5,learned_ensemble,0.00031622776601683794,0.0
0,DP eps=0.5,learned_ensemble,0.00033838551534282334,6.315227511862522e-06
0,DP eps=0.5,learned_ensemble,0.0003620958350245917,3.595312711407294e-05
0,DP eps=0.5,learned_ensemble,0.0003874675120456132,6.766772339034987e-05
0,DP eps=0.5,learned_ensemble,0.0004146169559796819,0.00010160452830793571
0,DP eps=0.5,learned_ensemble,0.0004436687330978611,0.0001379192497056597
0,DP eps=0.5,learned_ensemble,0.00047475613789974203,0.0001767785057080109
0,DP eps=0.5,learned_ensemble,0.0005080218046913023,0.00021836058919746124
0,DP eps=0.5,learned_ensemble,0.0005436183620153838,0.00026285628585256303
0,DP eps=0.5,learned_ensemble,0.0005817091329374358,0.0003104697495051281
0,DP eps=0.5,learned_ensemble,0.000622468884399544,0.00036141943883276334
0,DP eps=0.5,learned_ensemble,0.0006660846290809161,0.00041593911968447846
0,DP eps=0.5,learned_ensemble,0.0007127564834438914,0.0004742789376381976
0,DP eps=0.5,learned_ensemble,0.0007626985859023443,0.0005367065657112638
0,DP eps=0.5,learned_ensemble,0.0008161400793251826,0.0006035084324898116
0,DP eps=0.5,learned_ensemble,0.0008733261623828437,0.0006749910363118881
0,DP eps=0.5,learned_ensemble,0.0009345192145605374,0.000751482351534005
0,DP eps=0.5,learned_ensemble,0.001,0.0020833333333333333
0,DP eps=0.5,learned_ensemble,0.0010700689556931745,0.002112528731538823
0,DP eps=0.5,learned_ensemble,0.0011450475699382812,0.002143769820807617
0,DP eps=0.5,learned_ensemble,0.0012252798573828651,0.0021771999405761936
0,DP eps=0.5,learned_ensemble,0.0013111339374215643,0.002212972473925652
0,DP eps=0.5,learned_ensemble,0.0014030037231905735,0.0022512515513294054
0,DP eps=0.5,learned_ensemble,0.0015013107289081743,0.002292212803711739
0,DP eps=0.5,learned_ensemble,0.0016065060038537287,0.002336044168272387
0,DP eps=0.5,learned_ensemble,0.0017190722018585747,0.002382946750774406
0,DP eps=0.5,learned_ensemble,0.0018395257958039712,0.0024331357482516545
0,DP eps=0.5,learned_ensemble,0.0019684194472866113,0.0024868414363694216
0,DP eps=0.5,learned_ensemble,0.00210634454232412,0.00263293067790515
0,DP eps=0.5,learned_ensemble,0.002253933904734791,0.0028174173809184886
0,DP eps=0.5,learned_ensemble,0.002411864699640997,0.002978019296594529
0,DP eps=0.5,learned_ensemble,0.0025808615404180743,0.0031100480784516204
0,DP eps=0.5,learned_ensemble,0.002761699813343849,0.0032513279791748823
0,DP eps=0.5,learned_ensemble,0.002955209235202888,0.003402507215002256
0,DP eps=0.5,learned_ensemble,0.0031622776601683794,0.0035642794220065465
0,DP eps=0.5,learned_ensemble,0.003383855153428233,0.003737386838615807
0,DP eps=0.5,learned_ensemble,0.0036209583502459165,0.003922623711129622
0,DP eps=0.5,learned_ensemble,0.0038746751204561283,0.00412083993785635
0,DP eps=0.5,learned_ensemble,0.004146169559796819,0.0043329449685912645
0,DP eps=0.5,learned_ensemble,0.004436687330978612,0.00455991197732704
0,DP eps=0.5,learned_ensemble,0.004747561378997425,0.004802782327341739
0,DP eps=0.5,learned_ensemble,0.005080218046913023,0.005040109023456512
0,DP eps=0.5,learned_ensemble,0.005436183620153837,0.005218091810076918
0,DP eps=0.5,learned_ensemble,0.005817091329374358,0.005408545664687179
0,DP eps=0.5,learned_ensemble,0.006224688843995439,0.00561234442199772
0,DP eps=0.5,learned_ensemble,0.006660846290809154,0.005830423145404577
0,DP eps=0.5,learned_ensemble,0.007127564834438914,0.00625
0,DP eps=0.5,learned_ensemble,0.007626985859023444,0.00625
0,DP eps=0.5,learned_ensemble,0.008161400793251826,0.008434208829115724
0,DP eps=0.5,learned_ensemble,0.008733261623828438,0.009208288514892774
0,DP eps=0.5,learned_ensemble,0.009345192145605374,0.009590745091003359
0,DP eps=0.5,learned_ensemble,0.01,0.01
0,DP eps=0.5,learned_ensemble,0.010700689556931747,0.010439864091847403
0,DP eps=0.5,learned_ensemble,0.011450475699382817,0.01095108191624586
0,DP eps=0.5,learned_ensemble,0.012252798573828645,0.011498120239731652
0,DP eps=0.5,learned_ensemble,0.013111339374215644,0.012083488967268243
0,DP eps=0.5,learned_ensemble,0.014030037231905735,0.012709873870238758
0,DP eps=0.5,learned_ensemble,0.015013107289081735,0.01393632760028927
0,DP eps=0.5,learned_ensemble,0.01606506003853728,0.015497991714838268
0,DP eps=0.5,learned_ensemble,0.017190722018585746,0.016011955976094255
0,DP eps=0.5,learned_ensemble,0.01839525795803971,0.016327405780882973
0,DP eps=0.5,learned_ensemble,0.019684194472866123,0.0198519185004773
0,DP eps=0.5,learned_ensemble,0.02106344542324121,0.022916666666666665
0,DP eps=0.5,learned_ensemble,0.022539339047347912,0.02375
0,DP eps=0.5,learned_ensemble,0.024118646996409972,0.02375
0,DP eps=0.5,learned_ensemble,0.02580861540418074,0.02442384617015062
0,DP eps=0.5,learned_ensemble,0.02761699813343848,0.025725880156986448
0,DP eps=0.5,learned_ensemble,0.029552092352028863,0.028002461590622196
0,DP eps=0.5,learned_ensemble,0.03162277660168379,0.03043856070786329
0,DP eps=0.5,learned_ensemble,0.033838551534282335,0.03208333333333333
0,DP eps=0.5,learned_ensemble,0.03620958350245917,0.034047743407901045
0,DP eps=0.5,learned_ensemble,0.03874675120456132,0.039333509453947195
0,DP eps=0.5,learned_ensemble,0.04146169559796819,0.042083333333333334
0,DP eps=0.5,learned_ensemble,0.044366873309786115,0.04462525830389931
0,DP eps=0.5,learned_ensemble,0.047475613789974204,0.049166666666666664
0,DP eps=0.5,learned_ensemble,0.05080218046913023,0.050772488153655385
0,DP eps=0.5,learned_ensemble,0.05436183620153837,0.05347401259342942
0,DP eps=0.5,learned_ensemble,0.058170913293743576,0.056364830029478015
0,DP eps=0.5,learned_ensemble,0.0622468884399544,0.05936040079810381
0,DP eps=0.5,learned_ensemble,0.06660846290809161,0.0638492012860051
0,DP eps=0.5,learned_ensemble,0.07127564834438914,0.06892228021524321
0,DP eps=0.5,learned_ensemble,0.07626985859023444,0.07308576197083055
0,DP eps=0.5,learned_ensemble,0.08161400793251826,0.0799210118987774
0,DP eps=0.5,learned_ensemble,0.08733261623828428,0.08556695949707549
0,DP eps=0.5,learned_ensemble,0.09345192145605374,0.09308607827055296
0,DP eps=0.5,learned_ensemble,0.1,0.10354166666666667
0,DP eps=0.5,learned_ensemble,0.10700689556931746,0.11292528612831348
0,DP eps=0.5,learned_ensemble,0.11450475699382812,0.12067856989390462
0,DP eps=0.5,learned_ensemble,0.12252798573828651,0.12496532976790496
0,DP eps=0.5,learned_ensemble,0.13111339374215644,0.12862781133823506
0,DP eps=0.5,learned_ensemble,0.14030037231905734,0.13524344338790695
0,DP eps=0.5,learned_ensemble,0.15013107289081729,0.1451638411135216
0,DP eps=0.5,learned_ensemble,0.16065060038537288,0.157321283622363
0,DP eps=0.5,learned_ensemble,0.17190722018585747,0.16585826991658176
0,DP eps=0.5,learned_ensemble,0.18395257958039712,0.1771924641808165
0,DP eps=0.5,learned_ensemble,0.19684194472866112,0.1893208336007697
0,DP eps=0.5,learned_ensemble,0.210634454232412,0.20229902520024007
0,DP eps=0.5,learned_ensemble,0.22539339047347912,0.2161865851318715
0,DP eps=0.5,learned_ensemble,0.24118646996409973,0.2310472318850385
0,DP eps=0.5,learned_ensemble,0.2580861540418074,0.24694914863712503
0,DP eps=0.5,learned_ensemble,0.27616998133438464,0.2678686657365889
0,DP eps=0.5,learned_ensemble,0.2955209235202888,0.2879903067943442
0,DP eps=0.5,learned_ensemble,0.31622776601683794,0.3019484042977414
0,DP eps=0.5,learned_ensemble,0.33838551534282335,0.32140308730056355
0,DP eps=0.5,learned_ensemble,0.36209583502459164,0.34330808263608725
0,DP eps=0.5,learned_ensemble,0.3874675120456132,0.36494224488811966
0,DP eps=0.5,learned_ensemble,0.4146169559796819,0.38809229029644843
0,DP eps=0.5,learned_ensemble,0.44366873309786115,0.4128644352107883
0,DP eps=0.5,learned_ensemble,0.474756137899742,0.4393723384495559
0,DP eps=0.5,learned_ensemble,0.5080218046913023,0.4734490916525837
0,DP eps=0.5,learned_ensemble,0.5436183620153837,0.5105032255166656
0,DP eps=0.5,learned_ensemble,0.5817091329374358,0.5494130585970222
0,DP eps=0.5,learned_ensemble,0.622468884399544,0.588418052749715
0,DP eps=0.5,learned_ensemble,0.6660846290809154,0.6340630398948258
0,DP eps=0.5,learned_ensemble,0.7127564834438914,0.6835546613973142
0,DP eps=0.5,learned_ensemble,0.7626985859023444,0.7400299242834478
0,DP eps=0.5,learned_ensemble,0.8161400793251826,0.7980941127278026
0,DP eps=0.5,learned_ensemble,0.8733261623828429,0.8494015055081185
0,DP eps=0.5,learned_ensemble,0.9345192145605374,0.9231490182006719
0,DP eps=0.5,learned_ensemble,1.0,1.0
