record_id,entity_id,true_label,is_member,predicted_probability,prediction_loss,target_epsilon,actual_epsilon,delta
HA-0001,Hospital A,0,0,0.11520524,0.12239957,0.5,0.498405579905883,1e-05
HA-0002,Hospital A,0,0,0.13109404,0.14052033,0.5,0.498405579905883,1e-05
HA-0003,Hospital A,0,1,0.10187712,0.10744834,0.5,0.498405579905883,1e-05
HA-0004,Hospital A,0,1,0.09850154,0.10369706,0.5,0.498405579905883,1e-05
HA-0005,Hospital A,0,0,0.07468193,0.077617645,0.5,0.498405579905883,1e-05
HA-0006,Hospital A,0,1,0.054941364,0.056508303,0.5,0.498405579905883,1e-05
HA-0007,Hospital A,0,1,0.07742791,0.08058977,0.5,0.498405579905883,1e-05
HA-0008,Hospital A,0,1,0.05423432,0.055760384,0.5,0.498405579905883,1e-05
HA-0009,Hospital A,0,0,0.051895287,0.053290367,0.5,0.498405579905883,1e-05
HA-0010,Hospital A,0,1,0.11179268,0.11855006,0.5,0.498405579905883,1e-05
HA-0011,Hospital A,1,1,0.10932107,2.2134662,0.5,0.498405579905883,1e-05
HA-0012,Hospital A,0,1,0.09643308,0.101405144,0.5,0.498405579905883,1e-05
HA-0013,Hospital A,1,1,0.19058317,1.6576667,0.5,0.498405579905883,1e-05
HA-0014,Hospital A,0,0,0.09510728,0.09993887,0.5,0.498405579905883,1e-05
HA-0015,Hospital A,0,1,0.050265223,0.05157256,0.5,0.498405579905883,1e-05
HA-0016,Hospital A,0,0,0.09919537,0.104466915,0.5,0.498405579905883,1e-05
HA-0017,Hospital A,0,0,0.10038636,0.1057899,0.5,0.498405579905883,1e-05
HA-0018,Hospital A,0,0,0.11482315,0.12196779,0.5,0.498405579905883,1e-05
HA-0019,Hospital A,1,0,0.07977237,2.528578,0.5,0.498405579905883,1e-05
HA-0020,Hospital A,1,0,0.20189418,1.6000115,0.5,0.498405579905883,1e-05
HA-0021,Hospital A,0,0,0.09667654,0.10167456,0.5,0.498405579905883,1e-05
HA-0022,Hospital A,1,1,0.1505152,1.8936913,0.5,0.498405579905883,1e-05
HA-0023,Hospital A,0,0,0.09985742,0.1052022,0.5,0.498405579905883,1e-05
HA-0024,Hospital A,0,0,0.057978828,0.05972743,0.5,0.498405579905883,1e-05
HA-0025,Hospital A,0,0,0.059603244,0.061453342,0.5,0.498405579905883,1e-05
HA-0026,Hospital A,0,0,0.069822036,0.07237935,0.5,0.498405579905883,1e-05
HA-0027,Hospital A,0,0,0.13442603,0.14436245,0.5,0.498405579905883,1e-05
HA-0028,Hospital A,0,0,0.07433625,0.07724428,0.5,0.498405579905883,1e-05
HA-0029,Hospital A,0,1,0.063974954,0.066112995,0.5,0.498405579905883,1e-05
HA-0030,Hospital A,1,1,0.080979325,2.5135615,0.5,0.498405579905883,1e-05
HA-0031,Hospital A,0,0,0.122024395,0.13013637,0.5,0.498405579905883,1e-05
HA-0032,Hospital A,1,0,0.16901335,1.7777776,0.5,0.498405579905883,1e-05
HA-0033,Hospital A,0,1,0.049024872,0.050267458,0.5,0.498405579905883,1e-05
HA-0034,Hospital A,1,1,0.08033728,2.5215216,0.5,0.498405579905883,1e-05
HA-0035,Hospital A,0,0,0.09625631,0.1012094,0.5,0.498405579905883,1e-05
HA-0036,Hospital A,0,1,0.07042186,0.07302451,0.5,0.498405579905883,1e-05
HA-0037,Hospital A,1,1,0.10686427,2.2361956,0.5,0.498405579905883,1e-05
HA-0038,Hospital A,0,0,0.08773596,0.09182572,0.5,0.498405579905883,1e-05
HA-0039,Hospital A,0,1,0.050928548,0.052271128,0.5,0.498405579905883,1e-05
HA-0040,Hospital A,0,1,0.12519181,0.13375068,0.5,0.498405579905883,1e-05
HA-0041,Hospital A,0,1,0.07793496,0.081139565,0.5,0.498405579905883,1e-05
HA-0042,Hospital A,0,1,0.08539473,0.089262724,0.5,0.498405579905883,1e-05
HA-0043,Hospital A,0,1,0.11800431,0.12556815,0.5,0.498405579905883,1e-05
HA-0044,Hospital A,1,1,0.11409272,2.170744,0.5,0.498405579905883,1e-05
HA-0045,Hospital A,0,0,0.07719608,0.08033848,0.5,0.498405579905883,1e-05
HA-0046,Hospital A,0,0,0.08989483,0.09419513,0.5,0.498405579905883,1e-05
HA-0047,Hospital A,1,0,0.19630419,1.6280899,0.5,0.498405579905883,1e-05
HA-0048,Hospital A,1,0,0.111316234,2.1953802,0.5,0.498405579905883,1e-05
HA-0049,Hospital A,0,0,0.1160971,0.12340808,0.5,0.498405579905883,1e-05
HA-0050,Hospital A,0,0,0.1216291,0.12968636,0.5,0.498405579905883,1e-05
HA-0051,Hospital A,0,0,0.10248125,0.10812116,0.5,0.498405579905883,1e-05
HA-0052,Hospital A,0,1,0.09956552,0.10487795,0.5,0.498405579905883,1e-05
HA-0053,Hospital A,1,0,0.086417,2.448571,0.5,0.498405579905883,1e-05
HA-0054,Hospital A,0,0,0.07132083,0.073992014,0.5,0.498405579905883,1e-05
HA-0055,Hospital A,0,0,0.08234558,0.0859344,0.5,0.498405579905883,1e-05
HA-0056,Hospital A,0,0,0.064941235,0.067145824,0.5,0.498405579905883,1e-05
HA-0057,Hospital A,0,1,0.09276664,0.097355604,0.5,0.498405579905883,1e-05
HA-0058,Hospital A,0,1,0.1238467,0.13221431,0.5,0.498405579905883,1e-05
HA-0059,Hospital A,0,0,0.06210142,0.06411338,0.5,0.498405579905883,1e-05
HA-0060,Hospital A,0,0,0.13666466,0.14695203,0.5,0.498405579905883,1e-05
HA-0061,Hospital A,0,1,0.11344115,0.12040782,0.5,0.498405579905883,1e-05
HA-0062,Hospital A,0,0,0.05592966,0.05755472,0.5,0.498405579905883,1e-05
HA-0063,Hospital A,0,1,0.07714349,0.080281496,0.5,0.498405579905883,1e-05
HA-0064,Hospital A,0,0,0.078570254,0.08182883,0.5,0.498405579905883,1e-05
HA-0065,Hospital A,0,1,0.09843737,0.103625774,0.5,0.498405579905883,1e-05
HA-0066,Hospital A,0,0,0.16655606,0.18218887,0.5,0.498405579905883,1e-05
HA-0067,Hospital A,1,1,0.12293716,2.096082,0.5,0.498405579905883,1e-05
HA-0068,Hospital A,1,1,0.078327976,2.5468504,0.5,0.498405579905883,1e-05
HA-0069,Hospital A,0,0,0.1144719,0.121571064,0.5,0.498405579905883,1e-05
HA-0070,Hospital A,0,1,0.10514098,0.11108899,0.5,0.498405579905883,1e-05
HA-0071,Hospital A,1,0,0.12382352,2.088898,0.5,0.498405579905883,1e-05
HA-0072,Hospital A,0,1,0.090465896,0.09482288,0.5,0.498405579905883,1e-05
HA-0073,Hospital A,0,1,0.0968197,0.101833105,0.5,0.498405579905883,1e-05
HA-0074,Hospital A,0,0,0.066162124,0.06845236,0.5,0.498405579905883,1e-05
HA-0075,Hospital A,1,0,0.15635294,1.8556395,0.5,0.498405579905883,1e-05
HA-0076,Hospital A,0,1,0.12380708,0.13216901,0.5,0.498405579905883,1e-05
HA-0077,Hospital A,0,1,0.053567078,0.05505514,0.5,0.498405579905883,1e-05
HA-0078,Hospital A,0,1,0.11080652,0.11744046,0.5,0.498405579905883,1e-05
HA-0079,Hospital A,0,0,0.15757355,0.17146897,0.5,0.498405579905883,1e-05
HA-0080,Hospital A,0,1,0.09447442,0.099239826,0.5,0.498405579905883,1e-05
HA-0081,Hospital A,0,1,0.0922251,0.09675884,0.5,0.498405579905883,1e-05
HA-0082,Hospital A,0,0,0.0866727,0.09066105,0.5,0.498405579905883,1e-05
HA-0083,Hospital A,0,1,0.11913785,0.12685418,0.5,0.498405579905883,1e-05
HA-0084,Hospital A,0,1,0.08574369,0.08964419,0.5,0.498405579905883,1e-05
HA-0085,Hospital A,0,1,0.05997401,0.061847687,0.5,0.498405579905883,1e-05
HA-0086,Hospital A,1,1,0.11143506,2.1943133,0.5,0.498405579905883,1e-05
HA-0087,Hospital A,0,0,0.084074736,0.08782053,0.5,0.498405579905883,1e-05
HA-0088,Hospital A,1,1,0.07788323,2.5525446,0.5,0.498405579905883,1e-05
HA-0089,Hospital A,1,0,0.13306499,2.0169177,0.5,0.498405579905883,1e-05
HA-0090,Hospital A,0,0,0.1720717,0.1888287,0.5,0.498405579905883,1e-05
HA-0091,Hospital A,0,1,0.0750535,0.07801938,0.5,0.498405579905883,1e-05
HA-0092,Hospital A,0,1,0.06927242,0.07178855,0.5,0.498405579905883,1e-05
HA-0093,Hospital A,1,1,0.13373391,2.0119033,0.5,0.498405579905883,1e-05
HA-0094,Hospital A,0,1,0.14335668,0.15473366,0.5,0.498405579905883,1e-05
HA-0095,Hospital A,0,0,0.08190749,0.08545709,0.5,0.498405579905883,1e-05
HA-0096,Hospital A,1,0,0.17256758,1.7569664,0.5,0.498405579905883,1e-05
HA-0097,Hospital A,0,0,0.065520994,0.06776619,0.5,0.498405579905883,1e-05
HA-0098,Hospital A,1,0,0.10073588,2.2952533,0.5,0.498405579905883,1e-05
HA-0099,Hospital A,0,0,0.14679118,0.15875101,0.5,0.498405579905883,1e-05
HA-0100,Hospital A,0,1,0.06047926,0.06238532,0.5,0.498405579905883,1e-05
HA-0101,Hospital A,0,1,0.06895061,0.07144284,0.5,0.498405579905883,1e-05
HA-0102,Hospital A,0,1,0.14053345,0.15144336,0.5,0.498405579905883,1e-05
HA-0103,Hospital A,0,0,0.06868111,0.07115364,0.5,0.498405579905883,1e-05
HA-0104,Hospital A,1,1,0.09755569,2.3273318,0.5,0.498405579905883,1e-05
HA-0105,Hospital A,0,1,0.0755369,0.07854223,0.5,0.498405579905883,1e-05
HA-0106,Hospital A,0,1,0.19441041,0.2161808,0.5,0.498405579905883,1e-05
HA-0107,Hospital A,1,0,0.090771645,2.3994083,0.5,0.498405579905883,1e-05
HA-0108,Hospital A,0,1,0.1302171,0.1395117,0.5,0.498405579905883,1e-05
HA-0109,Hospital A,0,1,0.097628914,0.10272932,0.5,0.498405579905883,1e-05
HA-0110,Hospital A,0,1,0.074498005,0.07741904,0.5,0.498405579905883,1e-05
HA-0111,Hospital A,0,0,0.07587709,0.07891011,0.5,0.498405579905883,1e-05
HA-0112,Hospital A,0,1,0.084438145,0.08821726,0.5,0.498405579905883,1e-05
HA-0113,Hospital A,0,0,0.07136208,0.07403636,0.5,0.498405579905883,1e-05
HA-0114,Hospital A,0,1,0.07673934,0.07984376,0.5,0.498405579905883,1e-05
HA-0115,Hospital A,0,0,0.07662128,0.07971573,0.5,0.498405579905883,1e-05
HA-0116,Hospital A,0,0,0.08597014,0.08989215,0.5,0.498405579905883,1e-05
HA-0117,Hospital A,1,0,0.10259465,2.2769694,0.5,0.498405579905883,1e-05
HA-0118,Hospital A,0,0,0.08341268,0.08709788,0.5,0.498405579905883,1e-05
HA-0119,Hospital A,1,0,0.13218886,2.0235236,0.5,0.498405579905883,1e-05
HA-0120,Hospital A,0,1,0.06867999,0.07115245,0.5,0.498405579905883,1e-05
HA-0121,Hospital A,1,1,0.119424224,2.1250732,0.5,0.498405579905883,1e-05
HA-0122,Hospital A,0,0,0.077150926,0.0802896,0.5,0.498405579905883,1e-05
HA-0123,Hospital A,0,1,0.0739751,0.07685423,0.5,0.498405579905883,1e-05
HA-0124,Hospital A,0,0,0.07124732,0.07391286,0.5,0.498405579905883,1e-05
HA-0125,Hospital A,0,1,0.11701726,0.12444973,0.5,0.498405579905883,1e-05
HA-0126,Hospital A,1,0,0.11360401,2.1750364,0.5,0.498405579905883,1e-05
HA-0127,Hospital A,0,1,0.11831345,0.12591863,0.5,0.498405579905883,1e-05
HA-0128,Hospital A,0,0,0.06898836,0.07148361,0.5,0.498405579905883,1e-05
HA-0129,Hospital A,0,0,0.1019861,0.107569695,0.5,0.498405579905883,1e-05
HA-0130,Hospital A,0,1,0.06979779,0.07235336,0.5,0.498405579905883,1e-05
HA-0131,Hospital A,0,1,0.0834257,0.08711219,0.5,0.498405579905883,1e-05
HA-0132,Hospital A,1,1,0.087317795,2.438201,0.5,0.498405579905883,1e-05
HA-0133,Hospital A,0,0,0.06947444,0.07200575,0.5,0.498405579905883,1e-05
HA-0134,Hospital A,0,0,0.06376266,0.06588626,0.5,0.498405579905883,1e-05
HA-0135,Hospital A,0,1,0.0684792,0.07093668,0.5,0.498405579905883,1e-05
HA-0136,Hospital A,0,0,0.100549206,0.10597086,0.5,0.498405579905883,1e-05
HA-0137,Hospital A,1,0,0.059496872,2.8218315,0.5,0.498405579905883,1e-05
HA-0138,Hospital A,0,1,0.16475464,0.18002975,0.5,0.498405579905883,1e-05
HA-0139,Hospital A,0,1,0.0873744,0.09142947,0.5,0.498405579905883,1e-05
HA-0140,Hospital A,0,0,0.121235065,0.12923789,0.5,0.498405579905883,1e-05
HA-0141,Hospital A,1,1,0.18838267,1.6692798,0.5,0.498405579905883,1e-05
HA-0142,Hospital A,0,1,0.07060857,0.07322526,0.5,0.498405579905883,1e-05
HA-0143,Hospital A,0,1,0.14155845,0.15263665,0.5,0.498405579905883,1e-05
HA-0144,Hospital A,0,1,0.13155358,0.14104927,0.5,0.498405579905883,1e-05
HA-0145,Hospital A,0,0,0.051363338,0.05272937,0.5,0.498405579905883,1e-05
HA-0146,Hospital A,0,1,0.09613107,0.10107088,0.5,0.498405579905883,1e-05
HA-0147,Hospital A,0,0,0.07993954,0.08331585,0.5,0.498405579905883,1e-05
HA-0148,Hospital A,0,0,0.17940776,0.19772899,0.5,0.498405579905883,1e-05
HA-0149,Hospital A,1,0,0.10936144,2.2130969,0.5,0.498405579905883,1e-05
HA-0150,Hospital A,0,0,0.14027268,0.15113997,0.5,0.498405579905883,1e-05
HA-0151,Hospital A,1,1,0.2622639,1.338404,0.5,0.498405579905883,1e-05
HA-0152,Hospital A,0,0,0.061263498,0.0632205,0.5,0.498405579905883,1e-05
HA-0153,Hospital A,0,1,0.07111185,0.07376695,0.5,0.498405579905883,1e-05
HA-0154,Hospital A,0,0,0.07640642,0.07948327,0.5,0.498405579905883,1e-05
HA-0155,Hospital A,0,1,0.087447196,0.09150934,0.5,0.498405579905883,1e-05
HA-0156,Hospital A,1,1,0.08688983,2.4431143,0.5,0.498405579905883,1e-05
HA-0157,Hospital A,0,0,0.07626316,0.07932806,0.5,0.498405579905883,1e-05
HA-0158,Hospital A,0,0,0.11924234,0.1269728,0.5,0.498405579905883,1e-05
HA-0159,Hospital A,0,1,0.1297507,0.13897562,0.5,0.498405579905883,1e-05
HA-0160,Hospital A,0,0,0.08125511,0.08474684,0.5,0.498405579905883,1e-05
HA-0161,Hospital A,0,0,0.077113844,0.08024931,0.5,0.498405579905883,1e-05
HA-0162,Hospital A,0,0,0.04527546,0.04633236,0.5,0.498405579905883,1e-05
HA-0163,Hospital A,0,0,0.1200688,0.12791157,0.5,0.498405579905883,1e-05
HA-0164,Hospital A,0,1,0.06227521,0.06429887,0.5,0.498405579905883,1e-05
HA-0165,Hospital A,1,1,0.09640153,2.3392332,0.5,0.498405579905883,1e-05
HA-0166,Hospital A,0,1,0.0660848,0.06836963,0.5,0.498405579905883,1e-05
HA-0167,Hospital A,0,0,0.1078733,0.11414719,0.5,0.498405579905883,1e-05
HA-0168,Hospital A,0,0,0.15154898,0.16434288,0.5,0.498405579905883,1e-05
HA-0169,Hospital A,1,0,0.10208882,2.281912,0.5,0.498405579905883,1e-05
HA-0170,Hospital A,0,0,0.17426078,0.19147623,0.5,0.498405579905883,1e-05
HA-0171,Hospital A,0,0,0.048376292,0.04958558,0.5,0.498405579905883,1e-05
HA-0172,Hospital A,0,0,0.10489484,0.110814095,0.5,0.498405579905883,1e-05
HA-0173,Hospital A,0,1,0.11547304,0.12270236,0.5,0.498405579905883,1e-05
HA-0174,Hospital A,0,1,0.11688617,0.124301195,0.5,0.498405579905883,1e-05
HA-0175,Hospital A,0,1,0.0952306,0.100075245,0.5,0.498405579905883,1e-05
HA-0176,Hospital A,0,1,0.08464014,0.088438034,0.5,0.498405579905883,1e-05
HA-0177,Hospital A,1,0,0.12898633,2.048049,0.5,0.498405579905883,1e-05
HA-0178,Hospital A,0,1,0.065263055,0.0674901,0.5,0.498405579905883,1e-05
HA-0179,Hospital A,1,0,0.11699198,2.14565,0.5,0.498405579905883,1e-05
HA-0180,Hospital A,0,1,0.120045654,0.12788534,0.5,0.498405579905883,1e-05
HA-0181,Hospital A,1,0,0.16345063,1.8112444,0.5,0.498405579905883,1e-05
HA-0182,Hospital A,0,1,0.10164785,0.10719323,0.5,0.498405579905883,1e-05
HA-0183,Hospital A,0,0,0.088690795,0.0928731,0.5,0.498405579905883,1e-05
HA-0184,Hospital A,0,0,0.079179846,0.082490444,0.5,0.498405579905883,1e-05
HA-0185,Hospital A,0,1,0.08070601,0.08414936,0.5,0.498405579905883,1e-05
HA-0186,Hospital A,0,1,0.13396274,0.14382732,0.5,0.498405579905883,1e-05
HA-0187,Hospital A,0,0,0.058102567,0.0598588,0.5,0.498405579905883,1e-05
HA-0188,Hospital A,0,1,0.09863367,0.10384345,0.5,0.498405579905883,1e-05
HA-0189,Hospital A,0,0,0.06783192,0.07024217,0.5,0.498405579905883,1e-05
HA-0190,Hospital A,1,1,0.17720993,1.7304201,0.5,0.498405579905883,1e-05
HA-0191,Hospital A,1,0,0.25539726,1.3649352,0.5,0.498405579905883,1e-05
HA-0192,Hospital A,0,0,0.14214651,0.15332198,0.5,0.498405579905883,1e-05
HA-0193,Hospital A,0,0,0.10348448,0.10923958,0.5,0.498405579905883,1e-05
HA-0194,Hospital A,1,1,0.1295603,2.043609,0.5,0.498405579905883,1e-05
HA-0195,Hospital A,1,0,0.07296714,2.617746,0.5,0.498405579905883,1e-05
HA-0196,Hospital A,0,0,0.06724792,0.06961584,0.5,0.498405579905883,1e-05
HA-0197,Hospital A,0,0,0.12400675,0.13239682,0.5,0.498405579905883,1e-05
HA-0198,Hospital A,0,0,0.07633493,0.079405785,0.5,0.498405579905883,1e-05
HA-0199,Hospital A,0,0,0.051469166,0.052840948,0.5,0.498405579905883,1e-05
HA-0200,Hospital A,0,1,0.20266603,0.22648168,0.5,0.498405579905883,1e-05
HA-0201,Hospital A,0,1,0.07818192,0.08140731,0.5,0.498405579905883,1e-05
HA-0202,Hospital A,0,0,0.1339488,0.14381123,0.5,0.498405579905883,1e-05
HA-0203,Hospital A,1,0,0.08731694,2.4382107,0.5,0.498405579905883,1e-05
HA-0204,Hospital A,0,1,0.09749549,0.1025815,0.5,0.498405579905883,1e-05
HA-0205,Hospital A,0,0,0.054465376,0.056004763,0.5,0.498405579905883,1e-05
HA-0206,Hospital A,0,0,0.06289133,0.06495595,0.5,0.498405579905883,1e-05
HA-0207,Hospital A,0,0,0.05288009,0.054329634,0.5,0.498405579905883,1e-05
HA-0208,Hospital A,0,0,0.08791354,0.09202051,0.5,0.498405579905883,1e-05
HA-0209,Hospital A,0,1,0.053068317,0.054528236,0.5,0.498405579905883,1e-05
HA-0210,Hospital A,0,0,0.087472126,0.09153676,0.5,0.498405579905883,1e-05
HA-0211,Hospital A,0,1,0.12337611,0.13167727,0.5,0.498405579905883,1e-05
HA-0212,Hospital A,0,0,0.08906149,0.09327984,0.5,0.498405579905883,1e-05
HA-0213,Hospital A,0,0,0.058942474,0.06075096,0.5,0.498405579905883,1e-05
HA-0214,Hospital A,0,1,0.11777943,0.12531328,0.5,0.498405579905883,1e-05
HA-0215,Hospital A,0,0,0.083170764,0.086833954,0.5,0.498405579905883,1e-05
HA-0216,Hospital A,0,1,0.1159191,0.123206615,0.5,0.498405579905883,1e-05
HA-0217,Hospital A,0,0,0.090555534,0.09492135,0.5,0.498405579905883,1e-05
HA-0218,Hospital A,0,0,0.17312098,0.19009686,0.5,0.498405579905883,1e-05
HA-0219,Hospital A,1,0,0.06835733,2.6830065,0.5,0.498405579905883,1e-05
HA-0220,Hospital A,0,0,0.10121012,0.106705904,0.5,0.498405579905883,1e-05
HA-0221,Hospital A,0,1,0.072761096,0.07554412,0.5,0.498405579905883,1e-05
HA-0222,Hospital A,1,0,0.05455789,2.9084928,0.5,0.498405579905883,1e-05
HA-0223,Hospital A,1,1,0.06267796,2.7697453,0.5,0.498405579905883,1e-05
HA-0224,Hospital A,0,0,0.06678055,0.06911492,0.5,0.498405579905883,1e-05
HA-0225,Hospital A,0,0,0.106791556,0.112935305,0.5,0.498405579905883,1e-05
HA-0226,Hospital A,0,1,0.10078003,0.10622764,0.5,0.498405579905883,1e-05
HA-0227,Hospital A,0,1,0.11456233,0.121673346,0.5,0.498405579905883,1e-05
HA-0228,Hospital A,1,1,0.06972833,2.6631484,0.5,0.498405579905883,1e-05
HA-0229,Hospital A,0,0,0.095879704,0.100792885,0.5,0.498405579905883,1e-05
HA-0230,Hospital A,0,0,0.11065211,0.11726689,0.5,0.498405579905883,1e-05
HA-0231,Hospital A,1,1,0.16217646,1.8190703,0.5,0.498405579905883,1e-05
HA-0232,Hospital A,0,0,0.09905396,0.1043098,0.5,0.498405579905883,1e-05
HA-0233,Hospital A,0,1,0.07178567,0.07449269,0.5,0.498405579905883,1e-05
HA-0234,Hospital A,1,1,0.19540502,1.6326809,0.5,0.498405579905883,1e-05
HA-0235,Hospital A,0,1,0.1057687,0.111790895,0.5,0.498405579905883,1e-05
HA-0236,Hospital A,0,1,0.10612588,0.11219025,0.5,0.498405579905883,1e-05
HA-0237,Hospital A,0,0,0.058276758,0.06004381,0.5,0.498405579905883,1e-05
HA-0238,Hospital A,0,0,0.078204155,0.08143139,0.5,0.498405579905883,1e-05
HA-0239,Hospital A,0,0,0.08872245,0.09290767,0.5,0.498405579905883,1e-05
HA-0240,Hospital A,0,0,0.06772612,0.07012868,0.5,0.498405579905883,1e-05
HA-0241,Hospital A,0,0,0.07999884,0.08338046,0.5,0.498405579905883,1e-05
HA-0242,Hospital A,0,0,0.08536133,0.089226246,0.5,0.498405579905883,1e-05
HA-0243,Hospital A,0,0,0.07609311,0.079144,0.5,0.498405579905883,1e-05
HA-0244,Hospital A,1,1,0.073424615,2.611496,0.5,0.498405579905883,1e-05
HA-0245,Hospital A,0,1,0.12558985,0.13420582,0.5,0.498405579905883,1e-05
HA-0246,Hospital A,1,1,0.07624861,2.5737562,0.5,0.498405579905883,1e-05
HA-0247,Hospital A,0,0,0.07155073,0.07423949,0.5,0.498405579905883,1e-05
HA-0248,Hospital A,0,1,0.09760871,0.10270715,0.5,0.498405579905883,1e-05
HA-0249,Hospital A,0,0,0.14430016,0.15583563,0.5,0.498405579905883,1e-05
HA-0250,Hospital A,0,1,0.0588968,0.060702562,0.5,0.498405579905883,1e-05
HA-0251,Hospital A,0,0,0.10317084,0.10888982,0.5,0.498405579905883,1e-05
HA-0252,Hospital A,0,1,0.09183935,0.09633398,0.5,0.498405579905883,1e-05
HA-0253,Hospital A,0,1,0.104700245,0.11059666,0.5,0.498405579905883,1e-05
HA-0254,Hospital A,0,0,0.077019915,0.080147505,0.5,0.498405579905883,1e-05
HA-0255,Hospital A,0,0,0.08172442,0.08525777,0.5,0.498405579905883,1e-05
HA-0256,Hospital A,0,0,0.1353766,0.1454612,0.5,0.498405579905883,1e-05
HA-0257,Hospital A,0,0,0.09284081,0.09743738,0.5,0.498405579905883,1e-05
HA-0258,Hospital A,1,0,0.15589496,1.8585728,0.5,0.498405579905883,1e-05
HA-0259,Hospital A,0,1,0.07534283,0.078332186,0.5,0.498405579905883,1e-05
HA-0260,Hospital A,0,0,0.07040032,0.07300115,0.5,0.498405579905883,1e-05
HA-0261,Hospital A,0,0,0.09534984,0.10020685,0.5,0.498405579905883,1e-05
HA-0262,Hospital A,1,0,0.07538983,2.5850828,0.5,0.498405579905883,1e-05
HA-0263,Hospital A,0,0,0.07358364,0.07643151,0.5,0.498405579905883,1e-05
HA-0264,Hospital A,0,1,0.057906236,0.05965042,0.5,0.498405579905883,1e-05
HA-0265,Hospital A,0,1,0.09033812,0.09468222,0.5,0.498405579905883,1e-05
HA-0266,Hospital A,0,1,0.1497964,0.16227937,0.5,0.498405579905883,1e-05
HA-0267,Hospital A,0,1,0.08214554,0.085716486,0.5,0.498405579905883,1e-05
HA-0268,Hospital A,0,0,0.07630048,0.07936835,0.5,0.498405579905883,1e-05
HA-0269,Hospital A,0,1,0.073986225,0.07686615,0.5,0.498405579905883,1e-05
HA-0270,Hospital A,0,0,0.08121178,0.08469963,0.5,0.498405579905883,1e-05
HA-0271,Hospital A,0,1,0.082396135,0.085989475,0.5,0.498405579905883,1e-05
HA-0272,Hospital A,1,0,0.07311632,2.6157038,0.5,0.498405579905883,1e-05
HA-0273,Hospital A,0,0,0.0720801,0.07480979,0.5,0.498405579905883,1e-05
HA-0274,Hospital A,0,0,0.101138465,0.10662627,0.5,0.498405579905883,1e-05
HA-0275,Hospital A,0,1,0.096554905,0.10153985,0.5,0.498405579905883,1e-05
HA-0276,Hospital A,0,0,0.16418134,0.17934358,0.5,0.498405579905883,1e-05
HA-0277,Hospital A,0,1,0.07858154,0.08184099,0.5,0.498405579905883,1e-05
HA-0278,Hospital A,1,1,0.23458774,1.4499257,0.5,0.498405579905883,1e-05
HA-0279,Hospital A,0,1,0.085425705,0.08929658,0.5,0.498405579905883,1e-05
HA-0280,Hospital A,0,0,0.08390426,0.087634325,0.5,0.498405579905883,1e-05
HA-0281,Hospital A,1,0,0.115800925,2.1558828,0.5,0.498405579905883,1e-05
HA-0282,Hospital A,0,1,0.066612236,0.06893468,0.5,0.498405579905883,1e-05
HA-0283,Hospital A,0,1,0.15852971,0.17260456,0.5,0.498405579905883,1e-05
HA-0284,Hospital A,0,0,0.08199588,0.08555341,0.5,0.498405579905883,1e-05
HA-0285,Hospital A,0,1,0.09165161,0.09612727,0.5,0.498405579905883,1e-05
HA-0286,Hospital A,0,1,0.07879424,0.08207178,0.5,0.498405579905883,1e-05
HA-0287,Hospital A,0,1,0.101563975,0.10709977,0.5,0.498405579905883,1e-05
HA-0288,Hospital A,0,0,0.093038246,0.09765506,0.5,0.498405579905883,1e-05
HA-0289,Hospital A,1,0,0.110403396,2.2036145,0.5,0.498405579905883,1e-05
HA-0290,Hospital A,0,0,0.07148649,0.07417035,0.5,0.498405579905883,1e-05
HA-0291,Hospital A,1,0,0.13501236,2.002389,0.5,0.498405579905883,1e-05
HA-0292,Hospital A,0,1,0.0873706,0.09142542,0.5,0.498405579905883,1e-05
HA-0293,Hospital A,0,0,0.13799442,0.14849353,0.5,0.498405579905883,1e-05
HA-0294,Hospital A,0,1,0.07496161,0.07791996,0.5,0.498405579905883,1e-05
HA-0295,Hospital A,0,0,0.15311013,0.16618466,0.5,0.498405579905883,1e-05
HA-0296,Hospital A,0,1,0.056634713,0.058301687,0.5,0.498405579905883,1e-05
HA-0297,Hospital A,0,0,0.09402474,0.0987432,0.5,0.498405579905883,1e-05
HA-0298,Hospital A,1,0,0.078412324,2.5457742,0.5,0.498405579905883,1e-05
HA-0299,Hospital A,0,1,0.10592641,0.11196709,0.5,0.498405579905883,1e-05
HA-0300,Hospital A,1,0,0.10501137,2.2536867,0.5,0.498405579905883,1e-05
HA-0301,Hospital A,0,1,0.1081554,0.11446333,0.5,0.498405579905883,1e-05
HA-0302,Hospital A,0,1,0.062565476,0.064608335,0.5,0.498405579905883,1e-05
HA-0303,Hospital A,0,1,0.0888163,0.093010664,0.5,0.498405579905883,1e-05
HA-0304,Hospital A,0,0,0.09706845,0.10210848,0.5,0.498405579905883,1e-05
HA-0305,Hospital A,0,1,0.1034595,0.10921192,0.5,0.498405579905883,1e-05
HA-0306,Hospital A,1,1,0.08589506,2.454629,0.5,0.498405579905883,1e-05
HA-0307,Hospital A,1,1,0.184821,1.6883675,0.5,0.498405579905883,1e-05
HA-0308,Hospital A,0,1,0.1111759,0.117856026,0.5,0.498405579905883,1e-05
HA-0309,Hospital A,0,1,0.08463016,0.08842707,0.5,0.498405579905883,1e-05
HA-0310,Hospital A,1,1,0.12259123,2.0988998,0.5,0.498405579905883,1e-05
HA-0311,Hospital A,0,0,0.08919559,0.09342718,0.5,0.498405579905883,1e-05
HA-0312,Hospital A,0,0,0.09346097,0.098121166,0.5,0.498405579905883,1e-05
HA-0313,Hospital A,0,1,0.112319596,0.119143486,0.5,0.498405579905883,1e-05
HA-0314,Hospital A,0,1,0.07700388,0.08013034,0.5,0.498405579905883,1e-05
HA-0315,Hospital A,0,1,0.06646262,0.06877422,0.5,0.498405579905883,1e-05
HA-0316,Hospital A,0,1,0.118392676,0.12600851,0.5,0.498405579905883,1e-05
HA-0317,Hospital A,0,0,0.070134476,0.07271528,0.5,0.498405579905883,1e-05
HA-0318,Hospital A,1,1,0.13079174,2.034149,0.5,0.498405579905883,1e-05
HA-0319,Hospital A,0,0,0.11324182,0.12018299,0.5,0.498405579905883,1e-05
HA-0320,Hospital A,0,0,0.067618154,0.07001281,0.5,0.498405579905883,1e-05
HA-0321,Hospital A,0,1,0.055344608,0.056935072,0.5,0.498405579905883,1e-05
HA-0322,Hospital A,0,0,0.08265742,0.086274385,0.5,0.498405579905883,1e-05
HA-0323,Hospital A,0,1,0.1315075,0.14099622,0.5,0.498405579905883,1e-05
HA-0324,Hospital A,0,0,0.06008862,0.061969757,0.5,0.498405579905883,1e-05
HA-0325,Hospital A,0,1,0.1292675,0.13842034,0.5,0.498405579905883,1e-05
HA-0326,Hospital A,1,1,0.11090705,2.1990628,0.5,0.498405579905883,1e-05
HA-0327,Hospital A,0,1,0.06316116,0.06524396,0.5,0.498405579905883,1e-05
HA-0328,Hospital A,0,1,0.11835907,0.12597036,0.5,0.498405579905883,1e-05
HA-0329,Hospital A,1,1,0.10532616,2.2506933,0.5,0.498405579905883,1e-05
HA-0330,Hospital A,0,1,0.086794764,0.09079456,0.5,0.498405579905883,1e-05
HA-0331,Hospital A,0,0,0.12933439,0.13849735,0.5,0.498405579905883,1e-05
HA-0332,Hospital A,0,0,0.09442087,0.0991807,0.5,0.498405579905883,1e-05
HA-0333,Hospital A,0,0,0.09465292,0.099437,0.5,0.498405579905883,1e-05
HA-0334,Hospital A,1,0,0.11409185,2.1707513,0.5,0.498405579905883,1e-05
HA-0335,Hospital A,0,1,0.14242747,0.15364957,0.5,0.498405579905883,1e-05
HA-0336,Hospital A,0,1,0.06739358,0.069772005,0.5,0.498405579905883,1e-05
HA-0337,Hospital A,1,1,0.08987209,2.4093678,0.5,0.498405579905883,1e-05
HA-0338,Hospital A,0,0,0.06743721,0.069818735,0.5,0.498405579905883,1e-05
HA-0339,Hospital A,0,0,0.091705136,0.09618616,0.5,0.498405579905883,1e-05
HA-0340,Hospital A,0,0,0.07205674,0.074784756,0.5,0.498405579905883,1e-05
HA-0341,Hospital A,0,1,0.07599098,0.079033375,0.5,0.498405579905883,1e-05
HA-0342,Hospital A,0,0,0.10694581,0.11310792,0.5,0.498405579905883,1e-05
HA-0343,Hospital A,0,0,0.06817098,0.07060599,0.5,0.498405579905883,1e-05
HA-0344,Hospital A,0,1,0.1588835,0.17302513,0.5,0.498405579905883,1e-05
HA-0345,Hospital A,1,1,0.09627695,2.3405263,0.5,0.498405579905883,1e-05
HA-0346,Hospital A,0,1,0.057095394,0.058790207,0.5,0.498405579905883,1e-05
HA-0347,Hospital A,0,1,0.10653211,0.11264491,0.5,0.498405579905883,1e-05
HA-0348,Hospital A,0,0,0.09622738,0.101177454,0.5,0.498405579905883,1e-05
HA-0349,Hospital A,0,1,0.12540945,0.13399935,0.5,0.498405579905883,1e-05
HA-0350,Hospital A,0,0,0.10621084,0.112285376,0.5,0.498405579905883,1e-05
HA-0351,Hospital A,0,0,0.089224994,0.09345937,0.5,0.498405579905883,1e-05
HA-0352,Hospital A,0,1,0.09688835,0.10190916,0.5,0.498405579905883,1e-05
HA-0353,Hospital A,1,1,0.07410889,2.6022198,0.5,0.498405579905883,1e-05
HA-0354,Hospital A,0,1,0.094294846,0.09904146,0.5,0.498405579905883,1e-05
HA-0355,Hospital A,1,0,0.06205108,2.7797973,0.5,0.498405579905883,1e-05
HA-0356,Hospital A,0,1,0.0776455,0.08082557,0.5,0.498405579905883,1e-05
HA-0357,Hospital A,0,0,0.126588,0.13534784,0.5,0.498405579905883,1e-05
HA-0358,Hospital A,0,0,0.080079,0.08346748,0.5,0.498405579905883,1e-05
HA-0359,Hospital A,0,1,0.09680368,0.10181522,0.5,0.498405579905883,1e-05
HA-0360,Hospital A,0,1,0.07192381,0.074641466,0.5,0.498405579905883,1e-05
HA-0361,Hospital A,0,0,0.096659005,0.101655245,0.5,0.498405579905883,1e-05
HA-0362,Hospital A,1,0,0.123926595,2.0880659,0.5,0.498405579905883,1e-05
HA-0363,Hospital A,0,0,0.111669555,0.11841154,0.5,0.498405579905883,1e-05
HA-0364,Hospital A,1,0,0.07141823,2.639202,0.5,0.498405579905883,1e-05
HA-0365,Hospital A,0,1,0.07652514,0.07961178,0.5,0.498405579905883,1e-05
HA-0366,Hospital A,0,1,0.117176875,0.12463045,0.5,0.498405579905883,1e-05
HA-0367,Hospital A,0,1,0.20722845,0.23222017,0.5,0.498405579905883,1e-05
HA-0368,Hospital A,0,1,0.06590999,0.06818247,0.5,0.498405579905883,1e-05
HA-0369,Hospital A,0,0,0.06992235,0.072487116,0.5,0.498405579905883,1e-05
HA-0370,Hospital A,0,1,0.05574133,0.057355165,0.5,0.498405579905883,1e-05
HA-0371,Hospital A,0,0,0.0931578,0.0977869,0.5,0.498405579905883,1e-05
HA-0372,Hospital A,0,1,0.079880804,0.08325195,0.5,0.498405579905883,1e-05
HA-0373,Hospital A,0,1,0.0892411,0.09347701,0.5,0.498405579905883,1e-05
HA-0374,Hospital A,1,1,0.073360465,2.6123703,0.5,0.498405579905883,1e-05
HA-0375,Hospital A,0,1,0.087051414,0.09107566,0.5,0.498405579905883,1e-05
HA-0376,Hospital A,0,1,0.13106951,0.1404922,0.5,0.498405579905883,1e-05
HA-0377,Hospital A,0,0,0.13098863,0.1403991,0.5,0.498405579905883,1e-05
HA-0378,Hospital A,0,0,0.098095715,0.10324693,0.5,0.498405579905883,1e-05
HA-0379,Hospital A,1,0,0.10259324,2.2769833,0.5,0.498405579905883,1e-05
HA-0380,Hospital A,0,1,0.07627699,0.07934308,0.5,0.498405579905883,1e-05
HA-0381,Hospital A,0,1,0.11148029,0.118198395,0.5,0.498405579905883,1e-05
HA-0382,Hospital A,0,0,0.09648031,0.10145736,0.5,0.498405579905883,1e-05
HA-0383,Hospital A,1,1,0.111414425,2.1944983,0.5,0.498405579905883,1e-05
HA-0384,Hospital A,0,1,0.055221286,0.056804657,0.5,0.498405579905883,1e-05
HA-0385,Hospital A,0,1,0.103677645,0.10945511,0.5,0.498405579905883,1e-05
HA-0386,Hospital A,0,1,0.060249068,0.062140465,0.5,0.498405579905883,1e-05
HA-0387,Hospital A,0,1,0.0809072,0.08436823,0.5,0.498405579905883,1e-05
HA-0388,Hospital A,0,1,0.08494786,0.088774204,0.5,0.498405579905883,1e-05
HA-0389,Hospital A,0,1,0.09947914,0.104781866,0.5,0.498405579905883,1e-05
HA-0390,Hospital A,0,1,0.044313945,0.045325756,0.5,0.498405579905883,1e-05
HA-0391,Hospital A,0,1,0.046277408,0.047382355,0.5,0.498405579905883,1e-05
HA-0392,Hospital A,1,0,0.05798469,2.8475764,0.5,0.498405579905883,1e-05
HA-0393,Hospital A,1,1,0.11902443,2.1284266,0.5,0.498405579905883,1e-05
HA-0394,Hospital A,0,0,0.087262556,0.091306925,0.5,0.498405579905883,1e-05
HA-0395,Hospital A,0,1,0.122328706,0.13048315,0.5,0.498405579905883,1e-05
HA-0396,Hospital A,0,0,0.06124446,0.063200235,0.5,0.498405579905883,1e-05
HA-0397,Hospital A,1,0,0.095438324,2.349275,0.5,0.498405579905883,1e-05
HA-0398,Hospital A,0,1,0.0630662,0.06514263,0.5,0.498405579905883,1e-05
HA-0399,Hospital A,1,0,0.067189425,2.7002394,0.5,0.498405579905883,1e-05
HA-0400,Hospital A,0,0,0.089203954,0.09343624,0.5,0.498405579905883,1e-05
HA-0401,Hospital A,1,1,0.2186803,1.5201445,0.5,0.498405579905883,1e-05
HA-0402,Hospital A,0,1,0.071785584,0.074492455,0.5,0.498405579905883,1e-05
HA-0403,Hospital A,0,1,0.15978031,0.17409194,0.5,0.498405579905883,1e-05
HA-0404,Hospital A,0,0,0.08953198,0.09379649,0.5,0.498405579905883,1e-05
HA-0405,Hospital A,0,1,0.0683546,0.07080293,0.5,0.498405579905883,1e-05
HA-0406,Hospital A,0,0,0.06730417,0.06967616,0.5,0.498405579905883,1e-05
HA-0407,Hospital A,0,1,0.08447096,0.08825326,0.5,0.498405579905883,1e-05
HA-0408,Hospital A,0,0,0.12172589,0.1297965,0.5,0.498405579905883,1e-05
HA-0409,Hospital A,0,1,0.03923004,0.040020227,0.5,0.498405579905883,1e-05
HA-0410,Hospital A,0,0,0.071147546,0.07380533,0.5,0.498405579905883,1e-05
HA-0411,Hospital A,0,1,0.101665996,0.10721326,0.5,0.498405579905883,1e-05
HA-0412,Hospital A,1,1,0.12173632,2.105898,0.5,0.498405579905883,1e-05
HA-0413,Hospital A,0,1,0.09587721,0.100790024,0.5,0.498405579905883,1e-05
HA-0414,Hospital A,1,1,0.13863322,1.9759235,0.5,0.498405579905883,1e-05
HA-0415,Hospital A,1,0,0.13803338,1.9802598,0.5,0.498405579905883,1e-05
HA-0416,Hospital A,0,1,0.07106566,0.07371712,0.5,0.498405579905883,1e-05
HA-0417,Hospital A,0,0,0.08064999,0.084088326,0.5,0.498405579905883,1e-05
HA-0418,Hospital A,0,1,0.09886304,0.10409808,0.5,0.498405579905883,1e-05
HA-0419,Hospital A,0,1,0.07210396,0.07483554,0.5,0.498405579905883,1e-05
HA-0420,Hospital A,1,1,0.18912582,1.6653428,0.5,0.498405579905883,1e-05
HA-0421,Hospital A,0,1,0.12061687,0.12853456,0.5,0.498405579905883,1e-05
HA-0422,Hospital A,0,1,0.0675827,0.0699749,0.5,0.498405579905883,1e-05
HA-0423,Hospital A,0,0,0.055784434,0.057400703,0.5,0.498405579905883,1e-05
HA-0424,Hospital A,0,1,0.17727953,0.19513881,0.5,0.498405579905883,1e-05
HA-0425,Hospital A,1,1,0.07592925,2.5779533,0.5,0.498405579905883,1e-05
HA-0426,Hospital A,0,0,0.15321809,0.1663121,0.5,0.498405579905883,1e-05
HA-0427,Hospital A,0,0,0.10695444,0.113117695,0.5,0.498405579905883,1e-05
HA-0428,Hospital A,0,1,0.19063988,0.21151137,0.5,0.498405579905883,1e-05
HA-0429,Hospital A,1,0,0.07925814,2.5350451,0.5,0.498405579905883,1e-05
HA-0430,Hospital A,0,0,0.084752604,0.08856082,0.5,0.498405579905883,1e-05
HA-0431,Hospital A,0,0,0.06549821,0.06774163,0.5,0.498405579905883,1e-05
HA-0432,Hospital A,0,1,0.11734023,0.124815464,0.5,0.498405579905883,1e-05
HA-0433,Hospital A,0,0,0.11639582,0.12374616,0.5,0.498405579905883,1e-05
HA-0434,Hospital A,0,1,0.09401038,0.098727465,0.5,0.498405579905883,1e-05
HA-0435,Hospital A,0,0,0.08019348,0.08359194,0.5,0.498405579905883,1e-05
HA-0436,Hospital A,0,1,0.13073586,0.14010835,0.5,0.498405579905883,1e-05
HA-0437,Hospital A,0,0,0.06809655,0.07052612,0.5,0.498405579905883,1e-05
HA-0438,Hospital A,0,0,0.10670761,0.11284137,0.5,0.498405579905883,1e-05
HA-0439,Hospital A,0,0,0.054269794,0.055798054,0.5,0.498405579905883,1e-05
HA-0440,Hospital A,1,0,0.13284135,2.0185997,0.5,0.498405579905883,1e-05
HA-0441,Hospital A,0,1,0.049441524,0.05070567,0.5,0.498405579905883,1e-05
HA-0442,Hospital A,1,1,0.10170213,2.285707,0.5,0.498405579905883,1e-05
HA-0443,Hospital A,0,1,0.12279814,0.13101816,0.5,0.498405579905883,1e-05
HA-0444,Hospital A,0,1,0.09787613,0.1030035,0.5,0.498405579905883,1e-05
HA-0445,Hospital A,1,0,0.19887206,1.6150936,0.5,0.498405579905883,1e-05
HA-0446,Hospital A,0,0,0.0744278,0.077343225,0.5,0.498405579905883,1e-05
HA-0447,Hospital A,0,1,0.08634482,0.09030199,0.5,0.498405579905883,1e-05
HA-0448,Hospital A,0,1,0.05673876,0.058412075,0.5,0.498405579905883,1e-05
HA-0449,Hospital A,0,0,0.10598752,0.11203551,0.5,0.498405579905883,1e-05
HA-0450,Hospital A,0,1,0.07638376,0.07945871,0.5,0.498405579905883,1e-05
HA-0451,Hospital A,0,1,0.07605666,0.07910442,0.5,0.498405579905883,1e-05
HA-0452,Hospital A,0,1,0.077959776,0.081166506,0.5,0.498405579905883,1e-05
HA-0453,Hospital A,0,0,0.09039117,0.09474063,0.5,0.498405579905883,1e-05
HA-0454,Hospital A,0,1,0.17143618,0.18806148,0.5,0.498405579905883,1e-05
HA-0455,Hospital A,1,1,0.17020054,1.770778,0.5,0.498405579905883,1e-05
HA-0456,Hospital A,0,1,0.103922896,0.10972881,0.5,0.498405579905883,1e-05
HA-0457,Hospital A,1,1,0.15203553,1.883641,0.5,0.498405579905883,1e-05
HA-0458,Hospital A,1,1,0.09632137,2.340065,0.5,0.498405579905883,1e-05
HA-0459,Hospital A,0,1,0.09628354,0.10123968,0.5,0.498405579905883,1e-05
HA-0460,Hospital A,1,1,0.094180666,2.3625402,0.5,0.498405579905883,1e-05
HA-0461,Hospital A,0,0,0.07973829,0.08309722,0.5,0.498405579905883,1e-05
HA-0462,Hospital A,0,1,0.08009233,0.08348203,0.5,0.498405579905883,1e-05
HA-0463,Hospital A,0,0,0.072317235,0.075065374,0.5,0.498405579905883,1e-05
HA-0464,Hospital A,0,1,0.086869314,0.09087634,0.5,0.498405579905883,1e-05
HA-0465,Hospital A,1,1,0.06426651,2.7447166,0.5,0.498405579905883,1e-05
HA-0466,Hospital A,0,0,0.07579962,0.07882643,0.5,0.498405579905883,1e-05
HA-0467,Hospital A,1,0,0.07182553,2.6335154,0.5,0.498405579905883,1e-05
HA-0468,Hospital A,0,0,0.085131556,0.08897495,0.5,0.498405579905883,1e-05
HA-0469,Hospital A,1,0,0.1091389,2.215134,0.5,0.498405579905883,1e-05
HA-0470,Hospital A,1,1,0.13410886,2.0091035,0.5,0.498405579905883,1e-05
HA-0471,Hospital A,0,1,0.08249363,0.08609581,0.5,0.498405579905883,1e-05
HA-0472,Hospital A,1,1,0.06892908,2.674677,0.5,0.498405579905883,1e-05
HA-0473,Hospital A,0,1,0.06400883,0.066149235,0.5,0.498405579905883,1e-05
HA-0474,Hospital A,0,0,0.10206762,0.10766053,0.5,0.498405579905883,1e-05
HA-0475,Hospital A,1,0,0.1483128,1.9084316,0.5,0.498405579905883,1e-05
HA-0476,Hospital A,0,1,0.119563706,0.1273377,0.5,0.498405579905883,1e-05
HA-0477,Hospital A,0,1,0.09382144,0.09851885,0.5,0.498405579905883,1e-05
HA-0478,Hospital A,0,0,0.09620476,0.10115242,0.5,0.498405579905883,1e-05
HA-0479,Hospital A,0,1,0.07875113,0.08202505,0.5,0.498405579905883,1e-05
HA-0480,Hospital A,0,1,0.0797409,0.08310008,0.5,0.498405579905883,1e-05
HA-0481,Hospital A,0,0,0.08683333,0.09083676,0.5,0.498405579905883,1e-05
HA-0482,Hospital A,0,0,0.088446654,0.092605114,0.5,0.498405579905883,1e-05
HA-0483,Hospital A,1,1,0.10997154,2.2075336,0.5,0.498405579905883,1e-05
HA-0484,Hospital A,1,1,0.10825672,2.22325,0.5,0.498405579905883,1e-05
HA-0485,Hospital A,1,1,0.06420236,2.7457151,0.5,0.498405579905883,1e-05
HA-0486,Hospital A,0,1,0.0775078,0.08067632,0.5,0.498405579905883,1e-05
HA-0487,Hospital A,1,1,0.13855202,1.9765093,0.5,0.498405579905883,1e-05
HA-0488,Hospital A,0,1,0.11966644,0.12745428,0.5,0.498405579905883,1e-05
HA-0489,Hospital A,1,0,0.08171344,2.5045369,0.5,0.498405579905883,1e-05
HA-0490,Hospital A,0,1,0.07922015,0.08253431,0.5,0.498405579905883,1e-05
HA-0491,Hospital A,0,0,0.100420944,0.105828285,0.5,0.498405579905883,1e-05
HA-0492,Hospital A,0,0,0.077946074,0.081151485,0.5,0.498405579905883,1e-05
HA-0493,Hospital A,0,0,0.13409817,0.14398372,0.5,0.498405579905883,1e-05
HA-0494,Hospital A,0,0,0.070422746,0.073025465,0.5,0.498405579905883,1e-05
HA-0495,Hospital A,0,0,0.07805486,0.0812695,0.5,0.498405579905883,1e-05
HA-0496,Hospital A,0,1,0.16597354,0.18149018,0.5,0.498405579905883,1e-05
HA-0497,Hospital A,0,1,0.07078444,0.073414564,0.5,0.498405579905883,1e-05
HA-0498,Hospital A,0,1,0.09615917,0.10110211,0.5,0.498405579905883,1e-05
HA-0499,Hospital A,0,0,0.051793583,0.05318308,0.5,0.498405579905883,1e-05
HA-0500,Hospital A,0,0,0.0595674,0.061415195,0.5,0.498405579905883,1e-05
HA-0501,Hospital A,1,0,0.13893582,1.9737432,0.5,0.498405579905883,1e-05
HA-0502,Hospital A,0,0,0.14338732,0.15476942,0.5,0.498405579905883,1e-05
HA-0503,Hospital A,0,1,0.09566161,0.100551605,0.5,0.498405579905883,1e-05
HA-0504,Hospital A,0,0,0.06439312,0.06655979,0.5,0.498405579905883,1e-05
HA-0505,Hospital A,0,0,0.103540346,0.109302044,0.5,0.498405579905883,1e-05
HA-0506,Hospital A,1,1,0.09672389,2.3358948,0.5,0.498405579905883,1e-05
HA-0507,Hospital A,0,0,0.07748863,0.080655575,0.5,0.498405579905883,1e-05
HA-0508,Hospital A,1,1,0.22913091,1.4734619,0.5,0.498405579905883,1e-05
HA-0509,Hospital A,1,1,0.21841145,1.5213746,0.5,0.498405579905883,1e-05
HA-0510,Hospital A,0,1,0.1132252,0.120164156,0.5,0.498405579905883,1e-05
HA-0511,Hospital A,0,0,0.06868416,0.07115674,0.5,0.498405579905883,1e-05
HA-0512,Hospital A,0,0,0.054653104,0.056203365,0.5,0.498405579905883,1e-05
HA-0513,Hospital A,0,0,0.09132564,0.09576845,0.5,0.498405579905883,1e-05
HA-0514,Hospital A,0,0,0.06718969,0.069553375,0.5,0.498405579905883,1e-05
HA-0515,Hospital A,1,1,0.20376815,1.5907724,0.5,0.498405579905883,1e-05
HA-0516,Hospital A,0,0,0.14967324,0.16213465,0.5,0.498405579905883,1e-05
HA-0517,Hospital A,0,1,0.09237449,0.09692335,0.5,0.498405579905883,1e-05
HA-0518,Hospital A,0,1,0.085466094,0.08934069,0.5,0.498405579905883,1e-05
HA-0519,Hospital A,0,0,0.12152667,0.12956965,0.5,0.498405579905883,1e-05
HA-0520,Hospital A,0,0,0.13300091,0.14271736,0.5,0.498405579905883,1e-05
HA-0521,Hospital A,0,0,0.060527068,0.062436342,0.5,0.498405579905883,1e-05
HA-0522,Hospital A,0,1,0.05783021,0.059569836,0.5,0.498405579905883,1e-05
HA-0523,Hospital A,0,1,0.1179038,0.12545419,0.5,0.498405579905883,1e-05
HA-0524,Hospital A,0,1,0.06559611,0.06784654,0.5,0.498405579905883,1e-05
HA-0525,Hospital A,0,0,0.08651575,0.09048915,0.5,0.498405579905883,1e-05
HA-0526,Hospital A,0,1,0.10894356,0.115347624,0.5,0.498405579905883,1e-05
HA-0527,Hospital A,1,0,0.16698506,1.789851,0.5,0.498405579905883,1e-05
HA-0528,Hospital A,0,0,0.12824038,0.13724148,0.5,0.498405579905883,1e-05
HA-0529,Hospital A,1,0,0.09671968,2.3359382,0.5,0.498405579905883,1e-05
HA-0530,Hospital A,1,0,0.12460464,2.0826094,0.5,0.498405579905883,1e-05
HA-0531,Hospital A,0,1,0.13298467,0.14269853,0.5,0.498405579905883,1e-05
HA-0532,Hospital A,0,0,0.063823454,0.06595111,0.5,0.498405579905883,1e-05
HA-0533,Hospital A,0,0,0.06896546,0.07145882,0.5,0.498405579905883,1e-05
HA-0534,Hospital A,1,1,0.16246194,1.8173115,0.5,0.498405579905883,1e-05
HA-0535,Hospital A,0,0,0.052632276,0.05406785,0.5,0.498405579905883,1e-05
HA-0536,Hospital A,0,0,0.12659143,0.1353519,0.5,0.498405579905883,1e-05
HA-0537,Hospital A,0,1,0.08896554,0.09317446,0.5,0.498405579905883,1e-05
HA-0538,Hospital A,0,0,0.1093339,0.1157856,0.5,0.498405579905883,1e-05
HA-0539,Hospital A,0,1,0.054528963,0.056071997,0.5,0.498405579905883,1e-05
HA-0540,Hospital A,0,1,0.07548505,0.078485966,0.5,0.498405579905883,1e-05
HA-0541,Hospital A,0,1,0.05469134,0.056243896,0.5,0.498405579905883,1e-05
HA-0542,Hospital A,0,1,0.17427284,0.19149089,0.5,0.498405579905883,1e-05
HA-0543,Hospital A,0,0,0.13013263,0.13941443,0.5,0.498405579905883,1e-05
HA-0544,Hospital A,0,1,0.058561284,0.060346127,0.5,0.498405579905883,1e-05
HA-0545,Hospital A,0,1,0.07045327,0.07305813,0.5,0.498405579905883,1e-05
HA-0546,Hospital A,1,1,0.05891157,2.8317177,0.5,0.498405579905883,1e-05
HA-0547,Hospital A,0,1,0.09599977,0.100925684,0.5,0.498405579905883,1e-05
HA-0548,Hospital A,0,1,0.07231331,0.07506132,0.5,0.498405579905883,1e-05
HA-0549,Hospital A,0,0,0.107887745,0.1141634,0.5,0.498405579905883,1e-05
HA-0550,Hospital A,0,1,0.15099947,0.16369545,0.5,0.498405579905883,1e-05
HA-0551,Hospital A,0,1,0.09493172,0.0997448,0.5,0.498405579905883,1e-05
HA-0552,Hospital A,0,0,0.08946363,0.09372139,0.5,0.498405579905883,1e-05
HA-0553,Hospital A,0,1,0.09923439,0.10451031,0.5,0.498405579905883,1e-05
HA-0554,Hospital A,0,1,0.13759014,0.14802468,0.5,0.498405579905883,1e-05
HA-0555,Hospital A,0,0,0.07586461,0.07889676,0.5,0.498405579905883,1e-05
HA-0556,Hospital A,0,1,0.0976762,0.10278177,0.5,0.498405579905883,1e-05
HA-0557,Hospital A,0,1,0.25243208,0.29093015,0.5,0.498405579905883,1e-05
HA-0558,Hospital A,1,1,0.09900602,2.3125746,0.5,0.498405579905883,1e-05
HA-0559,Hospital A,0,1,0.06591247,0.06818509,0.5,0.498405579905883,1e-05
HA-0560,Hospital A,0,0,0.08893212,0.09313798,0.5,0.498405579905883,1e-05
HA-0561,Hospital A,1,1,0.1094292,2.2124774,0.5,0.498405579905883,1e-05
HA-0562,Hospital A,1,0,0.09241451,2.3814712,0.5,0.498405579905883,1e-05
HA-0563,Hospital A,0,1,0.10375949,0.10954642,0.5,0.498405579905883,1e-05
HA-0564,Hospital A,0,0,0.117510654,0.12500858,0.5,0.498405579905883,1e-05
HA-0565,Hospital A,0,0,0.07151218,0.07419801,0.5,0.498405579905883,1e-05
HA-0566,Hospital A,0,1,0.064145006,0.06629467,0.5,0.498405579905883,1e-05
HA-0567,Hospital A,0,0,0.0618853,0.063883066,0.5,0.498405579905883,1e-05
HA-0568,Hospital A,0,1,0.07444887,0.077365875,0.5,0.498405579905883,1e-05
HA-0569,Hospital A,0,1,0.073506735,0.07634854,0.5,0.498405579905883,1e-05
HA-0570,Hospital A,1,1,0.11872269,2.1309648,0.5,0.498405579905883,1e-05
HA-0571,Hospital A,0,1,0.10564791,0.11165571,0.5,0.498405579905883,1e-05
HA-0572,Hospital A,0,0,0.1691233,0.18527389,0.5,0.498405579905883,1e-05
HA-0573,Hospital A,0,1,0.07928017,0.0825994,0.5,0.498405579905883,1e-05
HA-0574,Hospital A,1,1,0.09218785,2.3839269,0.5,0.498405579905883,1e-05
HA-0575,Hospital A,0,0,0.10609696,0.11215806,0.5,0.498405579905883,1e-05
HA-0576,Hospital A,0,1,0.048881914,0.050117016,0.5,0.498405579905883,1e-05
HA-0577,Hospital A,0,0,0.09750993,0.102597475,0.5,0.498405579905883,1e-05
HA-0578,Hospital A,1,1,0.10906748,2.2157886,0.5,0.498405579905883,1e-05
HA-0579,Hospital A,0,0,0.06523216,0.06745696,0.5,0.498405579905883,1e-05
HA-0580,Hospital A,0,0,0.08343518,0.08712244,0.5,0.498405579905883,1e-05
HA-0581,Hospital A,0,1,0.094056435,0.09877825,0.5,0.498405579905883,1e-05
HA-0582,Hospital A,0,1,0.054067656,0.055584192,0.5,0.498405579905883,1e-05
HA-0583,Hospital A,0,0,0.090185486,0.09451461,0.5,0.498405579905883,1e-05
HA-0584,Hospital A,0,1,0.054174073,0.055696726,0.5,0.498405579905883,1e-05
HA-0585,Hospital A,0,1,0.09827727,0.10344815,0.5,0.498405579905883,1e-05
HA-0586,Hospital A,1,0,0.14576979,1.9257267,0.5,0.498405579905883,1e-05
HA-0587,Hospital A,0,1,0.14660408,0.15853167,0.5,0.498405579905883,1e-05
HA-0588,Hospital A,0,0,0.08948207,0.093741655,0.5,0.498405579905883,1e-05
HA-0589,Hospital A,0,1,0.085968435,0.08989024,0.5,0.498405579905883,1e-05
HA-0590,Hospital A,1,1,0.20033337,1.6077725,0.5,0.498405579905883,1e-05
HA-0591,Hospital A,0,1,0.056749478,0.05842328,0.5,0.498405579905883,1e-05
HA-0592,Hospital A,0,0,0.09864492,0.10385609,0.5,0.498405579905883,1e-05
HA-0593,Hospital A,1,1,0.10712386,2.2337697,0.5,0.498405579905883,1e-05
HA-0594,Hospital A,0,1,0.052881315,0.054330826,0.5,0.498405579905883,1e-05
HA-0595,Hospital A,0,0,0.06856369,0.07102752,0.5,0.498405579905883,1e-05
HA-0596,Hospital A,0,0,0.12426142,0.13268769,0.5,0.498405579905883,1e-05
HA-0597,Hospital A,0,0,0.0767837,0.07989168,0.5,0.498405579905883,1e-05
HA-0598,Hospital A,0,1,0.12176841,0.1298449,0.5,0.498405579905883,1e-05
HA-0599,Hospital A,1,1,0.08996535,2.4083307,0.5,0.498405579905883,1e-05
HA-0600,Hospital A,0,0,0.1316789,0.14119363,0.5,0.498405579905883,1e-05
HA-0601,Hospital A,0,0,0.15140076,0.16416824,0.5,0.498405579905883,1e-05
HA-0602,Hospital A,0,0,0.10550891,0.11150026,0.5,0.498405579905883,1e-05
HA-0603,Hospital A,0,0,0.09575975,0.100660086,0.5,0.498405579905883,1e-05
HA-0604,Hospital A,0,0,0.08859077,0.092763186,0.5,0.498405579905883,1e-05
HA-0605,Hospital A,1,1,0.09859393,2.3167455,0.5,0.498405579905883,1e-05
HA-0606,Hospital A,0,1,0.0898616,0.09415865,0.5,0.498405579905883,1e-05
HA-0607,Hospital A,0,1,0.15498461,0.1684004,0.5,0.498405579905883,1e-05
HA-0608,Hospital A,0,1,0.15237324,0.16531491,0.5,0.498405579905883,1e-05
HA-0609,Hospital A,1,1,0.1102477,2.2050257,0.5,0.498405579905883,1e-05
HA-0610,Hospital A,0,1,0.06083384,0.062762976,0.5,0.498405579905883,1e-05
HA-0611,Hospital A,0,1,0.05455138,0.05609584,0.5,0.498405579905883,1e-05
HA-0612,Hospital A,1,0,0.062270653,2.776265,0.5,0.498405579905883,1e-05
HA-0613,Hospital A,1,0,0.06934855,2.66861,0.5,0.498405579905883,1e-05
HA-0614,Hospital A,0,1,0.11409395,0.121144295,0.5,0.498405579905883,1e-05
HA-0615,Hospital A,0,0,0.13371709,0.14354372,0.5,0.498405579905883,1e-05
HA-0616,Hospital A,0,0,0.05786137,0.059602737,0.5,0.498405579905883,1e-05
HA-0617,Hospital A,0,1,0.063123375,0.06520367,0.5,0.498405579905883,1e-05
HA-0618,Hospital A,0,1,0.09500876,0.09982991,0.5,0.498405579905883,1e-05
HA-0619,Hospital A,0,0,0.075659476,0.07867479,0.5,0.498405579905883,1e-05
HA-0620,Hospital A,0,0,0.14029989,0.15117168,0.5,0.498405579905883,1e-05
HA-0621,Hospital A,0,0,0.068740495,0.0712173,0.5,0.498405579905883,1e-05
HA-0622,Hospital A,0,1,0.07568412,0.078701496,0.5,0.498405579905883,1e-05
HA-0623,Hospital A,0,0,0.07568613,0.07870364,0.5,0.498405579905883,1e-05
HA-0624,Hospital A,1,1,0.16337575,1.8117025,0.5,0.498405579905883,1e-05
HA-0625,Hospital A,0,0,0.09358487,0.09825778,0.5,0.498405579905883,1e-05
HA-0626,Hospital A,1,0,0.098605156,2.3166318,0.5,0.498405579905883,1e-05
HA-0627,Hospital A,0,1,0.111324646,0.118023396,0.5,0.498405579905883,1e-05
HA-0628,Hospital A,1,0,0.15286478,1.8782015,0.5,0.498405579905883,1e-05
HA-0629,Hospital A,1,1,0.060452823,2.805892,0.5,0.498405579905883,1e-05
HA-0630,Hospital A,0,1,0.12496108,0.13348687,0.5,0.498405579905883,1e-05
HA-0631,Hospital A,0,0,0.15898271,0.17314303,0.5,0.498405579905883,1e-05
HA-0632,Hospital A,0,0,0.09701202,0.10204601,0.5,0.498405579905883,1e-05
HA-0633,Hospital A,0,1,0.069785744,0.07234025,0.5,0.498405579905883,1e-05
HA-0634,Hospital A,0,0,0.08893025,0.093135834,0.5,0.498405579905883,1e-05
HA-0635,Hospital A,0,0,0.07553988,0.07854533,0.5,0.498405579905883,1e-05
HA-0636,Hospital A,0,0,0.09032093,0.09466338,0.5,0.498405579905883,1e-05
HA-0637,Hospital A,0,1,0.07933654,0.082660675,0.5,0.498405579905883,1e-05
HA-0638,Hospital A,0,0,0.069371544,0.07189512,0.5,0.498405579905883,1e-05
HA-0639,Hospital A,0,1,0.0839341,0.08766699,0.5,0.498405579905883,1e-05
HA-0640,Hospital A,1,1,0.10468416,2.2568076,0.5,0.498405579905883,1e-05
HA-0641,Hospital A,0,0,0.12783131,0.1367724,0.5,0.498405579905883,1e-05
HA-0642,Hospital A,0,0,0.12659134,0.13535166,0.5,0.498405579905883,1e-05
HA-0643,Hospital A,0,1,0.09641943,0.101389885,0.5,0.498405579905883,1e-05
HA-0644,Hospital A,0,0,0.07985665,0.08322573,0.5,0.498405579905883,1e-05
HA-0645,Hospital A,0,0,0.16343498,0.17845106,0.5,0.498405579905883,1e-05
HA-0646,Hospital A,0,0,0.061595608,0.063574314,0.5,0.498405579905883,1e-05
HA-0647,Hospital A,0,0,0.062641926,0.064689875,0.5,0.498405579905883,1e-05
HA-0648,Hospital A,0,0,0.15867858,0.17278147,0.5,0.498405579905883,1e-05
HA-0649,Hospital A,0,0,0.19803824,0.2206943,0.5,0.498405579905883,1e-05
HA-0650,Hospital A,0,1,0.08659808,0.09057927,0.5,0.498405579905883,1e-05
HA-0651,Hospital A,0,1,0.12113317,0.1291219,0.5,0.498405579905883,1e-05
HA-0652,Hospital A,0,0,0.10208462,0.10767937,0.5,0.498405579905883,1e-05
HA-0653,Hospital A,1,0,0.089667186,2.4116504,0.5,0.498405579905883,1e-05
HA-0654,Hospital A,0,0,0.042885624,0.043832302,0.5,0.498405579905883,1e-05
HA-0655,Hospital A,0,0,0.183811,0.20310926,0.5,0.498405579905883,1e-05
HA-0656,Hospital A,0,0,0.1323603,0.14197874,0.5,0.498405579905883,1e-05
HA-0657,Hospital A,0,1,0.0865297,0.09050441,0.5,0.498405579905883,1e-05
HA-0658,Hospital A,0,0,0.05140914,0.052777767,0.5,0.498405579905883,1e-05
HA-0659,Hospital A,0,0,0.10454647,0.110424995,0.5,0.498405579905883,1e-05
HA-0660,Hospital A,0,1,0.08030498,0.083713055,0.5,0.498405579905883,1e-05
HA-0661,Hospital A,0,1,0.095443614,0.100310564,0.5,0.498405579905883,1e-05
HA-0662,Hospital A,1,1,0.16077633,1.8277411,0.5,0.498405579905883,1e-05
HA-0663,Hospital A,0,0,0.06769965,0.07010031,0.5,0.498405579905883,1e-05
HA-0664,Hospital A,0,1,0.057775762,0.0595119,0.5,0.498405579905883,1e-05
HA-0665,Hospital A,0,1,0.06942464,0.071952105,0.5,0.498405579905883,1e-05
HA-0666,Hospital A,0,1,0.053293098,0.0547657,0.5,0.498405579905883,1e-05
HA-0667,Hospital A,0,1,0.05216024,0.053569794,0.5,0.498405579905883,1e-05
HA-0668,Hospital A,1,1,0.084756136,2.467977,0.5,0.498405579905883,1e-05
HA-0669,Hospital A,0,1,0.14776205,0.15988946,0.5,0.498405579905883,1e-05
HA-0670,Hospital A,0,0,0.085104294,0.08894515,0.5,0.498405579905883,1e-05
HA-0671,Hospital A,0,1,0.081261694,0.08475399,0.5,0.498405579905883,1e-05
HA-0672,Hospital A,1,0,0.10196424,2.283133,0.5,0.498405579905883,1e-05
HA-0673,Hospital A,0,1,0.1209349,0.12889624,0.5,0.498405579905883,1e-05
HA-0674,Hospital A,0,1,0.10796593,0.1142509,0.5,0.498405579905883,1e-05
HA-0675,Hospital A,1,0,0.10982044,2.2089086,0.5,0.498405579905883,1e-05
HA-0676,Hospital A,0,1,0.051922206,0.05331874,0.5,0.498405579905883,1e-05
HA-0677,Hospital A,1,0,0.12080575,2.1135714,0.5,0.498405579905883,1e-05
HA-0678,Hospital A,1,1,0.23142165,1.4635139,0.5,0.498405579905883,1e-05
HA-0679,Hospital A,0,1,0.11010689,0.11665392,0.5,0.498405579905883,1e-05
HA-0680,Hospital A,0,1,0.08426699,0.08803034,0.5,0.498405579905883,1e-05
HA-0681,Hospital A,0,0,0.0709066,0.07354593,0.5,0.498405579905883,1e-05
HA-0682,Hospital A,0,1,0.09143363,0.09588742,0.5,0.498405579905883,1e-05
HA-0683,Hospital A,1,1,0.19401455,1.639822,0.5,0.498405579905883,1e-05
HA-0684,Hospital A,0,1,0.07600491,0.07904863,0.5,0.498405579905883,1e-05
HA-0685,Hospital A,1,0,0.1817176,1.7053014,0.5,0.498405579905883,1e-05
HA-0686,Hospital A,0,0,0.07037663,0.072975636,0.5,0.498405579905883,1e-05
HA-0687,Hospital A,0,1,0.076676145,0.07977533,0.5,0.498405579905883,1e-05
HA-0688,Hospital A,0,1,0.0960768,0.1010108,0.5,0.498405579905883,1e-05
HA-0689,Hospital A,0,1,0.13951607,0.15026033,0.5,0.498405579905883,1e-05
HA-0690,Hospital A,0,0,0.049377833,0.050638676,0.5,0.498405579905883,1e-05
HA-0691,Hospital A,0,1,0.10388809,0.10968995,0.5,0.498405579905883,1e-05
HA-0692,Hospital A,1,0,0.121711984,2.106098,0.5,0.498405579905883,1e-05
HA-0693,Hospital A,0,0,0.10108336,0.106565,0.5,0.498405579905883,1e-05
HA-0694,Hospital A,0,0,0.07052069,0.073130846,0.5,0.498405579905883,1e-05
HA-0695,Hospital A,0,1,0.07834583,0.08158517,0.5,0.498405579905883,1e-05
HA-0696,Hospital A,0,1,0.10050201,0.10591841,0.5,0.498405579905883,1e-05
HA-0697,Hospital A,0,0,0.058683783,0.060476065,0.5,0.498405579905883,1e-05
HA-0698,Hospital A,0,1,0.052624837,0.05406022,0.5,0.498405579905883,1e-05
HA-0699,Hospital A,0,1,0.053718083,0.055214643,0.5,0.498405579905883,1e-05
HA-0700,Hospital A,0,1,0.116074465,0.12338257,0.5,0.498405579905883,1e-05
HA-0701,Hospital A,0,1,0.13974689,0.15052867,0.5,0.498405579905883,1e-05
HA-0702,Hospital A,0,0,0.11421914,0.12128568,0.5,0.498405579905883,1e-05
HA-0703,Hospital A,0,0,0.065403566,0.06764054,0.5,0.498405579905883,1e-05
HA-0704,Hospital A,1,0,0.10999581,2.207313,0.5,0.498405579905883,1e-05
HA-0705,Hospital A,1,0,0.3213673,1.1351706,0.5,0.498405579905883,1e-05
HA-0706,Hospital A,0,1,0.10232023,0.107941866,0.5,0.498405579905883,1e-05
HA-0707,Hospital A,0,1,0.049050823,0.050294638,0.5,0.498405579905883,1e-05
HA-0708,Hospital A,0,0,0.1285543,0.13760161,0.5,0.498405579905883,1e-05
HA-0709,Hospital A,0,1,0.1945061,0.21629965,0.5,0.498405579905883,1e-05
HA-0710,Hospital A,0,1,0.07571789,0.078737974,0.5,0.498405579905883,1e-05
HA-0711,Hospital A,0,0,0.12165804,0.12971926,0.5,0.498405579905883,1e-05
HA-0712,Hospital A,1,0,0.19308585,1.6446203,0.5,0.498405579905883,1e-05
HA-0713,Hospital A,0,0,0.07654084,0.079628706,0.5,0.498405579905883,1e-05
HA-0714,Hospital A,0,0,0.11818056,0.12576795,0.5,0.498405579905883,1e-05
HA-0715,Hospital A,0,0,0.091772124,0.09626007,0.5,0.498405579905883,1e-05
HA-0716,Hospital A,1,1,0.0781851,2.5486763,0.5,0.498405579905883,1e-05
HA-0717,Hospital A,0,1,0.08802471,0.09214234,0.5,0.498405579905883,1e-05
HA-0718,Hospital A,1,1,0.18704218,1.6764212,0.5,0.498405579905883,1e-05
HA-0719,Hospital A,0,1,0.08420577,0.08796358,0.5,0.498405579905883,1e-05
HA-0720,Hospital A,0,0,0.06449405,0.066667795,0.5,0.498405579905883,1e-05
HA-0721,Hospital A,0,0,0.07289793,0.0756917,0.5,0.498405579905883,1e-05
HA-0722,Hospital A,1,0,0.12927191,2.0458374,0.5,0.498405579905883,1e-05
HA-0723,Hospital A,0,1,0.062198926,0.06421733,0.5,0.498405579905883,1e-05
HA-0724,Hospital A,1,0,0.08151806,2.5069306,0.5,0.498405579905883,1e-05
HA-0725,Hospital A,0,0,0.07328142,0.076105356,0.5,0.498405579905883,1e-05
HA-0726,Hospital A,0,1,0.093643576,0.09832263,0.5,0.498405579905883,1e-05
HA-0727,Hospital A,0,1,0.10300502,0.108705044,0.5,0.498405579905883,1e-05
HA-0728,Hospital A,1,0,0.13179284,2.026524,0.5,0.498405579905883,1e-05
HA-0729,Hospital A,1,0,0.10123142,2.2903461,0.5,0.498405579905883,1e-05
HA-0730,Hospital A,0,0,0.09608504,0.1010201,0.5,0.498405579905883,1e-05
HA-0731,Hospital A,0,1,0.10616671,0.11223602,0.5,0.498405579905883,1e-05
HA-0732,Hospital A,0,0,0.07896713,0.082259655,0.5,0.498405579905883,1e-05
HA-0733,Hospital A,0,0,0.08863261,0.0928092,0.5,0.498405579905883,1e-05
HA-0734,Hospital A,1,1,0.14173947,1.9537647,0.5,0.498405579905883,1e-05
HA-0735,Hospital A,0,1,0.122975565,0.13122046,0.5,0.498405579905883,1e-05
HA-0736,Hospital A,1,0,0.09955135,2.3070817,0.5,0.498405579905883,1e-05
HA-0737,Hospital A,1,0,0.07408207,2.6025817,0.5,0.498405579905883,1e-05
HA-0738,Hospital A,0,1,0.12940873,0.1385827,0.5,0.498405579905883,1e-05
HA-0739,Hospital A,0,0,0.07745036,0.08061409,0.5,0.498405579905883,1e-05
HA-0740,Hospital A,1,0,0.050000466,2.995723,0.5,0.498405579905883,1e-05
HA-0741,Hospital A,1,0,0.10658271,2.238834,0.5,0.498405579905883,1e-05
HA-0742,Hospital A,0,1,0.07284549,0.07563496,0.5,0.498405579905883,1e-05
HA-0743,Hospital A,0,1,0.063992836,0.06613207,0.5,0.498405579905883,1e-05
HA-0744,Hospital A,0,1,0.06873491,0.07121134,0.5,0.498405579905883,1e-05
HA-0745,Hospital A,0,1,0.07154512,0.07423353,0.5,0.498405579905883,1e-05
HA-0746,Hospital A,0,1,0.08207758,0.08564234,0.5,0.498405579905883,1e-05
HA-0747,Hospital A,1,0,0.13885659,1.9743135,0.5,0.498405579905883,1e-05
HA-0748,Hospital A,1,1,0.13182962,2.0262449,0.5,0.498405579905883,1e-05
HA-0749,Hospital A,0,0,0.095840365,0.100749254,0.5,0.498405579905883,1e-05
HA-0750,Hospital A,0,0,0.068969235,0.07146287,0.5,0.498405579905883,1e-05
HA-0751,Hospital A,0,1,0.13018537,0.13947523,0.5,0.498405579905883,1e-05
HA-0752,Hospital A,1,0,0.09745323,2.3283827,0.5,0.498405579905883,1e-05
HA-0753,Hospital A,0,1,0.0705185,0.07312846,0.5,0.498405579905883,1e-05
HA-0754,Hospital A,1,0,0.18453124,1.6899364,0.5,0.498405579905883,1e-05
HA-0755,Hospital A,1,1,0.13167255,2.0274372,0.5,0.498405579905883,1e-05
HA-0756,Hospital A,0,1,0.10772083,0.11397624,0.5,0.498405579905883,1e-05
HA-0757,Hospital A,0,1,0.055746764,0.057360888,0.5,0.498405579905883,1e-05
HA-0758,Hospital A,1,1,0.11624998,2.1520123,0.5,0.498405579905883,1e-05
HA-0759,Hospital A,0,0,0.1261885,0.13489068,0.5,0.498405579905883,1e-05
HA-0760,Hospital A,1,1,0.075975984,2.577338,0.5,0.498405579905883,1e-05
HA-0761,Hospital A,1,0,0.08943097,2.4142883,0.5,0.498405579905883,1e-05
HA-0762,Hospital A,0,1,0.0718254,0.07453537,0.5,0.498405579905883,1e-05
HA-0763,Hospital A,0,1,0.14497826,0.15662837,0.5,0.498405579905883,1e-05
HA-0764,Hospital A,0,0,0.1166628,0.12404823,0.5,0.498405579905883,1e-05
HA-0765,Hospital A,0,1,0.0752764,0.07826042,0.5,0.498405579905883,1e-05
HA-0766,Hospital A,0,1,0.085668296,0.08956194,0.5,0.498405579905883,1e-05
HA-0767,Hospital A,1,0,0.22363076,1.4977591,0.5,0.498405579905883,1e-05
HA-0768,Hospital A,1,0,0.04852454,3.0256855,0.5,0.498405579905883,1e-05
HA-0769,Hospital A,0,1,0.048994444,0.05023527,0.5,0.498405579905883,1e-05
HA-0770,Hospital A,1,0,0.08846897,2.4251034,0.5,0.498405579905883,1e-05
HA-0771,Hospital A,0,1,0.060171086,0.062057495,0.5,0.498405579905883,1e-05
HA-0772,Hospital A,0,0,0.08795892,0.09207034,0.5,0.498405579905883,1e-05
HA-0773,Hospital A,0,0,0.09090765,0.09530854,0.5,0.498405579905883,1e-05
HA-0774,Hospital A,0,1,0.087959856,0.092071295,0.5,0.498405579905883,1e-05
HA-0775,Hospital A,0,0,0.07497107,0.07793021,0.5,0.498405579905883,1e-05
HA-0776,Hospital A,0,0,0.101122014,0.106607914,0.5,0.498405579905883,1e-05
HA-0777,Hospital A,0,1,0.09270162,0.09728384,0.5,0.498405579905883,1e-05
HA-0778,Hospital A,0,0,0.10716245,0.11335063,0.5,0.498405579905883,1e-05
HA-0779,Hospital A,0,0,0.15580118,0.1693672,0.5,0.498405579905883,1e-05
HA-0780,Hospital A,1,0,0.09003655,2.4075396,0.5,0.498405579905883,1e-05
HA-0781,Hospital A,0,0,0.0724974,0.075259686,0.5,0.498405579905883,1e-05
HA-0782,Hospital A,0,1,0.06668957,0.06901741,0.5,0.498405579905883,1e-05
HA-0783,Hospital A,0,1,0.08632944,0.0902853,0.5,0.498405579905883,1e-05
HA-0784,Hospital A,0,0,0.10547609,0.11146355,0.5,0.498405579905883,1e-05
HA-0785,Hospital A,0,0,0.11460929,0.121726274,0.5,0.498405579905883,1e-05
HA-0786,Hospital A,0,1,0.054996043,0.05656624,0.5,0.498405579905883,1e-05
HA-0787,Hospital A,0,1,0.118489146,0.12611794,0.5,0.498405579905883,1e-05
HA-0788,Hospital A,0,1,0.0554018,0.05699563,0.5,0.498405579905883,1e-05
HA-0789,Hospital A,0,0,0.07528452,0.07826924,0.5,0.498405579905883,1e-05
HA-0790,Hospital A,0,1,0.15111719,0.1638341,0.5,0.498405579905883,1e-05
HA-0791,Hospital A,0,1,0.052770324,0.054213762,0.5,0.498405579905883,1e-05
HA-0792,Hospital A,0,0,0.06695429,0.06930113,0.5,0.498405579905883,1e-05
HA-0793,Hospital A,1,1,0.11428153,2.1690903,0.5,0.498405579905883,1e-05
HA-0794,Hospital A,0,1,0.08139647,0.08490062,0.5,0.498405579905883,1e-05
HA-0795,Hospital A,0,1,0.060487807,0.06239438,0.5,0.498405579905883,1e-05
HA-0796,Hospital A,0,1,0.060515888,0.06242442,0.5,0.498405579905883,1e-05
HA-0797,Hospital A,1,1,0.09272578,2.3781087,0.5,0.498405579905883,1e-05
HA-0798,Hospital A,0,0,0.08644944,0.09041643,0.5,0.498405579905883,1e-05
HA-0799,Hospital A,0,1,0.091299,0.095739126,0.5,0.498405579905883,1e-05
HA-0800,Hospital A,1,0,0.06402297,2.7485132,0.5,0.498405579905883,1e-05
HA-0801,Hospital A,0,0,0.09778927,0.10290718,0.5,0.498405579905883,1e-05
HA-0802,Hospital A,0,1,0.09990344,0.10525322,0.5,0.498405579905883,1e-05
HA-0803,Hospital A,0,0,0.104455136,0.11032295,0.5,0.498405579905883,1e-05
HA-0804,Hospital A,0,1,0.098576725,0.10378027,0.5,0.498405579905883,1e-05
HA-0805,Hospital A,1,0,0.0709726,2.6454613,0.5,0.498405579905883,1e-05
HA-0806,Hospital A,1,1,0.10049245,2.2976727,0.5,0.498405579905883,1e-05
HA-0807,Hospital A,0,1,0.072165996,0.074902534,0.5,0.498405579905883,1e-05
HA-0808,Hospital A,0,1,0.06497278,0.06717968,0.5,0.498405579905883,1e-05
HA-0809,Hospital A,0,1,0.07309916,0.07590866,0.5,0.498405579905883,1e-05
HA-0810,Hospital A,0,0,0.092963554,0.097572565,0.5,0.498405579905883,1e-05
HA-0811,Hospital A,0,0,0.071594685,0.07428694,0.5,0.498405579905883,1e-05
HA-0812,Hospital A,0,1,0.11992092,0.12774348,0.5,0.498405579905883,1e-05
HA-0813,Hospital A,0,0,0.108947255,0.11535168,0.5,0.498405579905883,1e-05
HA-0814,Hospital A,1,1,0.08874289,2.4220119,0.5,0.498405579905883,1e-05
HA-0815,Hospital A,1,1,0.054039713,2.918036,0.5,0.498405579905883,1e-05
HA-0816,Hospital A,0,1,0.08013476,0.08352804,0.5,0.498405579905883,1e-05
HA-0817,Hospital A,0,0,0.07874234,0.082015514,0.5,0.498405579905883,1e-05
HA-0818,Hospital A,0,0,0.08861187,0.09278631,0.5,0.498405579905883,1e-05
HA-0819,Hospital A,0,0,0.08939258,0.09364343,0.5,0.498405579905883,1e-05
HA-0820,Hospital A,0,0,0.049386706,0.050647974,0.5,0.498405579905883,1e-05
HA-0821,Hospital A,0,0,0.07836756,0.08160877,0.5,0.498405579905883,1e-05
HA-0822,Hospital A,0,0,0.13593073,0.14610231,0.5,0.498405579905883,1e-05
HA-0823,Hospital A,0,1,0.05609718,0.057732105,0.5,0.498405579905883,1e-05
HA-0824,Hospital A,0,1,0.070900954,0.07353997,0.5,0.498405579905883,1e-05
HA-0825,Hospital A,0,0,0.074871495,0.077822685,0.5,0.498405579905883,1e-05
HA-0826,Hospital A,0,0,0.06634124,0.068644285,0.5,0.498405579905883,1e-05
HA-0827,Hospital A,0,0,0.1091373,0.11556506,0.5,0.498405579905883,1e-05
HA-0828,Hospital A,1,1,0.14380568,1.9392923,0.5,0.498405579905883,1e-05
HA-0829,Hospital A,1,0,0.12122148,2.110136,0.5,0.498405579905883,1e-05
HA-0830,Hospital A,0,0,0.05718081,0.058880806,0.5,0.498405579905883,1e-05
HA-0831,Hospital A,0,1,0.08819386,0.09232783,0.5,0.498405579905883,1e-05
HA-0832,Hospital A,0,1,0.08432346,0.08809209,0.5,0.498405579905883,1e-05
HA-0833,Hospital A,0,1,0.08322737,0.086895704,0.5,0.498405579905883,1e-05
HA-0834,Hospital A,0,0,0.071739905,0.07444334,0.5,0.498405579905883,1e-05
HA-0835,Hospital A,0,0,0.11491146,0.12206769,0.5,0.498405579905883,1e-05
HA-0836,Hospital A,0,1,0.08538589,0.08925295,0.5,0.498405579905883,1e-05
HA-0837,Hospital A,0,0,0.08818477,0.09231782,0.5,0.498405579905883,1e-05
HA-0838,Hospital A,0,0,0.1116301,0.11836696,0.5,0.498405579905883,1e-05
HA-0839,Hospital A,1,1,0.1204526,2.116499,0.5,0.498405579905883,1e-05
HA-0840,Hospital A,0,0,0.0806795,0.08412051,0.5,0.498405579905883,1e-05
HA-0841,Hospital A,0,0,0.081331536,0.084830046,0.5,0.498405579905883,1e-05
HA-0842,Hospital A,0,0,0.058770765,0.06056857,0.5,0.498405579905883,1e-05
HA-0843,Hospital A,0,0,0.099768214,0.105103016,0.5,0.498405579905883,1e-05
HA-0844,Hospital A,0,1,0.087582834,0.09165788,0.5,0.498405579905883,1e-05
HA-0845,Hospital A,1,0,0.08528729,2.4617298,0.5,0.498405579905883,1e-05
HA-0846,Hospital A,0,0,0.09683635,0.10185146,0.5,0.498405579905883,1e-05
HA-0847,Hospital A,1,1,0.13785352,1.9815637,0.5,0.498405579905883,1e-05
HA-0848,Hospital A,0,0,0.1215377,0.12958229,0.5,0.498405579905883,1e-05
HA-0849,Hospital A,0,0,0.08268948,0.086309195,0.5,0.498405579905883,1e-05
HA-0850,Hospital A,1,1,0.09420431,2.3622894,0.5,0.498405579905883,1e-05
HA-0851,Hospital A,0,1,0.095497124,0.10036969,0.5,0.498405579905883,1e-05
HA-0852,Hospital A,0,1,0.08337492,0.08705664,0.5,0.498405579905883,1e-05
HA-0853,Hospital A,1,0,0.08991648,2.408874,0.5,0.498405579905883,1e-05
HA-0854,Hospital A,1,0,0.12283211,2.0969367,0.5,0.498405579905883,1e-05
HA-0855,Hospital A,0,1,0.15580042,0.16936636,0.5,0.498405579905883,1e-05
HA-0856,Hospital A,0,1,0.098930664,0.10417318,0.5,0.498405579905883,1e-05
HA-0857,Hospital A,0,0,0.14322717,0.1545825,0.5,0.498405579905883,1e-05
HA-0858,Hospital A,1,0,0.05183464,2.9596968,0.5,0.498405579905883,1e-05
HA-0859,Hospital A,0,1,0.04397497,0.044971228,0.5,0.498405579905883,1e-05
HA-0860,Hospital A,0,1,0.12428616,0.13271594,0.5,0.498405579905883,1e-05
HA-0861,Hospital A,0,1,0.10328887,0.109021425,0.5,0.498405579905883,1e-05
HA-0862,Hospital A,0,1,0.056035675,0.057667017,0.5,0.498405579905883,1e-05
HA-0863,Hospital A,0,0,0.09598758,0.100912094,0.5,0.498405579905883,1e-05
HA-0864,Hospital A,1,1,0.21583956,1.5332199,0.5,0.498405579905883,1e-05
HA-0865,Hospital A,0,0,0.0935754,0.09824753,0.5,0.498405579905883,1e-05
HA-0866,Hospital A,1,1,0.11035263,2.2040741,0.5,0.498405579905883,1e-05
HA-0867,Hospital A,0,1,0.07005314,0.07262778,0.5,0.498405579905883,1e-05
HA-0868,Hospital A,0,1,0.06768035,0.070079565,0.5,0.498405579905883,1e-05
HA-0869,Hospital A,0,1,0.060566224,0.062478065,0.5,0.498405579905883,1e-05
HA-0870,Hospital A,0,1,0.06205849,0.0640676,0.5,0.498405579905883,1e-05
HA-0871,Hospital A,0,1,0.10201318,0.10759997,0.5,0.498405579905883,1e-05
HA-0872,Hospital A,0,0,0.068521045,0.07098174,0.5,0.498405579905883,1e-05
HA-0873,Hospital A,0,1,0.06794173,0.070359945,0.5,0.498405579905883,1e-05
HA-0874,Hospital A,0,0,0.057226468,0.058929205,0.5,0.498405579905883,1e-05
HA-0875,Hospital A,0,0,0.108005404,0.114295244,0.5,0.498405579905883,1e-05
HA-0876,Hospital A,0,0,0.101864636,0.10743451,0.5,0.498405579905883,1e-05
HA-0877,Hospital A,0,0,0.08215789,0.08572984,0.5,0.498405579905883,1e-05
HA-0878,Hospital A,0,0,0.08020706,0.08360672,0.5,0.498405579905883,1e-05
HA-0879,Hospital A,0,0,0.08966481,0.093942404,0.5,0.498405579905883,1e-05
HA-0880,Hospital A,0,0,0.080030136,0.083414316,0.5,0.498405579905883,1e-05
HA-0881,Hospital A,0,0,0.076902136,0.08001995,0.5,0.498405579905883,1e-05
HA-0882,Hospital A,0,0,0.074756,0.077697754,0.5,0.498405579905883,1e-05
HA-0883,Hospital A,0,0,0.06754908,0.06993866,0.5,0.498405579905883,1e-05
HA-0884,Hospital A,0,1,0.09358314,0.09825587,0.5,0.498405579905883,1e-05
HA-0885,Hospital A,0,0,0.07088155,0.07351899,0.5,0.498405579905883,1e-05
HA-0886,Hospital A,0,1,0.110504545,0.117100954,0.5,0.498405579905883,1e-05
HA-0887,Hospital A,0,0,0.058903124,0.060709238,0.5,0.498405579905883,1e-05
HA-0888,Hospital A,1,0,0.15459615,1.8669391,0.5,0.498405579905883,1e-05
HA-0889,Hospital A,0,0,0.08574488,0.089645624,0.5,0.498405579905883,1e-05
HA-0890,Hospital A,0,0,0.056207273,0.057848692,0.5,0.498405579905883,1e-05
HA-0891,Hospital A,0,0,0.051858958,0.05325198,0.5,0.498405579905883,1e-05
HA-0892,Hospital A,0,1,0.082609646,0.08622217,0.5,0.498405579905883,1e-05
HA-0893,Hospital A,0,1,0.0657568,0.06801844,0.5,0.498405579905883,1e-05
HA-0894,Hospital A,0,0,0.066660136,0.06898594,0.5,0.498405579905883,1e-05
HA-0895,Hospital A,1,0,0.08503215,2.464726,0.5,0.498405579905883,1e-05
HA-0896,Hospital A,0,0,0.1267847,0.13557315,0.5,0.498405579905883,1e-05
HA-0897,Hospital A,1,0,0.1448519,1.9320436,0.5,0.498405579905883,1e-05
HA-0898,Hospital A,0,1,0.11568278,0.12293935,0.5,0.498405579905883,1e-05
HA-0899,Hospital A,0,1,0.1063178,0.11240506,0.5,0.498405579905883,1e-05
HA-0900,Hospital A,0,1,0.055479538,0.057077885,0.5,0.498405579905883,1e-05
HA-0901,Hospital A,0,1,0.07558307,0.07859206,0.5,0.498405579905883,1e-05
HA-0902,Hospital A,0,1,0.09648453,0.101462126,0.5,0.498405579905883,1e-05
HA-0903,Hospital A,0,0,0.14813319,0.16032505,0.5,0.498405579905883,1e-05
HA-0904,Hospital A,0,1,0.13318092,0.14292502,0.5,0.498405579905883,1e-05
HA-0905,Hospital A,0,0,0.06518578,0.06740737,0.5,0.498405579905883,1e-05
HA-0906,Hospital A,0,1,0.144471,0.1560353,0.5,0.498405579905883,1e-05
HA-0907,Hospital A,1,1,0.10145957,2.288095,0.5,0.498405579905883,1e-05
HA-0908,Hospital A,1,0,0.055734705,2.8871522,0.5,0.498405579905883,1e-05
HA-0909,Hospital A,1,0,0.19913206,1.6137872,0.5,0.498405579905883,1e-05
HA-0910,Hospital A,0,1,0.054981176,0.056550503,0.5,0.498405579905883,1e-05
HA-0911,Hospital A,0,1,0.08539691,0.08926511,0.5,0.498405579905883,1e-05
HA-0912,Hospital A,1,1,0.07482965,2.592541,0.5,0.498405579905883,1e-05
HA-0913,Hospital A,0,1,0.11957364,0.12734902,0.5,0.498405579905883,1e-05
HA-0914,Hospital A,0,1,0.0739743,0.076853275,0.5,0.498405579905883,1e-05
HA-0915,Hospital A,0,0,0.07633086,0.079401255,0.5,0.498405579905883,1e-05
HA-0916,Hospital A,0,0,0.12438739,0.13283145,0.5,0.498405579905883,1e-05
HA-0917,Hospital A,1,1,0.12569527,2.0738947,0.5,0.498405579905883,1e-05
HA-0918,Hospital A,1,1,0.12501825,2.0792956,0.5,0.498405579905883,1e-05
HA-0919,Hospital A,0,0,0.12929468,0.1384517,0.5,0.498405579905883,1e-05
HA-0920,Hospital A,0,1,0.067434706,0.06981611,0.5,0.498405579905883,1e-05
HA-0921,Hospital A,1,0,0.0762808,2.573334,0.5,0.498405579905883,1e-05
HA-0922,Hospital A,0,1,0.08629325,0.090245485,0.5,0.498405579905883,1e-05
HA-0923,Hospital A,0,1,0.06543461,0.06767368,0.5,0.498405579905883,1e-05
HA-0924,Hospital A,0,1,0.10805882,0.11435509,0.5,0.498405579905883,1e-05
HA-0925,Hospital A,0,1,0.14542724,0.1571536,0.5,0.498405579905883,1e-05
HA-0926,Hospital A,1,0,0.13242383,2.0217476,0.5,0.498405579905883,1e-05
HA-0927,Hospital A,1,1,0.13830134,1.9783202,0.5,0.498405579905883,1e-05
HA-0928,Hospital A,1,1,0.08276881,2.491704,0.5,0.498405579905883,1e-05
HA-0929,Hospital A,0,0,0.065347455,0.06758046,0.5,0.498405579905883,1e-05
HA-0930,Hospital A,1,0,0.18471994,1.6889145,0.5,0.498405579905883,1e-05
HA-0931,Hospital A,0,0,0.11718671,0.12464166,0.5,0.498405579905883,1e-05
HA-0932,Hospital A,0,1,0.067254305,0.069622755,0.5,0.498405579905883,1e-05
HA-0933,Hospital A,0,0,0.09624731,0.10119963,0.5,0.498405579905883,1e-05
HA-0934,Hospital A,0,0,0.11975485,0.12755477,0.5,0.498405579905883,1e-05
HA-0935,Hospital A,1,1,0.098755315,2.31511,0.5,0.498405579905883,1e-05
HA-0936,Hospital A,0,1,0.084774524,0.0885849,0.5,0.498405579905883,1e-05
HA-0937,Hospital A,0,1,0.09671802,0.10172057,0.5,0.498405579905883,1e-05
HA-0938,Hospital A,1,0,0.101626,2.2864559,0.5,0.498405579905883,1e-05
HA-0939,Hospital A,1,1,0.13922286,1.9716793,0.5,0.498405579905883,1e-05
HA-0940,Hospital A,0,1,0.117668286,0.12518716,0.5,0.498405579905883,1e-05
HA-0941,Hospital A,0,0,0.09660333,0.101593494,0.5,0.498405579905883,1e-05
HA-0942,Hospital A,0,0,0.07498274,0.07794285,0.5,0.498405579905883,1e-05
HA-0943,Hospital A,1,1,0.15402119,1.8706651,0.5,0.498405579905883,1e-05
HA-0944,Hospital A,0,0,0.08354493,0.08724213,0.5,0.498405579905883,1e-05
HA-0945,Hospital A,0,1,0.091251716,0.09568715,0.5,0.498405579905883,1e-05
HA-0946,Hospital A,0,1,0.085782155,0.089686394,0.5,0.498405579905883,1e-05
HA-0947,Hospital A,0,0,0.07750971,0.08067846,0.5,0.498405579905883,1e-05
HA-0948,Hospital A,0,0,0.057600565,0.059326172,0.5,0.498405579905883,1e-05
HA-0949,Hospital A,0,0,0.10094142,0.106407166,0.5,0.498405579905883,1e-05
HA-0950,Hospital A,0,1,0.04527608,0.046333075,0.5,0.498405579905883,1e-05
HA-0951,Hospital A,0,0,0.08051867,0.08394551,0.5,0.498405579905883,1e-05
HA-0952,Hospital A,0,1,0.11551144,0.12274575,0.5,0.498405579905883,1e-05
HA-0953,Hospital A,1,1,0.09075139,2.3996315,0.5,0.498405579905883,1e-05
HA-0954,Hospital A,0,0,0.08413439,0.08788562,0.5,0.498405579905883,1e-05
HA-0955,Hospital A,0,1,0.06157956,0.06355715,0.5,0.498405579905883,1e-05
HA-0956,Hospital A,0,0,0.13182555,0.14136267,0.5,0.498405579905883,1e-05
HA-0957,Hospital A,1,0,0.10429386,2.2605429,0.5,0.498405579905883,1e-05
HA-0958,Hospital A,0,0,0.10032428,0.105721,0.5,0.498405579905883,1e-05
HA-0959,Hospital A,0,0,0.08426755,0.08803105,0.5,0.498405579905883,1e-05
HA-0960,Hospital A,1,1,0.13561119,1.9979634,0.5,0.498405579905883,1e-05
HA-0961,Hospital A,0,0,0.13307713,0.14280522,0.5,0.498405579905883,1e-05
HA-0962,Hospital A,0,0,0.09412461,0.09885359,0.5,0.498405579905883,1e-05
HA-0963,Hospital A,0,0,0.12677409,0.13556099,0.5,0.498405579905883,1e-05
HA-0964,Hospital A,1,1,0.07485538,2.5921974,0.5,0.498405579905883,1e-05
HA-0965,Hospital A,0,1,0.08208936,0.08565521,0.5,0.498405579905883,1e-05
HA-0966,Hospital A,0,0,0.05926207,0.061090708,0.5,0.498405579905883,1e-05
HA-0967,Hospital A,1,1,0.08878945,2.4214876,0.5,0.498405579905883,1e-05
HA-0968,Hospital A,0,1,0.07292391,0.075719595,0.5,0.498405579905883,1e-05
HA-0969,Hospital A,0,0,0.113017604,0.11993027,0.5,0.498405579905883,1e-05
HA-0970,Hospital A,0,1,0.08790717,0.0920136,0.5,0.498405579905883,1e-05
HA-0971,Hospital A,0,0,0.079410814,0.0827415,0.5,0.498405579905883,1e-05
HA-0972,Hospital A,0,0,0.08049478,0.083919525,0.5,0.498405579905883,1e-05
HA-0973,Hospital A,0,1,0.07286354,0.07565451,0.5,0.498405579905883,1e-05
HA-0974,Hospital A,1,1,0.16003202,1.8323814,0.5,0.498405579905883,1e-05
HA-0975,Hospital A,0,0,0.051520627,0.052895308,0.5,0.498405579905883,1e-05
HA-0976,Hospital A,0,0,0.108709864,0.11508536,0.5,0.498405579905883,1e-05
HA-0977,Hospital A,0,1,0.09511312,0.09994531,0.5,0.498405579905883,1e-05
HA-0978,Hospital A,0,0,0.06359916,0.06571174,0.5,0.498405579905883,1e-05
HA-0979,Hospital A,0,1,0.063250214,0.06533909,0.5,0.498405579905883,1e-05
HA-0980,Hospital A,0,1,0.12551832,0.13412392,0.5,0.498405579905883,1e-05
HA-0981,Hospital A,0,0,0.08686458,0.090871096,0.5,0.498405579905883,1e-05
HA-0982,Hospital A,0,1,0.12439585,0.13284111,0.5,0.498405579905883,1e-05
HA-0983,Hospital A,0,0,0.15469097,0.16805303,0.5,0.498405579905883,1e-05
HA-0984,Hospital A,1,1,0.08282905,2.4909763,0.5,0.498405579905883,1e-05
HA-0985,Hospital A,0,0,0.06614059,0.06842947,0.5,0.498405579905883,1e-05
HA-0986,Hospital A,0,1,0.08163526,0.08516073,0.5,0.498405579905883,1e-05
HA-0987,Hospital A,0,1,0.08746805,0.09153223,0.5,0.498405579905883,1e-05
HA-0988,Hospital A,0,0,0.09194968,0.096455574,0.5,0.498405579905883,1e-05
HA-0989,Hospital A,0,0,0.06157428,0.063551664,0.5,0.498405579905883,1e-05
HA-0990,Hospital A,0,1,0.08621132,0.09015584,0.5,0.498405579905883,1e-05
HA-0991,Hospital A,0,0,0.06796276,0.070382595,0.5,0.498405579905883,1e-05
HA-0992,Hospital A,1,0,0.09516489,2.3521442,0.5,0.498405579905883,1e-05
HA-0993,Hospital A,0,0,0.13642505,0.14667463,0.5,0.498405579905883,1e-05
HA-0994,Hospital A,0,1,0.069015786,0.07151294,0.5,0.498405579905883,1e-05
HA-0995,Hospital A,0,1,0.06521486,0.0674386,0.5,0.498405579905883,1e-05
HA-0996,Hospital A,0,0,0.074422754,0.07733774,0.5,0.498405579905883,1e-05
HA-0997,Hospital A,0,1,0.12288745,0.13111997,0.5,0.498405579905883,1e-05
HA-0998,Hospital A,1,0,0.12014386,2.1190653,0.5,0.498405579905883,1e-05
HA-0999,Hospital A,0,1,0.08745801,0.09152126,0.5,0.498405579905883,1e-05
HA-1000,Hospital A,1,0,0.14203288,1.9516968,0.5,0.498405579905883,1e-05
HB-0001,Hospital B,1,0,0.16125071,1.824795,0.5,0.498405579905883,1e-05
HB-0002,Hospital B,0,0,0.1279726,0.13693452,0.5,0.498405579905883,1e-05
HB-0003,Hospital B,0,1,0.08066947,0.084109545,0.5,0.498405579905883,1e-05
HB-0004,Hospital B,0,0,0.13047871,0.13981259,0.5,0.498405579905883,1e-05
HB-0005,Hospital B,1,1,0.24077968,1.423873,0.5,0.498405579905883,1e-05
HB-0006,Hospital B,0,1,0.15678729,0.17053604,0.5,0.498405579905883,1e-05
HB-0007,Hospital B,1,1,0.11453824,2.1668465,0.5,0.498405579905883,1e-05
HB-0008,Hospital B,0,0,0.1346854,0.14466214,0.5,0.498405579905883,1e-05
HB-0009,Hospital B,0,1,0.08334793,0.08702731,0.5,0.498405579905883,1e-05
HB-0010,Hospital B,0,1,0.12660761,0.13537025,0.5,0.498405579905883,1e-05
HB-0011,Hospital B,1,0,0.18147695,1.7066267,0.5,0.498405579905883,1e-05
HB-0012,Hospital B,1,0,0.10061348,2.296469,0.5,0.498405579905883,1e-05
HB-0013,Hospital B,1,0,0.14917774,1.9026169,0.5,0.498405579905883,1e-05
HB-0014,Hospital B,1,1,0.13613963,1.9940743,0.5,0.498405579905883,1e-05
HB-0015,Hospital B,1,0,0.11452608,2.1669528,0.5,0.498405579905883,1e-05
HB-0016,Hospital B,0,0,0.16199465,0.17673075,0.5,0.498405579905883,1e-05
HB-0017,Hospital B,1,0,0.14834747,1.9081981,0.5,0.498405579905883,1e-05
HB-0018,Hospital B,0,0,0.09640238,0.10137105,0.5,0.498405579905883,1e-05
HB-0019,Hospital B,0,0,0.14619711,0.15805495,0.5,0.498405579905883,1e-05
HB-0020,Hospital B,0,0,0.10086191,0.10631871,0.5,0.498405579905883,1e-05
HB-0021,Hospital B,1,1,0.22038181,1.5123937,0.5,0.498405579905883,1e-05
HB-0022,Hospital B,0,1,0.11656924,0.123942375,0.5,0.498405579905883,1e-05
HB-0023,Hospital B,0,0,0.09653993,0.1015234,0.5,0.498405579905883,1e-05
HB-0024,Hospital B,0,0,0.094542384,0.09931469,0.5,0.498405579905883,1e-05
HB-0025,Hospital B,1,0,0.14424986,1.9362084,0.5,0.498405579905883,1e-05
HB-0026,Hospital B,1,1,0.22653164,1.4848707,0.5,0.498405579905883,1e-05
HB-0027,Hospital B,1,1,0.12194599,2.104177,0.5,0.498405579905883,1e-05
HB-0028,Hospital B,1,1,0.22065446,1.5111573,0.5,0.498405579905883,1e-05
HB-0029,Hospital B,1,0,0.17259365,1.7568152,0.5,0.498405579905883,1e-05
HB-0030,Hospital B,0,0,0.124472395,0.13292861,0.5,0.498405579905883,1e-05
HB-0031,Hospital B,1,1,0.16770244,1.7855641,0.5,0.498405579905883,1e-05
HB-0032,Hospital B,0,0,0.1199902,0.12782216,0.5,0.498405579905883,1e-05
HB-0033,Hospital B,0,0,0.21838085,0.24638772,0.5,0.498405579905883,1e-05
HB-0034,Hospital B,0,0,0.10282175,0.10850072,0.5,0.498405579905883,1e-05
HB-0035,Hospital B,0,0,0.10935286,0.11580706,0.5,0.498405579905883,1e-05
HB-0036,Hospital B,0,0,0.105410375,0.111390114,0.5,0.498405579905883,1e-05
HB-0037,Hospital B,0,1,0.093472965,0.09813452,0.5,0.498405579905883,1e-05
HB-0038,Hospital B,1,0,0.110738784,2.200581,0.5,0.498405579905883,1e-05
HB-0039,Hospital B,1,1,0.16456169,1.8044698,0.5,0.498405579905883,1e-05
HB-0040,Hospital B,0,1,0.09221248,0.096745014,0.5,0.498405579905883,1e-05
HB-0041,Hospital B,1,0,0.12563156,2.0744019,0.5,0.498405579905883,1e-05
HB-0042,Hospital B,0,0,0.1434104,0.15479636,0.5,0.498405579905883,1e-05
HB-0043,Hospital B,0,0,0.074635975,0.077568054,0.5,0.498405579905883,1e-05
HB-0044,Hospital B,1,1,0.11260895,2.183834,0.5,0.498405579905883,1e-05
HB-0045,Hospital B,1,0,0.1971914,1.6235805,0.5,0.498405579905883,1e-05
HB-0046,Hospital B,1,1,0.14424449,1.9362454,0.5,0.498405579905883,1e-05
HB-0047,Hospital B,1,1,0.16679682,1.7909789,0.5,0.498405579905883,1e-05
HB-0048,Hospital B,0,1,0.11565772,0.122911215,0.5,0.498405579905883,1e-05
HB-0049,Hospital B,1,0,0.17071015,1.7677882,0.5,0.498405579905883,1e-05
HB-0050,Hospital B,0,1,0.118713155,0.1263721,0.5,0.498405579905883,1e-05
HB-0051,Hospital B,0,1,0.1163205,0.1236608,0.5,0.498405579905883,1e-05
HB-0052,Hospital B,1,0,0.19043887,1.658424,0.5,0.498405579905883,1e-05
HB-0053,Hospital B,0,1,0.13615325,0.14635992,0.5,0.498405579905883,1e-05
HB-0054,Hospital B,1,0,0.16622902,1.7943888,0.5,0.498405579905883,1e-05
HB-0055,Hospital B,1,0,0.107943565,2.2261467,0.5,0.498405579905883,1e-05
HB-0056,Hospital B,0,0,0.15245998,0.1654172,0.5,0.498405579905883,1e-05
HB-0057,Hospital B,0,0,0.15861985,0.17271173,0.5,0.498405579905883,1e-05
HB-0058,Hospital B,0,1,0.11577988,0.12304926,0.5,0.498405579905883,1e-05
HB-0059,Hospital B,1,1,0.12669833,2.0659463,0.5,0.498405579905883,1e-05
HB-0060,Hospital B,1,1,0.21325186,1.5452814,0.5,0.498405579905883,1e-05
HB-0061,Hospital B,0,1,0.1525599,0.16553509,0.5,0.498405579905883,1e-05
HB-0062,Hospital B,1,1,0.13250765,2.0211148,0.5,0.498405579905883,1e-05
HB-0063,Hospital B,0,1,0.2145144,0.24145317,0.5,0.498405579905883,1e-05
HB-0064,Hospital B,1,0,0.17450255,1.7458159,0.5,0.498405579905883,1e-05
HB-0065,Hospital B,0,0,0.13476188,0.1447506,0.5,0.498405579905883,1e-05
HB-0066,Hospital B,0,0,0.073788114,0.07665229,0.5,0.498405579905883,1e-05
HB-0067,Hospital B,1,0,0.20960905,1.5625112,0.5,0.498405579905883,1e-05
HB-0068,Hospital B,0,0,0.09296354,0.097572565,0.5,0.498405579905883,1e-05
HB-0069,Hospital B,0,1,0.102876335,0.108561516,0.5,0.498405579905883,1e-05
HB-0070,Hospital B,0,0,0.20133503,0.2248137,0.5,0.498405579905883,1e-05
HB-0071,Hospital B,1,0,0.14214195,1.950929,0.5,0.498405579905883,1e-05
HB-0072,Hospital B,0,1,0.16331105,0.17830288,0.5,0.498405579905883,1e-05
HB-0073,Hospital B,1,1,0.1417714,1.9535394,0.5,0.498405579905883,1e-05
HB-0074,Hospital B,1,1,0.12833086,2.0531435,0.5,0.498405579905883,1e-05
HB-0075,Hospital B,1,1,0.103985876,2.2635002,0.5,0.498405579905883,1e-05
HB-0076,Hospital B,1,1,0.28274378,1.2632141,0.5,0.498405579905883,1e-05
HB-0077,Hospital B,1,1,0.103875086,2.2645662,0.5,0.498405579905883,1e-05
HB-0078,Hospital B,0,0,0.20309044,0.22701406,0.5,0.498405579905883,1e-05
HB-0079,Hospital B,1,1,0.13569207,1.9973671,0.5,0.498405579905883,1e-05
HB-0080,Hospital B,0,0,0.10114,0.10662794,0.5,0.498405579905883,1e-05
HB-0081,Hospital B,0,1,0.09857651,0.10378003,0.5,0.498405579905883,1e-05
HB-0082,Hospital B,0,0,0.113674514,0.120671034,0.5,0.498405579905883,1e-05
HB-0083,Hospital B,1,0,0.10191278,2.283638,0.5,0.498405579905883,1e-05
HB-0084,Hospital B,1,0,0.1808744,1.7099524,0.5,0.498405579905883,1e-05
HB-0085,Hospital B,0,1,0.10851307,0.11486459,0.5,0.498405579905883,1e-05
HB-0086,Hospital B,1,1,0.1647728,1.8031877,0.5,0.498405579905883,1e-05
HB-0087,Hospital B,0,1,0.07572753,0.078748465,0.5,0.498405579905883,1e-05
HB-0088,Hospital B,1,0,0.21947482,1.5165178,0.5,0.498405579905883,1e-05
HB-0089,Hospital B,1,0,0.14136192,1.9564319,0.5,0.498405579905883,1e-05
HB-0090,Hospital B,0,0,0.12362717,0.13196361,0.5,0.498405579905883,1e-05
HB-0091,Hospital B,1,1,0.16254865,1.816778,0.5,0.498405579905883,1e-05
HB-0092,Hospital B,0,1,0.1003845,0.105787754,0.5,0.498405579905883,1e-05
HB-0093,Hospital B,0,0,0.082966425,0.08661127,0.5,0.498405579905883,1e-05
HB-0094,Hospital B,0,0,0.098830335,0.1040616,0.5,0.498405579905883,1e-05
HB-0095,Hospital B,1,1,0.2267287,1.4840012,0.5,0.498405579905883,1e-05
HB-0096,Hospital B,1,1,0.13536409,1.9997872,0.5,0.498405579905883,1e-05
HB-0097,Hospital B,1,0,0.23445,1.450513,0.5,0.498405579905883,1e-05
HB-0098,Hospital B,1,0,0.16559592,1.7982047,0.5,0.498405579905883,1e-05
HB-0099,Hospital B,0,0,0.08552744,0.08940792,0.5,0.498405579905883,1e-05
HB-0100,Hospital B,0,1,0.16208716,0.17684114,0.5,0.498405579905883,1e-05
HB-0101,Hospital B,1,0,0.23077573,1.466309,0.5,0.498405579905883,1e-05
HB-0102,Hospital B,0,0,0.14155456,0.15263212,0.5,0.498405579905883,1e-05
HB-0103,Hospital B,0,1,0.13559482,0.14571369,0.5,0.498405579905883,1e-05
HB-0104,Hospital B,1,0,0.08301097,2.4887824,0.5,0.498405579905883,1e-05
HB-0105,Hospital B,0,0,0.11775327,0.12528348,0.5,0.498405579905883,1e-05
HB-0106,Hospital B,1,0,0.12886414,2.0489967,0.5,0.498405579905883,1e-05
HB-0107,Hospital B,1,0,0.20778966,1.571229,0.5,0.498405579905883,1e-05
HB-0108,Hospital B,0,1,0.068784036,0.07126403,0.5,0.498405579905883,1e-05
HB-0109,Hospital B,1,0,0.23009741,1.4692526,0.5,0.498405579905883,1e-05
HB-0110,Hospital B,1,0,0.15554258,1.8608358,0.5,0.498405579905883,1e-05
HB-0111,Hospital B,0,0,0.2048474,0.22922122,0.5,0.498405579905883,1e-05
HB-0112,Hospital B,1,0,0.106865115,2.2361877,0.5,0.498405579905883,1e-05
HB-0113,Hospital B,0,1,0.18389863,0.20321667,0.5,0.498405579905883,1e-05
HB-0114,Hospital B,0,0,0.16572852,0.18119645,0.5,0.498405579905883,1e-05
HB-0115,Hospital B,1,0,0.1920734,1.6498777,0.5,0.498405579905883,1e-05
HB-0116,Hospital B,1,1,0.2634268,1.3339796,0.5,0.498405579905883,1e-05
HB-0117,Hospital B,0,0,0.2149828,0.2420497,0.5,0.498405579905883,1e-05
HB-0118,Hospital B,0,1,0.06718042,0.06954336,0.5,0.498405579905883,1e-05
HB-0119,Hospital B,0,1,0.07212217,0.07485509,0.5,0.498405579905883,1e-05
HB-0120,Hospital B,1,1,0.1273388,2.060904,0.5,0.498405579905883,1e-05
HB-0121,Hospital B,0,1,0.123562664,0.13189006,0.5,0.498405579905883,1e-05
HB-0122,Hospital B,0,1,0.093456805,0.09811664,0.5,0.498405579905883,1e-05
HB-0123,Hospital B,1,0,0.08465704,2.469147,0.5,0.498405579905883,1e-05
HB-0124,Hospital B,1,1,0.12398197,2.0876193,0.5,0.498405579905883,1e-05
HB-0125,Hospital B,1,1,0.15386273,1.8716944,0.5,0.498405579905883,1e-05
HB-0126,Hospital B,0,1,0.13251399,0.14215589,0.5,0.498405579905883,1e-05
HB-0127,Hospital B,1,1,0.1730037,1.7544422,0.5,0.498405579905883,1e-05
HB-0128,Hospital B,1,1,0.08619605,2.4511309,0.5,0.498405579905883,1e-05
HB-0129,Hospital B,0,1,0.16876154,0.18483853,0.5,0.498405579905883,1e-05
HB-0130,Hospital B,1,1,0.22181447,1.505914,0.5,0.498405579905883,1e-05
HB-0131,Hospital B,0,1,0.11942534,0.12718058,0.5,0.498405579905883,1e-05
HB-0132,Hospital B,1,0,0.12785424,2.0568645,0.5,0.498405579905883,1e-05
HB-0133,Hospital B,0,1,0.1808679,0.19950986,0.5,0.498405579905883,1e-05
HB-0134,Hospital B,0,1,0.119257815,0.12699044,0.5,0.498405579905883,1e-05
HB-0135,Hospital B,0,0,0.08004792,0.08343363,0.5,0.498405579905883,1e-05
HB-0136,Hospital B,0,0,0.07787392,0.081073284,0.5,0.498405579905883,1e-05
HB-0137,Hospital B,1,0,0.2846804,1.2563882,0.5,0.498405579905883,1e-05
HB-0138,Hospital B,0,0,0.09351485,0.09818053,0.5,0.498405579905883,1e-05
HB-0139,Hospital B,1,1,0.11080771,2.1999588,0.5,0.498405579905883,1e-05
HB-0140,Hospital B,1,0,0.15766294,1.8472958,0.5,0.498405579905883,1e-05
HB-0141,Hospital B,0,0,0.16030058,0.17471135,0.5,0.498405579905883,1e-05
HB-0142,Hospital B,1,0,0.14894004,1.9042115,0.5,0.498405579905883,1e-05
HB-0143,Hospital B,0,0,0.1862553,0.20610857,0.5,0.498405579905883,1e-05
HB-0144,Hospital B,1,0,0.2539938,1.3704454,0.5,0.498405579905883,1e-05
HB-0145,Hospital B,1,1,0.14839691,1.9078648,0.5,0.498405579905883,1e-05
HB-0146,Hospital B,0,1,0.14928444,0.16167748,0.5,0.498405579905883,1e-05
HB-0147,Hospital B,1,1,0.083382785,2.4843132,0.5,0.498405579905883,1e-05
HB-0148,Hospital B,1,0,0.22278681,1.50154,0.5,0.498405579905883,1e-05
HB-0149,Hospital B,0,0,0.08238775,0.085980415,0.5,0.498405579905883,1e-05
HB-0150,Hospital B,0,1,0.1333835,0.14315867,0.5,0.498405579905883,1e-05
HB-0151,Hospital B,0,0,0.11493486,0.122093916,0.5,0.498405579905883,1e-05
HB-0152,Hospital B,1,0,0.12565693,2.0741997,0.5,0.498405579905883,1e-05
HB-0153,Hospital B,0,1,0.11899512,0.12669206,0.5,0.498405579905883,1e-05
HB-0154,Hospital B,0,0,0.1572572,0.17109346,0.5,0.498405579905883,1e-05
HB-0155,Hospital B,1,1,0.13694973,1.9881413,0.5,0.498405579905883,1e-05
HB-0156,Hospital B,1,0,0.13576804,1.9968075,0.5,0.498405579905883,1e-05
HB-0157,Hospital B,1,0,0.19990763,1.6098999,0.5,0.498405579905883,1e-05
HB-0158,Hospital B,0,1,0.08455784,0.08834815,0.5,0.498405579905883,1e-05
HB-0159,Hospital B,1,1,0.25497398,1.3665938,0.5,0.498405579905883,1e-05
HB-0160,Hospital B,1,1,0.10346976,2.268476,0.5,0.498405579905883,1e-05
HB-0161,Hospital B,0,1,0.16732524,0.18311214,0.5,0.498405579905883,1e-05
HB-0162,Hospital B,0,0,0.08222057,0.08579826,0.5,0.498405579905883,1e-05
HB-0163,Hospital B,1,1,0.1261103,2.0705984,0.5,0.498405579905883,1e-05
HB-0164,Hospital B,1,1,0.18244052,1.701331,0.5,0.498405579905883,1e-05
HB-0165,Hospital B,0,1,0.092727706,0.09731269,0.5,0.498405579905883,1e-05
HB-0166,Hospital B,0,1,0.108031504,0.11432457,0.5,0.498405579905883,1e-05
HB-0167,Hospital B,0,0,0.14675173,0.15870476,0.5,0.498405579905883,1e-05
HB-0168,Hospital B,0,1,0.087212436,0.09125209,0.5,0.498405579905883,1e-05
HB-0169,Hospital B,1,0,0.16343516,1.8113389,0.5,0.498405579905883,1e-05
HB-0170,Hospital B,1,0,0.24830338,1.393104,0.5,0.498405579905883,1e-05
HB-0171,Hospital B,0,1,0.11891739,0.12660384,0.5,0.498405579905883,1e-05
HB-0172,Hospital B,0,1,0.10017737,0.10555768,0.5,0.498405579905883,1e-05
HB-0173,Hospital B,0,0,0.08441782,0.088195086,0.5,0.498405579905883,1e-05
HB-0174,Hospital B,0,0,0.18441986,0.20385563,0.5,0.498405579905883,1e-05
HB-0175,Hospital B,1,1,0.13659732,1.9907179,0.5,0.498405579905883,1e-05
HB-0176,Hospital B,0,0,0.088425726,0.092582226,0.5,0.498405579905883,1e-05
HB-0177,Hospital B,1,0,0.11170222,2.1919186,0.5,0.498405579905883,1e-05
HB-0178,Hospital B,0,0,0.16739394,0.18319464,0.5,0.498405579905883,1e-05
HB-0179,Hospital B,1,1,0.13387866,2.0108213,0.5,0.498405579905883,1e-05
HB-0180,Hospital B,0,1,0.10565553,0.111664295,0.5,0.498405579905883,1e-05
HB-0181,Hospital B,1,0,0.08397953,2.4771821,0.5,0.498405579905883,1e-05
HB-0182,Hospital B,0,1,0.1669504,0.18266213,0.5,0.498405579905883,1e-05
HB-0183,Hospital B,1,1,0.14348687,1.9415118,0.5,0.498405579905883,1e-05
HB-0184,Hospital B,1,1,0.14931734,1.9016814,0.5,0.498405579905883,1e-05
HB-0185,Hospital B,1,1,0.20436125,1.5878661,0.5,0.498405579905883,1e-05
HB-0186,Hospital B,0,0,0.18435352,0.20377421,0.5,0.498405579905883,1e-05
HB-0187,Hospital B,0,0,0.13139935,0.14087176,0.5,0.498405579905883,1e-05
HB-0188,Hospital B,0,0,0.10145661,0.106980324,0.5,0.498405579905883,1e-05
HB-0189,Hospital B,0,0,0.14175692,0.15286791,0.5,0.498405579905883,1e-05
HB-0190,Hospital B,1,0,0.10397591,2.263596,0.5,0.498405579905883,1e-05
HB-0191,Hospital B,1,0,0.17895424,1.7206252,0.5,0.498405579905883,1e-05
HB-0192,Hospital B,1,0,0.094174325,2.3626077,0.5,0.498405579905883,1e-05
HB-0193,Hospital B,0,0,0.08715686,0.09119129,0.5,0.498405579905883,1e-05
HB-0194,Hospital B,0,1,0.12418048,0.13259518,0.5,0.498405579905883,1e-05
HB-0195,Hospital B,1,1,0.14898057,1.9039394,0.5,0.498405579905883,1e-05
HB-0196,Hospital B,0,0,0.16558526,0.18102479,0.5,0.498405579905883,1e-05
HB-0197,Hospital B,1,0,0.09725628,2.3304057,0.5,0.498405579905883,1e-05
HB-0198,Hospital B,1,1,0.18060626,1.711436,0.5,0.498405579905883,1e-05
HB-0199,Hospital B,1,0,0.11541323,2.1592362,0.5,0.498405579905883,1e-05
HB-0200,Hospital B,0,0,0.09111255,0.095534086,0.5,0.498405579905883,1e-05
HB-0201,Hospital B,1,1,0.08357622,2.4819963,0.5,0.498405579905883,1e-05
HB-0202,Hospital B,1,0,0.20394382,1.5899107,0.5,0.498405579905883,1e-05
HB-0203,Hospital B,0,0,0.14175414,0.1528647,0.5,0.498405579905883,1e-05
HB-0204,Hospital B,1,0,0.20194302,1.5997697,0.5,0.498405579905883,1e-05
HB-0205,Hospital B,1,1,0.12195025,2.1041422,0.5,0.498405579905883,1e-05
HB-0206,Hospital B,1,1,0.21491925,1.5374929,0.5,0.498405579905883,1e-05
HB-0207,Hospital B,1,1,0.25988874,1.3475016,0.5,0.498405579905883,1e-05
HB-0208,Hospital B,0,0,0.113100305,0.12002349,0.5,0.498405579905883,1e-05
HB-0209,Hospital B,0,1,0.16537136,0.18076837,0.5,0.498405579905883,1e-05
HB-0210,Hospital B,0,0,0.1436,0.15501773,0.5,0.498405579905883,1e-05
HB-0211,Hospital B,1,0,0.06987561,2.6610386,0.5,0.498405579905883,1e-05
HB-0212,Hospital B,1,0,0.15405005,1.8704778,0.5,0.498405579905883,1e-05
HB-0213,Hospital B,1,1,0.15655296,1.8543609,0.5,0.498405579905883,1e-05
HB-0214,Hospital B,1,0,0.11919686,2.1269789,0.5,0.498405579905883,1e-05
HB-0215,Hospital B,1,1,0.35304728,1.0411533,0.5,0.498405579905883,1e-05
HB-0216,Hospital B,0,1,0.108699635,0.11507368,0.5,0.498405579905883,1e-05
HB-0217,Hospital B,0,1,0.15288338,0.16591692,0.5,0.498405579905883,1e-05
HB-0218,Hospital B,0,1,0.11661101,0.12398958,0.5,0.498405579905883,1e-05
HB-0219,Hospital B,1,0,0.08382937,2.4789717,0.5,0.498405579905883,1e-05
HB-0220,Hospital B,0,0,0.06104865,0.06299162,0.5,0.498405579905883,1e-05
HB-0221,Hospital B,0,0,0.17874165,0.19691753,0.5,0.498405579905883,1e-05
HB-0222,Hospital B,1,0,0.16094176,1.8267126,0.5,0.498405579905883,1e-05
HB-0223,Hospital B,0,0,0.068702824,0.07117677,0.5,0.498405579905883,1e-05
HB-0224,Hospital B,0,1,0.07972448,0.0830822,0.5,0.498405579905883,1e-05
HB-0225,Hospital B,1,0,0.15353204,1.8738459,0.5,0.498405579905883,1e-05
HB-0226,Hospital B,0,1,0.16528553,0.18066561,0.5,0.498405579905883,1e-05
HB-0227,Hospital B,0,0,0.08414477,0.08789706,0.5,0.498405579905883,1e-05
HB-0228,Hospital B,1,1,0.11859054,2.1320786,0.5,0.498405579905883,1e-05
HB-0229,Hospital B,1,0,0.09365135,2.3681765,0.5,0.498405579905883,1e-05
HB-0230,Hospital B,1,1,0.18609467,1.6814997,0.5,0.498405579905883,1e-05
HB-0231,Hospital B,1,1,0.17794415,1.7262855,0.5,0.498405579905883,1e-05
HB-0232,Hospital B,0,0,0.115552545,0.122792244,0.5,0.498405579905883,1e-05
HB-0233,Hospital B,0,1,0.082797796,0.08642721,0.5,0.498405579905883,1e-05
HB-0234,Hospital B,1,0,0.27237305,1.3005826,0.5,0.498405579905883,1e-05
HB-0235,Hospital B,1,0,0.07647008,2.5708559,0.5,0.498405579905883,1e-05
HB-0236,Hospital B,1,1,0.23357277,1.4542617,0.5,0.498405579905883,1e-05
HB-0237,Hospital B,0,0,0.17561947,0.19312298,0.5,0.498405579905883,1e-05
HB-0238,Hospital B,1,1,0.16026683,1.8309152,0.5,0.498405579905883,1e-05
HB-0239,Hospital B,0,1,0.08848658,0.09264898,0.5,0.498405579905883,1e-05
HB-0240,Hospital B,1,0,0.16309465,1.8134246,0.5,0.498405579905883,1e-05
HB-0241,Hospital B,1,0,0.18061757,1.7113733,0.5,0.498405579905883,1e-05
HB-0242,Hospital B,0,1,0.110225715,0.11678743,0.5,0.498405579905883,1e-05
HB-0243,Hospital B,0,0,0.12435874,0.13279867,0.5,0.498405579905883,1e-05
HB-0244,Hospital B,1,1,0.15781818,1.8463117,0.5,0.498405579905883,1e-05
HB-0245,Hospital B,0,0,0.09076373,0.09515023,0.5,0.498405579905883,1e-05
HB-0246,Hospital B,1,0,0.16332313,1.8120246,0.5,0.498405579905883,1e-05
HB-0247,Hospital B,0,1,0.16784468,0.1837362,0.5,0.498405579905883,1e-05
HB-0248,Hospital B,1,1,0.12789884,2.0565157,0.5,0.498405579905883,1e-05
HB-0249,Hospital B,1,0,0.18742102,1.6743977,0.5,0.498405579905883,1e-05
HB-0250,Hospital B,1,0,0.13623849,1.9933484,0.5,0.498405579905883,1e-05
HB-0251,Hospital B,0,0,0.07196885,0.074689865,0.5,0.498405579905883,1e-05
HB-0252,Hospital B,0,0,0.106479086,0.112585545,0.5,0.498405579905883,1e-05
HB-0253,Hospital B,1,1,0.2377559,1.4365108,0.5,0.498405579905883,1e-05
HB-0254,Hospital B,0,1,0.115872934,0.1231544,0.5,0.498405579905883,1e-05
HB-0255,Hospital B,0,0,0.113861986,0.12088251,0.5,0.498405579905883,1e-05
HB-0256,Hospital B,1,0,0.23157506,1.4628513,0.5,0.498405579905883,1e-05
HB-0257,Hospital B,0,1,0.20373881,0.22782803,0.5,0.498405579905883,1e-05
HB-0258,Hospital B,1,1,0.09093175,2.397646,0.5,0.498405579905883,1e-05
HB-0259,Hospital B,0,1,0.10665599,0.11278343,0.5,0.498405579905883,1e-05
HB-0260,Hospital B,1,0,0.2085531,1.5675616,0.5,0.498405579905883,1e-05
HB-0261,Hospital B,0,1,0.07530593,0.07829237,0.5,0.498405579905883,1e-05
HB-0262,Hospital B,1,1,0.18786368,1.6720387,0.5,0.498405579905883,1e-05
HB-0263,Hospital B,0,1,0.059455004,0.061295748,0.5,0.498405579905883,1e-05
HB-0264,Hospital B,1,1,0.10974735,2.2095745,0.5,0.498405579905883,1e-05
HB-0265,Hospital B,0,0,0.22456083,0.25432575,0.5,0.498405579905883,1e-05
HB-0266,Hospital B,1,0,0.10543142,2.2496946,0.5,0.498405579905883,1e-05
HB-0267,Hospital B,0,1,0.113093816,0.1200161,0.5,0.498405579905883,1e-05
HB-0268,Hospital B,1,0,0.08010992,2.5243556,0.5,0.498405579905883,1e-05
HB-0269,Hospital B,1,0,0.16643675,1.7931399,0.5,0.498405579905883,1e-05
HB-0270,Hospital B,0,0,0.09894554,0.104189634,0.5,0.498405579905883,1e-05
HB-0271,Hospital B,1,1,0.18054801,1.7117585,0.5,0.498405579905883,1e-05
HB-0272,Hospital B,1,0,0.19708991,1.6240953,0.5,0.498405579905883,1e-05
HB-0273,Hospital B,0,1,0.13121964,0.14066505,0.5,0.498405579905883,1e-05
HB-0274,Hospital B,0,1,0.1723297,0.18914032,0.5,0.498405579905883,1e-05
HB-0275,Hospital B,1,0,0.09968905,2.3056993,0.5,0.498405579905883,1e-05
HB-0276,Hospital B,0,1,0.198813,0.22166085,0.5,0.498405579905883,1e-05
HB-0277,Hospital B,0,1,0.10052334,0.10594225,0.5,0.498405579905883,1e-05
HB-0278,Hospital B,0,0,0.099858016,0.105202675,0.5,0.498405579905883,1e-05
HB-0279,Hospital B,0,1,0.10993946,0.11646581,0.5,0.498405579905883,1e-05
HB-0280,Hospital B,1,1,0.17687322,1.7323221,0.5,0.498405579905883,1e-05
HB-0281,Hospital B,1,0,0.11720658,2.1438172,0.5,0.498405579905883,1e-05
HB-0282,Hospital B,0,1,0.11216514,0.11896944,0.5,0.498405579905883,1e-05
HB-0283,Hospital B,1,0,0.14856428,1.9067376,0.5,0.498405579905883,1e-05
HB-0284,Hospital B,0,0,0.14691216,0.15889275,0.5,0.498405579905883,1e-05
HB-0285,Hospital B,0,1,0.20634964,0.23111224,0.5,0.498405579905883,1e-05
HB-0286,Hospital B,1,1,0.21593855,1.5327615,0.5,0.498405579905883,1e-05
HB-0287,Hospital B,1,1,0.23985979,1.4277008,0.5,0.498405579905883,1e-05
HB-0288,Hospital B,0,1,0.12796228,0.1369226,0.5,0.498405579905883,1e-05
HB-0289,Hospital B,0,1,0.09339554,0.098048925,0.5,0.498405579905883,1e-05
HB-0290,Hospital B,1,0,0.18778273,1.6724696,0.5,0.498405579905883,1e-05
HB-0291,Hospital B,1,0,0.11254533,2.1843994,0.5,0.498405579905883,1e-05
HB-0292,Hospital B,0,0,0.10805154,0.11434698,0.5,0.498405579905883,1e-05
HB-0293,Hospital B,0,0,0.12661496,0.13537884,0.5,0.498405579905883,1e-05
HB-0294,Hospital B,0,0,0.09336377,0.09801388,0.5,0.498405579905883,1e-05
HB-0295,Hospital B,1,0,0.15612012,1.8571296,0.5,0.498405579905883,1e-05
HB-0296,Hospital B,1,0,0.09153816,2.3909993,0.5,0.498405579905883,1e-05
HB-0297,Hospital B,1,0,0.19205478,1.6499746,0.5,0.498405579905883,1e-05
HB-0298,Hospital B,1,1,0.2109336,1.556212,0.5,0.498405579905883,1e-05
HB-0299,Hospital B,0,0,0.18839025,0.2087357,0.5,0.498405579905883,1e-05
HB-0300,Hospital B,1,1,0.12692602,2.0641508,0.5,0.498405579905883,1e-05
HB-0301,Hospital B,1,0,0.08031894,2.5217497,0.5,0.498405579905883,1e-05
HB-0302,Hospital B,0,0,0.14620604,0.15806544,0.5,0.498405579905883,1e-05
HB-0303,Hospital B,0,1,0.112465054,0.11930728,0.5,0.498405579905883,1e-05
HB-0304,Hospital B,1,0,0.20505808,1.5844619,0.5,0.498405579905883,1e-05
HB-0305,Hospital B,1,0,0.08585581,2.455086,0.5,0.498405579905883,1e-05
HB-0306,Hospital B,0,1,0.13477015,0.14476013,0.5,0.498405579905883,1e-05
HB-0307,Hospital B,0,0,0.10269714,0.10836172,0.5,0.498405579905883,1e-05
HB-0308,Hospital B,1,1,0.104030475,2.2630715,0.5,0.498405579905883,1e-05
HB-0309,Hospital B,1,0,0.19774647,1.6207695,0.5,0.498405579905883,1e-05
HB-0310,Hospital B,1,1,0.23569758,1.4452057,0.5,0.498405579905883,1e-05
HB-0311,Hospital B,1,0,0.10510319,2.2528126,0.5,0.498405579905883,1e-05
HB-0312,Hospital B,0,1,0.113535404,0.120514154,0.5,0.498405579905883,1e-05
HB-0313,Hospital B,1,0,0.13362828,2.0126934,0.5,0.498405579905883,1e-05
HB-0314,Hospital B,0,0,0.08816447,0.09229565,0.5,0.498405579905883,1e-05
HB-0315,Hospital B,1,1,0.11618814,2.1525445,0.5,0.498405579905883,1e-05
HB-0316,Hospital B,0,1,0.08398038,0.08771753,0.5,0.498405579905883,1e-05
HB-0317,Hospital B,1,1,0.23666003,1.4411306,0.5,0.498405579905883,1e-05
HB-0318,Hospital B,0,1,0.1213379,0.12935495,0.5,0.498405579905883,1e-05
HB-0319,Hospital B,1,0,0.18119404,1.7081867,0.5,0.498405579905883,1e-05
HB-0320,Hospital B,0,1,0.070592284,0.073207855,0.5,0.498405579905883,1e-05
HB-0321,Hospital B,0,1,0.13231264,0.1419239,0.5,0.498405579905883,1e-05
HB-0322,Hospital B,0,1,0.17671935,0.19445813,0.5,0.498405579905883,1e-05
HB-0323,Hospital B,1,1,0.11835802,2.134041,0.5,0.498405579905883,1e-05
HB-0324,Hospital B,0,0,0.094684094,0.09947133,0.5,0.498405579905883,1e-05
HB-0325,Hospital B,0,1,0.17158286,0.1882385,0.5,0.498405579905883,1e-05
HB-0326,Hospital B,0,1,0.2018348,0.22543967,0.5,0.498405579905883,1e-05
HB-0327,Hospital B,1,1,0.12632811,2.0688727,0.5,0.498405579905883,1e-05
HB-0328,Hospital B,1,1,0.18926731,1.664595,0.5,0.498405579905883,1e-05
HB-0329,Hospital B,1,0,0.23409453,1.4520302,0.5,0.498405579905883,1e-05
HB-0330,Hospital B,1,1,0.09402566,2.3641877,0.5,0.498405579905883,1e-05
HB-0331,Hospital B,1,1,0.35029563,1.0489779,0.5,0.498405579905883,1e-05
HB-0332,Hospital B,1,1,0.09036594,2.403888,0.5,0.498405579905883,1e-05
HB-0333,Hospital B,0,0,0.11268579,0.11955619,0.5,0.498405579905883,1e-05
HB-0334,Hospital B,1,1,0.16653486,1.7925506,0.5,0.498405579905883,1e-05
HB-0335,Hospital B,0,1,0.20413029,0.22831976,0.5,0.498405579905883,1e-05
HB-0336,Hospital B,0,1,0.0857229,0.089621544,0.5,0.498405579905883,1e-05
HB-0337,Hospital B,1,0,0.09079796,2.3991184,0.5,0.498405579905883,1e-05
HB-0338,Hospital B,0,1,0.0977414,0.10285401,0.5,0.498405579905883,1e-05
HB-0339,Hospital B,0,1,0.1721527,0.18892658,0.5,0.498405579905883,1e-05
HB-0340,Hospital B,1,1,0.13529354,2.0003085,0.5,0.498405579905883,1e-05
HB-0341,Hospital B,0,1,0.09003526,0.094349384,0.5,0.498405579905883,1e-05
HB-0342,Hospital B,1,0,0.25070584,1.3834751,0.5,0.498405579905883,1e-05
HB-0343,Hospital B,0,0,0.1223921,0.13055527,0.5,0.498405579905883,1e-05
HB-0344,Hospital B,0,0,0.17986833,0.19829035,0.5,0.498405579905883,1e-05
HB-0345,Hospital B,0,0,0.10684107,0.112990856,0.5,0.498405579905883,1e-05
HB-0346,Hospital B,0,0,0.20499763,0.22941017,0.5,0.498405579905883,1e-05
HB-0347,Hospital B,0,0,0.13932227,0.15003514,0.5,0.498405579905883,1e-05
HB-0348,Hospital B,0,0,0.19374089,0.21535015,0.5,0.498405579905883,1e-05
HB-0349,Hospital B,1,1,0.19412217,1.6392677,0.5,0.498405579905883,1e-05
HB-0350,Hospital B,0,0,0.064672224,0.06685829,0.5,0.498405579905883,1e-05
HB-0351,Hospital B,1,1,0.11482302,2.1643634,0.5,0.498405579905883,1e-05
HB-0352,Hospital B,1,0,0.19834948,1.6177248,0.5,0.498405579905883,1e-05
HB-0353,Hospital B,1,0,0.118530415,2.1325855,0.5,0.498405579905883,1e-05
HB-0354,Hospital B,1,1,0.24974337,1.3873215,0.5,0.498405579905883,1e-05
HB-0355,Hospital B,1,0,0.12780027,2.0572865,0.5,0.498405579905883,1e-05
HB-0356,Hospital B,0,0,0.0942552,0.09899759,0.5,0.498405579905883,1e-05
HB-0357,Hospital B,0,0,0.097091,0.10213351,0.5,0.498405579905883,1e-05
HB-0358,Hospital B,0,0,0.14389528,0.1553626,0.5,0.498405579905883,1e-05
HB-0359,Hospital B,1,1,0.10114017,2.2912478,0.5,0.498405579905883,1e-05
HB-0360,Hospital B,1,0,0.13136698,2.0297604,0.5,0.498405579905883,1e-05
HB-0361,Hospital B,0,0,0.11885749,0.12653589,0.5,0.498405579905883,1e-05
HB-0362,Hospital B,0,1,0.08908123,0.093301535,0.5,0.498405579905883,1e-05
HB-0363,Hospital B,0,0,0.08781318,0.09191036,0.5,0.498405579905883,1e-05
HB-0364,Hospital B,1,1,0.10921781,2.2144113,0.5,0.498405579905883,1e-05
HB-0365,Hospital B,1,0,0.13892566,1.9738163,0.5,0.498405579905883,1e-05
HB-0366,Hospital B,1,0,0.13757524,1.9835844,0.5,0.498405579905883,1e-05
HB-0367,Hospital B,1,1,0.22748514,1.4806705,0.5,0.498405579905883,1e-05
HB-0368,Hospital B,0,1,0.21064343,0.2365371,0.5,0.498405579905883,1e-05
HB-0369,Hospital B,0,1,0.14747608,0.159554,0.5,0.498405579905883,1e-05
HB-0370,Hospital B,0,1,0.12517622,0.1337328,0.5,0.498405579905883,1e-05
HB-0371,Hospital B,1,1,0.1947693,1.6359395,0.5,0.498405579905883,1e-05
HB-0372,Hospital B,1,1,0.082171395,2.498948,0.5,0.498405579905883,1e-05
HB-0373,Hospital B,0,0,0.07955988,0.082903385,0.5,0.498405579905883,1e-05
HB-0374,Hospital B,0,0,0.15857793,0.1726619,0.5,0.498405579905883,1e-05
HB-0375,Hospital B,1,0,0.12563425,2.0743804,0.5,0.498405579905883,1e-05
HB-0376,Hospital B,0,1,0.14708166,0.15909147,0.5,0.498405579905883,1e-05
HB-0377,Hospital B,1,1,0.19221257,1.6491535,0.5,0.498405579905883,1e-05
HB-0378,Hospital B,1,1,0.10069386,2.2956705,0.5,0.498405579905883,1e-05
HB-0379,Hospital B,0,1,0.13335545,0.14312637,0.5,0.498405579905883,1e-05
HB-0380,Hospital B,1,1,0.117095575,2.144765,0.5,0.498405579905883,1e-05
HB-0381,Hospital B,0,1,0.13355067,0.14335155,0.5,0.498405579905883,1e-05
HB-0382,Hospital B,0,0,0.12202553,0.13013768,0.5,0.498405579905883,1e-05
HB-0383,Hospital B,1,1,0.26278746,1.3364097,0.5,0.498405579905883,1e-05
HB-0384,Hospital B,0,1,0.15544564,0.16894615,0.5,0.498405579905883,1e-05
HB-0385,Hospital B,1,1,0.15411352,1.8700658,0.5,0.498405579905883,1e-05
HB-0386,Hospital B,1,1,0.1543672,1.8684211,0.5,0.498405579905883,1e-05
HB-0387,Hospital B,1,1,0.12722567,2.0617929,0.5,0.498405579905883,1e-05
HB-0388,Hospital B,0,1,0.13351746,0.14331341,0.5,0.498405579905883,1e-05
HB-0389,Hospital B,1,0,0.13375977,2.01171,0.5,0.498405579905883,1e-05
HB-0390,Hospital B,1,0,0.1312389,2.030736,0.5,0.498405579905883,1e-05
HB-0391,Hospital B,0,0,0.050017558,0.05131173,0.5,0.498405579905883,1e-05
HB-0392,Hospital B,0,0,0.14509438,0.15676415,0.5,0.498405579905883,1e-05
HB-0393,Hospital B,1,0,0.2589247,1.3512181,0.5,0.498405579905883,1e-05
HB-0394,Hospital B,1,1,0.123215325,2.0938218,0.5,0.498405579905883,1e-05
HB-0395,Hospital B,0,0,0.11480414,0.121946335,0.5,0.498405579905883,1e-05
HB-0396,Hospital B,1,1,0.12503052,2.0791974,0.5,0.498405579905883,1e-05
HB-0397,Hospital B,0,1,0.10464094,0.11053038,0.5,0.498405579905883,1e-05
HB-0398,Hospital B,0,1,0.08499131,0.08882165,0.5,0.498405579905883,1e-05
HB-0399,Hospital B,0,0,0.19445604,0.21623755,0.5,0.498405579905883,1e-05
HB-0400,Hospital B,0,0,0.14894484,0.16127837,0.5,0.498405579905883,1e-05
HB-0401,Hospital B,1,0,0.1124756,2.185019,0.5,0.498405579905883,1e-05
HB-0402,Hospital B,1,0,0.1882558,1.6699536,0.5,0.498405579905883,1e-05
HB-0403,Hospital B,1,0,0.15798187,1.8452749,0.5,0.498405579905883,1e-05
HB-0404,Hospital B,0,0,0.096625075,0.101617575,0.5,0.498405579905883,1e-05
HB-0405,Hospital B,1,0,0.15226245,1.8821496,0.5,0.498405579905883,1e-05
HB-0406,Hospital B,1,1,0.14613475,1.9232261,0.5,0.498405579905883,1e-05
HB-0407,Hospital B,0,0,0.12000994,0.12784457,0.5,0.498405579905883,1e-05
HB-0408,Hospital B,1,1,0.2555612,1.3642933,0.5,0.498405579905883,1e-05
HB-0409,Hospital B,1,1,0.2724998,1.3001174,0.5,0.498405579905883,1e-05
HB-0410,Hospital B,1,0,0.21652272,1.5300597,0.5,0.498405579905883,1e-05
HB-0411,Hospital B,0,1,0.1883819,0.20872533,0.5,0.498405579905883,1e-05
HB-0412,Hospital B,1,1,0.14976159,1.8987106,0.5,0.498405579905883,1e-05
HB-0413,Hospital B,1,0,0.11328435,2.1778543,0.5,0.498405579905883,1e-05
HB-0414,Hospital B,0,0,0.114254184,0.121325254,0.5,0.498405579905883,1e-05
HB-0415,Hospital B,0,1,0.08561834,0.0895071,0.5,0.498405579905883,1e-05
HB-0416,Hospital B,1,0,0.22537096,1.4900075,0.5,0.498405579905883,1e-05
HB-0417,Hospital B,0,1,0.07408004,0.07696748,0.5,0.498405579905883,1e-05
HB-0418,Hospital B,0,0,0.10184561,0.10741329,0.5,0.498405579905883,1e-05
HB-0419,Hospital B,1,1,0.1650831,1.8013062,0.5,0.498405579905883,1e-05
HB-0420,Hospital B,0,1,0.14221269,0.15339911,0.5,0.498405579905883,1e-05
HB-0421,Hospital B,1,1,0.13545063,1.9991481,0.5,0.498405579905883,1e-05
HB-0422,Hospital B,1,0,0.13197125,2.025171,0.5,0.498405579905883,1e-05
HB-0423,Hospital B,0,1,0.091062754,0.09547925,0.5,0.498405579905883,1e-05
HB-0424,Hospital B,0,0,0.11192107,0.11869478,0.5,0.498405579905883,1e-05
HB-0425,Hospital B,0,0,0.20633262,0.23109078,0.5,0.498405579905883,1e-05
HB-0426,Hospital B,1,1,0.17067485,1.767995,0.5,0.498405579905883,1e-05
HB-0427,Hospital B,0,1,0.15735376,0.17120802,0.5,0.498405579905883,1e-05
HB-0428,Hospital B,1,1,0.1304398,2.0368433,0.5,0.498405579905883,1e-05
HB-0429,Hospital B,1,0,0.36709878,1.0021243,0.5,0.498405579905883,1e-05
HB-0430,Hospital B,0,1,0.16630413,0.18188655,0.5,0.498405579905883,1e-05
HB-0431,Hospital B,0,0,0.15540546,0.16889858,0.5,0.498405579905883,1e-05
HB-0432,Hospital B,1,1,0.14181438,1.9532362,0.5,0.498405579905883,1e-05
HB-0433,Hospital B,1,0,0.14355683,1.9410243,0.5,0.498405579905883,1e-05
HB-0434,Hospital B,0,0,0.16983591,0.18613183,0.5,0.498405579905883,1e-05
HB-0435,Hospital B,0,0,0.05889795,0.060703754,0.5,0.498405579905883,1e-05
HB-0436,Hospital B,0,0,0.14537826,0.15709639,0.5,0.498405579905883,1e-05
HB-0437,Hospital B,0,1,0.09161327,0.09608507,0.5,0.498405579905883,1e-05
HB-0438,Hospital B,1,1,0.16078891,1.827663,0.5,0.498405579905883,1e-05
HB-0439,Hospital B,1,1,0.22023126,1.513077,0.5,0.498405579905883,1e-05
HB-0440,Hospital B,1,0,0.1320261,2.0247557,0.5,0.498405579905883,1e-05
HB-0441,Hospital B,0,1,0.113216035,0.120153904,0.5,0.498405579905883,1e-05
HB-0442,Hospital B,1,0,0.10231638,2.2796855,0.5,0.498405579905883,1e-05
HB-0443,Hospital B,1,1,0.16609794,1.7951777,0.5,0.498405579905883,1e-05
HB-0444,Hospital B,0,1,0.13791929,0.14840639,0.5,0.498405579905883,1e-05
HB-0445,Hospital B,0,0,0.12926462,0.13841724,0.5,0.498405579905883,1e-05
HB-0446,Hospital B,1,0,0.11715475,2.1442597,0.5,0.498405579905883,1e-05
HB-0447,Hospital B,1,1,0.1657152,1.7974846,0.5,0.498405579905883,1e-05
HB-0448,Hospital B,1,1,0.118001424,2.1370585,0.5,0.498405579905883,1e-05
HB-0449,Hospital B,1,1,0.22721878,1.481842,0.5,0.498405579905883,1e-05
HB-0450,Hospital B,1,1,0.27701327,1.2836899,0.5,0.498405579905883,1e-05
HB-0451,Hospital B,1,1,0.19146019,1.6530753,0.5,0.498405579905883,1e-05
HB-0452,Hospital B,1,0,0.13929786,1.9711409,0.5,0.498405579905883,1e-05
HB-0453,Hospital B,1,0,0.17495821,1.7432082,0.5,0.498405579905883,1e-05
HB-0454,Hospital B,0,0,0.15065657,0.1632917,0.5,0.498405579905883,1e-05
HB-0455,Hospital B,0,1,0.12342705,0.13173532,0.5,0.498405579905883,1e-05
HB-0456,Hospital B,1,1,0.13001065,2.040139,0.5,0.498405579905883,1e-05
HB-0457,Hospital B,0,0,0.13094045,0.14034367,0.5,0.498405579905883,1e-05
HB-0458,Hospital B,0,0,0.13146415,0.14094639,0.5,0.498405579905883,1e-05
HB-0459,Hospital B,1,0,0.118580304,2.132165,0.5,0.498405579905883,1e-05
HB-0460,Hospital B,1,0,0.093042254,2.3747015,0.5,0.498405579905883,1e-05
HB-0461,Hospital B,0,1,0.10371707,0.109499216,0.5,0.498405579905883,1e-05
HB-0462,Hospital B,1,0,0.1482406,1.9089186,0.5,0.498405579905883,1e-05
HB-0463,Hospital B,1,0,0.1069271,2.235608,0.5,0.498405579905883,1e-05
HB-0464,Hospital B,0,1,0.21119441,0.23723531,0.5,0.498405579905883,1e-05
HB-0465,Hospital B,0,0,0.07441468,0.07732892,0.5,0.498405579905883,1e-05
HB-0466,Hospital B,1,1,0.119368844,2.1255372,0.5,0.498405579905883,1e-05
HB-0467,Hospital B,0,1,0.07333324,0.076161146,0.5,0.498405579905883,1e-05
HB-0468,Hospital B,1,1,0.24715889,1.3977239,0.5,0.498405579905883,1e-05
HB-0469,Hospital B,0,1,0.115655266,0.122908354,0.5,0.498405579905883,1e-05
HB-0470,Hospital B,0,0,0.12089015,0.12884545,0.5,0.498405579905883,1e-05
HB-0471,Hospital B,1,0,0.10602557,2.244075,0.5,0.498405579905883,1e-05
HB-0472,Hospital B,1,0,0.15038016,1.8945887,0.5,0.498405579905883,1e-05
HB-0473,Hospital B,0,1,0.15413126,0.16739106,0.5,0.498405579905883,1e-05
HB-0474,Hospital B,0,0,0.13795975,0.14845335,0.5,0.498405579905883,1e-05
HB-0475,Hospital B,0,1,0.10579599,0.11182141,0.5,0.498405579905883,1e-05
HB-0476,Hospital B,0,0,0.082713276,0.08633518,0.5,0.498405579905883,1e-05
HB-0477,Hospital B,1,1,0.1527501,1.878952,0.5,0.498405579905883,1e-05
HB-0478,Hospital B,0,0,0.118134394,0.12571573,0.5,0.498405579905883,1e-05
HB-0479,Hospital B,1,0,0.2275987,1.4801713,0.5,0.498405579905883,1e-05
HB-0480,Hospital B,0,0,0.15450715,0.1678356,0.5,0.498405579905883,1e-05
HB-0481,Hospital B,1,1,0.15622343,1.856468,0.5,0.498405579905883,1e-05
HB-0482,Hospital B,0,0,0.11929052,0.12702739,0.5,0.498405579905883,1e-05
HB-0483,Hospital B,0,0,0.04735132,0.04850912,0.5,0.498405579905883,1e-05
HB-0484,Hospital B,0,0,0.098113835,0.103266954,0.5,0.498405579905883,1e-05
HB-0485,Hospital B,1,0,0.35627806,1.0320438,0.5,0.498405579905883,1e-05
HB-0486,Hospital B,0,1,0.08787527,0.09197855,0.5,0.498405579905883,1e-05
HB-0487,Hospital B,0,0,0.16455236,0.17978764,0.5,0.498405579905883,1e-05
HB-0488,Hospital B,1,0,0.15177979,1.8853246,0.5,0.498405579905883,1e-05
HB-0489,Hospital B,1,1,0.32763758,1.1158472,0.5,0.498405579905883,1e-05
HB-0490,Hospital B,1,0,0.17661244,1.7337977,0.5,0.498405579905883,1e-05
HB-0491,Hospital B,1,0,0.17826554,1.724481,0.5,0.498405579905883,1e-05
HB-0492,Hospital B,0,1,0.20701127,0.23194623,0.5,0.498405579905883,1e-05
HB-0493,Hospital B,0,0,0.08655794,0.0905354,0.5,0.498405579905883,1e-05
HB-0494,Hospital B,0,1,0.08028199,0.08368826,0.5,0.498405579905883,1e-05
HB-0495,Hospital B,1,1,0.14274134,1.9467211,0.5,0.498405579905883,1e-05
HB-0496,Hospital B,0,1,0.17089242,0.18740535,0.5,0.498405579905883,1e-05
HB-0497,Hospital B,0,0,0.121379144,0.1294018,0.5,0.498405579905883,1e-05
HB-0498,Hospital B,0,1,0.21409161,0.24091506,0.5,0.498405579905883,1e-05
HB-0499,Hospital B,1,1,0.11995436,2.1206439,0.5,0.498405579905883,1e-05
HB-0500,Hospital B,0,1,0.12535243,0.13393426,0.5,0.498405579905883,1e-05
HB-0501,Hospital B,1,1,0.08463164,2.4694471,0.5,0.498405579905883,1e-05
HB-0502,Hospital B,0,1,0.18557414,0.20527184,0.5,0.498405579905883,1e-05
HB-0503,Hospital B,0,1,0.14366014,0.15508795,0.5,0.498405579905883,1e-05
HB-0504,Hospital B,1,1,0.10356734,2.2675333,0.5,0.498405579905883,1e-05
HB-0505,Hospital B,1,0,0.13069737,2.0348709,0.5,0.498405579905883,1e-05
HB-0506,Hospital B,1,1,0.17010897,1.771316,0.5,0.498405579905883,1e-05
HB-0507,Hospital B,0,1,0.10430647,0.11015701,0.5,0.498405579905883,1e-05
HB-0508,Hospital B,1,1,0.1344571,2.0065103,0.5,0.498405579905883,1e-05
HB-0509,Hospital B,1,1,0.2088992,1.5659034,0.5,0.498405579905883,1e-05
HB-0510,Hospital B,0,1,0.15032388,0.16290009,0.5,0.498405579905883,1e-05
HB-0511,Hospital B,1,0,0.13916521,1.9720935,0.5,0.498405579905883,1e-05
HB-0512,Hospital B,1,0,0.13924623,1.9715115,0.5,0.498405579905883,1e-05
HB-0513,Hospital B,0,1,0.17352247,0.19058251,0.5,0.498405579905883,1e-05
HB-0514,Hospital B,0,1,0.06848471,0.07094264,0.5,0.498405579905883,1e-05
HB-0515,Hospital B,0,0,0.114358865,0.12144351,0.5,0.498405579905883,1e-05
HB-0516,Hospital B,1,0,0.121351674,2.1090627,0.5,0.498405579905883,1e-05
HB-0517,Hospital B,0,0,0.109077275,0.11549759,0.5,0.498405579905883,1e-05
HB-0518,Hospital B,1,1,0.21034698,1.5589969,0.5,0.498405579905883,1e-05
HB-0519,Hospital B,0,0,0.07798218,0.081190825,0.5,0.498405579905883,1e-05
HB-0520,Hospital B,0,1,0.11525757,0.1224587,0.5,0.498405579905883,1e-05
HB-0521,Hospital B,1,1,0.21021429,1.5596279,0.5,0.498405579905883,1e-05
HB-0522,Hospital B,0,0,0.0901828,0.09451151,0.5,0.498405579905883,1e-05
HB-0523,Hospital B,1,1,0.25603324,1.362448,0.5,0.498405579905883,1e-05
HB-0524,Hospital B,1,0,0.08906107,2.418433,0.5,0.498405579905883,1e-05
HB-0525,Hospital B,0,1,0.114981286,0.12214637,0.5,0.498405579905883,1e-05
HB-0526,Hospital B,1,1,0.13543695,1.9992491,0.5,0.498405579905883,1e-05
HB-0527,Hospital B,0,1,0.13323396,0.1429863,0.5,0.498405579905883,1e-05
HB-0528,Hospital B,0,0,0.11267698,0.119546175,0.5,0.498405579905883,1e-05
HB-0529,Hospital B,1,1,0.17756379,1.7284255,0.5,0.498405579905883,1e-05
HB-0530,Hospital B,0,1,0.2145028,0.24143839,0.5,0.498405579905883,1e-05
HB-0531,Hospital B,1,0,0.12396274,2.0877743,0.5,0.498405579905883,1e-05
HB-0532,Hospital B,1,1,0.21426205,1.5405555,0.5,0.498405579905883,1e-05
HB-0533,Hospital B,0,0,0.07762472,0.080803156,0.5,0.498405579905883,1e-05
HB-0534,Hospital B,0,0,0.15750049,0.17138219,0.5,0.498405579905883,1e-05
HB-0535,Hospital B,1,0,0.068244964,2.6846516,0.5,0.498405579905883,1e-05
HB-0536,Hospital B,1,1,0.14836487,1.9080807,0.5,0.498405579905883,1e-05
HB-0537,Hospital B,1,0,0.19162713,1.6522038,0.5,0.498405579905883,1e-05
HB-0538,Hospital B,1,0,0.16890992,1.7783897,0.5,0.498405579905883,1e-05
HB-0539,Hospital B,1,0,0.07669745,2.5678868,0.5,0.498405579905883,1e-05
HB-0540,Hospital B,0,0,0.10171657,0.107269526,0.5,0.498405579905883,1e-05
HB-0541,Hospital B,0,0,0.15251943,0.16548741,0.5,0.498405579905883,1e-05
HB-0542,Hospital B,0,1,0.31297037,0.3753779,0.5,0.498405579905883,1e-05
HB-0543,Hospital B,0,0,0.15175557,0.16458642,0.5,0.498405579905883,1e-05
HB-0544,Hospital B,1,1,0.15053795,1.89354,0.5,0.498405579905883,1e-05
HB-0545,Hospital B,1,0,0.06628408,2.7138054,0.5,0.498405579905883,1e-05
HB-0546,Hospital B,1,1,0.16462342,1.8040947,0.5,0.498405579905883,1e-05
HB-0547,Hospital B,0,1,0.0645734,0.06675267,0.5,0.498405579905883,1e-05
HB-0548,Hospital B,1,1,0.17495489,1.7432272,0.5,0.498405579905883,1e-05
HB-0549,Hospital B,0,0,0.22777641,0.25848114,0.5,0.498405579905883,1e-05
HB-0550,Hospital B,1,0,0.14563176,1.9266741,0.5,0.498405579905883,1e-05
HB-0551,Hospital B,0,1,0.19526127,0.21723759,0.5,0.498405579905883,1e-05
HB-0552,Hospital B,1,0,0.23525135,1.4471008,0.5,0.498405579905883,1e-05
HB-0553,Hospital B,0,1,0.112328306,0.11915326,0.5,0.498405579905883,1e-05
HB-0554,Hospital B,1,0,0.11250553,2.184753,0.5,0.498405579905883,1e-05
HB-0555,Hospital B,0,0,0.13078718,0.14016736,0.5,0.498405579905883,1e-05
HB-0556,Hospital B,1,1,0.150579,1.8932674,0.5,0.498405579905883,1e-05
HB-0557,Hospital B,1,0,0.12353533,2.091228,0.5,0.498405579905883,1e-05
HB-0558,Hospital B,1,0,0.06808818,2.6869516,0.5,0.498405579905883,1e-05
HB-0559,Hospital B,0,1,0.15808687,0.17207849,0.5,0.498405579905883,1e-05
HB-0560,Hospital B,1,0,0.23850337,1.4333718,0.5,0.498405579905883,1e-05
HB-0561,Hospital B,1,1,0.15053622,1.8935515,0.5,0.498405579905883,1e-05
HB-0562,Hospital B,0,0,0.18378875,0.20308208,0.5,0.498405579905883,1e-05
HB-0563,Hospital B,1,1,0.21152683,1.5534035,0.5,0.498405579905883,1e-05
HB-0564,Hospital B,0,0,0.1876266,0.20779514,0.5,0.498405579905883,1e-05
HB-0565,Hospital B,0,0,0.1045633,0.11044383,0.5,0.498405579905883,1e-05
HB-0566,Hospital B,1,1,0.19881134,1.615399,0.5,0.498405579905883,1e-05
HB-0567,Hospital B,0,1,0.14885001,0.1611669,0.5,0.498405579905883,1e-05
HB-0568,Hospital B,1,0,0.12804382,2.0553827,0.5,0.498405579905883,1e-05
HB-0569,Hospital B,1,0,0.109735325,2.209684,0.5,0.498405579905883,1e-05
HB-0570,Hospital B,1,0,0.20911655,1.5648634,0.5,0.498405579905883,1e-05
HB-0571,Hospital B,0,0,0.0991624,0.1044302,0.5,0.498405579905883,1e-05
HB-0572,Hospital B,0,1,0.13063626,0.13999355,0.5,0.498405579905883,1e-05
HB-0573,Hospital B,0,0,0.12117999,0.12917507,0.5,0.498405579905883,1e-05
HB-0574,Hospital B,1,1,0.13191219,2.0256188,0.5,0.498405579905883,1e-05
HB-0575,Hospital B,1,1,0.11105407,2.1977382,0.5,0.498405579905883,1e-05
HB-0576,Hospital B,1,1,0.21235955,1.5494745,0.5,0.498405579905883,1e-05
HB-0577,Hospital B,1,0,0.09158059,2.3905358,0.5,0.498405579905883,1e-05
HB-0578,Hospital B,1,0,0.15172337,1.8856964,0.5,0.498405579905883,1e-05
HB-0579,Hospital B,0,1,0.116325684,0.12366676,0.5,0.498405579905883,1e-05
HB-0580,Hospital B,1,0,0.09913363,2.3112864,0.5,0.498405579905883,1e-05
HB-0581,Hospital B,1,0,0.21711478,1.5273291,0.5,0.498405579905883,1e-05
HB-0582,Hospital B,1,0,0.15111509,1.8897135,0.5,0.498405579905883,1e-05
HB-0583,Hospital B,0,0,0.18498366,0.20454717,0.5,0.498405579905883,1e-05
HB-0584,Hospital B,0,0,0.12734589,0.13621593,0.5,0.498405579905883,1e-05
HB-0585,Hospital B,0,1,0.18446764,0.20391417,0.5,0.498405579905883,1e-05
HB-0586,Hospital B,0,1,0.07785678,0.08105469,0.5,0.498405579905883,1e-05
HB-0587,Hospital B,1,0,0.14999625,1.897145,0.5,0.498405579905883,1e-05
HB-0588,Hospital B,0,0,0.16781671,0.18370259,0.5,0.498405579905883,1e-05
HB-0589,Hospital B,1,0,0.122549996,2.0992362,0.5,0.498405579905883,1e-05
HB-0590,Hospital B,1,0,0.074199416,2.600999,0.5,0.498405579905883,1e-05
HB-0591,Hospital B,0,0,0.14384703,0.15530622,0.5,0.498405579905883,1e-05
HB-0592,Hospital B,1,1,0.1585334,1.8417901,0.5,0.498405579905883,1e-05
HB-0593,Hospital B,1,0,0.16922417,1.776531,0.5,0.498405579905883,1e-05
HB-0594,Hospital B,0,1,0.26601183,0.3092624,0.5,0.498405579905883,1e-05
HB-0595,Hospital B,0,1,0.05315514,0.054620028,0.5,0.498405579905883,1e-05
HB-0596,Hospital B,0,1,0.11679454,0.12419748,0.5,0.498405579905883,1e-05
HB-0597,Hospital B,1,1,0.16748576,1.7868569,0.5,0.498405579905883,1e-05
HB-0598,Hospital B,1,0,0.16207294,1.8197088,0.5,0.498405579905883,1e-05
HB-0599,Hospital B,0,0,0.09147747,0.09593558,0.5,0.498405579905883,1e-05
HB-0600,Hospital B,1,0,0.1264786,2.0676823,0.5,0.498405579905883,1e-05
HB-0601,Hospital B,1,1,0.11468345,2.1655796,0.5,0.498405579905883,1e-05
HB-0602,Hospital B,1,0,0.11889336,2.1295283,0.5,0.498405579905883,1e-05
HB-0603,Hospital B,0,0,0.09935766,0.10464716,0.5,0.498405579905883,1e-05
HB-0604,Hospital B,0,0,0.085354835,0.08921909,0.5,0.498405579905883,1e-05
HB-0605,Hospital B,1,0,0.2573775,1.3572115,0.5,0.498405579905883,1e-05
HB-0606,Hospital B,1,1,0.26658937,1.3220458,0.5,0.498405579905883,1e-05
HB-0607,Hospital B,1,1,0.11207376,2.1885982,0.5,0.498405579905883,1e-05
HB-0608,Hospital B,1,0,0.11574795,2.1563401,0.5,0.498405579905883,1e-05
HB-0609,Hospital B,0,0,0.11676484,0.124163866,0.5,0.498405579905883,1e-05
HB-0610,Hospital B,0,1,0.14432232,0.1558615,0.5,0.498405579905883,1e-05
HB-0611,Hospital B,1,1,0.14389831,1.9386485,0.5,0.498405579905883,1e-05
HB-0612,Hospital B,0,0,0.12924968,0.13840008,0.5,0.498405579905883,1e-05
HB-0613,Hospital B,0,1,0.10175526,0.10731268,0.5,0.498405579905883,1e-05
HB-0614,Hospital B,1,0,0.12593806,2.071965,0.5,0.498405579905883,1e-05
HB-0615,Hospital B,0,0,0.113302805,0.120251656,0.5,0.498405579905883,1e-05
HB-0616,Hospital B,1,1,0.17955689,1.7172631,0.5,0.498405579905883,1e-05
HB-0617,Hospital B,0,0,0.105099574,0.11104274,0.5,0.498405579905883,1e-05
HB-0618,Hospital B,1,1,0.14423524,1.9363098,0.5,0.498405579905883,1e-05
HB-0619,Hospital B,1,1,0.13440555,2.0068936,0.5,0.498405579905883,1e-05
HB-0620,Hospital B,1,1,0.112904154,2.181216,0.5,0.498405579905883,1e-05
HB-0621,Hospital B,1,0,0.16306925,1.8135804,0.5,0.498405579905883,1e-05
HB-0622,Hospital B,1,0,0.08766672,2.434213,0.5,0.498405579905883,1e-05
HB-0623,Hospital B,1,1,0.21168871,1.5526384,0.5,0.498405579905883,1e-05
HB-0624,Hospital B,0,0,0.09741406,0.10249138,0.5,0.498405579905883,1e-05
HB-0625,Hospital B,0,0,0.0867021,0.090693235,0.5,0.498405579905883,1e-05
HB-0626,Hospital B,1,0,0.14340146,1.9421071,0.5,0.498405579905883,1e-05
HB-0627,Hospital B,0,0,0.14038278,0.15126812,0.5,0.498405579905883,1e-05
HB-0628,Hospital B,1,1,0.14018996,1.9647568,0.5,0.498405579905883,1e-05
HB-0629,Hospital B,0,1,0.2460149,0.28238273,0.5,0.498405579905883,1e-05
HB-0630,Hospital B,0,1,0.14278254,0.1540637,0.5,0.498405579905883,1e-05
HB-0631,Hospital B,1,1,0.19215909,1.6494317,0.5,0.498405579905883,1e-05
HB-0632,Hospital B,0,1,0.10817668,0.11448717,0.5,0.498405579905883,1e-05
HB-0633,Hospital B,0,1,0.18911418,0.20962799,0.5,0.498405579905883,1e-05
HB-0634,Hospital B,0,0,0.1295667,0.13876414,0.5,0.498405579905883,1e-05
HB-0635,Hospital B,0,0,0.20775086,0.2328794,0.5,0.498405579905883,1e-05
HB-0636,Hospital B,1,1,0.14948384,1.9005669,0.5,0.498405579905883,1e-05
HB-0637,Hospital B,0,0,0.17069048,0.1871618,0.5,0.498405579905883,1e-05
HB-0638,Hospital B,0,1,0.08115926,0.08464241,0.5,0.498405579905883,1e-05
HB-0639,Hospital B,0,0,0.1109569,0.1176095,0.5,0.498405579905883,1e-05
HB-0640,Hospital B,0,1,0.09246299,0.097020864,0.5,0.498405579905883,1e-05
HB-0641,Hospital B,0,0,0.18524416,0.20486677,0.5,0.498405579905883,1e-05
HB-0642,Hospital B,0,0,0.095329665,0.10018468,0.5,0.498405579905883,1e-05
HB-0643,Hospital B,1,0,0.13458066,2.0055916,0.5,0.498405579905883,1e-05
HB-0644,Hospital B,0,0,0.08783912,0.09193897,0.5,0.498405579905883,1e-05
HB-0645,Hospital B,0,1,0.11959867,0.12737751,0.5,0.498405579905883,1e-05
HB-0646,Hospital B,0,0,0.10270612,0.108371735,0.5,0.498405579905883,1e-05
HB-0647,Hospital B,1,1,0.10652082,2.239415,0.5,0.498405579905883,1e-05
HB-0648,Hospital B,1,0,0.19610381,1.629111,0.5,0.498405579905883,1e-05
HB-0649,Hospital B,1,1,0.13215898,2.0237496,0.5,0.498405579905883,1e-05
HB-0650,Hospital B,0,0,0.09878921,0.104016066,0.5,0.498405579905883,1e-05
HB-0651,Hospital B,1,0,0.12550837,2.075383,0.5,0.498405579905883,1e-05
HB-0652,Hospital B,1,0,0.13041312,2.037048,0.5,0.498405579905883,1e-05
HB-0653,Hospital B,1,1,0.12591466,2.072151,0.5,0.498405579905883,1e-05
HB-0654,Hospital B,0,1,0.13849235,0.14907134,0.5,0.498405579905883,1e-05
HB-0655,Hospital B,0,0,0.090249024,0.094584465,0.5,0.498405579905883,1e-05
HB-0656,Hospital B,0,0,0.08768183,0.09176636,0.5,0.498405579905883,1e-05
HB-0657,Hospital B,1,0,0.12481181,2.080948,0.5,0.498405579905883,1e-05
HB-0658,Hospital B,0,1,0.14699417,0.15898895,0.5,0.498405579905883,1e-05
HB-0659,Hospital B,0,0,0.099121384,0.10438466,0.5,0.498405579905883,1e-05
HB-0660,Hospital B,0,1,0.14140722,0.15246058,0.5,0.498405579905883,1e-05
HB-0661,Hospital B,0,0,0.066972256,0.06932044,0.5,0.498405579905883,1e-05
HB-0662,Hospital B,0,0,0.10739905,0.11361575,0.5,0.498405579905883,1e-05
HB-0663,Hospital B,0,1,0.13107967,0.14050388,0.5,0.498405579905883,1e-05
HB-0664,Hospital B,1,1,0.18559478,1.6841896,0.5,0.498405579905883,1e-05
HB-0665,Hospital B,1,0,0.29008022,1.2375977,0.5,0.498405579905883,1e-05
HB-0666,Hospital B,0,1,0.19407763,0.21576786,0.5,0.498405579905883,1e-05
HB-0667,Hospital B,0,1,0.092780635,0.0973711,0.5,0.498405579905883,1e-05
HB-0668,Hospital B,0,0,0.09893234,0.10417485,0.5,0.498405579905883,1e-05
HB-0669,Hospital B,1,0,0.13043979,2.0368435,0.5,0.498405579905883,1e-05
HB-0670,Hospital B,1,1,0.23104642,1.4651366,0.5,0.498405579905883,1e-05
HB-0671,Hospital B,1,1,0.18411385,1.692201,0.5,0.498405579905883,1e-05
HB-0672,Hospital B,1,1,0.10954776,2.2113948,0.5,0.498405579905883,1e-05
HB-0673,Hospital B,1,0,0.14153811,1.9551864,0.5,0.498405579905883,1e-05
HB-0674,Hospital B,1,0,0.10785244,2.2269914,0.5,0.498405579905883,1e-05
HB-0675,Hospital B,0,1,0.16890852,0.18501544,0.5,0.498405579905883,1e-05
HB-0676,Hospital B,1,1,0.16903481,1.7776506,0.5,0.498405579905883,1e-05
HB-0677,Hospital B,1,1,0.14789096,1.91128,0.5,0.498405579905883,1e-05
HB-0678,Hospital B,1,1,0.1444371,1.9349111,0.5,0.498405579905883,1e-05
HB-0679,Hospital B,1,1,0.21766755,1.5247864,0.5,0.498405579905883,1e-05
HB-0680,Hospital B,0,0,0.08603282,0.089960575,0.5,0.498405579905883,1e-05
HB-0681,Hospital B,0,1,0.18548763,0.20516562,0.5,0.498405579905883,1e-05
HB-0682,Hospital B,0,0,0.10861036,0.114973545,0.5,0.498405579905883,1e-05
HB-0683,Hospital B,1,0,0.09192123,2.3868232,0.5,0.498405579905883,1e-05
HB-0684,Hospital B,1,1,0.10269189,2.2760222,0.5,0.498405579905883,1e-05
HB-0685,Hospital B,0,1,0.08921814,0.09345174,0.5,0.498405579905883,1e-05
HB-0686,Hospital B,1,1,0.15367113,1.8729404,0.5,0.498405579905883,1e-05
HB-0687,Hospital B,0,1,0.09245834,0.09701586,0.5,0.498405579905883,1e-05
HB-0688,Hospital B,1,1,0.19509669,1.63426,0.5,0.498405579905883,1e-05
HB-0689,Hospital B,1,0,0.08660902,2.4463513,0.5,0.498405579905883,1e-05
HB-0690,Hospital B,0,0,0.19122146,0.2122302,0.5,0.498405579905883,1e-05
HB-0691,Hospital B,1,0,0.11605575,2.1536846,0.5,0.498405579905883,1e-05
HB-0692,Hospital B,0,0,0.11426265,0.12133479,0.5,0.498405579905883,1e-05
HB-0693,Hospital B,1,1,0.1883002,1.6697177,0.5,0.498405579905883,1e-05
HB-0694,Hospital B,0,0,0.1357185,0.14585674,0.5,0.498405579905883,1e-05
HB-0695,Hospital B,1,0,0.19714393,1.6238213,0.5,0.498405579905883,1e-05
HB-0696,Hospital B,0,1,0.17273432,0.18962932,0.5,0.498405579905883,1e-05
HB-0697,Hospital B,0,1,0.15556116,0.169083,0.5,0.498405579905883,1e-05
HB-0698,Hospital B,0,0,0.13294345,0.14265096,0.5,0.498405579905883,1e-05
HB-0699,Hospital B,1,1,0.19770046,1.6210023,0.5,0.498405579905883,1e-05
HB-0700,Hospital B,0,1,0.20497604,0.22938299,0.5,0.498405579905883,1e-05
HB-0701,Hospital B,0,1,0.12570184,0.13433385,0.5,0.498405579905883,1e-05
HB-0702,Hospital B,0,0,0.106081374,0.112140656,0.5,0.498405579905883,1e-05
HB-0703,Hospital B,0,0,0.13284604,0.14253879,0.5,0.498405579905883,1e-05
HB-0704,Hospital B,0,0,0.15192844,0.16479027,0.5,0.498405579905883,1e-05
HB-0705,Hospital B,0,1,0.12263869,0.13083637,0.5,0.498405579905883,1e-05
HB-0706,Hospital B,1,1,0.17390749,1.7492318,0.5,0.498405579905883,1e-05
HB-0707,Hospital B,1,1,0.1634102,1.8114916,0.5,0.498405579905883,1e-05
HB-0708,Hospital B,0,1,0.12940934,0.13858342,0.5,0.498405579905883,1e-05
HB-0709,Hospital B,1,0,0.24537225,1.4049789,0.5,0.498405579905883,1e-05
HB-0710,Hospital B,1,0,0.16897343,1.7780138,0.5,0.498405579905883,1e-05
HB-0711,Hospital B,0,1,0.112490244,0.11933589,0.5,0.498405579905883,1e-05
HB-0712,Hospital B,1,1,0.19252579,1.6475252,0.5,0.498405579905883,1e-05
HB-0713,Hospital B,0,0,0.10266219,0.10832286,0.5,0.498405579905883,1e-05
HB-0714,Hospital B,1,0,0.2061727,1.5790411,0.5,0.498405579905883,1e-05
HB-0715,Hospital B,0,1,0.090436004,0.09478998,0.5,0.498405579905883,1e-05
HB-0716,Hospital B,0,0,0.15029798,0.16286957,0.5,0.498405579905883,1e-05
HB-0717,Hospital B,0,1,0.09016317,0.09449005,0.5,0.498405579905883,1e-05
HB-0718,Hospital B,0,0,0.12439257,0.13283753,0.5,0.498405579905883,1e-05
HB-0719,Hospital B,0,0,0.083689325,0.08739972,0.5,0.498405579905883,1e-05
HB-0720,Hospital B,0,0,0.08698728,0.091005564,0.5,0.498405579905883,1e-05
HB-0721,Hospital B,1,0,0.087423764,2.436988,0.5,0.498405579905883,1e-05
HB-0722,Hospital B,0,1,0.10368876,0.10946751,0.5,0.498405579905883,1e-05
HB-0723,Hospital B,1,0,0.19077523,1.6566594,0.5,0.498405579905883,1e-05
HB-0724,Hospital B,0,1,0.10098721,0.10645795,0.5,0.498405579905883,1e-05
HB-0725,Hospital B,0,1,0.22809763,0.2588972,0.5,0.498405579905883,1e-05
HB-0726,Hospital B,1,0,0.1989451,1.6147264,0.5,0.498405579905883,1e-05
HB-0727,Hospital B,1,1,0.14290847,1.9455509,0.5,0.498405579905883,1e-05
HB-0728,Hospital B,0,1,0.12001246,0.12784743,0.5,0.498405579905883,1e-05
HB-0729,Hospital B,1,1,0.120315276,2.1176395,0.5,0.498405579905883,1e-05
HB-0730,Hospital B,1,1,0.10477565,2.2559338,0.5,0.498405579905883,1e-05
HB-0731,Hospital B,1,0,0.22123812,1.5085157,0.5,0.498405579905883,1e-05
HB-0732,Hospital B,0,0,0.058238897,0.060003757,0.5,0.498405579905883,1e-05
HB-0733,Hospital B,0,1,0.19079576,0.2117039,0.5,0.498405579905883,1e-05
HB-0734,Hospital B,1,1,0.2384245,1.4337026,0.5,0.498405579905883,1e-05
HB-0735,Hospital B,1,1,0.16666678,1.7917588,0.5,0.498405579905883,1e-05
HB-0736,Hospital B,0,0,0.14533223,0.1570425,0.5,0.498405579905883,1e-05
HB-0737,Hospital B,1,0,0.1768567,1.7324156,0.5,0.498405579905883,1e-05
HB-0738,Hospital B,1,1,0.15326887,1.8755615,0.5,0.498405579905883,1e-05
HB-0739,Hospital B,0,1,0.10063174,0.10606265,0.5,0.498405579905883,1e-05
HB-0740,Hospital B,1,0,0.18395738,1.6930512,0.5,0.498405579905883,1e-05
HB-0741,Hospital B,0,0,0.1384247,0.14899278,0.5,0.498405579905883,1e-05
HB-0742,Hospital B,0,0,0.118384674,0.12599945,0.5,0.498405579905883,1e-05
HB-0743,Hospital B,1,1,0.20713316,1.5743934,0.5,0.498405579905883,1e-05
HB-0744,Hospital B,0,0,0.16983874,0.18613529,0.5,0.498405579905883,1e-05
HB-0745,Hospital B,0,1,0.13082215,0.14020753,0.5,0.498405579905883,1e-05
HB-0746,Hospital B,1,0,0.1661166,1.7950654,0.5,0.498405579905883,1e-05
HB-0747,Hospital B,0,0,0.09705784,0.102096796,0.5,0.498405579905883,1e-05
HB-0748,Hospital B,1,0,0.17808323,1.7255043,0.5,0.498405579905883,1e-05
HB-0749,Hospital B,1,0,0.11413269,2.1703937,0.5,0.498405579905883,1e-05
HB-0750,Hospital B,0,1,0.15095486,0.16364288,0.5,0.498405579905883,1e-05
HB-0751,Hospital B,1,1,0.13305768,2.0169725,0.5,0.498405579905883,1e-05
HB-0752,Hospital B,1,0,0.086826,2.4438493,0.5,0.498405579905883,1e-05
HB-0753,Hospital B,0,1,0.105734,0.11175203,0.5,0.498405579905883,1e-05
HB-0754,Hospital B,0,0,0.2068287,0.23171604,0.5,0.498405579905883,1e-05
HB-0755,Hospital B,0,0,0.09228989,0.09683013,0.5,0.498405579905883,1e-05
HB-0756,Hospital B,1,0,0.12557034,2.0748892,0.5,0.498405579905883,1e-05
HB-0757,Hospital B,0,1,0.06648328,0.068796396,0.5,0.498405579905883,1e-05
HB-0758,Hospital B,0,0,0.1451731,0.1568563,0.5,0.498405579905883,1e-05
HB-0759,Hospital B,0,1,0.19327731,0.21477532,0.5,0.498405579905883,1e-05
HB-0760,Hospital B,1,1,0.17337422,1.7523029,0.5,0.498405579905883,1e-05
HB-0761,Hospital B,1,0,0.092241704,2.383343,0.5,0.498405579905883,1e-05
HB-0762,Hospital B,1,1,0.21098338,1.555976,0.5,0.498405579905883,1e-05
HB-0763,Hospital B,1,0,0.10083026,2.2943168,0.5,0.498405579905883,1e-05
HB-0764,Hospital B,0,0,0.15387346,0.16708636,0.5,0.498405579905883,1e-05
HB-0765,Hospital B,0,0,0.104018226,0.10983515,0.5,0.498405579905883,1e-05
HB-0766,Hospital B,1,1,0.17076801,1.7674494,0.5,0.498405579905883,1e-05
HB-0767,Hospital B,0,1,0.0997141,0.105042934,0.5,0.498405579905883,1e-05
HB-0768,Hospital B,0,0,0.096754916,0.10176134,0.5,0.498405579905883,1e-05
HB-0769,Hospital B,0,0,0.13300706,0.14272451,0.5,0.498405579905883,1e-05
HB-0770,Hospital B,1,1,0.13887855,1.9741554,0.5,0.498405579905883,1e-05
HB-0771,Hospital B,1,1,0.15069939,1.8924682,0.5,0.498405579905883,1e-05
HB-0772,Hospital B,1,1,0.21625559,1.5312943,0.5,0.498405579905883,1e-05
HB-0773,Hospital B,1,1,0.09291325,2.376089,0.5,0.498405579905883,1e-05
HB-0774,Hospital B,1,0,0.123124585,2.0945585,0.5,0.498405579905883,1e-05
HB-0775,Hospital B,1,1,0.12732044,2.0610483,0.5,0.498405579905883,1e-05
HB-0776,Hospital B,0,1,0.24382597,0.27948368,0.5,0.498405579905883,1e-05
HB-0777,Hospital B,0,1,0.11274958,0.11962795,0.5,0.498405579905883,1e-05
HB-0778,Hospital B,0,0,0.15532872,0.16880774,0.5,0.498405579905883,1e-05
HB-0779,Hospital B,0,0,0.13308452,0.1428138,0.5,0.498405579905883,1e-05
HB-0780,Hospital B,1,1,0.08824065,2.4276874,0.5,0.498405579905883,1e-05
HB-0781,Hospital B,1,0,0.1384792,1.9770352,0.5,0.498405579905883,1e-05
HB-0782,Hospital B,1,1,0.1346636,2.0049756,0.5,0.498405579905883,1e-05
HB-0783,Hospital B,0,0,0.08343581,0.087123156,0.5,0.498405579905883,1e-05
HB-0784,Hospital B,1,0,0.11750652,2.1412613,0.5,0.498405579905883,1e-05
HB-0785,Hospital B,0,1,0.13375773,0.14359069,0.5,0.498405579905883,1e-05
HB-0786,Hospital B,0,1,0.0635427,0.06565142,0.5,0.498405579905883,1e-05
HB-0787,Hospital B,0,1,0.14848897,0.16074288,0.5,0.498405579905883,1e-05
HB-0788,Hospital B,1,0,0.13528854,2.0003455,0.5,0.498405579905883,1e-05
HB-0789,Hospital B,1,0,0.17186593,1.7610407,0.5,0.498405579905883,1e-05
HB-0790,Hospital B,0,1,0.13949057,0.15023077,0.5,0.498405579905883,1e-05
HB-0791,Hospital B,0,0,0.1432059,0.1545577,0.5,0.498405579905883,1e-05
HB-0792,Hospital B,1,1,0.1541113,1.8700802,0.5,0.498405579905883,1e-05
HB-0793,Hospital B,1,0,0.24918321,1.3895669,0.5,0.498405579905883,1e-05
HB-0794,Hospital B,0,1,0.14327234,0.15463519,0.5,0.498405579905883,1e-05
HB-0795,Hospital B,1,1,0.2545195,1.3683779,0.5,0.498405579905883,1e-05
HB-0796,Hospital B,1,0,0.115490444,2.1585674,0.5,0.498405579905883,1e-05
HB-0797,Hospital B,1,1,0.17424689,1.747282,0.5,0.498405579905883,1e-05
HB-0798,Hospital B,1,1,0.18143022,1.7068841,0.5,0.498405579905883,1e-05
HB-0799,Hospital B,0,1,0.1993381,0.2223165,0.5,0.498405579905883,1e-05
HB-0800,Hospital B,0,0,0.109481774,0.11595178,0.5,0.498405579905883,1e-05
HB-0801,Hospital B,1,1,0.18022428,1.7135532,0.5,0.498405579905883,1e-05
HB-0802,Hospital B,0,0,0.1168196,0.124225855,0.5,0.498405579905883,1e-05
HB-0803,Hospital B,1,0,0.16590104,1.7963638,0.5,0.498405579905883,1e-05
HB-0804,Hospital B,0,0,0.15933622,0.17356348,0.5,0.498405579905883,1e-05
HB-0805,Hospital B,0,1,0.07699617,0.080121994,0.5,0.498405579905883,1e-05
HB-0806,Hospital B,1,0,0.18853763,1.6684576,0.5,0.498405579905883,1e-05
HB-0807,Hospital B,1,1,0.2916449,1.2322183,0.5,0.498405579905883,1e-05
HB-0808,Hospital B,1,1,0.20910206,1.5649328,0.5,0.498405579905883,1e-05
HB-0809,Hospital B,1,1,0.14933497,1.9015634,0.5,0.498405579905883,1e-05
HB-0810,Hospital B,1,0,0.19116205,1.6546338,0.5,0.498405579905883,1e-05
HB-0811,Hospital B,1,1,0.126967,2.0638282,0.5,0.498405579905883,1e-05
HB-0812,Hospital B,1,0,0.17919731,1.7192678,0.5,0.498405579905883,1e-05
HB-0813,Hospital B,1,1,0.09777798,2.3250558,0.5,0.498405579905883,1e-05
HB-0814,Hospital B,1,1,0.20195419,1.5997144,0.5,0.498405579905883,1e-05
HB-0815,Hospital B,1,1,0.14791979,1.9110851,0.5,0.498405579905883,1e-05
HB-0816,Hospital B,0,1,0.12234078,0.13049686,0.5,0.498405579905883,1e-05
HB-0817,Hospital B,0,0,0.15403785,0.16728067,0.5,0.498405579905883,1e-05
HB-0818,Hospital B,1,1,0.090889685,2.3981087,0.5,0.498405579905883,1e-05
HB-0819,Hospital B,0,0,0.16172047,0.17640364,0.5,0.498405579905883,1e-05
HB-0820,Hospital B,0,0,0.0969224,0.10194683,0.5,0.498405579905883,1e-05
HB-0821,Hospital B,0,0,0.106407724,0.112505674,0.5,0.498405579905883,1e-05
HB-0822,Hospital B,0,1,0.104274705,0.11012149,0.5,0.498405579905883,1e-05
HB-0823,Hospital B,0,1,0.094614804,0.0993948,0.5,0.498405579905883,1e-05
HB-0824,Hospital B,1,0,0.27571526,1.2883866,0.5,0.498405579905883,1e-05
HB-0825,Hospital B,1,1,0.20698118,1.5751274,0.5,0.498405579905883,1e-05
HB-0826,Hospital B,1,1,0.121691674,2.1062646,0.5,0.498405579905883,1e-05
HB-0827,Hospital B,1,1,0.241301,1.4217103,0.5,0.498405579905883,1e-05
HB-0828,Hospital B,0,1,0.12704828,0.13587499,0.5,0.498405579905883,1e-05
HB-0829,Hospital B,0,1,0.07256166,0.075329065,0.5,0.498405579905883,1e-05
HB-0830,Hospital B,1,0,0.20876992,1.5665226,0.5,0.498405579905883,1e-05
HB-0831,Hospital B,1,0,0.16710785,1.7891159,0.5,0.498405579905883,1e-05
HB-0832,Hospital B,0,1,0.09183233,0.09632635,0.5,0.498405579905883,1e-05
HB-0833,Hospital B,1,0,0.17880233,1.7214744,0.5,0.498405579905883,1e-05
HB-0834,Hospital B,0,1,0.0769646,0.08008766,0.5,0.498405579905883,1e-05
HB-0835,Hospital B,0,0,0.07057988,0.073194504,0.5,0.498405579905883,1e-05
HB-0836,Hospital B,0,0,0.08590158,0.08981705,0.5,0.498405579905883,1e-05
HB-0837,Hospital B,1,0,0.20473672,1.5860305,0.5,0.498405579905883,1e-05
HB-0838,Hospital B,1,0,0.17847115,1.7233284,0.5,0.498405579905883,1e-05
HB-0839,Hospital B,1,0,0.13295537,2.0177417,0.5,0.498405579905883,1e-05
HB-0840,Hospital B,0,1,0.1354921,0.14559484,0.5,0.498405579905883,1e-05
HB-0841,Hospital B,1,0,0.19303405,1.6448888,0.5,0.498405579905883,1e-05
HB-0842,Hospital B,1,0,0.15132983,1.8882936,0.5,0.498405579905883,1e-05
HB-0843,Hospital B,1,0,0.13149096,2.0288172,0.5,0.498405579905883,1e-05
HB-0844,Hospital B,1,0,0.2507655,1.383237,0.5,0.498405579905883,1e-05
HB-0845,Hospital B,1,0,0.15952475,1.8355563,0.5,0.498405579905883,1e-05
HB-0846,Hospital B,1,0,0.14563343,1.9266626,0.5,0.498405579905883,1e-05
HB-0847,Hospital B,0,0,0.13527042,0.14533854,0.5,0.498405579905883,1e-05
HB-0848,Hospital B,1,1,0.13907059,1.9727737,0.5,0.498405579905883,1e-05
HB-0849,Hospital B,0,0,0.13662134,0.14690197,0.5,0.498405579905883,1e-05
HB-0850,Hospital B,0,0,0.21561646,0.24285722,0.5,0.498405579905883,1e-05
HB-0851,Hospital B,0,0,0.117005534,0.12443638,0.5,0.498405579905883,1e-05
HB-0852,Hospital B,0,0,0.09137657,0.09582448,0.5,0.498405579905883,1e-05
HB-0853,Hospital B,1,0,0.118406676,2.1336303,0.5,0.498405579905883,1e-05
HB-0854,Hospital B,0,0,0.14643864,0.15833783,0.5,0.498405579905883,1e-05
HB-0855,Hospital B,1,1,0.114232,2.1695237,0.5,0.498405579905883,1e-05
HB-0856,Hospital B,0,1,0.14257978,0.15382707,0.5,0.498405579905883,1e-05
HB-0857,Hospital B,1,0,0.12500502,2.0794013,0.5,0.498405579905883,1e-05
HB-0858,Hospital B,0,1,0.12987867,0.13912272,0.5,0.498405579905883,1e-05
HB-0859,Hospital B,0,0,0.10551139,0.111503124,0.5,0.498405579905883,1e-05
HB-0860,Hospital B,1,1,0.17574237,1.7387362,0.5,0.498405579905883,1e-05
HB-0861,Hospital B,1,0,0.17246322,1.7575712,0.5,0.498405579905883,1e-05
HB-0862,Hospital B,1,0,0.14060123,1.9618276,0.5,0.498405579905883,1e-05
HB-0863,Hospital B,1,1,0.2635977,1.3333311,0.5,0.498405579905883,1e-05
HB-0864,Hospital B,0,0,0.098524004,0.10372186,0.5,0.498405579905883,1e-05
HB-0865,Hospital B,0,0,0.1899854,0.21070302,0.5,0.498405579905883,1e-05
HB-0866,Hospital B,0,1,0.25847,0.2990396,0.5,0.498405579905883,1e-05
HB-0867,Hospital B,0,1,0.1096536,0.11614466,0.5,0.498405579905883,1e-05
HB-0868,Hospital B,1,0,0.35322008,1.040664,0.5,0.498405579905883,1e-05
HB-0869,Hospital B,0,1,0.08348026,0.08717179,0.5,0.498405579905883,1e-05
HB-0870,Hospital B,0,1,0.08969695,0.09397769,0.5,0.498405579905883,1e-05
HB-0871,Hospital B,0,0,0.15190497,0.16476262,0.5,0.498405579905883,1e-05
HB-0872,Hospital B,0,1,0.16505155,0.18038523,0.5,0.498405579905883,1e-05
HB-0873,Hospital B,0,1,0.090118855,0.094441175,0.5,0.498405579905883,1e-05
HB-0874,Hospital B,0,0,0.15043673,0.16303289,0.5,0.498405579905883,1e-05
HB-0875,Hospital B,0,0,0.07088928,0.073527336,0.5,0.498405579905883,1e-05
HB-0876,Hospital B,0,0,0.14097996,0.151963,0.5,0.498405579905883,1e-05
HB-0877,Hospital B,1,1,0.08804434,2.4299147,0.5,0.498405579905883,1e-05
HB-0878,Hospital B,0,0,0.16895927,0.18507648,0.5,0.498405579905883,1e-05
HB-0879,Hospital B,1,0,0.19646716,1.62726,0.5,0.498405579905883,1e-05
HB-0880,Hospital B,0,0,0.106000625,0.112050295,0.5,0.498405579905883,1e-05
HB-0881,Hospital B,0,1,0.10836831,0.114702225,0.5,0.498405579905883,1e-05
HB-0882,Hospital B,1,0,0.22367403,1.4975655,0.5,0.498405579905883,1e-05
HB-0883,Hospital B,1,0,0.12160571,2.1069713,0.5,0.498405579905883,1e-05
HB-0884,Hospital B,1,0,0.12887098,2.0489435,0.5,0.498405579905883,1e-05
HB-0885,Hospital B,1,0,0.24459073,1.408169,0.5,0.498405579905883,1e-05
HB-0886,Hospital B,1,0,0.1536447,1.8731124,0.5,0.498405579905883,1e-05
HB-0887,Hospital B,0,0,0.09891675,0.104157686,0.5,0.498405579905883,1e-05
HB-0888,Hospital B,1,0,0.20859765,1.567348,0.5,0.498405579905883,1e-05
HB-0889,Hospital B,1,1,0.118123345,2.136026,0.5,0.498405579905883,1e-05
HB-0890,Hospital B,0,0,0.09401637,0.09873414,0.5,0.498405579905883,1e-05
HB-0891,Hospital B,0,1,0.16422173,0.17939198,0.5,0.498405579905883,1e-05
HB-0892,Hospital B,1,1,0.12610531,2.070638,0.5,0.498405579905883,1e-05
HB-0893,Hospital B,1,0,0.11322638,2.1783662,0.5,0.498405579905883,1e-05
HB-0894,Hospital B,1,1,0.08958602,2.412556,0.5,0.498405579905883,1e-05
HB-0895,Hospital B,1,1,0.263051,1.3354073,0.5,0.498405579905883,1e-05
HB-0896,Hospital B,0,1,0.07124477,0.07391,0.5,0.498405579905883,1e-05
HB-0897,Hospital B,0,0,0.13474636,0.14473271,0.5,0.498405579905883,1e-05
HB-0898,Hospital B,0,1,0.13419226,0.14409232,0.5,0.498405579905883,1e-05
HB-0899,Hospital B,1,1,0.12677716,2.0653245,0.5,0.498405579905883,1e-05
HB-0900,Hospital B,0,0,0.15686093,0.17062342,0.5,0.498405579905883,1e-05
HB-0901,Hospital B,0,1,0.101518005,0.10704851,0.5,0.498405579905883,1e-05
HB-0902,Hospital B,1,0,0.108522244,2.2208002,0.5,0.498405579905883,1e-05
HB-0903,Hospital B,0,1,0.105159,0.11110926,0.5,0.498405579905883,1e-05
HB-0904,Hospital B,0,1,0.10657649,0.1126945,0.5,0.498405579905883,1e-05
HB-0905,Hospital B,0,1,0.1914096,0.21246278,0.5,0.498405579905883,1e-05
HB-0906,Hospital B,1,1,0.12836,2.0529163,0.5,0.498405579905883,1e-05
HB-0907,Hospital B,1,1,0.1825756,1.700591,0.5,0.498405579905883,1e-05
HB-0908,Hospital B,1,0,0.14340842,1.9420586,0.5,0.498405579905883,1e-05
HB-0909,Hospital B,1,0,0.18949905,1.6633713,0.5,0.498405579905883,1e-05
HB-0910,Hospital B,0,0,0.1280451,0.13701749,0.5,0.498405579905883,1e-05
HB-0911,Hospital B,1,1,0.18312475,1.6975877,0.5,0.498405579905883,1e-05
HB-0912,Hospital B,0,1,0.10198285,0.10756612,0.5,0.498405579905883,1e-05
HB-0913,Hospital B,0,0,0.14022397,0.15108335,0.5,0.498405579905883,1e-05
HB-0914,Hospital B,1,1,0.12526277,2.0773416,0.5,0.498405579905883,1e-05
HB-0915,Hospital B,0,1,0.11030695,0.11687875,0.5,0.498405579905883,1e-05
HB-0916,Hospital B,0,1,0.13302262,0.14274228,0.5,0.498405579905883,1e-05
HB-0917,Hospital B,0,1,0.09480753,0.099607706,0.5,0.498405579905883,1e-05
HB-0918,Hospital B,1,1,0.19014305,1.6599786,0.5,0.498405579905883,1e-05
HB-0919,Hospital B,0,0,0.2226843,0.25190866,0.5,0.498405579905883,1e-05
HB-0920,Hospital B,1,1,0.1804614,1.7122383,0.5,0.498405579905883,1e-05
HB-0921,Hospital B,0,1,0.09116279,0.0955894,0.5,0.498405579905883,1e-05
HB-0922,Hospital B,1,1,0.14309633,1.9442374,0.5,0.498405579905883,1e-05
HB-0923,Hospital B,1,0,0.12017902,2.1187727,0.5,0.498405579905883,1e-05
HB-0924,Hospital B,0,0,0.124685764,0.13317227,0.5,0.498405579905883,1e-05
HB-0925,Hospital B,0,1,0.115257286,0.12245846,0.5,0.498405579905883,1e-05
HB-0926,Hospital B,1,0,0.14358771,1.9408092,0.5,0.498405579905883,1e-05
HB-0927,Hospital B,0,1,0.09515713,0.099993944,0.5,0.498405579905883,1e-05
HB-0928,Hospital B,1,0,0.19911574,1.6138691,0.5,0.498405579905883,1e-05
HB-0929,Hospital B,1,1,0.08862901,2.423296,0.5,0.498405579905883,1e-05
HB-0930,Hospital B,0,0,0.07268951,0.07546687,0.5,0.498405579905883,1e-05
HB-0931,Hospital B,0,0,0.11541627,0.122638226,0.5,0.498405579905883,1e-05
HB-0932,Hospital B,1,1,0.1877473,1.6726583,0.5,0.498405579905883,1e-05
HB-0933,Hospital B,0,0,0.08724069,0.09128308,0.5,0.498405579905883,1e-05
HB-0934,Hospital B,1,1,0.13564098,1.9977437,0.5,0.498405579905883,1e-05
HB-0935,Hospital B,1,1,0.12985358,2.0413477,0.5,0.498405579905883,1e-05
HB-0936,Hospital B,1,1,0.1194274,2.1250467,0.5,0.498405579905883,1e-05
HB-0937,Hospital B,1,0,0.16389659,1.8085196,0.5,0.498405579905883,1e-05
HB-0938,Hospital B,0,0,0.19822057,0.22092175,0.5,0.498405579905883,1e-05
HB-0939,Hospital B,0,0,0.07971019,0.0830667,0.5,0.498405579905883,1e-05
HB-0940,Hospital B,1,0,0.18776996,1.6725377,0.5,0.498405579905883,1e-05
HB-0941,Hospital B,0,0,0.15061767,0.16324592,0.5,0.498405579905883,1e-05
HB-0942,Hospital B,0,0,0.0903279,0.09467101,0.5,0.498405579905883,1e-05
HB-0943,Hospital B,1,0,0.14881422,1.9050566,0.5,0.498405579905883,1e-05
HB-0944,Hospital B,1,0,0.2787338,1.277498,0.5,0.498405579905883,1e-05
HB-0945,Hospital B,0,1,0.055215813,0.056798697,0.5,0.498405579905883,1e-05
HB-0946,Hospital B,0,1,0.11264301,0.11950803,0.5,0.498405579905883,1e-05
HB-0947,Hospital B,0,0,0.12732197,0.1361885,0.5,0.498405579905883,1e-05
HB-0948,Hospital B,1,0,0.20013335,1.6087713,0.5,0.498405579905883,1e-05
HB-0949,Hospital B,1,1,0.11953744,2.1241257,0.5,0.498405579905883,1e-05
HB-0950,Hospital B,1,1,0.09357112,2.3690336,0.5,0.498405579905883,1e-05
HB-0951,Hospital B,1,0,0.16494782,1.802126,0.5,0.498405579905883,1e-05
HB-0952,Hospital B,0,1,0.14181294,0.15293312,0.5,0.498405579905883,1e-05
HB-0953,Hospital B,1,0,0.18285258,1.699075,0.5,0.498405579905883,1e-05
HB-0954,Hospital B,1,1,0.18278787,1.699429,0.5,0.498405579905883,1e-05
HB-0955,Hospital B,1,0,0.22342795,1.4986663,0.5,0.498405579905883,1e-05
HB-0956,Hospital B,1,0,0.14793484,1.9109833,0.5,0.498405579905883,1e-05
HB-0957,Hospital B,0,0,0.13553907,0.1456492,0.5,0.498405579905883,1e-05
HB-0958,Hospital B,1,1,0.147675,1.9127414,0.5,0.498405579905883,1e-05
HB-0959,Hospital B,0,1,0.15134901,0.1641072,0.5,0.498405579905883,1e-05
HB-0960,Hospital B,1,0,0.1398038,1.9675152,0.5,0.498405579905883,1e-05
HB-0961,Hospital B,1,0,0.26128638,1.3421382,0.5,0.498405579905883,1e-05
HB-0962,Hospital B,0,0,0.17673035,0.19447148,0.5,0.498405579905883,1e-05
HB-0963,Hospital B,0,0,0.14859472,0.16086698,0.5,0.498405579905883,1e-05
HB-0964,Hospital B,1,0,0.14273646,1.9467553,0.5,0.498405579905883,1e-05
HB-0965,Hospital B,0,0,0.18533006,0.20497227,0.5,0.498405579905883,1e-05
HB-0966,Hospital B,0,0,0.12052453,0.12842965,0.5,0.498405579905883,1e-05
HB-0967,Hospital B,1,1,0.16682181,1.7908291,0.5,0.498405579905883,1e-05
HB-0968,Hospital B,0,1,0.10295196,0.108645916,0.5,0.498405579905883,1e-05
HB-0969,Hospital B,1,1,0.18067154,1.7110746,0.5,0.498405579905883,1e-05
HB-0970,Hospital B,0,1,0.086482525,0.09045267,0.5,0.498405579905883,1e-05
HB-0971,Hospital B,0,1,0.15147187,0.16425204,0.5,0.498405579905883,1e-05
HB-0972,Hospital B,1,1,0.1561797,1.856748,0.5,0.498405579905883,1e-05
HB-0973,Hospital B,1,0,0.17618997,1.7361926,0.5,0.498405579905883,1e-05
HB-0974,Hospital B,0,1,0.09748821,0.10257363,0.5,0.498405579905883,1e-05
HB-0975,Hospital B,0,0,0.26535103,0.30836248,0.5,0.498405579905883,1e-05
HB-0976,Hospital B,0,0,0.2274796,0.25809693,0.5,0.498405579905883,1e-05
HB-0977,Hospital B,1,1,0.19726153,1.6232249,0.5,0.498405579905883,1e-05
HB-0978,Hospital B,1,1,0.10704175,2.2345364,0.5,0.498405579905883,1e-05
HB-0979,Hospital B,1,0,0.13447596,2.0063698,0.5,0.498405579905883,1e-05
HB-0980,Hospital B,0,1,0.1109211,0.11756921,0.5,0.498405579905883,1e-05
HB-0981,Hospital B,0,1,0.16428809,0.17947125,0.5,0.498405579905883,1e-05
HB-0982,Hospital B,0,0,0.11453083,0.12163758,0.5,0.498405579905883,1e-05
HB-0983,Hospital B,1,1,0.15388194,1.8715696,0.5,0.498405579905883,1e-05
HB-0984,Hospital B,1,1,0.15123622,1.8889123,0.5,0.498405579905883,1e-05
HB-0985,Hospital B,1,0,0.18641281,1.6797916,0.5,0.498405579905883,1e-05
HB-0986,Hospital B,0,1,0.16958012,0.1858238,0.5,0.498405579905883,1e-05
HB-0987,Hospital B,0,1,0.13981117,0.1506033,0.5,0.498405579905883,1e-05
HB-0988,Hospital B,0,1,0.08989893,0.09419966,0.5,0.498405579905883,1e-05
HB-0989,Hospital B,1,0,0.160594,1.8288758,0.5,0.498405579905883,1e-05
HB-0990,Hospital B,0,1,0.13939337,0.15011775,0.5,0.498405579905883,1e-05
HB-0991,Hospital B,0,1,0.0919652,0.0964725,0.5,0.498405579905883,1e-05
HB-0992,Hospital B,0,1,0.16609569,0.18163657,0.5,0.498405579905883,1e-05
HB-0993,Hospital B,1,0,0.2616141,1.3408847,0.5,0.498405579905883,1e-05
HB-0994,Hospital B,1,0,0.23691964,1.4400343,0.5,0.498405579905883,1e-05
HB-0995,Hospital B,0,1,0.1599486,0.1742922,0.5,0.498405579905883,1e-05
HB-0996,Hospital B,1,1,0.11586971,2.155289,0.5,0.498405579905883,1e-05
HB-0997,Hospital B,1,1,0.11156851,2.1931164,0.5,0.498405579905883,1e-05
HB-0998,Hospital B,1,1,0.076305516,2.57301,0.5,0.498405579905883,1e-05
HB-0999,Hospital B,1,0,0.10797624,2.2258441,0.5,0.498405579905883,1e-05
HB-1000,Hospital B,1,0,0.08465776,2.4691386,0.5,0.498405579905883,1e-05
HA-0001,Hospital A,0,0,0.13309637,0.14282751,1.0,0.9978047632689694,1e-05
HA-0002,Hospital A,0,0,0.13125117,0.1407013,1.0,0.9978047632689694,1e-05
HA-0003,Hospital A,0,1,0.11180431,0.118563175,1.0,0.9978047632689694,1e-05
HA-0004,Hospital A,0,1,0.115761936,0.12302899,1.0,0.9978047632689694,1e-05
HA-0005,Hospital A,0,0,0.09999856,0.10535884,1.0,0.9978047632689694,1e-05
HA-0006,Hospital A,0,1,0.07001623,0.072588205,1.0,0.9978047632689694,1e-05
HA-0007,Hospital A,0,1,0.08918695,0.093417645,1.0,0.9978047632689694,1e-05
HA-0008,Hospital A,0,1,0.07312535,0.07593703,1.0,0.9978047632689694,1e-05
HA-0009,Hospital A,0,0,0.07245364,0.07521248,1.0,0.9978047632689694,1e-05
HA-0010,Hospital A,0,1,0.18017508,0.19866443,1.0,0.9978047632689694,1e-05
HA-0011,Hospital A,1,1,0.11639371,2.1507769,1.0,0.9978047632689694,1e-05
HA-0012,Hospital A,0,1,0.12263008,0.13082647,1.0,0.9978047632689694,1e-05
HA-0013,Hospital A,1,1,0.25477216,1.3673856,1.0,0.9978047632689694,1e-05
HA-0014,Hospital A,0,0,0.0982566,0.103425264,1.0,0.9978047632689694,1e-05
HA-0015,Hospital A,0,1,0.05731801,0.05902624,1.0,0.9978047632689694,1e-05
HA-0016,Hospital A,0,0,0.13815677,0.14868188,1.0,0.9978047632689694,1e-05
HA-0017,Hospital A,0,0,0.11358406,0.12056899,1.0,0.9978047632689694,1e-05
HA-0018,Hospital A,0,0,0.12654425,0.13529778,1.0,0.9978047632689694,1e-05
HA-0019,Hospital A,1,0,0.08492457,2.4659917,1.0,0.9978047632689694,1e-05
HA-0020,Hospital A,1,0,0.24431969,1.4092777,1.0,0.9978047632689694,1e-05
HA-0021,Hospital A,0,0,0.10222959,0.107841015,1.0,0.9978047632689694,1e-05
HA-0022,Hospital A,1,1,0.25681645,1.3593937,1.0,0.9978047632689694,1e-05
HA-0023,Hospital A,0,0,0.110916644,0.1175642,1.0,0.9978047632689694,1e-05
HA-0024,Hospital A,0,0,0.07283546,0.07562423,1.0,0.9978047632689694,1e-05
HA-0025,Hospital A,0,0,0.061926182,0.0639267,1.0,0.9978047632689694,1e-05
HA-0026,Hospital A,0,0,0.074757986,0.0776999,1.0,0.9978047632689694,1e-05
HA-0027,Hospital A,0,0,0.14403677,0.15552783,1.0,0.9978047632689694,1e-05
HA-0028,Hospital A,0,0,0.08297508,0.08662057,1.0,0.9978047632689694,1e-05
HA-0029,Hospital A,0,1,0.0705739,0.07318807,1.0,0.9978047632689694,1e-05
HA-0030,Hospital A,1,1,0.10988847,2.2082894,1.0,0.9978047632689694,1e-05
HA-0031,Hospital A,0,0,0.13496302,0.14498305,1.0,0.9978047632689694,1e-05
HA-0032,Hospital A,1,0,0.23679963,1.4405409,1.0,0.9978047632689694,1e-05
HA-0033,Hospital A,0,1,0.06691092,0.06925464,1.0,0.9978047632689694,1e-05
HA-0034,Hospital A,1,1,0.099378355,2.308821,1.0,0.9978047632689694,1e-05
HA-0035,Hospital A,0,0,0.10520672,0.11116266,1.0,0.9978047632689694,1e-05
HA-0036,Hospital A,0,1,0.07738825,0.080546856,1.0,0.9978047632689694,1e-05
HA-0037,Hospital A,1,1,0.13120112,2.031024,1.0,0.9978047632689694,1e-05
HA-0038,Hospital A,0,0,0.0982625,0.1034317,1.0,0.9978047632689694,1e-05
HA-0039,Hospital A,0,1,0.0608229,0.06275129,1.0,0.9978047632689694,1e-05
HA-0040,Hospital A,0,1,0.14414065,0.15564919,1.0,0.9978047632689694,1e-05
HA-0041,Hospital A,0,1,0.09408733,0.09881234,1.0,0.9978047632689694,1e-05
HA-0042,Hospital A,0,1,0.10469886,0.11059523,1.0,0.9978047632689694,1e-05
HA-0043,Hospital A,0,1,0.17368262,0.19077635,1.0,0.9978047632689694,1e-05
HA-0044,Hospital A,1,1,0.13101214,2.0324652,1.0,0.9978047632689694,1e-05
HA-0045,Hospital A,0,0,0.077054374,0.08018494,1.0,0.9978047632689694,1e-05
HA-0046,Hospital A,0,0,0.111808866,0.11856842,1.0,0.9978047632689694,1e-05
HA-0047,Hospital A,1,0,0.21544603,1.5350448,1.0,0.9978047632689694,1e-05
HA-0048,Hospital A,1,0,0.120885104,2.1129148,1.0,0.9978047632689694,1e-05
HA-0049,Hospital A,0,0,0.12795597,0.13691545,1.0,0.9978047632689694,1e-05
HA-0050,Hospital A,0,0,0.16236466,0.17717242,1.0,0.9978047632689694,1e-05
HA-0051,Hospital A,0,0,0.10085276,0.10630846,1.0,0.9978047632689694,1e-05
HA-0052,Hospital A,0,1,0.11208835,0.11888313,1.0,0.9978047632689694,1e-05
HA-0053,Hospital A,1,0,0.10084239,2.2941966,1.0,0.9978047632689694,1e-05
HA-0054,Hospital A,0,0,0.074127056,0.07701826,1.0,0.9978047632689694,1e-05
HA-0055,Hospital A,0,0,0.09361276,0.098288536,1.0,0.9978047632689694,1e-05
HA-0056,Hospital A,0,0,0.07071539,0.07334018,1.0,0.9978047632689694,1e-05
HA-0057,Hospital A,0,1,0.12568083,0.13430977,1.0,0.9978047632689694,1e-05
HA-0058,Hospital A,0,1,0.12950337,0.1386913,1.0,0.9978047632689694,1e-05
HA-0059,Hospital A,0,0,0.078022495,0.081234455,1.0,0.9978047632689694,1e-05
HA-0060,Hospital A,0,0,0.16078319,0.17528617,1.0,0.9978047632689694,1e-05
HA-0061,Hospital A,0,1,0.14656563,0.1584866,1.0,0.9978047632689694,1e-05
HA-0062,Hospital A,0,0,0.06286732,0.06493044,1.0,0.9978047632689694,1e-05
HA-0063,Hospital A,0,1,0.083733015,0.087447405,1.0,0.9978047632689694,1e-05
HA-0064,Hospital A,0,0,0.09984524,0.10518861,1.0,0.9978047632689694,1e-05
HA-0065,Hospital A,0,1,0.13218667,0.14177871,1.0,0.9978047632689694,1e-05
HA-0066,Hospital A,0,0,0.16466491,0.17992234,1.0,0.9978047632689694,1e-05
HA-0067,Hospital A,1,1,0.11679657,2.1473215,1.0,0.9978047632689694,1e-05
HA-0068,Hospital A,1,1,0.1050924,2.2529154,1.0,0.9978047632689694,1e-05
HA-0069,Hospital A,0,0,0.115055874,0.12223077,1.0,0.9978047632689694,1e-05
HA-0070,Hospital A,0,1,0.21964417,0.24800527,1.0,0.9978047632689694,1e-05
HA-0071,Hospital A,1,0,0.17620927,1.7360829,1.0,0.9978047632689694,1e-05
HA-0072,Hospital A,0,1,0.09480309,0.0996027,1.0,0.9978047632689694,1e-05
HA-0073,Hospital A,0,1,0.10470932,0.11060691,1.0,0.9978047632689694,1e-05
HA-0074,Hospital A,0,0,0.080997,0.08446598,1.0,0.9978047632689694,1e-05
HA-0075,Hospital A,1,0,0.21768436,1.5247092,1.0,0.9978047632689694,1e-05
HA-0076,Hospital A,0,1,0.14193058,0.15307033,1.0,0.9978047632689694,1e-05
HA-0077,Hospital A,0,1,0.0665951,0.06891608,1.0,0.9978047632689694,1e-05
HA-0078,Hospital A,0,1,0.120258175,0.12812686,1.0,0.9978047632689694,1e-05
HA-0079,Hospital A,0,0,0.139318,0.15003014,1.0,0.9978047632689694,1e-05
HA-0080,Hospital A,0,1,0.098426476,0.103613615,1.0,0.9978047632689694,1e-05
HA-0081,Hospital A,0,1,0.11028193,0.116850615,1.0,0.9978047632689694,1e-05
HA-0082,Hospital A,0,0,0.11537629,0.122592926,1.0,0.9978047632689694,1e-05
HA-0083,Hospital A,0,1,0.15647204,0.1701622,1.0,0.9978047632689694,1e-05
HA-0084,Hospital A,0,1,0.106029995,0.11208296,1.0,0.9978047632689694,1e-05
HA-0085,Hospital A,0,1,0.066472635,0.06878495,1.0,0.9978047632689694,1e-05
HA-0086,Hospital A,1,1,0.13783316,1.9817113,1.0,0.9978047632689694,1e-05
HA-0087,Hospital A,0,0,0.11472342,0.12185526,1.0,0.9978047632689694,1e-05
HA-0088,Hospital A,1,1,0.08400776,2.476846,1.0,0.9978047632689694,1e-05
HA-0089,Hospital A,1,0,0.15220913,1.8824999,1.0,0.9978047632689694,1e-05
HA-0090,Hospital A,0,0,0.3002446,0.3570245,1.0,0.9978047632689694,1e-05
HA-0091,Hospital A,0,1,0.07663561,0.079731226,1.0,0.9978047632689694,1e-05
HA-0092,Hospital A,0,1,0.08501098,0.08884311,1.0,0.9978047632689694,1e-05
HA-0093,Hospital A,1,1,0.18657164,1.6789399,1.0,0.9978047632689694,1e-05
HA-0094,Hospital A,0,1,0.16823505,0.18420541,1.0,0.9978047632689694,1e-05
HA-0095,Hospital A,0,0,0.0873432,0.09139538,1.0,0.9978047632689694,1e-05
HA-0096,Hospital A,1,0,0.23836137,1.4339674,1.0,0.9978047632689694,1e-05
HA-0097,Hospital A,0,0,0.08609316,0.09002662,1.0,0.9978047632689694,1e-05
HA-0098,Hospital A,1,0,0.13094679,2.0329642,1.0,0.9978047632689694,1e-05
HA-0099,Hospital A,0,0,0.1917302,0.21285939,1.0,0.9978047632689694,1e-05
HA-0100,Hospital A,0,1,0.059963778,0.061836958,1.0,0.9978047632689694,1e-05
HA-0101,Hospital A,0,1,0.08499693,0.08882785,1.0,0.9978047632689694,1e-05
HA-0102,Hospital A,0,1,0.1911856,0.21218574,1.0,0.9978047632689694,1e-05
HA-0103,Hospital A,0,0,0.080826595,0.08428049,1.0,0.9978047632689694,1e-05
HA-0104,Hospital A,1,1,0.10772213,2.2282002,1.0,0.9978047632689694,1e-05
HA-0105,Hospital A,0,1,0.15531154,0.16878748,1.0,0.9978047632689694,1e-05
HA-0106,Hospital A,0,1,0.25826755,0.29876673,1.0,0.9978047632689694,1e-05
HA-0107,Hospital A,1,0,0.19119634,1.6544544,1.0,0.9978047632689694,1e-05
HA-0108,Hospital A,0,1,0.26089865,0.30232024,1.0,0.9978047632689694,1e-05
HA-0109,Hospital A,0,1,0.09954761,0.10485792,1.0,0.9978047632689694,1e-05
HA-0110,Hospital A,0,1,0.1468428,0.15881145,1.0,0.9978047632689694,1e-05
HA-0111,Hospital A,0,0,0.08449755,0.08828235,1.0,0.9978047632689694,1e-05
HA-0112,Hospital A,0,1,0.12252109,0.13070226,1.0,0.9978047632689694,1e-05
HA-0113,Hospital A,0,0,0.071319096,0.07399011,1.0,0.9978047632689694,1e-05
HA-0114,Hospital A,0,1,0.09419235,0.09892821,1.0,0.9978047632689694,1e-05
HA-0115,Hospital A,0,0,0.08114625,0.08462834,1.0,0.9978047632689694,1e-05
HA-0116,Hospital A,0,0,0.15801536,0.1719935,1.0,0.9978047632689694,1e-05
HA-0117,Hospital A,1,0,0.14630443,1.9220656,1.0,0.9978047632689694,1e-05
HA-0118,Hospital A,0,0,0.09404451,0.098765135,1.0,0.9978047632689694,1e-05
HA-0119,Hospital A,1,0,0.14961626,1.8996814,1.0,0.9978047632689694,1e-05
HA-0120,Hospital A,0,1,0.07443164,0.07734728,1.0,0.9978047632689694,1e-05
HA-0121,Hospital A,1,1,0.15931624,1.8368641,1.0,0.9978047632689694,1e-05
HA-0122,Hospital A,0,0,0.09047304,0.09483051,1.0,0.9978047632689694,1e-05
HA-0123,Hospital A,0,1,0.09156685,0.09603405,1.0,0.9978047632689694,1e-05
HA-0124,Hospital A,0,0,0.10366457,0.109440565,1.0,0.9978047632689694,1e-05
HA-0125,Hospital A,0,1,0.13228178,0.14188826,1.0,0.9978047632689694,1e-05
HA-0126,Hospital A,1,0,0.123396024,2.0923564,1.0,0.9978047632689694,1e-05
HA-0127,Hospital A,0,1,0.13934664,0.15006351,1.0,0.9978047632689694,1e-05
HA-0128,Hospital A,0,0,0.06898638,0.07148147,1.0,0.9978047632689694,1e-05
HA-0129,Hospital A,0,0,0.111351036,0.11805296,1.0,0.9978047632689694,1e-05
HA-0130,Hospital A,0,1,0.09401475,0.09873223,1.0,0.9978047632689694,1e-05
HA-0131,Hospital A,0,1,0.110222906,0.116784334,1.0,0.9978047632689694,1e-05
HA-0132,Hospital A,1,1,0.11705491,2.145112,1.0,0.9978047632689694,1e-05
HA-0133,Hospital A,0,0,0.085406445,0.0892756,1.0,0.9978047632689694,1e-05
HA-0134,Hospital A,0,0,0.07902017,0.082317114,1.0,0.9978047632689694,1e-05
HA-0135,Hospital A,0,1,0.07699919,0.08012509,1.0,0.9978047632689694,1e-05
HA-0136,Hospital A,0,0,0.10764631,0.11389279,1.0,0.9978047632689694,1e-05
HA-0137,Hospital A,1,0,0.070417054,2.6533198,1.0,0.9978047632689694,1e-05
HA-0138,Hospital A,0,1,0.21627031,0.24369109,1.0,0.9978047632689694,1e-05
HA-0139,Hospital A,0,1,0.09223556,0.09677029,1.0,0.9978047632689694,1e-05
HA-0140,Hospital A,0,0,0.14187945,0.15301073,1.0,0.9978047632689694,1e-05
HA-0141,Hospital A,1,1,0.26098123,1.3433068,1.0,0.9978047632689694,1e-05
HA-0142,Hospital A,0,1,0.07980895,0.08317399,1.0,0.9978047632689694,1e-05
HA-0143,Hospital A,0,1,0.17151432,0.18815577,1.0,0.9978047632689694,1e-05
HA-0144,Hospital A,0,1,0.21948579,0.24780226,1.0,0.9978047632689694,1e-05
HA-0145,Hospital A,0,0,0.07132722,0.07399893,1.0,0.9978047632689694,1e-05
HA-0146,Hospital A,0,1,0.17409617,0.19127691,1.0,0.9978047632689694,1e-05
HA-0147,Hospital A,0,0,0.100049876,0.10541582,1.0,0.9978047632689694,1e-05
HA-0148,Hospital A,0,0,0.19462629,0.2164489,1.0,0.9978047632689694,1e-05
HA-0149,Hospital A,1,0,0.14492802,1.931518,1.0,0.9978047632689694,1e-05
HA-0150,Hospital A,0,0,0.15791743,0.17187726,1.0,0.9978047632689694,1e-05
HA-0151,Hospital A,1,1,0.34115082,1.0754306,1.0,0.9978047632689694,1e-05
HA-0152,Hospital A,0,0,0.083451,0.087139845,1.0,0.9978047632689694,1e-05
HA-0153,Hospital A,0,1,0.09837847,0.10356045,1.0,0.9978047632689694,1e-05
HA-0154,Hospital A,0,0,0.10772867,0.11398506,1.0,0.9978047632689694,1e-05
HA-0155,Hospital A,0,1,0.10579206,0.11181688,1.0,0.9978047632689694,1e-05
HA-0156,Hospital A,1,1,0.09259457,2.3795247,1.0,0.9978047632689694,1e-05
HA-0157,Hospital A,0,0,0.07744041,0.08060336,1.0,0.9978047632689694,1e-05
HA-0158,Hospital A,0,0,0.13672055,0.14701676,1.0,0.9978047632689694,1e-05
HA-0159,Hospital A,0,1,0.21901314,0.24719691,1.0,0.9978047632689694,1e-05
HA-0160,Hospital A,0,0,0.08596922,0.08989096,1.0,0.9978047632689694,1e-05
HA-0161,Hospital A,0,0,0.07900983,0.08230591,1.0,0.9978047632689694,1e-05
HA-0162,Hospital A,0,0,0.05363776,0.055129766,1.0,0.9978047632689694,1e-05
HA-0163,Hospital A,0,0,0.13350594,0.14329994,1.0,0.9978047632689694,1e-05
HA-0164,Hospital A,0,1,0.093538165,0.09820628,1.0,0.9978047632689694,1e-05
HA-0165,Hospital A,1,1,0.093833454,2.3662338,1.0,0.9978047632689694,1e-05
HA-0166,Hospital A,0,1,0.07503828,0.07800293,1.0,0.9978047632689694,1e-05
HA-0167,Hospital A,0,0,0.19089007,0.21182048,1.0,0.9978047632689694,1e-05
HA-0168,Hospital A,0,0,0.28592628,0.3367691,1.0,0.9978047632689694,1e-05
HA-0169,Hospital A,1,0,0.17479745,1.7441274,1.0,0.9978047632689694,1e-05
HA-0170,Hospital A,0,0,0.22363076,0.2531271,1.0,0.9978047632689694,1e-05
HA-0171,Hospital A,0,0,0.06234938,0.064377785,1.0,0.9978047632689694,1e-05
HA-0172,Hospital A,0,0,0.12068915,0.12861681,1.0,0.9978047632689694,1e-05
HA-0173,Hospital A,0,1,0.23274517,0.26493633,1.0,0.9978047632689694,1e-05
HA-0174,Hospital A,0,1,0.18843299,0.20878828,1.0,0.9978047632689694,1e-05
HA-0175,Hospital A,0,1,0.13953689,0.15028453,1.0,0.9978047632689694,1e-05
HA-0176,Hospital A,0,1,0.08698577,0.091003895,1.0,0.9978047632689694,1e-05
HA-0177,Hospital A,1,0,0.1299004,2.0409873,1.0,0.9978047632689694,1e-05
HA-0178,Hospital A,0,1,0.13205595,0.14162791,1.0,0.9978047632689694,1e-05
HA-0179,Hospital A,1,0,0.21061768,1.5577108,1.0,0.9978047632689694,1e-05
HA-0180,Hospital A,0,1,0.15221342,0.16512632,1.0,0.9978047632689694,1e-05
HA-0181,Hospital A,1,0,0.19819847,1.6184864,1.0,0.9978047632689694,1e-05
HA-0182,Hospital A,0,1,0.10667659,0.11280656,1.0,0.9978047632689694,1e-05
HA-0183,Hospital A,0,0,0.17736217,0.1952393,1.0,0.9978047632689694,1e-05
HA-0184,Hospital A,0,0,0.087206215,0.091245174,1.0,0.9978047632689694,1e-05
HA-0185,Hospital A,0,1,0.13154402,0.14103842,1.0,0.9978047632689694,1e-05
HA-0186,Hospital A,0,1,0.14072913,0.15167105,1.0,0.9978047632689694,1e-05
HA-0187,Hospital A,0,0,0.06521688,0.06744075,1.0,0.9978047632689694,1e-05
HA-0188,Hospital A,0,1,0.10300751,0.108707905,1.0,0.9978047632689694,1e-05
HA-0189,Hospital A,0,0,0.08580917,0.08971596,1.0,0.9978047632689694,1e-05
HA-0190,Hospital A,1,1,0.19020167,1.6596704,1.0,0.9978047632689694,1e-05
HA-0191,Hospital A,1,0,0.4321129,0.8390683,1.0,0.9978047632689694,1e-05
HA-0192,Hospital A,0,0,0.1547793,0.16815746,1.0,0.9978047632689694,1e-05
HA-0193,Hospital A,0,0,0.18684165,0.20682943,1.0,0.9978047632689694,1e-05
HA-0194,Hospital A,1,1,0.14559677,1.9269142,1.0,0.9978047632689694,1e-05
HA-0195,Hospital A,1,0,0.090037346,2.4075308,1.0,0.9978047632689694,1e-05
HA-0196,Hospital A,0,0,0.0936056,0.09828067,1.0,0.9978047632689694,1e-05
HA-0197,Hospital A,0,0,0.13452427,0.14447582,1.0,0.9978047632689694,1e-05
HA-0198,Hospital A,0,0,0.0878657,0.09196806,1.0,0.9978047632689694,1e-05
HA-0199,Hospital A,0,0,0.063222334,0.065309286,1.0,0.9978047632689694,1e-05
HA-0200,Hospital A,0,1,0.27564645,0.3224756,1.0,0.9978047632689694,1e-05
HA-0201,Hospital A,0,1,0.111555904,0.11828351,1.0,0.9978047632689694,1e-05
HA-0202,Hospital A,0,0,0.23033728,0.2618029,1.0,0.9978047632689694,1e-05
HA-0203,Hospital A,1,0,0.11639172,2.1507938,1.0,0.9978047632689694,1e-05
HA-0204,Hospital A,0,1,0.12062752,0.12854671,1.0,0.9978047632689694,1e-05
HA-0205,Hospital A,0,0,0.069863066,0.07242346,1.0,0.9978047632689694,1e-05
HA-0206,Hospital A,0,0,0.08948288,0.09374261,1.0,0.9978047632689694,1e-05
HA-0207,Hospital A,0,0,0.06926251,0.07177806,1.0,0.9978047632689694,1e-05
HA-0208,Hospital A,0,0,0.1192295,0.12695813,1.0,0.9978047632689694,1e-05
HA-0209,Hospital A,0,1,0.06325686,0.06534624,1.0,0.9978047632689694,1e-05
HA-0210,Hospital A,0,0,0.08798711,0.0921011,1.0,0.9978047632689694,1e-05
HA-0211,Hospital A,0,1,0.14150444,0.15257382,1.0,0.9978047632689694,1e-05
HA-0212,Hospital A,0,0,0.114011295,0.12105107,1.0,0.9978047632689694,1e-05
HA-0213,Hospital A,0,0,0.062372476,0.06440258,1.0,0.9978047632689694,1e-05
HA-0214,Hospital A,0,1,0.17477183,0.1920954,1.0,0.9978047632689694,1e-05
HA-0215,Hospital A,0,0,0.07675122,0.079856634,1.0,0.9978047632689694,1e-05
HA-0216,Hospital A,0,1,0.10389146,0.109693766,1.0,0.9978047632689694,1e-05
HA-0217,Hospital A,0,0,0.0919985,0.09650922,1.0,0.9978047632689694,1e-05
HA-0218,Hospital A,0,0,0.16815008,0.18410325,1.0,0.9978047632689694,1e-05
HA-0219,Hospital A,1,0,0.07228959,2.627075,1.0,0.9978047632689694,1e-05
HA-0220,Hospital A,0,0,0.18075581,0.199373,1.0,0.9978047632689694,1e-05
HA-0221,Hospital A,0,1,0.08670611,0.09069753,1.0,0.9978047632689694,1e-05
HA-0222,Hospital A,1,0,0.06898147,2.6739173,1.0,0.9978047632689694,1e-05
HA-0223,Hospital A,1,1,0.08577484,2.4560294,1.0,0.9978047632689694,1e-05
HA-0224,Hospital A,0,0,0.08200941,0.08556819,1.0,0.9978047632689694,1e-05
HA-0225,Hospital A,0,0,0.116361365,0.123707056,1.0,0.9978047632689694,1e-05
HA-0226,Hospital A,0,1,0.113266885,0.120211124,1.0,0.9978047632689694,1e-05
HA-0227,Hospital A,0,1,0.24923192,0.28665853,1.0,0.9978047632689694,1e-05
HA-0228,Hospital A,1,1,0.094212934,2.3621979,1.0,0.9978047632689694,1e-05
HA-0229,Hospital A,0,0,0.119504094,0.12726998,1.0,0.9978047632689694,1e-05
HA-0230,Hospital A,0,0,0.12783958,0.13678181,1.0,0.9978047632689694,1e-05
HA-0231,Hospital A,1,1,0.31862226,1.143749,1.0,0.9978047632689694,1e-05
HA-0232,Hospital A,0,0,0.11230456,0.11912656,1.0,0.9978047632689694,1e-05
HA-0233,Hospital A,0,1,0.064545035,0.06672239,1.0,0.9978047632689694,1e-05
HA-0234,Hospital A,1,1,0.25422397,1.3695396,1.0,0.9978047632689694,1e-05
HA-0235,Hospital A,0,1,0.11151226,0.118234396,1.0,0.9978047632689694,1e-05
HA-0236,Hospital A,0,1,0.18600836,0.20580518,1.0,0.9978047632689694,1e-05
HA-0237,Hospital A,0,0,0.07294473,0.07574201,1.0,0.9978047632689694,1e-05
HA-0238,Hospital A,0,0,0.09089763,0.095297575,1.0,0.9978047632689694,1e-05
HA-0239,Hospital A,0,0,0.18739215,0.20750666,1.0,0.9978047632689694,1e-05
HA-0240,Hospital A,0,0,0.073241964,0.07606268,1.0,0.9978047632689694,1e-05
HA-0241,Hospital A,0,0,0.11772771,0.12525463,1.0,0.9978047632689694,1e-05
HA-0242,Hospital A,0,0,0.100735165,0.10617781,1.0,0.9978047632689694,1e-05
HA-0243,Hospital A,0,0,0.10756239,0.11379862,1.0,0.9978047632689694,1e-05
HA-0244,Hospital A,1,1,0.12001823,2.1201117,1.0,0.9978047632689694,1e-05
HA-0245,Hospital A,0,1,0.13652341,0.14678848,1.0,0.9978047632689694,1e-05
HA-0246,Hospital A,1,1,0.15553565,1.8608803,1.0,0.9978047632689694,1e-05
HA-0247,Hospital A,0,0,0.1051122,0.11105704,1.0,0.9978047632689694,1e-05
HA-0248,Hospital A,0,1,0.12546435,0.13406229,1.0,0.9978047632689694,1e-05
HA-0249,Hospital A,0,0,0.1650374,0.1803683,1.0,0.9978047632689694,1e-05
HA-0250,Hospital A,0,1,0.070345156,0.07294178,1.0,0.9978047632689694,1e-05
HA-0251,Hospital A,0,0,0.2033071,0.22728598,1.0,0.9978047632689694,1e-05
HA-0252,Hospital A,0,1,0.1131735,0.12010598,1.0,0.9978047632689694,1e-05
HA-0253,Hospital A,0,1,0.118419394,0.12603879,1.0,0.9978047632689694,1e-05
HA-0254,Hospital A,0,0,0.08080224,0.08425403,1.0,0.9978047632689694,1e-05
HA-0255,Hospital A,0,0,0.09532314,0.10017753,1.0,0.9978047632689694,1e-05
HA-0256,Hospital A,0,0,0.16662076,0.18226647,1.0,0.9978047632689694,1e-05
HA-0257,Hospital A,0,0,0.11057581,0.11718106,1.0,0.9978047632689694,1e-05
HA-0258,Hospital A,1,0,0.19395284,1.6401402,1.0,0.9978047632689694,1e-05
HA-0259,Hospital A,0,1,0.11018441,0.11674094,1.0,0.9978047632689694,1e-05
HA-0260,Hospital A,0,0,0.084288746,0.08805418,1.0,0.9978047632689694,1e-05
HA-0261,Hospital A,0,0,0.17541635,0.1928767,1.0,0.9978047632689694,1e-05
HA-0262,Hospital A,1,0,0.08612548,2.4519498,1.0,0.9978047632689694,1e-05
HA-0263,Hospital A,0,0,0.09908999,0.10434985,1.0,0.9978047632689694,1e-05
HA-0264,Hospital A,0,1,0.0663947,0.068701506,1.0,0.9978047632689694,1e-05
HA-0265,Hospital A,0,1,0.094989575,0.09980893,1.0,0.9978047632689694,1e-05
HA-0266,Hospital A,0,1,0.18412572,0.20349503,1.0,0.9978047632689694,1e-05
HA-0267,Hospital A,0,1,0.10037493,0.10577726,1.0,0.9978047632689694,1e-05
HA-0268,Hospital A,0,0,0.080820166,0.08427358,1.0,0.9978047632689694,1e-05
HA-0269,Hospital A,0,1,0.0884047,0.0925591,1.0,0.9978047632689694,1e-05
HA-0270,Hospital A,0,0,0.143892,0.15535879,1.0,0.9978047632689694,1e-05
HA-0271,Hospital A,0,1,0.15398034,0.16721272,1.0,0.9978047632689694,1e-05
HA-0272,Hospital A,1,0,0.08506397,2.4643517,1.0,0.9978047632689694,1e-05
HA-0273,Hospital A,0,0,0.074365,0.077275276,1.0,0.9978047632689694,1e-05
HA-0274,Hospital A,0,0,0.10596355,0.11200881,1.0,0.9978047632689694,1e-05
HA-0275,Hospital A,0,1,0.087105565,0.091135025,1.0,0.9978047632689694,1e-05
HA-0276,Hospital A,0,0,0.2003987,0.22364211,1.0,0.9978047632689694,1e-05
HA-0277,Hospital A,0,1,0.115473546,0.12270284,1.0,0.9978047632689694,1e-05
HA-0278,Hospital A,1,1,0.2794254,1.2750199,1.0,0.9978047632689694,1e-05
HA-0279,Hospital A,0,1,0.117006674,0.12443757,1.0,0.9978047632689694,1e-05
HA-0280,Hospital A,0,0,0.08578674,0.0896914,1.0,0.9978047632689694,1e-05
HA-0281,Hospital A,1,0,0.13174443,2.0268915,1.0,0.9978047632689694,1e-05
HA-0282,Hospital A,0,1,0.07056249,0.07317567,1.0,0.9978047632689694,1e-05
HA-0283,Hospital A,0,1,0.19436061,0.21611905,1.0,0.9978047632689694,1e-05
HA-0284,Hospital A,0,0,0.095255606,0.1001029,1.0,0.9978047632689694,1e-05
HA-0285,Hospital A,0,1,0.2128768,0.23937058,1.0,0.9978047632689694,1e-05
HA-0286,Hospital A,0,1,0.08944171,0.09369731,1.0,0.9978047632689694,1e-05
HA-0287,Hospital A,0,1,0.17359222,0.19066691,1.0,0.9978047632689694,1e-05
HA-0288,Hospital A,0,0,0.10106176,0.10654092,1.0,0.9978047632689694,1e-05
HA-0289,Hospital A,1,0,0.12194631,2.1041744,1.0,0.9978047632689694,1e-05
HA-0290,Hospital A,0,0,0.10200508,0.107590914,1.0,0.9978047632689694,1e-05
HA-0291,Hospital A,1,0,0.20546941,1.582458,1.0,0.9978047632689694,1e-05
HA-0292,Hospital A,0,1,0.09825437,0.10342288,1.0,0.9978047632689694,1e-05
HA-0293,Hospital A,0,0,0.120623305,0.12854195,1.0,0.9978047632689694,1e-05
HA-0294,Hospital A,0,1,0.0935713,0.098243,1.0,0.9978047632689694,1e-05
HA-0295,Hospital A,0,0,0.18157195,0.20036983,1.0,0.9978047632689694,1e-05
HA-0296,Hospital A,0,1,0.07534944,0.07833934,1.0,0.9978047632689694,1e-05
HA-0297,Hospital A,0,0,0.11679684,0.124200106,1.0,0.9978047632689694,1e-05
HA-0298,Hospital A,1,0,0.10039784,2.2986145,1.0,0.9978047632689694,1e-05
HA-0299,Hospital A,0,1,0.21053596,0.23640096,1.0,0.9978047632689694,1e-05
HA-0300,Hospital A,1,0,0.13547972,1.9989334,1.0,0.9978047632689694,1e-05
HA-0301,Hospital A,0,1,0.12707224,0.13590252,1.0,0.9978047632689694,1e-05
HA-0302,Hospital A,0,1,0.082419604,0.086014986,1.0,0.9978047632689694,1e-05
HA-0303,Hospital A,0,1,0.116858445,0.124269724,1.0,0.9978047632689694,1e-05
HA-0304,Hospital A,0,0,0.16854765,0.18458128,1.0,0.9978047632689694,1e-05
HA-0305,Hospital A,0,1,0.12328242,0.13157034,1.0,0.9978047632689694,1e-05
HA-0306,Hospital A,1,1,0.08702258,2.4415877,1.0,0.9978047632689694,1e-05
HA-0307,Hospital A,1,1,0.25763845,1.3561981,1.0,0.9978047632689694,1e-05
HA-0308,Hospital A,0,1,0.12429608,0.13272715,1.0,0.9978047632689694,1e-05
HA-0309,Hospital A,0,1,0.088110864,0.09223676,1.0,0.9978047632689694,1e-05
HA-0310,Hospital A,1,1,0.13830101,1.9783227,1.0,0.9978047632689694,1e-05
HA-0311,Hospital A,0,0,0.1094681,0.11593628,1.0,0.9978047632689694,1e-05
HA-0312,Hospital A,0,0,0.1180057,0.12556958,1.0,0.9978047632689694,1e-05
HA-0313,Hospital A,0,1,0.13291065,0.14261317,1.0,0.9978047632689694,1e-05
HA-0314,Hospital A,0,1,0.097643286,0.102745295,1.0,0.9978047632689694,1e-05
HA-0315,Hospital A,0,1,0.07715908,0.080298424,1.0,0.9978047632689694,1e-05
HA-0316,Hospital A,0,1,0.17199765,0.1887393,1.0,0.9978047632689694,1e-05
HA-0317,Hospital A,0,0,0.08040854,0.08382583,1.0,0.9978047632689694,1e-05
HA-0318,Hospital A,1,1,0.15098645,1.8905652,1.0,0.9978047632689694,1e-05
HA-0319,Hospital A,0,0,0.125427,0.1340195,1.0,0.9978047632689694,1e-05
HA-0320,Hospital A,0,0,0.07323953,0.07606006,1.0,0.9978047632689694,1e-05
HA-0321,Hospital A,0,1,0.0637589,0.065882206,1.0,0.9978047632689694,1e-05
HA-0322,Hospital A,0,0,0.09509113,0.09992099,1.0,0.9978047632689694,1e-05
HA-0323,Hospital A,0,1,0.182789,0.20185792,1.0,0.9978047632689694,1e-05
HA-0324,Hospital A,0,0,0.083542846,0.08723998,1.0,0.9978047632689694,1e-05
HA-0325,Hospital A,0,1,0.23011322,0.2615118,1.0,0.9978047632689694,1e-05
HA-0326,Hospital A,1,1,0.13534755,1.9999094,1.0,0.9978047632689694,1e-05
HA-0327,Hospital A,0,1,0.069020644,0.07151818,1.0,0.9978047632689694,1e-05
HA-0328,Hospital A,0,1,0.14428882,0.1558224,1.0,0.9978047632689694,1e-05
HA-0329,Hospital A,1,1,0.14819539,1.9092238,1.0,0.9978047632689694,1e-05
HA-0330,Hospital A,0,1,0.089374855,0.09362388,1.0,0.9978047632689694,1e-05
HA-0331,Hospital A,0,0,0.17497668,0.1923436,1.0,0.9978047632689694,1e-05
HA-0332,Hospital A,0,0,0.098051384,0.10319781,1.0,0.9978047632689694,1e-05
HA-0333,Hospital A,0,0,0.099670015,0.10499382,1.0,0.9978047632689694,1e-05
HA-0334,Hospital A,1,0,0.1393853,1.9705132,1.0,0.9978047632689694,1e-05
HA-0335,Hospital A,0,1,0.15180287,0.16464221,1.0,0.9978047632689694,1e-05
HA-0336,Hospital A,0,1,0.07223,0.07497144,1.0,0.9978047632689694,1e-05
HA-0337,Hospital A,1,1,0.12112215,2.1109557,1.0,0.9978047632689694,1e-05
HA-0338,Hospital A,0,0,0.070479974,0.07308698,1.0,0.9978047632689694,1e-05
HA-0339,Hospital A,0,0,0.10534182,0.11131358,1.0,0.9978047632689694,1e-05
HA-0340,Hospital A,0,0,0.14317529,0.15452194,1.0,0.9978047632689694,1e-05
HA-0341,Hospital A,0,1,0.08009479,0.08348465,1.0,0.9978047632689694,1e-05
HA-0342,Hospital A,0,0,0.1397657,0.15055048,1.0,0.9978047632689694,1e-05
HA-0343,Hospital A,0,0,0.07075653,0.07338452,1.0,0.9978047632689694,1e-05
HA-0344,Hospital A,0,1,0.17605977,0.19365728,1.0,0.9978047632689694,1e-05
HA-0345,Hospital A,1,1,0.17530863,1.7412072,1.0,0.9978047632689694,1e-05
HA-0346,Hospital A,0,1,0.06784535,0.07025647,1.0,0.9978047632689694,1e-05
HA-0347,Hospital A,0,1,0.14460671,0.15619397,1.0,0.9978047632689694,1e-05
HA-0348,Hospital A,0,0,0.17480981,0.19214141,1.0,0.9978047632689694,1e-05
HA-0349,Hospital A,0,1,0.16025692,0.17465925,1.0,0.9978047632689694,1e-05
HA-0350,Hospital A,0,0,0.11208199,0.11887598,1.0,0.9978047632689694,1e-05
HA-0351,Hospital A,0,0,0.1024715,0.10811043,1.0,0.9978047632689694,1e-05
HA-0352,Hospital A,0,1,0.11286861,0.11976218,1.0,0.9978047632689694,1e-05
HA-0353,Hospital A,1,1,0.10558357,2.2482524,1.0,0.9978047632689694,1e-05
HA-0354,Hospital A,0,1,0.10156791,0.10710406,1.0,0.9978047632689694,1e-05
HA-0355,Hospital A,1,0,0.085325055,2.461287,1.0,0.9978047632689694,1e-05
HA-0356,Hospital A,0,1,0.08297004,0.086615086,1.0,0.9978047632689694,1e-05
HA-0357,Hospital A,0,0,0.15980177,0.17411745,1.0,0.9978047632689694,1e-05
HA-0358,Hospital A,0,0,0.09950127,0.10480642,1.0,0.9978047632689694,1e-05
HA-0359,Hospital A,0,1,0.14471334,0.15631855,1.0,0.9978047632689694,1e-05
HA-0360,Hospital A,0,1,0.08571066,0.08960819,1.0,0.9978047632689694,1e-05
HA-0361,Hospital A,0,0,0.111918375,0.11869168,1.0,0.9978047632689694,1e-05
HA-0362,Hospital A,1,0,0.14677219,1.9188737,1.0,0.9978047632689694,1e-05
HA-0363,Hospital A,0,0,0.1249081,0.13342631,1.0,0.9978047632689694,1e-05
HA-0364,Hospital A,1,0,0.075240515,2.5870655,1.0,0.9978047632689694,1e-05
HA-0365,Hospital A,0,1,0.097877905,0.10300541,1.0,0.9978047632689694,1e-05
HA-0366,Hospital A,0,1,0.11510033,0.122281075,1.0,0.9978047632689694,1e-05
HA-0367,Hospital A,0,1,0.2668492,0.31040382,1.0,0.9978047632689694,1e-05
HA-0368,Hospital A,0,1,0.07166721,0.0743649,1.0,0.9978047632689694,1e-05
HA-0369,Hospital A,0,0,0.07300592,0.07580805,1.0,0.9978047632689694,1e-05
HA-0370,Hospital A,0,1,0.06503344,0.06724453,1.0,0.9978047632689694,1e-05
HA-0371,Hospital A,0,0,0.10617393,0.11224413,1.0,0.9978047632689694,1e-05
HA-0372,Hospital A,0,1,0.09755383,0.10264635,1.0,0.9978047632689694,1e-05
HA-0373,Hospital A,0,1,0.11108479,0.117753506,1.0,0.9978047632689694,1e-05
HA-0374,Hospital A,1,1,0.08936799,2.4149928,1.0,0.9978047632689694,1e-05
HA-0375,Hospital A,0,1,0.088418156,0.09257388,1.0,0.9978047632689694,1e-05
HA-0376,Hospital A,0,1,0.14728259,0.15932703,1.0,0.9978047632689694,1e-05
HA-0377,Hospital A,0,0,0.19068809,0.21157086,1.0,0.9978047632689694,1e-05
HA-0378,Hospital A,0,0,0.10676203,0.112902164,1.0,0.9978047632689694,1e-05
HA-0379,Hospital A,1,0,0.09843606,2.3183482,1.0,0.9978047632689694,1e-05
HA-0380,Hospital A,0,1,0.090889685,0.09528875,1.0,0.9978047632689694,1e-05
HA-0381,Hospital A,0,1,0.12802923,0.13699937,1.0,0.9978047632689694,1e-05
HA-0382,Hospital A,0,0,0.10810881,0.114411116,1.0,0.9978047632689694,1e-05
HA-0383,Hospital A,1,1,0.22063723,1.5112355,1.0,0.9978047632689694,1e-05
HA-0384,Hospital A,0,1,0.07767496,0.080857515,1.0,0.9978047632689694,1e-05
HA-0385,Hospital A,0,1,0.15218137,0.16508853,1.0,0.9978047632689694,1e-05
HA-0386,Hospital A,0,1,0.10807702,0.11437559,1.0,0.9978047632689694,1e-05
HA-0387,Hospital A,0,1,0.09368011,0.09836292,1.0,0.9978047632689694,1e-05
HA-0388,Hospital A,0,1,0.094467215,0.09923172,1.0,0.9978047632689694,1e-05
HA-0389,Hospital A,0,1,0.13764551,0.14808881,1.0,0.9978047632689694,1e-05
HA-0390,Hospital A,0,1,0.057482336,0.059200525,1.0,0.9978047632689694,1e-05
HA-0391,Hospital A,0,1,0.061344463,0.06330681,1.0,0.9978047632689694,1e-05
HA-0392,Hospital A,1,0,0.07341581,2.611616,1.0,0.9978047632689694,1e-05
HA-0393,Hospital A,1,1,0.25914577,1.3503646,1.0,0.9978047632689694,1e-05
HA-0394,Hospital A,0,0,0.09769697,0.1028049,1.0,0.9978047632689694,1e-05
HA-0395,Hospital A,0,1,0.13965228,0.15041864,1.0,0.9978047632689694,1e-05
HA-0396,Hospital A,0,0,0.08456192,0.08835244,1.0,0.9978047632689694,1e-05
HA-0397,Hospital A,1,0,0.12536754,2.0765054,1.0,0.9978047632689694,1e-05
HA-0398,Hospital A,0,1,0.06697993,0.06932855,1.0,0.9978047632689694,1e-05
HA-0399,Hospital A,1,0,0.08431414,2.4732056,1.0,0.9978047632689694,1e-05
HA-0400,Hospital A,0,0,0.114093766,0.12114406,1.0,0.9978047632689694,1e-05
HA-0401,Hospital A,1,1,0.29369593,1.2252102,1.0,0.9978047632689694,1e-05
HA-0402,Hospital A,0,1,0.08409249,0.08783984,1.0,0.9978047632689694,1e-05
HA-0403,Hospital A,0,1,0.25082448,0.288782,1.0,0.9978047632689694,1e-05
HA-0404,Hospital A,0,0,0.10510646,0.111050606,1.0,0.9978047632689694,1e-05
HA-0405,Hospital A,0,1,0.083058655,0.08671188,1.0,0.9978047632689694,1e-05
HA-0406,Hospital A,0,0,0.07986797,0.083238125,1.0,0.9978047632689694,1e-05
HA-0407,Hospital A,0,1,0.09305803,0.097676754,1.0,0.9978047632689694,1e-05
HA-0408,Hospital A,0,0,0.2196907,0.24806488,1.0,0.9978047632689694,1e-05
HA-0409,Hospital A,0,1,0.05074936,0.0520823,1.0,0.9978047632689694,1e-05
HA-0410,Hospital A,0,0,0.08965138,0.09392762,1.0,0.9978047632689694,1e-05
HA-0411,Hospital A,0,1,0.12289172,0.13112473,1.0,0.9978047632689694,1e-05
HA-0412,Hospital A,1,1,0.14959146,1.8998474,1.0,0.9978047632689694,1e-05
HA-0413,Hospital A,0,1,0.12904686,0.13816714,1.0,0.9978047632689694,1e-05
HA-0414,Hospital A,1,1,0.16870901,1.7795799,1.0,0.9978047632689694,1e-05
HA-0415,Hospital A,1,0,0.24312226,1.4141908,1.0,0.9978047632689694,1e-05
HA-0416,Hospital A,0,1,0.096880965,0.101900816,1.0,0.9978047632689694,1e-05
HA-0417,Hospital A,0,0,0.09731399,0.102380514,1.0,0.9978047632689694,1e-05
HA-0418,Hospital A,0,1,0.105265155,0.11122775,1.0,0.9978047632689694,1e-05
HA-0419,Hospital A,0,1,0.081953086,0.08550668,1.0,0.9978047632689694,1e-05
HA-0420,Hospital A,1,1,0.3166758,1.1498767,1.0,0.9978047632689694,1e-05
HA-0421,Hospital A,0,1,0.15227728,0.16520166,1.0,0.9978047632689694,1e-05
HA-0422,Hospital A,0,1,0.08085421,0.08431053,1.0,0.9978047632689694,1e-05
HA-0423,Hospital A,0,0,0.054311797,0.0558424,1.0,0.9978047632689694,1e-05
HA-0424,Hospital A,0,1,0.22718944,0.2577213,1.0,0.9978047632689694,1e-05
HA-0425,Hospital A,1,1,0.09785229,2.3242962,1.0,0.9978047632689694,1e-05
HA-0426,Hospital A,0,0,0.29866463,0.35476905,1.0,0.9978047632689694,1e-05
HA-0427,Hospital A,0,0,0.10329185,0.10902476,1.0,0.9978047632689694,1e-05
HA-0428,Hospital A,0,1,0.2811666,0.33012563,1.0,0.9978047632689694,1e-05
HA-0429,Hospital A,1,0,0.09059487,2.4013577,1.0,0.9978047632689694,1e-05
HA-0430,Hospital A,0,0,0.092371225,0.096919775,1.0,0.9978047632689694,1e-05
HA-0431,Hospital A,0,0,0.07097478,0.073619366,1.0,0.9978047632689694,1e-05
HA-0432,Hospital A,0,1,0.1430831,0.1544143,1.0,0.9978047632689694,1e-05
HA-0433,Hospital A,0,0,0.15905565,0.17322981,1.0,0.9978047632689694,1e-05
HA-0434,Hospital A,0,1,0.164519,0.1797477,1.0,0.9978047632689694,1e-05
HA-0435,Hospital A,0,0,0.10385537,0.10965347,1.0,0.9978047632689694,1e-05
HA-0436,Hospital A,0,1,0.2298288,0.2611425,1.0,0.9978047632689694,1e-05
HA-0437,Hospital A,0,0,0.08652767,0.09050226,1.0,0.9978047632689694,1e-05
HA-0438,Hospital A,0,0,0.11744816,0.12493777,1.0,0.9978047632689694,1e-05
HA-0439,Hospital A,0,0,0.072266124,0.0750103,1.0,0.9978047632689694,1e-05
HA-0440,Hospital A,1,0,0.16143537,1.8236505,1.0,0.9978047632689694,1e-05
HA-0441,Hospital A,0,1,0.068715364,0.07119036,1.0,0.9978047632689694,1e-05
HA-0442,Hospital A,1,1,0.108029775,2.2253482,1.0,0.9978047632689694,1e-05
HA-0443,Hospital A,0,1,0.14160761,0.15269399,1.0,0.9978047632689694,1e-05
HA-0444,Hospital A,0,1,0.10502429,0.110958815,1.0,0.9978047632689694,1e-05
HA-0445,Hospital A,1,0,0.36469743,1.0086873,1.0,0.9978047632689694,1e-05
HA-0446,Hospital A,0,0,0.07527941,0.07826376,1.0,0.9978047632689694,1e-05
HA-0447,Hospital A,0,1,0.09461768,0.0993979,1.0,0.9978047632689694,1e-05
HA-0448,Hospital A,0,1,0.061051648,0.06299472,1.0,0.9978047632689694,1e-05
HA-0449,Hospital A,0,0,0.111166924,0.11784577,1.0,0.9978047632689694,1e-05
HA-0450,Hospital A,0,1,0.076203346,0.07926321,1.0,0.9978047632689694,1e-05
HA-0451,Hospital A,0,1,0.09130789,0.0957489,1.0,0.9978047632689694,1e-05
HA-0452,Hospital A,0,1,0.09574815,0.10064745,1.0,0.9978047632689694,1e-05
HA-0453,Hospital A,0,0,0.120268986,0.12813902,1.0,0.9978047632689694,1e-05
HA-0454,Hospital A,0,1,0.28798226,0.33965236,1.0,0.9978047632689694,1e-05
HA-0455,Hospital A,1,1,0.27877018,1.2773676,1.0,0.9978047632689694,1e-05
HA-0456,Hospital A,0,1,0.12666361,0.13543439,1.0,0.9978047632689694,1e-05
HA-0457,Hospital A,1,1,0.28044704,1.2713705,1.0,0.9978047632689694,1e-05
HA-0458,Hospital A,1,1,0.15642257,1.8551942,1.0,0.9978047632689694,1e-05
HA-0459,Hospital A,0,1,0.10251602,0.10816002,1.0,0.9978047632689694,1e-05
HA-0460,Hospital A,1,1,0.098988175,2.3127549,1.0,0.9978047632689694,1e-05
HA-0461,Hospital A,0,0,0.08188628,0.08543396,1.0,0.9978047632689694,1e-05
HA-0462,Hospital A,0,1,0.08899345,0.09320521,1.0,0.9978047632689694,1e-05
HA-0463,Hospital A,0,0,0.0757178,0.078737736,1.0,0.9978047632689694,1e-05
HA-0464,Hospital A,0,1,0.18360604,0.20285821,1.0,0.9978047632689694,1e-05
HA-0465,Hospital A,1,1,0.07686249,2.5657372,1.0,0.9978047632689694,1e-05
HA-0466,Hospital A,0,0,0.08901678,0.093230724,1.0,0.9978047632689694,1e-05
HA-0467,Hospital A,1,0,0.08358232,2.4819233,1.0,0.9978047632689694,1e-05
HA-0468,Hospital A,0,0,0.09212866,0.09665251,1.0,0.9978047632689694,1e-05
HA-0469,Hospital A,1,0,0.13087983,2.0334756,1.0,0.9978047632689694,1e-05
HA-0470,Hospital A,1,1,0.28871298,1.2423222,1.0,0.9978047632689694,1e-05
HA-0471,Hospital A,0,1,0.098229274,0.103394985,1.0,0.9978047632689694,1e-05
HA-0472,Hospital A,1,1,0.06509478,2.731911,1.0,0.9978047632689694,1e-05
HA-0473,Hospital A,0,1,0.06471574,0.06690478,1.0,0.9978047632689694,1e-05
HA-0474,Hospital A,0,0,0.13544098,0.14553571,1.0,0.9978047632689694,1e-05
HA-0475,Hospital A,1,0,0.15638253,1.8554502,1.0,0.9978047632689694,1e-05
HA-0476,Hospital A,0,1,0.16483311,0.18012369,1.0,0.9978047632689694,1e-05
HA-0477,Hospital A,0,1,0.11824582,0.12584186,1.0,0.9978047632689694,1e-05
HA-0478,Hospital A,0,0,0.09428344,0.099028826,1.0,0.9978047632689694,1e-05
HA-0479,Hospital A,0,1,0.14451575,0.15608764,1.0,0.9978047632689694,1e-05
HA-0480,Hospital A,0,1,0.091088794,0.09550786,1.0,0.9978047632689694,1e-05
HA-0481,Hospital A,0,0,0.101301,0.10680723,1.0,0.9978047632689694,1e-05
HA-0482,Hospital A,0,0,0.096515045,0.10149574,1.0,0.9978047632689694,1e-05
HA-0483,Hospital A,1,1,0.23504989,1.4479575,1.0,0.9978047632689694,1e-05
HA-0484,Hospital A,1,1,0.14687297,1.9181874,1.0,0.9978047632689694,1e-05
HA-0485,Hospital A,1,1,0.07325739,2.6137762,1.0,0.9978047632689694,1e-05
HA-0486,Hospital A,0,1,0.09087938,0.09527755,1.0,0.9978047632689694,1e-05
HA-0487,Hospital A,1,1,0.17618224,1.7362363,1.0,0.9978047632689694,1e-05
HA-0488,Hospital A,0,1,0.14532089,0.15702915,1.0,0.9978047632689694,1e-05
HA-0489,Hospital A,1,0,0.08887411,2.4205344,1.0,0.9978047632689694,1e-05
HA-0490,Hospital A,0,1,0.08370693,0.08741903,1.0,0.9978047632689694,1e-05
HA-0491,Hospital A,0,0,0.109598845,0.116083145,1.0,0.9978047632689694,1e-05
HA-0492,Hospital A,0,0,0.09871386,0.10393238,1.0,0.9978047632689694,1e-05
HA-0493,Hospital A,0,0,0.15703362,0.17082822,1.0,0.9978047632689694,1e-05
HA-0494,Hospital A,0,0,0.08373757,0.08745241,1.0,0.9978047632689694,1e-05
HA-0495,Hospital A,0,0,0.10286104,0.10854459,1.0,0.9978047632689694,1e-05
HA-0496,Hospital A,0,1,0.2428524,0.27819705,1.0,0.9978047632689694,1e-05
HA-0497,Hospital A,0,1,0.086455196,0.09042287,1.0,0.9978047632689694,1e-05
HA-0498,Hospital A,0,1,0.089883655,0.09418273,1.0,0.9978047632689694,1e-05
HA-0499,Hospital A,0,0,0.061672438,0.06365609,1.0,0.9978047632689694,1e-05
HA-0500,Hospital A,0,0,0.07250567,0.07526851,1.0,0.9978047632689694,1e-05
HA-0501,Hospital A,1,0,0.1807295,1.7107538,1.0,0.9978047632689694,1e-05
HA-0502,Hospital A,0,0,0.20401597,0.22817612,1.0,0.9978047632689694,1e-05
HA-0503,Hospital A,0,1,0.09946002,0.10476065,1.0,0.9978047632689694,1e-05
HA-0504,Hospital A,0,0,0.08604436,0.08997321,1.0,0.9978047632689694,1e-05
HA-0505,Hospital A,0,0,0.105462946,0.111449,1.0,0.9978047632689694,1e-05
HA-0506,Hospital A,1,1,0.14967836,1.8992665,1.0,0.9978047632689694,1e-05
HA-0507,Hospital A,0,0,0.09499981,0.09982014,1.0,0.9978047632689694,1e-05
HA-0508,Hospital A,1,1,0.38942114,0.9430939,1.0,0.9978047632689694,1e-05
HA-0509,Hospital A,1,1,0.27386174,1.2951319,1.0,0.9978047632689694,1e-05
HA-0510,Hospital A,0,1,0.12793812,0.13689494,1.0,0.9978047632689694,1e-05
HA-0511,Hospital A,0,0,0.08570857,0.08960581,1.0,0.9978047632689694,1e-05
HA-0512,Hospital A,0,0,0.07406562,0.07695198,1.0,0.9978047632689694,1e-05
HA-0513,Hospital A,0,0,0.10739784,0.11361432,1.0,0.9978047632689694,1e-05
HA-0514,Hospital A,0,0,0.068092145,0.070521355,1.0,0.9978047632689694,1e-05
HA-0515,Hospital A,1,1,0.3349429,1.0937952,1.0,0.9978047632689694,1e-05
HA-0516,Hospital A,0,0,0.21276158,0.2392242,1.0,0.9978047632689694,1e-05
HA-0517,Hospital A,0,1,0.10574169,0.11176062,1.0,0.9978047632689694,1e-05
HA-0518,Hospital A,0,1,0.102474704,0.108114004,1.0,0.9978047632689694,1e-05
HA-0519,Hospital A,0,0,0.13406183,0.14394188,1.0,0.9978047632689694,1e-05
HA-0520,Hospital A,0,0,0.15557677,0.16910148,1.0,0.9978047632689694,1e-05
HA-0521,Hospital A,0,0,0.09642188,0.101392746,1.0,0.9978047632689694,1e-05
HA-0522,Hospital A,0,1,0.08477065,0.08858061,1.0,0.9978047632689694,1e-05
HA-0523,Hospital A,0,1,0.12782338,0.13676333,1.0,0.9978047632689694,1e-05
HA-0524,Hospital A,0,1,0.09323017,0.097866535,1.0,0.9978047632689694,1e-05
HA-0525,Hospital A,0,0,0.09516043,0.09999752,1.0,0.9978047632689694,1e-05
HA-0526,Hospital A,0,1,0.13899377,0.14965355,1.0,0.9978047632689694,1e-05
HA-0527,Hospital A,1,0,0.19841681,1.6173853,1.0,0.9978047632689694,1e-05
HA-0528,Hospital A,0,0,0.16934851,0.18554497,1.0,0.9978047632689694,1e-05
HA-0529,Hospital A,1,0,0.103299886,2.270119,1.0,0.9978047632689694,1e-05
HA-0530,Hospital A,1,0,0.13518979,2.0010757,1.0,0.9978047632689694,1e-05
HA-0531,Hospital A,0,1,0.14352311,0.15492797,1.0,0.9978047632689694,1e-05
HA-0532,Hospital A,0,0,0.08660445,0.090586185,1.0,0.9978047632689694,1e-05
HA-0533,Hospital A,0,0,0.07468282,0.0776186,1.0,0.9978047632689694,1e-05
HA-0534,Hospital A,1,1,0.16917564,1.7768178,1.0,0.9978047632689694,1e-05
HA-0535,Hospital A,0,0,0.06498766,0.067195654,1.0,0.9978047632689694,1e-05
HA-0536,Hospital A,0,0,0.16208212,0.17683518,1.0,0.9978047632689694,1e-05
HA-0537,Hospital A,0,1,0.10302798,0.108730555,1.0,0.9978047632689694,1e-05
HA-0538,Hospital A,0,0,0.13862036,0.14921999,1.0,0.9978047632689694,1e-05
HA-0539,Hospital A,0,1,0.064973496,0.067180395,1.0,0.9978047632689694,1e-05
HA-0540,Hospital A,0,1,0.08166926,0.08519769,1.0,0.9978047632689694,1e-05
HA-0541,Hospital A,0,1,0.060724728,0.06264663,1.0,0.9978047632689694,1e-05
HA-0542,Hospital A,0,1,0.24448292,0.28035283,1.0,0.9978047632689694,1e-05
HA-0543,Hospital A,0,0,0.22306952,0.25240445,1.0,0.9978047632689694,1e-05
HA-0544,Hospital A,0,1,0.0671604,0.069521904,1.0,0.9978047632689694,1e-05
HA-0545,Hospital A,0,1,0.09432023,0.099069595,1.0,0.9978047632689694,1e-05
HA-0546,Hospital A,1,1,0.059820224,2.8164115,1.0,0.9978047632689694,1e-05
HA-0547,Hospital A,0,1,0.08846763,0.09262824,1.0,0.9978047632689694,1e-05
HA-0548,Hospital A,0,1,0.10152038,0.107051134,1.0,0.9978047632689694,1e-05
HA-0549,Hospital A,0,0,0.12544644,0.13404179,1.0,0.9978047632689694,1e-05
HA-0550,Hospital A,0,1,0.21895051,0.2471168,1.0,0.9978047632689694,1e-05
HA-0551,Hospital A,0,1,0.101062275,0.10654163,1.0,0.9978047632689694,1e-05
HA-0552,Hospital A,0,0,0.104438,0.11030388,1.0,0.9978047632689694,1e-05
HA-0553,Hospital A,0,1,0.15235384,0.16529202,1.0,0.9978047632689694,1e-05
HA-0554,Hospital A,0,1,0.15394415,0.16716993,1.0,0.9978047632689694,1e-05
HA-0555,Hospital A,0,0,0.079308115,0.08262992,1.0,0.9978047632689694,1e-05
HA-0556,Hospital A,0,1,0.12130781,0.12932062,1.0,0.9978047632689694,1e-05
HA-0557,Hospital A,0,1,0.3529462,0.4353258,1.0,0.9978047632689694,1e-05
HA-0558,Hospital A,1,1,0.1090379,2.21606,1.0,0.9978047632689694,1e-05
HA-0559,Hospital A,0,1,0.06770971,0.07011104,1.0,0.9978047632689694,1e-05
HA-0560,Hospital A,0,0,0.12229084,0.13044,1.0,0.9978047632689694,1e-05
HA-0561,Hospital A,1,1,0.12085125,2.1131947,1.0,0.9978047632689694,1e-05
HA-0562,Hospital A,1,0,0.09550693,2.3485565,1.0,0.9978047632689694,1e-05
HA-0563,Hospital A,0,1,0.13613336,0.14633691,1.0,0.9978047632689694,1e-05
HA-0564,Hospital A,0,0,0.12108617,0.12906837,1.0,0.9978047632689694,1e-05
HA-0565,Hospital A,0,0,0.084862486,0.08868098,1.0,0.9978047632689694,1e-05
HA-0566,Hospital A,0,1,0.08325098,0.08692145,1.0,0.9978047632689694,1e-05
HA-0567,Hospital A,0,0,0.076998845,0.080124855,1.0,0.9978047632689694,1e-05
HA-0568,Hospital A,0,1,0.08650327,0.09047556,1.0,0.9978047632689694,1e-05
HA-0569,Hospital A,0,1,0.15456109,0.16789937,1.0,0.9978047632689694,1e-05
HA-0570,Hospital A,1,1,0.1344376,2.006655,1.0,0.9978047632689694,1e-05
HA-0571,Hospital A,0,1,0.15028304,0.16285193,1.0,0.9978047632689694,1e-05
HA-0572,Hospital A,0,0,0.21002237,0.23575068,1.0,0.9978047632689694,1e-05
HA-0573,Hospital A,0,1,0.09148252,0.09594107,1.0,0.9978047632689694,1e-05
HA-0574,Hospital A,1,1,0.14534898,1.9286177,1.0,0.9978047632689694,1e-05
HA-0575,Hospital A,0,0,0.11995699,0.12778449,1.0,0.9978047632689694,1e-05
HA-0576,Hospital A,0,1,0.0662667,0.068564415,1.0,0.9978047632689694,1e-05
HA-0577,Hospital A,0,0,0.09333957,0.097987175,1.0,0.9978047632689694,1e-05
HA-0578,Hospital A,1,1,0.1312266,2.0308297,1.0,0.9978047632689694,1e-05
HA-0579,Hospital A,0,0,0.07342611,0.07626152,1.0,0.9978047632689694,1e-05
HA-0580,Hospital A,0,0,0.09630226,0.10126042,1.0,0.9978047632689694,1e-05
HA-0581,Hospital A,0,1,0.09216575,0.096693516,1.0,0.9978047632689694,1e-05
HA-0582,Hospital A,0,1,0.06295127,0.065020084,1.0,0.9978047632689694,1e-05
HA-0583,Hospital A,0,0,0.10363768,0.109410524,1.0,0.9978047632689694,1e-05
HA-0584,Hospital A,0,1,0.07829982,0.08153534,1.0,0.9978047632689694,1e-05
HA-0585,Hospital A,0,1,0.09851751,0.103714705,1.0,0.9978047632689694,1e-05
HA-0586,Hospital A,1,0,0.13941282,1.9703158,1.0,0.9978047632689694,1e-05
HA-0587,Hospital A,0,1,0.18894903,0.20942438,1.0,0.9978047632689694,1e-05
HA-0588,Hospital A,0,0,0.12461743,0.13309431,1.0,0.9978047632689694,1e-05
HA-0589,Hospital A,0,1,0.0847005,0.08850384,1.0,0.9978047632689694,1e-05
HA-0590,Hospital A,1,1,0.33832622,1.0837448,1.0,0.9978047632689694,1e-05
HA-0591,Hospital A,0,1,0.075404696,0.07839918,1.0,0.9978047632689694,1e-05
HA-0592,Hospital A,0,0,0.10861771,0.11498189,1.0,0.9978047632689694,1e-05
HA-0593,Hospital A,1,1,0.13190198,2.0256963,1.0,0.9978047632689694,1e-05
HA-0594,Hospital A,0,1,0.06918733,0.071697235,1.0,0.9978047632689694,1e-05
HA-0595,Hospital A,0,0,0.13613512,0.14633894,1.0,0.9978047632689694,1e-05
HA-0596,Hospital A,0,0,0.17993885,0.1983763,1.0,0.9978047632689694,1e-05
HA-0597,Hospital A,0,0,0.15318389,0.16627169,1.0,0.9978047632689694,1e-05
HA-0598,Hospital A,0,1,0.14425619,0.15578425,1.0,0.9978047632689694,1e-05
HA-0599,Hospital A,1,1,0.10333214,2.2698069,1.0,0.9978047632689694,1e-05
HA-0600,Hospital A,0,0,0.21181186,0.2380184,1.0,0.9978047632689694,1e-05
HA-0601,Hospital A,0,0,0.1547077,0.16807282,1.0,0.9978047632689694,1e-05
HA-0602,Hospital A,0,0,0.15317945,0.16626644,1.0,0.9978047632689694,1e-05
HA-0603,Hospital A,0,0,0.10474687,0.11064887,1.0,0.9978047632689694,1e-05
HA-0604,Hospital A,0,0,0.09186608,0.096363544,1.0,0.9978047632689694,1e-05
HA-0605,Hospital A,1,1,0.10287292,2.2742608,1.0,0.9978047632689694,1e-05
HA-0606,Hospital A,0,1,0.10104157,0.10651851,1.0,0.9978047632689694,1e-05
HA-0607,Hospital A,0,1,0.22768489,0.25836265,1.0,0.9978047632689694,1e-05
HA-0608,Hospital A,0,1,0.19206002,0.21326756,1.0,0.9978047632689694,1e-05
HA-0609,Hospital A,1,1,0.15983778,1.8335958,1.0,0.9978047632689694,1e-05
HA-0610,Hospital A,0,1,0.082210705,0.085787535,1.0,0.9978047632689694,1e-05
HA-0611,Hospital A,0,1,0.072444,0.07520199,1.0,0.9978047632689694,1e-05
HA-0612,Hospital A,1,0,0.06976765,2.662585,1.0,0.9978047632689694,1e-05
HA-0613,Hospital A,1,0,0.16763473,1.785968,1.0,0.9978047632689694,1e-05
HA-0614,Hospital A,0,1,0.11986672,0.12768197,1.0,0.9978047632689694,1e-05
HA-0615,Hospital A,0,0,0.17841129,0.19651532,1.0,0.9978047632689694,1e-05
HA-0616,Hospital A,0,0,0.07276217,0.07554507,1.0,0.9978047632689694,1e-05
HA-0617,Hospital A,0,1,0.07808804,0.081305504,1.0,0.9978047632689694,1e-05
HA-0618,Hospital A,0,1,0.0971335,0.10218048,1.0,0.9978047632689694,1e-05
HA-0619,Hospital A,0,0,0.086626,0.09060979,1.0,0.9978047632689694,1e-05
HA-0620,Hospital A,0,0,0.19526887,0.21724701,1.0,0.9978047632689694,1e-05
HA-0621,Hospital A,0,0,0.07544655,0.07844448,1.0,0.9978047632689694,1e-05
HA-0622,Hospital A,0,1,0.07616478,0.07922149,1.0,0.9978047632689694,1e-05
HA-0623,Hospital A,0,0,0.08165994,0.085187435,1.0,0.9978047632689694,1e-05
HA-0624,Hospital A,1,1,0.33619097,1.090076,1.0,0.9978047632689694,1e-05
HA-0625,Hospital A,0,0,0.1044597,0.11032796,1.0,0.9978047632689694,1e-05
HA-0626,Hospital A,1,0,0.11908091,2.127952,1.0,0.9978047632689694,1e-05
HA-0627,Hospital A,0,1,0.14115913,0.15217161,1.0,0.9978047632689694,1e-05
HA-0628,Hospital A,1,0,0.17321138,1.7532425,1.0,0.9978047632689694,1e-05
HA-0629,Hospital A,1,1,0.08699347,2.4419222,1.0,0.9978047632689694,1e-05
HA-0630,Hospital A,0,1,0.23462968,0.2673955,1.0,0.9978047632689694,1e-05
HA-0631,Hospital A,0,0,0.1767026,0.19443774,1.0,0.9978047632689694,1e-05
HA-0632,Hospital A,0,0,0.11933276,0.12707543,1.0,0.9978047632689694,1e-05
HA-0633,Hospital A,0,1,0.0762229,0.07928443,1.0,0.9978047632689694,1e-05
HA-0634,Hospital A,0,0,0.09103442,0.09544802,1.0,0.9978047632689694,1e-05
HA-0635,Hospital A,0,0,0.11132268,0.11802101,1.0,0.9978047632689694,1e-05
HA-0636,Hospital A,0,0,0.15356167,0.16671789,1.0,0.9978047632689694,1e-05
HA-0637,Hospital A,0,1,0.0902209,0.09455347,1.0,0.9978047632689694,1e-05
HA-0638,Hospital A,0,0,0.10401349,0.1098299,1.0,0.9978047632689694,1e-05
HA-0639,Hospital A,0,1,0.092312016,0.09685469,1.0,0.9978047632689694,1e-05
HA-0640,Hospital A,1,1,0.11285624,2.1816404,1.0,0.9978047632689694,1e-05
HA-0641,Hospital A,0,0,0.17824383,0.1963116,1.0,0.9978047632689694,1e-05
HA-0642,Hospital A,0,0,0.2209264,0.24964976,1.0,0.9978047632689694,1e-05
HA-0643,Hospital A,0,1,0.10884869,0.11524105,1.0,0.9978047632689694,1e-05
HA-0644,Hospital A,0,0,0.075976,0.07901716,1.0,0.9978047632689694,1e-05
HA-0645,Hospital A,0,0,0.19643465,0.21869671,1.0,0.9978047632689694,1e-05
HA-0646,Hospital A,0,0,0.07730269,0.08045411,1.0,0.9978047632689694,1e-05
HA-0647,Hospital A,0,0,0.076691836,0.07979226,1.0,0.9978047632689694,1e-05
HA-0648,Hospital A,0,0,0.2246875,0.25448906,1.0,0.9978047632689694,1e-05
HA-0649,Hospital A,0,0,0.26453504,0.3072524,1.0,0.9978047632689694,1e-05
HA-0650,Hospital A,0,1,0.102845244,0.108526945,1.0,0.9978047632689694,1e-05
HA-0651,Hospital A,0,1,0.13398398,0.14385188,1.0,0.9978047632689694,1e-05
HA-0652,Hospital A,0,0,0.1412074,0.15222788,1.0,0.9978047632689694,1e-05
HA-0653,Hospital A,1,0,0.122775376,2.0973988,1.0,0.9978047632689694,1e-05
HA-0654,Hospital A,0,0,0.05766842,0.059398174,1.0,0.9978047632689694,1e-05
HA-0655,Hospital A,0,0,0.24556498,0.28178608,1.0,0.9978047632689694,1e-05
HA-0656,Hospital A,0,0,0.13867897,0.14928794,1.0,0.9978047632689694,1e-05
HA-0657,Hospital A,0,1,0.104412965,0.110275984,1.0,0.9978047632689694,1e-05
HA-0658,Hospital A,0,0,0.06750949,0.06989622,1.0,0.9978047632689694,1e-05
HA-0659,Hospital A,0,0,0.11149088,0.118210316,1.0,0.9978047632689694,1e-05
HA-0660,Hospital A,0,1,0.11466425,0.12178826,1.0,0.9978047632689694,1e-05
HA-0661,Hospital A,0,1,0.12044045,0.12833405,1.0,0.9978047632689694,1e-05
HA-0662,Hospital A,1,1,0.17449203,1.7458762,1.0,0.9978047632689694,1e-05
HA-0663,Hospital A,0,0,0.06981053,0.07236695,1.0,0.9978047632689694,1e-05
HA-0664,Hospital A,0,1,0.069430254,0.0719583,1.0,0.9978047632689694,1e-05
HA-0665,Hospital A,0,1,0.09896746,0.10421395,1.0,0.9978047632689694,1e-05
HA-0666,Hospital A,0,1,0.06491687,0.06711984,1.0,0.9978047632689694,1e-05
HA-0667,Hospital A,0,1,0.056112617,0.057748318,1.0,0.9978047632689694,1e-05
HA-0668,Hospital A,1,1,0.103014424,2.2728863,1.0,0.9978047632689694,1e-05
HA-0669,Hospital A,0,1,0.184113,0.20347941,1.0,0.9978047632689694,1e-05
HA-0670,Hospital A,0,0,0.11527736,0.12248111,1.0,0.9978047632689694,1e-05
HA-0671,Hospital A,0,1,0.09292433,0.09752941,1.0,0.9978047632689694,1e-05
HA-0672,Hospital A,1,0,0.109682985,2.2101612,1.0,0.9978047632689694,1e-05
HA-0673,Hospital A,0,1,0.14449893,0.15606797,1.0,0.9978047632689694,1e-05
HA-0674,Hospital A,0,1,0.15893136,0.173082,1.0,0.9978047632689694,1e-05
HA-0675,Hospital A,1,0,0.13991275,1.9667362,1.0,0.9978047632689694,1e-05
HA-0676,Hospital A,0,1,0.06300554,0.06507778,1.0,0.9978047632689694,1e-05
HA-0677,Hospital A,1,0,0.21559858,1.534337,1.0,0.9978047632689694,1e-05
HA-0678,Hospital A,1,1,0.33043888,1.1073337,1.0,0.9978047632689694,1e-05
HA-0679,Hospital A,0,1,0.13334103,0.1431098,1.0,0.9978047632689694,1e-05
HA-0680,Hospital A,0,1,0.094337665,0.09908867,1.0,0.9978047632689694,1e-05
HA-0681,Hospital A,0,0,0.09783785,0.10296106,1.0,0.9978047632689694,1e-05
HA-0682,Hospital A,0,1,0.107505195,0.11373448,1.0,0.9978047632689694,1e-05
HA-0683,Hospital A,1,1,0.24252881,1.4166347,1.0,0.9978047632689694,1e-05
HA-0684,Hospital A,0,1,0.08643859,0.09040475,1.0,0.9978047632689694,1e-05
HA-0685,Hospital A,1,0,0.25971076,1.3481867,1.0,0.9978047632689694,1e-05
HA-0686,Hospital A,0,0,0.080737315,0.084183455,1.0,0.9978047632689694,1e-05
HA-0687,Hospital A,0,1,0.08771914,0.091807365,1.0,0.9978047632689694,1e-05
HA-0688,Hospital A,0,1,0.110597946,0.11720586,1.0,0.9978047632689694,1e-05
HA-0689,Hospital A,0,1,0.2349555,0.2678213,1.0,0.9978047632689694,1e-05
HA-0690,Hospital A,0,0,0.06495855,0.06716442,1.0,0.9978047632689694,1e-05
HA-0691,Hospital A,0,1,0.12140804,0.12943482,1.0,0.9978047632689694,1e-05
HA-0692,Hospital A,1,0,0.15941465,1.8362466,1.0,0.9978047632689694,1e-05
HA-0693,Hospital A,0,0,0.13276863,0.14244938,1.0,0.9978047632689694,1e-05
HA-0694,Hospital A,0,0,0.093834184,0.098532915,1.0,0.9978047632689694,1e-05
HA-0695,Hospital A,0,1,0.10603737,0.1120913,1.0,0.9978047632689694,1e-05
HA-0696,Hospital A,0,1,0.13094333,0.140347,1.0,0.9978047632689694,1e-05
HA-0697,Hospital A,0,0,0.081267565,0.08476043,1.0,0.9978047632689694,1e-05
HA-0698,Hospital A,0,1,0.049501806,0.05076909,1.0,0.9978047632689694,1e-05
HA-0699,Hospital A,0,1,0.08351363,0.08720803,1.0,0.9978047632689694,1e-05
HA-0700,Hospital A,0,1,0.15338299,0.16650689,1.0,0.9978047632689694,1e-05
HA-0701,Hospital A,0,1,0.16698115,0.18269897,1.0,0.9978047632689694,1e-05
HA-0702,Hospital A,0,0,0.12751608,0.13641107,1.0,0.9978047632689694,1e-05
HA-0703,Hospital A,0,0,0.08535805,0.08922267,1.0,0.9978047632689694,1e-05
HA-0704,Hospital A,1,0,0.11840483,2.1336458,1.0,0.9978047632689694,1e-05
HA-0705,Hospital A,1,0,0.44744182,0.80420876,1.0,0.9978047632689694,1e-05
HA-0706,Hospital A,0,1,0.14198385,0.15313232,1.0,0.9978047632689694,1e-05
HA-0707,Hospital A,0,1,0.05751478,0.059235096,1.0,0.9978047632689694,1e-05
HA-0708,Hospital A,0,0,0.17838877,0.1964879,1.0,0.9978047632689694,1e-05
HA-0709,Hospital A,0,1,0.19560702,0.21766734,1.0,0.9978047632689694,1e-05
HA-0710,Hospital A,0,1,0.10067976,0.10611606,1.0,0.9978047632689694,1e-05
HA-0711,Hospital A,0,0,0.12901081,0.13812566,1.0,0.9978047632689694,1e-05
HA-0712,Hospital A,1,0,0.24691084,1.3987279,1.0,0.9978047632689694,1e-05
HA-0713,Hospital A,0,0,0.08331858,0.08699536,1.0,0.9978047632689694,1e-05
HA-0714,Hospital A,0,0,0.16080847,0.17531633,1.0,0.9978047632689694,1e-05
HA-0715,Hospital A,0,0,0.08559829,0.08948541,1.0,0.9978047632689694,1e-05
HA-0716,Hospital A,1,1,0.09339711,2.370895,1.0,0.9978047632689694,1e-05
HA-0717,Hospital A,0,1,0.16223422,0.17701674,1.0,0.9978047632689694,1e-05
HA-0718,Hospital A,1,1,0.36126304,1.0181489,1.0,0.9978047632689694,1e-05
HA-0719,Hospital A,0,1,0.100647464,0.10608029,1.0,0.9978047632689694,1e-05
HA-0720,Hospital A,0,0,0.06834736,0.0707953,1.0,0.9978047632689694,1e-05
HA-0721,Hospital A,0,0,0.08084694,0.084302664,1.0,0.9978047632689694,1e-05
HA-0722,Hospital A,1,0,0.15225925,1.8821707,1.0,0.9978047632689694,1e-05
HA-0723,Hospital A,0,1,0.06446058,0.06663203,1.0,0.9978047632689694,1e-05
HA-0724,Hospital A,1,0,0.07922315,2.535487,1.0,0.9978047632689694,1e-05
HA-0725,Hospital A,0,0,0.13936585,0.1500858,1.0,0.9978047632689694,1e-05
HA-0726,Hospital A,0,1,0.08869769,0.09288049,1.0,0.9978047632689694,1e-05
HA-0727,Hospital A,0,1,0.10152892,0.10706067,1.0,0.9978047632689694,1e-05
HA-0728,Hospital A,1,0,0.13870013,1.975441,1.0,0.9978047632689694,1e-05
HA-0729,Hospital A,1,0,0.14771408,1.9124768,1.0,0.9978047632689694,1e-05
HA-0730,Hospital A,0,0,0.1102405,0.11680412,1.0,0.9978047632689694,1e-05
HA-0731,Hospital A,0,1,0.11344883,0.1204164,1.0,0.9978047632689694,1e-05
HA-0732,Hospital A,0,0,0.10706907,0.113245964,1.0,0.9978047632689694,1e-05
HA-0733,Hospital A,0,0,0.07681456,0.07992506,1.0,0.9978047632689694,1e-05
HA-0734,Hospital A,1,1,0.16939922,1.7754971,1.0,0.9978047632689694,1e-05
HA-0735,Hospital A,0,1,0.20100036,0.2243948,1.0,0.9978047632689694,1e-05
HA-0736,Hospital A,1,0,0.10288764,2.2741177,1.0,0.9978047632689694,1e-05
HA-0737,Hospital A,1,0,0.095688745,2.3466547,1.0,0.9978047632689694,1e-05
HA-0738,Hospital A,0,1,0.1591441,0.17333496,1.0,0.9978047632689694,1e-05
HA-0739,Hospital A,0,0,0.09274783,0.09733486,1.0,0.9978047632689694,1e-05
HA-0740,Hospital A,1,0,0.06715414,2.7007647,1.0,0.9978047632689694,1e-05
HA-0741,Hospital A,1,0,0.12181312,2.1052673,1.0,0.9978047632689694,1e-05
HA-0742,Hospital A,0,1,0.0889398,0.093146324,1.0,0.9978047632689694,1e-05
HA-0743,Hospital A,0,1,0.07560027,0.07861066,1.0,0.9978047632689694,1e-05
HA-0744,Hospital A,0,1,0.07114384,0.07380128,1.0,0.9978047632689694,1e-05
HA-0745,Hospital A,0,1,0.09439626,0.09915352,1.0,0.9978047632689694,1e-05
HA-0746,Hospital A,0,1,0.10531729,0.11128616,1.0,0.9978047632689694,1e-05
HA-0747,Hospital A,1,0,0.16264598,1.8161793,1.0,0.9978047632689694,1e-05
HA-0748,Hospital A,1,1,0.13585399,1.9961746,1.0,0.9978047632689694,1e-05
HA-0749,Hospital A,0,0,0.11663062,0.124011755,1.0,0.9978047632689694,1e-05
HA-0750,Hospital A,0,0,0.07304622,0.07585168,1.0,0.9978047632689694,1e-05
HA-0751,Hospital A,0,1,0.17627797,0.19392216,1.0,0.9978047632689694,1e-05
HA-0752,Hospital A,1,0,0.112243205,2.1870873,1.0,0.9978047632689694,1e-05
HA-0753,Hospital A,0,1,0.109404996,0.11586547,1.0,0.9978047632689694,1e-05
HA-0754,Hospital A,1,0,0.27256182,1.2998898,1.0,0.9978047632689694,1e-05
HA-0755,Hospital A,1,1,0.134459,2.006496,1.0,0.9978047632689694,1e-05
HA-0756,Hospital A,0,1,0.101810016,0.107373714,1.0,0.9978047632689694,1e-05
HA-0757,Hospital A,0,1,0.066345304,0.06864858,1.0,0.9978047632689694,1e-05
HA-0758,Hospital A,1,1,0.15093006,1.8909386,1.0,0.9978047632689694,1e-05
HA-0759,Hospital A,0,0,0.13388793,0.14374101,1.0,0.9978047632689694,1e-05
HA-0760,Hospital A,1,1,0.10160907,2.2866225,1.0,0.9978047632689694,1e-05
HA-0761,Hospital A,1,0,0.09044898,2.4029694,1.0,0.9978047632689694,1e-05
HA-0762,Hospital A,0,1,0.07899224,0.082286835,1.0,0.9978047632689694,1e-05
HA-0763,Hospital A,0,1,0.24182345,0.27683902,1.0,0.9978047632689694,1e-05
HA-0764,Hospital A,0,0,0.13460337,0.14456725,1.0,0.9978047632689694,1e-05
HA-0765,Hospital A,0,1,0.0959075,0.10082364,1.0,0.9978047632689694,1e-05
HA-0766,Hospital A,0,1,0.13467386,0.14464879,1.0,0.9978047632689694,1e-05
HA-0767,Hospital A,1,0,0.25887403,1.3514137,1.0,0.9978047632689694,1e-05
HA-0768,Hospital A,1,0,0.048959013,3.0167718,1.0,0.9978047632689694,1e-05
HA-0769,Hospital A,0,1,0.07022046,0.07280779,1.0,0.9978047632689694,1e-05
HA-0770,Hospital A,1,0,0.10455591,2.2580333,1.0,0.9978047632689694,1e-05
HA-0771,Hospital A,0,1,0.075892955,0.07892728,1.0,0.9978047632689694,1e-05
HA-0772,Hospital A,0,0,0.088422745,0.09257889,1.0,0.9978047632689694,1e-05
HA-0773,Hospital A,0,0,0.09765244,0.10275555,1.0,0.9978047632689694,1e-05
HA-0774,Hospital A,0,1,0.1062,0.112273216,1.0,0.9978047632689694,1e-05
HA-0775,Hospital A,0,0,0.087428175,0.0914886,1.0,0.9978047632689694,1e-05
HA-0776,Hospital A,0,0,0.18329462,0.20247686,1.0,0.9978047632689694,1e-05
HA-0777,Hospital A,0,1,0.09503136,0.099854946,1.0,0.9978047632689694,1e-05
HA-0778,Hospital A,0,0,0.12886687,0.13796043,1.0,0.9978047632689694,1e-05
HA-0779,Hospital A,0,0,0.16105764,0.17561328,1.0,0.9978047632689694,1e-05
HA-0780,Hospital A,1,0,0.11995647,2.1206264,1.0,0.9978047632689694,1e-05
HA-0781,Hospital A,0,0,0.08336728,0.08704853,1.0,0.9978047632689694,1e-05
HA-0782,Hospital A,0,1,0.07785876,0.08105683,1.0,0.9978047632689694,1e-05
HA-0783,Hospital A,0,1,0.10160753,0.10714817,1.0,0.9978047632689694,1e-05
HA-0784,Hospital A,0,0,0.19325355,0.21474588,1.0,0.9978047632689694,1e-05
HA-0785,Hospital A,0,0,0.13158883,0.14108992,1.0,0.9978047632689694,1e-05
HA-0786,Hospital A,0,1,0.06969019,0.07223773,1.0,0.9978047632689694,1e-05
HA-0787,Hospital A,0,1,0.14260952,0.15386188,1.0,0.9978047632689694,1e-05
HA-0788,Hospital A,0,1,0.057172224,0.058871746,1.0,0.9978047632689694,1e-05
HA-0789,Hospital A,0,0,0.07849901,0.08175135,1.0,0.9978047632689694,1e-05
HA-0790,Hospital A,0,1,0.22523548,0.2551961,1.0,0.9978047632689694,1e-05
HA-0791,Hospital A,0,1,0.06976481,0.07231784,1.0,0.9978047632689694,1e-05
HA-0792,Hospital A,0,0,0.07550297,0.078505516,1.0,0.9978047632689694,1e-05
HA-0793,Hospital A,1,1,0.11705432,2.1451173,1.0,0.9978047632689694,1e-05
HA-0794,Hospital A,0,1,0.09463545,0.09941769,1.0,0.9978047632689694,1e-05
HA-0795,Hospital A,0,1,0.102710985,0.10837722,1.0,0.9978047632689694,1e-05
HA-0796,Hospital A,0,1,0.08626204,0.09021139,1.0,0.9978047632689694,1e-05
HA-0797,Hospital A,1,1,0.11240559,2.1856415,1.0,0.9978047632689694,1e-05
HA-0798,Hospital A,0,0,0.11214925,0.11895156,1.0,0.9978047632689694,1e-05
HA-0799,Hospital A,0,1,0.09356914,0.098240614,1.0,0.9978047632689694,1e-05
HA-0800,Hospital A,1,0,0.085460246,2.459704,1.0,0.9978047632689694,1e-05
HA-0801,Hospital A,0,0,0.1250983,0.13364375,1.0,0.9978047632689694,1e-05
HA-0802,Hospital A,0,1,0.106033005,0.112086535,1.0,0.9978047632689694,1e-05
HA-0803,Hospital A,0,0,0.11509869,0.12227917,1.0,0.9978047632689694,1e-05
HA-0804,Hospital A,0,1,0.11179118,0.11854839,1.0,0.9978047632689694,1e-05
HA-0805,Hospital A,1,0,0.08705737,2.441188,1.0,0.9978047632689694,1e-05
HA-0806,Hospital A,1,1,0.10954656,2.2114058,1.0,0.9978047632689694,1e-05
HA-0807,Hospital A,0,1,0.06887638,0.07136321,1.0,0.9978047632689694,1e-05
HA-0808,Hospital A,0,1,0.0756076,0.07861853,1.0,0.9978047632689694,1e-05
HA-0809,Hospital A,0,1,0.08040632,0.08382344,1.0,0.9978047632689694,1e-05
HA-0810,Hospital A,0,0,0.099798925,0.10513711,1.0,0.9978047632689694,1e-05
HA-0811,Hospital A,0,0,0.080510214,0.08393645,1.0,0.9978047632689694,1e-05
HA-0812,Hospital A,0,1,0.20723046,0.23222268,1.0,0.9978047632689694,1e-05
HA-0813,Hospital A,0,0,0.13514118,0.14518905,1.0,0.9978047632689694,1e-05
HA-0814,Hospital A,1,1,0.14194055,1.952347,1.0,0.9978047632689694,1e-05
HA-0815,Hospital A,1,1,0.07614754,2.5750825,1.0,0.9978047632689694,1e-05
HA-0816,Hospital A,0,1,0.10049219,0.10590744,1.0,0.9978047632689694,1e-05
HA-0817,Hospital A,0,0,0.08694401,0.09095812,1.0,0.9978047632689694,1e-05
HA-0818,Hospital A,0,0,0.11194418,0.11872077,1.0,0.9978047632689694,1e-05
HA-0819,Hospital A,0,0,0.17178206,0.18847895,1.0,0.9978047632689694,1e-05
HA-0820,Hospital A,0,0,0.06571927,0.06797838,1.0,0.9978047632689694,1e-05
HA-0821,Hospital A,0,0,0.14114557,0.15215588,1.0,0.9978047632689694,1e-05
HA-0822,Hospital A,0,0,0.17173137,0.18841779,1.0,0.9978047632689694,1e-05
HA-0823,Hospital A,0,1,0.06381728,0.06594467,1.0,0.9978047632689694,1e-05
HA-0824,Hospital A,0,1,0.074678,0.07761359,1.0,0.9978047632689694,1e-05
HA-0825,Hospital A,0,0,0.09344291,0.09810138,1.0,0.9978047632689694,1e-05
HA-0826,Hospital A,0,0,0.07243531,0.07519269,1.0,0.9978047632689694,1e-05
HA-0827,Hospital A,0,0,0.108977176,0.115385294,1.0,0.9978047632689694,1e-05
HA-0828,Hospital A,1,1,0.15915081,1.837903,1.0,0.9978047632689694,1e-05
HA-0829,Hospital A,1,0,0.14269342,1.9470569,1.0,0.9978047632689694,1e-05
HA-0830,Hospital A,0,0,0.08202165,0.08558154,1.0,0.9978047632689694,1e-05
HA-0831,Hospital A,0,1,0.092705265,0.09728789,1.0,0.9978047632689694,1e-05
HA-0832,Hospital A,0,1,0.0918181,0.096310616,1.0,0.9978047632689694,1e-05
HA-0833,Hospital A,0,1,0.12708323,0.13591516,1.0,0.9978047632689694,1e-05
HA-0834,Hospital A,0,0,0.08456478,0.08835578,1.0,0.9978047632689694,1e-05
HA-0835,Hospital A,0,0,0.1417182,0.15282273,1.0,0.9978047632689694,1e-05
HA-0836,Hospital A,0,1,0.08280506,0.08643532,1.0,0.9978047632689694,1e-05
HA-0837,Hospital A,0,0,0.10005522,0.10542178,1.0,0.9978047632689694,1e-05
HA-0838,Hospital A,0,0,0.10632775,0.11241627,1.0,0.9978047632689694,1e-05
HA-0839,Hospital A,1,1,0.15347569,1.8742131,1.0,0.9978047632689694,1e-05
HA-0840,Hospital A,0,0,0.12084481,0.12879395,1.0,0.9978047632689694,1e-05
HA-0841,Hospital A,0,0,0.09364203,0.09832096,1.0,0.9978047632689694,1e-05
HA-0842,Hospital A,0,0,0.07583646,0.07886624,1.0,0.9978047632689694,1e-05
HA-0843,Hospital A,0,0,0.17172007,0.18840408,1.0,0.9978047632689694,1e-05
HA-0844,Hospital A,0,1,0.18027422,0.19878542,1.0,0.9978047632689694,1e-05
HA-0845,Hospital A,1,0,0.10584975,2.2457347,1.0,0.9978047632689694,1e-05
HA-0846,Hospital A,0,0,0.13023758,0.13953519,1.0,0.9978047632689694,1e-05
HA-0847,Hospital A,1,1,0.15757187,1.8478737,1.0,0.9978047632689694,1e-05
HA-0848,Hospital A,0,0,0.16589424,0.18139505,1.0,0.9978047632689694,1e-05
HA-0849,Hospital A,0,0,0.09690992,0.101933,1.0,0.9978047632689694,1e-05
HA-0850,Hospital A,1,1,0.11468799,2.16554,1.0,0.9978047632689694,1e-05
HA-0851,Hospital A,0,1,0.118064575,0.12563634,1.0,0.9978047632689694,1e-05
HA-0852,Hospital A,0,1,0.10181231,0.10737634,1.0,0.9978047632689694,1e-05
HA-0853,Hospital A,1,0,0.10921799,2.2144094,1.0,0.9978047632689694,1e-05
HA-0854,Hospital A,1,0,0.1521681,1.8827696,1.0,0.9978047632689694,1e-05
HA-0855,Hospital A,0,1,0.28058994,0.32932377,1.0,0.9978047632689694,1e-05
HA-0856,Hospital A,0,1,0.13403042,0.1439054,1.0,0.9978047632689694,1e-05
HA-0857,Hospital A,0,0,0.15120737,0.16394043,1.0,0.9978047632689694,1e-05
HA-0858,Hospital A,1,0,0.070247896,2.655725,1.0,0.9978047632689694,1e-05
HA-0859,Hospital A,0,1,0.05826502,0.060031414,1.0,0.9978047632689694,1e-05
HA-0860,Hospital A,0,1,0.14046673,0.15136576,1.0,0.9978047632689694,1e-05
HA-0861,Hospital A,0,1,0.20084341,0.22419834,1.0,0.9978047632689694,1e-05
HA-0862,Hospital A,0,1,0.06348776,0.065592766,1.0,0.9978047632689694,1e-05
HA-0863,Hospital A,0,0,0.12824106,0.13724232,1.0,0.9978047632689694,1e-05
HA-0864,Hospital A,1,1,0.3833332,0.9588507,1.0,0.9978047632689694,1e-05
HA-0865,Hospital A,0,0,0.09695346,0.10198116,1.0,0.9978047632689694,1e-05
HA-0866,Hospital A,1,1,0.14253448,1.9481714,1.0,0.9978047632689694,1e-05
HA-0867,Hospital A,0,1,0.07445185,0.07736921,1.0,0.9978047632689694,1e-05
HA-0868,Hospital A,0,1,0.07616418,0.07922101,1.0,0.9978047632689694,1e-05
HA-0869,Hospital A,0,1,0.062558636,0.06460118,1.0,0.9978047632689694,1e-05
HA-0870,Hospital A,0,1,0.087287076,0.091333866,1.0,0.9978047632689694,1e-05
HA-0871,Hospital A,0,1,0.09677073,0.101778746,1.0,0.9978047632689694,1e-05
HA-0872,Hospital A,0,0,0.07887875,0.08216357,1.0,0.9978047632689694,1e-05
HA-0873,Hospital A,0,1,0.07538004,0.07837248,1.0,0.9978047632689694,1e-05
HA-0874,Hospital A,0,0,0.07575138,0.078774214,1.0,0.9978047632689694,1e-05
HA-0875,Hospital A,0,0,0.14775757,0.15988421,1.0,0.9978047632689694,1e-05
HA-0876,Hospital A,0,0,0.14771016,0.15982866,1.0,0.9978047632689694,1e-05
HA-0877,Hospital A,0,0,0.08946311,0.09372091,1.0,0.9978047632689694,1e-05
HA-0878,Hospital A,0,0,0.09185944,0.09635615,1.0,0.9978047632689694,1e-05
HA-0879,Hospital A,0,0,0.095899194,0.10081434,1.0,0.9978047632689694,1e-05
HA-0880,Hospital A,0,0,0.086480886,0.090451,1.0,0.9978047632689694,1e-05
HA-0881,Hospital A,0,0,0.16120148,0.1757847,1.0,0.9978047632689694,1e-05
HA-0882,Hospital A,0,0,0.07770435,0.08088946,1.0,0.9978047632689694,1e-05
HA-0883,Hospital A,0,0,0.07213338,0.07486725,1.0,0.9978047632689694,1e-05
HA-0884,Hospital A,0,1,0.115989536,0.123286486,1.0,0.9978047632689694,1e-05
HA-0885,Hospital A,0,0,0.11048106,0.11707449,1.0,0.9978047632689694,1e-05
HA-0886,Hospital A,0,1,0.13496451,0.14498484,1.0,0.9978047632689694,1e-05
HA-0887,Hospital A,0,0,0.06819297,0.0706296,1.0,0.9978047632689694,1e-05
HA-0888,Hospital A,1,0,0.18052858,1.7118661,1.0,0.9978047632689694,1e-05
HA-0889,Hospital A,0,0,0.10149102,0.10701847,1.0,0.9978047632689694,1e-05
HA-0890,Hospital A,0,0,0.06991591,0.0724802,1.0,0.9978047632689694,1e-05
HA-0891,Hospital A,0,0,0.058655944,0.0604465,1.0,0.9978047632689694,1e-05
HA-0892,Hospital A,0,1,0.1304808,0.13981497,1.0,0.9978047632689694,1e-05
HA-0893,Hospital A,0,1,0.07263054,0.07540321,1.0,0.9978047632689694,1e-05
HA-0894,Hospital A,0,0,0.083940916,0.08767438,1.0,0.9978047632689694,1e-05
HA-0895,Hospital A,1,0,0.093218945,2.3728042,1.0,0.9978047632689694,1e-05
HA-0896,Hospital A,0,0,0.131605,0.14110863,1.0,0.9978047632689694,1e-05
HA-0897,Hospital A,1,0,0.18887779,1.6666551,1.0,0.9978047632689694,1e-05
HA-0898,Hospital A,0,1,0.15711614,0.1709261,1.0,0.9978047632689694,1e-05
HA-0899,Hospital A,0,1,0.118101686,0.12567854,1.0,0.9978047632689694,1e-05
HA-0900,Hospital A,0,1,0.06811977,0.07055092,1.0,0.9978047632689694,1e-05
HA-0901,Hospital A,0,1,0.08627458,0.09022522,1.0,0.9978047632689694,1e-05
HA-0902,Hospital A,0,1,0.12416621,0.13257897,1.0,0.9978047632689694,1e-05
HA-0903,Hospital A,0,0,0.17071505,0.18719149,1.0,0.9978047632689694,1e-05
HA-0904,Hospital A,0,1,0.15655425,0.17025971,1.0,0.9978047632689694,1e-05
HA-0905,Hospital A,0,0,0.07478499,0.077729225,1.0,0.9978047632689694,1e-05
HA-0906,Hospital A,0,1,0.165382,0.18078113,1.0,0.9978047632689694,1e-05
HA-0907,Hospital A,1,1,0.13045058,2.0367608,1.0,0.9978047632689694,1e-05
HA-0908,Hospital A,1,0,0.06460815,2.7394147,1.0,0.9978047632689694,1e-05
HA-0909,Hospital A,1,0,0.28722522,1.2474887,1.0,0.9978047632689694,1e-05
HA-0910,Hospital A,0,1,0.06896824,0.071461916,1.0,0.9978047632689694,1e-05
HA-0911,Hospital A,0,1,0.10313032,0.10884476,1.0,0.9978047632689694,1e-05
HA-0912,Hospital A,1,1,0.10837713,2.2221382,1.0,0.9978047632689694,1e-05
HA-0913,Hospital A,0,1,0.11894648,0.12663698,1.0,0.9978047632689694,1e-05
HA-0914,Hospital A,0,1,0.08316858,0.08683157,1.0,0.9978047632689694,1e-05
HA-0915,Hospital A,0,0,0.08177853,0.08531666,1.0,0.9978047632689694,1e-05
HA-0916,Hospital A,0,0,0.12487237,0.13338566,1.0,0.9978047632689694,1e-05
HA-0917,Hospital A,1,1,0.15651044,1.8546325,1.0,0.9978047632689694,1e-05
HA-0918,Hospital A,1,1,0.16802897,1.7836189,1.0,0.9978047632689694,1e-05
HA-0919,Hospital A,0,0,0.13871568,0.14933062,1.0,0.9978047632689694,1e-05
HA-0920,Hospital A,0,1,0.08496868,0.08879709,1.0,0.9978047632689694,1e-05
HA-0921,Hospital A,1,0,0.098286286,2.3198707,1.0,0.9978047632689694,1e-05
HA-0922,Hospital A,0,1,0.0983261,0.10350227,1.0,0.9978047632689694,1e-05
HA-0923,Hospital A,0,1,0.082858995,0.08649397,1.0,0.9978047632689694,1e-05
HA-0924,Hospital A,0,1,0.11419002,0.121252775,1.0,0.9978047632689694,1e-05
HA-0925,Hospital A,0,1,0.1708768,0.18738651,1.0,0.9978047632689694,1e-05
HA-0926,Hospital A,1,0,0.12761013,2.0587754,1.0,0.9978047632689694,1e-05
HA-0927,Hospital A,1,1,0.19582653,1.6305261,1.0,0.9978047632689694,1e-05
HA-0928,Hospital A,1,1,0.10870641,2.2191045,1.0,0.9978047632689694,1e-05
HA-0929,Hospital A,0,0,0.07923756,0.08255315,1.0,0.9978047632689694,1e-05
HA-0930,Hospital A,1,0,0.21467972,1.5386081,1.0,0.9978047632689694,1e-05
HA-0931,Hospital A,0,0,0.109341204,0.11579394,1.0,0.9978047632689694,1e-05
HA-0932,Hospital A,0,1,0.0736063,0.07645607,1.0,0.9978047632689694,1e-05
HA-0933,Hospital A,0,0,0.10432578,0.11017847,1.0,0.9978047632689694,1e-05
HA-0934,Hospital A,0,0,0.13761935,0.14805853,1.0,0.9978047632689694,1e-05
HA-0935,Hospital A,1,1,0.11634035,2.1512353,1.0,0.9978047632689694,1e-05
HA-0936,Hospital A,0,1,0.10898405,0.11539292,1.0,0.9978047632689694,1e-05
HA-0937,Hospital A,0,1,0.11555244,0.122792006,1.0,0.9978047632689694,1e-05
HA-0938,Hospital A,1,0,0.14471504,1.9329886,1.0,0.9978047632689694,1e-05
HA-0939,Hospital A,1,1,0.19094636,1.6557628,1.0,0.9978047632689694,1e-05
HA-0940,Hospital A,0,1,0.1354993,0.14560318,1.0,0.9978047632689694,1e-05
HA-0941,Hospital A,0,0,0.10778499,0.11404824,1.0,0.9978047632689694,1e-05
HA-0942,Hospital A,0,0,0.087812744,0.091909885,1.0,0.9978047632689694,1e-05
HA-0943,Hospital A,1,1,0.20591564,1.5802886,1.0,0.9978047632689694,1e-05
HA-0944,Hospital A,0,0,0.08998919,0.09429884,1.0,0.9978047632689694,1e-05
HA-0945,Hospital A,0,1,0.18396121,0.20329344,1.0,0.9978047632689694,1e-05
HA-0946,Hospital A,0,1,0.09756892,0.10266304,1.0,0.9978047632689694,1e-05
HA-0947,Hospital A,0,0,0.07587167,0.07890439,1.0,0.9978047632689694,1e-05
HA-0948,Hospital A,0,0,0.0734199,0.076254845,1.0,0.9978047632689694,1e-05
HA-0949,Hospital A,0,0,0.099175535,0.10444498,1.0,0.9978047632689694,1e-05
HA-0950,Hospital A,0,1,0.05197562,0.053375006,1.0,0.9978047632689694,1e-05
HA-0951,Hospital A,0,0,0.110674754,0.117292166,1.0,0.9978047632689694,1e-05
HA-0952,Hospital A,0,1,0.1545744,0.1679151,1.0,0.9978047632689694,1e-05
HA-0953,Hospital A,1,1,0.11103556,2.1979046,1.0,0.9978047632689694,1e-05
HA-0954,Hospital A,0,0,0.12093326,0.12889433,1.0,0.9978047632689694,1e-05
HA-0955,Hospital A,0,1,0.07523845,0.078219414,1.0,0.9978047632689694,1e-05
HA-0956,Hospital A,0,0,0.14417684,0.1556915,1.0,0.9978047632689694,1e-05
HA-0957,Hospital A,1,0,0.119179145,2.1271274,1.0,0.9978047632689694,1e-05
HA-0958,Hospital A,0,0,0.09782165,0.10294294,1.0,0.9978047632689694,1e-05
HA-0959,Hospital A,0,0,0.17146456,0.18809569,1.0,0.9978047632689694,1e-05
HA-0960,Hospital A,1,1,0.13607976,1.9945141,1.0,0.9978047632689694,1e-05
HA-0961,Hospital A,0,0,0.14549184,0.15722919,1.0,0.9978047632689694,1e-05
HA-0962,Hospital A,0,0,0.119849846,0.12766266,1.0,0.9978047632689694,1e-05
HA-0963,Hospital A,0,0,0.19687273,0.2192421,1.0,0.9978047632689694,1e-05
HA-0964,Hospital A,1,1,0.083113045,2.4875536,1.0,0.9978047632689694,1e-05
HA-0965,Hospital A,0,1,0.10399848,0.10981321,1.0,0.9978047632689694,1e-05
HA-0966,Hospital A,0,0,0.06770562,0.070106745,1.0,0.9978047632689694,1e-05
HA-0967,Hospital A,1,1,0.10725708,2.2325268,1.0,0.9978047632689694,1e-05
HA-0968,Hospital A,0,1,0.078172095,0.08139682,1.0,0.9978047632689694,1e-05
HA-0969,Hospital A,0,0,0.1214548,0.12948799,1.0,0.9978047632689694,1e-05
HA-0970,Hospital A,0,1,0.16550162,0.18092442,1.0,0.9978047632689694,1e-05
HA-0971,Hospital A,0,0,0.113933004,0.12096262,1.0,0.9978047632689694,1e-05
HA-0972,Hospital A,0,0,0.10769876,0.113951445,1.0,0.9978047632689694,1e-05
HA-0973,Hospital A,0,1,0.08779705,0.09189272,1.0,0.9978047632689694,1e-05
HA-0974,Hospital A,1,1,0.22933,1.4725933,1.0,0.9978047632689694,1e-05
HA-0975,Hospital A,0,0,0.06758481,0.069977045,1.0,0.9978047632689694,1e-05
HA-0976,Hospital A,0,0,0.12058963,0.12850356,1.0,0.9978047632689694,1e-05
HA-0977,Hospital A,0,1,0.102615856,0.10827136,1.0,0.9978047632689694,1e-05
HA-0978,Hospital A,0,0,0.07470128,0.077638626,1.0,0.9978047632689694,1e-05
HA-0979,Hospital A,0,1,0.09927583,0.10455608,1.0,0.9978047632689694,1e-05
HA-0980,Hospital A,0,1,0.14352489,0.15493,1.0,0.9978047632689694,1e-05
HA-0981,Hospital A,0,0,0.094337344,0.09908843,1.0,0.9978047632689694,1e-05
HA-0982,Hospital A,0,1,0.21511744,0.24222124,1.0,0.9978047632689694,1e-05
HA-0983,Hospital A,0,0,0.21049944,0.23635471,1.0,0.9978047632689694,1e-05
HA-0984,Hospital A,1,1,0.10370425,2.2662122,1.0,0.9978047632689694,1e-05
HA-0985,Hospital A,0,0,0.066480845,0.06879377,1.0,0.9978047632689694,1e-05
HA-0986,Hospital A,0,1,0.095271595,0.100120544,1.0,0.9978047632689694,1e-05
HA-0987,Hospital A,0,1,0.093057245,0.09767604,1.0,0.9978047632689694,1e-05
HA-0988,Hospital A,0,0,0.098214425,0.103378534,1.0,0.9978047632689694,1e-05
HA-0989,Hospital A,0,0,0.07292768,0.07572365,1.0,0.9978047632689694,1e-05
HA-0990,Hospital A,0,1,0.10934549,0.11579871,1.0,0.9978047632689694,1e-05
HA-0991,Hospital A,0,0,0.09976605,0.10510063,1.0,0.9978047632689694,1e-05
HA-0992,Hospital A,1,0,0.1075194,2.230084,1.0,0.9978047632689694,1e-05
HA-0993,Hospital A,0,0,0.15913232,0.17332101,1.0,0.9978047632689694,1e-05
HA-0994,Hospital A,0,1,0.08558898,0.089475155,1.0,0.9978047632689694,1e-05
HA-0995,Hospital A,0,1,0.07975603,0.08311653,1.0,0.9978047632689694,1e-05
HA-0996,Hospital A,0,0,0.07383889,0.076707125,1.0,0.9978047632689694,1e-05
HA-0997,Hospital A,0,1,0.12995161,0.13920641,1.0,0.9978047632689694,1e-05
HA-0998,Hospital A,1,0,0.15452659,1.8673892,1.0,0.9978047632689694,1e-05
HA-0999,Hospital A,0,1,0.0991897,0.10446048,1.0,0.9978047632689694,1e-05
HA-1000,Hospital A,1,0,0.23836793,1.4339399,1.0,0.9978047632689694,1e-05
HB-0001,Hospital B,1,0,0.20008111,1.6090324,1.0,0.9978047632689694,1e-05
HB-0002,Hospital B,0,0,0.12801413,0.13698208,1.0,0.9978047632689694,1e-05
HB-0003,Hospital B,0,1,0.10378383,0.1095736,1.0,0.9978047632689694,1e-05
HB-0004,Hospital B,0,0,0.12729378,0.1361562,1.0,0.9978047632689694,1e-05
HB-0005,Hospital B,1,1,0.30864963,1.1755486,1.0,0.9978047632689694,1e-05
HB-0006,Hospital B,0,1,0.16301668,0.1779511,1.0,0.9978047632689694,1e-05
HB-0007,Hospital B,1,1,0.12344581,2.091953,1.0,0.9978047632689694,1e-05
HB-0008,Hospital B,0,0,0.15382801,0.1670326,1.0,0.9978047632689694,1e-05
HB-0009,Hospital B,0,1,0.107867025,0.11414003,1.0,0.9978047632689694,1e-05
HB-0010,Hospital B,0,1,0.13471204,0.1446929,1.0,0.9978047632689694,1e-05
HB-0011,Hospital B,1,0,0.2106563,1.5575273,1.0,0.9978047632689694,1e-05
HB-0012,Hospital B,1,0,0.11672425,2.1479409,1.0,0.9978047632689694,1e-05
HB-0013,Hospital B,1,0,0.14679614,1.9187105,1.0,0.9978047632689694,1e-05
HB-0014,Hospital B,1,1,0.13942027,1.9702623,1.0,0.9978047632689694,1e-05
HB-0015,Hospital B,1,0,0.17571107,1.7389144,1.0,0.9978047632689694,1e-05
HB-0016,Hospital B,0,0,0.18141472,0.20017767,1.0,0.9978047632689694,1e-05
HB-0017,Hospital B,1,0,0.16236758,1.8178924,1.0,0.9978047632689694,1e-05
HB-0018,Hospital B,0,0,0.1298041,0.13903701,1.0,0.9978047632689694,1e-05
HB-0019,Hospital B,0,0,0.19985344,0.22296035,1.0,0.9978047632689694,1e-05
HB-0020,Hospital B,0,0,0.11392097,0.12094903,1.0,0.9978047632689694,1e-05
HB-0021,Hospital B,1,1,0.27455,1.2926219,1.0,0.9978047632689694,1e-05
HB-0022,Hospital B,0,1,0.15531647,0.1687932,1.0,0.9978047632689694,1e-05
HB-0023,Hospital B,0,0,0.11936522,0.12711239,1.0,0.9978047632689694,1e-05
HB-0024,Hospital B,0,0,0.09615556,0.10109806,1.0,0.9978047632689694,1e-05
HB-0025,Hospital B,1,0,0.20676212,1.5761863,1.0,0.9978047632689694,1e-05
HB-0026,Hospital B,1,1,0.26598746,1.324306,1.0,0.9978047632689694,1e-05
HB-0027,Hospital B,1,1,0.14871056,1.9057534,1.0,0.9978047632689694,1e-05
HB-0028,Hospital B,1,1,0.29030395,1.2368269,1.0,0.9978047632689694,1e-05
HB-0029,Hospital B,1,0,0.20697133,1.5751749,1.0,0.9978047632689694,1e-05
HB-0030,Hospital B,0,0,0.1509661,0.16365612,1.0,0.9978047632689694,1e-05
HB-0031,Hospital B,1,1,0.19422159,1.6387556,1.0,0.9978047632689694,1e-05
HB-0032,Hospital B,0,0,0.1470772,0.15908623,1.0,0.9978047632689694,1e-05
HB-0033,Hospital B,0,0,0.29564965,0.35047942,1.0,0.9978047632689694,1e-05
HB-0034,Hospital B,0,0,0.10965542,0.1161468,1.0,0.9978047632689694,1e-05
HB-0035,Hospital B,0,0,0.10486586,0.11078167,1.0,0.9978047632689694,1e-05
HB-0036,Hospital B,0,0,0.13500018,0.14502597,1.0,0.9978047632689694,1e-05
HB-0037,Hospital B,0,1,0.10008737,0.105457544,1.0,0.9978047632689694,1e-05
HB-0038,Hospital B,1,0,0.106919155,2.2356822,1.0,0.9978047632689694,1e-05
HB-0039,Hospital B,1,1,0.3042262,1.1899838,1.0,0.9978047632689694,1e-05
HB-0040,Hospital B,0,1,0.1004346,0.105843544,1.0,0.9978047632689694,1e-05
HB-0041,Hospital B,1,0,0.12394055,2.087953,1.0,0.9978047632689694,1e-05
HB-0042,Hospital B,0,0,0.14638938,0.15828013,1.0,0.9978047632689694,1e-05
HB-0043,Hospital B,0,0,0.073997855,0.076878786,1.0,0.9978047632689694,1e-05
HB-0044,Hospital B,1,1,0.12292934,2.0961454,1.0,0.9978047632689694,1e-05
HB-0045,Hospital B,1,0,0.35118097,1.0464536,1.0,0.9978047632689694,1e-05
HB-0046,Hospital B,1,1,0.14174367,1.953735,1.0,0.9978047632689694,1e-05
HB-0047,Hospital B,1,1,0.20679453,1.5760295,1.0,0.9978047632689694,1e-05
HB-0048,Hospital B,0,1,0.11567374,0.122929096,1.0,0.9978047632689694,1e-05
HB-0049,Hospital B,1,0,0.20099661,1.6044672,1.0,0.9978047632689694,1e-05
HB-0050,Hospital B,0,1,0.14180252,0.15292108,1.0,0.9978047632689694,1e-05
HB-0051,Hospital B,0,1,0.12320405,0.13148093,1.0,0.9978047632689694,1e-05
HB-0052,Hospital B,1,0,0.20388243,1.5902117,1.0,0.9978047632689694,1e-05
HB-0053,Hospital B,0,1,0.15410484,0.16735983,1.0,0.9978047632689694,1e-05
HB-0054,Hospital B,1,0,0.178538,1.7229538,1.0,0.9978047632689694,1e-05
HB-0055,Hospital B,1,0,0.104232825,2.2611282,1.0,0.9978047632689694,1e-05
HB-0056,Hospital B,0,0,0.20263423,0.22644174,1.0,0.9978047632689694,1e-05
HB-0057,Hospital B,0,0,0.17492111,0.19227624,1.0,0.9978047632689694,1e-05
HB-0058,Hospital B,0,1,0.21994875,0.24839568,1.0,0.9978047632689694,1e-05
HB-0059,Hospital B,1,1,0.14136398,1.9564173,1.0,0.9978047632689694,1e-05
HB-0060,Hospital B,1,1,0.22352883,1.4982148,1.0,0.9978047632689694,1e-05
HB-0061,Hospital B,0,1,0.25278482,0.2914021,1.0,0.9978047632689694,1e-05
HB-0062,Hospital B,1,1,0.15223718,1.8823155,1.0,0.9978047632689694,1e-05
HB-0063,Hospital B,0,1,0.24296543,0.27834642,1.0,0.9978047632689694,1e-05
HB-0064,Hospital B,1,0,0.19670409,1.6260548,1.0,0.9978047632689694,1e-05
HB-0065,Hospital B,0,0,0.17107931,0.18763077,1.0,0.9978047632689694,1e-05
HB-0066,Hospital B,0,0,0.091365,0.095811844,1.0,0.9978047632689694,1e-05
HB-0067,Hospital B,1,0,0.28030345,1.2718825,1.0,0.9978047632689694,1e-05
HB-0068,Hospital B,0,0,0.18283628,0.20191574,1.0,0.9978047632689694,1e-05
HB-0069,Hospital B,0,1,0.11214165,0.118942976,1.0,0.9978047632689694,1e-05
HB-0070,Hospital B,0,0,0.23814204,0.2719952,1.0,0.9978047632689694,1e-05
HB-0071,Hospital B,1,0,0.15901178,1.838777,1.0,0.9978047632689694,1e-05
HB-0072,Hospital B,0,1,0.18908107,0.20958722,1.0,0.9978047632689694,1e-05
HB-0073,Hospital B,1,1,0.15889917,1.8394854,1.0,0.9978047632689694,1e-05
HB-0074,Hospital B,1,1,0.12504923,2.0790477,1.0,0.9978047632689694,1e-05
HB-0075,Hospital B,1,1,0.12399707,2.0874972,1.0,0.9978047632689694,1e-05
HB-0076,Hospital B,1,1,0.3432308,1.069352,1.0,0.9978047632689694,1e-05
HB-0077,Hospital B,1,1,0.109294415,2.2137098,1.0,0.9978047632689694,1e-05
HB-0078,Hospital B,0,0,0.25906587,0.29984355,1.0,0.9978047632689694,1e-05
HB-0079,Hospital B,1,1,0.15512335,1.8635347,1.0,0.9978047632689694,1e-05
HB-0080,Hospital B,0,0,0.12981927,0.1390543,1.0,0.9978047632689694,1e-05
HB-0081,Hospital B,0,1,0.11470515,0.12183452,1.0,0.9978047632689694,1e-05
HB-0082,Hospital B,0,0,0.111008525,0.117667675,1.0,0.9978047632689694,1e-05
HB-0083,Hospital B,1,0,0.11661936,2.14884,1.0,0.9978047632689694,1e-05
HB-0084,Hospital B,1,0,0.3131252,1.1611521,1.0,0.9978047632689694,1e-05
HB-0085,Hospital B,0,1,0.12093449,0.12889576,1.0,0.9978047632689694,1e-05
HB-0086,Hospital B,1,1,0.18707527,1.6762441,1.0,0.9978047632689694,1e-05
HB-0087,Hospital B,0,1,0.09284861,0.097445965,1.0,0.9978047632689694,1e-05
HB-0088,Hospital B,1,0,0.2385278,1.4332694,1.0,0.9978047632689694,1e-05
HB-0089,Hospital B,1,0,0.16266973,1.8160334,1.0,0.9978047632689694,1e-05
HB-0090,Hospital B,0,0,0.16950665,0.18573534,1.0,0.9978047632689694,1e-05
HB-0091,Hospital B,1,1,0.2885633,1.2428408,1.0,0.9978047632689694,1e-05
HB-0092,Hospital B,0,1,0.1070373,0.11321044,1.0,0.9978047632689694,1e-05
HB-0093,Hospital B,0,0,0.10987368,0.1163919,1.0,0.9978047632689694,1e-05
HB-0094,Hospital B,0,0,0.12203958,0.13015366,1.0,0.9978047632689694,1e-05
HB-0095,Hospital B,1,1,0.37698466,0.9755509,1.0,0.9978047632689694,1e-05
HB-0096,Hospital B,1,1,0.2353846,1.4465345,1.0,0.9978047632689694,1e-05
HB-0097,Hospital B,1,0,0.27981064,1.2736423,1.0,0.9978047632689694,1e-05
HB-0098,Hospital B,1,0,0.19406743,1.6395496,1.0,0.9978047632689694,1e-05
HB-0099,Hospital B,0,0,0.10939905,0.11585879,1.0,0.9978047632689694,1e-05
HB-0100,Hospital B,0,1,0.1935952,0.21516943,1.0,0.9978047632689694,1e-05
HB-0101,Hospital B,1,0,0.29775187,1.2114947,1.0,0.9978047632689694,1e-05
HB-0102,Hospital B,0,0,0.1526335,0.165622,1.0,0.9978047632689694,1e-05
HB-0103,Hospital B,0,1,0.13051207,0.13985074,1.0,0.9978047632689694,1e-05
HB-0104,Hospital B,1,0,0.09647117,2.3385112,1.0,0.9978047632689694,1e-05
HB-0105,Hospital B,0,0,0.15817715,0.17218566,1.0,0.9978047632689694,1e-05
HB-0106,Hospital B,1,0,0.15390077,1.8714472,1.0,0.9978047632689694,1e-05
HB-0107,Hospital B,1,0,0.24655944,1.4001522,1.0,0.9978047632689694,1e-05
HB-0108,Hospital B,0,1,0.088077284,0.09220004,1.0,0.9978047632689694,1e-05
HB-0109,Hospital B,1,0,0.25010175,1.3858874,1.0,0.9978047632689694,1e-05
HB-0110,Hospital B,1,0,0.1958695,1.6303067,1.0,0.9978047632689694,1e-05
HB-0111,Hospital B,0,0,0.23872817,0.2727648,1.0,0.9978047632689694,1e-05
HB-0112,Hospital B,1,0,0.12642787,2.0680833,1.0,0.9978047632689694,1e-05
HB-0113,Hospital B,0,1,0.2134081,0.24004579,1.0,0.9978047632689694,1e-05
HB-0114,Hospital B,0,0,0.2043023,0.22853589,1.0,0.9978047632689694,1e-05
HB-0115,Hospital B,1,0,0.25868565,1.3521416,1.0,0.9978047632689694,1e-05
HB-0116,Hospital B,1,1,0.3987009,0.9195438,1.0,0.9978047632689694,1e-05
HB-0117,Hospital B,0,0,0.2735443,0.31957775,1.0,0.9978047632689694,1e-05
HB-0118,Hospital B,0,1,0.086766124,0.09076333,1.0,0.9978047632689694,1e-05
HB-0119,Hospital B,0,1,0.080324456,0.083734274,1.0,0.9978047632689694,1e-05
HB-0120,Hospital B,1,1,0.13970566,1.9682176,1.0,0.9978047632689694,1e-05
HB-0121,Hospital B,0,1,0.14639229,0.15828347,1.0,0.9978047632689694,1e-05
HB-0122,Hospital B,0,1,0.11737819,0.12485838,1.0,0.9978047632689694,1e-05
HB-0123,Hospital B,1,0,0.09410853,2.3633065,1.0,0.9978047632689694,1e-05
HB-0124,Hospital B,1,1,0.14611052,1.9233919,1.0,0.9978047632689694,1e-05
HB-0125,Hospital B,1,1,0.31329736,1.1606026,1.0,0.9978047632689694,1e-05
HB-0126,Hospital B,0,1,0.13052428,0.1398648,1.0,0.9978047632689694,1e-05
HB-0127,Hospital B,1,1,0.20979959,1.5616025,1.0,0.9978047632689694,1e-05
HB-0128,Hospital B,1,1,0.102282636,2.2800152,1.0,0.9978047632689694,1e-05
HB-0129,Hospital B,0,1,0.17258699,0.18945134,1.0,0.9978047632689694,1e-05
HB-0130,Hospital B,1,1,0.34591627,1.0615585,1.0,0.9978047632689694,1e-05
HB-0131,Hospital B,0,1,0.14850701,0.16076398,1.0,0.9978047632689694,1e-05
HB-0132,Hospital B,1,0,0.14019608,1.9647132,1.0,0.9978047632689694,1e-05
HB-0133,Hospital B,0,1,0.20477788,0.22913384,1.0,0.9978047632689694,1e-05
HB-0134,Hospital B,0,1,0.1534621,0.16660023,1.0,0.9978047632689694,1e-05
HB-0135,Hospital B,0,0,0.11279119,0.11967492,1.0,0.9978047632689694,1e-05
HB-0136,Hospital B,0,0,0.08898201,0.09319258,1.0,0.9978047632689694,1e-05
HB-0137,Hospital B,1,0,0.4660632,0.7634341,1.0,0.9978047632689694,1e-05
HB-0138,Hospital B,0,0,0.099662736,0.10498595,1.0,0.9978047632689694,1e-05
HB-0139,Hospital B,1,1,0.11695933,2.1459289,1.0,0.9978047632689694,1e-05
HB-0140,Hospital B,1,0,0.250561,1.3840529,1.0,0.9978047632689694,1e-05
HB-0141,Hospital B,0,0,0.22211829,0.25118077,1.0,0.9978047632689694,1e-05
HB-0142,Hospital B,1,0,0.18502587,1.6872597,1.0,0.9978047632689694,1e-05
HB-0143,Hospital B,0,0,0.2083667,0.233657,1.0,0.9978047632689694,1e-05
HB-0144,Hospital B,1,0,0.3592684,1.0236855,1.0,0.9978047632689694,1e-05
HB-0145,Hospital B,1,1,0.17683086,1.7325616,1.0,0.9978047632689694,1e-05
HB-0146,Hospital B,0,1,0.17069055,0.18716192,1.0,0.9978047632689694,1e-05
HB-0147,Hospital B,1,1,0.09901582,2.3124757,1.0,0.9978047632689694,1e-05
HB-0148,Hospital B,1,0,0.35890913,1.0246861,1.0,0.9978047632689694,1e-05
HB-0149,Hospital B,0,0,0.09662693,0.10161972,1.0,0.9978047632689694,1e-05
HB-0150,Hospital B,0,1,0.158574,0.17265725,1.0,0.9978047632689694,1e-05
HB-0151,Hospital B,0,0,0.16631757,0.18190277,1.0,0.9978047632689694,1e-05
HB-0152,Hospital B,1,0,0.12475601,2.0813954,1.0,0.9978047632689694,1e-05
HB-0153,Hospital B,0,1,0.14026767,0.15113413,1.0,0.9978047632689694,1e-05
HB-0154,Hospital B,0,0,0.19918558,0.222126,1.0,0.9978047632689694,1e-05
HB-0155,Hospital B,1,1,0.16251078,1.8170109,1.0,0.9978047632689694,1e-05
HB-0156,Hospital B,1,0,0.13638487,1.9922744,1.0,0.9978047632689694,1e-05
HB-0157,Hospital B,1,0,0.2438686,1.4111257,1.0,0.9978047632689694,1e-05
HB-0158,Hospital B,0,1,0.08957936,0.09384847,1.0,0.9978047632689694,1e-05
HB-0159,Hospital B,1,1,0.3139999,1.1583626,1.0,0.9978047632689694,1e-05
HB-0160,Hospital B,1,1,0.14292568,1.9454305,1.0,0.9978047632689694,1e-05
HB-0161,Hospital B,0,1,0.19665793,0.21897471,1.0,0.9978047632689694,1e-05
HB-0162,Hospital B,0,0,0.09543466,0.10030079,1.0,0.9978047632689694,1e-05
HB-0163,Hospital B,1,1,0.14107955,1.9584314,1.0,0.9978047632689694,1e-05
HB-0164,Hospital B,1,1,0.2994655,1.205756,1.0,0.9978047632689694,1e-05
HB-0165,Hospital B,0,1,0.10576954,0.11179185,1.0,0.9978047632689694,1e-05
HB-0166,Hospital B,0,1,0.10987446,0.11639285,1.0,0.9978047632689694,1e-05
HB-0167,Hospital B,0,0,0.18623182,0.20607972,1.0,0.9978047632689694,1e-05
HB-0168,Hospital B,0,1,0.15033613,0.16291451,1.0,0.9978047632689694,1e-05
HB-0169,Hospital B,1,0,0.18910621,1.6654464,1.0,0.9978047632689694,1e-05
HB-0170,Hospital B,1,0,0.33019218,1.1080804,1.0,0.9978047632689694,1e-05
HB-0171,Hospital B,0,1,0.11707071,0.12451005,1.0,0.9978047632689694,1e-05
HB-0172,Hospital B,0,1,0.12228106,0.13042879,1.0,0.9978047632689694,1e-05
HB-0173,Hospital B,0,0,0.10437041,0.1102283,1.0,0.9978047632689694,1e-05
HB-0174,Hospital B,0,0,0.23452531,0.26725912,1.0,0.9978047632689694,1e-05
HB-0175,Hospital B,1,1,0.20351686,1.5920064,1.0,0.9978047632689694,1e-05
HB-0176,Hospital B,0,0,0.10024376,0.10563135,1.0,0.9978047632689694,1e-05
HB-0177,Hospital B,1,0,0.13449456,2.0062315,1.0,0.9978047632689694,1e-05
HB-0178,Hospital B,0,0,0.21950184,0.24782288,1.0,0.9978047632689694,1e-05
HB-0179,Hospital B,1,1,0.14591207,1.9247512,1.0,0.9978047632689694,1e-05
HB-0180,Hospital B,0,1,0.13571614,0.145854,1.0,0.9978047632689694,1e-05
HB-0181,Hospital B,1,0,0.10581904,2.2460248,1.0,0.9978047632689694,1e-05
HB-0182,Hospital B,0,1,0.22161746,0.25053716,1.0,0.9978047632689694,1e-05
HB-0183,Hospital B,1,1,0.1622565,1.8185769,1.0,0.9978047632689694,1e-05
HB-0184,Hospital B,1,1,0.14238201,1.9492416,1.0,0.9978047632689694,1e-05
HB-0185,Hospital B,1,1,0.23300746,1.4566847,1.0,0.9978047632689694,1e-05
HB-0186,Hospital B,0,0,0.19565055,0.21772146,1.0,0.9978047632689694,1e-05
HB-0187,Hospital B,0,0,0.14129059,0.15232468,1.0,0.9978047632689694,1e-05
HB-0188,Hospital B,0,0,0.122168384,0.13030052,1.0,0.9978047632689694,1e-05
HB-0189,Hospital B,0,0,0.16367249,0.17873502,1.0,0.9978047632689694,1e-05
HB-0190,Hospital B,1,0,0.11860678,2.1319416,1.0,0.9978047632689694,1e-05
HB-0191,Hospital B,1,0,0.28904128,1.2411858,1.0,0.9978047632689694,1e-05
HB-0192,Hospital B,1,0,0.115731925,2.1564786,1.0,0.9978047632689694,1e-05
HB-0193,Hospital B,0,0,0.103418306,0.10916591,1.0,0.9978047632689694,1e-05
HB-0194,Hospital B,0,1,0.22742707,0.25802886,1.0,0.9978047632689694,1e-05
HB-0195,Hospital B,1,1,0.26985624,1.3098658,1.0,0.9978047632689694,1e-05
HB-0196,Hospital B,0,0,0.27335888,0.31932253,1.0,0.9978047632689694,1e-05
HB-0197,Hospital B,1,0,0.11539923,2.1593578,1.0,0.9978047632689694,1e-05
HB-0198,Hospital B,1,1,0.214816,1.5379734,1.0,0.9978047632689694,1e-05
HB-0199,Hospital B,1,0,0.17676818,1.7329161,1.0,0.9978047632689694,1e-05
HB-0200,Hospital B,0,0,0.111608885,0.118343115,1.0,0.9978047632689694,1e-05
HB-0201,Hospital B,1,1,0.10128182,2.2898483,1.0,0.9978047632689694,1e-05
HB-0202,Hospital B,1,0,0.24010295,1.4266875,1.0,0.9978047632689694,1e-05
HB-0203,Hospital B,0,0,0.16530384,0.18068755,1.0,0.9978047632689694,1e-05
HB-0204,Hospital B,1,0,0.24286073,1.4152671,1.0,0.9978047632689694,1e-05
HB-0205,Hospital B,1,1,0.13726898,1.9858129,1.0,0.9978047632689694,1e-05
HB-0206,Hospital B,1,1,0.31640962,1.1507177,1.0,0.9978047632689694,1e-05
HB-0207,Hospital B,1,1,0.45357984,0.790584,1.0,0.9978047632689694,1e-05
HB-0208,Hospital B,0,0,0.12361621,0.1319511,1.0,0.9978047632689694,1e-05
HB-0209,Hospital B,0,1,0.224101,0.25373292,1.0,0.9978047632689694,1e-05
HB-0210,Hospital B,0,0,0.14408162,0.15558028,1.0,0.9978047632689694,1e-05
HB-0211,Hospital B,1,0,0.08838272,2.4260788,1.0,0.9978047632689694,1e-05
HB-0212,Hospital B,1,0,0.27410814,1.2942326,1.0,0.9978047632689694,1e-05
HB-0213,Hospital B,1,1,0.1900311,1.6605675,1.0,0.9978047632689694,1e-05
HB-0214,Hospital B,1,0,0.17592931,1.737673,1.0,0.9978047632689694,1e-05
HB-0215,Hospital B,1,1,0.4900118,0.71332586,1.0,0.9978047632689694,1e-05
HB-0216,Hospital B,0,1,0.12314655,0.13141537,1.0,0.9978047632689694,1e-05
HB-0217,Hospital B,0,1,0.15958314,0.17385721,1.0,0.9978047632689694,1e-05
HB-0218,Hospital B,0,1,0.13853598,0.149122,1.0,0.9978047632689694,1e-05
HB-0219,Hospital B,1,0,0.087347314,2.437863,1.0,0.9978047632689694,1e-05
HB-0220,Hospital B,0,0,0.07671913,0.079821825,1.0,0.9978047632689694,1e-05
HB-0221,Hospital B,0,0,0.21159443,0.23774266,1.0,0.9978047632689694,1e-05
HB-0222,Hospital B,1,0,0.2770033,1.283726,1.0,0.9978047632689694,1e-05
HB-0223,Hospital B,0,0,0.08962243,0.09389591,1.0,0.9978047632689694,1e-05
HB-0224,Hospital B,0,1,0.0853149,0.08917546,1.0,0.9978047632689694,1e-05
HB-0225,Hospital B,1,0,0.13129686,2.0302944,1.0,0.9978047632689694,1e-05
HB-0226,Hospital B,0,1,0.19479664,0.21666038,1.0,0.9978047632689694,1e-05
HB-0227,Hospital B,0,0,0.08151412,0.08502865,1.0,0.9978047632689694,1e-05
HB-0228,Hospital B,1,1,0.12817499,2.054359,1.0,0.9978047632689694,1e-05
HB-0229,Hospital B,1,0,0.12944277,2.0445166,1.0,0.9978047632689694,1e-05
HB-0230,Hospital B,1,1,0.20975433,1.5618182,1.0,0.9978047632689694,1e-05
HB-0231,Hospital B,1,1,0.22632115,1.4858003,1.0,0.9978047632689694,1e-05
HB-0232,Hospital B,0,0,0.12920393,0.1383475,1.0,0.9978047632689694,1e-05
HB-0233,Hospital B,0,1,0.1007791,0.106226444,1.0,0.9978047632689694,1e-05
HB-0234,Hospital B,1,0,0.31164688,1.1658846,1.0,0.9978047632689694,1e-05
HB-0235,Hospital B,1,0,0.109383255,2.2128975,1.0,0.9978047632689694,1e-05
HB-0236,Hospital B,1,1,0.28144774,1.2678084,1.0,0.9978047632689694,1e-05
HB-0237,Hospital B,0,0,0.22205946,0.2511052,1.0,0.9978047632689694,1e-05
HB-0238,Hospital B,1,1,0.16954263,1.7746508,1.0,0.9978047632689694,1e-05
HB-0239,Hospital B,0,1,0.09575941,0.10065985,1.0,0.9978047632689694,1e-05
HB-0240,Hospital B,1,0,0.15793887,1.8455472,1.0,0.9978047632689694,1e-05
HB-0241,Hospital B,1,0,0.20846085,1.568004,1.0,0.9978047632689694,1e-05
HB-0242,Hospital B,0,1,0.12866214,0.13772535,1.0,0.9978047632689694,1e-05
HB-0243,Hospital B,0,0,0.14038754,0.15127361,1.0,0.9978047632689694,1e-05
HB-0244,Hospital B,1,1,0.1632974,1.8121822,1.0,0.9978047632689694,1e-05
HB-0245,Hospital B,0,0,0.09882955,0.10406089,1.0,0.9978047632689694,1e-05
HB-0246,Hospital B,1,0,0.17409289,1.7481663,1.0,0.9978047632689694,1e-05
HB-0247,Hospital B,0,1,0.21849346,0.24653172,1.0,0.9978047632689694,1e-05
HB-0248,Hospital B,1,1,0.14382929,1.9391283,1.0,0.9978047632689694,1e-05
HB-0249,Hospital B,1,0,0.22023402,1.5130646,1.0,0.9978047632689694,1e-05
HB-0250,Hospital B,1,0,0.23502499,1.4480634,1.0,0.9978047632689694,1e-05
HB-0251,Hospital B,0,0,0.08786119,0.09196305,1.0,0.9978047632689694,1e-05
HB-0252,Hospital B,0,0,0.10018875,0.10557032,1.0,0.9978047632689694,1e-05
HB-0253,Hospital B,1,1,0.23690434,1.440099,1.0,0.9978047632689694,1e-05
HB-0254,Hospital B,0,1,0.20371911,0.22780323,1.0,0.9978047632689694,1e-05
HB-0255,Hospital B,0,0,0.14340839,0.15479398,1.0,0.9978047632689694,1e-05
HB-0256,Hospital B,1,0,0.31492373,1.1554248,1.0,0.9978047632689694,1e-05
HB-0257,Hospital B,0,1,0.24635436,0.28283298,1.0,0.9978047632689694,1e-05
HB-0258,Hospital B,1,1,0.105200164,2.2518904,1.0,0.9978047632689694,1e-05
HB-0259,Hospital B,0,1,0.12928832,0.13844442,1.0,0.9978047632689694,1e-05
HB-0260,Hospital B,1,0,0.24701087,1.3983228,1.0,0.9978047632689694,1e-05
HB-0261,Hospital B,0,1,0.083996095,0.0877347,1.0,0.9978047632689694,1e-05
HB-0262,Hospital B,1,1,0.24908468,1.3899624,1.0,0.9978047632689694,1e-05
HB-0263,Hospital B,0,1,0.0788685,0.08215237,1.0,0.9978047632689694,1e-05
HB-0264,Hospital B,1,1,0.10413545,2.2620628,1.0,0.9978047632689694,1e-05
HB-0265,Hospital B,0,0,0.25034615,0.28814375,1.0,0.9978047632689694,1e-05
HB-0266,Hospital B,1,0,0.1028384,2.2745965,1.0,0.9978047632689694,1e-05
HB-0267,Hospital B,0,1,0.12246092,0.13063383,1.0,0.9978047632689694,1e-05
HB-0268,Hospital B,1,0,0.087962665,2.4308429,1.0,0.9978047632689694,1e-05
HB-0269,Hospital B,1,0,0.22434038,1.4945908,1.0,0.9978047632689694,1e-05
HB-0270,Hospital B,0,0,0.110215805,0.11677623,1.0,0.9978047632689694,1e-05
HB-0271,Hospital B,1,1,0.20624594,1.578686,1.0,0.9978047632689694,1e-05
HB-0272,Hospital B,1,0,0.24046654,1.4251742,1.0,0.9978047632689694,1e-05
HB-0273,Hospital B,0,1,0.14932156,0.16172111,1.0,0.9978047632689694,1e-05
HB-0274,Hospital B,0,1,0.16500305,0.18032718,1.0,0.9978047632689694,1e-05
HB-0275,Hospital B,1,0,0.12041311,2.1168268,1.0,0.9978047632689694,1e-05
HB-0276,Hospital B,0,1,0.24837703,0.28552043,1.0,0.9978047632689694,1e-05
HB-0277,Hospital B,0,1,0.10964241,0.11613202,1.0,0.9978047632689694,1e-05
HB-0278,Hospital B,0,0,0.118227445,0.12582111,1.0,0.9978047632689694,1e-05
HB-0279,Hospital B,0,1,0.14036362,0.15124583,1.0,0.9978047632689694,1e-05
HB-0280,Hospital B,1,1,0.19558091,1.6317811,1.0,0.9978047632689694,1e-05
HB-0281,Hospital B,1,0,0.11279596,2.1821747,1.0,0.9978047632689694,1e-05
HB-0282,Hospital B,0,1,0.12175053,0.12982464,1.0,0.9978047632689694,1e-05
HB-0283,Hospital B,1,0,0.2578814,1.3552555,1.0,0.9978047632689694,1e-05
HB-0284,Hospital B,0,0,0.2699418,0.31463104,1.0,0.9978047632689694,1e-05
HB-0285,Hospital B,0,1,0.28090242,0.32975823,1.0,0.9978047632689694,1e-05
HB-0286,Hospital B,1,1,0.3594864,1.0230789,1.0,0.9978047632689694,1e-05
HB-0287,Hospital B,1,1,0.31262535,1.1627498,1.0,0.9978047632689694,1e-05
HB-0288,Hospital B,0,1,0.16815178,0.18410528,1.0,0.9978047632689694,1e-05
HB-0289,Hospital B,0,1,0.09624903,0.101201534,1.0,0.9978047632689694,1e-05
HB-0290,Hospital B,1,0,0.20705116,1.5747893,1.0,0.9978047632689694,1e-05
HB-0291,Hospital B,1,0,0.1533819,1.8748244,1.0,0.9978047632689694,1e-05
HB-0292,Hospital B,0,0,0.10731115,0.113517284,1.0,0.9978047632689694,1e-05
HB-0293,Hospital B,0,0,0.20172414,0.22530103,1.0,0.9978047632689694,1e-05
HB-0294,Hospital B,0,0,0.10560898,0.11161232,1.0,0.9978047632689694,1e-05
HB-0295,Hospital B,1,0,0.13515091,2.0013633,1.0,0.9978047632689694,1e-05
HB-0296,Hospital B,1,0,0.13052572,2.036185,1.0,0.9978047632689694,1e-05
HB-0297,Hospital B,1,0,0.20804524,1.5699997,1.0,0.9978047632689694,1e-05
HB-0298,Hospital B,1,1,0.29775646,1.2114793,1.0,0.9978047632689694,1e-05
HB-0299,Hospital B,0,0,0.22535236,0.255347,1.0,0.9978047632689694,1e-05
HB-0300,Hospital B,1,1,0.11842439,2.1334805,1.0,0.9978047632689694,1e-05
HB-0301,Hospital B,1,0,0.09881746,2.314481,1.0,0.9978047632689694,1e-05
HB-0302,Hospital B,0,0,0.17126127,0.18785036,1.0,0.9978047632689694,1e-05
HB-0303,Hospital B,0,1,0.12618113,0.13488221,1.0,0.9978047632689694,1e-05
HB-0304,Hospital B,1,0,0.25946343,1.3491396,1.0,0.9978047632689694,1e-05
HB-0305,Hospital B,1,0,0.10960242,2.2108958,1.0,0.9978047632689694,1e-05
HB-0306,Hospital B,0,1,0.15733121,0.17118132,1.0,0.9978047632689694,1e-05
HB-0307,Hospital B,0,0,0.11096256,0.11761594,1.0,0.9978047632689694,1e-05
HB-0308,Hospital B,1,1,0.15939748,1.8363543,1.0,0.9978047632689694,1e-05
HB-0309,Hospital B,1,0,0.22530773,1.4902881,1.0,0.9978047632689694,1e-05
HB-0310,Hospital B,1,1,0.2534741,1.3724936,1.0,0.9978047632689694,1e-05
HB-0311,Hospital B,1,0,0.112491556,2.1848772,1.0,0.9978047632689694,1e-05
HB-0312,Hospital B,0,1,0.13415308,0.14404726,1.0,0.9978047632689694,1e-05
HB-0313,Hospital B,1,0,0.15057126,1.8933189,1.0,0.9978047632689694,1e-05
HB-0314,Hospital B,0,0,0.17272805,0.1896218,1.0,0.9978047632689694,1e-05
HB-0315,Hospital B,1,1,0.13915683,1.9721537,1.0,0.9978047632689694,1e-05
HB-0316,Hospital B,0,1,0.08567405,0.08956814,1.0,0.9978047632689694,1e-05
HB-0317,Hospital B,1,1,0.27910197,1.2761781,1.0,0.9978047632689694,1e-05
HB-0318,Hospital B,0,1,0.19652957,0.21881485,1.0,0.9978047632689694,1e-05
HB-0319,Hospital B,1,0,0.2934693,1.2259822,1.0,0.9978047632689694,1e-05
HB-0320,Hospital B,0,1,0.07489138,0.07784414,1.0,0.9978047632689694,1e-05
HB-0321,Hospital B,0,1,0.13654763,0.14681649,1.0,0.9978047632689694,1e-05
HB-0322,Hospital B,0,1,0.21561998,0.24286163,1.0,0.9978047632689694,1e-05
HB-0323,Hospital B,1,1,0.1439808,1.9380754,1.0,0.9978047632689694,1e-05
HB-0324,Hospital B,0,0,0.12847483,0.13751054,1.0,0.9978047632689694,1e-05
HB-0325,Hospital B,0,1,0.20433635,0.2285788,1.0,0.9978047632689694,1e-05
HB-0326,Hospital B,0,1,0.27911362,0.32727373,1.0,0.9978047632689694,1e-05
HB-0327,Hospital B,1,1,0.1488605,1.9047456,1.0,0.9978047632689694,1e-05
HB-0328,Hospital B,1,1,0.21876311,1.5197657,1.0,0.9978047632689694,1e-05
HB-0329,Hospital B,1,0,0.29055575,1.2359599,1.0,0.9978047632689694,1e-05
HB-0330,Hospital B,1,1,0.1338807,2.010806,1.0,0.9978047632689694,1e-05
HB-0331,Hospital B,1,1,0.46078664,0.7748202,1.0,0.9978047632689694,1e-05
HB-0332,Hospital B,1,1,0.09854898,2.3172016,1.0,0.9978047632689694,1e-05
HB-0333,Hospital B,0,0,0.124728434,0.13322115,1.0,0.9978047632689694,1e-05
HB-0334,Hospital B,1,1,0.29245466,1.2294457,1.0,0.9978047632689694,1e-05
HB-0335,Hospital B,0,1,0.25583458,0.29549193,1.0,0.9978047632689694,1e-05
HB-0336,Hospital B,0,1,0.092172034,0.09670043,1.0,0.9978047632689694,1e-05
HB-0337,Hospital B,1,0,0.12984627,2.041404,1.0,0.9978047632689694,1e-05
HB-0338,Hospital B,0,1,0.12512907,0.13367891,1.0,0.9978047632689694,1e-05
HB-0339,Hospital B,0,1,0.22765575,0.25832486,1.0,0.9978047632689694,1e-05
HB-0340,Hospital B,1,1,0.2762732,1.286365,1.0,0.9978047632689694,1e-05
HB-0341,Hospital B,0,1,0.09452679,0.09929752,1.0,0.9978047632689694,1e-05
HB-0342,Hospital B,1,0,0.30969,1.1721835,1.0,0.9978047632689694,1e-05
HB-0343,Hospital B,0,0,0.21675752,0.244313,1.0,0.9978047632689694,1e-05
HB-0344,Hospital B,0,0,0.17596272,0.1935395,1.0,0.9978047632689694,1e-05
HB-0345,Hospital B,0,0,0.117432006,0.124919415,1.0,0.9978047632689694,1e-05
HB-0346,Hospital B,0,0,0.24638532,0.2828741,1.0,0.9978047632689694,1e-05
HB-0347,Hospital B,0,0,0.17694159,0.19472814,1.0,0.9978047632689694,1e-05
HB-0348,Hospital B,0,0,0.22543906,0.25545895,1.0,0.9978047632689694,1e-05
HB-0349,Hospital B,1,1,0.25656804,1.3603613,1.0,0.9978047632689694,1e-05
HB-0350,Hospital B,0,0,0.07596007,0.078999996,1.0,0.9978047632689694,1e-05
HB-0351,Hospital B,1,1,0.14592911,1.9246343,1.0,0.9978047632689694,1e-05
HB-0352,Hospital B,1,0,0.23323075,1.4557269,1.0,0.9978047632689694,1e-05
HB-0353,Hospital B,1,0,0.14584656,1.9252001,1.0,0.9978047632689694,1e-05
HB-0354,Hospital B,1,1,0.4156307,0.8779581,1.0,0.9978047632689694,1e-05
HB-0355,Hospital B,1,0,0.14640276,1.9213939,1.0,0.9978047632689694,1e-05
HB-0356,Hospital B,0,0,0.108968005,0.11537504,1.0,0.9978047632689694,1e-05
HB-0357,Hospital B,0,0,0.127804,0.13674104,1.0,0.9978047632689694,1e-05
HB-0358,Hospital B,0,0,0.15573338,0.16928685,1.0,0.9978047632689694,1e-05
HB-0359,Hospital B,1,1,0.12268736,2.098116,1.0,0.9978047632689694,1e-05
HB-0360,Hospital B,1,0,0.12044034,2.1166008,1.0,0.9978047632689694,1e-05
HB-0361,Hospital B,0,0,0.14145978,0.15252173,1.0,0.9978047632689694,1e-05
HB-0362,Hospital B,0,1,0.09194751,0.09645319,1.0,0.9978047632689694,1e-05
HB-0363,Hospital B,0,0,0.08736708,0.091421604,1.0,0.9978047632689694,1e-05
HB-0364,Hospital B,1,1,0.19177331,1.6514412,1.0,0.9978047632689694,1e-05
HB-0365,Hospital B,1,0,0.17400534,1.7486693,1.0,0.9978047632689694,1e-05
HB-0366,Hospital B,1,0,0.17982595,1.7157658,1.0,0.9978047632689694,1e-05
HB-0367,Hospital B,1,1,0.23381552,1.4532228,1.0,0.9978047632689694,1e-05
HB-0368,Hospital B,0,1,0.26542053,0.30845714,1.0,0.9978047632689694,1e-05
HB-0369,Hospital B,0,1,0.17288212,0.18980813,1.0,0.9978047632689694,1e-05
HB-0370,Hospital B,0,1,0.17140484,0.18802357,1.0,0.9978047632689694,1e-05
HB-0371,Hospital B,1,1,0.2291149,1.4735317,1.0,0.9978047632689694,1e-05
HB-0372,Hospital B,1,1,0.109383345,2.2128966,1.0,0.9978047632689694,1e-05
HB-0373,Hospital B,0,0,0.077614725,0.08079219,1.0,0.9978047632689694,1e-05
HB-0374,Hospital B,0,0,0.1765724,0.19427967,1.0,0.9978047632689694,1e-05
HB-0375,Hospital B,1,0,0.15518212,1.8631558,1.0,0.9978047632689694,1e-05
HB-0376,Hospital B,0,1,0.1712557,0.18784356,1.0,0.9978047632689694,1e-05
HB-0377,Hospital B,1,1,0.25366873,1.3717262,1.0,0.9978047632689694,1e-05
HB-0378,Hospital B,1,1,0.121577494,2.1072035,1.0,0.9978047632689694,1e-05
HB-0379,Hospital B,0,1,0.19257279,0.21390235,1.0,0.9978047632689694,1e-05
HB-0380,Hospital B,1,1,0.11133028,2.195254,1.0,0.9978047632689694,1e-05
HB-0381,Hospital B,0,1,0.14309241,0.15442514,1.0,0.9978047632689694,1e-05
HB-0382,Hospital B,0,0,0.20606302,0.23075116,1.0,0.9978047632689694,1e-05
HB-0383,Hospital B,1,1,0.33827084,1.0839084,1.0,0.9978047632689694,1e-05
HB-0384,Hospital B,0,1,0.15122998,0.16396701,1.0,0.9978047632689694,1e-05
HB-0385,Hospital B,1,1,0.2440729,1.4102882,1.0,0.9978047632689694,1e-05
HB-0386,Hospital B,1,1,0.18111975,1.7085968,1.0,0.9978047632689694,1e-05
HB-0387,Hospital B,1,1,0.208003,1.5702028,1.0,0.9978047632689694,1e-05
HB-0388,Hospital B,0,1,0.13200884,0.14157367,1.0,0.9978047632689694,1e-05
HB-0389,Hospital B,1,0,0.15507525,1.8638448,1.0,0.9978047632689694,1e-05
HB-0390,Hospital B,1,0,0.1285646,2.051324,1.0,0.9978047632689694,1e-05
HB-0391,Hospital B,0,0,0.08031694,0.08372617,1.0,0.9978047632689694,1e-05
HB-0392,Hospital B,0,0,0.16577291,0.18124962,1.0,0.9978047632689694,1e-05
HB-0393,Hospital B,1,0,0.43814972,0.82519454,1.0,0.9978047632689694,1e-05
HB-0394,Hospital B,1,1,0.14574404,1.9259033,1.0,0.9978047632689694,1e-05
HB-0395,Hospital B,0,0,0.10356598,0.109330654,1.0,0.9978047632689694,1e-05
HB-0396,Hospital B,1,1,0.19133267,1.6537417,1.0,0.9978047632689694,1e-05
HB-0397,Hospital B,0,1,0.1282236,0.13722229,1.0,0.9978047632689694,1e-05
HB-0398,Hospital B,0,1,0.08237202,0.08596325,1.0,0.9978047632689694,1e-05
HB-0399,Hospital B,0,0,0.19482033,0.21668983,1.0,0.9978047632689694,1e-05
HB-0400,Hospital B,0,0,0.16880439,0.18489015,1.0,0.9978047632689694,1e-05
HB-0401,Hospital B,1,0,0.14416525,1.936795,1.0,0.9978047632689694,1e-05
HB-0402,Hospital B,1,0,0.23599605,1.4439403,1.0,0.9978047632689694,1e-05
HB-0403,Hospital B,1,0,0.17278914,1.7556832,1.0,0.9978047632689694,1e-05
HB-0404,Hospital B,0,0,0.09927271,0.104552746,1.0,0.9978047632689694,1e-05
HB-0405,Hospital B,1,0,0.21679083,1.5288224,1.0,0.9978047632689694,1e-05
HB-0406,Hospital B,1,1,0.16560607,1.7981434,1.0,0.9978047632689694,1e-05
HB-0407,Hospital B,0,0,0.11876557,0.1264317,1.0,0.9978047632689694,1e-05
HB-0408,Hospital B,1,1,0.30882126,1.1749926,1.0,0.9978047632689694,1e-05
HB-0409,Hospital B,1,1,0.42959785,0.84490573,1.0,0.9978047632689694,1e-05
HB-0410,Hospital B,1,0,0.3014215,1.1992457,1.0,0.9978047632689694,1e-05
HB-0411,Hospital B,0,1,0.26337668,0.3056786,1.0,0.9978047632689694,1e-05
HB-0412,Hospital B,1,1,0.15686283,1.8523835,1.0,0.9978047632689694,1e-05
HB-0413,Hospital B,1,0,0.14172085,1.953896,1.0,0.9978047632689694,1e-05
HB-0414,Hospital B,0,0,0.10887603,0.11527181,1.0,0.9978047632689694,1e-05
HB-0415,Hospital B,0,1,0.1048154,0.1107254,1.0,0.9978047632689694,1e-05
HB-0416,Hospital B,1,0,0.23926358,1.4301896,1.0,0.9978047632689694,1e-05
HB-0417,Hospital B,0,1,0.0765635,0.07965326,1.0,0.9978047632689694,1e-05
HB-0418,Hospital B,0,0,0.11821008,0.12580132,1.0,0.9978047632689694,1e-05
HB-0419,Hospital B,1,1,0.17830071,1.7242838,1.0,0.9978047632689694,1e-05
HB-0420,Hospital B,0,1,0.2481617,0.28523397,1.0,0.9978047632689694,1e-05
HB-0421,Hospital B,1,1,0.13774979,1.9823164,1.0,0.9978047632689694,1e-05
HB-0422,Hospital B,1,0,0.17915979,1.7194772,1.0,0.9978047632689694,1e-05
HB-0423,Hospital B,0,1,0.087296836,0.091344595,1.0,0.9978047632689694,1e-05
HB-0424,Hospital B,0,0,0.11367297,0.120669365,1.0,0.9978047632689694,1e-05
HB-0425,Hospital B,0,0,0.22049963,0.24910212,1.0,0.9978047632689694,1e-05
HB-0426,Hospital B,1,1,0.1689415,1.7782028,1.0,0.9978047632689694,1e-05
HB-0427,Hospital B,0,1,0.17186916,0.18858409,1.0,0.9978047632689694,1e-05
HB-0428,Hospital B,1,1,0.15854183,1.8417368,1.0,0.9978047632689694,1e-05
HB-0429,Hospital B,1,0,0.5119422,0.6695435,1.0,0.9978047632689694,1e-05
HB-0430,Hospital B,0,1,0.19899392,0.22188675,1.0,0.9978047632689694,1e-05
HB-0431,Hospital B,0,0,0.18205437,0.20095944,1.0,0.9978047632689694,1e-05
HB-0432,Hospital B,1,1,0.17874281,1.7218074,1.0,0.9978047632689694,1e-05
HB-0433,Hospital B,1,0,0.14865996,1.9060937,1.0,0.9978047632689694,1e-05
HB-0434,Hospital B,0,0,0.19960849,0.22265422,1.0,0.9978047632689694,1e-05
HB-0435,Hospital B,0,0,0.06516422,0.06738448,1.0,0.9978047632689694,1e-05
HB-0436,Hospital B,0,0,0.16507338,0.18041146,1.0,0.9978047632689694,1e-05
HB-0437,Hospital B,0,1,0.11062724,0.11723876,1.0,0.9978047632689694,1e-05
HB-0438,Hospital B,1,1,0.19628683,1.6281782,1.0,0.9978047632689694,1e-05
HB-0439,Hospital B,1,1,0.24470752,1.4076915,1.0,0.9978047632689694,1e-05
HB-0440,Hospital B,1,0,0.14241047,1.9490417,1.0,0.9978047632689694,1e-05
HB-0441,Hospital B,0,1,0.11763842,0.1251533,1.0,0.9978047632689694,1e-05
HB-0442,Hospital B,1,0,0.12816764,2.0544162,1.0,0.9978047632689694,1e-05
HB-0443,Hospital B,1,1,0.21565747,1.5340638,1.0,0.9978047632689694,1e-05
HB-0444,Hospital B,0,1,0.16582648,0.18131387,1.0,0.9978047632689694,1e-05
HB-0445,Hospital B,0,0,0.14755121,0.1596421,1.0,0.9978047632689694,1e-05
HB-0446,Hospital B,1,0,0.13415247,2.0087783,1.0,0.9978047632689694,1e-05
HB-0447,Hospital B,1,1,0.17957889,1.7171407,1.0,0.9978047632689694,1e-05
HB-0448,Hospital B,1,1,0.14242183,1.948962,1.0,0.9978047632689694,1e-05
HB-0449,Hospital B,1,1,0.4123271,0.8859383,1.0,0.9978047632689694,1e-05
HB-0450,Hospital B,1,1,0.33894175,1.081927,1.0,0.9978047632689694,1e-05
HB-0451,Hospital B,1,1,0.27023205,1.3084743,1.0,0.9978047632689694,1e-05
HB-0452,Hospital B,1,0,0.12393412,2.088005,1.0,0.9978047632689694,1e-05
HB-0453,Hospital B,1,0,0.1961364,1.6289449,1.0,0.9978047632689694,1e-05
HB-0454,Hospital B,0,0,0.21776515,0.24560022,1.0,0.9978047632689694,1e-05
HB-0455,Hospital B,0,1,0.13705525,0.14740467,1.0,0.9978047632689694,1e-05
HB-0456,Hospital B,1,1,0.15525126,1.8627105,1.0,0.9978047632689694,1e-05
HB-0457,Hospital B,0,0,0.13923764,0.1499368,1.0,0.9978047632689694,1e-05
HB-0458,Hospital B,0,0,0.13246542,0.14209986,1.0,0.9978047632689694,1e-05
HB-0459,Hospital B,1,0,0.11587328,2.1552582,1.0,0.9978047632689694,1e-05
HB-0460,Hospital B,1,0,0.12533017,2.0768037,1.0,0.9978047632689694,1e-05
HB-0461,Hospital B,0,1,0.115758546,0.12302518,1.0,0.9978047632689694,1e-05
HB-0462,Hospital B,1,0,0.17608662,1.7367792,1.0,0.9978047632689694,1e-05
HB-0463,Hospital B,1,0,0.11379578,2.1733499,1.0,0.9978047632689694,1e-05
HB-0464,Hospital B,0,1,0.28805593,0.33975595,1.0,0.9978047632689694,1e-05
HB-0465,Hospital B,0,0,0.08271402,0.0863359,1.0,0.9978047632689694,1e-05
HB-0466,Hospital B,1,1,0.17626074,1.735791,1.0,0.9978047632689694,1e-05
HB-0467,Hospital B,0,1,0.092584476,0.097154856,1.0,0.9978047632689694,1e-05
HB-0468,Hospital B,1,1,0.29967186,1.2050672,1.0,0.9978047632689694,1e-05
HB-0469,Hospital B,0,1,0.11852855,0.12616277,1.0,0.9978047632689694,1e-05
HB-0470,Hospital B,0,0,0.1477905,0.15992284,1.0,0.9978047632689694,1e-05
HB-0471,Hospital B,1,0,0.11171019,2.1918473,1.0,0.9978047632689694,1e-05
HB-0472,Hospital B,1,0,0.16369663,1.8097404,1.0,0.9978047632689694,1e-05
HB-0473,Hospital B,0,1,0.17728879,0.19515002,1.0,0.9978047632689694,1e-05
HB-0474,Hospital B,0,0,0.14238672,0.153602,1.0,0.9978047632689694,1e-05
HB-0475,Hospital B,0,1,0.12618513,0.13488686,1.0,0.9978047632689694,1e-05
HB-0476,Hospital B,0,0,0.0793138,0.08263612,1.0,0.9978047632689694,1e-05
HB-0477,Hospital B,1,1,0.19929646,1.6129619,1.0,0.9978047632689694,1e-05
HB-0478,Hospital B,0,0,0.1774558,0.19535303,1.0,0.9978047632689694,1e-05
HB-0479,Hospital B,1,0,0.24182671,1.4195338,1.0,0.9978047632689694,1e-05
HB-0480,Hospital B,0,0,0.19318701,0.21466339,1.0,0.9978047632689694,1e-05
HB-0481,Hospital B,1,1,0.19905284,1.614185,1.0,0.9978047632689694,1e-05
HB-0482,Hospital B,0,0,0.14826997,0.16048563,1.0,0.9978047632689694,1e-05
HB-0483,Hospital B,0,0,0.06899212,0.07148743,1.0,0.9978047632689694,1e-05
HB-0484,Hospital B,0,0,0.0934801,0.098142385,1.0,0.9978047632689694,1e-05
HB-0485,Hospital B,1,0,0.4868171,0.7198669,1.0,0.9978047632689694,1e-05
HB-0486,Hospital B,0,1,0.11447656,0.12157631,1.0,0.9978047632689694,1e-05
HB-0487,Hospital B,0,0,0.23110172,0.26279664,1.0,0.9978047632689694,1e-05
HB-0488,Hospital B,1,0,0.16904458,1.7775928,1.0,0.9978047632689694,1e-05
HB-0489,Hospital B,1,1,0.44738445,0.80433697,1.0,0.9978047632689694,1e-05
HB-0490,Hospital B,1,0,0.17503023,1.7427967,1.0,0.9978047632689694,1e-05
HB-0491,Hospital B,1,0,0.19953017,1.61179,1.0,0.9978047632689694,1e-05
HB-0492,Hospital B,0,1,0.25853503,0.29912734,1.0,0.9978047632689694,1e-05
HB-0493,Hospital B,0,0,0.08963011,0.09390426,1.0,0.9978047632689694,1e-05
HB-0494,Hospital B,0,1,0.09821226,0.10337615,1.0,0.9978047632689694,1e-05
HB-0495,Hospital B,1,1,0.16722544,1.7884125,1.0,0.9978047632689694,1e-05
HB-0496,Hospital B,0,1,0.16545299,0.18086624,1.0,0.9978047632689694,1e-05
HB-0497,Hospital B,0,0,0.11096431,0.117617846,1.0,0.9978047632689694,1e-05
HB-0498,Hospital B,0,1,0.23511526,0.26803017,1.0,0.9978047632689694,1e-05
HB-0499,Hospital B,1,1,0.13700408,1.9877446,1.0,0.9978047632689694,1e-05
HB-0500,Hospital B,0,1,0.19233842,0.21361208,1.0,0.9978047632689694,1e-05
HB-0501,Hospital B,1,1,0.095389165,2.3497903,1.0,0.9978047632689694,1e-05
HB-0502,Hospital B,0,1,0.21245782,0.23883832,1.0,0.9978047632689694,1e-05
HB-0503,Hospital B,0,1,0.17296113,0.18990362,1.0,0.9978047632689694,1e-05
HB-0504,Hospital B,1,1,0.13797896,1.9806541,1.0,0.9978047632689694,1e-05
HB-0505,Hospital B,1,0,0.13734612,1.9852512,1.0,0.9978047632689694,1e-05
HB-0506,Hospital B,1,1,0.17742276,1.7292198,1.0,0.9978047632689694,1e-05
HB-0507,Hospital B,0,1,0.11202152,0.11880779,1.0,0.9978047632689694,1e-05
HB-0508,Hospital B,1,1,0.15087871,1.891279,1.0,0.9978047632689694,1e-05
HB-0509,Hospital B,1,1,0.29536182,1.2195542,1.0,0.9978047632689694,1e-05
HB-0510,Hospital B,0,1,0.18539727,0.20505476,1.0,0.9978047632689694,1e-05
HB-0511,Hospital B,1,0,0.16276705,1.8154353,1.0,0.9978047632689694,1e-05
HB-0512,Hospital B,1,0,0.17219478,1.7591289,1.0,0.9978047632689694,1e-05
HB-0513,Hospital B,0,1,0.31652656,0.3805675,1.0,0.9978047632689694,1e-05
HB-0514,Hospital B,0,1,0.07540408,0.078398466,1.0,0.9978047632689694,1e-05
HB-0515,Hospital B,0,0,0.14090782,0.15187907,1.0,0.9978047632689694,1e-05
HB-0516,Hospital B,1,0,0.12708543,2.0628958,1.0,0.9978047632689694,1e-05
HB-0517,Hospital B,0,0,0.13651642,0.14678037,1.0,0.9978047632689694,1e-05
HB-0518,Hospital B,1,1,0.23453483,1.4501512,1.0,0.9978047632689694,1e-05
HB-0519,Hospital B,0,0,0.071947604,0.07466698,1.0,0.9978047632689694,1e-05
HB-0520,Hospital B,0,1,0.13729018,0.14767683,1.0,0.9978047632689694,1e-05
HB-0521,Hospital B,1,1,0.27561662,1.2887444,1.0,0.9978047632689694,1e-05
HB-0522,Hospital B,0,0,0.10061269,0.10604143,1.0,0.9978047632689694,1e-05
HB-0523,Hospital B,1,1,0.3172924,1.1479316,1.0,0.9978047632689694,1e-05
HB-0524,Hospital B,1,0,0.10314157,2.2716527,1.0,0.9978047632689694,1e-05
HB-0525,Hospital B,0,1,0.13536485,0.14544761,1.0,0.9978047632689694,1e-05
HB-0526,Hospital B,1,1,0.15158544,1.8866059,1.0,0.9978047632689694,1e-05
HB-0527,Hospital B,0,1,0.140645,0.15157318,1.0,0.9978047632689694,1e-05
HB-0528,Hospital B,0,0,0.11474226,0.12187648,1.0,0.9978047632689694,1e-05
HB-0529,Hospital B,1,1,0.20423663,1.588476,1.0,0.9978047632689694,1e-05
HB-0530,Hospital B,0,1,0.26723123,0.31092513,1.0,0.9978047632689694,1e-05
HB-0531,Hospital B,1,0,0.124659956,2.0821655,1.0,0.9978047632689694,1e-05
HB-0532,Hospital B,1,1,0.27677438,1.2845527,1.0,0.9978047632689694,1e-05
HB-0533,Hospital B,0,0,0.090704456,0.095085144,1.0,0.9978047632689694,1e-05
HB-0534,Hospital B,0,0,0.18373175,0.20301223,1.0,0.9978047632689694,1e-05
HB-0535,Hospital B,1,0,0.06448005,2.7413993,1.0,0.9978047632689694,1e-05
HB-0536,Hospital B,1,1,0.18850617,1.6686246,1.0,0.9978047632689694,1e-05
HB-0537,Hospital B,1,0,0.23298316,1.4567891,1.0,0.9978047632689694,1e-05
HB-0538,Hospital B,1,0,0.32102928,1.136223,1.0,0.9978047632689694,1e-05
HB-0539,Hospital B,1,0,0.0930883,2.3742068,1.0,0.9978047632689694,1e-05
HB-0540,Hospital B,0,0,0.14369078,0.15512371,1.0,0.9978047632689694,1e-05
HB-0541,Hospital B,0,0,0.30266342,0.36048716,1.0,0.9978047632689694,1e-05
HB-0542,Hospital B,0,1,0.48523226,0.66403943,1.0,0.9978047632689694,1e-05
HB-0543,Hospital B,0,0,0.24533172,0.28147697,1.0,0.9978047632689694,1e-05
HB-0544,Hospital B,1,1,0.16387953,1.8086238,1.0,0.9978047632689694,1e-05
HB-0545,Hospital B,1,0,0.07626127,2.57359,1.0,0.9978047632689694,1e-05
HB-0546,Hospital B,1,1,0.20720512,1.5740461,1.0,0.9978047632689694,1e-05
HB-0547,Hospital B,0,1,0.07625283,0.079316854,1.0,0.9978047632689694,1e-05
HB-0548,Hospital B,1,1,0.18576698,1.6832622,1.0,0.9978047632689694,1e-05
HB-0549,Hospital B,0,0,0.30906832,0.36971426,1.0,0.9978047632689694,1e-05
HB-0550,Hospital B,1,0,0.16971369,1.7736425,1.0,0.9978047632689694,1e-05
HB-0551,Hospital B,0,1,0.2557827,0.2954222,1.0,0.9978047632689694,1e-05
HB-0552,Hospital B,1,0,0.31886983,1.1429722,1.0,0.9978047632689694,1e-05
HB-0553,Hospital B,0,1,0.13639408,0.14663875,1.0,0.9978047632689694,1e-05
HB-0554,Hospital B,1,0,0.12354592,2.0911424,1.0,0.9978047632689694,1e-05
HB-0555,Hospital B,0,0,0.18049367,0.19905317,1.0,0.9978047632689694,1e-05
HB-0556,Hospital B,1,1,0.18259484,1.7004856,1.0,0.9978047632689694,1e-05
HB-0557,Hospital B,1,0,0.12710983,2.0627038,1.0,0.9978047632689694,1e-05
HB-0558,Hospital B,1,0,0.08722301,2.4392872,1.0,0.9978047632689694,1e-05
HB-0559,Hospital B,0,1,0.20244233,0.22620118,1.0,0.9978047632689694,1e-05
HB-0560,Hospital B,1,0,0.30831128,1.1766454,1.0,0.9978047632689694,1e-05
HB-0561,Hospital B,1,1,0.16499652,1.8018309,1.0,0.9978047632689694,1e-05
HB-0562,Hospital B,0,0,0.2217365,0.2506901,1.0,0.9978047632689694,1e-05
HB-0563,Hospital B,1,1,0.18532944,1.6856202,1.0,0.9978047632689694,1e-05
HB-0564,Hospital B,0,0,0.20887247,0.23429608,1.0,0.9978047632689694,1e-05
HB-0565,Hospital B,0,0,0.13768338,0.1481328,1.0,0.9978047632689694,1e-05
HB-0566,Hospital B,1,1,0.26973015,1.3103333,1.0,0.9978047632689694,1e-05
HB-0567,Hospital B,0,1,0.17429431,0.19151688,1.0,0.9978047632689694,1e-05
HB-0568,Hospital B,1,0,0.13358314,2.0130312,1.0,0.9978047632689694,1e-05
HB-0569,Hospital B,1,0,0.100135125,2.3012347,1.0,0.9978047632689694,1e-05
HB-0570,Hospital B,1,0,0.30005172,1.2038004,1.0,0.9978047632689694,1e-05
HB-0571,Hospital B,0,0,0.12649305,0.13523912,1.0,0.9978047632689694,1e-05
HB-0572,Hospital B,0,1,0.18982938,0.21051037,1.0,0.9978047632689694,1e-05
HB-0573,Hospital B,0,0,0.12995829,0.13921404,1.0,0.9978047632689694,1e-05
HB-0574,Hospital B,1,1,0.21858525,1.5205791,1.0,0.9978047632689694,1e-05
HB-0575,Hospital B,1,1,0.12759544,2.0588906,1.0,0.9978047632689694,1e-05
HB-0576,Hospital B,1,1,0.26659077,1.3220406,1.0,0.9978047632689694,1e-05
HB-0577,Hospital B,1,0,0.14565626,1.9265058,1.0,0.9978047632689694,1e-05
HB-0578,Hospital B,1,0,0.16722152,1.7884358,1.0,0.9978047632689694,1e-05
HB-0579,Hospital B,0,1,0.19777894,0.22037113,1.0,0.9978047632689694,1e-05
HB-0580,Hospital B,1,0,0.12805587,2.0552886,1.0,0.9978047632689694,1e-05
HB-0581,Hospital B,1,0,0.27805007,1.2799542,1.0,0.9978047632689694,1e-05
HB-0582,Hospital B,1,0,0.19412206,1.6392682,1.0,0.9978047632689694,1e-05
HB-0583,Hospital B,0,0,0.27832678,0.3261829,1.0,0.9978047632689694,1e-05
HB-0584,Hospital B,0,0,0.13527124,0.14533949,1.0,0.9978047632689694,1e-05
HB-0585,Hospital B,0,1,0.2406604,0.2753061,1.0,0.9978047632689694,1e-05
HB-0586,Hospital B,0,1,0.09924918,0.10452652,1.0,0.9978047632689694,1e-05
HB-0587,Hospital B,1,0,0.19651932,1.6269945,1.0,0.9978047632689694,1e-05
HB-0588,Hospital B,0,0,0.20784019,0.23299217,1.0,0.9978047632689694,1e-05
HB-0589,Hospital B,1,0,0.16036263,1.8303176,1.0,0.9978047632689694,1e-05
HB-0590,Hospital B,1,0,0.08930848,2.415659,1.0,0.9978047632689694,1e-05
HB-0591,Hospital B,0,0,0.28099552,0.3298877,1.0,0.9978047632689694,1e-05
HB-0592,Hospital B,1,1,0.27071968,1.3066714,1.0,0.9978047632689694,1e-05
HB-0593,Hospital B,1,0,0.18594542,1.682302,1.0,0.9978047632689694,1e-05
HB-0594,Hospital B,0,1,0.33446312,0.4071613,1.0,0.9978047632689694,1e-05
HB-0595,Hospital B,0,1,0.06868347,0.071156025,1.0,0.9978047632689694,1e-05
HB-0596,Hospital B,0,1,0.12125855,0.1292646,1.0,0.9978047632689694,1e-05
HB-0597,Hospital B,1,1,0.19626957,1.6282661,1.0,0.9978047632689694,1e-05
HB-0598,Hospital B,1,0,0.18690163,1.6771729,1.0,0.9978047632689694,1e-05
HB-0599,Hospital B,0,0,0.13578746,0.14593661,1.0,0.9978047632689694,1e-05
HB-0600,Hospital B,1,0,0.11570759,2.156689,1.0,0.9978047632689694,1e-05
HB-0601,Hospital B,1,1,0.1295647,2.0435748,1.0,0.9978047632689694,1e-05
HB-0602,Hospital B,1,0,0.16785239,1.7846704,1.0,0.9978047632689694,1e-05
HB-0603,Hospital B,0,0,0.16478282,0.18006349,1.0,0.9978047632689694,1e-05
HB-0604,Hospital B,0,0,0.09642717,0.10139847,1.0,0.9978047632689694,1e-05
HB-0605,Hospital B,1,0,0.4212937,0.86442506,1.0,0.9978047632689694,1e-05
HB-0606,Hospital B,1,1,0.37165648,0.9897853,1.0,0.9978047632689694,1e-05
HB-0607,Hospital B,1,1,0.120619245,2.1151166,1.0,0.9978047632689694,1e-05
HB-0608,Hospital B,1,0,0.14959091,1.899851,1.0,0.9978047632689694,1e-05
HB-0609,Hospital B,0,0,0.123328716,0.13162327,1.0,0.9978047632689694,1e-05
HB-0610,Hospital B,0,1,0.20076632,0.2241019,1.0,0.9978047632689694,1e-05
HB-0611,Hospital B,1,1,0.18103813,1.7090477,1.0,0.9978047632689694,1e-05
HB-0612,Hospital B,0,0,0.17274407,0.18964112,1.0,0.9978047632689694,1e-05
HB-0613,Hospital B,0,1,0.10765941,0.11390734,1.0,0.9978047632689694,1e-05
HB-0614,Hospital B,1,0,0.16162944,1.822449,1.0,0.9978047632689694,1e-05
HB-0615,Hospital B,0,0,0.106734134,0.11287093,1.0,0.9978047632689694,1e-05
HB-0616,Hospital B,1,1,0.21820182,1.5223349,1.0,0.9978047632689694,1e-05
HB-0617,Hospital B,0,0,0.12514769,0.13370013,1.0,0.9978047632689694,1e-05
HB-0618,Hospital B,1,1,0.16560689,1.7981385,1.0,0.9978047632689694,1e-05
HB-0619,Hospital B,1,1,0.15807857,1.8446631,1.0,0.9978047632689694,1e-05
HB-0620,Hospital B,1,1,0.12998143,2.0403638,1.0,0.9978047632689694,1e-05
HB-0621,Hospital B,1,0,0.16817535,1.7827481,1.0,0.9978047632689694,1e-05
HB-0622,Hospital B,1,0,0.11229679,2.18661,1.0,0.9978047632689694,1e-05
HB-0623,Hospital B,1,1,0.2881012,1.2444434,1.0,0.9978047632689694,1e-05
HB-0624,Hospital B,0,0,0.10738052,0.11359501,1.0,0.9978047632689694,1e-05
HB-0625,Hospital B,0,0,0.113011196,0.11992288,1.0,0.9978047632689694,1e-05
HB-0626,Hospital B,1,0,0.2024609,1.5972085,1.0,0.9978047632689694,1e-05
HB-0627,Hospital B,0,0,0.15619756,0.16983688,1.0,0.9978047632689694,1e-05
HB-0628,Hospital B,1,1,0.15036853,1.8946662,1.0,0.9978047632689694,1e-05
HB-0629,Hospital B,0,1,0.29306164,0.34681183,1.0,0.9978047632689694,1e-05
HB-0630,Hospital B,0,1,0.16013701,0.17451656,1.0,0.9978047632689694,1e-05
HB-0631,Hospital B,1,1,0.2699465,1.3095316,1.0,0.9978047632689694,1e-05
HB-0632,Hospital B,0,1,0.117588036,0.12509632,1.0,0.9978047632689694,1e-05
HB-0633,Hospital B,0,1,0.2915934,0.3447371,1.0,0.9978047632689694,1e-05
HB-0634,Hospital B,0,0,0.15728915,0.17113137,1.0,0.9978047632689694,1e-05
HB-0635,Hospital B,0,0,0.33052042,0.4012546,1.0,0.9978047632689694,1e-05
HB-0636,Hospital B,1,1,0.1638926,1.8085439,1.0,0.9978047632689694,1e-05
HB-0637,Hospital B,0,0,0.22486725,0.25472093,1.0,0.9978047632689694,1e-05
HB-0638,Hospital B,0,1,0.10731435,0.11352086,1.0,0.9978047632689694,1e-05
HB-0639,Hospital B,0,0,0.13287185,0.14256859,1.0,0.9978047632689694,1e-05
HB-0640,Hospital B,0,1,0.109474525,0.11594367,1.0,0.9978047632689694,1e-05
HB-0641,Hospital B,0,0,0.25390676,0.29290473,1.0,0.9978047632689694,1e-05
HB-0642,Hospital B,0,0,0.16115645,0.17573106,1.0,0.9978047632689694,1e-05
HB-0643,Hospital B,1,0,0.14409894,1.9372551,1.0,0.9978047632689694,1e-05
HB-0644,Hospital B,0,0,0.10518424,0.11113739,1.0,0.9978047632689694,1e-05
HB-0645,Hospital B,0,1,0.1315196,0.14101028,1.0,0.9978047632689694,1e-05
HB-0646,Hospital B,0,0,0.10665057,0.11277747,1.0,0.9978047632689694,1e-05
HB-0647,Hospital B,1,1,0.14816146,1.9094527,1.0,0.9978047632689694,1e-05
HB-0648,Hospital B,1,0,0.25296956,1.3744861,1.0,0.9978047632689694,1e-05
HB-0649,Hospital B,1,1,0.13152203,2.028581,1.0,0.9978047632689694,1e-05
HB-0650,Hospital B,0,0,0.12938765,0.1385585,1.0,0.9978047632689694,1e-05
HB-0651,Hospital B,1,0,0.12657131,2.0669494,1.0,0.9978047632689694,1e-05
HB-0652,Hospital B,1,0,0.12432673,2.0848422,1.0,0.9978047632689694,1e-05
HB-0653,Hospital B,1,1,0.12713806,2.0624816,1.0,0.9978047632689694,1e-05
HB-0654,Hospital B,0,1,0.16495024,0.180264,1.0,0.9978047632689694,1e-05
HB-0655,Hospital B,0,0,0.09931817,0.10460329,1.0,0.9978047632689694,1e-05
HB-0656,Hospital B,0,0,0.12716478,0.1360085,1.0,0.9978047632689694,1e-05
HB-0657,Hospital B,1,0,0.14925426,1.902104,1.0,0.9978047632689694,1e-05
HB-0658,Hospital B,0,1,0.15477763,0.16815555,1.0,0.9978047632689694,1e-05
HB-0659,Hospital B,0,0,0.1318175,0.14135337,1.0,0.9978047632689694,1e-05
HB-0660,Hospital B,0,1,0.2836995,0.33365554,1.0,0.9978047632689694,1e-05
HB-0661,Hospital B,0,0,0.08674272,0.09073758,1.0,0.9978047632689694,1e-05
HB-0662,Hospital B,0,0,0.11091473,0.117562056,1.0,0.9978047632689694,1e-05
HB-0663,Hospital B,0,1,0.23827845,0.27217424,1.0,0.9978047632689694,1e-05
HB-0664,Hospital B,1,1,0.16253349,1.8168712,1.0,0.9978047632689694,1e-05
HB-0665,Hospital B,1,0,0.35585862,1.0332217,1.0,0.9978047632689694,1e-05
HB-0666,Hospital B,0,1,0.20291904,0.22679901,1.0,0.9978047632689694,1e-05
HB-0667,Hospital B,0,1,0.087545,0.09161663,1.0,0.9978047632689694,1e-05
HB-0668,Hospital B,0,0,0.11753078,0.12503147,1.0,0.9978047632689694,1e-05
HB-0669,Hospital B,1,0,0.14560345,1.9268684,1.0,0.9978047632689694,1e-05
HB-0670,Hospital B,1,1,0.30074167,1.2015036,1.0,0.9978047632689694,1e-05
HB-0671,Hospital B,1,1,0.20490906,1.5851891,1.0,0.9978047632689694,1e-05
HB-0672,Hospital B,1,1,0.13360077,2.0128992,1.0,0.9978047632689694,1e-05
HB-0673,Hospital B,1,0,0.29813033,1.2102246,1.0,0.9978047632689694,1e-05
HB-0674,Hospital B,1,0,0.11556287,2.1579406,1.0,0.9978047632689694,1e-05
HB-0675,Hospital B,0,1,0.18593077,0.20570993,1.0,0.9978047632689694,1e-05
HB-0676,Hospital B,1,1,0.17654751,1.7341652,1.0,0.9978047632689694,1e-05
HB-0677,Hospital B,1,1,0.1824202,1.7014425,1.0,0.9978047632689694,1e-05
HB-0678,Hospital B,1,1,0.16545334,1.799066,1.0,0.9978047632689694,1e-05
HB-0679,Hospital B,1,1,0.2947233,1.2217183,1.0,0.9978047632689694,1e-05
HB-0680,Hospital B,0,0,0.10297744,0.10867429,1.0,0.9978047632689694,1e-05
HB-0681,Hospital B,0,1,0.29999802,0.3566721,1.0,0.9978047632689694,1e-05
HB-0682,Hospital B,0,0,0.15626204,0.16991329,1.0,0.9978047632689694,1e-05
HB-0683,Hospital B,1,0,0.11380066,2.173307,1.0,0.9978047632689694,1e-05
HB-0684,Hospital B,1,1,0.12400304,2.0874493,1.0,0.9978047632689694,1e-05
HB-0685,Hospital B,0,1,0.08681694,0.09081888,1.0,0.9978047632689694,1e-05
HB-0686,Hospital B,1,1,0.18104973,1.7089835,1.0,0.9978047632689694,1e-05
HB-0687,Hospital B,0,1,0.09506547,0.099892616,1.0,0.9978047632689694,1e-05
HB-0688,Hospital B,1,1,0.33767807,1.0856624,1.0,0.9978047632689694,1e-05
HB-0689,Hospital B,1,0,0.094190255,2.3624387,1.0,0.9978047632689694,1e-05
HB-0690,Hospital B,0,0,0.19305912,0.21450484,1.0,0.9978047632689694,1e-05
HB-0691,Hospital B,1,0,0.12932563,2.0454218,1.0,0.9978047632689694,1e-05
HB-0692,Hospital B,0,0,0.13814193,0.14866471,1.0,0.9978047632689694,1e-05
HB-0693,Hospital B,1,1,0.19911745,1.6138605,1.0,0.9978047632689694,1e-05
HB-0694,Hospital B,0,0,0.1486159,0.16089189,1.0,0.9978047632689694,1e-05
HB-0695,Hospital B,1,0,0.32020745,1.1387862,1.0,0.9978047632689694,1e-05
HB-0696,Hospital B,0,1,0.27794427,0.32565302,1.0,0.9978047632689694,1e-05
HB-0697,Hospital B,0,1,0.25333104,0.29213333,1.0,0.9978047632689694,1e-05
HB-0698,Hospital B,0,0,0.15736702,0.17122376,1.0,0.9978047632689694,1e-05
HB-0699,Hospital B,1,1,0.35108122,1.0467377,1.0,0.9978047632689694,1e-05
HB-0700,Hospital B,0,1,0.2712783,0.3164633,1.0,0.9978047632689694,1e-05
HB-0701,Hospital B,0,1,0.13805172,0.14856005,1.0,0.9978047632689694,1e-05
HB-0702,Hospital B,0,0,0.18853572,0.20891488,1.0,0.9978047632689694,1e-05
HB-0703,Hospital B,0,0,0.15496951,0.16838253,1.0,0.9978047632689694,1e-05
HB-0704,Hospital B,0,0,0.17059276,0.18704402,1.0,0.9978047632689694,1e-05
HB-0705,Hospital B,0,1,0.15108685,0.16379845,1.0,0.9978047632689694,1e-05
HB-0706,Hospital B,1,1,0.21020894,1.5596533,1.0,0.9978047632689694,1e-05
HB-0707,Hospital B,1,1,0.17237267,1.7580965,1.0,0.9978047632689694,1e-05
HB-0708,Hospital B,0,1,0.14595048,0.1577661,1.0,0.9978047632689694,1e-05
HB-0709,Hospital B,1,0,0.31674588,1.1496555,1.0,0.9978047632689694,1e-05
HB-0710,Hospital B,1,0,0.3517327,1.0448837,1.0,0.9978047632689694,1e-05
HB-0711,Hospital B,0,1,0.119996,0.12782884,1.0,0.9978047632689694,1e-05
HB-0712,Hospital B,1,1,0.23394354,1.4526755,1.0,0.9978047632689694,1e-05
HB-0713,Hospital B,0,0,0.11932936,0.12707162,1.0,0.9978047632689694,1e-05
HB-0714,Hospital B,1,0,0.20528254,1.5833681,1.0,0.9978047632689694,1e-05
HB-0715,Hospital B,0,1,0.18283762,0.20191741,1.0,0.9978047632689694,1e-05
HB-0716,Hospital B,0,0,0.17365153,0.19073868,1.0,0.9978047632689694,1e-05
HB-0717,Hospital B,0,1,0.10010867,0.10548115,1.0,0.9978047632689694,1e-05
HB-0718,Hospital B,0,0,0.19602261,0.21818411,1.0,0.9978047632689694,1e-05
HB-0719,Hospital B,0,0,0.095363736,0.10022235,1.0,0.9978047632689694,1e-05
HB-0720,Hospital B,0,0,0.08586105,0.0897727,1.0,0.9978047632689694,1e-05
HB-0721,Hospital B,1,0,0.09873475,2.3153183,1.0,0.9978047632689694,1e-05
HB-0722,Hospital B,0,1,0.08681467,0.0908165,1.0,0.9978047632689694,1e-05
HB-0723,Hospital B,1,0,0.3014324,1.1992096,1.0,0.9978047632689694,1e-05
HB-0724,Hospital B,0,1,0.14579749,0.15758693,1.0,0.9978047632689694,1e-05
HB-0725,Hospital B,0,1,0.27558693,0.32239348,1.0,0.9978047632689694,1e-05
HB-0726,Hospital B,1,0,0.21014318,1.5599662,1.0,0.9978047632689694,1e-05
HB-0727,Hospital B,1,1,0.16977943,1.7732552,1.0,0.9978047632689694,1e-05
HB-0728,Hospital B,0,1,0.11921839,0.1269455,1.0,0.9978047632689694,1e-05
HB-0729,Hospital B,1,1,0.12320209,2.0939293,1.0,0.9978047632689694,1e-05
HB-0730,Hospital B,1,1,0.17146417,1.763381,1.0,0.9978047632689694,1e-05
HB-0731,Hospital B,1,0,0.3180795,1.1454539,1.0,0.9978047632689694,1e-05
HB-0732,Hospital B,0,0,0.08023878,0.08364129,1.0,0.9978047632689694,1e-05
HB-0733,Hospital B,0,1,0.18929239,0.20984781,1.0,0.9978047632689694,1e-05
HB-0734,Hospital B,1,1,0.31540886,1.1538856,1.0,0.9978047632689694,1e-05
HB-0735,Hospital B,1,1,0.29941815,1.2059141,1.0,0.9978047632689694,1e-05
HB-0736,Hospital B,0,0,0.15979916,0.17411435,1.0,0.9978047632689694,1e-05
HB-0737,Hospital B,1,0,0.25445297,1.3686392,1.0,0.9978047632689694,1e-05
HB-0738,Hospital B,1,1,0.191543,1.652643,1.0,0.9978047632689694,1e-05
HB-0739,Hospital B,0,1,0.0997488,0.10508132,1.0,0.9978047632689694,1e-05
HB-0740,Hospital B,1,0,0.22899179,1.4740691,1.0,0.9978047632689694,1e-05
HB-0741,Hospital B,0,0,0.16313843,0.17809653,1.0,0.9978047632689694,1e-05
HB-0742,Hospital B,0,0,0.15367208,0.16684842,1.0,0.9978047632689694,1e-05
HB-0743,Hospital B,1,1,0.36059058,1.0200121,1.0,0.9978047632689694,1e-05
HB-0744,Hospital B,0,0,0.2195911,0.2479372,1.0,0.9978047632689694,1e-05
HB-0745,Hospital B,0,1,0.14291662,0.1542201,1.0,0.9978047632689694,1e-05
HB-0746,Hospital B,1,0,0.1652229,1.8004597,1.0,0.9978047632689694,1e-05
HB-0747,Hospital B,0,0,0.09376448,0.098456144,1.0,0.9978047632689694,1e-05
HB-0748,Hospital B,1,0,0.20903012,1.5652769,1.0,0.9978047632689694,1e-05
HB-0749,Hospital B,1,0,0.14647494,1.920901,1.0,0.9978047632689694,1e-05
HB-0750,Hospital B,0,1,0.18101281,0.19968688,1.0,0.9978047632689694,1e-05
HB-0751,Hospital B,1,1,0.1872516,1.6753021,1.0,0.9978047632689694,1e-05
HB-0752,Hospital B,1,0,0.11566031,2.1570978,1.0,0.9978047632689694,1e-05
HB-0753,Hospital B,0,1,0.11698504,0.12441325,1.0,0.9978047632689694,1e-05
HB-0754,Hospital B,0,0,0.23708074,0.27060306,1.0,0.9978047632689694,1e-05
HB-0755,Hospital B,0,0,0.090698086,0.09507799,1.0,0.9978047632689694,1e-05
HB-0756,Hospital B,1,0,0.13464822,2.0050898,1.0,0.9978047632689694,1e-05
HB-0757,Hospital B,0,1,0.07408805,0.07697606,1.0,0.9978047632689694,1e-05
HB-0758,Hospital B,0,0,0.25269815,0.2912861,1.0,0.9978047632689694,1e-05
HB-0759,Hospital B,0,1,0.22758698,0.25823593,1.0,0.9978047632689694,1e-05
HB-0760,Hospital B,1,1,0.22177152,1.5061077,1.0,0.9978047632689694,1e-05
HB-0761,Hospital B,1,0,0.14127965,1.957014,1.0,0.9978047632689694,1e-05
HB-0762,Hospital B,1,1,0.26060587,1.3447461,1.0,0.9978047632689694,1e-05
HB-0763,Hospital B,1,0,0.122801244,2.0971882,1.0,0.9978047632689694,1e-05
HB-0764,Hospital B,0,0,0.14465307,0.1562481,1.0,0.9978047632689694,1e-05
HB-0765,Hospital B,0,0,0.1224753,0.13065028,1.0,0.9978047632689694,1e-05
HB-0766,Hospital B,1,1,0.34341922,1.0688033,1.0,0.9978047632689694,1e-05
HB-0767,Hospital B,0,1,0.13490044,0.14491057,1.0,0.9978047632689694,1e-05
HB-0768,Hospital B,0,0,0.10877308,0.11515617,1.0,0.9978047632689694,1e-05
HB-0769,Hospital B,0,0,0.13825575,0.1487968,1.0,0.9978047632689694,1e-05
HB-0770,Hospital B,1,1,0.16304016,1.8137587,1.0,0.9978047632689694,1e-05
HB-0771,Hospital B,1,1,0.1639344,1.8082889,1.0,0.9978047632689694,1e-05
HB-0772,Hospital B,1,1,0.23800609,1.4354591,1.0,0.9978047632689694,1e-05
HB-0773,Hospital B,1,1,0.099775255,2.304835,1.0,0.9978047632689694,1e-05
HB-0774,Hospital B,1,0,0.11729261,2.1430836,1.0,0.9978047632689694,1e-05
HB-0775,Hospital B,1,1,0.16712843,1.7889928,1.0,0.9978047632689694,1e-05
HB-0776,Hospital B,0,1,0.3489117,0.42911005,1.0,0.9978047632689694,1e-05
HB-0777,Hospital B,0,1,0.1447464,0.15635729,1.0,0.9978047632689694,1e-05
HB-0778,Hospital B,0,0,0.20019588,0.22338843,1.0,0.9978047632689694,1e-05
HB-0779,Hospital B,0,0,0.16975218,0.18603098,1.0,0.9978047632689694,1e-05
HB-0780,Hospital B,1,1,0.12529418,2.077091,1.0,0.9978047632689694,1e-05
HB-0781,Hospital B,1,0,0.1360443,1.9947747,1.0,0.9978047632689694,1e-05
HB-0782,Hospital B,1,1,0.14937599,1.9012887,1.0,0.9978047632689694,1e-05
HB-0783,Hospital B,0,0,0.092749335,0.09733653,1.0,0.9978047632689694,1e-05
HB-0784,Hospital B,1,0,0.116166286,2.1527326,1.0,0.9978047632689694,1e-05
HB-0785,Hospital B,0,1,0.15269351,0.1656928,1.0,0.9978047632689694,1e-05
HB-0786,Hospital B,0,1,0.071990244,0.07471299,1.0,0.9978047632689694,1e-05
HB-0787,Hospital B,0,1,0.25340596,0.2922337,1.0,0.9978047632689694,1e-05
HB-0788,Hospital B,1,0,0.1595736,1.83525,1.0,0.9978047632689694,1e-05
HB-0789,Hospital B,1,0,0.21077599,1.5569594,1.0,0.9978047632689694,1e-05
HB-0790,Hospital B,0,1,0.15054068,0.1631552,1.0,0.9978047632689694,1e-05
HB-0791,Hospital B,0,0,0.17043214,0.18685031,1.0,0.9978047632689694,1e-05
HB-0792,Hospital B,1,1,0.17220734,1.7590561,1.0,0.9978047632689694,1e-05
HB-0793,Hospital B,1,0,0.42822537,0.8481057,1.0,0.9978047632689694,1e-05
HB-0794,Hospital B,0,1,0.18861815,0.20901656,1.0,0.9978047632689694,1e-05
HB-0795,Hospital B,1,1,0.29981148,1.2046014,1.0,0.9978047632689694,1e-05
HB-0796,Hospital B,1,0,0.14139467,1.9562002,1.0,0.9978047632689694,1e-05
HB-0797,Hospital B,1,1,0.22461292,1.4933767,1.0,0.9978047632689694,1e-05
HB-0798,Hospital B,1,1,0.19706859,1.6242036,1.0,0.9978047632689694,1e-05
HB-0799,Hospital B,0,1,0.26950017,0.3140263,1.0,0.9978047632689694,1e-05
HB-0800,Hospital B,0,0,0.14153376,0.15260792,1.0,0.9978047632689694,1e-05
HB-0801,Hospital B,1,1,0.3274365,1.1164612,1.0,0.9978047632689694,1e-05
HB-0802,Hospital B,0,0,0.11686134,0.12427306,1.0,0.9978047632689694,1e-05
HB-0803,Hospital B,1,0,0.16374083,1.8094703,1.0,0.9978047632689694,1e-05
HB-0804,Hospital B,0,0,0.20506498,0.22949493,1.0,0.9978047632689694,1e-05
HB-0805,Hospital B,0,1,0.09146929,0.09592652,1.0,0.9978047632689694,1e-05
HB-0806,Hospital B,1,0,0.2618882,1.3398376,1.0,0.9978047632689694,1e-05
HB-0807,Hospital B,1,1,0.42176223,0.8633135,1.0,0.9978047632689694,1e-05
HB-0808,Hospital B,1,1,0.2559805,1.3626541,1.0,0.9978047632689694,1e-05
HB-0809,Hospital B,1,1,0.13642563,1.9919757,1.0,0.9978047632689694,1e-05
HB-0810,Hospital B,1,0,0.2497835,1.3871608,1.0,0.9978047632689694,1e-05
HB-0811,Hospital B,1,1,0.16790365,1.7843649,1.0,0.9978047632689694,1e-05
HB-0812,Hospital B,1,0,0.23273301,1.4578633,1.0,0.9978047632689694,1e-05
HB-0813,Hospital B,1,1,0.17103434,1.765891,1.0,0.9978047632689694,1e-05
HB-0814,Hospital B,1,1,0.23349677,1.454587,1.0,0.9978047632689694,1e-05
HB-0815,Hospital B,1,1,0.26856825,1.3146503,1.0,0.9978047632689694,1e-05
HB-0816,Hospital B,0,1,0.22584593,0.2559843,1.0,0.9978047632689694,1e-05
HB-0817,Hospital B,0,0,0.16350535,0.1785351,1.0,0.9978047632689694,1e-05
HB-0818,Hospital B,1,1,0.10560507,2.2480488,1.0,0.9978047632689694,1e-05
HB-0819,Hospital B,0,0,0.19648314,0.21875715,1.0,0.9978047632689694,1e-05
HB-0820,Hospital B,0,0,0.1101852,0.116741896,1.0,0.9978047632689694,1e-05
HB-0821,Hospital B,0,0,0.13012643,0.1394074,1.0,0.9978047632689694,1e-05
HB-0822,Hospital B,0,1,0.1263359,0.13505924,1.0,0.9978047632689694,1e-05
HB-0823,Hospital B,0,1,0.113259435,0.12020278,1.0,0.9978047632689694,1e-05
HB-0824,Hospital B,1,0,0.34262973,1.0711049,1.0,0.9978047632689694,1e-05
HB-0825,Hospital B,1,1,0.2629438,1.335815,1.0,0.9978047632689694,1e-05
HB-0826,Hospital B,1,1,0.15366696,1.8729676,1.0,0.9978047632689694,1e-05
HB-0827,Hospital B,1,1,0.34562945,1.062388,1.0,0.9978047632689694,1e-05
HB-0828,Hospital B,0,1,0.1566255,0.17034411,1.0,0.9978047632689694,1e-05
HB-0829,Hospital B,0,1,0.09690996,0.101933,1.0,0.9978047632689694,1e-05
HB-0830,Hospital B,1,0,0.2461017,1.4020104,1.0,0.9978047632689694,1e-05
HB-0831,Hospital B,1,0,0.21653944,1.5299826,1.0,0.9978047632689694,1e-05
HB-0832,Hospital B,0,1,0.10410965,0.10993719,1.0,0.9978047632689694,1e-05
HB-0833,Hospital B,1,0,0.22128575,1.5083004,1.0,0.9978047632689694,1e-05
HB-0834,Hospital B,0,1,0.09109673,0.09551668,1.0,0.9978047632689694,1e-05
HB-0835,Hospital B,0,0,0.08710645,0.09113598,1.0,0.9978047632689694,1e-05
HB-0836,Hospital B,0,0,0.08704691,0.09107065,1.0,0.9978047632689694,1e-05
HB-0837,Hospital B,1,0,0.22432154,1.4946748,1.0,0.9978047632689694,1e-05
HB-0838,Hospital B,1,0,0.32653677,1.1192127,1.0,0.9978047632689694,1e-05
HB-0839,Hospital B,1,0,0.16801938,1.7836759,1.0,0.9978047632689694,1e-05
HB-0840,Hospital B,0,1,0.17357107,0.1906414,1.0,0.9978047632689694,1e-05
HB-0841,Hospital B,1,0,0.21603566,1.5323117,1.0,0.9978047632689694,1e-05
HB-0842,Hospital B,1,0,0.23326015,1.4556009,1.0,0.9978047632689694,1e-05
HB-0843,Hospital B,1,0,0.24239202,1.417199,1.0,0.9978047632689694,1e-05
HB-0844,Hospital B,1,0,0.32583207,1.1213732,1.0,0.9978047632689694,1e-05
HB-0845,Hospital B,1,0,0.17769514,1.7276859,1.0,0.9978047632689694,1e-05
HB-0846,Hospital B,1,0,0.17769806,1.7276695,1.0,0.9978047632689694,1e-05
HB-0847,Hospital B,0,0,0.15870437,0.1728121,1.0,0.9978047632689694,1e-05
HB-0848,Hospital B,1,1,0.12865812,2.0505967,1.0,0.9978047632689694,1e-05
HB-0849,Hospital B,0,0,0.13108829,0.14051366,1.0,0.9978047632689694,1e-05
HB-0850,Hospital B,0,0,0.2727803,0.3185267,1.0,0.9978047632689694,1e-05
HB-0851,Hospital B,0,0,0.11468046,0.12180662,1.0,0.9978047632689694,1e-05
HB-0852,Hospital B,0,0,0.08688944,0.090898275,1.0,0.9978047632689694,1e-05
HB-0853,Hospital B,1,0,0.12877752,2.049669,1.0,0.9978047632689694,1e-05
HB-0854,Hospital B,0,0,0.1755337,0.19301903,1.0,0.9978047632689694,1e-05
HB-0855,Hospital B,1,1,0.12544219,2.0759103,1.0,0.9978047632689694,1e-05
HB-0856,Hospital B,0,1,0.16425152,0.17942762,1.0,0.9978047632689694,1e-05
HB-0857,Hospital B,1,0,0.13424566,2.0080838,1.0,0.9978047632689694,1e-05
HB-0858,Hospital B,0,1,0.17466478,0.19196558,1.0,0.9978047632689694,1e-05
HB-0859,Hospital B,0,0,0.12114553,0.12913585,1.0,0.9978047632689694,1e-05
HB-0860,Hospital B,1,1,0.21702819,1.5277281,1.0,0.9978047632689694,1e-05
HB-0861,Hospital B,1,0,0.18246187,1.7012141,1.0,0.9978047632689694,1e-05
HB-0862,Hospital B,1,0,0.142358,1.9494102,1.0,0.9978047632689694,1e-05
HB-0863,Hospital B,1,1,0.3395821,1.0800395,1.0,0.9978047632689694,1e-05
HB-0864,Hospital B,0,0,0.10626161,0.11234212,1.0,0.9978047632689694,1e-05
HB-0865,Hospital B,0,0,0.27827173,0.32610655,1.0,0.9978047632689694,1e-05
HB-0866,Hospital B,0,1,0.32929865,0.3994313,1.0,0.9978047632689694,1e-05
HB-0867,Hospital B,0,1,0.12482247,0.13332844,1.0,0.9978047632689694,1e-05
HB-0868,Hospital B,1,0,0.5090792,0.67515165,1.0,0.9978047632689694,1e-05
HB-0869,Hospital B,0,1,0.14714004,0.1591599,1.0,0.9978047632689694,1e-05
HB-0870,Hospital B,0,1,0.10047659,0.105890274,1.0,0.9978047632689694,1e-05
HB-0871,Hospital B,0,0,0.18292381,0.20202291,1.0,0.9978047632689694,1e-05
HB-0872,Hospital B,0,1,0.31349367,0.37613982,1.0,0.9978047632689694,1e-05
HB-0873,Hospital B,0,1,0.12434802,0.13278651,1.0,0.9978047632689694,1e-05
HB-0874,Hospital B,0,0,0.22610584,0.25632012,1.0,0.9978047632689694,1e-05
HB-0875,Hospital B,0,0,0.0974918,0.10257745,1.0,0.9978047632689694,1e-05
HB-0876,Hospital B,0,0,0.24216849,0.27729416,1.0,0.9978047632689694,1e-05
HB-0877,Hospital B,1,1,0.15083995,1.8915359,1.0,0.9978047632689694,1e-05
HB-0878,Hospital B,0,0,0.22106126,0.24982285,1.0,0.9978047632689694,1e-05
HB-0879,Hospital B,1,0,0.23443237,1.4505882,1.0,0.9978047632689694,1e-05
HB-0880,Hospital B,0,0,0.10983307,0.11634636,1.0,0.9978047632689694,1e-05
HB-0881,Hospital B,0,1,0.09623373,0.10118461,1.0,0.9978047632689694,1e-05
HB-0882,Hospital B,1,0,0.18212374,1.703069,1.0,0.9978047632689694,1e-05
HB-0883,Hospital B,1,0,0.11332409,2.1775036,1.0,0.9978047632689694,1e-05
HB-0884,Hospital B,1,0,0.1610911,1.8257852,1.0,0.9978047632689694,1e-05
HB-0885,Hospital B,1,0,0.30925375,1.1735932,1.0,0.9978047632689694,1e-05
HB-0886,Hospital B,1,0,0.16219005,1.8189864,1.0,0.9978047632689694,1e-05
HB-0887,Hospital B,0,0,0.12502529,0.13356018,1.0,0.9978047632689694,1e-05
HB-0888,Hospital B,1,0,0.23274235,1.4578233,1.0,0.9978047632689694,1e-05
HB-0889,Hospital B,1,1,0.21030726,1.5591856,1.0,0.9978047632689694,1e-05
HB-0890,Hospital B,0,0,0.09843192,0.103619814,1.0,0.9978047632689694,1e-05
HB-0891,Hospital B,0,1,0.19933297,0.22231007,1.0,0.9978047632689694,1e-05
HB-0892,Hospital B,1,1,0.15050931,1.8937304,1.0,0.9978047632689694,1e-05
HB-0893,Hospital B,1,0,0.1112429,2.1960392,1.0,0.9978047632689694,1e-05
HB-0894,Hospital B,1,1,0.12876472,2.0497684,1.0,0.9978047632689694,1e-05
HB-0895,Hospital B,1,1,0.3361256,1.0902704,1.0,0.9978047632689694,1e-05
HB-0896,Hospital B,0,1,0.08641825,0.09038234,1.0,0.9978047632689694,1e-05
HB-0897,Hospital B,0,0,0.15505838,0.16848779,1.0,0.9978047632689694,1e-05
HB-0898,Hospital B,0,1,0.23016241,0.2615757,1.0,0.9978047632689694,1e-05
HB-0899,Hospital B,1,1,0.18207473,1.7033381,1.0,0.9978047632689694,1e-05
HB-0900,Hospital B,0,0,0.17272039,0.18961251,1.0,0.9978047632689694,1e-05
HB-0901,Hospital B,0,1,0.12344536,0.1317563,1.0,0.9978047632689694,1e-05
HB-0902,Hospital B,1,0,0.14716081,1.9162292,1.0,0.9978047632689694,1e-05
HB-0903,Hospital B,0,1,0.11195219,0.11872959,1.0,0.9978047632689694,1e-05
HB-0904,Hospital B,0,1,0.17972893,0.19812036,1.0,0.9978047632689694,1e-05
HB-0905,Hospital B,0,1,0.24948494,0.28699565,1.0,0.9978047632689694,1e-05
HB-0906,Hospital B,1,1,0.1359821,1.9952321,1.0,0.9978047632689694,1e-05
HB-0907,Hospital B,1,1,0.21340139,1.5445805,1.0,0.9978047632689694,1e-05
HB-0908,Hospital B,1,0,0.19131276,1.6538457,1.0,0.9978047632689694,1e-05
HB-0909,Hospital B,1,0,0.3486807,1.0535986,1.0,0.9978047632689694,1e-05
HB-0910,Hospital B,0,0,0.1587741,0.17289507,1.0,0.9978047632689694,1e-05
HB-0911,Hospital B,1,1,0.21548812,1.5348495,1.0,0.9978047632689694,1e-05
HB-0912,Hospital B,0,1,0.10198604,0.107569695,1.0,0.9978047632689694,1e-05
HB-0913,Hospital B,0,0,0.15711285,0.17092216,1.0,0.9978047632689694,1e-05
HB-0914,Hospital B,1,1,0.14451532,1.9343698,1.0,0.9978047632689694,1e-05
HB-0915,Hospital B,0,1,0.13406397,0.14394414,1.0,0.9978047632689694,1e-05
HB-0916,Hospital B,0,1,0.15188707,0.16474152,1.0,0.9978047632689694,1e-05
HB-0917,Hospital B,0,1,0.099804215,0.10514307,1.0,0.9978047632689694,1e-05
HB-0918,Hospital B,1,1,0.22498819,1.4917073,1.0,0.9978047632689694,1e-05
HB-0919,Hospital B,0,0,0.26869872,0.31292975,1.0,0.9978047632689694,1e-05
HB-0920,Hospital B,1,1,0.2101904,1.5597414,1.0,0.9978047632689694,1e-05
HB-0921,Hospital B,0,1,0.11106675,0.11773324,1.0,0.9978047632689694,1e-05
HB-0922,Hospital B,1,1,0.1667851,1.791049,1.0,0.9978047632689694,1e-05
HB-0923,Hospital B,1,0,0.13578346,1.996694,1.0,0.9978047632689694,1e-05
HB-0924,Hospital B,0,0,0.13727461,0.14765882,1.0,0.9978047632689694,1e-05
HB-0925,Hospital B,0,1,0.12394661,0.13232827,1.0,0.9978047632689694,1e-05
HB-0926,Hospital B,1,0,0.16128697,1.8245701,1.0,0.9978047632689694,1e-05
HB-0927,Hospital B,0,1,0.10712358,0.113307,1.0,0.9978047632689694,1e-05
HB-0928,Hospital B,1,0,0.27029842,1.3082287,1.0,0.9978047632689694,1e-05
HB-0929,Hospital B,1,1,0.10269226,2.2760186,1.0,0.9978047632689694,1e-05
HB-0930,Hospital B,0,0,0.079816364,0.0831821,1.0,0.9978047632689694,1e-05
HB-0931,Hospital B,0,0,0.12294635,0.1311872,1.0,0.9978047632689694,1e-05
HB-0932,Hospital B,1,1,0.25596848,1.3627009,1.0,0.9978047632689694,1e-05
HB-0933,Hospital B,0,0,0.10541568,0.111396074,1.0,0.9978047632689694,1e-05
HB-0934,Hospital B,1,1,0.17490527,1.7435107,1.0,0.9978047632689694,1e-05
HB-0935,Hospital B,1,1,0.1588095,1.84005,1.0,0.9978047632689694,1e-05
HB-0936,Hospital B,1,1,0.1496088,1.8997314,1.0,0.9978047632689694,1e-05
HB-0937,Hospital B,1,0,0.17699884,1.7316121,1.0,0.9978047632689694,1e-05
HB-0938,Hospital B,0,0,0.23409289,0.2666943,1.0,0.9978047632689694,1e-05
HB-0939,Hospital B,0,0,0.08613202,0.090069056,1.0,0.9978047632689694,1e-05
HB-0940,Hospital B,1,0,0.21415913,1.5410359,1.0,0.9978047632689694,1e-05
HB-0941,Hospital B,0,0,0.18300551,0.20212293,1.0,0.9978047632689694,1e-05
HB-0942,Hospital B,0,0,0.09856067,0.10376263,1.0,0.9978047632689694,1e-05
HB-0943,Hospital B,1,0,0.19369113,1.6414905,1.0,0.9978047632689694,1e-05
HB-0944,Hospital B,1,0,0.3650589,1.0076966,1.0,0.9978047632689694,1e-05
HB-0945,Hospital B,0,1,0.0616353,0.063616514,1.0,0.9978047632689694,1e-05
HB-0946,Hospital B,0,1,0.2123314,0.23867786,1.0,0.9978047632689694,1e-05
HB-0947,Hospital B,0,0,0.21803774,0.24594879,1.0,0.9978047632689694,1e-05
HB-0948,Hospital B,1,0,0.36754996,1.0008961,1.0,0.9978047632689694,1e-05
HB-0949,Hospital B,1,1,0.13789874,1.9812356,1.0,0.9978047632689694,1e-05
HB-0950,Hospital B,1,1,0.09721767,2.3308027,1.0,0.9978047632689694,1e-05
HB-0951,Hospital B,1,0,0.23651196,1.4417565,1.0,0.9978047632689694,1e-05
HB-0952,Hospital B,0,1,0.1630357,0.17797387,1.0,0.9978047632689694,1e-05
HB-0953,Hospital B,1,0,0.20165141,1.6012149,1.0,0.9978047632689694,1e-05
HB-0954,Hospital B,1,1,0.2215135,1.5072718,1.0,0.9978047632689694,1e-05
HB-0955,Hospital B,1,0,0.24778894,1.395178,1.0,0.9978047632689694,1e-05
HB-0956,Hospital B,1,0,0.16996685,1.7721518,1.0,0.9978047632689694,1e-05
HB-0957,Hospital B,0,0,0.15092546,0.16360831,1.0,0.9978047632689694,1e-05
HB-0958,Hospital B,1,1,0.17117076,1.7650937,1.0,0.9978047632689694,1e-05
HB-0959,Hospital B,0,1,0.1948053,0.21667111,1.0,0.9978047632689694,1e-05
HB-0960,Hospital B,1,0,0.1506359,1.8928896,1.0,0.9978047632689694,1e-05
HB-0961,Hospital B,1,0,0.32398668,1.1270528,1.0,0.9978047632689694,1e-05
HB-0962,Hospital B,0,0,0.18028384,0.1987971,1.0,0.9978047632689694,1e-05
HB-0963,Hospital B,0,0,0.15303677,0.166098,1.0,0.9978047632689694,1e-05
HB-0964,Hospital B,1,0,0.15508893,1.8637565,1.0,0.9978047632689694,1e-05
HB-0965,Hospital B,0,0,0.22500515,0.2548989,1.0,0.9978047632689694,1e-05
HB-0966,Hospital B,0,0,0.24020508,0.27470672,1.0,0.9978047632689694,1e-05
HB-0967,Hospital B,1,1,0.24646772,1.4005243,1.0,0.9978047632689694,1e-05
HB-0968,Hospital B,0,1,0.118094504,0.12567043,1.0,0.9978047632689694,1e-05
HB-0969,Hospital B,1,1,0.22509055,1.4912525,1.0,0.9978047632689694,1e-05
HB-0970,Hospital B,0,1,0.103290334,0.109023094,1.0,0.9978047632689694,1e-05
HB-0971,Hospital B,0,1,0.17242463,0.18925512,1.0,0.9978047632689694,1e-05
HB-0972,Hospital B,1,1,0.15973279,1.8342528,1.0,0.9978047632689694,1e-05
HB-0973,Hospital B,1,0,0.32928714,1.1108251,1.0,0.9978047632689694,1e-05
HB-0974,Hospital B,0,1,0.09791475,0.10304618,1.0,0.9978047632689694,1e-05
HB-0975,Hospital B,0,0,0.36952817,0.46128684,1.0,0.9978047632689694,1e-05
HB-0976,Hospital B,0,0,0.41043976,0.52837837,1.0,0.9978047632689694,1e-05
HB-0977,Hospital B,1,1,0.26362273,1.3332362,1.0,0.9978047632689694,1e-05
HB-0978,Hospital B,1,1,0.120616384,2.1151402,1.0,0.9978047632689694,1e-05
HB-0979,Hospital B,1,0,0.14803216,1.9103258,1.0,0.9978047632689694,1e-05
HB-0980,Hospital B,0,1,0.11366892,0.1206646,1.0,0.9978047632689694,1e-05
HB-0981,Hospital B,0,1,0.26573813,0.30888963,1.0,0.9978047632689694,1e-05
HB-0982,Hospital B,0,0,0.1284992,0.13753855,1.0,0.9978047632689694,1e-05
HB-0983,Hospital B,1,1,0.17699628,1.7316266,1.0,0.9978047632689694,1e-05
HB-0984,Hospital B,1,1,0.14382069,1.939188,1.0,0.9978047632689694,1e-05
HB-0985,Hospital B,1,0,0.200629,1.606298,1.0,0.9978047632689694,1e-05
HB-0986,Hospital B,0,1,0.21159369,0.23774171,1.0,0.9978047632689694,1e-05
HB-0987,Hospital B,0,1,0.17099674,0.18753123,1.0,0.9978047632689694,1e-05
HB-0988,Hospital B,0,1,0.12502156,0.13355613,1.0,0.9978047632689694,1e-05
HB-0989,Hospital B,1,0,0.14892294,1.9043263,1.0,0.9978047632689694,1e-05
HB-0990,Hospital B,0,1,0.16496535,0.180282,1.0,0.9978047632689694,1e-05
HB-0991,Hospital B,0,1,0.090340465,0.09468484,1.0,0.9978047632689694,1e-05
HB-0992,Hospital B,0,1,0.16902424,0.18515468,1.0,0.9978047632689694,1e-05
HB-0993,Hospital B,1,0,0.29363346,1.2254231,1.0,0.9978047632689694,1e-05
HB-0994,Hospital B,1,0,0.4167067,0.8753726,1.0,0.9978047632689694,1e-05
HB-0995,Hospital B,0,1,0.19805184,0.22071135,1.0,0.9978047632689694,1e-05
HB-0996,Hospital B,1,1,0.13195749,2.0252755,1.0,0.9978047632689694,1e-05
HB-0997,Hospital B,1,1,0.12000359,2.1202335,1.0,0.9978047632689694,1e-05
HB-0998,Hospital B,1,1,0.08715582,2.4400578,1.0,0.9978047632689694,1e-05
HB-0999,Hospital B,1,0,0.11465312,2.1658442,1.0,0.9978047632689694,1e-05
HB-1000,Hospital B,1,0,0.101374164,2.288937,1.0,0.9978047632689694,1e-05
HA-0001,Hospital A,0,0,0.116742186,0.12413812,3.0,2.998665615055469,1e-05
HA-0002,Hospital A,0,0,0.12832251,0.13733578,3.0,2.998665615055469,1e-05
HA-0003,Hospital A,0,1,0.08186796,0.08541417,3.0,2.998665615055469,1e-05
HA-0004,Hospital A,0,1,0.09136629,0.095813274,3.0,2.998665615055469,1e-05
HA-0005,Hospital A,0,0,0.06395691,0.06609368,3.0,2.998665615055469,1e-05
HA-0006,Hospital A,0,1,0.03700292,0.037704945,3.0,2.998665615055469,1e-05
HA-0007,Hospital A,0,1,0.055818506,0.057436943,3.0,2.998665615055469,1e-05
HA-0008,Hospital A,0,1,0.041920364,0.04282427,3.0,2.998665615055469,1e-05
HA-0009,Hospital A,0,0,0.0407478,0.04160118,3.0,2.998665615055469,1e-05
HA-0010,Hospital A,0,1,0.120085225,0.12793016,3.0,2.998665615055469,1e-05
HA-0011,Hospital A,1,1,0.09269213,2.3784716,3.0,2.998665615055469,1e-05
HA-0012,Hospital A,0,1,0.09655133,0.101536036,3.0,2.998665615055469,1e-05
HA-0013,Hospital A,1,1,0.32979167,1.1092942,3.0,2.998665615055469,1e-05
HA-0014,Hospital A,0,0,0.06691117,0.069254875,3.0,2.998665615055469,1e-05
HA-0015,Hospital A,0,1,0.026648814,0.02701044,3.0,2.998665615055469,1e-05
HA-0016,Hospital A,0,0,0.064647205,0.06683159,3.0,2.998665615055469,1e-05
HA-0017,Hospital A,0,0,0.08659747,0.090578556,3.0,2.998665615055469,1e-05
HA-0018,Hospital A,0,0,0.10613083,0.11219597,3.0,2.998665615055469,1e-05
HA-0019,Hospital A,1,0,0.055589955,2.8897529,3.0,2.998665615055469,1e-05
HA-0020,Hospital A,1,0,0.30441436,1.1893654,3.0,2.998665615055469,1e-05
HA-0021,Hospital A,0,0,0.064755194,0.06694698,3.0,2.998665615055469,1e-05
HA-0022,Hospital A,1,1,0.21312052,1.5458975,3.0,2.998665615055469,1e-05
HA-0023,Hospital A,0,0,0.0857755,0.089679,3.0,2.998665615055469,1e-05
HA-0024,Hospital A,0,0,0.03996516,0.04078579,3.0,2.998665615055469,1e-05
HA-0025,Hospital A,0,0,0.030502202,0.03097701,3.0,2.998665615055469,1e-05
HA-0026,Hospital A,0,0,0.038114004,0.038859367,3.0,2.998665615055469,1e-05
HA-0027,Hospital A,0,0,0.13259405,0.14224815,3.0,2.998665615055469,1e-05
HA-0028,Hospital A,0,0,0.042062726,0.04297304,3.0,2.998665615055469,1e-05
HA-0029,Hospital A,0,1,0.03612861,0.036797285,3.0,2.998665615055469,1e-05
HA-0030,Hospital A,1,1,0.08549459,2.4593022,3.0,2.998665615055469,1e-05
HA-0031,Hospital A,0,0,0.10449836,0.11037135,3.0,2.998665615055469,1e-05
HA-0032,Hospital A,1,0,0.15890394,1.8394554,3.0,2.998665615055469,1e-05
HA-0033,Hospital A,0,1,0.034931816,0.035556555,3.0,2.998665615055469,1e-05
HA-0034,Hospital A,1,1,0.06957694,2.665322,3.0,2.998665615055469,1e-05
HA-0035,Hospital A,0,0,0.07754017,0.080711365,3.0,2.998665615055469,1e-05
HA-0036,Hospital A,0,1,0.046207618,0.04730916,3.0,2.998665615055469,1e-05
HA-0037,Hospital A,1,1,0.10282804,2.274697,3.0,2.998665615055469,1e-05
HA-0038,Hospital A,0,0,0.069252424,0.07176709,3.0,2.998665615055469,1e-05
HA-0039,Hospital A,0,1,0.03097596,0.03146577,3.0,2.998665615055469,1e-05
HA-0040,Hospital A,0,1,0.15052894,0.16314137,3.0,2.998665615055469,1e-05
HA-0041,Hospital A,0,1,0.06682845,0.06916618,3.0,2.998665615055469,1e-05
HA-0042,Hospital A,0,1,0.067197956,0.0695622,3.0,2.998665615055469,1e-05
HA-0043,Hospital A,0,1,0.09024345,0.094578266,3.0,2.998665615055469,1e-05
HA-0044,Hospital A,1,1,0.110249735,2.205007,3.0,2.998665615055469,1e-05
HA-0045,Hospital A,0,0,0.046808906,0.047939777,3.0,2.998665615055469,1e-05
HA-0046,Hospital A,0,0,0.08530383,0.0891633,3.0,2.998665615055469,1e-05
HA-0047,Hospital A,1,0,0.2680175,1.3167031,3.0,2.998665615055469,1e-05
HA-0048,Hospital A,1,0,0.10006516,2.3019338,3.0,2.998665615055469,1e-05
HA-0049,Hospital A,0,0,0.10684896,0.11299968,3.0,2.998665615055469,1e-05
HA-0050,Hospital A,0,0,0.08411879,0.08786869,3.0,2.998665615055469,1e-05
HA-0051,Hospital A,0,0,0.07314686,0.07596016,3.0,2.998665615055469,1e-05
HA-0052,Hospital A,0,1,0.07943382,0.082766294,3.0,2.998665615055469,1e-05
HA-0053,Hospital A,1,0,0.07302446,2.6169608,3.0,2.998665615055469,1e-05
HA-0054,Hospital A,0,0,0.04331017,0.044276,3.0,2.998665615055469,1e-05
HA-0055,Hospital A,0,0,0.05448749,0.056028128,3.0,2.998665615055469,1e-05
HA-0056,Hospital A,0,0,0.037893705,0.038630247,3.0,2.998665615055469,1e-05
HA-0057,Hospital A,0,1,0.10655127,0.11266637,3.0,2.998665615055469,1e-05
HA-0058,Hospital A,0,1,0.118438154,0.12606001,3.0,2.998665615055469,1e-05
HA-0059,Hospital A,0,0,0.045778107,0.046859026,3.0,2.998665615055469,1e-05
HA-0060,Hospital A,0,0,0.16244508,0.17726839,3.0,2.998665615055469,1e-05
HA-0061,Hospital A,0,1,0.1367114,0.14700627,3.0,2.998665615055469,1e-05
HA-0062,Hospital A,0,0,0.02858499,0.029001474,3.0,2.998665615055469,1e-05
HA-0063,Hospital A,0,1,0.04847243,0.04968667,3.0,2.998665615055469,1e-05
HA-0064,Hospital A,0,0,0.070256606,0.07284665,3.0,2.998665615055469,1e-05
HA-0065,Hospital A,0,1,0.11065757,0.117272854,3.0,2.998665615055469,1e-05
HA-0066,Hospital A,0,0,0.20180862,0.22540689,3.0,2.998665615055469,1e-05
HA-0067,Hospital A,1,1,0.100116506,2.3014207,3.0,2.998665615055469,1e-05
HA-0068,Hospital A,1,1,0.07842628,2.5455961,3.0,2.998665615055469,1e-05
HA-0069,Hospital A,0,0,0.08486499,0.088683605,3.0,2.998665615055469,1e-05
HA-0070,Hospital A,0,1,0.15570892,0.169258,3.0,2.998665615055469,1e-05
HA-0071,Hospital A,1,0,0.09059563,2.4013493,3.0,2.998665615055469,1e-05
HA-0072,Hospital A,0,1,0.06797544,0.070396185,3.0,2.998665615055469,1e-05
HA-0073,Hospital A,0,1,0.08363327,0.087338686,3.0,2.998665615055469,1e-05
HA-0074,Hospital A,0,0,0.04402162,0.045019865,3.0,2.998665615055469,1e-05
HA-0075,Hospital A,1,0,0.26055464,1.3449426,3.0,2.998665615055469,1e-05
HA-0076,Hospital A,0,1,0.1326536,0.14231682,3.0,2.998665615055469,1e-05
HA-0077,Hospital A,0,1,0.034037635,0.0346303,3.0,2.998665615055469,1e-05
HA-0078,Hospital A,0,1,0.097244896,0.10230398,3.0,2.998665615055469,1e-05
HA-0079,Hospital A,0,0,0.14056142,0.1514759,3.0,2.998665615055469,1e-05
HA-0080,Hospital A,0,1,0.070558704,0.073171616,3.0,2.998665615055469,1e-05
HA-0081,Hospital A,0,1,0.088694505,0.09287715,3.0,2.998665615055469,1e-05
HA-0082,Hospital A,0,0,0.08933623,0.09358144,3.0,2.998665615055469,1e-05
HA-0083,Hospital A,0,1,0.085383095,0.08925009,3.0,2.998665615055469,1e-05
HA-0084,Hospital A,0,1,0.07087906,0.07351637,3.0,2.998665615055469,1e-05
HA-0085,Hospital A,0,1,0.034981508,0.035608053,3.0,2.998665615055469,1e-05
HA-0086,Hospital A,1,1,0.12711291,2.0626795,3.0,2.998665615055469,1e-05
HA-0087,Hospital A,0,0,0.09024847,0.09458375,3.0,2.998665615055469,1e-05
HA-0088,Hospital A,1,1,0.0543855,2.9116578,3.0,2.998665615055469,1e-05
HA-0089,Hospital A,1,0,0.14262925,1.9475067,3.0,2.998665615055469,1e-05
HA-0090,Hospital A,0,0,0.28494218,0.33539188,3.0,2.998665615055469,1e-05
HA-0091,Hospital A,0,1,0.041132957,0.042002916,3.0,2.998665615055469,1e-05
HA-0092,Hospital A,0,1,0.05110404,0.05245614,3.0,2.998665615055469,1e-05
HA-0093,Hospital A,1,1,0.21749423,1.525583,3.0,2.998665615055469,1e-05
HA-0094,Hospital A,0,1,0.095307864,0.1001606,3.0,2.998665615055469,1e-05
HA-0095,Hospital A,0,0,0.058341216,0.060112238,3.0,2.998665615055469,1e-05
HA-0096,Hospital A,1,0,0.15668572,1.8535132,3.0,2.998665615055469,1e-05
HA-0097,Hospital A,0,0,0.052721415,0.054162025,3.0,2.998665615055469,1e-05
HA-0098,Hospital A,1,0,0.11154988,2.1932836,3.0,2.998665615055469,1e-05
HA-0099,Hospital A,0,0,0.11851391,0.12614608,3.0,2.998665615055469,1e-05
HA-0100,Hospital A,0,1,0.03230696,0.032840252,3.0,2.998665615055469,1e-05
HA-0101,Hospital A,0,1,0.05434582,0.0558784,3.0,2.998665615055469,1e-05
HA-0102,Hospital A,0,1,0.109892786,0.116413355,3.0,2.998665615055469,1e-05
HA-0103,Hospital A,0,0,0.04922611,0.050478935,3.0,2.998665615055469,1e-05
HA-0104,Hospital A,1,1,0.07909813,2.537066,3.0,2.998665615055469,1e-05
HA-0105,Hospital A,0,1,0.07797111,0.081178665,3.0,2.998665615055469,1e-05
HA-0106,Hospital A,0,1,0.18768029,0.2078613,3.0,2.998665615055469,1e-05
HA-0107,Hospital A,1,0,0.11431316,2.1688135,3.0,2.998665615055469,1e-05
HA-0108,Hospital A,0,1,0.21760623,0.24539709,3.0,2.998665615055469,1e-05
HA-0109,Hospital A,0,1,0.06629034,0.06858969,3.0,2.998665615055469,1e-05
HA-0110,Hospital A,0,1,0.06422645,0.06638169,3.0,2.998665615055469,1e-05
HA-0111,Hospital A,0,0,0.048614454,0.04983592,3.0,2.998665615055469,1e-05
HA-0112,Hospital A,0,1,0.097753555,0.1028676,3.0,2.998665615055469,1e-05
HA-0113,Hospital A,0,0,0.04153502,0.042422295,3.0,2.998665615055469,1e-05
HA-0114,Hospital A,0,1,0.061403397,0.06336951,3.0,2.998665615055469,1e-05
HA-0115,Hospital A,0,0,0.047460902,0.04862404,3.0,2.998665615055469,1e-05
HA-0116,Hospital A,0,0,0.090964496,0.09537101,3.0,2.998665615055469,1e-05
HA-0117,Hospital A,1,0,0.14242192,1.9489614,3.0,2.998665615055469,1e-05
HA-0118,Hospital A,0,0,0.062410578,0.06444311,3.0,2.998665615055469,1e-05
HA-0119,Hospital A,1,0,0.14742056,1.9144659,3.0,2.998665615055469,1e-05
HA-0120,Hospital A,0,1,0.043757565,0.044743776,3.0,2.998665615055469,1e-05
HA-0121,Hospital A,1,1,0.16168383,1.8221126,3.0,2.998665615055469,1e-05
HA-0122,Hospital A,0,0,0.059420947,0.061259508,3.0,2.998665615055469,1e-05
HA-0123,Hospital A,0,1,0.060604535,0.062518835,3.0,2.998665615055469,1e-05
HA-0124,Hospital A,0,0,0.07421776,0.07711625,3.0,2.998665615055469,1e-05
HA-0125,Hospital A,0,1,0.120189734,0.1280489,3.0,2.998665615055469,1e-05
HA-0126,Hospital A,1,0,0.09967829,2.3058074,3.0,2.998665615055469,1e-05
HA-0127,Hospital A,0,1,0.13390844,0.14376473,3.0,2.998665615055469,1e-05
HA-0128,Hospital A,0,0,0.040140484,0.040968418,3.0,2.998665615055469,1e-05
HA-0129,Hospital A,0,0,0.08537397,0.089240074,3.0,2.998665615055469,1e-05
HA-0130,Hospital A,0,1,0.059532348,0.061378002,3.0,2.998665615055469,1e-05
HA-0131,Hospital A,0,1,0.081194185,0.08468056,3.0,2.998665615055469,1e-05
HA-0132,Hospital A,1,1,0.09133714,2.3931978,3.0,2.998665615055469,1e-05
HA-0133,Hospital A,0,0,0.057686836,0.059417725,3.0,2.998665615055469,1e-05
HA-0134,Hospital A,0,0,0.043496925,0.044471264,3.0,2.998665615055469,1e-05
HA-0135,Hospital A,0,1,0.04528232,0.046339512,3.0,2.998665615055469,1e-05
HA-0136,Hospital A,0,0,0.07988491,0.08325648,3.0,2.998665615055469,1e-05
HA-0137,Hospital A,1,0,0.03603424,3.3232856,3.0,2.998665615055469,1e-05
HA-0138,Hospital A,0,1,0.15518259,0.16863477,3.0,2.998665615055469,1e-05
HA-0139,Hospital A,0,1,0.06597895,0.06825638,3.0,2.998665615055469,1e-05
HA-0140,Hospital A,0,0,0.14600523,0.15783024,3.0,2.998665615055469,1e-05
HA-0141,Hospital A,1,1,0.19564804,1.6314379,3.0,2.998665615055469,1e-05
HA-0142,Hospital A,0,1,0.046578594,0.04769826,3.0,2.998665615055469,1e-05
HA-0143,Hospital A,0,1,0.19653894,0.21882653,3.0,2.998665615055469,1e-05
HA-0144,Hospital A,0,1,0.15689799,0.17066729,3.0,2.998665615055469,1e-05
HA-0145,Hospital A,0,0,0.03837317,0.03912878,3.0,2.998665615055469,1e-05
HA-0146,Hospital A,0,1,0.106486686,0.11259413,3.0,2.998665615055469,1e-05
HA-0147,Hospital A,0,0,0.07022515,0.072812796,3.0,2.998665615055469,1e-05
HA-0148,Hospital A,0,0,0.24667943,0.2832644,3.0,2.998665615055469,1e-05
HA-0149,Hospital A,1,0,0.13620304,1.9936086,3.0,2.998665615055469,1e-05
HA-0150,Hospital A,0,0,0.16361424,0.1786654,3.0,2.998665615055469,1e-05
HA-0151,Hospital A,1,1,0.38153794,0.96354496,3.0,2.998665615055469,1e-05
HA-0152,Hospital A,0,0,0.049863726,0.051149845,3.0,2.998665615055469,1e-05
HA-0153,Hospital A,0,1,0.06627635,0.06857467,3.0,2.998665615055469,1e-05
HA-0154,Hospital A,0,0,0.082713425,0.08633542,3.0,2.998665615055469,1e-05
HA-0155,Hospital A,0,1,0.07585215,0.07888317,3.0,2.998665615055469,1e-05
HA-0156,Hospital A,1,1,0.062529616,2.772115,3.0,2.998665615055469,1e-05
HA-0157,Hospital A,0,0,0.045735154,0.046813965,3.0,2.998665615055469,1e-05
HA-0158,Hospital A,0,0,0.120142184,0.12799501,3.0,2.998665615055469,1e-05
HA-0159,Hospital A,0,1,0.16110057,0.17566442,3.0,2.998665615055469,1e-05
HA-0160,Hospital A,0,0,0.05622574,0.057868242,3.0,2.998665615055469,1e-05
HA-0161,Hospital A,0,0,0.048031013,0.049222708,3.0,2.998665615055469,1e-05
HA-0162,Hospital A,0,0,0.023355484,0.023632526,3.0,2.998665615055469,1e-05
HA-0163,Hospital A,0,0,0.106211565,0.11228609,3.0,2.998665615055469,1e-05
HA-0164,Hospital A,0,1,0.06087996,0.06281209,3.0,2.998665615055469,1e-05
HA-0165,Hospital A,1,1,0.07262099,2.6225014,3.0,2.998665615055469,1e-05
HA-0166,Hospital A,0,1,0.03967812,0.040486813,3.0,2.998665615055469,1e-05
HA-0167,Hospital A,0,0,0.118419416,0.12603879,3.0,2.998665615055469,1e-05
HA-0168,Hospital A,0,0,0.23041803,0.26190782,3.0,2.998665615055469,1e-05
HA-0169,Hospital A,1,0,0.11215966,2.1878319,3.0,2.998665615055469,1e-05
HA-0170,Hospital A,0,0,0.17773138,0.19568813,3.0,2.998665615055469,1e-05
HA-0171,Hospital A,0,0,0.03403635,0.034629107,3.0,2.998665615055469,1e-05
HA-0172,Hospital A,0,0,0.09421361,0.09895182,3.0,2.998665615055469,1e-05
HA-0173,Hospital A,0,1,0.17199117,0.18873143,3.0,2.998665615055469,1e-05
HA-0174,Hospital A,0,1,0.11836531,0.12597752,3.0,2.998665615055469,1e-05
HA-0175,Hospital A,0,1,0.06347771,0.06558204,3.0,2.998665615055469,1e-05
HA-0176,Hospital A,0,1,0.060152516,0.062037706,3.0,2.998665615055469,1e-05
HA-0177,Hospital A,1,0,0.11746824,2.1415873,3.0,2.998665615055469,1e-05
HA-0178,Hospital A,0,1,0.05803308,0.059785128,3.0,2.998665615055469,1e-05
HA-0179,Hospital A,1,0,0.15540278,1.8617349,3.0,2.998665615055469,1e-05
HA-0180,Hospital A,0,1,0.14741196,0.15947878,3.0,2.998665615055469,1e-05
HA-0181,Hospital A,1,0,0.12876177,2.0497913,3.0,2.998665615055469,1e-05
HA-0182,Hospital A,0,1,0.08203835,0.08559966,3.0,2.998665615055469,1e-05
HA-0183,Hospital A,0,0,0.1022488,0.107862234,3.0,2.998665615055469,1e-05
HA-0184,Hospital A,0,0,0.052926745,0.054378748,3.0,2.998665615055469,1e-05
HA-0185,Hospital A,0,1,0.06926972,0.07178569,3.0,2.998665615055469,1e-05
HA-0186,Hospital A,0,1,0.12638585,0.13511658,3.0,2.998665615055469,1e-05
HA-0187,Hospital A,0,0,0.031381305,0.031884193,3.0,2.998665615055469,1e-05
HA-0188,Hospital A,0,1,0.078743294,0.08201647,3.0,2.998665615055469,1e-05
HA-0189,Hospital A,0,0,0.05302424,0.054481745,3.0,2.998665615055469,1e-05
HA-0190,Hospital A,1,1,0.23055199,1.467279,3.0,2.998665615055469,1e-05
HA-0191,Hospital A,1,0,0.4815095,0.73082936,3.0,2.998665615055469,1e-05
HA-0192,Hospital A,0,0,0.1585384,0.17261493,3.0,2.998665615055469,1e-05
HA-0193,Hospital A,0,0,0.121360235,0.12938023,3.0,2.998665615055469,1e-05
HA-0194,Hospital A,1,1,0.12874249,2.049941,3.0,2.998665615055469,1e-05
HA-0195,Hospital A,1,0,0.05830477,2.8420713,3.0,2.998665615055469,1e-05
HA-0196,Hospital A,0,0,0.058926377,0.060733795,3.0,2.998665615055469,1e-05
HA-0197,Hospital A,0,0,0.11585336,0.12313247,3.0,2.998665615055469,1e-05
HA-0198,Hospital A,0,0,0.05245941,0.05388546,3.0,2.998665615055469,1e-05
HA-0199,Hospital A,0,0,0.032278515,0.032810926,3.0,2.998665615055469,1e-05
HA-0200,Hospital A,0,1,0.21407108,0.24088883,3.0,2.998665615055469,1e-05
HA-0201,Hospital A,0,1,0.083589226,0.087290525,3.0,2.998665615055469,1e-05
HA-0202,Hospital A,0,0,0.17649116,0.19418097,3.0,2.998665615055469,1e-05
HA-0203,Hospital A,1,0,0.092864774,2.376611,3.0,2.998665615055469,1e-05
HA-0204,Hospital A,0,1,0.09724678,0.10230613,3.0,2.998665615055469,1e-05
HA-0205,Hospital A,0,0,0.036182296,0.036853075,3.0,2.998665615055469,1e-05
HA-0206,Hospital A,0,0,0.057314888,0.059022903,3.0,2.998665615055469,1e-05
HA-0207,Hospital A,0,0,0.038384873,0.03914094,3.0,2.998665615055469,1e-05
HA-0208,Hospital A,0,0,0.09149151,0.09595108,3.0,2.998665615055469,1e-05
HA-0209,Hospital A,0,1,0.031565636,0.03207445,3.0,2.998665615055469,1e-05
HA-0210,Hospital A,0,0,0.059715338,0.06157255,3.0,2.998665615055469,1e-05
HA-0211,Hospital A,0,1,0.12262617,0.13082218,3.0,2.998665615055469,1e-05
HA-0212,Hospital A,0,0,0.08655255,0.09052944,3.0,2.998665615055469,1e-05
HA-0213,Hospital A,0,0,0.03181591,0.032333136,3.0,2.998665615055469,1e-05
HA-0214,Hospital A,0,1,0.09000321,0.0943141,3.0,2.998665615055469,1e-05
HA-0215,Hospital A,0,0,0.044713438,0.045743942,3.0,2.998665615055469,1e-05
HA-0216,Hospital A,0,1,0.08301691,0.086666346,3.0,2.998665615055469,1e-05
HA-0217,Hospital A,0,0,0.060166113,0.06205225,3.0,2.998665615055469,1e-05
HA-0218,Hospital A,0,0,0.184981,0.20454383,3.0,2.998665615055469,1e-05
HA-0219,Hospital A,1,0,0.036985535,3.2972283,3.0,2.998665615055469,1e-05
HA-0220,Hospital A,0,0,0.10870641,0.11508131,3.0,2.998665615055469,1e-05
HA-0221,Hospital A,0,1,0.056461617,0.058118343,3.0,2.998665615055469,1e-05
HA-0222,Hospital A,1,0,0.038155124,3.2660952,3.0,2.998665615055469,1e-05
HA-0223,Hospital A,1,1,0.054732684,2.9052942,3.0,2.998665615055469,1e-05
HA-0224,Hospital A,0,0,0.050011963,0.05130577,3.0,2.998665615055469,1e-05
HA-0225,Hospital A,0,0,0.09793432,0.103067875,3.0,2.998665615055469,1e-05
HA-0226,Hospital A,0,1,0.0867237,0.09071684,3.0,2.998665615055469,1e-05
HA-0227,Hospital A,0,1,0.18279451,0.20186472,3.0,2.998665615055469,1e-05
HA-0228,Hospital A,1,1,0.06397553,2.7492547,3.0,2.998665615055469,1e-05
HA-0229,Hospital A,0,0,0.09334956,0.09799838,3.0,2.998665615055469,1e-05
HA-0230,Hospital A,0,0,0.112548806,0.11940169,3.0,2.998665615055469,1e-05
HA-0231,Hospital A,1,1,0.31207556,1.1645099,3.0,2.998665615055469,1e-05
HA-0232,Hospital A,0,0,0.08298426,0.08663058,3.0,2.998665615055469,1e-05
HA-0233,Hospital A,0,1,0.035525627,0.036171913,3.0,2.998665615055469,1e-05
HA-0234,Hospital A,1,1,0.18731704,1.6749527,3.0,2.998665615055469,1e-05
HA-0235,Hospital A,0,1,0.09122571,0.09565854,3.0,2.998665615055469,1e-05
HA-0236,Hospital A,0,1,0.12933487,0.13849783,3.0,2.998665615055469,1e-05
HA-0237,Hospital A,0,0,0.039298527,0.040091515,3.0,2.998665615055469,1e-05
HA-0238,Hospital A,0,0,0.060651295,0.062568426,3.0,2.998665615055469,1e-05
HA-0239,Hospital A,0,0,0.11599846,0.1232965,3.0,2.998665615055469,1e-05
HA-0240,Hospital A,0,0,0.043507874,0.044482708,3.0,2.998665615055469,1e-05
HA-0241,Hospital A,0,0,0.09177838,0.09626675,3.0,2.998665615055469,1e-05
HA-0242,Hospital A,0,0,0.06974913,0.07230091,3.0,2.998665615055469,1e-05
HA-0243,Hospital A,0,0,0.0730022,0.075803995,3.0,2.998665615055469,1e-05
HA-0244,Hospital A,1,1,0.05658595,2.8719945,3.0,2.998665615055469,1e-05
HA-0245,Hospital A,0,1,0.12520957,0.13377094,3.0,2.998665615055469,1e-05
HA-0246,Hospital A,1,1,0.08024031,2.5227294,3.0,2.998665615055469,1e-05
HA-0247,Hospital A,0,0,0.07633592,0.07940674,3.0,2.998665615055469,1e-05
HA-0248,Hospital A,0,1,0.10464951,0.11053991,3.0,2.998665615055469,1e-05
HA-0249,Hospital A,0,0,0.18574248,0.20547855,3.0,2.998665615055469,1e-05
HA-0250,Hospital A,0,1,0.036454894,0.037136078,3.0,2.998665615055469,1e-05
HA-0251,Hospital A,0,0,0.14314936,0.15449166,3.0,2.998665615055469,1e-05
HA-0252,Hospital A,0,1,0.090666905,0.0950439,3.0,2.998665615055469,1e-05
HA-0253,Hospital A,0,1,0.103028335,0.10873103,3.0,2.998665615055469,1e-05
HA-0254,Hospital A,0,0,0.048212413,0.049413443,3.0,2.998665615055469,1e-05
HA-0255,Hospital A,0,0,0.06518087,0.067402124,3.0,2.998665615055469,1e-05
HA-0256,Hospital A,0,0,0.09613445,0.101074696,3.0,2.998665615055469,1e-05
HA-0257,Hospital A,0,0,0.08498516,0.088814974,3.0,2.998665615055469,1e-05
HA-0258,Hospital A,1,0,0.21699551,1.5278786,3.0,2.998665615055469,1e-05
HA-0259,Hospital A,0,1,0.08260131,0.08621311,3.0,2.998665615055469,1e-05
HA-0260,Hospital A,0,0,0.05431189,0.0558424,3.0,2.998665615055469,1e-05
HA-0261,Hospital A,0,0,0.10179926,0.10736179,3.0,2.998665615055469,1e-05
HA-0262,Hospital A,1,0,0.052862275,2.9400654,3.0,2.998665615055469,1e-05
HA-0263,Hospital A,0,0,0.07013059,0.07271123,3.0,2.998665615055469,1e-05
HA-0264,Hospital A,0,1,0.03450812,0.035117626,3.0,2.998665615055469,1e-05
HA-0265,Hospital A,0,1,0.0672682,0.06963754,3.0,2.998665615055469,1e-05
HA-0266,Hospital A,0,1,0.12206354,0.13018107,3.0,2.998665615055469,1e-05
HA-0267,Hospital A,0,1,0.070563115,0.073176384,3.0,2.998665615055469,1e-05
HA-0268,Hospital A,0,0,0.049959358,0.051250458,3.0,2.998665615055469,1e-05
HA-0269,Hospital A,0,1,0.055129163,0.056707144,3.0,2.998665615055469,1e-05
HA-0270,Hospital A,0,0,0.07517295,0.0781486,3.0,2.998665615055469,1e-05
HA-0271,Hospital A,0,1,0.08768752,0.091772795,3.0,2.998665615055469,1e-05
HA-0272,Hospital A,1,0,0.05513331,2.8980012,3.0,2.998665615055469,1e-05
HA-0273,Hospital A,0,0,0.044740595,0.045772314,3.0,2.998665615055469,1e-05
HA-0274,Hospital A,0,0,0.07390656,0.07678008,3.0,2.998665615055469,1e-05
HA-0275,Hospital A,0,1,0.060788058,0.0627141,3.0,2.998665615055469,1e-05
HA-0276,Hospital A,0,0,0.23526709,0.26822865,3.0,2.998665615055469,1e-05
HA-0277,Hospital A,0,1,0.08973392,0.09401822,3.0,2.998665615055469,1e-05
HA-0278,Hospital A,1,1,0.25506675,1.36623,3.0,2.998665615055469,1e-05
HA-0279,Hospital A,0,1,0.09383603,0.09853506,3.0,2.998665615055469,1e-05
HA-0280,Hospital A,0,0,0.055561896,0.057165146,3.0,2.998665615055469,1e-05
HA-0281,Hospital A,1,0,0.1144213,2.167868,3.0,2.998665615055469,1e-05
HA-0282,Hospital A,0,1,0.039644748,0.040452003,3.0,2.998665615055469,1e-05
HA-0283,Hospital A,0,1,0.20646527,0.23125803,3.0,2.998665615055469,1e-05
HA-0284,Hospital A,0,0,0.0611304,0.06307864,3.0,2.998665615055469,1e-05
HA-0285,Hospital A,0,1,0.1264631,0.13520503,3.0,2.998665615055469,1e-05
HA-0286,Hospital A,0,1,0.05577026,0.057385683,3.0,2.998665615055469,1e-05
HA-0287,Hospital A,0,1,0.10443459,0.110300064,3.0,2.998665615055469,1e-05
HA-0288,Hospital A,0,0,0.07408036,0.076967955,3.0,2.998665615055469,1e-05
HA-0289,Hospital A,1,0,0.10901312,2.2162871,3.0,2.998665615055469,1e-05
HA-0290,Hospital A,0,0,0.07542537,0.07842159,3.0,2.998665615055469,1e-05
HA-0291,Hospital A,1,0,0.113392115,2.1769035,3.0,2.998665615055469,1e-05
HA-0292,Hospital A,0,1,0.06888245,0.07136965,3.0,2.998665615055469,1e-05
HA-0293,Hospital A,0,0,0.118120566,0.1257,3.0,2.998665615055469,1e-05
HA-0294,Hospital A,0,1,0.060855497,0.062785864,3.0,2.998665615055469,1e-05
HA-0295,Hospital A,0,0,0.18920843,0.20974422,3.0,2.998665615055469,1e-05
HA-0296,Hospital A,0,1,0.042727258,0.04366684,3.0,2.998665615055469,1e-05
HA-0297,Hospital A,0,0,0.09312268,0.09774804,3.0,2.998665615055469,1e-05
HA-0298,Hospital A,1,0,0.07092454,2.6461387,3.0,2.998665615055469,1e-05
HA-0299,Hospital A,0,1,0.13643464,0.14668572,3.0,2.998665615055469,1e-05
HA-0300,Hospital A,1,0,0.12414227,2.086327,3.0,2.998665615055469,1e-05
HA-0301,Hospital A,0,1,0.10975499,0.11625862,3.0,2.998665615055469,1e-05
HA-0302,Hospital A,0,1,0.05022882,0.051534176,3.0,2.998665615055469,1e-05
HA-0303,Hospital A,0,1,0.097661056,0.10276508,3.0,2.998665615055469,1e-05
HA-0304,Hospital A,0,0,0.10036028,0.10576081,3.0,2.998665615055469,1e-05
HA-0305,Hospital A,0,1,0.09219319,0.096723795,3.0,2.998665615055469,1e-05
HA-0306,Hospital A,1,1,0.054500658,2.9095426,3.0,2.998665615055469,1e-05
HA-0307,Hospital A,1,1,0.21931036,1.5172673,3.0,2.998665615055469,1e-05
HA-0308,Hospital A,0,1,0.10198866,0.107572556,3.0,2.998665615055469,1e-05
HA-0309,Hospital A,0,1,0.05714292,0.058840513,3.0,2.998665615055469,1e-05
HA-0310,Hospital A,1,1,0.1178309,2.1385047,3.0,2.998665615055469,1e-05
HA-0311,Hospital A,0,0,0.08681849,0.09082055,3.0,2.998665615055469,1e-05
HA-0312,Hospital A,0,0,0.093873166,0.09857607,3.0,2.998665615055469,1e-05
HA-0313,Hospital A,0,1,0.10704402,0.11321807,3.0,2.998665615055469,1e-05
HA-0314,Hospital A,0,1,0.06811159,0.0705421,3.0,2.998665615055469,1e-05
HA-0315,Hospital A,0,1,0.045068625,0.046115875,3.0,2.998665615055469,1e-05
HA-0316,Hospital A,0,1,0.079795346,0.08315921,3.0,2.998665615055469,1e-05
HA-0317,Hospital A,0,0,0.047650058,0.04882264,3.0,2.998665615055469,1e-05
HA-0318,Hospital A,1,1,0.14864545,1.9061913,3.0,2.998665615055469,1e-05
HA-0319,Hospital A,0,0,0.098210774,0.10337448,3.0,2.998665615055469,1e-05
HA-0320,Hospital A,0,0,0.03855686,0.039319754,3.0,2.998665615055469,1e-05
HA-0321,Hospital A,0,1,0.031036196,0.031527996,3.0,2.998665615055469,1e-05
HA-0322,Hospital A,0,0,0.06543731,0.067676544,3.0,2.998665615055469,1e-05
HA-0323,Hospital A,0,1,0.091382675,0.095831156,3.0,2.998665615055469,1e-05
HA-0324,Hospital A,0,0,0.051966,0.053364992,3.0,2.998665615055469,1e-05
HA-0325,Hospital A,0,1,0.15576075,0.16931939,3.0,2.998665615055469,1e-05
HA-0326,Hospital A,1,1,0.119151466,2.1273599,3.0,2.998665615055469,1e-05
HA-0327,Hospital A,0,1,0.037466086,0.038186073,3.0,2.998665615055469,1e-05
HA-0328,Hospital A,0,1,0.13754451,0.14797175,3.0,2.998665615055469,1e-05
HA-0329,Hospital A,1,1,0.14268827,1.9470929,3.0,2.998665615055469,1e-05
HA-0330,Hospital A,0,1,0.059531435,0.06137705,3.0,2.998665615055469,1e-05
HA-0331,Hospital A,0,0,0.20887469,0.23429894,3.0,2.998665615055469,1e-05
HA-0332,Hospital A,0,0,0.06531471,0.067545414,3.0,2.998665615055469,1e-05
HA-0333,Hospital A,0,0,0.07556835,0.07857609,3.0,2.998665615055469,1e-05
HA-0334,Hospital A,1,0,0.12208533,2.103035,3.0,2.998665615055469,1e-05
HA-0335,Hospital A,0,1,0.14627178,0.15814233,3.0,2.998665615055469,1e-05
HA-0336,Hospital A,0,1,0.03995252,0.040772438,3.0,2.998665615055469,1e-05
HA-0337,Hospital A,1,1,0.10307778,2.2722714,3.0,2.998665615055469,1e-05
HA-0338,Hospital A,0,0,0.036186524,0.036857605,3.0,2.998665615055469,1e-05
HA-0339,Hospital A,0,0,0.0813831,0.084886074,3.0,2.998665615055469,1e-05
HA-0340,Hospital A,0,0,0.06841218,0.070864916,3.0,2.998665615055469,1e-05
HA-0341,Hospital A,0,1,0.045070432,0.046117783,3.0,2.998665615055469,1e-05
HA-0342,Hospital A,0,0,0.13249935,0.14213896,3.0,2.998665615055469,1e-05
HA-0343,Hospital A,0,0,0.039195772,0.039984703,3.0,2.998665615055469,1e-05
HA-0344,Hospital A,0,1,0.20618767,0.23090816,3.0,2.998665615055469,1e-05
HA-0345,Hospital A,1,1,0.104849696,2.2552273,3.0,2.998665615055469,1e-05
HA-0346,Hospital A,0,1,0.03383309,0.034418583,3.0,2.998665615055469,1e-05
HA-0347,Hospital A,0,1,0.069353,0.071875334,3.0,2.998665615055469,1e-05
HA-0348,Hospital A,0,0,0.10780443,0.11406994,3.0,2.998665615055469,1e-05
HA-0349,Hospital A,0,1,0.15679953,0.17055058,3.0,2.998665615055469,1e-05
HA-0350,Hospital A,0,0,0.088888526,0.09309006,3.0,2.998665615055469,1e-05
HA-0351,Hospital A,0,0,0.07927841,0.082597494,3.0,2.998665615055469,1e-05
HA-0352,Hospital A,0,1,0.07732121,0.08047414,3.0,2.998665615055469,1e-05
HA-0353,Hospital A,1,1,0.081408076,2.5082808,3.0,2.998665615055469,1e-05
HA-0354,Hospital A,0,1,0.07962866,0.08297801,3.0,2.998665615055469,1e-05
HA-0355,Hospital A,1,0,0.052533563,2.946303,3.0,2.998665615055469,1e-05
HA-0356,Hospital A,0,1,0.04872976,0.049957037,3.0,2.998665615055469,1e-05
HA-0357,Hospital A,0,0,0.16499263,0.18031478,3.0,2.998665615055469,1e-05
HA-0358,Hospital A,0,0,0.06784761,0.070259094,3.0,2.998665615055469,1e-05
HA-0359,Hospital A,0,1,0.056582958,0.05824685,3.0,2.998665615055469,1e-05
HA-0360,Hospital A,0,1,0.0520182,0.053420067,3.0,2.998665615055469,1e-05
HA-0361,Hospital A,0,0,0.08827273,0.09241438,3.0,2.998665615055469,1e-05
HA-0362,Hospital A,1,0,0.082094066,2.4998896,3.0,2.998665615055469,1e-05
HA-0363,Hospital A,0,0,0.10083393,0.10628748,3.0,2.998665615055469,1e-05
HA-0364,Hospital A,1,0,0.043535545,3.1341774,3.0,2.998665615055469,1e-05
HA-0365,Hospital A,0,1,0.06627284,0.06857109,3.0,2.998665615055469,1e-05
HA-0366,Hospital A,0,1,0.093344696,0.0979929,3.0,2.998665615055469,1e-05
HA-0367,Hospital A,0,1,0.20729306,0.23230171,3.0,2.998665615055469,1e-05
HA-0368,Hospital A,0,1,0.038779657,0.039551497,3.0,2.998665615055469,1e-05
HA-0369,Hospital A,0,0,0.03986243,0.04067874,3.0,2.998665615055469,1e-05
HA-0370,Hospital A,0,1,0.032798808,0.0333488,3.0,2.998665615055469,1e-05
HA-0371,Hospital A,0,0,0.078813314,0.08209252,3.0,2.998665615055469,1e-05
HA-0372,Hospital A,0,1,0.069590986,0.07213092,3.0,2.998665615055469,1e-05
HA-0373,Hospital A,0,1,0.08670335,0.09069443,3.0,2.998665615055469,1e-05
HA-0374,Hospital A,1,1,0.057396457,2.8577726,3.0,2.998665615055469,1e-05
HA-0375,Hospital A,0,1,0.05602695,0.05765772,3.0,2.998665615055469,1e-05
HA-0376,Hospital A,0,1,0.12620711,0.13491178,3.0,2.998665615055469,1e-05
HA-0377,Hospital A,0,0,0.11341347,0.12037659,3.0,2.998665615055469,1e-05
HA-0378,Hospital A,0,0,0.08153131,0.08504748,3.0,2.998665615055469,1e-05
HA-0379,Hospital A,1,0,0.070197314,2.6564453,3.0,2.998665615055469,1e-05
HA-0380,Hospital A,0,1,0.061606895,0.063586235,3.0,2.998665615055469,1e-05
HA-0381,Hospital A,0,1,0.101673976,0.10722232,3.0,2.998665615055469,1e-05
HA-0382,Hospital A,0,0,0.078827016,0.082107544,3.0,2.998665615055469,1e-05
HA-0383,Hospital A,1,1,0.15875961,1.8403641,3.0,2.998665615055469,1e-05
HA-0384,Hospital A,0,1,0.042717606,0.043656826,3.0,2.998665615055469,1e-05
HA-0385,Hospital A,0,1,0.07133846,0.07401085,3.0,2.998665615055469,1e-05
HA-0386,Hospital A,0,1,0.04431678,0.045328856,3.0,2.998665615055469,1e-05
HA-0387,Hospital A,0,1,0.053105313,0.054567337,3.0,2.998665615055469,1e-05
HA-0388,Hospital A,0,1,0.06565608,0.06791067,3.0,2.998665615055469,1e-05
HA-0389,Hospital A,0,1,0.12615816,0.13485599,3.0,2.998665615055469,1e-05
HA-0390,Hospital A,0,1,0.025560208,0.025892496,3.0,2.998665615055469,1e-05
HA-0391,Hospital A,0,1,0.030094547,0.030556679,3.0,2.998665615055469,1e-05
HA-0392,Hospital A,1,0,0.04318946,3.1421587,3.0,2.998665615055469,1e-05
HA-0393,Hospital A,1,1,0.19271965,1.6465187,3.0,2.998665615055469,1e-05
HA-0394,Hospital A,0,0,0.063035294,0.06510973,3.0,2.998665615055469,1e-05
HA-0395,Hospital A,0,1,0.12701856,0.1358409,3.0,2.998665615055469,1e-05
HA-0396,Hospital A,0,0,0.053963844,0.05547452,3.0,2.998665615055469,1e-05
HA-0397,Hospital A,1,0,0.1055494,2.2485762,3.0,2.998665615055469,1e-05
HA-0398,Hospital A,0,1,0.03650263,0.03718543,3.0,2.998665615055469,1e-05
HA-0399,Hospital A,1,0,0.051105473,2.9738636,3.0,2.998665615055469,1e-05
HA-0400,Hospital A,0,0,0.0891935,0.0934248,3.0,2.998665615055469,1e-05
HA-0401,Hospital A,1,1,0.24024396,1.4261003,3.0,2.998665615055469,1e-05
HA-0402,Hospital A,0,1,0.051119555,0.052472353,3.0,2.998665615055469,1e-05
HA-0403,Hospital A,0,1,0.23002644,0.26139915,3.0,2.998665615055469,1e-05
HA-0404,Hospital A,0,0,0.076299705,0.07936764,3.0,2.998665615055469,1e-05
HA-0405,Hospital A,0,1,0.054385632,0.055920362,3.0,2.998665615055469,1e-05
HA-0406,Hospital A,0,0,0.04707118,0.04821515,3.0,2.998665615055469,1e-05
HA-0407,Hospital A,0,1,0.059388213,0.0612247,3.0,2.998665615055469,1e-05
HA-0408,Hospital A,0,0,0.1573943,0.17125618,3.0,2.998665615055469,1e-05
HA-0409,Hospital A,0,1,0.020637983,0.020853996,3.0,2.998665615055469,1e-05
HA-0410,Hospital A,0,0,0.055156168,0.056735516,3.0,2.998665615055469,1e-05
HA-0411,Hospital A,0,1,0.1060949,0.112155676,3.0,2.998665615055469,1e-05
HA-0412,Hospital A,1,1,0.1563455,1.8556869,3.0,2.998665615055469,1e-05
HA-0413,Hospital A,0,1,0.108994834,0.11540508,3.0,2.998665615055469,1e-05
HA-0414,Hospital A,1,1,0.17859451,1.7226373,3.0,2.998665615055469,1e-05
HA-0415,Hospital A,1,0,0.19725068,1.6232798,3.0,2.998665615055469,1e-05
HA-0416,Hospital A,0,1,0.065033294,0.06724429,3.0,2.998665615055469,1e-05
HA-0417,Hospital A,0,0,0.06917087,0.07167959,3.0,2.998665615055469,1e-05
HA-0418,Hospital A,0,1,0.085526116,0.08940649,3.0,2.998665615055469,1e-05
HA-0419,Hospital A,0,1,0.04779681,0.0489769,3.0,2.998665615055469,1e-05
HA-0420,Hospital A,1,1,0.3213051,1.1353643,3.0,2.998665615055469,1e-05
HA-0421,Hospital A,0,1,0.1535571,0.16671252,3.0,2.998665615055469,1e-05
HA-0422,Hospital A,0,1,0.048420105,0.049631596,3.0,2.998665615055469,1e-05
HA-0423,Hospital A,0,0,0.026128935,0.026476383,3.0,2.998665615055469,1e-05
HA-0424,Hospital A,0,1,0.16871318,0.18478036,3.0,2.998665615055469,1e-05
HA-0425,Hospital A,1,1,0.06420695,2.7456439,3.0,2.998665615055469,1e-05
HA-0426,Hospital A,0,0,0.26634082,0.30971074,3.0,2.998665615055469,1e-05
HA-0427,Hospital A,0,0,0.078248836,0.081480026,3.0,2.998665615055469,1e-05
HA-0428,Hospital A,0,1,0.26133752,0.30291426,3.0,2.998665615055469,1e-05
HA-0429,Hospital A,1,0,0.059358917,2.824153,3.0,2.998665615055469,1e-05
HA-0430,Hospital A,0,0,0.05597025,0.057597637,3.0,2.998665615055469,1e-05
HA-0431,Hospital A,0,0,0.039076082,0.03986001,3.0,2.998665615055469,1e-05
HA-0432,Hospital A,0,1,0.13337815,0.14315248,3.0,2.998665615055469,1e-05
HA-0433,Hospital A,0,0,0.09426925,0.09901309,3.0,2.998665615055469,1e-05
HA-0434,Hospital A,0,1,0.09615997,0.10110283,3.0,2.998665615055469,1e-05
HA-0435,Hospital A,0,0,0.0756974,0.0787158,3.0,2.998665615055469,1e-05
HA-0436,Hospital A,0,1,0.18127045,0.20000148,3.0,2.998665615055469,1e-05
HA-0437,Hospital A,0,0,0.055136167,0.056714535,3.0,2.998665615055469,1e-05
HA-0438,Hospital A,0,0,0.097724356,0.10283518,3.0,2.998665615055469,1e-05
HA-0439,Hospital A,0,0,0.03911282,0.039898157,3.0,2.998665615055469,1e-05
HA-0440,Hospital A,1,0,0.17166,1.7622395,3.0,2.998665615055469,1e-05
HA-0441,Hospital A,0,1,0.034893803,0.035517216,3.0,2.998665615055469,1e-05
HA-0442,Hospital A,1,1,0.08633087,2.449568,3.0,2.998665615055469,1e-05
HA-0443,Hospital A,0,1,0.12716837,0.13601255,3.0,2.998665615055469,1e-05
HA-0444,Hospital A,0,1,0.08205145,0.085613966,3.0,2.998665615055469,1e-05
HA-0445,Hospital A,1,0,0.37499326,0.9808473,3.0,2.998665615055469,1e-05
HA-0446,Hospital A,0,0,0.046945695,0.048083305,3.0,2.998665615055469,1e-05
HA-0447,Hospital A,0,1,0.059199654,0.061024427,3.0,2.998665615055469,1e-05
HA-0448,Hospital A,0,1,0.028026948,0.028427124,3.0,2.998665615055469,1e-05
HA-0449,Hospital A,0,0,0.08415678,0.087910175,3.0,2.998665615055469,1e-05
HA-0450,Hospital A,0,1,0.04321406,0.044175625,3.0,2.998665615055469,1e-05
HA-0451,Hospital A,0,1,0.059088513,0.06090617,3.0,2.998665615055469,1e-05
HA-0452,Hospital A,0,1,0.0635949,0.06570721,3.0,2.998665615055469,1e-05
HA-0453,Hospital A,0,0,0.100001685,0.105362415,3.0,2.998665615055469,1e-05
HA-0454,Hospital A,0,1,0.24918036,0.28658986,3.0,2.998665615055469,1e-05
HA-0455,Hospital A,1,1,0.23548403,1.4461122,3.0,2.998665615055469,1e-05
HA-0456,Hospital A,0,1,0.10821624,0.11453152,3.0,2.998665615055469,1e-05
HA-0457,Hospital A,1,1,0.22126403,1.5083985,3.0,2.998665615055469,1e-05
HA-0458,Hospital A,1,1,0.07562533,2.581964,3.0,2.998665615055469,1e-05
HA-0459,Hospital A,0,1,0.07620024,0.07925987,3.0,2.998665615055469,1e-05
HA-0460,Hospital A,1,1,0.0680494,2.6875215,3.0,2.998665615055469,1e-05
HA-0461,Hospital A,0,0,0.046163432,0.047262907,3.0,2.998665615055469,1e-05
HA-0462,Hospital A,0,1,0.057902023,0.05964589,3.0,2.998665615055469,1e-05
HA-0463,Hospital A,0,0,0.043745246,0.0447309,3.0,2.998665615055469,1e-05
HA-0464,Hospital A,0,1,0.098480396,0.10367346,3.0,2.998665615055469,1e-05
HA-0465,Hospital A,1,1,0.041517075,3.1816504,3.0,2.998665615055469,1e-05
HA-0466,Hospital A,0,0,0.058591094,0.060377598,3.0,2.998665615055469,1e-05
HA-0467,Hospital A,1,0,0.05117777,2.97245,3.0,2.998665615055469,1e-05
HA-0468,Hospital A,0,0,0.07054024,0.07315183,3.0,2.998665615055469,1e-05
HA-0469,Hospital A,1,0,0.099789545,2.3046918,3.0,2.998665615055469,1e-05
HA-0470,Hospital A,1,1,0.24296974,1.4148183,3.0,2.998665615055469,1e-05
HA-0471,Hospital A,0,1,0.0666308,0.06895447,3.0,2.998665615055469,1e-05
HA-0472,Hospital A,1,1,0.03749684,3.2834988,3.0,2.998665615055469,1e-05
HA-0473,Hospital A,0,1,0.033508044,0.034082413,3.0,2.998665615055469,1e-05
HA-0474,Hospital A,0,0,0.12281822,0.13104105,3.0,2.998665615055469,1e-05
HA-0475,Hospital A,1,0,0.16882576,1.7788881,3.0,2.998665615055469,1e-05
HA-0476,Hospital A,0,1,0.17317624,0.19016373,3.0,2.998665615055469,1e-05
HA-0477,Hospital A,0,1,0.08305487,0.08670759,3.0,2.998665615055469,1e-05
HA-0478,Hospital A,0,0,0.07260609,0.07537675,3.0,2.998665615055469,1e-05
HA-0479,Hospital A,0,1,0.0756205,0.07863259,3.0,2.998665615055469,1e-05
HA-0480,Hospital A,0,1,0.065860376,0.0681293,3.0,2.998665615055469,1e-05
HA-0481,Hospital A,0,0,0.06527202,0.06749964,3.0,2.998665615055469,1e-05
HA-0482,Hospital A,0,0,0.06668678,0.06901431,3.0,2.998665615055469,1e-05
HA-0483,Hospital A,1,1,0.17432731,1.7468206,3.0,2.998665615055469,1e-05
HA-0484,Hospital A,1,1,0.14114754,1.9579495,3.0,2.998665615055469,1e-05
HA-0485,Hospital A,1,1,0.037744395,3.2769184,3.0,2.998665615055469,1e-05
HA-0486,Hospital A,0,1,0.055620294,0.057226896,3.0,2.998665615055469,1e-05
HA-0487,Hospital A,1,1,0.19090086,1.656001,3.0,2.998665615055469,1e-05
HA-0488,Hospital A,0,1,0.13547383,0.14557374,3.0,2.998665615055469,1e-05
HA-0489,Hospital A,1,0,0.058611676,2.8368213,3.0,2.998665615055469,1e-05
HA-0490,Hospital A,0,1,0.049128104,0.05037594,3.0,2.998665615055469,1e-05
HA-0491,Hospital A,0,0,0.08238867,0.08598137,3.0,2.998665615055469,1e-05
HA-0492,Hospital A,0,0,0.06956095,0.07209873,3.0,2.998665615055469,1e-05
HA-0493,Hospital A,0,0,0.15071873,0.16336489,3.0,2.998665615055469,1e-05
HA-0494,Hospital A,0,0,0.049585685,0.050857306,3.0,2.998665615055469,1e-05
HA-0495,Hospital A,0,0,0.072712034,0.07549119,3.0,2.998665615055469,1e-05
HA-0496,Hospital A,0,1,0.31635055,0.38031006,3.0,2.998665615055469,1e-05
HA-0497,Hospital A,0,1,0.050694443,0.052024603,3.0,2.998665615055469,1e-05
HA-0498,Hospital A,0,1,0.065453105,0.06769347,3.0,2.998665615055469,1e-05
HA-0499,Hospital A,0,0,0.030045878,0.03050661,3.0,2.998665615055469,1e-05
HA-0500,Hospital A,0,0,0.039268546,0.04006028,3.0,2.998665615055469,1e-05
HA-0501,Hospital A,1,0,0.116148844,2.1528828,3.0,2.998665615055469,1e-05
HA-0502,Hospital A,0,0,0.14186105,0.15298927,3.0,2.998665615055469,1e-05
HA-0503,Hospital A,0,1,0.06988854,0.072450876,3.0,2.998665615055469,1e-05
HA-0504,Hospital A,0,0,0.05318204,0.0546484,3.0,2.998665615055469,1e-05
HA-0505,Hospital A,0,0,0.07858149,0.08184099,3.0,2.998665615055469,1e-05
HA-0506,Hospital A,1,1,0.1412453,1.9572573,3.0,2.998665615055469,1e-05
HA-0507,Hospital A,0,0,0.06335846,0.06545472,3.0,2.998665615055469,1e-05
HA-0508,Hospital A,1,1,0.43576893,0.83064306,3.0,2.998665615055469,1e-05
HA-0509,Hospital A,1,1,0.2341881,1.4516306,3.0,2.998665615055469,1e-05
HA-0510,Hospital A,0,1,0.10451066,0.11038494,3.0,2.998665615055469,1e-05
HA-0511,Hospital A,0,0,0.051967986,0.0533669,3.0,2.998665615055469,1e-05
HA-0512,Hospital A,0,0,0.04092439,0.04178548,3.0,2.998665615055469,1e-05
HA-0513,Hospital A,0,0,0.080796875,0.084248066,3.0,2.998665615055469,1e-05
HA-0514,Hospital A,0,0,0.038762953,0.03953433,3.0,2.998665615055469,1e-05
HA-0515,Hospital A,1,1,0.35193,1.044323,3.0,2.998665615055469,1e-05
HA-0516,Hospital A,0,0,0.11400857,0.12104797,3.0,2.998665615055469,1e-05
HA-0517,Hospital A,0,1,0.0757452,0.07876754,3.0,2.998665615055469,1e-05
HA-0518,Hospital A,0,1,0.07434619,0.07725501,3.0,2.998665615055469,1e-05
HA-0519,Hospital A,0,0,0.11934887,0.12709379,3.0,2.998665615055469,1e-05
HA-0520,Hospital A,0,0,0.15806712,0.172055,3.0,2.998665615055469,1e-05
HA-0521,Hospital A,0,0,0.068971485,0.07146549,3.0,2.998665615055469,1e-05
HA-0522,Hospital A,0,1,0.051922638,0.053319216,3.0,2.998665615055469,1e-05
HA-0523,Hospital A,0,1,0.10711751,0.11330032,3.0,2.998665615055469,1e-05
HA-0524,Hospital A,0,1,0.065272525,0.06750035,3.0,2.998665615055469,1e-05
HA-0525,Hospital A,0,0,0.063990705,0.06612992,3.0,2.998665615055469,1e-05
HA-0526,Hospital A,0,1,0.12393654,0.13231683,3.0,2.998665615055469,1e-05
HA-0527,Hospital A,1,0,0.2211379,1.5089688,3.0,2.998665615055469,1e-05
HA-0528,Hospital A,0,0,0.08446343,0.088244915,3.0,2.998665615055469,1e-05
HA-0529,Hospital A,1,0,0.081970155,2.5014,3.0,2.998665615055469,1e-05
HA-0530,Hospital A,1,0,0.11473191,2.165157,3.0,2.998665615055469,1e-05
HA-0531,Hospital A,0,1,0.12795709,0.13691664,3.0,2.998665615055469,1e-05
HA-0532,Hospital A,0,0,0.05147826,0.052850485,3.0,2.998665615055469,1e-05
HA-0533,Hospital A,0,0,0.04216008,0.043074608,3.0,2.998665615055469,1e-05
HA-0534,Hospital A,1,1,0.19998023,1.6095368,3.0,2.998665615055469,1e-05
HA-0535,Hospital A,0,0,0.032552686,0.033094406,3.0,2.998665615055469,1e-05
HA-0536,Hospital A,0,0,0.08103871,0.08451128,3.0,2.998665615055469,1e-05
HA-0537,Hospital A,0,1,0.06937033,0.07189393,3.0,2.998665615055469,1e-05
HA-0538,Hospital A,0,0,0.12741904,0.13629985,3.0,2.998665615055469,1e-05
HA-0539,Hospital A,0,1,0.032731283,0.033278942,3.0,2.998665615055469,1e-05
HA-0540,Hospital A,0,1,0.050986808,0.05233264,3.0,2.998665615055469,1e-05
HA-0541,Hospital A,0,1,0.028682211,0.02910161,3.0,2.998665615055469,1e-05
HA-0542,Hospital A,0,1,0.16339646,0.17840493,3.0,2.998665615055469,1e-05
HA-0543,Hospital A,0,0,0.16488849,0.18018997,3.0,2.998665615055469,1e-05
HA-0544,Hospital A,0,1,0.035789423,0.036445618,3.0,2.998665615055469,1e-05
HA-0545,Hospital A,0,1,0.06357571,0.0656867,3.0,2.998665615055469,1e-05
HA-0546,Hospital A,1,1,0.031688653,3.4517965,3.0,2.998665615055469,1e-05
HA-0547,Hospital A,0,1,0.058078032,0.05983281,3.0,2.998665615055469,1e-05
HA-0548,Hospital A,0,1,0.06851955,0.07098007,3.0,2.998665615055469,1e-05
HA-0549,Hospital A,0,0,0.109881505,0.11640072,3.0,2.998665615055469,1e-05
HA-0550,Hospital A,0,1,0.14503375,0.15669334,3.0,2.998665615055469,1e-05
HA-0551,Hospital A,0,1,0.064553514,0.06673145,3.0,2.998665615055469,1e-05
HA-0552,Hospital A,0,0,0.07799398,0.08120346,3.0,2.998665615055469,1e-05
HA-0553,Hospital A,0,1,0.091325365,0.09576821,3.0,2.998665615055469,1e-05
HA-0554,Hospital A,0,1,0.15989712,0.17423093,3.0,2.998665615055469,1e-05
HA-0555,Hospital A,0,0,0.048296485,0.049501657,3.0,2.998665615055469,1e-05
HA-0556,Hospital A,0,1,0.094207495,0.09894514,3.0,2.998665615055469,1e-05
HA-0557,Hospital A,0,1,0.33835778,0.41303027,3.0,2.998665615055469,1e-05
HA-0558,Hospital A,1,1,0.078601815,2.5433605,3.0,2.998665615055469,1e-05
HA-0559,Hospital A,0,1,0.037015464,0.03771782,3.0,2.998665615055469,1e-05
HA-0560,Hospital A,0,0,0.10019567,0.105577946,3.0,2.998665615055469,1e-05
HA-0561,Hospital A,1,1,0.10506353,2.25319,3.0,2.998665615055469,1e-05
HA-0562,Hospital A,1,0,0.06448326,2.7413497,3.0,2.998665615055469,1e-05
HA-0563,Hospital A,0,1,0.10797576,0.114261866,3.0,2.998665615055469,1e-05
HA-0564,Hospital A,0,0,0.10780624,0.114071846,3.0,2.998665615055469,1e-05
HA-0565,Hospital A,0,0,0.052446403,0.05387187,3.0,2.998665615055469,1e-05
HA-0566,Hospital A,0,1,0.050716143,0.05204749,3.0,2.998665615055469,1e-05
HA-0567,Hospital A,0,0,0.0437588,0.044745207,3.0,2.998665615055469,1e-05
HA-0568,Hospital A,0,1,0.055742443,0.057356358,3.0,2.998665615055469,1e-05
HA-0569,Hospital A,0,1,0.08118654,0.08467221,3.0,2.998665615055469,1e-05
HA-0570,Hospital A,1,1,0.11253427,2.1844976,3.0,2.998665615055469,1e-05
HA-0571,Hospital A,0,1,0.14446872,0.15603256,3.0,2.998665615055469,1e-05
HA-0572,Hospital A,0,0,0.2678579,0.3117807,3.0,2.998665615055469,1e-05
HA-0573,Hospital A,0,1,0.0588279,0.060629368,3.0,2.998665615055469,1e-05
HA-0574,Hospital A,1,1,0.12912448,2.0469785,3.0,2.998665615055469,1e-05
HA-0575,Hospital A,0,0,0.09676592,0.1017735,3.0,2.998665615055469,1e-05
HA-0576,Hospital A,0,1,0.033513594,0.034088135,3.0,2.998665615055469,1e-05
HA-0577,Hospital A,0,0,0.07157172,0.07426214,3.0,2.998665615055469,1e-05
HA-0578,Hospital A,1,1,0.06707986,2.7018714,3.0,2.998665615055469,1e-05
HA-0579,Hospital A,0,0,0.03972717,0.040537834,3.0,2.998665615055469,1e-05
HA-0580,Hospital A,0,0,0.07004598,0.07262015,3.0,2.998665615055469,1e-05
HA-0581,Hospital A,0,1,0.066917084,0.06926131,3.0,2.998665615055469,1e-05
HA-0582,Hospital A,0,1,0.02963505,0.030082941,3.0,2.998665615055469,1e-05
HA-0583,Hospital A,0,0,0.06863273,0.071101665,3.0,2.998665615055469,1e-05
HA-0584,Hospital A,0,1,0.046089396,0.04718542,3.0,2.998665615055469,1e-05
HA-0585,Hospital A,0,1,0.065440156,0.06767964,3.0,2.998665615055469,1e-05
HA-0586,Hospital A,1,0,0.14628392,1.9222059,3.0,2.998665615055469,1e-05
HA-0587,Hospital A,0,1,0.2187151,0.24681544,3.0,2.998665615055469,1e-05
HA-0588,Hospital A,0,0,0.10504597,0.110982895,3.0,2.998665615055469,1e-05
HA-0589,Hospital A,0,1,0.056466695,0.05812359,3.0,2.998665615055469,1e-05
HA-0590,Hospital A,1,1,0.31974086,1.1402444,3.0,2.998665615055469,1e-05
HA-0591,Hospital A,0,1,0.041994866,0.04290223,3.0,2.998665615055469,1e-05
HA-0592,Hospital A,0,0,0.08206809,0.085632086,3.0,2.998665615055469,1e-05
HA-0593,Hospital A,1,1,0.11933553,2.125816,3.0,2.998665615055469,1e-05
HA-0594,Hospital A,0,1,0.03590604,0.036566496,3.0,2.998665615055469,1e-05
HA-0595,Hospital A,0,0,0.065102465,0.06731844,3.0,2.998665615055469,1e-05
HA-0596,Hospital A,0,0,0.08966588,0.093943596,3.0,2.998665615055469,1e-05
HA-0597,Hospital A,0,0,0.07362212,0.076473,3.0,2.998665615055469,1e-05
HA-0598,Hospital A,0,1,0.12080572,0.12874937,3.0,2.998665615055469,1e-05
HA-0599,Hospital A,1,1,0.074957944,2.5908282,3.0,2.998665615055469,1e-05
HA-0600,Hospital A,0,0,0.12743086,0.13631344,3.0,2.998665615055469,1e-05
HA-0601,Hospital A,0,0,0.15691736,0.1706903,3.0,2.998665615055469,1e-05
HA-0602,Hospital A,0,0,0.12593694,0.13460279,3.0,2.998665615055469,1e-05
HA-0603,Hospital A,0,0,0.07746375,0.08062863,3.0,2.998665615055469,1e-05
HA-0604,Hospital A,0,0,0.060882974,0.06281519,3.0,2.998665615055469,1e-05
HA-0605,Hospital A,1,1,0.0747477,2.593637,3.0,2.998665615055469,1e-05
HA-0606,Hospital A,0,1,0.066422135,0.06873083,3.0,2.998665615055469,1e-05
HA-0607,Hospital A,0,1,0.15269895,0.16569924,3.0,2.998665615055469,1e-05
HA-0608,Hospital A,0,1,0.115756884,0.12302327,3.0,2.998665615055469,1e-05
HA-0609,Hospital A,1,1,0.072776295,2.620365,3.0,2.998665615055469,1e-05
HA-0610,Hospital A,0,1,0.049271725,0.050527096,3.0,2.998665615055469,1e-05
HA-0611,Hospital A,0,1,0.040565766,0.0414114,3.0,2.998665615055469,1e-05
HA-0612,Hospital A,1,0,0.03781689,3.2749996,3.0,2.998665615055469,1e-05
HA-0613,Hospital A,1,0,0.086416095,2.4485812,3.0,2.998665615055469,1e-05
HA-0614,Hospital A,0,1,0.09375765,0.098448515,3.0,2.998665615055469,1e-05
HA-0615,Hospital A,0,0,0.096905544,0.101928234,3.0,2.998665615055469,1e-05
HA-0616,Hospital A,0,0,0.03947494,0.040275097,3.0,2.998665615055469,1e-05
HA-0617,Hospital A,0,1,0.04439023,0.045405626,3.0,2.998665615055469,1e-05
HA-0618,Hospital A,0,1,0.06916857,0.07167697,3.0,2.998665615055469,1e-05
HA-0619,Hospital A,0,0,0.050851934,0.052190542,3.0,2.998665615055469,1e-05
HA-0620,Hospital A,0,0,0.1325133,0.14215517,3.0,2.998665615055469,1e-05
HA-0621,Hospital A,0,0,0.04208916,0.04300046,3.0,2.998665615055469,1e-05
HA-0622,Hospital A,0,1,0.04560932,0.04668212,3.0,2.998665615055469,1e-05
HA-0623,Hospital A,0,0,0.04856977,0.049788952,3.0,2.998665615055469,1e-05
HA-0624,Hospital A,1,1,0.31820673,1.145054,3.0,2.998665615055469,1e-05
HA-0625,Hospital A,0,0,0.079772435,0.083134174,3.0,2.998665615055469,1e-05
HA-0626,Hospital A,1,0,0.09243973,2.3811984,3.0,2.998665615055469,1e-05
HA-0627,Hospital A,0,1,0.12943913,0.13861752,3.0,2.998665615055469,1e-05
HA-0628,Hospital A,1,0,0.1964461,1.6273671,3.0,2.998665615055469,1e-05
HA-0629,Hospital A,1,1,0.055201687,2.896762,3.0,2.998665615055469,1e-05
HA-0630,Hospital A,0,1,0.17348865,0.19054163,3.0,2.998665615055469,1e-05
HA-0631,Hospital A,0,0,0.19190906,0.21308064,3.0,2.998665615055469,1e-05
HA-0632,Hospital A,0,0,0.08556626,0.08945036,3.0,2.998665615055469,1e-05
HA-0633,Hospital A,0,1,0.040824156,0.041680813,3.0,2.998665615055469,1e-05
HA-0634,Hospital A,0,0,0.06504721,0.06725931,3.0,2.998665615055469,1e-05
HA-0635,Hospital A,0,0,0.08619616,0.09013939,3.0,2.998665615055469,1e-05
HA-0636,Hospital A,0,0,0.07854827,0.08180499,3.0,2.998665615055469,1e-05
HA-0637,Hospital A,0,1,0.054998387,0.056568623,3.0,2.998665615055469,1e-05
HA-0638,Hospital A,0,0,0.07303021,0.075834274,3.0,2.998665615055469,1e-05
HA-0639,Hospital A,0,1,0.05635243,0.058002472,3.0,2.998665615055469,1e-05
HA-0640,Hospital A,1,1,0.08280901,2.4912186,3.0,2.998665615055469,1e-05
HA-0641,Hospital A,0,0,0.19314742,0.21461427,3.0,2.998665615055469,1e-05
HA-0642,Hospital A,0,0,0.15816908,0.17217612,3.0,2.998665615055469,1e-05
HA-0643,Hospital A,0,1,0.071049415,0.07369971,3.0,2.998665615055469,1e-05
HA-0644,Hospital A,0,0,0.047869384,0.049052954,3.0,2.998665615055469,1e-05
HA-0645,Hospital A,0,0,0.12318072,0.13145447,3.0,2.998665615055469,1e-05
HA-0646,Hospital A,0,0,0.044996936,0.046040773,3.0,2.998665615055469,1e-05
HA-0647,Hospital A,0,0,0.04918605,0.050436974,3.0,2.998665615055469,1e-05
HA-0648,Hospital A,0,0,0.14161436,0.15270185,3.0,2.998665615055469,1e-05
HA-0649,Hospital A,0,0,0.21113959,0.23716593,3.0,2.998665615055469,1e-05
HA-0650,Hospital A,0,1,0.07147347,0.074156284,3.0,2.998665615055469,1e-05
HA-0651,Hospital A,0,1,0.11140388,0.118112564,3.0,2.998665615055469,1e-05
HA-0652,Hospital A,0,0,0.06221745,0.06423712,3.0,2.998665615055469,1e-05
HA-0653,Hospital A,1,0,0.10631434,2.2413552,3.0,2.998665615055469,1e-05
HA-0654,Hospital A,0,0,0.026629267,0.026990175,3.0,2.998665615055469,1e-05
HA-0655,Hospital A,0,0,0.18779379,0.20800102,3.0,2.998665615055469,1e-05
HA-0656,Hospital A,0,0,0.13243268,0.14206219,3.0,2.998665615055469,1e-05
HA-0657,Hospital A,0,1,0.07855591,0.0818131,3.0,2.998665615055469,1e-05
HA-0658,Hospital A,0,0,0.03445817,0.03506589,3.0,2.998665615055469,1e-05
HA-0659,Hospital A,0,0,0.08229309,0.08587718,3.0,2.998665615055469,1e-05
HA-0660,Hospital A,0,1,0.091954395,0.09646058,3.0,2.998665615055469,1e-05
HA-0661,Hospital A,0,1,0.1018411,0.107408285,3.0,2.998665615055469,1e-05
HA-0662,Hospital A,1,1,0.19667333,1.6262112,3.0,2.998665615055469,1e-05
HA-0663,Hospital A,0,0,0.037206046,0.037915945,3.0,2.998665615055469,1e-05
HA-0664,Hospital A,0,1,0.036885217,0.037582636,3.0,2.998665615055469,1e-05
HA-0665,Hospital A,0,1,0.067040585,0.069393635,3.0,2.998665615055469,1e-05
HA-0666,Hospital A,0,1,0.03385059,0.034436703,3.0,2.998665615055469,1e-05
HA-0667,Hospital A,0,1,0.025518311,0.02584958,3.0,2.998665615055469,1e-05
HA-0668,Hospital A,1,1,0.07421284,2.6008182,3.0,2.998665615055469,1e-05
HA-0669,Hospital A,0,1,0.20832908,0.23360944,3.0,2.998665615055469,1e-05
HA-0670,Hospital A,0,0,0.0811262,0.08460641,3.0,2.998665615055469,1e-05
HA-0671,Hospital A,0,1,0.06295087,0.06501961,3.0,2.998665615055469,1e-05
HA-0672,Hospital A,1,0,0.08336582,2.4845169,3.0,2.998665615055469,1e-05
HA-0673,Hospital A,0,1,0.1327115,0.14238358,3.0,2.998665615055469,1e-05
HA-0674,Hospital A,0,1,0.0714848,0.07416844,3.0,2.998665615055469,1e-05
HA-0675,Hospital A,1,0,0.124468364,2.0837038,3.0,2.998665615055469,1e-05
HA-0676,Hospital A,0,1,0.030662253,0.031142235,3.0,2.998665615055469,1e-05
HA-0677,Hospital A,1,0,0.14958093,1.8999177,3.0,2.998665615055469,1e-05
HA-0678,Hospital A,1,1,0.30541557,1.1860819,3.0,2.998665615055469,1e-05
HA-0679,Hospital A,0,1,0.11958266,0.12735915,3.0,2.998665615055469,1e-05
HA-0680,Hospital A,0,1,0.065317504,0.067548275,3.0,2.998665615055469,1e-05
HA-0681,Hospital A,0,0,0.06687795,0.06921935,3.0,2.998665615055469,1e-05
HA-0682,Hospital A,0,1,0.07952418,0.08286452,3.0,2.998665615055469,1e-05
HA-0683,Hospital A,1,1,0.17727764,1.7300382,3.0,2.998665615055469,1e-05
HA-0684,Hospital A,0,1,0.054426417,0.055963516,3.0,2.998665615055469,1e-05
HA-0685,Hospital A,1,0,0.20630948,1.578378,3.0,2.998665615055469,1e-05
HA-0686,Hospital A,0,0,0.043557968,0.04453516,3.0,2.998665615055469,1e-05
HA-0687,Hospital A,0,1,0.047287043,0.04844165,3.0,2.998665615055469,1e-05
HA-0688,Hospital A,0,1,0.079054184,0.08235407,3.0,2.998665615055469,1e-05
HA-0689,Hospital A,0,1,0.17206796,0.18882418,3.0,2.998665615055469,1e-05
HA-0690,Hospital A,0,0,0.03335656,0.033925533,3.0,2.998665615055469,1e-05
HA-0691,Hospital A,0,1,0.10791028,0.11418867,3.0,2.998665615055469,1e-05
HA-0692,Hospital A,1,0,0.16125248,1.8247839,3.0,2.998665615055469,1e-05
HA-0693,Hospital A,0,0,0.120271996,0.1281426,3.0,2.998665615055469,1e-05
HA-0694,Hospital A,0,0,0.06334853,0.06544399,3.0,2.998665615055469,1e-05
HA-0695,Hospital A,0,1,0.07596361,0.07900381,3.0,2.998665615055469,1e-05
HA-0696,Hospital A,0,1,0.1064364,0.11253786,3.0,2.998665615055469,1e-05
HA-0697,Hospital A,0,0,0.0440131,0.045011044,3.0,2.998665615055469,1e-05
HA-0698,Hospital A,0,1,0.023257794,0.023532629,3.0,2.998665615055469,1e-05
HA-0699,Hospital A,0,1,0.050887186,0.052227497,3.0,2.998665615055469,1e-05
HA-0700,Hospital A,0,1,0.07206181,0.07479024,3.0,2.998665615055469,1e-05
HA-0701,Hospital A,0,1,0.096514046,0.10149479,3.0,2.998665615055469,1e-05
HA-0702,Hospital A,0,0,0.111990176,0.11877251,3.0,2.998665615055469,1e-05
HA-0703,Hospital A,0,0,0.051965527,0.053364515,3.0,2.998665615055469,1e-05
HA-0704,Hospital A,1,0,0.10118023,2.2908518,3.0,2.998665615055469,1e-05
HA-0705,Hospital A,1,0,0.5355405,0.6244787,3.0,2.998665615055469,1e-05
HA-0706,Hospital A,0,1,0.12847807,0.13751435,3.0,2.998665615055469,1e-05
HA-0707,Hospital A,0,1,0.02474329,0.025054455,3.0,2.998665615055469,1e-05
HA-0708,Hospital A,0,0,0.09897033,0.10421705,3.0,2.998665615055469,1e-05
HA-0709,Hospital A,0,1,0.24397889,0.27968597,3.0,2.998665615055469,1e-05
HA-0710,Hospital A,0,1,0.07299521,0.075796604,3.0,2.998665615055469,1e-05
HA-0711,Hospital A,0,0,0.11915853,0.12687755,3.0,2.998665615055469,1e-05
HA-0712,Hospital A,1,0,0.3035903,1.1920762,3.0,2.998665615055469,1e-05
HA-0713,Hospital A,0,0,0.048514612,0.049731016,3.0,2.998665615055469,1e-05
HA-0714,Hospital A,0,0,0.07568138,0.0786984,3.0,2.998665615055469,1e-05
HA-0715,Hospital A,0,0,0.057613377,0.05933976,3.0,2.998665615055469,1e-05
HA-0716,Hospital A,1,1,0.061799828,2.7838547,3.0,2.998665615055469,1e-05
HA-0717,Hospital A,0,1,0.08296283,0.08660722,3.0,2.998665615055469,1e-05
HA-0718,Hospital A,1,1,0.35268208,1.0421882,3.0,2.998665615055469,1e-05
HA-0719,Hospital A,0,1,0.070331216,0.072927,3.0,2.998665615055469,1e-05
HA-0720,Hospital A,0,0,0.0376368,0.038363457,3.0,2.998665615055469,1e-05
HA-0721,Hospital A,0,0,0.04443541,0.045452833,3.0,2.998665615055469,1e-05
HA-0722,Hospital A,1,0,0.15223941,1.882301,3.0,2.998665615055469,1e-05
HA-0723,Hospital A,0,1,0.03220625,0.0327363,3.0,2.998665615055469,1e-05
HA-0724,Hospital A,1,0,0.05129065,2.9702468,3.0,2.998665615055469,1e-05
HA-0725,Hospital A,0,0,0.07335025,0.076179504,3.0,2.998665615055469,1e-05
HA-0726,Hospital A,0,1,0.06389596,0.066028595,3.0,2.998665615055469,1e-05
HA-0727,Hospital A,0,1,0.07822143,0.081450224,3.0,2.998665615055469,1e-05
HA-0728,Hospital A,1,0,0.12537305,2.0764616,3.0,2.998665615055469,1e-05
HA-0729,Hospital A,1,0,0.06509828,2.7318573,3.0,2.998665615055469,1e-05
HA-0730,Hospital A,0,0,0.085015945,0.08884859,3.0,2.998665615055469,1e-05
HA-0731,Hospital A,0,1,0.08771064,0.09179807,3.0,2.998665615055469,1e-05
HA-0732,Hospital A,0,0,0.0793363,0.08266044,3.0,2.998665615055469,1e-05
HA-0733,Hospital A,0,0,0.052034777,0.05343747,3.0,2.998665615055469,1e-05
HA-0734,Hospital A,1,1,0.18391399,1.693287,3.0,2.998665615055469,1e-05
HA-0735,Hospital A,0,1,0.13742015,0.1478275,3.0,2.998665615055469,1e-05
HA-0736,Hospital A,1,0,0.07678912,2.5666924,3.0,2.998665615055469,1e-05
HA-0737,Hospital A,1,0,0.06511127,2.7316575,3.0,2.998665615055469,1e-05
HA-0738,Hospital A,0,1,0.1619139,0.17663443,3.0,2.998665615055469,1e-05
HA-0739,Hospital A,0,0,0.05454534,0.0560894,3.0,2.998665615055469,1e-05
HA-0740,Hospital A,1,0,0.034930207,3.3544033,3.0,2.998665615055469,1e-05
HA-0741,Hospital A,1,0,0.09968037,2.3057866,3.0,2.998665615055469,1e-05
HA-0742,Hospital A,0,1,0.055754934,0.05736947,3.0,2.998665615055469,1e-05
HA-0743,Hospital A,0,1,0.04264075,0.04357648,3.0,2.998665615055469,1e-05
HA-0744,Hospital A,0,1,0.0410852,0.041953087,3.0,2.998665615055469,1e-05
HA-0745,Hospital A,0,1,0.061059628,0.0630033,3.0,2.998665615055469,1e-05
HA-0746,Hospital A,0,1,0.08064076,0.08407831,3.0,2.998665615055469,1e-05
HA-0747,Hospital A,1,0,0.1511381,1.8895613,3.0,2.998665615055469,1e-05
HA-0748,Hospital A,1,1,0.12378202,2.0892332,3.0,2.998665615055469,1e-05
HA-0749,Hospital A,0,0,0.09094992,0.095355034,3.0,2.998665615055469,1e-05
HA-0750,Hospital A,0,0,0.042747997,0.043688536,3.0,2.998665615055469,1e-05
HA-0751,Hospital A,0,1,0.11454066,0.12164879,3.0,2.998665615055469,1e-05
HA-0752,Hospital A,1,0,0.08613873,2.451796,3.0,2.998665615055469,1e-05
HA-0753,Hospital A,0,1,0.08031105,0.08371973,3.0,2.998665615055469,1e-05
HA-0754,Hospital A,1,0,0.20239303,1.5975437,3.0,2.998665615055469,1e-05
HA-0755,Hospital A,1,1,0.12803942,2.055417,3.0,2.998665615055469,1e-05
HA-0756,Hospital A,0,1,0.07194064,0.074659586,3.0,2.998665615055469,1e-05
HA-0757,Hospital A,0,1,0.035329342,0.035968542,3.0,2.998665615055469,1e-05
HA-0758,Hospital A,1,1,0.080116004,2.5242798,3.0,2.998665615055469,1e-05
HA-0759,Hospital A,0,0,0.11902576,0.12672687,3.0,2.998665615055469,1e-05
HA-0760,Hospital A,1,1,0.06993342,2.6602116,3.0,2.998665615055469,1e-05
HA-0761,Hospital A,1,0,0.055349138,2.8940942,3.0,2.998665615055469,1e-05
HA-0762,Hospital A,0,1,0.04662668,0.047748804,3.0,2.998665615055469,1e-05
HA-0763,Hospital A,0,1,0.18515246,0.20475423,3.0,2.998665615055469,1e-05
HA-0764,Hospital A,0,0,0.114838414,0.12198496,3.0,2.998665615055469,1e-05
HA-0765,Hospital A,0,1,0.06479853,0.06699324,3.0,2.998665615055469,1e-05
HA-0766,Hospital A,0,1,0.05735294,0.059063435,3.0,2.998665615055469,1e-05
HA-0767,Hospital A,1,0,0.33836842,1.08362,3.0,2.998665615055469,1e-05
HA-0768,Hospital A,1,0,0.021863379,3.8229423,3.0,2.998665615055469,1e-05
HA-0769,Hospital A,0,1,0.037576098,0.038300276,3.0,2.998665615055469,1e-05
HA-0770,Hospital A,1,0,0.06559684,2.7242277,3.0,2.998665615055469,1e-05
HA-0771,Hospital A,0,1,0.04370139,0.044685125,3.0,2.998665615055469,1e-05
HA-0772,Hospital A,0,0,0.060247794,0.062139034,3.0,2.998665615055469,1e-05
HA-0773,Hospital A,0,0,0.072548695,0.075315,3.0,2.998665615055469,1e-05
HA-0774,Hospital A,0,1,0.079339206,0.082663536,3.0,2.998665615055469,1e-05
HA-0775,Hospital A,0,0,0.055622783,0.05722952,3.0,2.998665615055469,1e-05
HA-0776,Hospital A,0,0,0.11972637,0.12752247,3.0,2.998665615055469,1e-05
HA-0777,Hospital A,0,1,0.06643552,0.068745136,3.0,2.998665615055469,1e-05
HA-0778,Hospital A,0,0,0.10918459,0.11561799,3.0,2.998665615055469,1e-05
HA-0779,Hospital A,0,0,0.1676625,0.18351722,3.0,2.998665615055469,1e-05
HA-0780,Hospital A,1,0,0.09516221,2.3521724,3.0,2.998665615055469,1e-05
HA-0781,Hospital A,0,0,0.048765536,0.049994707,3.0,2.998665615055469,1e-05
HA-0782,Hospital A,0,1,0.046933938,0.048071146,3.0,2.998665615055469,1e-05
HA-0783,Hospital A,0,1,0.06850625,0.07096577,3.0,2.998665615055469,1e-05
HA-0784,Hospital A,0,0,0.12703964,0.13586521,3.0,2.998665615055469,1e-05
HA-0785,Hospital A,0,0,0.10549937,0.11148977,3.0,2.998665615055469,1e-05
HA-0786,Hospital A,0,1,0.037247404,0.03795886,3.0,2.998665615055469,1e-05
HA-0787,Hospital A,0,1,0.12245502,0.13062716,3.0,2.998665615055469,1e-05
HA-0788,Hospital A,0,1,0.025128389,0.025449514,3.0,2.998665615055469,1e-05
HA-0789,Hospital A,0,0,0.04802772,0.04921937,3.0,2.998665615055469,1e-05
HA-0790,Hospital A,0,1,0.28347278,0.33333898,3.0,2.998665615055469,1e-05
HA-0791,Hospital A,0,1,0.03543437,0.0360775,3.0,2.998665615055469,1e-05
HA-0792,Hospital A,0,0,0.04078,0.041634798,3.0,2.998665615055469,1e-05
HA-0793,Hospital A,1,1,0.095808506,2.345404,3.0,2.998665615055469,1e-05
HA-0794,Hospital A,0,1,0.05528178,0.056868553,3.0,2.998665615055469,1e-05
HA-0795,Hospital A,0,1,0.04252699,0.043457747,3.0,2.998665615055469,1e-05
HA-0796,Hospital A,0,1,0.053608097,0.055098534,3.0,2.998665615055469,1e-05
HA-0797,Hospital A,1,1,0.08816022,2.4285994,3.0,2.998665615055469,1e-05
HA-0798,Hospital A,0,0,0.089788444,0.0940783,3.0,2.998665615055469,1e-05
HA-0799,Hospital A,0,1,0.057883248,0.059626102,3.0,2.998665615055469,1e-05
HA-0800,Hospital A,1,0,0.052332938,2.9501293,3.0,2.998665615055469,1e-05
HA-0801,Hospital A,0,0,0.10859704,0.11495876,3.0,2.998665615055469,1e-05
HA-0802,Hospital A,0,1,0.07902621,0.08232379,3.0,2.998665615055469,1e-05
HA-0803,Hospital A,0,0,0.0927258,0.09731054,3.0,2.998665615055469,1e-05
HA-0804,Hospital A,0,1,0.08544397,0.08931661,3.0,2.998665615055469,1e-05
HA-0805,Hospital A,1,0,0.057054706,2.8637447,3.0,2.998665615055469,1e-05
HA-0806,Hospital A,1,1,0.08545074,2.4598153,3.0,2.998665615055469,1e-05
HA-0807,Hospital A,0,1,0.03797998,0.03872013,3.0,2.998665615055469,1e-05
HA-0808,Hospital A,0,1,0.042509865,0.043439865,3.0,2.998665615055469,1e-05
HA-0809,Hospital A,0,1,0.048682556,0.049907446,3.0,2.998665615055469,1e-05
HA-0810,Hospital A,0,0,0.06817083,0.070605755,3.0,2.998665615055469,1e-05
HA-0811,Hospital A,0,0,0.046468984,0.04758334,3.0,2.998665615055469,1e-05
HA-0812,Hospital A,0,1,0.15175176,0.16458201,3.0,2.998665615055469,1e-05
HA-0813,Hospital A,0,0,0.120064214,0.12790632,3.0,2.998665615055469,1e-05
HA-0814,Hospital A,1,1,0.12905207,2.0475392,3.0,2.998665615055469,1e-05
HA-0815,Hospital A,1,1,0.043790903,3.128329,3.0,2.998665615055469,1e-05
HA-0816,Hospital A,0,1,0.07333239,0.07616043,3.0,2.998665615055469,1e-05
HA-0817,Hospital A,0,0,0.054157786,0.05567956,3.0,2.998665615055469,1e-05
HA-0818,Hospital A,0,0,0.08338033,0.0870626,3.0,2.998665615055469,1e-05
HA-0819,Hospital A,0,0,0.102147095,0.107748985,3.0,2.998665615055469,1e-05
HA-0820,Hospital A,0,0,0.033299573,0.033866644,3.0,2.998665615055469,1e-05
HA-0821,Hospital A,0,0,0.07097801,0.07362294,3.0,2.998665615055469,1e-05
HA-0822,Hospital A,0,0,0.17550789,0.19298768,3.0,2.998665615055469,1e-05
HA-0823,Hospital A,0,1,0.031988308,0.032510996,3.0,2.998665615055469,1e-05
HA-0824,Hospital A,0,1,0.043489378,0.044463396,3.0,2.998665615055469,1e-05
HA-0825,Hospital A,0,0,0.061679896,0.0636642,3.0,2.998665615055469,1e-05
HA-0826,Hospital A,0,0,0.042231098,0.043148756,3.0,2.998665615055469,1e-05
HA-0827,Hospital A,0,0,0.088925235,0.09313035,3.0,2.998665615055469,1e-05
HA-0828,Hospital A,1,1,0.1578054,1.8463926,3.0,2.998665615055469,1e-05
HA-0829,Hospital A,1,0,0.13324682,2.015552,3.0,2.998665615055469,1e-05
HA-0830,Hospital A,0,0,0.04718629,0.04833579,3.0,2.998665615055469,1e-05
HA-0831,Hospital A,0,1,0.06220531,0.06422424,3.0,2.998665615055469,1e-05
HA-0832,Hospital A,0,1,0.06102873,0.0629704,3.0,2.998665615055469,1e-05
HA-0833,Hospital A,0,1,0.04973635,0.051015854,3.0,2.998665615055469,1e-05
HA-0834,Hospital A,0,0,0.04867356,0.04989791,3.0,2.998665615055469,1e-05
HA-0835,Hospital A,0,0,0.11576646,0.123034,3.0,2.998665615055469,1e-05
HA-0836,Hospital A,0,1,0.05647776,0.05813527,3.0,2.998665615055469,1e-05
HA-0837,Hospital A,0,0,0.06930919,0.07182813,3.0,2.998665615055469,1e-05
HA-0838,Hospital A,0,0,0.07851849,0.081772566,3.0,2.998665615055469,1e-05
HA-0839,Hospital A,1,1,0.157335,1.849378,3.0,2.998665615055469,1e-05
HA-0840,Hospital A,0,0,0.09764784,0.1027503,3.0,2.998665615055469,1e-05
HA-0841,Hospital A,0,0,0.06544922,0.06768942,3.0,2.998665615055469,1e-05
HA-0842,Hospital A,0,0,0.044306625,0.045318127,3.0,2.998665615055469,1e-05
HA-0843,Hospital A,0,0,0.10351903,0.1092782,3.0,2.998665615055469,1e-05
HA-0844,Hospital A,0,1,0.105982415,0.11202979,3.0,2.998665615055469,1e-05
HA-0845,Hospital A,1,0,0.077344514,2.5594857,3.0,2.998665615055469,1e-05
HA-0846,Hospital A,0,0,0.113538936,0.12051797,3.0,2.998665615055469,1e-05
HA-0847,Hospital A,1,1,0.15629697,1.8559973,3.0,2.998665615055469,1e-05
HA-0848,Hospital A,0,0,0.16742954,0.18323743,3.0,2.998665615055469,1e-05
HA-0849,Hospital A,0,0,0.0685075,0.0709672,3.0,2.998665615055469,1e-05
HA-0850,Hospital A,1,1,0.093818925,2.3663888,3.0,2.998665615055469,1e-05
HA-0851,Hospital A,0,1,0.09407729,0.098801374,3.0,2.998665615055469,1e-05
HA-0852,Hospital A,0,1,0.0657017,0.06795955,3.0,2.998665615055469,1e-05
HA-0853,Hospital A,1,0,0.08211863,2.4995904,3.0,2.998665615055469,1e-05
HA-0854,Hospital A,1,0,0.078812085,2.540689,3.0,2.998665615055469,1e-05
HA-0855,Hospital A,0,1,0.24659139,0.28314757,3.0,2.998665615055469,1e-05
HA-0856,Hospital A,0,1,0.11793514,0.12548971,3.0,2.998665615055469,1e-05
HA-0857,Hospital A,0,0,0.14225802,0.15345192,3.0,2.998665615055469,1e-05
HA-0858,Hospital A,1,0,0.035997543,3.3243046,3.0,2.998665615055469,1e-05
HA-0859,Hospital A,0,1,0.027072098,0.027445316,3.0,2.998665615055469,1e-05
HA-0860,Hospital A,0,1,0.12591073,0.13457274,3.0,2.998665615055469,1e-05
HA-0861,Hospital A,0,1,0.12672645,0.13550639,3.0,2.998665615055469,1e-05
HA-0862,Hospital A,0,1,0.030397497,0.030869007,3.0,2.998665615055469,1e-05
HA-0863,Hospital A,0,0,0.11058108,0.11718702,3.0,2.998665615055469,1e-05
HA-0864,Hospital A,1,1,0.41124642,0.88856256,3.0,2.998665615055469,1e-05
HA-0865,Hospital A,0,0,0.06850902,0.07096887,3.0,2.998665615055469,1e-05
HA-0866,Hospital A,1,1,0.12795587,2.0560699,3.0,2.998665615055469,1e-05
HA-0867,Hospital A,0,1,0.04401848,0.045016766,3.0,2.998665615055469,1e-05
HA-0868,Hospital A,0,1,0.041582048,0.04247141,3.0,2.998665615055469,1e-05
HA-0869,Hospital A,0,1,0.030799532,0.031283855,3.0,2.998665615055469,1e-05
HA-0870,Hospital A,0,1,0.054422576,0.055959463,3.0,2.998665615055469,1e-05
HA-0871,Hospital A,0,1,0.0747665,0.0777092,3.0,2.998665615055469,1e-05
HA-0872,Hospital A,0,0,0.045483205,0.046550035,3.0,2.998665615055469,1e-05
HA-0873,Hospital A,0,1,0.041922487,0.042826653,3.0,2.998665615055469,1e-05
HA-0874,Hospital A,0,0,0.041965976,0.042871952,3.0,2.998665615055469,1e-05
HA-0875,Hospital A,0,0,0.06752624,0.06991434,3.0,2.998665615055469,1e-05
HA-0876,Hospital A,0,0,0.13140438,0.14087749,3.0,2.998665615055469,1e-05
HA-0877,Hospital A,0,0,0.06076242,0.06268692,3.0,2.998665615055469,1e-05
HA-0878,Hospital A,0,0,0.06142619,0.06339383,3.0,2.998665615055469,1e-05
HA-0879,Hospital A,0,0,0.06874959,0.07122707,3.0,2.998665615055469,1e-05
HA-0880,Hospital A,0,0,0.058800288,0.060600042,3.0,2.998665615055469,1e-05
HA-0881,Hospital A,0,0,0.095698394,0.100592375,3.0,2.998665615055469,1e-05
HA-0882,Hospital A,0,0,0.050191022,0.05149436,3.0,2.998665615055469,1e-05
HA-0883,Hospital A,0,0,0.040683065,0.04153371,3.0,2.998665615055469,1e-05
HA-0884,Hospital A,0,1,0.0890222,0.093236685,3.0,2.998665615055469,1e-05
HA-0885,Hospital A,0,0,0.08327341,0.08694601,3.0,2.998665615055469,1e-05
HA-0886,Hospital A,0,1,0.10928289,0.11572838,3.0,2.998665615055469,1e-05
HA-0887,Hospital A,0,0,0.037355777,0.038071394,3.0,2.998665615055469,1e-05
HA-0888,Hospital A,1,0,0.20251627,1.596935,3.0,2.998665615055469,1e-05
HA-0889,Hospital A,0,0,0.07488272,0.077834845,3.0,2.998665615055469,1e-05
HA-0890,Hospital A,0,0,0.035860874,0.036519766,3.0,2.998665615055469,1e-05
HA-0891,Hospital A,0,0,0.025715044,0.026051521,3.0,2.998665615055469,1e-05
HA-0892,Hospital A,0,1,0.11363534,0.12062693,3.0,2.998665615055469,1e-05
HA-0893,Hospital A,0,1,0.04073471,0.04158759,3.0,2.998665615055469,1e-05
HA-0894,Hospital A,0,0,0.0508944,0.052235126,3.0,2.998665615055469,1e-05
HA-0895,Hospital A,1,0,0.055448357,2.8923032,3.0,2.998665615055469,1e-05
HA-0896,Hospital A,0,0,0.10531741,0.11128616,3.0,2.998665615055469,1e-05
HA-0897,Hospital A,1,0,0.21127604,1.5545897,3.0,2.998665615055469,1e-05
HA-0898,Hospital A,0,1,0.15216148,0.16506505,3.0,2.998665615055469,1e-05
HA-0899,Hospital A,0,1,0.09535886,0.100216866,3.0,2.998665615055469,1e-05
HA-0900,Hospital A,0,1,0.035171133,0.03580451,3.0,2.998665615055469,1e-05
HA-0901,Hospital A,0,1,0.052944902,0.05439806,3.0,2.998665615055469,1e-05
HA-0902,Hospital A,0,1,0.10620059,0.11227393,3.0,2.998665615055469,1e-05
HA-0903,Hospital A,0,0,0.18327326,0.20245075,3.0,2.998665615055469,1e-05
HA-0904,Hospital A,0,1,0.14355423,0.15496421,3.0,2.998665615055469,1e-05
HA-0905,Hospital A,0,0,0.04410975,0.045112133,3.0,2.998665615055469,1e-05
HA-0906,Hospital A,0,1,0.1766708,0.19439912,3.0,2.998665615055469,1e-05
HA-0907,Hospital A,1,1,0.11485254,2.1641061,3.0,2.998665615055469,1e-05
HA-0908,Hospital A,1,0,0.033314772,3.4017544,3.0,2.998665615055469,1e-05
HA-0909,Hospital A,1,0,0.40320233,0.90831685,3.0,2.998665615055469,1e-05
HA-0910,Hospital A,0,1,0.03790551,0.038642645,3.0,2.998665615055469,1e-05
HA-0911,Hospital A,0,1,0.0715921,0.07428408,3.0,2.998665615055469,1e-05
HA-0912,Hospital A,1,1,0.081914514,2.502079,3.0,2.998665615055469,1e-05
HA-0913,Hospital A,0,1,0.10953783,0.11601472,3.0,2.998665615055469,1e-05
HA-0914,Hospital A,0,1,0.04746506,0.04862857,3.0,2.998665615055469,1e-05
HA-0915,Hospital A,0,0,0.05260803,0.05404234,3.0,2.998665615055469,1e-05
HA-0916,Hospital A,0,0,0.11817323,0.1257596,3.0,2.998665615055469,1e-05
HA-0917,Hospital A,1,1,0.084948085,2.465715,3.0,2.998665615055469,1e-05
HA-0918,Hospital A,1,1,0.09132338,2.3933485,3.0,2.998665615055469,1e-05
HA-0919,Hospital A,0,0,0.12055328,0.12846231,3.0,2.998665615055469,1e-05
HA-0920,Hospital A,0,1,0.05264388,0.054080248,3.0,2.998665615055469,1e-05
HA-0921,Hospital A,1,0,0.06831037,2.6836936,3.0,2.998665615055469,1e-05
HA-0922,Hospital A,0,1,0.071643874,0.07433987,3.0,2.998665615055469,1e-05
HA-0923,Hospital A,0,1,0.050975375,0.05232048,3.0,2.998665615055469,1e-05
HA-0924,Hospital A,0,1,0.090615034,0.09498668,3.0,2.998665615055469,1e-05
HA-0925,Hospital A,0,1,0.17934556,0.19765317,3.0,2.998665615055469,1e-05
HA-0926,Hospital A,1,0,0.11872321,2.1309605,3.0,2.998665615055469,1e-05
HA-0927,Hospital A,1,1,0.22840495,1.4766351,3.0,2.998665615055469,1e-05
HA-0928,Hospital A,1,1,0.080345064,2.5214245,3.0,2.998665615055469,1e-05
HA-0929,Hospital A,0,0,0.046534378,0.047652006,3.0,2.998665615055469,1e-05
HA-0930,Hospital A,1,0,0.2624778,1.3375889,3.0,2.998665615055469,1e-05
HA-0931,Hospital A,0,0,0.0865935,0.090574265,3.0,2.998665615055469,1e-05
HA-0932,Hospital A,0,1,0.04011108,0.040937662,3.0,2.998665615055469,1e-05
HA-0933,Hospital A,0,0,0.07628269,0.07934928,3.0,2.998665615055469,1e-05
HA-0934,Hospital A,0,0,0.110374786,0.11695504,3.0,2.998665615055469,1e-05
HA-0935,Hospital A,1,1,0.08405423,2.476293,3.0,2.998665615055469,1e-05
HA-0936,Hospital A,0,1,0.08393747,0.087670565,3.0,2.998665615055469,1e-05
HA-0937,Hospital A,0,1,0.09034362,0.094688416,3.0,2.998665615055469,1e-05
HA-0938,Hospital A,1,0,0.13390948,2.0105913,3.0,2.998665615055469,1e-05
HA-0939,Hospital A,1,1,0.1278303,2.0570517,3.0,2.998665615055469,1e-05
HA-0940,Hospital A,0,1,0.11241717,0.1192534,3.0,2.998665615055469,1e-05
HA-0941,Hospital A,0,0,0.07429802,0.077203035,3.0,2.998665615055469,1e-05
HA-0942,Hospital A,0,0,0.050544355,0.05186653,3.0,2.998665615055469,1e-05
HA-0943,Hospital A,1,1,0.24724409,1.3973792,3.0,2.998665615055469,1e-05
HA-0944,Hospital A,0,0,0.058600828,0.06038809,3.0,2.998665615055469,1e-05
HA-0945,Hospital A,0,1,0.10586965,0.11190367,3.0,2.998665615055469,1e-05
HA-0946,Hospital A,0,1,0.06370612,0.06582594,3.0,2.998665615055469,1e-05
HA-0947,Hospital A,0,0,0.04346236,0.044435024,3.0,2.998665615055469,1e-05
HA-0948,Hospital A,0,0,0.040095784,0.040921688,3.0,2.998665615055469,1e-05
HA-0949,Hospital A,0,0,0.06618631,0.068478346,3.0,2.998665615055469,1e-05
HA-0950,Hospital A,0,1,0.021023577,0.021247625,3.0,2.998665615055469,1e-05
HA-0951,Hospital A,0,0,0.08608691,0.0900197,3.0,2.998665615055469,1e-05
HA-0952,Hospital A,0,1,0.15756975,0.17146444,3.0,2.998665615055469,1e-05
HA-0953,Hospital A,1,1,0.0844521,2.4715707,3.0,2.998665615055469,1e-05
HA-0954,Hospital A,0,0,0.09408497,0.09880972,3.0,2.998665615055469,1e-05
HA-0955,Hospital A,0,1,0.043240134,0.044202805,3.0,2.998665615055469,1e-05
HA-0956,Hospital A,0,0,0.13559245,0.14571095,3.0,2.998665615055469,1e-05
HA-0957,Hospital A,1,0,0.089588985,2.412523,3.0,2.998665615055469,1e-05
HA-0958,Hospital A,0,0,0.06650396,0.06881857,3.0,2.998665615055469,1e-05
HA-0959,Hospital A,0,0,0.09351413,0.09817982,3.0,2.998665615055469,1e-05
HA-0960,Hospital A,1,1,0.12136434,2.1089582,3.0,2.998665615055469,1e-05
HA-0961,Hospital A,0,0,0.1274575,0.13634396,3.0,2.998665615055469,1e-05
HA-0962,Hospital A,0,0,0.09578674,0.10069013,3.0,2.998665615055469,1e-05
HA-0963,Hospital A,0,0,0.10714491,0.11333108,3.0,2.998665615055469,1e-05
HA-0964,Hospital A,1,1,0.052821215,2.9408424,3.0,2.998665615055469,1e-05
HA-0965,Hospital A,0,1,0.07422831,0.077127695,3.0,2.998665615055469,1e-05
HA-0966,Hospital A,0,0,0.03564835,0.03629923,3.0,2.998665615055469,1e-05
HA-0967,Hospital A,1,1,0.07209182,2.6298146,3.0,2.998665615055469,1e-05
HA-0968,Hospital A,0,1,0.044886127,0.045924664,3.0,2.998665615055469,1e-05
HA-0969,Hospital A,0,0,0.11115341,0.117830515,3.0,2.998665615055469,1e-05
HA-0970,Hospital A,0,1,0.09418698,0.09892249,3.0,2.998665615055469,1e-05
HA-0971,Hospital A,0,0,0.089419715,0.09367323,3.0,2.998665615055469,1e-05
HA-0972,Hospital A,0,0,0.07954898,0.082891464,3.0,2.998665615055469,1e-05
HA-0973,Hospital A,0,1,0.05606604,0.057698965,3.0,2.998665615055469,1e-05
HA-0974,Hospital A,1,1,0.15149617,1.8871949,3.0,2.998665615055469,1e-05
HA-0975,Hospital A,0,0,0.035113733,0.035745144,3.0,2.998665615055469,1e-05
HA-0976,Hospital A,0,0,0.10588301,0.11191869,3.0,2.998665615055469,1e-05
HA-0977,Hospital A,0,1,0.06991385,0.072478056,3.0,2.998665615055469,1e-05
HA-0978,Hospital A,0,0,0.035906125,0.036566496,3.0,2.998665615055469,1e-05
HA-0979,Hospital A,0,1,0.067332506,0.06970644,3.0,2.998665615055469,1e-05
HA-0980,Hospital A,0,1,0.12833056,0.13734508,3.0,2.998665615055469,1e-05
HA-0981,Hospital A,0,0,0.057592098,0.059317112,3.0,2.998665615055469,1e-05
HA-0982,Hospital A,0,1,0.15772158,0.17164469,3.0,2.998665615055469,1e-05
HA-0983,Hospital A,0,0,0.13103363,0.14045095,3.0,2.998665615055469,1e-05
HA-0984,Hospital A,1,1,0.07676509,2.5670054,3.0,2.998665615055469,1e-05
HA-0985,Hospital A,0,0,0.03491717,0.035541296,3.0,2.998665615055469,1e-05
HA-0986,Hospital A,0,1,0.06539112,0.06762719,3.0,2.998665615055469,1e-05
HA-0987,Hospital A,0,1,0.062030252,0.06403756,3.0,2.998665615055469,1e-05
HA-0988,Hospital A,0,0,0.06976298,0.07231593,3.0,2.998665615055469,1e-05
HA-0989,Hospital A,0,0,0.03936941,0.040165424,3.0,2.998665615055469,1e-05
HA-0990,Hospital A,0,1,0.07905782,0.08235812,3.0,2.998665615055469,1e-05
HA-0991,Hospital A,0,0,0.06858393,0.07104921,3.0,2.998665615055469,1e-05
HA-0992,Hospital A,1,0,0.08690245,2.442969,3.0,2.998665615055469,1e-05
HA-0993,Hospital A,0,0,0.1609473,0.1754818,3.0,2.998665615055469,1e-05
HA-0994,Hospital A,0,1,0.053217944,0.054686308,3.0,2.998665615055469,1e-05
HA-0995,Hospital A,0,1,0.041780744,0.042678595,3.0,2.998665615055469,1e-05
HA-0996,Hospital A,0,0,0.044315096,0.04532695,3.0,2.998665615055469,1e-05
HA-0997,Hospital A,0,1,0.11538491,0.1226027,3.0,2.998665615055469,1e-05
HA-0998,Hospital A,1,0,0.14336236,1.94238,3.0,2.998665615055469,1e-05
HA-0999,Hospital A,0,1,0.06962233,0.072164774,3.0,2.998665615055469,1e-05
HA-1000,Hospital A,1,0,0.1784245,1.7235897,3.0,2.998665615055469,1e-05
HB-0001,Hospital B,1,0,0.1234562,2.0918689,3.0,2.998665615055469,1e-05
HB-0002,Hospital B,0,0,0.12681213,0.13560462,3.0,2.998665615055469,1e-05
HB-0003,Hospital B,0,1,0.073019736,0.07582307,3.0,2.998665615055469,1e-05
HB-0004,Hospital B,0,0,0.1274202,0.13630128,3.0,2.998665615055469,1e-05
HB-0005,Hospital B,1,1,0.40307972,0.90862083,3.0,2.998665615055469,1e-05
HB-0006,Hospital B,0,1,0.1621329,0.17689574,3.0,2.998665615055469,1e-05
HB-0007,Hospital B,1,1,0.09409754,2.3634233,3.0,2.998665615055469,1e-05
HB-0008,Hospital B,0,0,0.15125635,0.16399813,3.0,2.998665615055469,1e-05
HB-0009,Hospital B,0,1,0.07594576,0.0789845,3.0,2.998665615055469,1e-05
HB-0010,Hospital B,0,1,0.12217242,0.13030505,3.0,2.998665615055469,1e-05
HB-0011,Hospital B,1,0,0.23598172,1.444001,3.0,2.998665615055469,1e-05
HB-0012,Hospital B,1,0,0.083249696,2.485911,3.0,2.998665615055469,1e-05
HB-0013,Hospital B,1,0,0.13794246,1.9809186,3.0,2.998665615055469,1e-05
HB-0014,Hospital B,1,1,0.1251249,2.0784428,3.0,2.998665615055469,1e-05
HB-0015,Hospital B,1,0,0.1972286,1.6233919,3.0,2.998665615055469,1e-05
HB-0016,Hospital B,0,0,0.20183468,0.22543955,3.0,2.998665615055469,1e-05
HB-0017,Hospital B,1,0,0.15845865,1.8422616,3.0,2.998665615055469,1e-05
HB-0018,Hospital B,0,0,0.10972962,0.11623001,3.0,2.998665615055469,1e-05
HB-0019,Hospital B,0,0,0.13474853,0.1447351,3.0,2.998665615055469,1e-05
HB-0020,Hospital B,0,0,0.09048981,0.09484911,3.0,2.998665615055469,1e-05
HB-0021,Hospital B,1,1,0.21693946,1.528137,3.0,2.998665615055469,1e-05
HB-0022,Hospital B,0,1,0.1536094,0.16677427,3.0,2.998665615055469,1e-05
HB-0023,Hospital B,0,0,0.097123116,0.10216904,3.0,2.998665615055469,1e-05
HB-0024,Hospital B,0,0,0.061466236,0.06343651,3.0,2.998665615055469,1e-05
HB-0025,Hospital B,1,0,0.23813613,1.4349127,3.0,2.998665615055469,1e-05
HB-0026,Hospital B,1,1,0.38815662,0.9463464,3.0,2.998665615055469,1e-05
HB-0027,Hospital B,1,1,0.119096056,2.127825,3.0,2.998665615055469,1e-05
HB-0028,Hospital B,1,1,0.37801516,0.972821,3.0,2.998665615055469,1e-05
HB-0029,Hospital B,1,0,0.235135,1.4475954,3.0,2.998665615055469,1e-05
HB-0030,Hospital B,0,0,0.15532176,0.16879952,3.0,2.998665615055469,1e-05
HB-0031,Hospital B,1,1,0.21859847,1.5205187,3.0,2.998665615055469,1e-05
HB-0032,Hospital B,0,0,0.13777125,0.1482346,3.0,2.998665615055469,1e-05
HB-0033,Hospital B,0,0,0.24607304,0.28245974,3.0,2.998665615055469,1e-05
HB-0034,Hospital B,0,0,0.0807625,0.084210634,3.0,2.998665615055469,1e-05
HB-0035,Hospital B,0,0,0.084685214,0.08848715,3.0,2.998665615055469,1e-05
HB-0036,Hospital B,0,0,0.12934932,0.13851452,3.0,2.998665615055469,1e-05
HB-0037,Hospital B,0,1,0.07403537,0.07691932,3.0,2.998665615055469,1e-05
HB-0038,Hospital B,1,0,0.0933783,2.3710964,3.0,2.998665615055469,1e-05
HB-0039,Hospital B,1,1,0.32290256,1.1304047,3.0,2.998665615055469,1e-05
HB-0040,Hospital B,0,1,0.07471088,0.07764912,3.0,2.998665615055469,1e-05
HB-0041,Hospital B,1,0,0.10923645,2.2142403,3.0,2.998665615055469,1e-05
HB-0042,Hospital B,0,0,0.14475127,0.15636289,3.0,2.998665615055469,1e-05
HB-0043,Hospital B,0,0,0.04558805,0.046659946,3.0,2.998665615055469,1e-05
HB-0044,Hospital B,1,1,0.10199195,2.2828612,3.0,2.998665615055469,1e-05
HB-0045,Hospital B,1,0,0.36719877,1.001852,3.0,2.998665615055469,1e-05
HB-0046,Hospital B,1,1,0.14018905,1.9647634,3.0,2.998665615055469,1e-05
HB-0047,Hospital B,1,1,0.22308789,1.5001894,3.0,2.998665615055469,1e-05
HB-0048,Hospital B,0,1,0.09478977,0.099588156,3.0,2.998665615055469,1e-05
HB-0049,Hospital B,1,0,0.24886595,1.390841,3.0,2.998665615055469,1e-05
HB-0050,Hospital B,0,1,0.13283426,0.1425252,3.0,2.998665615055469,1e-05
HB-0051,Hospital B,0,1,0.10647185,0.11257744,3.0,2.998665615055469,1e-05
HB-0052,Hospital B,1,0,0.24513102,1.4059625,3.0,2.998665615055469,1e-05
HB-0053,Hospital B,0,1,0.1544194,0.16773176,3.0,2.998665615055469,1e-05
HB-0054,Hospital B,1,0,0.19877042,1.6156048,3.0,2.998665615055469,1e-05
HB-0055,Hospital B,1,0,0.08112943,2.5117095,3.0,2.998665615055469,1e-05
HB-0056,Hospital B,0,0,0.24210782,0.27721417,3.0,2.998665615055469,1e-05
HB-0057,Hospital B,0,0,0.19161658,0.21271873,3.0,2.998665615055469,1e-05
HB-0058,Hospital B,0,1,0.15816408,0.17217016,3.0,2.998665615055469,1e-05
HB-0059,Hospital B,1,1,0.11824192,2.1350226,3.0,2.998665615055469,1e-05
HB-0060,Hospital B,1,1,0.2836236,1.2601073,3.0,2.998665615055469,1e-05
HB-0061,Hospital B,0,1,0.20944677,0.2350223,3.0,2.998665615055469,1e-05
HB-0062,Hospital B,1,1,0.15565036,1.8601431,3.0,2.998665615055469,1e-05
HB-0063,Hospital B,0,1,0.32741335,0.39662433,3.0,2.998665615055469,1e-05
HB-0064,Hospital B,1,0,0.253859,1.3709762,3.0,2.998665615055469,1e-05
HB-0065,Hospital B,0,0,0.1055372,0.11153197,3.0,2.998665615055469,1e-05
HB-0066,Hospital B,0,0,0.057945676,0.059692383,3.0,2.998665615055469,1e-05
HB-0067,Hospital B,1,0,0.38346303,0.95851207,3.0,2.998665615055469,1e-05
HB-0068,Hospital B,0,0,0.1109192,0.11756706,3.0,2.998665615055469,1e-05
HB-0069,Hospital B,0,1,0.091683716,0.09616256,3.0,2.998665615055469,1e-05
HB-0070,Hospital B,0,0,0.29609838,0.35111666,3.0,2.998665615055469,1e-05
HB-0071,Hospital B,1,0,0.16127509,1.8246439,3.0,2.998665615055469,1e-05
HB-0072,Hospital B,0,1,0.20240149,0.22614992,3.0,2.998665615055469,1e-05
HB-0073,Hospital B,1,1,0.1514059,1.8877909,3.0,2.998665615055469,1e-05
HB-0074,Hospital B,1,1,0.09807196,2.3220537,3.0,2.998665615055469,1e-05
HB-0075,Hospital B,1,1,0.10370771,2.2661788,3.0,2.998665615055469,1e-05
HB-0076,Hospital B,1,1,0.3232568,1.1293082,3.0,2.998665615055469,1e-05
HB-0077,Hospital B,1,1,0.09476893,2.3563137,3.0,2.998665615055469,1e-05
HB-0078,Hospital B,0,0,0.1962053,0.21841145,3.0,2.998665615055469,1e-05
HB-0079,Hospital B,1,1,0.13729918,1.985593,3.0,2.998665615055469,1e-05
HB-0080,Hospital B,0,0,0.107552685,0.11378789,3.0,2.998665615055469,1e-05
HB-0081,Hospital B,0,1,0.092139244,0.09666419,3.0,2.998665615055469,1e-05
HB-0082,Hospital B,0,0,0.09074298,0.09512758,3.0,2.998665615055469,1e-05
HB-0083,Hospital B,1,0,0.09768167,2.3260415,3.0,2.998665615055469,1e-05
HB-0084,Hospital B,1,0,0.30194414,1.1975132,3.0,2.998665615055469,1e-05
HB-0085,Hospital B,0,1,0.090850465,0.0952456,3.0,2.998665615055469,1e-05
HB-0086,Hospital B,1,1,0.2186301,1.520374,3.0,2.998665615055469,1e-05
HB-0087,Hospital B,0,1,0.061584797,0.06356287,3.0,2.998665615055469,1e-05
HB-0088,Hospital B,1,0,0.3174401,1.1474661,3.0,2.998665615055469,1e-05
HB-0089,Hospital B,1,0,0.18047093,1.7121855,3.0,2.998665615055469,1e-05
HB-0090,Hospital B,0,0,0.17771442,0.1956675,3.0,2.998665615055469,1e-05
HB-0091,Hospital B,1,1,0.2490624,1.3900518,3.0,2.998665615055469,1e-05
HB-0092,Hospital B,0,1,0.080645025,0.08408308,3.0,2.998665615055469,1e-05
HB-0093,Hospital B,0,0,0.08021971,0.08362055,3.0,2.998665615055469,1e-05
HB-0094,Hospital B,0,0,0.10379275,0.109583616,3.0,2.998665615055469,1e-05
HB-0095,Hospital B,1,1,0.4004607,0.9151397,3.0,2.998665615055469,1e-05
HB-0096,Hospital B,1,1,0.18541445,1.6851617,3.0,2.998665615055469,1e-05
HB-0097,Hospital B,1,0,0.36687967,1.0027214,3.0,2.998665615055469,1e-05
HB-0098,Hospital B,1,0,0.22268486,1.5019977,3.0,2.998665615055469,1e-05
HB-0099,Hospital B,0,0,0.083874434,0.0876019,3.0,2.998665615055469,1e-05
HB-0100,Hospital B,0,1,0.123235546,0.13151693,3.0,2.998665615055469,1e-05
HB-0101,Hospital B,1,0,0.25491697,1.3668175,3.0,2.998665615055469,1e-05
HB-0102,Hospital B,0,0,0.16010989,0.17448425,3.0,2.998665615055469,1e-05
HB-0103,Hospital B,0,1,0.12886898,0.13796282,3.0,2.998665615055469,1e-05
HB-0104,Hospital B,1,0,0.06876752,2.677024,3.0,2.998665615055469,1e-05
HB-0105,Hospital B,0,0,0.15664455,0.17036676,3.0,2.998665615055469,1e-05
HB-0106,Hospital B,1,0,0.15395021,1.871126,3.0,2.998665615055469,1e-05
HB-0107,Hospital B,1,0,0.32255557,1.1314799,3.0,2.998665615055469,1e-05
HB-0108,Hospital B,0,1,0.058013763,0.059764624,3.0,2.998665615055469,1e-05
HB-0109,Hospital B,1,0,0.33667818,1.0886278,3.0,2.998665615055469,1e-05
HB-0110,Hospital B,1,0,0.22861359,1.4757221,3.0,2.998665615055469,1e-05
HB-0111,Hospital B,0,0,0.31812203,0.38290453,3.0,2.998665615055469,1e-05
HB-0112,Hospital B,1,0,0.10475647,2.256117,3.0,2.998665615055469,1e-05
HB-0113,Hospital B,0,1,0.2594635,0.30038035,3.0,2.998665615055469,1e-05
HB-0114,Hospital B,0,0,0.23718998,0.27074623,3.0,2.998665615055469,1e-05
HB-0115,Hospital B,1,0,0.3691214,0.99662966,3.0,2.998665615055469,1e-05
HB-0116,Hospital B,1,1,0.44969362,0.79918885,3.0,2.998665615055469,1e-05
HB-0117,Hospital B,0,0,0.36478686,0.4537946,3.0,2.998665615055469,1e-05
HB-0118,Hospital B,0,1,0.054821625,0.056381702,3.0,2.998665615055469,1e-05
HB-0119,Hospital B,0,1,0.04823169,0.04943371,3.0,2.998665615055469,1e-05
HB-0120,Hospital B,1,1,0.12995295,2.040583,3.0,2.998665615055469,1e-05
HB-0121,Hospital B,0,1,0.1247152,0.13320589,3.0,2.998665615055469,1e-05
HB-0122,Hospital B,0,1,0.09194655,0.096452,3.0,2.998665615055469,1e-05
HB-0123,Hospital B,1,0,0.07082064,2.6476047,3.0,2.998665615055469,1e-05
HB-0124,Hospital B,1,1,0.13703509,1.9875183,3.0,2.998665615055469,1e-05
HB-0125,Hospital B,1,1,0.2736881,1.2957661,3.0,2.998665615055469,1e-05
HB-0126,Hospital B,0,1,0.12001014,0.12784481,3.0,2.998665615055469,1e-05
HB-0127,Hospital B,1,1,0.26971102,1.3104042,3.0,2.998665615055469,1e-05
HB-0128,Hospital B,1,1,0.07138999,2.6395977,3.0,2.998665615055469,1e-05
HB-0129,Hospital B,0,1,0.18550682,0.20518923,3.0,2.998665615055469,1e-05
HB-0130,Hospital B,1,1,0.34411752,1.066772,3.0,2.998665615055469,1e-05
HB-0131,Hospital B,0,1,0.12816301,0.13715291,3.0,2.998665615055469,1e-05
HB-0132,Hospital B,1,0,0.1318734,2.025913,3.0,2.998665615055469,1e-05
HB-0133,Hospital B,0,1,0.25031215,0.28809834,3.0,2.998665615055469,1e-05
HB-0134,Hospital B,0,1,0.14557664,0.15732849,3.0,2.998665615055469,1e-05
HB-0135,Hospital B,0,0,0.093148865,0.09777689,3.0,2.998665615055469,1e-05
HB-0136,Hospital B,0,0,0.059796955,0.061659336,3.0,2.998665615055469,1e-05
HB-0137,Hospital B,1,0,0.5431681,0.6103364,3.0,2.998665615055469,1e-05
HB-0138,Hospital B,0,0,0.07551338,0.07851672,3.0,2.998665615055469,1e-05
HB-0139,Hospital B,1,1,0.089389175,2.4147556,3.0,2.998665615055469,1e-05
HB-0140,Hospital B,1,0,0.19623645,1.628435,3.0,2.998665615055469,1e-05
HB-0141,Hospital B,0,0,0.14819576,0.16039848,3.0,2.998665615055469,1e-05
HB-0142,Hospital B,1,0,0.21245484,1.5490258,3.0,2.998665615055469,1e-05
HB-0143,Hospital B,0,0,0.2553363,0.29482257,3.0,2.998665615055469,1e-05
HB-0144,Hospital B,1,0,0.36766493,1.0005833,3.0,2.998665615055469,1e-05
HB-0145,Hospital B,1,1,0.19495279,1.6349978,3.0,2.998665615055469,1e-05
HB-0146,Hospital B,0,1,0.18220703,0.20114613,3.0,2.998665615055469,1e-05
HB-0147,Hospital B,1,1,0.068633124,2.6789799,3.0,2.998665615055469,1e-05
HB-0148,Hospital B,1,0,0.42501563,0.8556293,3.0,2.998665615055469,1e-05
HB-0149,Hospital B,0,0,0.06958378,0.07212329,3.0,2.998665615055469,1e-05
HB-0150,Hospital B,0,1,0.16010952,0.17448378,3.0,2.998665615055469,1e-05
HB-0151,Hospital B,0,0,0.1753734,0.1928246,3.0,2.998665615055469,1e-05
HB-0152,Hospital B,1,0,0.10562656,2.2478454,3.0,2.998665615055469,1e-05
HB-0153,Hospital B,0,1,0.12472327,0.13321519,3.0,2.998665615055469,1e-05
HB-0154,Hospital B,0,0,0.23560601,0.268672,3.0,2.998665615055469,1e-05
HB-0155,Hospital B,1,1,0.16481978,1.8029027,3.0,2.998665615055469,1e-05
HB-0156,Hospital B,1,0,0.12574229,2.073521,3.0,2.998665615055469,1e-05
HB-0157,Hospital B,1,0,0.2042955,1.5881878,3.0,2.998665615055469,1e-05
HB-0158,Hospital B,0,1,0.06247934,0.064516544,3.0,2.998665615055469,1e-05
HB-0159,Hospital B,1,1,0.4204837,0.86634946,3.0,2.998665615055469,1e-05
HB-0160,Hospital B,1,1,0.12887004,2.0489507,3.0,2.998665615055469,1e-05
HB-0161,Hospital B,0,1,0.23769087,0.27140307,3.0,2.998665615055469,1e-05
HB-0162,Hospital B,0,0,0.06681044,0.06914687,3.0,2.998665615055469,1e-05
HB-0163,Hospital B,1,1,0.12855698,2.051383,3.0,2.998665615055469,1e-05
HB-0164,Hospital B,1,1,0.28943744,1.2398161,3.0,2.998665615055469,1e-05
HB-0165,Hospital B,0,1,0.08188017,0.085427284,3.0,2.998665615055469,1e-05
HB-0166,Hospital B,0,1,0.07869467,0.08196378,3.0,2.998665615055469,1e-05
HB-0167,Hospital B,0,0,0.21204475,0.23831391,3.0,2.998665615055469,1e-05
HB-0168,Hospital B,0,1,0.082009636,0.08556843,3.0,2.998665615055469,1e-05
HB-0169,Hospital B,1,0,0.20386136,1.5903151,3.0,2.998665615055469,1e-05
HB-0170,Hospital B,1,0,0.28858343,1.242771,3.0,2.998665615055469,1e-05
HB-0171,Hospital B,0,1,0.09393615,0.09864545,3.0,2.998665615055469,1e-05
HB-0172,Hospital B,0,1,0.09973905,0.10507059,3.0,2.998665615055469,1e-05
HB-0173,Hospital B,0,0,0.077588744,0.080764055,3.0,2.998665615055469,1e-05
HB-0174,Hospital B,0,0,0.28972602,0.34210443,3.0,2.998665615055469,1e-05
HB-0175,Hospital B,1,1,0.12492353,2.0800536,3.0,2.998665615055469,1e-05
HB-0176,Hospital B,0,0,0.078849256,0.082131624,3.0,2.998665615055469,1e-05
HB-0177,Hospital B,1,0,0.1114842,2.1938725,3.0,2.998665615055469,1e-05
HB-0178,Hospital B,0,0,0.25732142,0.2974919,3.0,2.998665615055469,1e-05
HB-0179,Hospital B,1,1,0.13555162,1.9984028,3.0,2.998665615055469,1e-05
HB-0180,Hospital B,0,1,0.121836886,0.12992287,3.0,2.998665615055469,1e-05
HB-0181,Hospital B,1,0,0.07589106,2.5784564,3.0,2.998665615055469,1e-05
HB-0182,Hospital B,0,1,0.16773681,0.18360662,3.0,2.998665615055469,1e-05
HB-0183,Hospital B,1,1,0.16128772,1.8245654,3.0,2.998665615055469,1e-05
HB-0184,Hospital B,1,1,0.1389008,1.9739953,3.0,2.998665615055469,1e-05
HB-0185,Hospital B,1,1,0.31131282,1.166957,3.0,2.998665615055469,1e-05
HB-0186,Hospital B,0,0,0.26240793,0.30436432,3.0,2.998665615055469,1e-05
HB-0187,Hospital B,0,0,0.1346953,0.14467359,3.0,2.998665615055469,1e-05
HB-0188,Hospital B,0,0,0.10290245,0.1085906,3.0,2.998665615055469,1e-05
HB-0189,Hospital B,0,0,0.17402147,0.19118655,3.0,2.998665615055469,1e-05
HB-0190,Hospital B,1,0,0.10340203,2.2691307,3.0,2.998665615055469,1e-05
HB-0191,Hospital B,1,0,0.25235367,1.3769238,3.0,2.998665615055469,1e-05
HB-0192,Hospital B,1,0,0.09193849,2.3866355,3.0,2.998665615055469,1e-05
HB-0193,Hospital B,0,0,0.07941641,0.08274746,3.0,2.998665615055469,1e-05
HB-0194,Hospital B,0,1,0.15929642,0.17351615,3.0,2.998665615055469,1e-05
HB-0195,Hospital B,1,1,0.212459,1.5490062,3.0,2.998665615055469,1e-05
HB-0196,Hospital B,0,0,0.23330297,0.26566362,3.0,2.998665615055469,1e-05
HB-0197,Hospital B,1,0,0.09028638,2.4047687,3.0,2.998665615055469,1e-05
HB-0198,Hospital B,1,1,0.27257055,1.2998579,3.0,2.998665615055469,1e-05
HB-0199,Hospital B,1,0,0.19824699,1.6182415,3.0,2.998665615055469,1e-05
HB-0200,Hospital B,0,0,0.080804005,0.084255934,3.0,2.998665615055469,1e-05
HB-0201,Hospital B,1,1,0.07225024,2.6276195,3.0,2.998665615055469,1e-05
HB-0202,Hospital B,1,0,0.30683315,1.1814512,3.0,2.998665615055469,1e-05
HB-0203,Hospital B,0,0,0.17788854,0.19587934,3.0,2.998665615055469,1e-05
HB-0204,Hospital B,1,0,0.19096895,1.6556445,3.0,2.998665615055469,1e-05
HB-0205,Hospital B,1,1,0.12253201,2.099383,3.0,2.998665615055469,1e-05
HB-0206,Hospital B,1,1,0.33445966,1.0952389,3.0,2.998665615055469,1e-05
HB-0207,Hospital B,1,1,0.53710043,0.62157017,3.0,2.998665615055469,1e-05
HB-0208,Hospital B,0,0,0.103585735,0.10935259,3.0,2.998665615055469,1e-05
HB-0209,Hospital B,0,1,0.1456015,0.15735757,3.0,2.998665615055469,1e-05
HB-0210,Hospital B,0,0,0.12305774,0.13131404,3.0,2.998665615055469,1e-05
HB-0211,Hospital B,1,0,0.058593944,2.8371239,3.0,2.998665615055469,1e-05
HB-0212,Hospital B,1,0,0.22605197,1.4869903,3.0,2.998665615055469,1e-05
HB-0213,Hospital B,1,1,0.22172005,1.5063397,3.0,2.998665615055469,1e-05
HB-0214,Hospital B,1,0,0.18342508,1.695949,3.0,2.998665615055469,1e-05
HB-0215,Hospital B,1,1,0.5855459,0.5352107,3.0,2.998665615055469,1e-05
HB-0216,Hospital B,0,1,0.105675824,0.111686945,3.0,2.998665615055469,1e-05
HB-0217,Hospital B,0,1,0.17590426,0.19346857,3.0,2.998665615055469,1e-05
HB-0218,Hospital B,0,1,0.12307633,0.13133526,3.0,2.998665615055469,1e-05
HB-0219,Hospital B,1,0,0.053327475,2.9313035,3.0,2.998665615055469,1e-05
HB-0220,Hospital B,0,0,0.04370223,0.04468584,3.0,2.998665615055469,1e-05
HB-0221,Hospital B,0,0,0.2565605,0.2964679,3.0,2.998665615055469,1e-05
HB-0222,Hospital B,1,0,0.23810509,1.4350431,3.0,2.998665615055469,1e-05
HB-0223,Hospital B,0,0,0.058824822,0.06062603,3.0,2.998665615055469,1e-05
HB-0224,Hospital B,0,1,0.05701652,0.058706522,3.0,2.998665615055469,1e-05
HB-0225,Hospital B,1,0,0.13635011,1.9925294,3.0,2.998665615055469,1e-05
HB-0226,Hospital B,0,1,0.2334152,0.26581,3.0,2.998665615055469,1e-05
HB-0227,Hospital B,0,0,0.051021047,0.05236864,3.0,2.998665615055469,1e-05
HB-0228,Hospital B,1,1,0.11091424,2.198998,3.0,2.998665615055469,1e-05
HB-0229,Hospital B,1,0,0.11130598,2.1954722,3.0,2.998665615055469,1e-05
HB-0230,Hospital B,1,1,0.2796809,1.274106,3.0,2.998665615055469,1e-05
HB-0231,Hospital B,1,1,0.3089933,1.1744356,3.0,2.998665615055469,1e-05
HB-0232,Hospital B,0,0,0.107792735,0.114056826,3.0,2.998665615055469,1e-05
HB-0233,Hospital B,0,1,0.06441139,0.06657934,3.0,2.998665615055469,1e-05
HB-0234,Hospital B,1,0,0.45018,0.7981078,3.0,2.998665615055469,1e-05
HB-0235,Hospital B,1,0,0.07979943,2.528239,3.0,2.998665615055469,1e-05
HB-0236,Hospital B,1,1,0.39642945,0.9252572,3.0,2.998665615055469,1e-05
HB-0237,Hospital B,0,0,0.1516557,0.16446877,3.0,2.998665615055469,1e-05
HB-0238,Hospital B,1,1,0.17308688,1.7539616,3.0,2.998665615055469,1e-05
HB-0239,Hospital B,0,1,0.06866215,0.07113314,3.0,2.998665615055469,1e-05
HB-0240,Hospital B,1,0,0.17990296,1.7153378,3.0,2.998665615055469,1e-05
HB-0241,Hospital B,1,0,0.24012603,1.4265914,3.0,2.998665615055469,1e-05
HB-0242,Hospital B,0,1,0.10172146,0.10727501,3.0,2.998665615055469,1e-05
HB-0243,Hospital B,0,0,0.12626807,0.13498163,3.0,2.998665615055469,1e-05
HB-0244,Hospital B,1,1,0.18768066,1.6730133,3.0,2.998665615055469,1e-05
HB-0245,Hospital B,0,0,0.07087884,0.07351613,3.0,2.998665615055469,1e-05
HB-0246,Hospital B,1,0,0.19134068,1.6536998,3.0,2.998665615055469,1e-05
HB-0247,Hospital B,0,1,0.14945547,0.16187847,3.0,2.998665615055469,1e-05
HB-0248,Hospital B,1,1,0.13498527,2.0025897,3.0,2.998665615055469,1e-05
HB-0249,Hospital B,1,0,0.2670128,1.3204587,3.0,2.998665615055469,1e-05
HB-0250,Hospital B,1,0,0.1936053,1.6419337,3.0,2.998665615055469,1e-05
HB-0251,Hospital B,0,0,0.056753006,0.058427095,3.0,2.998665615055469,1e-05
HB-0252,Hospital B,0,0,0.0731071,0.075917244,3.0,2.998665615055469,1e-05
HB-0253,Hospital B,1,1,0.33588457,1.0909878,3.0,2.998665615055469,1e-05
HB-0254,Hospital B,0,1,0.13642542,0.14667499,3.0,2.998665615055469,1e-05
HB-0255,Hospital B,0,0,0.11275726,0.119636774,3.0,2.998665615055469,1e-05
HB-0256,Hospital B,1,0,0.3260532,1.1206948,3.0,2.998665615055469,1e-05
HB-0257,Hospital B,0,1,0.36787057,0.45866108,3.0,2.998665615055469,1e-05
HB-0258,Hospital B,1,1,0.0723992,2.62556,3.0,2.998665615055469,1e-05
HB-0259,Hospital B,0,1,0.1115602,0.11828828,3.0,2.998665615055469,1e-05
HB-0260,Hospital B,1,0,0.3250761,1.1236959,3.0,2.998665615055469,1e-05
HB-0261,Hospital B,0,1,0.058680594,0.060472727,3.0,2.998665615055469,1e-05
HB-0262,Hospital B,1,1,0.35165966,1.0450915,3.0,2.998665615055469,1e-05
HB-0263,Hospital B,0,1,0.046988077,0.04812789,3.0,2.998665615055469,1e-05
HB-0264,Hospital B,1,1,0.08528067,2.4618075,3.0,2.998665615055469,1e-05
HB-0265,Hospital B,0,0,0.33836052,0.41303444,3.0,2.998665615055469,1e-05
HB-0266,Hospital B,1,0,0.079285875,2.5346951,3.0,2.998665615055469,1e-05
HB-0267,Hospital B,0,1,0.108572766,0.11493158,3.0,2.998665615055469,1e-05
HB-0268,Hospital B,1,0,0.05086511,2.978578,3.0,2.998665615055469,1e-05
HB-0269,Hospital B,1,0,0.26230124,1.3382616,3.0,2.998665615055469,1e-05
HB-0270,Hospital B,0,0,0.084138095,0.08788967,3.0,2.998665615055469,1e-05
HB-0271,Hospital B,1,1,0.23293643,1.4569898,3.0,2.998665615055469,1e-05
HB-0272,Hospital B,1,0,0.29784206,1.211192,3.0,2.998665615055469,1e-05
HB-0273,Hospital B,0,1,0.12796164,0.13692188,3.0,2.998665615055469,1e-05
HB-0274,Hospital B,0,1,0.1757576,0.19329059,3.0,2.998665615055469,1e-05
HB-0275,Hospital B,1,0,0.10290963,2.273904,3.0,2.998665615055469,1e-05
HB-0276,Hospital B,0,1,0.33213735,0.4036727,3.0,2.998665615055469,1e-05
HB-0277,Hospital B,0,1,0.07542637,0.07842255,3.0,2.998665615055469,1e-05
HB-0278,Hospital B,0,0,0.1011224,0.10660839,3.0,2.998665615055469,1e-05
HB-0279,Hospital B,0,1,0.12975347,0.13897872,3.0,2.998665615055469,1e-05
HB-0280,Hospital B,1,1,0.21920271,1.5177584,3.0,2.998665615055469,1e-05
HB-0281,Hospital B,1,0,0.09465637,2.3575022,3.0,2.998665615055469,1e-05
HB-0282,Hospital B,0,1,0.09592545,0.10084343,3.0,2.998665615055469,1e-05
HB-0283,Hospital B,1,0,0.22044843,1.5120914,3.0,2.998665615055469,1e-05
HB-0284,Hospital B,0,0,0.22058761,0.249215,3.0,2.998665615055469,1e-05
HB-0285,Hospital B,0,1,0.22168157,0.25061953,3.0,2.998665615055469,1e-05
HB-0286,Hospital B,1,1,0.38979322,0.9421389,3.0,2.998665615055469,1e-05
HB-0287,Hospital B,1,1,0.29327756,1.2266358,3.0,2.998665615055469,1e-05
HB-0288,Hospital B,0,1,0.17415544,0.19134867,3.0,2.998665615055469,1e-05
HB-0289,Hospital B,0,1,0.06932204,0.071841955,3.0,2.998665615055469,1e-05
HB-0290,Hospital B,1,0,0.25053364,1.3841621,3.0,2.998665615055469,1e-05
HB-0291,Hospital B,1,0,0.14961426,1.8996949,3.0,2.998665615055469,1e-05
HB-0292,Hospital B,0,0,0.08593638,0.089855194,3.0,2.998665615055469,1e-05
HB-0293,Hospital B,0,0,0.14168017,0.1527785,3.0,2.998665615055469,1e-05
HB-0294,Hospital B,0,0,0.07388234,0.07675409,3.0,2.998665615055469,1e-05
HB-0295,Hospital B,1,0,0.1461962,1.9228058,3.0,2.998665615055469,1e-05
HB-0296,Hospital B,1,0,0.111378334,2.1948225,3.0,2.998665615055469,1e-05
HB-0297,Hospital B,1,0,0.26202616,1.3393109,3.0,2.998665615055469,1e-05
HB-0298,Hospital B,1,1,0.38953474,0.94280225,3.0,2.998665615055469,1e-05
HB-0299,Hospital B,0,0,0.25954393,0.30048895,3.0,2.998665615055469,1e-05
HB-0300,Hospital B,1,1,0.112387106,2.185806,3.0,2.998665615055469,1e-05
HB-0301,Hospital B,1,0,0.07015622,2.6570308,3.0,2.998665615055469,1e-05
HB-0302,Hospital B,0,0,0.19843762,0.22119248,3.0,2.998665615055469,1e-05
HB-0303,Hospital B,0,1,0.10001894,0.10538149,3.0,2.998665615055469,1e-05
HB-0304,Hospital B,1,0,0.3599863,1.0216894,3.0,2.998665615055469,1e-05
HB-0305,Hospital B,1,0,0.08788032,2.4317794,3.0,2.998665615055469,1e-05
HB-0306,Hospital B,0,1,0.17280205,0.18971121,3.0,2.998665615055469,1e-05
HB-0307,Hospital B,0,0,0.082237065,0.085816145,3.0,2.998665615055469,1e-05
HB-0308,Hospital B,1,1,0.071390174,2.639595,3.0,2.998665615055469,1e-05
HB-0309,Hospital B,1,0,0.27502844,1.2908808,3.0,2.998665615055469,1e-05
HB-0310,Hospital B,1,1,0.3817248,0.9630554,3.0,2.998665615055469,1e-05
HB-0311,Hospital B,1,0,0.0870705,2.4410372,3.0,2.998665615055469,1e-05
HB-0312,Hospital B,0,1,0.11800764,0.12557197,3.0,2.998665615055469,1e-05
HB-0313,Hospital B,1,0,0.13680293,1.9892138,3.0,2.998665615055469,1e-05
HB-0314,Hospital B,0,0,0.10353823,0.10929966,3.0,2.998665615055469,1e-05
HB-0315,Hospital B,1,1,0.12289786,2.0964017,3.0,2.998665615055469,1e-05
HB-0316,Hospital B,0,1,0.05427579,0.055804253,3.0,2.998665615055469,1e-05
HB-0317,Hospital B,1,1,0.3648498,1.0082695,3.0,2.998665615055469,1e-05
HB-0318,Hospital B,0,1,0.13464138,0.14461136,3.0,2.998665615055469,1e-05
HB-0319,Hospital B,1,0,0.27878216,1.2773246,3.0,2.998665615055469,1e-05
HB-0320,Hospital B,0,1,0.049167845,0.05041766,3.0,2.998665615055469,1e-05
HB-0321,Hospital B,0,1,0.12364826,0.13198781,3.0,2.998665615055469,1e-05
HB-0322,Hospital B,0,1,0.26770747,0.31157517,3.0,2.998665615055469,1e-05
HB-0323,Hospital B,1,1,0.13452284,2.0060213,3.0,2.998665615055469,1e-05
HB-0324,Hospital B,0,0,0.110015705,0.1165514,3.0,2.998665615055469,1e-05
HB-0325,Hospital B,0,1,0.25380206,0.2927643,3.0,2.998665615055469,1e-05
HB-0326,Hospital B,0,1,0.22753496,0.25816846,3.0,2.998665615055469,1e-05
HB-0327,Hospital B,1,1,0.14713456,1.9164078,3.0,2.998665615055469,1e-05
HB-0328,Hospital B,1,1,0.16438961,1.805516,3.0,2.998665615055469,1e-05
HB-0329,Hospital B,1,0,0.397392,0.922832,3.0,2.998665615055469,1e-05
HB-0330,Hospital B,1,1,0.11890841,2.1294017,3.0,2.998665615055469,1e-05
HB-0331,Hospital B,1,1,0.5148114,0.6639546,3.0,2.998665615055469,1e-05
HB-0332,Hospital B,1,1,0.06392237,2.750086,3.0,2.998665615055469,1e-05
HB-0333,Hospital B,0,0,0.10414995,0.10998225,3.0,2.998665615055469,1e-05
HB-0334,Hospital B,1,1,0.26789582,1.3171571,3.0,2.998665615055469,1e-05
HB-0335,Hospital B,0,1,0.3457794,0.42431068,3.0,2.998665615055469,1e-05
HB-0336,Hospital B,0,1,0.06375065,0.065873384,3.0,2.998665615055469,1e-05
HB-0337,Hospital B,1,0,0.11582899,2.1556404,3.0,2.998665615055469,1e-05
HB-0338,Hospital B,0,1,0.10468994,0.11058521,3.0,2.998665615055469,1e-05
HB-0339,Hospital B,0,1,0.18674967,0.2067163,3.0,2.998665615055469,1e-05
HB-0340,Hospital B,1,1,0.22546938,1.489571,3.0,2.998665615055469,1e-05
HB-0341,Hospital B,0,1,0.058219343,0.059982777,3.0,2.998665615055469,1e-05
HB-0342,Hospital B,1,0,0.42812213,0.8483468,3.0,2.998665615055469,1e-05
HB-0343,Hospital B,0,0,0.16801333,0.18393886,3.0,2.998665615055469,1e-05
HB-0344,Hospital B,0,0,0.2322177,0.2642491,3.0,2.998665615055469,1e-05
HB-0345,Hospital B,0,0,0.09873445,0.10395527,3.0,2.998665615055469,1e-05
HB-0346,Hospital B,0,0,0.2030123,0.22691607,3.0,2.998665615055469,1e-05
HB-0347,Hospital B,0,0,0.18721001,0.20728254,3.0,2.998665615055469,1e-05
HB-0348,Hospital B,0,0,0.27309382,0.31895792,3.0,2.998665615055469,1e-05
HB-0349,Hospital B,1,1,0.3170705,1.1486311,3.0,2.998665615055469,1e-05
HB-0350,Hospital B,0,0,0.04325795,0.0442214,3.0,2.998665615055469,1e-05
HB-0351,Hospital B,1,1,0.14240648,1.9490697,3.0,2.998665615055469,1e-05
HB-0352,Hospital B,1,0,0.29794484,1.2108469,3.0,2.998665615055469,1e-05
HB-0353,Hospital B,1,0,0.1426286,1.9475113,3.0,2.998665615055469,1e-05
HB-0354,Hospital B,1,1,0.42679578,0.8514496,3.0,2.998665615055469,1e-05
HB-0355,Hospital B,1,0,0.13597156,1.9953096,3.0,2.998665615055469,1e-05
HB-0356,Hospital B,0,0,0.08673989,0.09073448,3.0,2.998665615055469,1e-05
HB-0357,Hospital B,0,0,0.110799536,0.117432594,3.0,2.998665615055469,1e-05
HB-0358,Hospital B,0,0,0.1611692,0.17574632,3.0,2.998665615055469,1e-05
HB-0359,Hospital B,1,1,0.099781275,2.3047748,3.0,2.998665615055469,1e-05
HB-0360,Hospital B,1,0,0.1086812,2.2193365,3.0,2.998665615055469,1e-05
HB-0361,Hospital B,0,0,0.1433866,0.15476859,3.0,2.998665615055469,1e-05
HB-0362,Hospital B,0,1,0.061878107,0.06387544,3.0,2.998665615055469,1e-05
HB-0363,Hospital B,0,0,0.058429837,0.060206413,3.0,2.998665615055469,1e-05
HB-0364,Hospital B,1,1,0.12809496,2.0549834,3.0,2.998665615055469,1e-05
HB-0365,Hospital B,1,0,0.097507596,2.327825,3.0,2.998665615055469,1e-05
HB-0366,Hospital B,1,0,0.21907644,1.5183345,3.0,2.998665615055469,1e-05
HB-0367,Hospital B,1,1,0.32374245,1.1278069,3.0,2.998665615055469,1e-05
HB-0368,Hospital B,0,1,0.3526968,0.43494046,3.0,2.998665615055469,1e-05
HB-0369,Hospital B,0,1,0.18999273,0.21071208,3.0,2.998665615055469,1e-05
HB-0370,Hospital B,0,1,0.103610806,0.10938072,3.0,2.998665615055469,1e-05
HB-0371,Hospital B,1,1,0.29738086,1.2127416,3.0,2.998665615055469,1e-05
HB-0372,Hospital B,1,1,0.08429359,2.4734495,3.0,2.998665615055469,1e-05
HB-0373,Hospital B,0,0,0.045222253,0.046276808,3.0,2.998665615055469,1e-05
HB-0374,Hospital B,0,0,0.19918379,0.22212386,3.0,2.998665615055469,1e-05
HB-0375,Hospital B,1,0,0.15205026,1.8835442,3.0,2.998665615055469,1e-05
HB-0376,Hospital B,0,1,0.1813994,0.20015895,3.0,2.998665615055469,1e-05
HB-0377,Hospital B,1,1,0.19196537,1.6504403,3.0,2.998665615055469,1e-05
HB-0378,Hospital B,1,1,0.10335918,2.269545,3.0,2.998665615055469,1e-05
HB-0379,Hospital B,0,1,0.102857694,0.10854077,3.0,2.998665615055469,1e-05
HB-0380,Hospital B,1,1,0.09658526,2.3373291,3.0,2.998665615055469,1e-05
HB-0381,Hospital B,0,1,0.12901044,0.13812518,3.0,2.998665615055469,1e-05
HB-0382,Hospital B,0,0,0.13426858,0.14418054,3.0,2.998665615055469,1e-05
HB-0383,Hospital B,1,1,0.46650556,0.76248527,3.0,2.998665615055469,1e-05
HB-0384,Hospital B,0,1,0.15635715,0.17002606,3.0,2.998665615055469,1e-05
HB-0385,Hospital B,1,1,0.20133266,1.6027967,3.0,2.998665615055469,1e-05
HB-0386,Hospital B,1,1,0.19822726,1.6183412,3.0,2.998665615055469,1e-05
HB-0387,Hospital B,1,1,0.16237706,1.8178341,3.0,2.998665615055469,1e-05
HB-0388,Hospital B,0,1,0.120058246,0.12789965,3.0,2.998665615055469,1e-05
HB-0389,Hospital B,1,0,0.15364271,1.8731254,3.0,2.998665615055469,1e-05
HB-0390,Hospital B,1,0,0.11915558,2.1273253,3.0,2.998665615055469,1e-05
HB-0391,Hospital B,0,0,0.044313602,0.045325518,3.0,2.998665615055469,1e-05
HB-0392,Hospital B,0,0,0.16440877,0.17961574,3.0,2.998665615055469,1e-05
HB-0393,Hospital B,1,0,0.4724927,0.749733,3.0,2.998665615055469,1e-05
HB-0394,Hospital B,1,1,0.14157087,1.9549549,3.0,2.998665615055469,1e-05
HB-0395,Hospital B,0,0,0.08613228,0.09006953,3.0,2.998665615055469,1e-05
HB-0396,Hospital B,1,1,0.12929739,2.0456402,3.0,2.998665615055469,1e-05
HB-0397,Hospital B,0,1,0.11275209,0.11963081,3.0,2.998665615055469,1e-05
HB-0398,Hospital B,0,1,0.05288366,0.05433345,3.0,2.998665615055469,1e-05
HB-0399,Hospital B,0,0,0.23396513,0.26652753,3.0,2.998665615055469,1e-05
HB-0400,Hospital B,0,0,0.17794283,0.19594538,3.0,2.998665615055469,1e-05
HB-0401,Hospital B,1,0,0.13036068,2.0374503,3.0,2.998665615055469,1e-05
HB-0402,Hospital B,1,0,0.28629795,1.2507223,3.0,2.998665615055469,1e-05
HB-0403,Hospital B,1,0,0.1924872,1.6477257,3.0,2.998665615055469,1e-05
HB-0404,Hospital B,0,0,0.07200742,0.07473159,3.0,2.998665615055469,1e-05
HB-0405,Hospital B,1,0,0.14576648,1.9257494,3.0,2.998665615055469,1e-05
HB-0406,Hospital B,1,1,0.17838062,1.7238356,3.0,2.998665615055469,1e-05
HB-0407,Hospital B,0,0,0.09919844,0.10447025,3.0,2.998665615055469,1e-05
HB-0408,Hospital B,1,1,0.41756314,0.8733195,3.0,2.998665615055469,1e-05
HB-0409,Hospital B,1,1,0.4749408,0.744565,3.0,2.998665615055469,1e-05
HB-0410,Hospital B,1,0,0.26352704,1.3335993,3.0,2.998665615055469,1e-05
HB-0411,Hospital B,0,1,0.19617002,0.21836746,3.0,2.998665615055469,1e-05
HB-0412,Hospital B,1,1,0.17320706,1.7532675,3.0,2.998665615055469,1e-05
HB-0413,Hospital B,1,0,0.1272355,2.0617156,3.0,2.998665615055469,1e-05
HB-0414,Hospital B,0,0,0.085476436,0.08935213,3.0,2.998665615055469,1e-05
HB-0415,Hospital B,0,1,0.0787905,0.08206773,3.0,2.998665615055469,1e-05
HB-0416,Hospital B,1,0,0.30654326,1.1823964,3.0,2.998665615055469,1e-05
HB-0417,Hospital B,0,1,0.04238443,0.043308973,3.0,2.998665615055469,1e-05
HB-0418,Hospital B,0,0,0.090239115,0.0945735,3.0,2.998665615055469,1e-05
HB-0419,Hospital B,1,1,0.20287642,1.5951583,3.0,2.998665615055469,1e-05
HB-0420,Hospital B,0,1,0.19320714,0.2146883,3.0,2.998665615055469,1e-05
HB-0421,Hospital B,1,1,0.1343124,2.0075867,3.0,2.998665615055469,1e-05
HB-0422,Hospital B,1,0,0.19960867,1.6113964,3.0,2.998665615055469,1e-05
HB-0423,Hospital B,0,1,0.058689784,0.060482502,3.0,2.998665615055469,1e-05
HB-0424,Hospital B,0,0,0.098045416,0.10319114,3.0,2.998665615055469,1e-05
HB-0425,Hospital B,0,0,0.26288477,0.30501103,3.0,2.998665615055469,1e-05
HB-0426,Hospital B,1,1,0.16598478,1.7958592,3.0,2.998665615055469,1e-05
HB-0427,Hospital B,0,1,0.19827925,0.22099495,3.0,2.998665615055469,1e-05
HB-0428,Hospital B,1,1,0.15969552,1.8344862,3.0,2.998665615055469,1e-05
HB-0429,Hospital B,1,0,0.61438364,0.48713574,3.0,2.998665615055469,1e-05
HB-0430,Hospital B,0,1,0.14653298,0.15844834,3.0,2.998665615055469,1e-05
HB-0431,Hospital B,0,0,0.22034167,0.24889946,3.0,2.998665615055469,1e-05
HB-0432,Hospital B,1,1,0.172544,1.757103,3.0,2.998665615055469,1e-05
HB-0433,Hospital B,1,0,0.14362551,1.9405459,3.0,2.998665615055469,1e-05
HB-0434,Hospital B,0,0,0.21613029,0.24351251,3.0,2.998665615055469,1e-05
HB-0435,Hospital B,0,0,0.030730506,0.031212568,3.0,2.998665615055469,1e-05
HB-0436,Hospital B,0,0,0.15554419,0.16906285,3.0,2.998665615055469,1e-05
HB-0437,Hospital B,0,1,0.084212504,0.08797097,3.0,2.998665615055469,1e-05
HB-0438,Hospital B,1,1,0.21980923,1.5149952,3.0,2.998665615055469,1e-05
HB-0439,Hospital B,1,1,0.32854292,1.1130878,3.0,2.998665615055469,1e-05
HB-0440,Hospital B,1,0,0.14027652,1.9641397,3.0,2.998665615055469,1e-05
HB-0441,Hospital B,0,1,0.09104401,0.09545851,3.0,2.998665615055469,1e-05
HB-0442,Hospital B,1,0,0.11718785,2.1439772,3.0,2.998665615055469,1e-05
HB-0443,Hospital B,1,1,0.23150396,1.4631582,3.0,2.998665615055469,1e-05
HB-0444,Hospital B,0,1,0.14990622,0.16240859,3.0,2.998665615055469,1e-05
HB-0445,Hospital B,0,0,0.14879751,0.16110528,3.0,2.998665615055469,1e-05
HB-0446,Hospital B,1,0,0.11285669,2.1816366,3.0,2.998665615055469,1e-05
HB-0447,Hospital B,1,1,0.20379147,1.590658,3.0,2.998665615055469,1e-05
HB-0448,Hospital B,1,1,0.11670386,2.1481156,3.0,2.998665615055469,1e-05
HB-0449,Hospital B,1,1,0.42053667,0.8662237,3.0,2.998665615055469,1e-05
HB-0450,Hospital B,1,1,0.34919065,1.0521371,3.0,2.998665615055469,1e-05
HB-0451,Hospital B,1,1,0.3610477,1.0187453,3.0,2.998665615055469,1e-05
HB-0452,Hospital B,1,0,0.12277864,2.0973723,3.0,2.998665615055469,1e-05
HB-0453,Hospital B,1,0,0.23326078,1.4555984,3.0,2.998665615055469,1e-05
HB-0454,Hospital B,0,0,0.15086623,0.16353858,3.0,2.998665615055469,1e-05
HB-0455,Hospital B,0,1,0.13283679,0.14252806,3.0,2.998665615055469,1e-05
HB-0456,Hospital B,1,1,0.14713784,1.9163854,3.0,2.998665615055469,1e-05
HB-0457,Hospital B,0,0,0.1262805,0.13499594,3.0,2.998665615055469,1e-05
HB-0458,Hospital B,0,0,0.117263466,0.12472844,3.0,2.998665615055469,1e-05
HB-0459,Hospital B,1,0,0.0917417,2.3887782,3.0,2.998665615055469,1e-05
HB-0460,Hospital B,1,0,0.10462071,2.2574139,3.0,2.998665615055469,1e-05
HB-0461,Hospital B,0,1,0.08605312,0.08998275,3.0,2.998665615055469,1e-05
HB-0462,Hospital B,1,0,0.21254386,1.548607,3.0,2.998665615055469,1e-05
HB-0463,Hospital B,1,0,0.0948704,2.3552434,3.0,2.998665615055469,1e-05
HB-0464,Hospital B,0,1,0.26108056,0.3025663,3.0,2.998665615055469,1e-05
HB-0465,Hospital B,0,0,0.04918799,0.05043888,3.0,2.998665615055469,1e-05
HB-0466,Hospital B,1,1,0.19494945,1.635015,3.0,2.998665615055469,1e-05
HB-0467,Hospital B,0,1,0.06149169,0.06346345,3.0,2.998665615055469,1e-05
HB-0468,Hospital B,1,1,0.42386937,0.8583299,3.0,2.998665615055469,1e-05
HB-0469,Hospital B,0,1,0.09856658,0.103769064,3.0,2.998665615055469,1e-05
HB-0470,Hospital B,0,0,0.13974036,0.15052104,3.0,2.998665615055469,1e-05
HB-0471,Hospital B,1,0,0.08630151,2.449908,3.0,2.998665615055469,1e-05
HB-0472,Hospital B,1,0,0.15507846,1.8638241,3.0,2.998665615055469,1e-05
HB-0473,Hospital B,0,1,0.19604759,0.21821523,3.0,2.998665615055469,1e-05
HB-0474,Hospital B,0,0,0.13245331,0.14208603,3.0,2.998665615055469,1e-05
HB-0475,Hospital B,0,1,0.104919314,0.11084151,3.0,2.998665615055469,1e-05
HB-0476,Hospital B,0,0,0.049620233,0.050893545,3.0,2.998665615055469,1e-05
HB-0477,Hospital B,1,1,0.20355655,1.5918114,3.0,2.998665615055469,1e-05
HB-0478,Hospital B,0,0,0.12532365,0.13390136,3.0,2.998665615055469,1e-05
HB-0479,Hospital B,1,0,0.33409604,1.0963267,3.0,2.998665615055469,1e-05
HB-0480,Hospital B,0,0,0.20146988,0.22498262,3.0,2.998665615055469,1e-05
HB-0481,Hospital B,1,1,0.24472311,1.4076279,3.0,2.998665615055469,1e-05
HB-0482,Hospital B,0,0,0.14951947,0.1619538,3.0,2.998665615055469,1e-05
HB-0483,Hospital B,0,0,0.036799345,0.037493467,3.0,2.998665615055469,1e-05
HB-0484,Hospital B,0,0,0.068663,0.07113409,3.0,2.998665615055469,1e-05
HB-0485,Hospital B,1,0,0.57414114,0.55488,3.0,2.998665615055469,1e-05
HB-0486,Hospital B,0,1,0.08803635,0.09215522,3.0,2.998665615055469,1e-05
HB-0487,Hospital B,0,0,0.14409706,0.15559828,3.0,2.998665615055469,1e-05
HB-0488,Hospital B,1,0,0.17015389,1.771052,3.0,2.998665615055469,1e-05
HB-0489,Hospital B,1,1,0.52356654,0.64709115,3.0,2.998665615055469,1e-05
HB-0490,Hospital B,1,0,0.20909177,1.564982,3.0,2.998665615055469,1e-05
HB-0491,Hospital B,1,0,0.24842528,1.3926132,3.0,2.998665615055469,1e-05
HB-0492,Hospital B,0,1,0.33055755,0.4013101,3.0,2.998665615055469,1e-05
HB-0493,Hospital B,0,0,0.061273508,0.06323123,3.0,2.998665615055469,1e-05
HB-0494,Hospital B,0,1,0.061087396,0.063032866,3.0,2.998665615055469,1e-05
HB-0495,Hospital B,1,1,0.18004474,1.7145499,3.0,2.998665615055469,1e-05
HB-0496,Hospital B,0,1,0.18717472,0.20723915,3.0,2.998665615055469,1e-05
HB-0497,Hospital B,0,0,0.101826765,0.10739231,3.0,2.998665615055469,1e-05
HB-0498,Hospital B,0,1,0.3193014,0.3846357,3.0,2.998665615055469,1e-05
HB-0499,Hospital B,1,1,0.12355084,2.0911026,3.0,2.998665615055469,1e-05
HB-0500,Hospital B,0,1,0.21893878,0.24710178,3.0,2.998665615055469,1e-05
HB-0501,Hospital B,1,1,0.06321996,2.761135,3.0,2.998665615055469,1e-05
HB-0502,Hospital B,0,1,0.2510775,0.28911972,3.0,2.998665615055469,1e-05
HB-0503,Hospital B,0,1,0.19059195,0.21145213,3.0,2.998665615055469,1e-05
HB-0504,Hospital B,1,1,0.12149571,2.1078763,3.0,2.998665615055469,1e-05
HB-0505,Hospital B,1,0,0.13328195,2.0152886,3.0,2.998665615055469,1e-05
HB-0506,Hospital B,1,1,0.21666105,1.5294211,3.0,2.998665615055469,1e-05
HB-0507,Hospital B,0,1,0.085624516,0.08951402,3.0,2.998665615055469,1e-05
HB-0508,Hospital B,1,1,0.14686868,1.9182165,3.0,2.998665615055469,1e-05
HB-0509,Hospital B,1,1,0.25900704,1.3509,3.0,2.998665615055469,1e-05
HB-0510,Hospital B,0,1,0.21098818,0.236974,3.0,2.998665615055469,1e-05
HB-0511,Hospital B,1,0,0.15848523,1.842094,3.0,2.998665615055469,1e-05
HB-0512,Hospital B,1,0,0.10568132,2.247327,3.0,2.998665615055469,1e-05
HB-0513,Hospital B,0,1,0.27703792,0.32439852,3.0,2.998665615055469,1e-05
HB-0514,Hospital B,0,1,0.04321,0.044171333,3.0,2.998665615055469,1e-05
HB-0515,Hospital B,0,0,0.120667085,0.12859178,3.0,2.998665615055469,1e-05
HB-0516,Hospital B,1,0,0.10944845,2.2123017,3.0,2.998665615055469,1e-05
HB-0517,Hospital B,0,0,0.068597406,0.07106376,3.0,2.998665615055469,1e-05
HB-0518,Hospital B,1,1,0.31043735,1.1697731,3.0,2.998665615055469,1e-05
HB-0519,Hospital B,0,0,0.045419756,0.046483517,3.0,2.998665615055469,1e-05
HB-0520,Hospital B,0,1,0.120930076,0.12889075,3.0,2.998665615055469,1e-05
HB-0521,Hospital B,1,1,0.24101073,1.4229138,3.0,2.998665615055469,1e-05
HB-0522,Hospital B,0,0,0.07507222,0.078039646,3.0,2.998665615055469,1e-05
HB-0523,Hospital B,1,1,0.29445907,1.2226152,3.0,2.998665615055469,1e-05
HB-0524,Hospital B,1,0,0.073849425,2.605727,3.0,2.998665615055469,1e-05
HB-0525,Hospital B,0,1,0.11520303,0.122397184,3.0,2.998665615055469,1e-05
HB-0526,Hospital B,1,1,0.151157,1.8894362,3.0,2.998665615055469,1e-05
HB-0527,Hospital B,0,1,0.12948723,0.13867283,3.0,2.998665615055469,1e-05
HB-0528,Hospital B,0,0,0.08988129,0.094180346,3.0,2.998665615055469,1e-05
HB-0529,Hospital B,1,1,0.22400299,1.4960959,3.0,2.998665615055469,1e-05
HB-0530,Hospital B,0,1,0.3650442,0.4541999,3.0,2.998665615055469,1e-05
HB-0531,Hospital B,1,0,0.10336058,2.2695317,3.0,2.998665615055469,1e-05
HB-0532,Hospital B,1,1,0.23487332,1.448709,3.0,2.998665615055469,1e-05
HB-0533,Hospital B,0,0,0.061845347,0.06384039,3.0,2.998665615055469,1e-05
HB-0534,Hospital B,0,0,0.19480234,0.21666741,3.0,2.998665615055469,1e-05
HB-0535,Hospital B,1,0,0.034513902,3.366393,3.0,2.998665615055469,1e-05
HB-0536,Hospital B,1,1,0.20035183,1.6076802,3.0,2.998665615055469,1e-05
HB-0537,Hospital B,1,0,0.28922683,1.240544,3.0,2.998665615055469,1e-05
HB-0538,Hospital B,1,0,0.2548751,1.3669816,3.0,2.998665615055469,1e-05
HB-0539,Hospital B,1,0,0.062336598,2.7752066,3.0,2.998665615055469,1e-05
HB-0540,Hospital B,0,0,0.13094479,0.14034867,3.0,2.998665615055469,1e-05
HB-0541,Hospital B,0,0,0.25024885,0.28801394,3.0,2.998665615055469,1e-05
HB-0542,Hospital B,0,1,0.5826431,0.8738135,3.0,2.998665615055469,1e-05
HB-0543,Hospital B,0,0,0.19095352,0.21189892,3.0,2.998665615055469,1e-05
HB-0544,Hospital B,1,1,0.18211704,1.7031057,3.0,2.998665615055469,1e-05
HB-0545,Hospital B,1,0,0.04408804,3.1215668,3.0,2.998665615055469,1e-05
HB-0546,Hospital B,1,1,0.25987965,1.3475367,3.0,2.998665615055469,1e-05
HB-0547,Hospital B,0,1,0.042513747,0.04344392,3.0,2.998665615055469,1e-05
HB-0548,Hospital B,1,1,0.21367401,1.5433037,3.0,2.998665615055469,1e-05
HB-0549,Hospital B,0,0,0.28346804,0.33333242,3.0,2.998665615055469,1e-05
HB-0550,Hospital B,1,0,0.17547628,1.7402514,3.0,2.998665615055469,1e-05
HB-0551,Hospital B,0,1,0.19806242,0.22072446,3.0,2.998665615055469,1e-05
HB-0552,Hospital B,1,0,0.26506728,1.3277717,3.0,2.998665615055469,1e-05
HB-0553,Hospital B,0,1,0.12748392,0.13637424,3.0,2.998665615055469,1e-05
HB-0554,Hospital B,1,0,0.104220524,2.2612462,3.0,2.998665615055469,1e-05
HB-0555,Hospital B,0,0,0.08709653,0.09112501,3.0,2.998665615055469,1e-05
HB-0556,Hospital B,1,1,0.20380673,1.5905831,3.0,2.998665615055469,1e-05
HB-0557,Hospital B,1,0,0.10466128,2.2570262,3.0,2.998665615055469,1e-05
HB-0558,Hospital B,1,0,0.055202372,2.8967495,3.0,2.998665615055469,1e-05
HB-0559,Hospital B,0,1,0.2439863,0.27969575,3.0,2.998665615055469,1e-05
HB-0560,Hospital B,1,0,0.4339304,0.8348712,3.0,2.998665615055469,1e-05
HB-0561,Hospital B,1,1,0.17300923,1.7544104,3.0,2.998665615055469,1e-05
HB-0562,Hospital B,0,0,0.17217128,0.18894899,3.0,2.998665615055469,1e-05
HB-0563,Hospital B,1,1,0.2589907,1.3509632,3.0,2.998665615055469,1e-05
HB-0564,Hospital B,0,0,0.24088107,0.27559686,3.0,2.998665615055469,1e-05
HB-0565,Hospital B,0,0,0.12352927,0.13185191,3.0,2.998665615055469,1e-05
HB-0566,Hospital B,1,1,0.19244319,1.6479543,3.0,2.998665615055469,1e-05
HB-0567,Hospital B,0,1,0.17397884,0.19113493,3.0,2.998665615055469,1e-05
HB-0568,Hospital B,1,0,0.111067645,2.1976159,3.0,2.998665615055469,1e-05
HB-0569,Hospital B,1,0,0.084690355,2.4687536,3.0,2.998665615055469,1e-05
HB-0570,Hospital B,1,0,0.24484818,1.407117,3.0,2.998665615055469,1e-05
HB-0571,Hospital B,0,0,0.10902106,0.11543441,3.0,2.998665615055469,1e-05
HB-0572,Hospital B,0,1,0.11433576,0.121417284,3.0,2.998665615055469,1e-05
HB-0573,Hospital B,0,0,0.10524632,0.11120677,3.0,2.998665615055469,1e-05
HB-0574,Hospital B,1,1,0.15354268,1.8737767,3.0,2.998665615055469,1e-05
HB-0575,Hospital B,1,1,0.11014779,2.2059324,3.0,2.998665615055469,1e-05
HB-0576,Hospital B,1,1,0.37081373,0.9920554,3.0,2.998665615055469,1e-05
HB-0577,Hospital B,1,0,0.12678798,2.0652392,3.0,2.998665615055469,1e-05
HB-0578,Hospital B,1,0,0.16084382,1.8273214,3.0,2.998665615055469,1e-05
HB-0579,Hospital B,0,1,0.12983255,0.13906956,3.0,2.998665615055469,1e-05
HB-0580,Hospital B,1,0,0.10891943,2.2171469,3.0,2.998665615055469,1e-05
HB-0581,Hospital B,1,0,0.24739584,1.3967657,3.0,2.998665615055469,1e-05
HB-0582,Hospital B,1,0,0.22266823,1.5020723,3.0,2.998665615055469,1e-05
HB-0583,Hospital B,0,0,0.21812089,0.24605513,3.0,2.998665615055469,1e-05
HB-0584,Hospital B,0,0,0.12132755,0.12934303,3.0,2.998665615055469,1e-05
HB-0585,Hospital B,0,1,0.19606282,0.21823406,3.0,2.998665615055469,1e-05
HB-0586,Hospital B,0,1,0.068219714,0.07065821,3.0,2.998665615055469,1e-05
HB-0587,Hospital B,1,0,0.23374313,1.4535325,3.0,2.998665615055469,1e-05
HB-0588,Hospital B,0,0,0.27408108,0.3203169,3.0,2.998665615055469,1e-05
HB-0589,Hospital B,1,0,0.16261725,1.8163561,3.0,2.998665615055469,1e-05
HB-0590,Hospital B,1,0,0.05977697,2.8171349,3.0,2.998665615055469,1e-05
HB-0591,Hospital B,0,0,0.2092421,0.23476338,3.0,2.998665615055469,1e-05
HB-0592,Hospital B,1,1,0.21718358,1.5270122,3.0,2.998665615055469,1e-05
HB-0593,Hospital B,1,0,0.21481715,1.5379682,3.0,2.998665615055469,1e-05
HB-0594,Hospital B,0,1,0.3102871,0.37147975,3.0,2.998665615055469,1e-05
HB-0595,Hospital B,0,1,0.034553073,0.035164118,3.0,2.998665615055469,1e-05
HB-0596,Hospital B,0,1,0.095288135,0.100138664,3.0,2.998665615055469,1e-05
HB-0597,Hospital B,1,1,0.25044924,1.384499,3.0,2.998665615055469,1e-05
HB-0598,Hospital B,1,0,0.2253204,1.490232,3.0,2.998665615055469,1e-05
HB-0599,Hospital B,0,0,0.115429334,0.12265277,3.0,2.998665615055469,1e-05
HB-0600,Hospital B,1,0,0.108571686,2.2203445,3.0,2.998665615055469,1e-05
HB-0601,Hospital B,1,1,0.092678055,2.3786235,3.0,2.998665615055469,1e-05
HB-0602,Hospital B,1,0,0.19087808,1.6561204,3.0,2.998665615055469,1e-05
HB-0603,Hospital B,0,0,0.09889016,0.10412812,3.0,2.998665615055469,1e-05
HB-0604,Hospital B,0,0,0.0644699,0.066642046,3.0,2.998665615055469,1e-05
HB-0605,Hospital B,1,0,0.47198722,0.7508033,3.0,2.998665615055469,1e-05
HB-0606,Hospital B,1,1,0.38636285,0.95097834,3.0,2.998665615055469,1e-05
HB-0607,Hospital B,1,1,0.09953351,2.307261,3.0,2.998665615055469,1e-05
HB-0608,Hospital B,1,0,0.14755051,1.9135847,3.0,2.998665615055469,1e-05
HB-0609,Hospital B,0,0,0.09741983,0.102497816,3.0,2.998665615055469,1e-05
HB-0610,Hospital B,0,1,0.113477044,0.12044835,3.0,2.998665615055469,1e-05
HB-0611,Hospital B,1,1,0.19079539,1.6565537,3.0,2.998665615055469,1e-05
HB-0612,Hospital B,0,0,0.099580914,0.10489488,3.0,2.998665615055469,1e-05
HB-0613,Hospital B,0,1,0.0887732,0.09296346,3.0,2.998665615055469,1e-05
HB-0614,Hospital B,1,0,0.16410118,1.8072721,3.0,2.998665615055469,1e-05
HB-0615,Hospital B,0,0,0.078203276,0.08143067,3.0,2.998665615055469,1e-05
HB-0616,Hospital B,1,1,0.28260073,1.2637203,3.0,2.998665615055469,1e-05
HB-0617,Hospital B,0,0,0.10997749,0.116508484,3.0,2.998665615055469,1e-05
HB-0618,Hospital B,1,1,0.16846389,1.7810339,3.0,2.998665615055469,1e-05
HB-0619,Hospital B,1,1,0.1586975,1.8407555,3.0,2.998665615055469,1e-05
HB-0620,Hospital B,1,1,0.111030556,2.19795,3.0,2.998665615055469,1e-05
HB-0621,Hospital B,1,0,0.20029649,1.6079564,3.0,2.998665615055469,1e-05
HB-0622,Hospital B,1,0,0.0839974,2.4769695,3.0,2.998665615055469,1e-05
HB-0623,Hospital B,1,1,0.3663686,1.0041153,3.0,2.998665615055469,1e-05
HB-0624,Hospital B,0,0,0.08323902,0.08690858,3.0,2.998665615055469,1e-05
HB-0625,Hospital B,0,0,0.09047373,0.09483147,3.0,2.998665615055469,1e-05
HB-0626,Hospital B,1,0,0.12160544,2.1069736,3.0,2.998665615055469,1e-05
HB-0627,Hospital B,0,0,0.1551861,0.16863894,3.0,2.998665615055469,1e-05
HB-0628,Hospital B,1,1,0.149785,1.8985543,3.0,2.998665615055469,1e-05
HB-0629,Hospital B,0,1,0.42861024,0.5596838,3.0,2.998665615055469,1e-05
HB-0630,Hospital B,0,1,0.16241354,0.17723083,3.0,2.998665615055469,1e-05
HB-0631,Hospital B,1,1,0.37874472,0.9708929,3.0,2.998665615055469,1e-05
HB-0632,Hospital B,0,1,0.10083544,0.10628915,3.0,2.998665615055469,1e-05
HB-0633,Hospital B,0,1,0.29190645,0.34517908,3.0,2.998665615055469,1e-05
HB-0634,Hospital B,0,0,0.15508467,0.1685189,3.0,2.998665615055469,1e-05
HB-0635,Hospital B,0,0,0.3254996,0.39378297,3.0,2.998665615055469,1e-05
HB-0636,Hospital B,1,1,0.16559424,1.7982149,3.0,2.998665615055469,1e-05
HB-0637,Hospital B,0,0,0.28217587,0.3315307,3.0,2.998665615055469,1e-05
HB-0638,Hospital B,0,1,0.075878404,0.07891154,3.0,2.998665615055469,1e-05
HB-0639,Hospital B,0,0,0.122065715,0.13018346,3.0,2.998665615055469,1e-05
HB-0640,Hospital B,0,1,0.07402926,0.07691264,3.0,2.998665615055469,1e-05
HB-0641,Hospital B,0,0,0.32504934,0.39311576,3.0,2.998665615055469,1e-05
HB-0642,Hospital B,0,0,0.08886252,0.09306145,3.0,2.998665615055469,1e-05
HB-0643,Hospital B,1,0,0.13681056,1.989158,3.0,2.998665615055469,1e-05
HB-0644,Hospital B,0,0,0.07412548,0.07701659,3.0,2.998665615055469,1e-05
HB-0645,Hospital B,0,1,0.1017571,0.107314825,3.0,2.998665615055469,1e-05
HB-0646,Hospital B,0,0,0.07663137,0.079726696,3.0,2.998665615055469,1e-05
HB-0647,Hospital B,1,1,0.14260364,1.9476863,3.0,2.998665615055469,1e-05
HB-0648,Hospital B,1,0,0.18132919,1.7074412,3.0,2.998665615055469,1e-05
HB-0649,Hospital B,1,1,0.12749854,2.0596504,3.0,2.998665615055469,1e-05
HB-0650,Hospital B,0,0,0.10553311,0.11152744,3.0,2.998665615055469,1e-05
HB-0651,Hospital B,1,0,0.11359595,2.1751075,3.0,2.998665615055469,1e-05
HB-0652,Hospital B,1,0,0.1130076,2.1803002,3.0,2.998665615055469,1e-05
HB-0653,Hospital B,1,1,0.105377674,2.2502046,3.0,2.998665615055469,1e-05
HB-0654,Hospital B,0,1,0.1725232,0.18937421,3.0,2.998665615055469,1e-05
HB-0655,Hospital B,0,0,0.06652536,0.06884146,3.0,2.998665615055469,1e-05
HB-0656,Hospital B,0,0,0.09888984,0.104127884,3.0,2.998665615055469,1e-05
HB-0657,Hospital B,1,0,0.14938338,1.9012392,3.0,2.998665615055469,1e-05
HB-0658,Hospital B,0,1,0.15942733,0.17367184,3.0,2.998665615055469,1e-05
HB-0659,Hospital B,0,0,0.11618287,0.123505116,3.0,2.998665615055469,1e-05
HB-0660,Hospital B,0,1,0.2240823,0.25370884,3.0,2.998665615055469,1e-05
HB-0661,Hospital B,0,0,0.05326314,0.05473399,3.0,2.998665615055469,1e-05
HB-0662,Hospital B,0,0,0.091468945,0.095926285,3.0,2.998665615055469,1e-05
HB-0663,Hospital B,0,1,0.18677661,0.20674944,3.0,2.998665615055469,1e-05
HB-0664,Hospital B,1,1,0.18878825,1.6671293,3.0,2.998665615055469,1e-05
HB-0665,Hospital B,1,0,0.32154527,1.134617,3.0,2.998665615055469,1e-05
HB-0666,Hospital B,0,1,0.24923752,0.28666592,3.0,2.998665615055469,1e-05
HB-0667,Hospital B,0,1,0.06220303,0.06422186,3.0,2.998665615055469,1e-05
HB-0668,Hospital B,0,0,0.08361348,0.08731699,3.0,2.998665615055469,1e-05
HB-0669,Hospital B,1,0,0.13531245,2.0001688,3.0,2.998665615055469,1e-05
HB-0670,Hospital B,1,1,0.2599918,1.3471053,3.0,2.998665615055469,1e-05
HB-0671,Hospital B,1,1,0.23802418,1.4353831,3.0,2.998665615055469,1e-05
HB-0672,Hospital B,1,1,0.11660009,2.1490052,3.0,2.998665615055469,1e-05
HB-0673,Hospital B,1,0,0.2576632,1.356102,3.0,2.998665615055469,1e-05
HB-0674,Hospital B,1,0,0.08897642,2.419384,3.0,2.998665615055469,1e-05
HB-0675,Hospital B,0,1,0.21455592,0.24150598,3.0,2.998665615055469,1e-05
HB-0676,Hospital B,1,1,0.18859294,1.6681644,3.0,2.998665615055469,1e-05
HB-0677,Hospital B,1,1,0.19957575,1.6115613,3.0,2.998665615055469,1e-05
HB-0678,Hospital B,1,1,0.17115451,1.7651885,3.0,2.998665615055469,1e-05
HB-0679,Hospital B,1,1,0.23001327,1.4696182,3.0,2.998665615055469,1e-05
HB-0680,Hospital B,0,0,0.07269102,0.07546854,3.0,2.998665615055469,1e-05
HB-0681,Hospital B,0,1,0.27299985,0.31882858,3.0,2.998665615055469,1e-05
HB-0682,Hospital B,0,0,0.15094659,0.16363323,3.0,2.998665615055469,1e-05
HB-0683,Hospital B,1,0,0.09678131,2.3353014,3.0,2.998665615055469,1e-05
HB-0684,Hospital B,1,1,0.10047765,2.29782,3.0,2.998665615055469,1e-05
HB-0685,Hospital B,0,1,0.061904527,0.06390357,3.0,2.998665615055469,1e-05
HB-0686,Hospital B,1,1,0.1987003,1.6159576,3.0,2.998665615055469,1e-05
HB-0687,Hospital B,0,1,0.06358465,0.06569624,3.0,2.998665615055469,1e-05
HB-0688,Hospital B,1,1,0.33873454,1.0825385,3.0,2.998665615055469,1e-05
HB-0689,Hospital B,1,0,0.06662824,2.7086267,3.0,2.998665615055469,1e-05
HB-0690,Hospital B,0,0,0.24110489,0.27589166,3.0,2.998665615055469,1e-05
HB-0691,Hospital B,1,0,0.11057163,2.2020917,3.0,2.998665615055469,1e-05
HB-0692,Hospital B,0,0,0.11095349,0.117605686,3.0,2.998665615055469,1e-05
HB-0693,Hospital B,1,1,0.25031003,1.3850551,3.0,2.998665615055469,1e-05
HB-0694,Hospital B,0,0,0.13574836,0.14589131,3.0,2.998665615055469,1e-05
HB-0695,Hospital B,1,0,0.33905804,1.081584,3.0,2.998665615055469,1e-05
HB-0696,Hospital B,0,1,0.25165546,0.28989184,3.0,2.998665615055469,1e-05
HB-0697,Hospital B,0,1,0.22145993,0.25033486,3.0,2.998665615055469,1e-05
HB-0698,Hospital B,0,0,0.157909,0.17186713,3.0,2.998665615055469,1e-05
HB-0699,Hospital B,1,1,0.34232482,1.0719953,3.0,2.998665615055469,1e-05
HB-0700,Hospital B,0,1,0.21962726,0.24798357,3.0,2.998665615055469,1e-05
HB-0701,Hospital B,0,1,0.12480842,0.13331246,3.0,2.998665615055469,1e-05
HB-0702,Hospital B,0,0,0.12247588,0.13065076,3.0,2.998665615055469,1e-05
HB-0703,Hospital B,0,0,0.15038225,0.16296875,3.0,2.998665615055469,1e-05
HB-0704,Hospital B,0,0,0.18642566,0.20631802,3.0,2.998665615055469,1e-05
HB-0705,Hospital B,0,1,0.12852122,0.1375637,3.0,2.998665615055469,1e-05
HB-0706,Hospital B,1,1,0.26077294,1.3441052,3.0,2.998665615055469,1e-05
HB-0707,Hospital B,1,1,0.19107056,1.6551125,3.0,2.998665615055469,1e-05
HB-0708,Hospital B,0,1,0.13528292,0.14535284,3.0,2.998665615055469,1e-05
HB-0709,Hospital B,1,0,0.43659317,0.8287535,3.0,2.998665615055469,1e-05
HB-0710,Hospital B,1,0,0.33100787,1.1056131,3.0,2.998665615055469,1e-05
HB-0711,Hospital B,0,1,0.09267791,0.09725785,3.0,2.998665615055469,1e-05
HB-0712,Hospital B,1,1,0.30628628,1.183235,3.0,2.998665615055469,1e-05
HB-0713,Hospital B,0,0,0.09941694,0.10471296,3.0,2.998665615055469,1e-05
HB-0714,Hospital B,1,0,0.2564503,1.3608203,3.0,2.998665615055469,1e-05
HB-0715,Hospital B,0,1,0.09765219,0.10275531,3.0,2.998665615055469,1e-05
HB-0716,Hospital B,0,0,0.18086284,0.19950378,3.0,2.998665615055469,1e-05
HB-0717,Hospital B,0,1,0.068889745,0.071377516,3.0,2.998665615055469,1e-05
HB-0718,Hospital B,0,0,0.14024489,0.15110767,3.0,2.998665615055469,1e-05
HB-0719,Hospital B,0,0,0.061710462,0.06369662,3.0,2.998665615055469,1e-05
HB-0720,Hospital B,0,0,0.05853214,0.060315132,3.0,2.998665615055469,1e-05
HB-0721,Hospital B,1,0,0.06917881,2.6710608,3.0,2.998665615055469,1e-05
HB-0722,Hospital B,0,1,0.06797402,0.070394516,3.0,2.998665615055469,1e-05
HB-0723,Hospital B,1,0,0.2909641,1.2345555,3.0,2.998665615055469,1e-05
HB-0724,Hospital B,0,1,0.13767311,0.14812088,3.0,2.998665615055469,1e-05
HB-0725,Hospital B,0,1,0.3615627,0.44873178,3.0,2.998665615055469,1e-05
HB-0726,Hospital B,1,0,0.26152676,1.3412187,3.0,2.998665615055469,1e-05
HB-0727,Hospital B,1,1,0.17893782,1.7207168,3.0,2.998665615055469,1e-05
HB-0728,Hospital B,0,1,0.10016431,0.10554314,3.0,2.998665615055469,1e-05
HB-0729,Hospital B,1,1,0.099700265,2.3055868,3.0,2.998665615055469,1e-05
HB-0730,Hospital B,1,1,0.18337627,1.6962152,3.0,2.998665615055469,1e-05
HB-0731,Hospital B,1,0,0.44736212,0.80438685,3.0,2.998665615055469,1e-05
HB-0732,Hospital B,0,0,0.04506214,0.04610896,3.0,2.998665615055469,1e-05
HB-0733,Hospital B,0,1,0.23452055,0.26725292,3.0,2.998665615055469,1e-05
HB-0734,Hospital B,1,1,0.41886678,0.8702023,3.0,2.998665615055469,1e-05
HB-0735,Hospital B,1,1,0.2555628,1.364287,3.0,2.998665615055469,1e-05
HB-0736,Hospital B,0,0,0.17372149,0.19082344,3.0,2.998665615055469,1e-05
HB-0737,Hospital B,1,0,0.20956519,1.5627204,3.0,2.998665615055469,1e-05
HB-0738,Hospital B,1,1,0.21943331,1.516707,3.0,2.998665615055469,1e-05
HB-0739,Hospital B,0,1,0.078528374,0.081783295,3.0,2.998665615055469,1e-05
HB-0740,Hospital B,1,0,0.2783037,1.2790424,3.0,2.998665615055469,1e-05
HB-0741,Hospital B,0,0,0.17078115,0.18727112,3.0,2.998665615055469,1e-05
HB-0742,Hospital B,0,0,0.15365648,0.16682994,3.0,2.998665615055469,1e-05
HB-0743,Hospital B,1,1,0.34631786,1.0603983,3.0,2.998665615055469,1e-05
HB-0744,Hospital B,0,0,0.1626311,0.17749059,3.0,2.998665615055469,1e-05
HB-0745,Hospital B,0,1,0.12556057,0.1341722,3.0,2.998665615055469,1e-05
HB-0746,Hospital B,1,0,0.19429557,1.6383747,3.0,2.998665615055469,1e-05
HB-0747,Hospital B,0,0,0.065549396,0.06779647,3.0,2.998665615055469,1e-05
HB-0748,Hospital B,1,0,0.25365052,1.3717978,3.0,2.998665615055469,1e-05
HB-0749,Hospital B,1,0,0.1360337,1.9948527,3.0,2.998665615055469,1e-05
HB-0750,Hospital B,0,1,0.20202084,0.22567284,3.0,2.998665615055469,1e-05
HB-0751,Hospital B,1,1,0.2198644,1.5147443,3.0,2.998665615055469,1e-05
HB-0752,Hospital B,1,0,0.09115207,2.395226,3.0,2.998665615055469,1e-05
HB-0753,Hospital B,0,1,0.08827861,0.09242082,3.0,2.998665615055469,1e-05
HB-0754,Hospital B,0,0,0.31340176,0.376006,3.0,2.998665615055469,1e-05
HB-0755,Hospital B,0,0,0.06665699,0.0689826,3.0,2.998665615055469,1e-05
HB-0756,Hospital B,1,0,0.12303903,2.0952537,3.0,2.998665615055469,1e-05
HB-0757,Hospital B,0,1,0.040803462,0.041659355,3.0,2.998665615055469,1e-05
HB-0758,Hospital B,0,0,0.19360696,0.21518397,3.0,2.998665615055469,1e-05
HB-0759,Hospital B,0,1,0.30119723,0.35838675,3.0,2.998665615055469,1e-05
HB-0760,Hospital B,1,1,0.24908532,1.3899598,3.0,2.998665615055469,1e-05
HB-0761,Hospital B,1,0,0.12673186,2.0656817,3.0,2.998665615055469,1e-05
HB-0762,Hospital B,1,1,0.32897577,1.1117712,3.0,2.998665615055469,1e-05
HB-0763,Hospital B,1,0,0.09422512,2.3620684,3.0,2.998665615055469,1e-05
HB-0764,Hospital B,0,0,0.15212488,0.1650219,3.0,2.998665615055469,1e-05
HB-0765,Hospital B,0,0,0.09642932,0.10140085,3.0,2.998665615055469,1e-05
HB-0766,Hospital B,1,1,0.34176907,1.0736201,3.0,2.998665615055469,1e-05
HB-0767,Hospital B,0,1,0.12184824,0.12993598,3.0,2.998665615055469,1e-05
HB-0768,Hospital B,0,0,0.07830619,0.08154225,3.0,2.998665615055469,1e-05
HB-0769,Hospital B,0,0,0.12259123,0.13078237,3.0,2.998665615055469,1e-05
HB-0770,Hospital B,1,1,0.17237207,1.7580999,3.0,2.998665615055469,1e-05
HB-0771,Hospital B,1,1,0.1716561,1.7622621,3.0,2.998665615055469,1e-05
HB-0772,Hospital B,1,1,0.3255745,1.122164,3.0,2.998665615055469,1e-05
HB-0773,Hospital B,1,1,0.06770232,2.6926348,3.0,2.998665615055469,1e-05
HB-0774,Hospital B,1,0,0.10214644,2.2813478,3.0,2.998665615055469,1e-05
HB-0775,Hospital B,1,1,0.1735806,1.7511132,3.0,2.998665615055469,1e-05
HB-0776,Hospital B,0,1,0.3010049,0.3581115,3.0,2.998665615055469,1e-05
HB-0777,Hospital B,0,1,0.13915956,0.14984608,3.0,2.998665615055469,1e-05
HB-0778,Hospital B,0,0,0.20866175,0.23402977,3.0,2.998665615055469,1e-05
HB-0779,Hospital B,0,0,0.18184733,0.20070636,3.0,2.998665615055469,1e-05
HB-0780,Hospital B,1,1,0.10466322,2.2570076,3.0,2.998665615055469,1e-05
HB-0781,Hospital B,1,0,0.14101265,1.9589057,3.0,2.998665615055469,1e-05
HB-0782,Hospital B,1,1,0.11928814,2.1262133,3.0,2.998665615055469,1e-05
HB-0783,Hospital B,0,0,0.056584448,0.05824852,3.0,2.998665615055469,1e-05
HB-0784,Hospital B,1,0,0.10548911,2.2491474,3.0,2.998665615055469,1e-05
HB-0785,Hospital B,0,1,0.1445627,0.15614247,3.0,2.998665615055469,1e-05
HB-0786,Hospital B,0,1,0.040959675,0.041822195,3.0,2.998665615055469,1e-05
HB-0787,Hospital B,0,1,0.2051549,0.22960806,3.0,2.998665615055469,1e-05
HB-0788,Hospital B,1,0,0.14111015,1.9582145,3.0,2.998665615055469,1e-05
HB-0789,Hospital B,1,0,0.25412083,1.3699454,3.0,2.998665615055469,1e-05
HB-0790,Hospital B,0,1,0.1399749,0.15079367,3.0,2.998665615055469,1e-05
HB-0791,Hospital B,0,0,0.18257898,0.20160103,3.0,2.998665615055469,1e-05
HB-0792,Hospital B,1,1,0.18846461,1.668845,3.0,2.998665615055469,1e-05
HB-0793,Hospital B,1,0,0.48669446,0.72011876,3.0,2.998665615055469,1e-05
HB-0794,Hospital B,0,1,0.18522759,0.2048465,3.0,2.998665615055469,1e-05
HB-0795,Hospital B,1,1,0.24489324,1.4069328,3.0,2.998665615055469,1e-05
HB-0796,Hospital B,1,0,0.1278945,2.0565495,3.0,2.998665615055469,1e-05
HB-0797,Hospital B,1,1,0.2886716,1.2424655,3.0,2.998665615055469,1e-05
HB-0798,Hospital B,1,1,0.23124228,1.4642892,3.0,2.998665615055469,1e-05
HB-0799,Hospital B,0,1,0.23019081,0.26161265,3.0,2.998665615055469,1e-05
HB-0800,Hospital B,0,0,0.13354413,0.14334416,3.0,2.998665615055469,1e-05
HB-0801,Hospital B,1,1,0.3021673,1.1967745,3.0,2.998665615055469,1e-05
HB-0802,Hospital B,0,0,0.08411063,0.08785963,3.0,2.998665615055469,1e-05
HB-0803,Hospital B,1,0,0.18223912,1.7024356,3.0,2.998665615055469,1e-05
HB-0804,Hospital B,0,0,0.2470288,0.28372836,3.0,2.998665615055469,1e-05
HB-0805,Hospital B,0,1,0.059200637,0.06102538,3.0,2.998665615055469,1e-05
HB-0806,Hospital B,1,0,0.19627918,1.6282172,3.0,2.998665615055469,1e-05
HB-0807,Hospital B,1,1,0.50758487,0.67809135,3.0,2.998665615055469,1e-05
HB-0808,Hospital B,1,1,0.35098484,1.0470123,3.0,2.998665615055469,1e-05
HB-0809,Hospital B,1,1,0.12505364,2.0790124,3.0,2.998665615055469,1e-05
HB-0810,Hospital B,1,0,0.33772793,1.0855147,3.0,2.998665615055469,1e-05
HB-0811,Hospital B,1,1,0.16968952,1.7737849,3.0,2.998665615055469,1e-05
HB-0812,Hospital B,1,0,0.30851933,1.1759708,3.0,2.998665615055469,1e-05
HB-0813,Hospital B,1,1,0.103213064,2.2709599,3.0,2.998665615055469,1e-05
HB-0814,Hospital B,1,1,0.31240398,1.1634581,3.0,2.998665615055469,1e-05
HB-0815,Hospital B,1,1,0.22550866,1.4893968,3.0,2.998665615055469,1e-05
HB-0816,Hospital B,0,1,0.16333516,0.17833173,3.0,2.998665615055469,1e-05
HB-0817,Hospital B,0,0,0.16922373,0.18539476,3.0,2.998665615055469,1e-05
HB-0818,Hospital B,1,1,0.07736608,2.559207,3.0,2.998665615055469,1e-05
HB-0819,Hospital B,0,0,0.236319,0.26960516,3.0,2.998665615055469,1e-05
HB-0820,Hospital B,0,0,0.081351556,0.08485174,3.0,2.998665615055469,1e-05
HB-0821,Hospital B,0,0,0.115693145,0.12295103,3.0,2.998665615055469,1e-05
HB-0822,Hospital B,0,1,0.10455562,0.11043525,3.0,2.998665615055469,1e-05
HB-0823,Hospital B,0,1,0.08158669,0.0851078,3.0,2.998665615055469,1e-05
HB-0824,Hospital B,1,0,0.3565471,1.031289,3.0,2.998665615055469,1e-05
HB-0825,Hospital B,1,1,0.34966132,1.0507903,3.0,2.998665615055469,1e-05
HB-0826,Hospital B,1,1,0.15000542,1.8970839,3.0,2.998665615055469,1e-05
HB-0827,Hospital B,1,1,0.32472637,1.1247723,3.0,2.998665615055469,1e-05
HB-0828,Hospital B,0,1,0.15768427,0.17160034,3.0,2.998665615055469,1e-05
HB-0829,Hospital B,0,1,0.06995442,0.07252169,3.0,2.998665615055469,1e-05
HB-0830,Hospital B,1,0,0.33803865,1.084595,3.0,2.998665615055469,1e-05
HB-0831,Hospital B,1,0,0.2760886,1.2870334,3.0,2.998665615055469,1e-05
HB-0832,Hospital B,0,1,0.07949029,0.08282781,3.0,2.998665615055469,1e-05
HB-0833,Hospital B,1,0,0.28531274,1.2541693,3.0,2.998665615055469,1e-05
HB-0834,Hospital B,0,1,0.06155275,0.06352854,3.0,2.998665615055469,1e-05
HB-0835,Hospital B,0,0,0.057475608,0.059193373,3.0,2.998665615055469,1e-05
HB-0836,Hospital B,0,0,0.06083658,0.06276584,3.0,2.998665615055469,1e-05
HB-0837,Hospital B,1,0,0.28630203,1.250708,3.0,2.998665615055469,1e-05
HB-0838,Hospital B,1,0,0.30061078,1.201939,3.0,2.998665615055469,1e-05
HB-0839,Hospital B,1,0,0.18346341,1.6957401,3.0,2.998665615055469,1e-05
HB-0840,Hospital B,0,1,0.19234093,0.2136153,3.0,2.998665615055469,1e-05
HB-0841,Hospital B,1,0,0.27001715,1.3092698,3.0,2.998665615055469,1e-05
HB-0842,Hospital B,1,0,0.2701915,1.3086244,3.0,2.998665615055469,1e-05
HB-0843,Hospital B,1,0,0.18121484,1.708072,3.0,2.998665615055469,1e-05
HB-0844,Hospital B,1,0,0.32206967,1.1329874,3.0,2.998665615055469,1e-05
HB-0845,Hospital B,1,0,0.19466914,1.6364539,3.0,2.998665615055469,1e-05
HB-0846,Hospital B,1,0,0.19146255,1.653063,3.0,2.998665615055469,1e-05
HB-0847,Hospital B,0,0,0.17211738,0.1888839,3.0,2.998665615055469,1e-05
HB-0848,Hospital B,1,1,0.13323188,2.015664,3.0,2.998665615055469,1e-05
HB-0849,Hospital B,0,0,0.11534111,0.12255311,3.0,2.998665615055469,1e-05
HB-0850,Hospital B,0,0,0.36472222,0.4536929,3.0,2.998665615055469,1e-05
HB-0851,Hospital B,0,0,0.099249095,0.10452652,3.0,2.998665615055469,1e-05
HB-0852,Hospital B,0,0,0.058607075,0.060394764,3.0,2.998665615055469,1e-05
HB-0853,Hospital B,1,0,0.11500656,2.162766,3.0,2.998665615055469,1e-05
HB-0854,Hospital B,0,0,0.19215998,0.21339118,3.0,2.998665615055469,1e-05
HB-0855,Hospital B,1,1,0.105682954,2.2473116,3.0,2.998665615055469,1e-05
HB-0856,Hospital B,0,1,0.15107913,0.16378927,3.0,2.998665615055469,1e-05
HB-0857,Hospital B,1,0,0.11550585,2.158434,3.0,2.998665615055469,1e-05
HB-0858,Hospital B,0,1,0.08694523,0.09095931,3.0,2.998665615055469,1e-05
HB-0859,Hospital B,0,0,0.09966231,0.104985476,3.0,2.998665615055469,1e-05
HB-0860,Hospital B,1,1,0.16920063,1.7766701,3.0,2.998665615055469,1e-05
HB-0861,Hospital B,1,0,0.22441816,1.4942442,3.0,2.998665615055469,1e-05
HB-0862,Hospital B,1,0,0.13224377,2.0231085,3.0,2.998665615055469,1e-05
HB-0863,Hospital B,1,1,0.45818886,0.7804738,3.0,2.998665615055469,1e-05
HB-0864,Hospital B,0,0,0.07979766,0.08316159,3.0,2.998665615055469,1e-05
HB-0865,Hospital B,0,0,0.22516687,0.25510764,3.0,2.998665615055469,1e-05
HB-0866,Hospital B,0,1,0.46909657,0.63317513,3.0,2.998665615055469,1e-05
HB-0867,Hospital B,0,1,0.10618574,0.11225724,3.0,2.998665615055469,1e-05
HB-0868,Hospital B,1,0,0.6231982,0.47289068,3.0,2.998665615055469,1e-05
HB-0869,Hospital B,0,1,0.078471266,0.081721306,3.0,2.998665615055469,1e-05
HB-0870,Hospital B,0,1,0.072481334,0.07524228,3.0,2.998665615055469,1e-05
HB-0871,Hospital B,0,0,0.20191032,0.22553432,3.0,2.998665615055469,1e-05
HB-0872,Hospital B,0,1,0.2682724,0.31234694,3.0,2.998665615055469,1e-05
HB-0873,Hospital B,0,1,0.1010996,0.10658312,3.0,2.998665615055469,1e-05
HB-0874,Hospital B,0,0,0.14871089,0.16100347,3.0,2.998665615055469,1e-05
HB-0875,Hospital B,0,0,0.067876644,0.07029009,3.0,2.998665615055469,1e-05
HB-0876,Hospital B,0,0,0.17668654,0.19441831,3.0,2.998665615055469,1e-05
HB-0877,Hospital B,1,1,0.06125587,2.7926958,3.0,2.998665615055469,1e-05
HB-0878,Hospital B,0,0,0.13618572,0.14639747,3.0,2.998665615055469,1e-05
HB-0879,Hospital B,1,0,0.27838442,1.2787523,3.0,2.998665615055469,1e-05
HB-0880,Hospital B,0,0,0.091100335,0.0955205,3.0,2.998665615055469,1e-05
HB-0881,Hospital B,0,1,0.07223284,0.07497454,3.0,2.998665615055469,1e-05
HB-0882,Hospital B,1,0,0.24395059,1.4107895,3.0,2.998665615055469,1e-05
HB-0883,Hospital B,1,0,0.11180063,2.1910381,3.0,2.998665615055469,1e-05
HB-0884,Hospital B,1,0,0.15383443,1.8718783,3.0,2.998665615055469,1e-05
HB-0885,Hospital B,1,0,0.28557608,1.2532468,3.0,2.998665615055469,1e-05
HB-0886,Hospital B,1,0,0.16515663,1.8008609,3.0,2.998665615055469,1e-05
HB-0887,Hospital B,0,0,0.10294347,0.10863638,3.0,2.998665615055469,1e-05
HB-0888,Hospital B,1,0,0.2958028,1.2180622,3.0,2.998665615055469,1e-05
HB-0889,Hospital B,1,1,0.15341006,1.8746408,3.0,2.998665615055469,1e-05
HB-0890,Hospital B,0,0,0.071569905,0.074260235,3.0,2.998665615055469,1e-05
HB-0891,Hospital B,0,1,0.23736924,0.2709813,3.0,2.998665615055469,1e-05
HB-0892,Hospital B,1,1,0.15401562,1.8707013,3.0,2.998665615055469,1e-05
HB-0893,Hospital B,1,0,0.0825137,2.494791,3.0,2.998665615055469,1e-05
HB-0894,Hospital B,1,1,0.114366084,2.1683507,3.0,2.998665615055469,1e-05
HB-0895,Hospital B,1,1,0.3204892,1.1379067,3.0,2.998665615055469,1e-05
HB-0896,Hospital B,0,1,0.051564813,0.0529418,3.0,2.998665615055469,1e-05
HB-0897,Hospital B,0,0,0.14032397,0.1511997,3.0,2.998665615055469,1e-05
HB-0898,Hospital B,0,1,0.17787728,0.19586563,3.0,2.998665615055469,1e-05
HB-0899,Hospital B,1,1,0.20496394,1.5849212,3.0,2.998665615055469,1e-05
HB-0900,Hospital B,0,0,0.19818223,0.22087395,3.0,2.998665615055469,1e-05
HB-0901,Hospital B,0,1,0.10493747,0.11086178,3.0,2.998665615055469,1e-05
HB-0902,Hospital B,1,0,0.13873401,1.9751967,3.0,2.998665615055469,1e-05
HB-0903,Hospital B,0,1,0.08234791,0.08593702,3.0,2.998665615055469,1e-05
HB-0904,Hospital B,0,1,0.117367126,0.12484598,3.0,2.998665615055469,1e-05
HB-0905,Hospital B,0,1,0.20977288,0.23543489,3.0,2.998665615055469,1e-05
HB-0906,Hospital B,1,1,0.114267185,2.169216,3.0,2.998665615055469,1e-05
HB-0907,Hospital B,1,1,0.23933758,1.4298803,3.0,2.998665615055469,1e-05
HB-0908,Hospital B,1,0,0.21532701,1.5355974,3.0,2.998665615055469,1e-05
HB-0909,Hospital B,1,0,0.33266824,1.1006095,3.0,2.998665615055469,1e-05
HB-0910,Hospital B,0,0,0.1589025,0.17304766,3.0,2.998665615055469,1e-05
HB-0911,Hospital B,1,1,0.24947803,1.3883845,3.0,2.998665615055469,1e-05
HB-0912,Hospital B,0,1,0.080416106,0.08383393,3.0,2.998665615055469,1e-05
HB-0913,Hospital B,0,0,0.15411663,0.16737378,3.0,2.998665615055469,1e-05
HB-0914,Hospital B,1,1,0.13699067,1.9878426,3.0,2.998665615055469,1e-05
HB-0915,Hospital B,0,1,0.12034394,0.12822437,3.0,2.998665615055469,1e-05
HB-0916,Hospital B,0,1,0.14483118,0.15645635,3.0,2.998665615055469,1e-05
HB-0917,Hospital B,0,1,0.06880507,0.07128668,3.0,2.998665615055469,1e-05
HB-0918,Hospital B,1,1,0.2598036,1.3478293,3.0,2.998665615055469,1e-05
HB-0919,Hospital B,0,0,0.35851187,0.44396448,3.0,2.998665615055469,1e-05
HB-0920,Hospital B,1,1,0.2615429,1.3411571,3.0,2.998665615055469,1e-05
HB-0921,Hospital B,0,1,0.09037454,0.09472227,3.0,2.998665615055469,1e-05
HB-0922,Hospital B,1,1,0.16624886,1.7942694,3.0,2.998665615055469,1e-05
HB-0923,Hospital B,1,0,0.1110955,2.197365,3.0,2.998665615055469,1e-05
HB-0924,Hospital B,0,0,0.12364552,0.13198471,3.0,2.998665615055469,1e-05
HB-0925,Hospital B,0,1,0.10633973,0.11242962,3.0,2.998665615055469,1e-05
HB-0926,Hospital B,1,0,0.16241552,1.8175973,3.0,2.998665615055469,1e-05
HB-0927,Hospital B,0,1,0.0793697,0.082696676,3.0,2.998665615055469,1e-05
HB-0928,Hospital B,1,0,0.24079397,1.4238136,3.0,2.998665615055469,1e-05
HB-0929,Hospital B,1,1,0.078492336,2.5447543,3.0,2.998665615055469,1e-05
HB-0930,Hospital B,0,0,0.049150396,0.050399303,3.0,2.998665615055469,1e-05
HB-0931,Hospital B,0,0,0.09673908,0.1017437,3.0,2.998665615055469,1e-05
HB-0932,Hospital B,1,1,0.18744254,1.6742829,3.0,2.998665615055469,1e-05
HB-0933,Hospital B,0,0,0.07615109,0.079206705,3.0,2.998665615055469,1e-05
HB-0934,Hospital B,1,1,0.11308057,2.1796546,3.0,2.998665615055469,1e-05
HB-0935,Hospital B,1,1,0.16558526,1.798269,3.0,2.998665615055469,1e-05
HB-0936,Hospital B,1,1,0.14836212,1.9080993,3.0,2.998665615055469,1e-05
HB-0937,Hospital B,1,0,0.19583493,1.6304832,3.0,2.998665615055469,1e-05
HB-0938,Hospital B,0,0,0.31395054,0.37680554,3.0,2.998665615055469,1e-05
HB-0939,Hospital B,0,0,0.054306418,0.055836678,3.0,2.998665615055469,1e-05
HB-0940,Hospital B,1,0,0.29876626,1.2080938,3.0,2.998665615055469,1e-05
HB-0941,Hospital B,0,0,0.19397451,0.21563995,3.0,2.998665615055469,1e-05
HB-0942,Hospital B,0,0,0.066638745,0.06896305,3.0,2.998665615055469,1e-05
HB-0943,Hospital B,1,0,0.22641791,1.4853729,3.0,2.998665615055469,1e-05
HB-0944,Hospital B,1,0,0.39234486,0.9356141,3.0,2.998665615055469,1e-05
HB-0945,Hospital B,0,1,0.030134449,0.030597925,3.0,2.998665615055469,1e-05
HB-0946,Hospital B,0,1,0.15516782,0.16861725,3.0,2.998665615055469,1e-05
HB-0947,Hospital B,0,0,0.16316201,0.17812479,3.0,2.998665615055469,1e-05
HB-0948,Hospital B,1,0,0.36964568,0.99521035,3.0,2.998665615055469,1e-05
HB-0949,Hospital B,1,1,0.11552016,2.1583102,3.0,2.998665615055469,1e-05
HB-0950,Hospital B,1,1,0.07437816,2.598593,3.0,2.998665615055469,1e-05
HB-0951,Hospital B,1,0,0.19764037,1.6213062,3.0,2.998665615055469,1e-05
HB-0952,Hospital B,0,1,0.16329123,0.17827916,3.0,2.998665615055469,1e-05
HB-0953,Hospital B,1,0,0.25210407,1.3779134,3.0,2.998665615055469,1e-05
HB-0954,Hospital B,1,1,0.27752513,1.2818438,3.0,2.998665615055469,1e-05
HB-0955,Hospital B,1,0,0.33903748,1.0816447,3.0,2.998665615055469,1e-05
HB-0956,Hospital B,1,0,0.183966,1.6930044,3.0,2.998665615055469,1e-05
HB-0957,Hospital B,0,0,0.1452632,0.15696168,3.0,2.998665615055469,1e-05
HB-0958,Hospital B,1,1,0.17842817,1.7235692,3.0,2.998665615055469,1e-05
HB-0959,Hospital B,0,1,0.13074605,0.14012003,3.0,2.998665615055469,1e-05
HB-0960,Hospital B,1,0,0.1432601,1.9430933,3.0,2.998665615055469,1e-05
HB-0961,Hospital B,1,0,0.4651476,0.7654004,3.0,2.998665615055469,1e-05
HB-0962,Hospital B,0,0,0.21639392,0.2438488,3.0,2.998665615055469,1e-05
HB-0963,Hospital B,0,0,0.16713788,0.1828872,3.0,2.998665615055469,1e-05
HB-0964,Hospital B,1,0,0.14440547,1.9351301,3.0,2.998665615055469,1e-05
HB-0965,Hospital B,0,0,0.27709633,0.32447922,3.0,2.998665615055469,1e-05
HB-0966,Hospital B,0,0,0.17646076,0.19414413,3.0,2.998665615055469,1e-05
HB-0967,Hospital B,1,1,0.30294812,1.1941937,3.0,2.998665615055469,1e-05
HB-0968,Hospital B,0,1,0.095839225,0.10074806,3.0,2.998665615055469,1e-05
HB-0969,Hospital B,1,1,0.31692138,1.1491015,3.0,2.998665615055469,1e-05
HB-0970,Hospital B,0,1,0.07837317,0.08161497,3.0,2.998665615055469,1e-05
HB-0971,Hospital B,0,1,0.17362887,0.19071126,3.0,2.998665615055469,1e-05
HB-0972,Hospital B,1,1,0.1630052,1.8139732,3.0,2.998665615055469,1e-05
HB-0973,Hospital B,1,0,0.29177776,1.2317629,3.0,2.998665615055469,1e-05
HB-0974,Hospital B,0,1,0.064862706,0.0670619,3.0,2.998665615055469,1e-05
HB-0975,Hospital B,0,0,0.36566544,0.45517874,3.0,2.998665615055469,1e-05
HB-0976,Hospital B,0,0,0.4401968,0.58017004,3.0,2.998665615055469,1e-05
HB-0977,Hospital B,1,1,0.34199125,1.0729702,3.0,2.998665615055469,1e-05
HB-0978,Hospital B,1,1,0.091151305,2.3952346,3.0,2.998665615055469,1e-05
HB-0979,Hospital B,1,0,0.13452873,2.0059776,3.0,2.998665615055469,1e-05
HB-0980,Hospital B,0,1,0.08405656,0.08780074,3.0,2.998665615055469,1e-05
HB-0981,Hospital B,0,1,0.2228327,0.25209963,3.0,2.998665615055469,1e-05
HB-0982,Hospital B,0,0,0.10849863,0.114848375,3.0,2.998665615055469,1e-05
HB-0983,Hospital B,1,1,0.19281869,1.6460049,3.0,2.998665615055469,1e-05
HB-0984,Hospital B,1,1,0.14425516,1.9361717,3.0,2.998665615055469,1e-05
HB-0985,Hospital B,1,0,0.25417855,1.3697182,3.0,2.998665615055469,1e-05
HB-0986,Hospital B,0,1,0.14813042,0.16032183,3.0,2.998665615055469,1e-05
HB-0987,Hospital B,0,1,0.1817926,0.20063949,3.0,2.998665615055469,1e-05
HB-0988,Hospital B,0,1,0.11160526,0.11833906,3.0,2.998665615055469,1e-05
HB-0989,Hospital B,1,0,0.17078109,1.7673727,3.0,2.998665615055469,1e-05
HB-0990,Hospital B,0,1,0.16787912,0.18377757,3.0,2.998665615055469,1e-05
HB-0991,Hospital B,0,1,0.059740335,0.061599255,3.0,2.998665615055469,1e-05
HB-0992,Hospital B,0,1,0.1978184,0.22042024,3.0,2.998665615055469,1e-05
HB-0993,Hospital B,1,0,0.41818562,0.87182975,3.0,2.998665615055469,1e-05
HB-0994,Hospital B,1,0,0.4312571,0.84105074,3.0,2.998665615055469,1e-05
HB-0995,Hospital B,0,1,0.23748222,0.2711295,3.0,2.998665615055469,1e-05
HB-0996,Hospital B,1,1,0.11351171,2.1758494,3.0,2.998665615055469,1e-05
HB-0997,Hospital B,1,1,0.1081187,2.2245257,3.0,2.998665615055469,1e-05
HB-0998,Hospital B,1,1,0.054700043,2.9058907,3.0,2.998665615055469,1e-05
HB-0999,Hospital B,1,0,0.071504936,2.6379888,3.0,2.998665615055469,1e-05
HB-1000,Hospital B,1,0,0.069887005,2.6608756,3.0,2.998665615055469,1e-05
HA-0001,Hospital A,0,0,0.19874495,0.22157598,8.0,7.993358602786781,1e-05
HA-0002,Hospital A,0,0,0.09249103,0.09705186,8.0,7.993358602786781,1e-05
HA-0003,Hospital A,0,1,0.11854781,0.12618446,8.0,7.993358602786781,1e-05
HA-0004,Hospital A,0,1,0.14595188,0.15776777,8.0,7.993358602786781,1e-05
HA-0005,Hospital A,0,0,0.029956609,0.030414581,8.0,7.993358602786781,1e-05
HA-0006,Hospital A,0,1,0.02632156,0.02667427,8.0,7.993358602786781,1e-05
HA-0007,Hospital A,0,1,0.06777281,0.07017875,8.0,7.993358602786781,1e-05
HA-0008,Hospital A,0,1,0.035022624,0.03565073,8.0,7.993358602786781,1e-05
HA-0009,Hospital A,0,0,0.03356149,0.034137487,8.0,7.993358602786781,1e-05
HA-0010,Hospital A,0,1,0.10341032,0.10915685,8.0,7.993358602786781,1e-05
HA-0011,Hospital A,1,1,0.060956705,2.7975914,8.0,7.993358602786781,1e-05
HA-0012,Hospital A,0,1,0.2352749,0.2682389,8.0,7.993358602786781,1e-05
HA-0013,Hospital A,1,1,0.78313464,0.24445064,8.0,7.993358602786781,1e-05
HA-0014,Hospital A,0,0,0.038834315,0.03960848,8.0,7.993358602786781,1e-05
HA-0015,Hospital A,0,1,0.019805314,0.020004034,8.0,7.993358602786781,1e-05
HA-0016,Hospital A,0,0,0.037964907,0.038704395,8.0,7.993358602786781,1e-05
HA-0017,Hospital A,0,0,0.052023537,0.05342555,8.0,7.993358602786781,1e-05
HA-0018,Hospital A,0,0,0.06976037,0.07231307,8.0,7.993358602786781,1e-05
HA-0019,Hospital A,1,0,0.05209088,2.9547653,8.0,7.993358602786781,1e-05
HA-0020,Hospital A,1,0,0.7568587,0.2785787,8.0,7.993358602786781,1e-05
HA-0021,Hospital A,0,0,0.041594297,0.042484045,8.0,7.993358602786781,1e-05
HA-0022,Hospital A,1,1,0.25826904,1.3537536,8.0,7.993358602786781,1e-05
HA-0023,Hospital A,0,0,0.057215214,0.058917284,8.0,7.993358602786781,1e-05
HA-0024,Hospital A,0,0,0.029793177,0.03024602,8.0,7.993358602786781,1e-05
HA-0025,Hospital A,0,0,0.020215672,0.020422697,8.0,7.993358602786781,1e-05
HA-0026,Hospital A,0,0,0.018547012,0.018721104,8.0,7.993358602786781,1e-05
HA-0027,Hospital A,0,0,0.1518006,0.16463959,8.0,7.993358602786781,1e-05
HA-0028,Hospital A,0,0,0.02088512,0.021106243,8.0,7.993358602786781,1e-05
HA-0029,Hospital A,0,1,0.015401547,0.015521526,8.0,7.993358602786781,1e-05
HA-0030,Hospital A,1,1,0.1255966,2.07468,8.0,7.993358602786781,1e-05
HA-0031,Hospital A,0,0,0.118024684,0.12559128,8.0,7.993358602786781,1e-05
HA-0032,Hospital A,1,0,0.16562994,1.7979993,8.0,7.993358602786781,1e-05
HA-0033,Hospital A,0,1,0.028011668,0.028411388,8.0,7.993358602786781,1e-05
HA-0034,Hospital A,1,1,0.08062027,2.5180054,8.0,7.993358602786781,1e-05
HA-0035,Hospital A,0,0,0.055793565,0.05741048,8.0,7.993358602786781,1e-05
HA-0036,Hospital A,0,1,0.048703846,0.049929857,8.0,7.993358602786781,1e-05
HA-0037,Hospital A,1,1,0.08402349,2.4766588,8.0,7.993358602786781,1e-05
HA-0038,Hospital A,0,0,0.06948658,0.07201886,8.0,7.993358602786781,1e-05
HA-0039,Hospital A,0,1,0.019201305,0.01938796,8.0,7.993358602786781,1e-05
HA-0040,Hospital A,0,1,0.2792319,0.32743788,8.0,7.993358602786781,1e-05
HA-0041,Hospital A,0,1,0.078686774,0.081955194,8.0,7.993358602786781,1e-05
HA-0042,Hospital A,0,1,0.04994162,0.05123186,8.0,7.993358602786781,1e-05
HA-0043,Hospital A,0,1,0.058766972,0.060564518,8.0,7.993358602786781,1e-05
HA-0044,Hospital A,1,1,0.07249698,2.6242104,8.0,7.993358602786781,1e-05
HA-0045,Hospital A,0,0,0.020385645,0.020596266,8.0,7.993358602786781,1e-05
HA-0046,Hospital A,0,0,0.11509403,0.12227392,8.0,7.993358602786781,1e-05
HA-0047,Hospital A,1,0,0.48799542,0.71744925,8.0,7.993358602786781,1e-05
HA-0048,Hospital A,1,0,0.086133756,2.4518538,8.0,7.993358602786781,1e-05
HA-0049,Hospital A,0,0,0.08629934,0.09025216,8.0,7.993358602786781,1e-05
HA-0050,Hospital A,0,0,0.06762423,0.070019245,8.0,7.993358602786781,1e-05
HA-0051,Hospital A,0,0,0.03511721,0.03574872,8.0,7.993358602786781,1e-05
HA-0052,Hospital A,0,1,0.05188968,0.053284407,8.0,7.993358602786781,1e-05
HA-0053,Hospital A,1,0,0.047138914,3.0546565,8.0,7.993358602786781,1e-05
HA-0054,Hospital A,0,0,0.019080574,0.019264936,8.0,7.993358602786781,1e-05
HA-0055,Hospital A,0,0,0.028663626,0.029082537,8.0,7.993358602786781,1e-05
HA-0056,Hospital A,0,0,0.028635707,0.029053688,8.0,7.993358602786781,1e-05
HA-0057,Hospital A,0,1,0.18329014,0.20247138,8.0,7.993358602786781,1e-05
HA-0058,Hospital A,0,1,0.12997147,0.1392293,8.0,7.993358602786781,1e-05
HA-0059,Hospital A,0,0,0.034577213,0.03518915,8.0,7.993358602786781,1e-05
HA-0060,Hospital A,0,0,0.37368447,0.467901,8.0,7.993358602786781,1e-05
HA-0061,Hospital A,0,1,0.10485212,0.11076641,8.0,7.993358602786781,1e-05
HA-0062,Hospital A,0,0,0.01106396,0.011125565,8.0,7.993358602786781,1e-05
HA-0063,Hospital A,0,1,0.025698422,0.026034355,8.0,7.993358602786781,1e-05
HA-0064,Hospital A,0,0,0.11383773,0.12085509,8.0,7.993358602786781,1e-05
HA-0065,Hospital A,0,1,0.26963055,0.3142048,8.0,7.993358602786781,1e-05
HA-0066,Hospital A,0,0,0.24744855,0.2842859,8.0,7.993358602786781,1e-05
HA-0067,Hospital A,1,1,0.05312246,2.9351554,8.0,7.993358602786781,1e-05
HA-0068,Hospital A,1,1,0.094395824,2.3602586,8.0,7.993358602786781,1e-05
HA-0069,Hospital A,0,0,0.05653602,0.05819702,8.0,7.993358602786781,1e-05
HA-0070,Hospital A,0,1,0.15922464,0.1734308,8.0,7.993358602786781,1e-05
HA-0071,Hospital A,1,0,0.056428995,2.8747723,8.0,7.993358602786781,1e-05
HA-0072,Hospital A,0,1,0.036331303,0.03700781,8.0,7.993358602786781,1e-05
HA-0073,Hospital A,0,1,0.05510897,0.056685686,8.0,7.993358602786781,1e-05
HA-0074,Hospital A,0,0,0.0201968,0.020403624,8.0,7.993358602786781,1e-05
HA-0075,Hospital A,1,0,0.6835806,0.38041082,8.0,7.993358602786781,1e-05
HA-0076,Hospital A,0,1,0.23775083,0.27148175,8.0,7.993358602786781,1e-05
HA-0077,Hospital A,0,1,0.025315793,0.02564168,8.0,7.993358602786781,1e-05
HA-0078,Hospital A,0,1,0.0792469,0.0825634,8.0,7.993358602786781,1e-05
HA-0079,Hospital A,0,0,0.15113127,0.16385078,8.0,7.993358602786781,1e-05
HA-0080,Hospital A,0,1,0.04402751,0.045026064,8.0,7.993358602786781,1e-05
HA-0081,Hospital A,0,1,0.12112426,0.12911177,8.0,7.993358602786781,1e-05
HA-0082,Hospital A,0,0,0.14317177,0.15451777,8.0,7.993358602786781,1e-05
HA-0083,Hospital A,0,1,0.05417247,0.055695057,8.0,7.993358602786781,1e-05
HA-0084,Hospital A,0,1,0.0492557,0.050510168,8.0,7.993358602786781,1e-05
HA-0085,Hospital A,0,1,0.014691756,0.014800549,8.0,7.993358602786781,1e-05
HA-0086,Hospital A,1,1,0.21685427,1.5285296,8.0,7.993358602786781,1e-05
HA-0087,Hospital A,0,0,0.13374741,0.14357877,8.0,7.993358602786781,1e-05
HA-0088,Hospital A,1,1,0.032049477,3.4404745,8.0,7.993358602786781,1e-05
HA-0089,Hospital A,1,0,0.20354518,1.5918673,8.0,7.993358602786781,1e-05
HA-0090,Hospital A,0,0,0.474479,0.643365,8.0,7.993358602786781,1e-05
HA-0091,Hospital A,0,1,0.02250483,0.022761822,8.0,7.993358602786781,1e-05
HA-0092,Hospital A,0,1,0.04656334,0.047682285,8.0,7.993358602786781,1e-05
HA-0093,Hospital A,1,1,0.45873144,0.7792903,8.0,7.993358602786781,1e-05
HA-0094,Hospital A,0,1,0.07573609,0.078757524,8.0,7.993358602786781,1e-05
HA-0095,Hospital A,0,0,0.027049392,0.027421951,8.0,7.993358602786781,1e-05
HA-0096,Hospital A,1,0,0.13214085,2.023887,8.0,7.993358602786781,1e-05
HA-0097,Hospital A,0,0,0.053345542,0.054821253,8.0,7.993358602786781,1e-05
HA-0098,Hospital A,1,0,0.08971931,2.4110692,8.0,7.993358602786781,1e-05
HA-0099,Hospital A,0,0,0.09776172,0.10287666,8.0,7.993358602786781,1e-05
HA-0100,Hospital A,0,1,0.014691874,0.014801025,8.0,7.993358602786781,1e-05
HA-0101,Hospital A,0,1,0.047292672,0.04844761,8.0,7.993358602786781,1e-05
HA-0102,Hospital A,0,1,0.10801196,0.114302635,8.0,7.993358602786781,1e-05
HA-0103,Hospital A,0,0,0.02184545,0.022087574,8.0,7.993358602786781,1e-05
HA-0104,Hospital A,1,1,0.055151932,2.8976636,8.0,7.993358602786781,1e-05
HA-0105,Hospital A,0,1,0.04754742,0.048714876,8.0,7.993358602786781,1e-05
HA-0106,Hospital A,0,1,0.2926196,0.34618664,8.0,7.993358602786781,1e-05
HA-0107,Hospital A,1,0,0.12891641,2.0485911,8.0,7.993358602786781,1e-05
HA-0108,Hospital A,0,1,0.3204289,0.3862934,8.0,7.993358602786781,1e-05
HA-0109,Hospital A,0,1,0.0442899,0.045300722,8.0,7.993358602786781,1e-05
HA-0110,Hospital A,0,1,0.040698975,0.041550398,8.0,7.993358602786781,1e-05
HA-0111,Hospital A,0,0,0.023322528,0.02359891,8.0,7.993358602786781,1e-05
HA-0112,Hospital A,0,1,0.15018477,0.1627363,8.0,7.993358602786781,1e-05
HA-0113,Hospital A,0,0,0.018787451,0.018966198,8.0,7.993358602786781,1e-05
HA-0114,Hospital A,0,1,0.035391957,0.036033392,8.0,7.993358602786781,1e-05
HA-0115,Hospital A,0,0,0.03008244,0.030544281,8.0,7.993358602786781,1e-05
HA-0116,Hospital A,0,0,0.05338789,0.054865837,8.0,7.993358602786781,1e-05
HA-0117,Hospital A,1,0,0.29724658,1.2131933,8.0,7.993358602786781,1e-05
HA-0118,Hospital A,0,0,0.07575531,0.078778505,8.0,7.993358602786781,1e-05
HA-0119,Hospital A,1,0,0.28807986,1.2445176,8.0,7.993358602786781,1e-05
HA-0120,Hospital A,0,1,0.020839846,0.02105999,8.0,7.993358602786781,1e-05
HA-0121,Hospital A,1,1,0.32508639,1.1236643,8.0,7.993358602786781,1e-05
HA-0122,Hospital A,0,0,0.06332188,0.06541562,8.0,7.993358602786781,1e-05
HA-0123,Hospital A,0,1,0.06224039,0.064261675,8.0,7.993358602786781,1e-05
HA-0124,Hospital A,0,0,0.11353709,0.12051606,8.0,7.993358602786781,1e-05
HA-0125,Hospital A,0,1,0.11823038,0.12582445,8.0,7.993358602786781,1e-05
HA-0126,Hospital A,1,0,0.11915279,2.1273487,8.0,7.993358602786781,1e-05
HA-0127,Hospital A,0,1,0.30474278,0.36347342,8.0,7.993358602786781,1e-05
HA-0128,Hospital A,0,0,0.020286193,0.0204947,8.0,7.993358602786781,1e-05
HA-0129,Hospital A,0,0,0.057290945,0.05899763,8.0,7.993358602786781,1e-05
HA-0130,Hospital A,0,1,0.063796654,0.0659225,8.0,7.993358602786781,1e-05
HA-0131,Hospital A,0,1,0.11358161,0.12056613,8.0,7.993358602786781,1e-05
HA-0132,Hospital A,1,1,0.13157417,2.0281844,8.0,7.993358602786781,1e-05
HA-0133,Hospital A,0,0,0.05737646,0.05908823,8.0,7.993358602786781,1e-05
HA-0134,Hospital A,0,0,0.040943597,0.041805506,8.0,7.993358602786781,1e-05
HA-0135,Hospital A,0,1,0.032126088,0.03265357,8.0,7.993358602786781,1e-05
HA-0136,Hospital A,0,0,0.052674294,0.054112196,8.0,7.993358602786781,1e-05
HA-0137,Hospital A,1,0,0.028252985,3.5665562,8.0,7.993358602786781,1e-05
HA-0138,Hospital A,0,1,0.19414951,0.21585703,8.0,7.993358602786781,1e-05
HA-0139,Hospital A,0,1,0.123807505,0.13216949,8.0,7.993358602786781,1e-05
HA-0140,Hospital A,0,0,0.32375357,0.39119768,8.0,7.993358602786781,1e-05
HA-0141,Hospital A,1,1,0.2095123,1.5629729,8.0,7.993358602786781,1e-05
HA-0142,Hospital A,0,1,0.025147868,0.025469542,8.0,7.993358602786781,1e-05
HA-0143,Hospital A,0,1,0.1937468,0.21535742,8.0,7.993358602786781,1e-05
HA-0144,Hospital A,0,1,0.18404886,0.20340085,8.0,7.993358602786781,1e-05
HA-0145,Hospital A,0,0,0.031600837,0.03211093,8.0,7.993358602786781,1e-05
HA-0146,Hospital A,0,1,0.07771703,0.08090329,8.0,7.993358602786781,1e-05
HA-0147,Hospital A,0,0,0.070857674,0.07349324,8.0,7.993358602786781,1e-05
HA-0148,Hospital A,0,0,0.34193695,0.41845465,8.0,7.993358602786781,1e-05
HA-0149,Hospital A,1,0,0.29384878,1.22469,8.0,7.993358602786781,1e-05
HA-0150,Hospital A,0,0,0.26488978,0.30773485,8.0,7.993358602786781,1e-05
HA-0151,Hospital A,1,1,0.6055412,0.50163263,8.0,7.993358602786781,1e-05
HA-0152,Hospital A,0,0,0.047679603,0.048853636,8.0,7.993358602786781,1e-05
HA-0153,Hospital A,0,1,0.070227094,0.07281494,8.0,7.993358602786781,1e-05
HA-0154,Hospital A,0,0,0.09851746,0.103714705,8.0,7.993358602786781,1e-05
HA-0155,Hospital A,0,1,0.09212668,0.09665036,8.0,7.993358602786781,1e-05
HA-0156,Hospital A,1,1,0.047634847,3.0441906,8.0,7.993358602786781,1e-05
HA-0157,Hospital A,0,0,0.02057544,0.0207901,8.0,7.993358602786781,1e-05
HA-0158,Hospital A,0,0,0.10943441,0.11589861,8.0,7.993358602786781,1e-05
HA-0159,Hospital A,0,1,0.19133113,0.21236575,8.0,7.993358602786781,1e-05
HA-0160,Hospital A,0,0,0.032413173,0.032950163,8.0,7.993358602786781,1e-05
HA-0161,Hospital A,0,0,0.02375231,0.02403903,8.0,7.993358602786781,1e-05
HA-0162,Hospital A,0,0,0.014605579,0.014713287,8.0,7.993358602786781,1e-05
HA-0163,Hospital A,0,0,0.10210171,0.10769844,8.0,7.993358602786781,1e-05
HA-0164,Hospital A,0,1,0.08048985,0.08391428,8.0,7.993358602786781,1e-05
HA-0165,Hospital A,1,1,0.04279762,3.1512728,8.0,7.993358602786781,1e-05
HA-0166,Hospital A,0,1,0.015928268,0.016056538,8.0,7.993358602786781,1e-05
HA-0167,Hospital A,0,0,0.15155643,0.1643517,8.0,7.993358602786781,1e-05
HA-0168,Hospital A,0,0,0.40644345,0.5216228,8.0,7.993358602786781,1e-05
HA-0169,Hospital A,1,0,0.06950237,2.6663945,8.0,7.993358602786781,1e-05
HA-0170,Hospital A,0,0,0.1823557,0.20132792,8.0,7.993358602786781,1e-05
HA-0171,Hospital A,0,0,0.022811228,0.023075342,8.0,7.993358602786781,1e-05
HA-0172,Hospital A,0,0,0.08397664,0.08771348,8.0,7.993358602786781,1e-05
HA-0173,Hospital A,0,1,0.21642257,0.2438854,8.0,7.993358602786781,1e-05
HA-0174,Hospital A,0,1,0.08069837,0.084141016,8.0,7.993358602786781,1e-05
HA-0175,Hospital A,0,1,0.03274581,0.033293962,8.0,7.993358602786781,1e-05
HA-0176,Hospital A,0,1,0.026040843,0.026386023,8.0,7.993358602786781,1e-05
HA-0177,Hospital A,1,0,0.11218935,2.1875672,8.0,7.993358602786781,1e-05
HA-0178,Hospital A,0,1,0.037880287,0.03861642,8.0,7.993358602786781,1e-05
HA-0179,Hospital A,1,0,0.1564497,1.8550206,8.0,7.993358602786781,1e-05
HA-0180,Hospital A,0,1,0.32614073,0.39473403,8.0,7.993358602786781,1e-05
HA-0181,Hospital A,1,0,0.152564,1.8801711,8.0,7.993358602786781,1e-05
HA-0182,Hospital A,0,1,0.04957047,0.05084133,8.0,7.993358602786781,1e-05
HA-0183,Hospital A,0,0,0.07206919,0.07479811,8.0,7.993358602786781,1e-05
HA-0184,Hospital A,0,0,0.030692615,0.031173468,8.0,7.993358602786781,1e-05
HA-0185,Hospital A,0,1,0.041289795,0.04216647,8.0,7.993358602786781,1e-05
HA-0186,Hospital A,0,1,0.13896266,0.14961743,8.0,7.993358602786781,1e-05
HA-0187,Hospital A,0,0,0.01362823,0.013721943,8.0,7.993358602786781,1e-05
HA-0188,Hospital A,0,1,0.054141637,0.055662394,8.0,7.993358602786781,1e-05
HA-0189,Hospital A,0,0,0.059738975,0.061597824,8.0,7.993358602786781,1e-05
HA-0190,Hospital A,1,1,0.27973303,1.2739197,8.0,7.993358602786781,1e-05
HA-0191,Hospital A,1,0,0.88656586,0.12039992,8.0,7.993358602786781,1e-05
HA-0192,Hospital A,0,0,0.1632604,0.17824233,8.0,7.993358602786781,1e-05
HA-0193,Hospital A,0,0,0.09754738,0.1026392,8.0,7.993358602786781,1e-05
HA-0194,Hospital A,1,1,0.11546865,2.1587563,8.0,7.993358602786781,1e-05
HA-0195,Hospital A,1,0,0.05721179,2.8609953,8.0,7.993358602786781,1e-05
HA-0196,Hospital A,0,0,0.06781966,0.07022905,8.0,7.993358602786781,1e-05
HA-0197,Hospital A,0,0,0.10370494,0.109485626,8.0,7.993358602786781,1e-05
HA-0198,Hospital A,0,0,0.026439948,0.026795864,8.0,7.993358602786781,1e-05
HA-0199,Hospital A,0,0,0.02279885,0.023062706,8.0,7.993358602786781,1e-05
HA-0200,Hospital A,0,1,0.31239757,0.3745445,8.0,7.993358602786781,1e-05
HA-0201,Hospital A,0,1,0.16248652,0.17731798,8.0,7.993358602786781,1e-05
HA-0202,Hospital A,0,0,0.26227528,0.30418456,8.0,7.993358602786781,1e-05
HA-0203,Hospital A,1,0,0.1583462,1.8429714,8.0,7.993358602786781,1e-05
HA-0204,Hospital A,0,1,0.19911957,0.22204363,8.0,7.993358602786781,1e-05
HA-0205,Hospital A,0,0,0.024263078,0.024562359,8.0,7.993358602786781,1e-05
HA-0206,Hospital A,0,0,0.070396595,0.07299733,8.0,7.993358602786781,1e-05
HA-0207,Hospital A,0,0,0.025239686,0.025563717,8.0,7.993358602786781,1e-05
HA-0208,Hospital A,0,0,0.14614767,0.15799701,8.0,7.993358602786781,1e-05
HA-0209,Hospital A,0,1,0.022456242,0.02271223,8.0,7.993358602786781,1e-05
HA-0210,Hospital A,0,0,0.040030718,0.040853977,8.0,7.993358602786781,1e-05
HA-0211,Hospital A,0,1,0.10979699,0.11630583,8.0,7.993358602786781,1e-05
HA-0212,Hospital A,0,0,0.10408735,0.109912395,8.0,7.993358602786781,1e-05
HA-0213,Hospital A,0,0,0.020763842,0.020982504,8.0,7.993358602786781,1e-05
HA-0214,Hospital A,0,1,0.06382055,0.06594801,8.0,7.993358602786781,1e-05
HA-0215,Hospital A,0,0,0.021052254,0.02127695,8.0,7.993358602786781,1e-05
HA-0216,Hospital A,0,1,0.044471342,0.045490503,8.0,7.993358602786781,1e-05
HA-0217,Hospital A,0,0,0.03560714,0.03625655,8.0,7.993358602786781,1e-05
HA-0218,Hospital A,0,0,0.19041719,0.21123624,8.0,7.993358602786781,1e-05
HA-0219,Hospital A,1,0,0.016541189,4.1019015,8.0,7.993358602786781,1e-05
HA-0220,Hospital A,0,0,0.09044932,0.094804525,8.0,7.993358602786781,1e-05
HA-0221,Hospital A,0,1,0.060484935,0.06239152,8.0,7.993358602786781,1e-05
HA-0222,Hospital A,1,0,0.033169087,3.406137,8.0,7.993358602786781,1e-05
HA-0223,Hospital A,1,1,0.058139253,2.8449142,8.0,7.993358602786781,1e-05
HA-0224,Hospital A,0,0,0.024107056,0.02440238,8.0,7.993358602786781,1e-05
HA-0225,Hospital A,0,0,0.08252314,0.086128,8.0,7.993358602786781,1e-05
HA-0226,Hospital A,0,1,0.051932935,0.053329945,8.0,7.993358602786781,1e-05
HA-0227,Hospital A,0,1,0.39616385,0.50445247,8.0,7.993358602786781,1e-05
HA-0228,Hospital A,1,1,0.09468708,2.3571777,8.0,7.993358602786781,1e-05
HA-0229,Hospital A,0,0,0.12929536,0.13845253,8.0,7.993358602786781,1e-05
HA-0230,Hospital A,0,0,0.08172811,0.08526182,8.0,7.993358602786781,1e-05
HA-0231,Hospital A,1,1,0.51694405,0.6598206,8.0,7.993358602786781,1e-05
HA-0232,Hospital A,0,0,0.09264987,0.09722686,8.0,7.993358602786781,1e-05
HA-0233,Hospital A,0,1,0.016004581,0.016134262,8.0,7.993358602786781,1e-05
HA-0234,Hospital A,1,1,0.30735755,1.1797435,8.0,7.993358602786781,1e-05
HA-0235,Hospital A,0,1,0.06546413,0.067705154,8.0,7.993358602786781,1e-05
HA-0236,Hospital A,0,1,0.117310666,0.12478185,8.0,7.993358602786781,1e-05
HA-0237,Hospital A,0,0,0.02581395,0.026153088,8.0,7.993358602786781,1e-05
HA-0238,Hospital A,0,0,0.053988717,0.055500746,8.0,7.993358602786781,1e-05
HA-0239,Hospital A,0,0,0.08852388,0.09268999,8.0,7.993358602786781,1e-05
HA-0240,Hospital A,0,0,0.02085875,0.021079302,8.0,7.993358602786781,1e-05
HA-0241,Hospital A,0,0,0.14115131,0.15216255,8.0,7.993358602786781,1e-05
HA-0242,Hospital A,0,0,0.087393194,0.091450214,8.0,7.993358602786781,1e-05
HA-0243,Hospital A,0,0,0.043539476,0.04451585,8.0,7.993358602786781,1e-05
HA-0244,Hospital A,1,1,0.01996993,3.9135277,8.0,7.993358602786781,1e-05
HA-0245,Hospital A,0,1,0.32389313,0.39140415,8.0,7.993358602786781,1e-05
HA-0246,Hospital A,1,1,0.055141967,2.897844,8.0,7.993358602786781,1e-05
HA-0247,Hospital A,0,0,0.09661182,0.10160303,8.0,7.993358602786781,1e-05
HA-0248,Hospital A,0,1,0.20823844,0.233495,8.0,7.993358602786781,1e-05
HA-0249,Hospital A,0,0,0.2404816,0.2750708,8.0,7.993358602786781,1e-05
HA-0250,Hospital A,0,1,0.017073663,0.017220974,8.0,7.993358602786781,1e-05
HA-0251,Hospital A,0,0,0.12660332,0.13536549,8.0,7.993358602786781,1e-05
HA-0252,Hospital A,0,1,0.14214395,0.153319,8.0,7.993358602786781,1e-05
HA-0253,Hospital A,0,1,0.21205091,0.23832178,8.0,7.993358602786781,1e-05
HA-0254,Hospital A,0,0,0.026617305,0.026978016,8.0,7.993358602786781,1e-05
HA-0255,Hospital A,0,0,0.03455242,0.035163403,8.0,7.993358602786781,1e-05
HA-0256,Hospital A,0,0,0.07755142,0.08072376,8.0,7.993358602786781,1e-05
HA-0257,Hospital A,0,0,0.122046195,0.13016129,8.0,7.993358602786781,1e-05
HA-0258,Hospital A,1,0,0.48213914,0.7295225,8.0,7.993358602786781,1e-05
HA-0259,Hospital A,0,1,0.12699147,0.1358099,8.0,7.993358602786781,1e-05
HA-0260,Hospital A,0,0,0.047135696,0.04828286,8.0,7.993358602786781,1e-05
HA-0261,Hospital A,0,0,0.079700574,0.08305621,8.0,7.993358602786781,1e-05
HA-0262,Hospital A,1,0,0.029284552,3.5306952,8.0,7.993358602786781,1e-05
HA-0263,Hospital A,0,0,0.09771032,0.10281968,8.0,7.993358602786781,1e-05
HA-0264,Hospital A,0,1,0.0136504015,0.013744354,8.0,7.993358602786781,1e-05
HA-0265,Hospital A,0,1,0.030647522,0.031126976,8.0,7.993358602786781,1e-05
HA-0266,Hospital A,0,1,0.11165545,0.11839557,8.0,7.993358602786781,1e-05
HA-0267,Hospital A,0,1,0.06830837,0.070753336,8.0,7.993358602786781,1e-05
HA-0268,Hospital A,0,0,0.023373863,0.023651361,8.0,7.993358602786781,1e-05
HA-0269,Hospital A,0,1,0.054982282,0.056551695,8.0,7.993358602786781,1e-05
HA-0270,Hospital A,0,0,0.042405754,0.043331146,8.0,7.993358602786781,1e-05
HA-0271,Hospital A,0,1,0.053341452,0.054816723,8.0,7.993358602786781,1e-05
HA-0272,Hospital A,1,0,0.053770173,2.9230363,8.0,7.993358602786781,1e-05
HA-0273,Hospital A,0,0,0.018929956,0.019111395,8.0,7.993358602786781,1e-05
HA-0274,Hospital A,0,0,0.050022054,0.0513165,8.0,7.993358602786781,1e-05
HA-0275,Hospital A,0,1,0.03535995,0.03600025,8.0,7.993358602786781,1e-05
HA-0276,Hospital A,0,0,0.57824546,0.8633318,8.0,7.993358602786781,1e-05
HA-0277,Hospital A,0,1,0.12404283,0.13243818,8.0,7.993358602786781,1e-05
HA-0278,Hospital A,1,1,0.30289742,1.194361,8.0,7.993358602786781,1e-05
HA-0279,Hospital A,0,1,0.18064936,0.19924307,8.0,7.993358602786781,1e-05
HA-0280,Hospital A,0,0,0.031852614,0.032371044,8.0,7.993358602786781,1e-05
HA-0281,Hospital A,1,0,0.10951453,2.211698,8.0,7.993358602786781,1e-05
HA-0282,Hospital A,0,1,0.01649311,0.01663065,8.0,7.993358602786781,1e-05
HA-0283,Hospital A,0,1,0.38449627,0.48531428,8.0,7.993358602786781,1e-05
HA-0284,Hospital A,0,0,0.058627438,0.06041622,8.0,7.993358602786781,1e-05
HA-0285,Hospital A,0,1,0.14426228,0.15579128,8.0,7.993358602786781,1e-05
HA-0286,Hospital A,0,1,0.053421978,0.05490184,8.0,7.993358602786781,1e-05
HA-0287,Hospital A,0,1,0.09868436,0.10389972,8.0,7.993358602786781,1e-05
HA-0288,Hospital A,0,0,0.075049184,0.07801461,8.0,7.993358602786781,1e-05
HA-0289,Hospital A,1,0,0.08831469,2.426849,8.0,7.993358602786781,1e-05
HA-0290,Hospital A,0,0,0.092143916,0.096669436,8.0,7.993358602786781,1e-05
HA-0291,Hospital A,1,0,0.07830762,2.5471103,8.0,7.993358602786781,1e-05
HA-0292,Hospital A,0,1,0.04067162,0.041521788,8.0,7.993358602786781,1e-05
HA-0293,Hospital A,0,0,0.10948749,0.115958214,8.0,7.993358602786781,1e-05
HA-0294,Hospital A,0,1,0.06036655,0.062265396,8.0,7.993358602786781,1e-05
HA-0295,Hospital A,0,0,0.24804911,0.28508425,8.0,7.993358602786781,1e-05
HA-0296,Hospital A,0,1,0.04357745,0.044555426,8.0,7.993358602786781,1e-05
HA-0297,Hospital A,0,0,0.14459573,0.1561811,8.0,7.993358602786781,1e-05
HA-0298,Hospital A,1,0,0.08587662,2.4548435,8.0,7.993358602786781,1e-05
HA-0299,Hospital A,0,1,0.12939465,0.1385665,8.0,7.993358602786781,1e-05
HA-0300,Hospital A,1,0,0.23978989,1.4279921,8.0,7.993358602786781,1e-05
HA-0301,Hospital A,0,1,0.17249058,0.18933475,8.0,7.993358602786781,1e-05
HA-0302,Hospital A,0,1,0.020481795,0.020694494,8.0,7.993358602786781,1e-05
HA-0303,Hospital A,0,1,0.19191955,0.21309364,8.0,7.993358602786781,1e-05
HA-0304,Hospital A,0,0,0.08099311,0.08446169,8.0,7.993358602786781,1e-05
HA-0305,Hospital A,0,1,0.07505263,0.07801843,8.0,7.993358602786781,1e-05
HA-0306,Hospital A,1,1,0.024511676,3.7086055,8.0,7.993358602786781,1e-05
HA-0307,Hospital A,1,1,0.25798646,1.3548481,8.0,7.993358602786781,1e-05
HA-0308,Hospital A,0,1,0.15718147,0.17100358,8.0,7.993358602786781,1e-05
HA-0309,Hospital A,0,1,0.031009711,0.031500578,8.0,7.993358602786781,1e-05
HA-0310,Hospital A,1,1,0.13117959,2.031188,8.0,7.993358602786781,1e-05
HA-0311,Hospital A,0,0,0.14135662,0.15240157,8.0,7.993358602786781,1e-05
HA-0312,Hospital A,0,0,0.15184537,0.16469228,8.0,7.993358602786781,1e-05
HA-0313,Hospital A,0,1,0.10341579,0.109163046,8.0,7.993358602786781,1e-05
HA-0314,Hospital A,0,1,0.10343626,0.109185934,8.0,7.993358602786781,1e-05
HA-0315,Hospital A,0,1,0.04545986,0.04652548,8.0,7.993358602786781,1e-05
HA-0316,Hospital A,0,1,0.06262292,0.06466961,8.0,7.993358602786781,1e-05
HA-0317,Hospital A,0,0,0.024649225,0.024958134,8.0,7.993358602786781,1e-05
HA-0318,Hospital A,1,1,0.14420907,1.9364911,8.0,7.993358602786781,1e-05
HA-0319,Hospital A,0,0,0.068596706,0.0710628,8.0,7.993358602786781,1e-05
HA-0320,Hospital A,0,0,0.01989327,0.020093918,8.0,7.993358602786781,1e-05
HA-0321,Hospital A,0,1,0.026646415,0.027007818,8.0,7.993358602786781,1e-05
HA-0322,Hospital A,0,0,0.06603857,0.068320036,8.0,7.993358602786781,1e-05
HA-0323,Hospital A,0,1,0.1171614,0.12461281,8.0,7.993358602786781,1e-05
HA-0324,Hospital A,0,0,0.05514848,0.05672741,8.0,7.993358602786781,1e-05
HA-0325,Hospital A,0,1,0.33931637,0.4144802,8.0,7.993358602786781,1e-05
HA-0326,Hospital A,1,1,0.10006786,2.3019066,8.0,7.993358602786781,1e-05
HA-0327,Hospital A,0,1,0.017295888,0.017446995,8.0,7.993358602786781,1e-05
HA-0328,Hospital A,0,1,0.22380851,0.25335598,8.0,7.993358602786781,1e-05
HA-0329,Hospital A,1,1,0.2205764,1.5115111,8.0,7.993358602786781,1e-05
HA-0330,Hospital A,0,1,0.037470378,0.038190365,8.0,7.993358602786781,1e-05
HA-0331,Hospital A,0,0,0.47996745,0.65386385,8.0,7.993358602786781,1e-05
HA-0332,Hospital A,0,0,0.05054136,0.051863194,8.0,7.993358602786781,1e-05
HA-0333,Hospital A,0,0,0.049212895,0.050465107,8.0,7.993358602786781,1e-05
HA-0334,Hospital A,1,0,0.10631595,2.24134,8.0,7.993358602786781,1e-05
HA-0335,Hospital A,0,1,0.24405935,0.27979243,8.0,7.993358602786781,1e-05
HA-0336,Hospital A,0,1,0.018800428,0.018979311,8.0,7.993358602786781,1e-05
HA-0337,Hospital A,1,1,0.15248607,1.880682,8.0,7.993358602786781,1e-05
HA-0338,Hospital A,0,0,0.017560974,0.017716885,8.0,7.993358602786781,1e-05
HA-0339,Hospital A,0,0,0.10672591,0.11286187,8.0,7.993358602786781,1e-05
HA-0340,Hospital A,0,0,0.050430767,0.051746845,8.0,7.993358602786781,1e-05
HA-0341,Hospital A,0,1,0.021756867,0.021996975,8.0,7.993358602786781,1e-05
HA-0342,Hospital A,0,0,0.22794618,0.25870097,8.0,7.993358602786781,1e-05
HA-0343,Hospital A,0,0,0.017563516,0.017719746,8.0,7.993358602786781,1e-05
HA-0344,Hospital A,0,1,0.24375631,0.27939153,8.0,7.993358602786781,1e-05
HA-0345,Hospital A,1,1,0.114986815,2.1629379,8.0,7.993358602786781,1e-05
HA-0346,Hospital A,0,1,0.021131152,0.021357536,8.0,7.993358602786781,1e-05
HA-0347,Hospital A,0,1,0.04054201,0.041386843,8.0,7.993358602786781,1e-05
HA-0348,Hospital A,0,0,0.09878899,0.10401583,8.0,7.993358602786781,1e-05
HA-0349,Hospital A,0,1,0.2674904,0.31127882,8.0,7.993358602786781,1e-05
HA-0350,Hospital A,0,0,0.1285252,0.13756824,8.0,7.993358602786781,1e-05
HA-0351,Hospital A,0,0,0.09500477,0.09982562,8.0,7.993358602786781,1e-05
HA-0352,Hospital A,0,1,0.051699735,0.053084135,8.0,7.993358602786781,1e-05
HA-0353,Hospital A,1,1,0.11229951,2.1865857,8.0,7.993358602786781,1e-05
HA-0354,Hospital A,0,1,0.056597713,0.058262587,8.0,7.993358602786781,1e-05
HA-0355,Hospital A,1,0,0.0695971,2.6650324,8.0,7.993358602786781,1e-05
HA-0356,Hospital A,0,1,0.0248532,0.025167227,8.0,7.993358602786781,1e-05
HA-0357,Hospital A,0,0,0.37604213,0.47167242,8.0,7.993358602786781,1e-05
HA-0358,Hospital A,0,0,0.084127516,0.08787823,8.0,7.993358602786781,1e-05
HA-0359,Hospital A,0,1,0.03489729,0.035520792,8.0,7.993358602786781,1e-05
HA-0360,Hospital A,0,1,0.051806327,0.05319643,8.0,7.993358602786781,1e-05
HA-0361,Hospital A,0,0,0.095225304,0.100069284,8.0,7.993358602786781,1e-05
HA-0362,Hospital A,1,0,0.05321552,2.9334052,8.0,7.993358602786781,1e-05
HA-0363,Hospital A,0,0,0.14327054,0.15463305,8.0,7.993358602786781,1e-05
HA-0364,Hospital A,1,0,0.0403745,3.2095568,8.0,7.993358602786781,1e-05
HA-0365,Hospital A,0,1,0.07625598,0.07932019,8.0,7.993358602786781,1e-05
HA-0366,Hospital A,0,1,0.07426763,0.07717013,8.0,7.993358602786781,1e-05
HA-0367,Hospital A,0,1,0.21724927,0.244941,8.0,7.993358602786781,1e-05
HA-0368,Hospital A,0,1,0.017124679,0.01727295,8.0,7.993358602786781,1e-05
HA-0369,Hospital A,0,0,0.0173528,0.017505169,8.0,7.993358602786781,1e-05
HA-0370,Hospital A,0,1,0.029818825,0.030272484,8.0,7.993358602786781,1e-05
HA-0371,Hospital A,0,0,0.08778249,0.091876745,8.0,7.993358602786781,1e-05
HA-0372,Hospital A,0,1,0.10084067,0.10629511,8.0,7.993358602786781,1e-05
HA-0373,Hospital A,0,1,0.14996977,0.16248333,8.0,7.993358602786781,1e-05
HA-0374,Hospital A,1,1,0.070073165,2.6582155,8.0,7.993358602786781,1e-05
HA-0375,Hospital A,0,1,0.030727178,0.03120923,8.0,7.993358602786781,1e-05
HA-0376,Hospital A,0,1,0.13577196,0.14591861,8.0,7.993358602786781,1e-05
HA-0377,Hospital A,0,0,0.08662503,0.090608835,8.0,7.993358602786781,1e-05
HA-0378,Hospital A,0,0,0.04719327,0.04834318,8.0,7.993358602786781,1e-05
HA-0379,Hospital A,1,0,0.05882193,2.8332405,8.0,7.993358602786781,1e-05
HA-0380,Hospital A,0,1,0.06145664,0.063426256,8.0,7.993358602786781,1e-05
HA-0381,Hospital A,0,1,0.07758037,0.080754995,8.0,7.993358602786781,1e-05
HA-0382,Hospital A,0,0,0.05568288,0.057293177,8.0,7.993358602786781,1e-05
HA-0383,Hospital A,1,1,0.14936033,1.9013935,8.0,7.993358602786781,1e-05
HA-0384,Hospital A,0,1,0.048900753,0.050136805,8.0,7.993358602786781,1e-05
HA-0385,Hospital A,0,1,0.040566195,0.041411877,8.0,7.993358602786781,1e-05
HA-0386,Hospital A,0,1,0.01868112,0.018857718,8.0,7.993358602786781,1e-05
HA-0387,Hospital A,0,1,0.032578643,0.03312111,8.0,7.993358602786781,1e-05
HA-0388,Hospital A,0,1,0.051839925,0.053231955,8.0,7.993358602786781,1e-05
HA-0389,Hospital A,0,1,0.24654445,0.28308523,8.0,7.993358602786781,1e-05
HA-0390,Hospital A,0,1,0.01829622,0.018465757,8.0,7.993358602786781,1e-05
HA-0391,Hospital A,0,1,0.019701269,0.019897938,8.0,7.993358602786781,1e-05
HA-0392,Hospital A,1,0,0.036129624,3.3206422,8.0,7.993358602786781,1e-05
HA-0393,Hospital A,1,1,0.29060754,1.2357816,8.0,7.993358602786781,1e-05
HA-0394,Hospital A,0,0,0.04204215,0.042951584,8.0,7.993358602786781,1e-05
HA-0395,Hospital A,0,1,0.24263878,0.277915,8.0,7.993358602786781,1e-05
HA-0396,Hospital A,0,0,0.056069285,0.05770254,8.0,7.993358602786781,1e-05
HA-0397,Hospital A,1,0,0.22016285,1.5133877,8.0,7.993358602786781,1e-05
HA-0398,Hospital A,0,1,0.014851762,0.01496315,8.0,7.993358602786781,1e-05
HA-0399,Hospital A,1,0,0.052761834,2.9419672,8.0,7.993358602786781,1e-05
HA-0400,Hospital A,0,0,0.12559023,0.1342063,8.0,7.993358602786781,1e-05
HA-0401,Hospital A,1,1,0.38108474,0.9647335,8.0,7.993358602786781,1e-05
HA-0402,Hospital A,0,1,0.051506575,0.052880526,8.0,7.993358602786781,1e-05
HA-0403,Hospital A,0,1,0.34521815,0.4234532,8.0,7.993358602786781,1e-05
HA-0404,Hospital A,0,0,0.105910465,0.111949444,8.0,7.993358602786781,1e-05
HA-0405,Hospital A,0,1,0.05737209,0.0590837,8.0,7.993358602786781,1e-05
HA-0406,Hospital A,0,0,0.040755425,0.041609287,8.0,7.993358602786781,1e-05
HA-0407,Hospital A,0,1,0.036906034,0.037604332,8.0,7.993358602786781,1e-05
HA-0408,Hospital A,0,0,0.20263372,0.22644114,8.0,7.993358602786781,1e-05
HA-0409,Hospital A,0,1,0.012747108,0.012828827,8.0,7.993358602786781,1e-05
HA-0410,Hospital A,0,0,0.051180564,0.052536726,8.0,7.993358602786781,1e-05
HA-0411,Hospital A,0,1,0.06898256,0.071477175,8.0,7.993358602786781,1e-05
HA-0412,Hospital A,1,1,0.14259556,1.9477429,8.0,7.993358602786781,1e-05
HA-0413,Hospital A,0,1,0.19566068,0.2177341,8.0,7.993358602786781,1e-05
HA-0414,Hospital A,1,1,0.4250972,0.8554374,8.0,7.993358602786781,1e-05
HA-0415,Hospital A,1,0,0.30759224,1.1789802,8.0,7.993358602786781,1e-05
HA-0416,Hospital A,0,1,0.086446375,0.09041309,8.0,7.993358602786781,1e-05
HA-0417,Hospital A,0,0,0.088485874,0.09264827,8.0,7.993358602786781,1e-05
HA-0418,Hospital A,0,1,0.12495436,0.13347936,8.0,7.993358602786781,1e-05
HA-0419,Hospital A,0,1,0.022618588,0.022878408,8.0,7.993358602786781,1e-05
HA-0420,Hospital A,1,1,0.5682063,0.5652707,8.0,7.993358602786781,1e-05
HA-0421,Hospital A,0,1,0.31079084,0.3722105,8.0,7.993358602786781,1e-05
HA-0422,Hospital A,0,1,0.049262978,0.050517797,8.0,7.993358602786781,1e-05
HA-0423,Hospital A,0,0,0.011347015,0.011411667,8.0,7.993358602786781,1e-05
HA-0424,Hospital A,0,1,0.16703066,0.18275845,8.0,7.993358602786781,1e-05
HA-0425,Hospital A,1,1,0.072582155,2.6230361,8.0,7.993358602786781,1e-05
HA-0426,Hospital A,0,0,0.45805702,0.6125945,8.0,7.993358602786781,1e-05
HA-0427,Hospital A,0,0,0.05480777,0.05636692,8.0,7.993358602786781,1e-05
HA-0428,Hospital A,0,1,0.4824869,0.6587205,8.0,7.993358602786781,1e-05
HA-0429,Hospital A,1,0,0.052209936,2.9524825,8.0,7.993358602786781,1e-05
HA-0430,Hospital A,0,0,0.03023245,0.030698776,8.0,7.993358602786781,1e-05
HA-0431,Hospital A,0,0,0.017868418,0.018030167,8.0,7.993358602786781,1e-05
HA-0432,Hospital A,0,1,0.2840257,0.33411098,8.0,7.993358602786781,1e-05
HA-0433,Hospital A,0,0,0.060589645,0.06250286,8.0,7.993358602786781,1e-05
HA-0434,Hospital A,0,1,0.05373836,0.0552361,8.0,7.993358602786781,1e-05
HA-0435,Hospital A,0,0,0.103701696,0.10948205,8.0,7.993358602786781,1e-05
HA-0436,Hospital A,0,1,0.1906793,0.21156001,8.0,7.993358602786781,1e-05
HA-0437,Hospital A,0,0,0.06331808,0.06541157,8.0,7.993358602786781,1e-05
HA-0438,Hospital A,0,0,0.07319983,0.07601738,8.0,7.993358602786781,1e-05
HA-0439,Hospital A,0,0,0.029341536,0.029780626,8.0,7.993358602786781,1e-05
HA-0440,Hospital A,1,0,0.37056267,0.99273264,8.0,7.993358602786781,1e-05
HA-0441,Hospital A,0,1,0.033456057,0.03402853,8.0,7.993358602786781,1e-05
HA-0442,Hospital A,1,1,0.068719864,2.677717,8.0,7.993358602786781,1e-05
HA-0443,Hospital A,0,1,0.1366437,0.14692783,8.0,7.993358602786781,1e-05
HA-0444,Hospital A,0,1,0.048695773,0.049921274,8.0,7.993358602786781,1e-05
HA-0445,Hospital A,1,0,0.683864,0.37999627,8.0,7.993358602786781,1e-05
HA-0446,Hospital A,0,0,0.022741519,0.023004055,8.0,7.993358602786781,1e-05
HA-0447,Hospital A,0,1,0.02927653,0.02971363,8.0,7.993358602786781,1e-05
HA-0448,Hospital A,0,1,0.0120030185,0.012075424,8.0,7.993358602786781,1e-05
HA-0449,Hospital A,0,0,0.12759277,0.13649893,8.0,7.993358602786781,1e-05
HA-0450,Hospital A,0,1,0.021009814,0.021233559,8.0,7.993358602786781,1e-05
HA-0451,Hospital A,0,1,0.070462435,0.07306814,8.0,7.993358602786781,1e-05
HA-0452,Hospital A,0,1,0.06515258,0.067371845,8.0,7.993358602786781,1e-05
HA-0453,Hospital A,0,0,0.1964703,0.21874118,8.0,7.993358602786781,1e-05
HA-0454,Hospital A,0,1,0.5674819,0.8381311,8.0,7.993358602786781,1e-05
HA-0455,Hospital A,1,1,0.48258618,0.72859585,8.0,7.993358602786781,1e-05
HA-0456,Hospital A,0,1,0.16834868,0.18434203,8.0,7.993358602786781,1e-05
HA-0457,Hospital A,1,1,0.5022211,0.6887148,8.0,7.993358602786781,1e-05
HA-0458,Hospital A,1,1,0.033445198,3.3978472,8.0,7.993358602786781,1e-05
HA-0459,Hospital A,0,1,0.09676898,0.10177684,8.0,7.993358602786781,1e-05
HA-0460,Hospital A,1,1,0.046623826,3.0656435,8.0,7.993358602786781,1e-05
HA-0461,Hospital A,0,0,0.02504019,0.025358915,8.0,7.993358602786781,1e-05
HA-0462,Hospital A,0,1,0.030282307,0.030750275,8.0,7.993358602786781,1e-05
HA-0463,Hospital A,0,0,0.022190647,0.022440672,8.0,7.993358602786781,1e-05
HA-0464,Hospital A,0,1,0.07776962,0.080960274,8.0,7.993358602786781,1e-05
HA-0465,Hospital A,1,1,0.020964932,3.8649042,8.0,7.993358602786781,1e-05
HA-0466,Hospital A,0,0,0.035047732,0.035676718,8.0,7.993358602786781,1e-05
HA-0467,Hospital A,1,0,0.046122625,3.0764518,8.0,7.993358602786781,1e-05
HA-0468,Hospital A,0,0,0.086248346,0.09019637,8.0,7.993358602786781,1e-05
HA-0469,Hospital A,1,0,0.09133583,2.393212,8.0,7.993358602786781,1e-05
HA-0470,Hospital A,1,1,0.4035026,0.90757227,8.0,7.993358602786781,1e-05
HA-0471,Hospital A,0,1,0.0926235,0.09719777,8.0,7.993358602786781,1e-05
HA-0472,Hospital A,1,1,0.0165154,4.103462,8.0,7.993358602786781,1e-05
HA-0473,Hospital A,0,1,0.01310318,0.013189793,8.0,7.993358602786781,1e-05
HA-0474,Hospital A,0,0,0.22548215,0.25551462,8.0,7.993358602786781,1e-05
HA-0475,Hospital A,1,0,0.21620153,1.5315443,8.0,7.993358602786781,1e-05
HA-0476,Hospital A,0,1,0.37567428,0.47108305,8.0,7.993358602786781,1e-05
HA-0477,Hospital A,0,1,0.073571,0.07641792,8.0,7.993358602786781,1e-05
HA-0478,Hospital A,0,0,0.04139473,0.042275906,8.0,7.993358602786781,1e-05
HA-0479,Hospital A,0,1,0.04766488,0.048838377,8.0,7.993358602786781,1e-05
HA-0480,Hospital A,0,1,0.10872844,0.115106106,8.0,7.993358602786781,1e-05
HA-0481,Hospital A,0,0,0.04237197,0.04329586,8.0,7.993358602786781,1e-05
HA-0482,Hospital A,0,0,0.08381182,0.087533474,8.0,7.993358602786781,1e-05
HA-0483,Hospital A,1,1,0.22507511,1.4913211,8.0,7.993358602786781,1e-05
HA-0484,Hospital A,1,1,0.32615054,1.1203963,8.0,7.993358602786781,1e-05
HA-0485,Hospital A,1,1,0.016320642,4.1153245,8.0,7.993358602786781,1e-05
HA-0486,Hospital A,0,1,0.0588619,0.06066537,8.0,7.993358602786781,1e-05
HA-0487,Hospital A,1,1,0.1778284,1.7269362,8.0,7.993358602786781,1e-05
HA-0488,Hospital A,0,1,0.11343764,0.12040377,8.0,7.993358602786781,1e-05
HA-0489,Hospital A,1,0,0.055233315,2.896189,8.0,7.993358602786781,1e-05
HA-0490,Hospital A,0,1,0.025029862,0.025348425,8.0,7.993358602786781,1e-05
HA-0491,Hospital A,0,0,0.06737302,0.06975007,8.0,7.993358602786781,1e-05
HA-0492,Hospital A,0,0,0.089765415,0.09405303,8.0,7.993358602786781,1e-05
HA-0493,Hospital A,0,0,0.16176392,0.1764555,8.0,7.993358602786781,1e-05
HA-0494,Hospital A,0,0,0.04420409,0.04521084,8.0,7.993358602786781,1e-05
HA-0495,Hospital A,0,0,0.08630482,0.09025836,8.0,7.993358602786781,1e-05
HA-0496,Hospital A,0,1,0.82593465,1.7483248,8.0,7.993358602786781,1e-05
HA-0497,Hospital A,0,1,0.030944852,0.03143382,8.0,7.993358602786781,1e-05
HA-0498,Hospital A,0,1,0.037782118,0.038514376,8.0,7.993358602786781,1e-05
HA-0499,Hospital A,0,0,0.018099895,0.018265486,8.0,7.993358602786781,1e-05
HA-0500,Hospital A,0,0,0.0140500665,0.014149666,8.0,7.993358602786781,1e-05
HA-0501,Hospital A,1,0,0.10687658,2.2360804,8.0,7.993358602786781,1e-05
HA-0502,Hospital A,0,0,0.15707494,0.17087722,8.0,7.993358602786781,1e-05
HA-0503,Hospital A,0,1,0.039651357,0.040458918,8.0,7.993358602786781,1e-05
HA-0504,Hospital A,0,0,0.054003853,0.05551672,8.0,7.993358602786781,1e-05
HA-0505,Hospital A,0,0,0.03885436,0.03962922,8.0,7.993358602786781,1e-05
HA-0506,Hospital A,1,1,0.3045297,1.1889867,8.0,7.993358602786781,1e-05
HA-0507,Hospital A,0,0,0.098451525,0.10364151,8.0,7.993358602786781,1e-05
HA-0508,Hospital A,1,1,0.7764851,0.25297785,8.0,7.993358602786781,1e-05
HA-0509,Hospital A,1,1,0.29418796,1.2235364,8.0,7.993358602786781,1e-05
HA-0510,Hospital A,0,1,0.08324456,0.08691454,8.0,7.993358602786781,1e-05
HA-0511,Hospital A,0,0,0.043536548,0.04451275,8.0,7.993358602786781,1e-05
HA-0512,Hospital A,0,0,0.03428617,0.03488779,8.0,7.993358602786781,1e-05
HA-0513,Hospital A,0,0,0.12388711,0.13226032,8.0,7.993358602786781,1e-05
HA-0514,Hospital A,0,0,0.01601279,0.016142368,8.0,7.993358602786781,1e-05
HA-0515,Hospital A,1,1,0.67918223,0.38686582,8.0,7.993358602786781,1e-05
HA-0516,Hospital A,0,0,0.12998053,0.13923979,8.0,7.993358602786781,1e-05
HA-0517,Hospital A,0,1,0.122761466,0.13097644,8.0,7.993358602786781,1e-05
HA-0518,Hospital A,0,1,0.090208024,0.094539404,8.0,7.993358602786781,1e-05
HA-0519,Hospital A,0,0,0.08919493,0.093426466,8.0,7.993358602786781,1e-05
HA-0520,Hospital A,0,0,0.3121587,0.37419713,8.0,7.993358602786781,1e-05
HA-0521,Hospital A,0,0,0.084878854,0.088698864,8.0,7.993358602786781,1e-05
HA-0522,Hospital A,0,1,0.05157807,0.052955866,8.0,7.993358602786781,1e-05
HA-0523,Hospital A,0,1,0.09897966,0.10422754,8.0,7.993358602786781,1e-05
HA-0524,Hospital A,0,1,0.07851677,0.08177066,8.0,7.993358602786781,1e-05
HA-0525,Hospital A,0,0,0.08902904,0.093244314,8.0,7.993358602786781,1e-05
HA-0526,Hospital A,0,1,0.22633645,0.25661814,8.0,7.993358602786781,1e-05
HA-0527,Hospital A,1,0,0.3222723,1.1323584,8.0,7.993358602786781,1e-05
HA-0528,Hospital A,0,0,0.082531124,0.08613658,8.0,7.993358602786781,1e-05
HA-0529,Hospital A,1,0,0.058026027,2.8468637,8.0,7.993358602786781,1e-05
HA-0530,Hospital A,1,0,0.20557028,1.5819674,8.0,7.993358602786781,1e-05
HA-0531,Hospital A,0,1,0.10618352,0.11225486,8.0,7.993358602786781,1e-05
HA-0532,Hospital A,0,0,0.060754746,0.062678576,8.0,7.993358602786781,1e-05
HA-0533,Hospital A,0,0,0.017603194,0.0177598,8.0,7.993358602786781,1e-05
HA-0534,Hospital A,1,1,0.21072893,1.5571827,8.0,7.993358602786781,1e-05
HA-0535,Hospital A,0,0,0.0125143835,0.012593269,8.0,7.993358602786781,1e-05
HA-0536,Hospital A,0,0,0.069850475,0.07240987,8.0,7.993358602786781,1e-05
HA-0537,Hospital A,0,1,0.041418944,0.042301178,8.0,7.993358602786781,1e-05
HA-0538,Hospital A,0,0,0.27613455,0.3231498,8.0,7.993358602786781,1e-05
HA-0539,Hospital A,0,1,0.014309973,0.014413357,8.0,7.993358602786781,1e-05
HA-0540,Hospital A,0,1,0.022006875,0.02225256,8.0,7.993358602786781,1e-05
HA-0541,Hospital A,0,1,0.012390551,0.012467861,8.0,7.993358602786781,1e-05
HA-0542,Hospital A,0,1,0.1627165,0.17759252,8.0,7.993358602786781,1e-05
HA-0543,Hospital A,0,0,0.22770458,0.25838816,8.0,7.993358602786781,1e-05
HA-0544,Hospital A,0,1,0.014803735,0.014914513,8.0,7.993358602786781,1e-05
HA-0545,Hospital A,0,1,0.074790664,0.077735186,8.0,7.993358602786781,1e-05
HA-0546,Hospital A,1,1,0.013320045,4.3184853,8.0,7.993358602786781,1e-05
HA-0547,Hospital A,0,1,0.031825848,0.032343388,8.0,7.993358602786781,1e-05
HA-0548,Hospital A,0,1,0.09256509,0.0971334,8.0,7.993358602786781,1e-05
HA-0549,Hospital A,0,0,0.07056396,0.07317734,8.0,7.993358602786781,1e-05
HA-0550,Hospital A,0,1,0.15559965,0.16912854,8.0,7.993358602786781,1e-05
HA-0551,Hospital A,0,1,0.0433426,0.044309855,8.0,7.993358602786781,1e-05
HA-0552,Hospital A,0,0,0.102175705,0.10778093,8.0,7.993358602786781,1e-05
HA-0553,Hospital A,0,1,0.058059517,0.05981326,8.0,7.993358602786781,1e-05
HA-0554,Hospital A,0,1,0.18797232,0.20822084,8.0,7.993358602786781,1e-05
HA-0555,Hospital A,0,0,0.022081198,0.022328615,8.0,7.993358602786781,1e-05
HA-0556,Hospital A,0,1,0.076290935,0.0793581,8.0,7.993358602786781,1e-05
HA-0557,Hospital A,0,1,0.4982451,0.6896436,8.0,7.993358602786781,1e-05
HA-0558,Hospital A,1,1,0.12097041,2.1122093,8.0,7.993358602786781,1e-05
HA-0559,Hospital A,0,1,0.018373623,0.018544436,8.0,7.993358602786781,1e-05
HA-0560,Hospital A,0,0,0.16558425,0.18102348,8.0,7.993358602786781,1e-05
HA-0561,Hospital A,1,1,0.08260925,2.4936335,8.0,7.993358602786781,1e-05
HA-0562,Hospital A,1,0,0.0510708,2.9745424,8.0,7.993358602786781,1e-05
HA-0563,Hospital A,0,1,0.084404,0.088180065,8.0,7.993358602786781,1e-05
HA-0564,Hospital A,0,0,0.073393404,0.076226234,8.0,7.993358602786781,1e-05
HA-0565,Hospital A,0,0,0.06275754,0.064813375,8.0,7.993358602786781,1e-05
HA-0566,Hospital A,0,1,0.053893145,0.055399656,8.0,7.993358602786781,1e-05
HA-0567,Hospital A,0,0,0.03850158,0.039262295,8.0,7.993358602786781,1e-05
HA-0568,Hospital A,0,1,0.025739571,0.026076555,8.0,7.993358602786781,1e-05
HA-0569,Hospital A,0,1,0.06823532,0.070674896,8.0,7.993358602786781,1e-05
HA-0570,Hospital A,1,1,0.09346574,2.3701603,8.0,7.993358602786781,1e-05
HA-0571,Hospital A,0,1,0.28299814,0.3326769,8.0,7.993358602786781,1e-05
HA-0572,Hospital A,0,0,0.6558918,1.066799,8.0,7.993358602786781,1e-05
HA-0573,Hospital A,0,1,0.06452191,0.0666976,8.0,7.993358602786781,1e-05
HA-0574,Hospital A,1,1,0.30283666,1.1945617,8.0,7.993358602786781,1e-05
HA-0575,Hospital A,0,0,0.13308504,0.1428144,8.0,7.993358602786781,1e-05
HA-0576,Hospital A,0,1,0.020939002,0.021161318,8.0,7.993358602786781,1e-05
HA-0577,Hospital A,0,0,0.05197551,0.053375006,8.0,7.993358602786781,1e-05
HA-0578,Hospital A,1,1,0.0485662,3.0248275,8.0,7.993358602786781,1e-05
HA-0579,Hospital A,0,0,0.018004322,0.018168211,8.0,7.993358602786781,1e-05
HA-0580,Hospital A,0,0,0.071465336,0.07414746,8.0,7.993358602786781,1e-05
HA-0581,Hospital A,0,1,0.040115133,0.040941954,8.0,7.993358602786781,1e-05
HA-0582,Hospital A,0,1,0.012418403,0.012495995,8.0,7.993358602786781,1e-05
HA-0583,Hospital A,0,0,0.04038963,0.041228056,8.0,7.993358602786781,1e-05
HA-0584,Hospital A,0,1,0.047765955,0.048944473,8.0,7.993358602786781,1e-05
HA-0585,Hospital A,0,1,0.04301843,0.04397106,8.0,7.993358602786781,1e-05
HA-0586,Hospital A,1,0,0.1369983,1.9877868,8.0,7.993358602786781,1e-05
HA-0587,Hospital A,0,1,0.49398753,0.68119407,8.0,7.993358602786781,1e-05
HA-0588,Hospital A,0,0,0.15714183,0.17095661,8.0,7.993358602786781,1e-05
HA-0589,Hospital A,0,1,0.0344132,0.035019398,8.0,7.993358602786781,1e-05
HA-0590,Hospital A,1,1,0.69076234,0.36995944,8.0,7.993358602786781,1e-05
HA-0591,Hospital A,0,1,0.031722404,0.032236576,8.0,7.993358602786781,1e-05
HA-0592,Hospital A,0,0,0.049265414,0.05052042,8.0,7.993358602786781,1e-05
HA-0593,Hospital A,1,1,0.2674059,1.3189876,8.0,7.993358602786781,1e-05
HA-0594,Hospital A,0,1,0.026038019,0.026382923,8.0,7.993358602786781,1e-05
HA-0595,Hospital A,0,0,0.035458263,0.036102057,8.0,7.993358602786781,1e-05
HA-0596,Hospital A,0,0,0.06553733,0.067783594,8.0,7.993358602786781,1e-05
HA-0597,Hospital A,0,0,0.046710413,0.047836542,8.0,7.993358602786781,1e-05
HA-0598,Hospital A,0,1,0.09264202,0.097218275,8.0,7.993358602786781,1e-05
HA-0599,Hospital A,1,1,0.09684741,2.3346188,8.0,7.993358602786781,1e-05
HA-0600,Hospital A,0,0,0.07606193,0.079110146,8.0,7.993358602786781,1e-05
HA-0601,Hospital A,0,0,0.17514053,0.1925422,8.0,7.993358602786781,1e-05
HA-0602,Hospital A,0,0,0.112236165,0.11904955,8.0,7.993358602786781,1e-05
HA-0603,Hospital A,0,0,0.05630392,0.057951212,8.0,7.993358602786781,1e-05
HA-0604,Hospital A,0,0,0.051548257,0.052924395,8.0,7.993358602786781,1e-05
HA-0605,Hospital A,1,1,0.04464654,3.1089785,8.0,7.993358602786781,1e-05
HA-0606,Hospital A,0,1,0.040355798,0.04119277,8.0,7.993358602786781,1e-05
HA-0607,Hospital A,0,1,0.17406632,0.19124079,8.0,7.993358602786781,1e-05
HA-0608,Hospital A,0,1,0.11457768,0.12169051,8.0,7.993358602786781,1e-05
HA-0609,Hospital A,1,1,0.039574776,3.2295632,8.0,7.993358602786781,1e-05
HA-0610,Hospital A,0,1,0.055020757,0.056592226,8.0,7.993358602786781,1e-05
HA-0611,Hospital A,0,1,0.0315086,0.032015562,8.0,7.993358602786781,1e-05
HA-0612,Hospital A,1,0,0.029116122,3.5364633,8.0,7.993358602786781,1e-05
HA-0613,Hospital A,1,0,0.049477484,3.0062375,8.0,7.993358602786781,1e-05
HA-0614,Hospital A,0,1,0.06682786,0.06916571,8.0,7.993358602786781,1e-05
HA-0615,Hospital A,0,0,0.060811397,0.062738895,8.0,7.993358602786781,1e-05
HA-0616,Hospital A,0,0,0.030739166,0.031221628,8.0,7.993358602786781,1e-05
HA-0617,Hospital A,0,1,0.048331264,0.049538374,8.0,7.993358602786781,1e-05
HA-0618,Hospital A,0,1,0.045979038,0.04706955,8.0,7.993358602786781,1e-05
HA-0619,Hospital A,0,0,0.027412608,0.027795315,8.0,7.993358602786781,1e-05
HA-0620,Hospital A,0,0,0.146323,0.15820241,8.0,7.993358602786781,1e-05
HA-0621,Hospital A,0,0,0.019261438,0.019449472,8.0,7.993358602786781,1e-05
HA-0622,Hospital A,0,1,0.022397311,0.02265191,8.0,7.993358602786781,1e-05
HA-0623,Hospital A,0,0,0.018723685,0.01890111,8.0,7.993358602786781,1e-05
HA-0624,Hospital A,1,1,0.58083844,0.54328257,8.0,7.993358602786781,1e-05
HA-0625,Hospital A,0,0,0.05253456,0.053964853,8.0,7.993358602786781,1e-05
HA-0626,Hospital A,1,0,0.13824865,1.9787014,8.0,7.993358602786781,1e-05
HA-0627,Hospital A,0,1,0.24614139,0.28255045,8.0,7.993358602786781,1e-05
HA-0628,Hospital A,1,0,0.40477073,0.90443444,8.0,7.993358602786781,1e-05
HA-0629,Hospital A,1,1,0.06386748,2.750945,8.0,7.993358602786781,1e-05
HA-0630,Hospital A,0,1,0.1984753,0.22123945,8.0,7.993358602786781,1e-05
HA-0631,Hospital A,0,0,0.25079054,0.28873658,8.0,7.993358602786781,1e-05
HA-0632,Hospital A,0,0,0.06920783,0.07171917,8.0,7.993358602786781,1e-05
HA-0633,Hospital A,0,1,0.029954234,0.030411959,8.0,7.993358602786781,1e-05
HA-0634,Hospital A,0,0,0.03265116,0.03319621,8.0,7.993358602786781,1e-05
HA-0635,Hospital A,0,0,0.1310633,0.14048505,8.0,7.993358602786781,1e-05
HA-0636,Hospital A,0,0,0.052561063,0.05399275,8.0,7.993358602786781,1e-05
HA-0637,Hospital A,0,1,0.029087383,0.029518843,8.0,7.993358602786781,1e-05
HA-0638,Hospital A,0,0,0.112078026,0.11887145,8.0,7.993358602786781,1e-05
HA-0639,Hospital A,0,1,0.034618687,0.035232067,8.0,7.993358602786781,1e-05
HA-0640,Hospital A,1,1,0.05788296,2.8493323,8.0,7.993358602786781,1e-05
HA-0641,Hospital A,0,0,0.4112249,0.529711,8.0,7.993358602786781,1e-05
HA-0642,Hospital A,0,0,0.21784095,0.24569714,8.0,7.993358602786781,1e-05
HA-0643,Hospital A,0,1,0.05451892,0.056061506,8.0,7.993358602786781,1e-05
HA-0644,Hospital A,0,0,0.022236612,0.02248764,8.0,7.993358602786781,1e-05
HA-0645,Hospital A,0,0,0.10557123,0.11157012,8.0,7.993358602786781,1e-05
HA-0646,Hospital A,0,0,0.041974947,0.04288125,8.0,7.993358602786781,1e-05
HA-0647,Hospital A,0,0,0.04440847,0.0454247,8.0,7.993358602786781,1e-05
HA-0648,Hospital A,0,0,0.09521376,0.10005665,8.0,7.993358602786781,1e-05
HA-0649,Hospital A,0,0,0.32602218,0.39455807,8.0,7.993358602786781,1e-05
HA-0650,Hospital A,0,1,0.079804935,0.0831697,8.0,7.993358602786781,1e-05
HA-0651,Hospital A,0,1,0.1740853,0.1912638,8.0,7.993358602786781,1e-05
HA-0652,Hospital A,0,0,0.035781205,0.036437035,8.0,7.993358602786781,1e-05
HA-0653,Hospital A,1,0,0.1507929,1.8918478,8.0,7.993358602786781,1e-05
HA-0654,Hospital A,0,0,0.017922103,0.018084526,8.0,7.993358602786781,1e-05
HA-0655,Hospital A,0,0,0.2981748,0.3540709,8.0,7.993358602786781,1e-05
HA-0656,Hospital A,0,0,0.09694538,0.10197234,8.0,7.993358602786781,1e-05
HA-0657,Hospital A,0,1,0.0814059,0.08491087,8.0,7.993358602786781,1e-05
HA-0658,Hospital A,0,0,0.02616795,0.026516438,8.0,7.993358602786781,1e-05
HA-0659,Hospital A,0,0,0.08378877,0.08750844,8.0,7.993358602786781,1e-05
HA-0660,Hospital A,0,1,0.14387386,0.15533757,8.0,7.993358602786781,1e-05
HA-0661,Hospital A,0,1,0.070125595,0.072705746,8.0,7.993358602786781,1e-05
HA-0662,Hospital A,1,1,0.21544777,1.5350368,8.0,7.993358602786781,1e-05
HA-0663,Hospital A,0,0,0.015662877,0.015786648,8.0,7.993358602786781,1e-05
HA-0664,Hospital A,0,1,0.026901262,0.02726984,8.0,7.993358602786781,1e-05
HA-0665,Hospital A,0,1,0.10522741,0.11118579,8.0,7.993358602786781,1e-05
HA-0666,Hospital A,0,1,0.020639122,0.020855188,8.0,7.993358602786781,1e-05
HA-0667,Hospital A,0,1,0.010982218,0.011043072,8.0,7.993358602786781,1e-05
HA-0668,Hospital A,1,1,0.09691336,2.333938,8.0,7.993358602786781,1e-05
HA-0669,Hospital A,0,1,0.4847466,0.6630964,8.0,7.993358602786781,1e-05
HA-0670,Hospital A,0,0,0.10968631,0.11618137,8.0,7.993358602786781,1e-05
HA-0671,Hospital A,0,1,0.07026704,0.07285786,8.0,7.993358602786781,1e-05
HA-0672,Hospital A,1,0,0.09724251,2.3305473,8.0,7.993358602786781,1e-05
HA-0673,Hospital A,0,1,0.11208485,0.11887908,8.0,7.993358602786781,1e-05
HA-0674,Hospital A,0,1,0.038535465,0.03929758,8.0,7.993358602786781,1e-05
HA-0675,Hospital A,1,0,0.2962102,1.216686,8.0,7.993358602786781,1e-05
HA-0676,Hospital A,0,1,0.024466654,0.024770975,8.0,7.993358602786781,1e-05
HA-0677,Hospital A,1,0,0.29829016,1.2096885,8.0,7.993358602786781,1e-05
HA-0678,Hospital A,1,1,0.49290672,0.70743537,8.0,7.993358602786781,1e-05
HA-0679,Hospital A,0,1,0.22100893,0.24975574,8.0,7.993358602786781,1e-05
HA-0680,Hospital A,0,1,0.03177656,0.032292366,8.0,7.993358602786781,1e-05
HA-0681,Hospital A,0,0,0.1033668,0.10910845,8.0,7.993358602786781,1e-05
HA-0682,Hospital A,0,1,0.10746283,0.11368704,8.0,7.993358602786781,1e-05
HA-0683,Hospital A,1,1,0.2499815,1.3863684,8.0,7.993358602786781,1e-05
HA-0684,Hospital A,0,1,0.023524886,0.023806095,8.0,7.993358602786781,1e-05
HA-0685,Hospital A,1,0,0.20702675,1.5749073,8.0,7.993358602786781,1e-05
HA-0686,Hospital A,0,0,0.024593547,0.024900913,8.0,7.993358602786781,1e-05
HA-0687,Hospital A,0,1,0.026125478,0.026472807,8.0,7.993358602786781,1e-05
HA-0688,Hospital A,0,1,0.050652303,0.051980257,8.0,7.993358602786781,1e-05
HA-0689,Hospital A,0,1,0.25430804,0.29344273,8.0,7.993358602786781,1e-05
HA-0690,Hospital A,0,0,0.025645094,0.025979757,8.0,7.993358602786781,1e-05
HA-0691,Hospital A,0,1,0.14945677,0.16188002,8.0,7.993358602786781,1e-05
HA-0692,Hospital A,1,0,0.34773162,1.0563242,8.0,7.993358602786781,1e-05
HA-0693,Hospital A,0,0,0.23551469,0.26855242,8.0,7.993358602786781,1e-05
HA-0694,Hospital A,0,0,0.06122198,0.063176155,8.0,7.993358602786781,1e-05
HA-0695,Hospital A,0,1,0.08398008,0.087717056,8.0,7.993358602786781,1e-05
HA-0696,Hospital A,0,1,0.09169225,0.096172094,8.0,7.993358602786781,1e-05
HA-0697,Hospital A,0,0,0.039902553,0.040720463,8.0,7.993358602786781,1e-05
HA-0698,Hospital A,0,1,0.00827791,0.008312225,8.0,7.993358602786781,1e-05
HA-0699,Hospital A,0,1,0.050498012,0.051817656,8.0,7.993358602786781,1e-05
HA-0700,Hospital A,0,1,0.048582457,0.049802303,8.0,7.993358602786781,1e-05
HA-0701,Hospital A,0,1,0.08313574,0.08679581,8.0,7.993358602786781,1e-05
HA-0702,Hospital A,0,0,0.17379768,0.19091558,8.0,7.993358602786781,1e-05
HA-0703,Hospital A,0,0,0.05843136,0.060208082,8.0,7.993358602786781,1e-05
HA-0704,Hospital A,1,0,0.080876485,2.5148323,8.0,7.993358602786781,1e-05
HA-0705,Hospital A,1,0,0.7966495,0.22734049,8.0,7.993358602786781,1e-05
HA-0706,Hospital A,0,1,0.2529535,0.29162788,8.0,7.993358602786781,1e-05
HA-0707,Hospital A,0,1,0.010182559,0.010234833,8.0,7.993358602786781,1e-05
HA-0708,Hospital A,0,0,0.07876955,0.08204508,8.0,7.993358602786781,1e-05
HA-0709,Hospital A,0,1,0.46301246,0.6217804,8.0,7.993358602786781,1e-05
HA-0710,Hospital A,0,1,0.088691495,0.09287381,8.0,7.993358602786781,1e-05
HA-0711,Hospital A,0,0,0.17503618,0.19241571,8.0,7.993358602786781,1e-05
HA-0712,Hospital A,1,0,0.5867107,0.53322345,8.0,7.993358602786781,1e-05
HA-0713,Hospital A,0,0,0.02576054,0.026098251,8.0,7.993358602786781,1e-05
HA-0714,Hospital A,0,0,0.050273515,0.051581144,8.0,7.993358602786781,1e-05
HA-0715,Hospital A,0,0,0.035122942,0.03575468,8.0,7.993358602786781,1e-05
HA-0716,Hospital A,1,1,0.057914797,2.8487823,8.0,7.993358602786781,1e-05
HA-0717,Hospital A,0,1,0.050603554,0.05192876,8.0,7.993358602786781,1e-05
HA-0718,Hospital A,1,1,0.7213018,0.32669765,8.0,7.993358602786781,1e-05
HA-0719,Hospital A,0,1,0.080875106,0.08433318,8.0,7.993358602786781,1e-05
HA-0720,Hospital A,0,0,0.015685484,0.015810013,8.0,7.993358602786781,1e-05
HA-0721,Hospital A,0,0,0.023424497,0.023703098,8.0,7.993358602786781,1e-05
HA-0722,Hospital A,1,0,0.30746508,1.1793938,8.0,7.993358602786781,1e-05
HA-0723,Hospital A,0,1,0.013748281,0.013843536,8.0,7.993358602786781,1e-05
HA-0724,Hospital A,1,0,0.027588805,3.5903451,8.0,7.993358602786781,1e-05
HA-0725,Hospital A,0,0,0.032591045,0.033133984,8.0,7.993358602786781,1e-05
HA-0726,Hospital A,0,1,0.039483216,0.04028392,8.0,7.993358602786781,1e-05
HA-0727,Hospital A,0,1,0.04961954,0.05089283,8.0,7.993358602786781,1e-05
HA-0728,Hospital A,1,0,0.09562476,2.3473234,8.0,7.993358602786781,1e-05
HA-0729,Hospital A,1,0,0.034859784,3.3564215,8.0,7.993358602786781,1e-05
HA-0730,Hospital A,0,0,0.09793893,0.10307312,8.0,7.993358602786781,1e-05
HA-0731,Hospital A,0,1,0.07464652,0.0775795,8.0,7.993358602786781,1e-05
HA-0732,Hospital A,0,0,0.09768751,0.10279441,8.0,7.993358602786781,1e-05
HA-0733,Hospital A,0,0,0.02628508,0.0266366,8.0,7.993358602786781,1e-05
HA-0734,Hospital A,1,1,0.35279578,1.041866,8.0,7.993358602786781,1e-05
HA-0735,Hospital A,0,1,0.13795708,0.14845026,8.0,7.993358602786781,1e-05
HA-0736,Hospital A,1,0,0.042785205,3.151563,8.0,7.993358602786781,1e-05
HA-0737,Hospital A,1,0,0.08333543,2.4848816,8.0,7.993358602786781,1e-05
HA-0738,Hospital A,0,1,0.33701703,0.41100597,8.0,7.993358602786781,1e-05
HA-0739,Hospital A,0,0,0.029577198,0.030023336,8.0,7.993358602786781,1e-05
HA-0740,Hospital A,1,0,0.02251122,3.7937415,8.0,7.993358602786781,1e-05
HA-0741,Hospital A,1,0,0.069752105,2.6628077,8.0,7.993358602786781,1e-05
HA-0742,Hospital A,0,1,0.06861231,0.07107973,8.0,7.993358602786781,1e-05
HA-0743,Hospital A,0,1,0.031115878,0.03161025,8.0,7.993358602786781,1e-05
HA-0744,Hospital A,0,1,0.018015353,0.018179655,8.0,7.993358602786781,1e-05
HA-0745,Hospital A,0,1,0.07604249,0.079089165,8.0,7.993358602786781,1e-05
HA-0746,Hospital A,0,1,0.107093304,0.113273144,8.0,7.993358602786781,1e-05
HA-0747,Hospital A,1,0,0.23116836,1.464609,8.0,7.993358602786781,1e-05
HA-0748,Hospital A,1,1,0.12657513,2.066919,8.0,7.993358602786781,1e-05
HA-0749,Hospital A,0,0,0.10005104,0.10541725,8.0,7.993358602786781,1e-05
HA-0750,Hospital A,0,0,0.01823002,0.018398046,8.0,7.993358602786781,1e-05
HA-0751,Hospital A,0,1,0.0716901,0.074389696,8.0,7.993358602786781,1e-05
HA-0752,Hospital A,1,0,0.0756453,2.5816998,8.0,7.993358602786781,1e-05
HA-0753,Hospital A,0,1,0.12572165,0.1343565,8.0,7.993358602786781,1e-05
HA-0754,Hospital A,1,0,0.39832264,0.920493,8.0,7.993358602786781,1e-05
HA-0755,Hospital A,1,1,0.15930808,1.8369154,8.0,7.993358602786781,1e-05
HA-0756,Hospital A,0,1,0.05010192,0.05140066,8.0,7.993358602786781,1e-05
HA-0757,Hospital A,0,1,0.022413427,0.022668362,8.0,7.993358602786781,1e-05
HA-0758,Hospital A,1,1,0.05847096,2.839225,8.0,7.993358602786781,1e-05
HA-0759,Hospital A,0,0,0.11215566,0.11895895,8.0,7.993358602786781,1e-05
HA-0760,Hospital A,1,1,0.09863652,2.3163137,8.0,7.993358602786781,1e-05
HA-0761,Hospital A,1,0,0.028924132,3.5430791,8.0,7.993358602786781,1e-05
HA-0762,Hospital A,0,1,0.022686215,0.02294755,8.0,7.993358602786781,1e-05
HA-0763,Hospital A,0,1,0.30325717,0.36133885,8.0,7.993358602786781,1e-05
HA-0764,Hospital A,0,0,0.09361729,0.09829354,8.0,7.993358602786781,1e-05
HA-0765,Hospital A,0,1,0.06485041,0.06704879,8.0,7.993358602786781,1e-05
HA-0766,Hospital A,0,1,0.025245963,0.025570154,8.0,7.993358602786781,1e-05
HA-0767,Hospital A,1,0,0.65475744,0.42349046,8.0,7.993358602786781,1e-05
HA-0768,Hospital A,1,0,0.0078852335,4.8427634,8.0,7.993358602786781,1e-05
HA-0769,Hospital A,0,1,0.028383445,0.02879405,8.0,7.993358602786781,1e-05
HA-0770,Hospital A,1,0,0.039921436,3.220842,8.0,7.993358602786781,1e-05
HA-0771,Hospital A,0,1,0.055084854,0.056660175,8.0,7.993358602786781,1e-05
HA-0772,Hospital A,0,0,0.039475504,0.040275812,8.0,7.993358602786781,1e-05
HA-0773,Hospital A,0,0,0.0575055,0.059225082,8.0,7.993358602786781,1e-05
HA-0774,Hospital A,0,1,0.107540905,0.11377454,8.0,7.993358602786781,1e-05
HA-0775,Hospital A,0,0,0.053544436,0.0550313,8.0,7.993358602786781,1e-05
HA-0776,Hospital A,0,0,0.09325045,0.09788895,8.0,7.993358602786781,1e-05
HA-0777,Hospital A,0,1,0.037176933,0.037885666,8.0,7.993358602786781,1e-05
HA-0778,Hospital A,0,0,0.21192117,0.23815715,8.0,7.993358602786781,1e-05
HA-0779,Hospital A,0,0,0.26882848,0.31310725,8.0,7.993358602786781,1e-05
HA-0780,Hospital A,1,0,0.13176851,2.0267086,8.0,7.993358602786781,1e-05
HA-0781,Hospital A,0,0,0.045227483,0.046282053,8.0,7.993358602786781,1e-05
HA-0782,Hospital A,0,1,0.043684237,0.044667006,8.0,7.993358602786781,1e-05
HA-0783,Hospital A,0,1,0.10338294,0.10912633,8.0,7.993358602786781,1e-05
HA-0784,Hospital A,0,0,0.1506369,0.16326857,8.0,7.993358602786781,1e-05
HA-0785,Hospital A,0,0,0.07248973,0.07525134,8.0,7.993358602786781,1e-05
HA-0786,Hospital A,0,1,0.035332277,0.03597164,8.0,7.993358602786781,1e-05
HA-0787,Hospital A,0,1,0.12340802,0.13171363,8.0,7.993358602786781,1e-05
HA-0788,Hospital A,0,1,0.009005237,0.009046078,8.0,7.993358602786781,1e-05
HA-0789,Hospital A,0,0,0.021841394,0.02208352,8.0,7.993358602786781,1e-05
HA-0790,Hospital A,0,1,0.66959584,1.1074386,8.0,7.993358602786781,1e-05
HA-0791,Hospital A,0,1,0.027291574,0.02767086,8.0,7.993358602786781,1e-05
HA-0792,Hospital A,0,0,0.021033669,0.021258116,8.0,7.993358602786781,1e-05
HA-0793,Hospital A,1,1,0.0699737,2.6596358,8.0,7.993358602786781,1e-05
HA-0794,Hospital A,0,1,0.03310506,0.03366542,8.0,7.993358602786781,1e-05
HA-0795,Hospital A,0,1,0.014311104,0.01441431,8.0,7.993358602786781,1e-05
HA-0796,Hospital A,0,1,0.05544404,0.057040453,8.0,7.993358602786781,1e-05
HA-0797,Hospital A,1,1,0.13419446,2.0084653,8.0,7.993358602786781,1e-05
HA-0798,Hospital A,0,0,0.1276728,0.13659072,8.0,7.993358602786781,1e-05
HA-0799,Hospital A,0,1,0.0298087,0.030261993,8.0,7.993358602786781,1e-05
HA-0800,Hospital A,1,0,0.057191066,2.8613575,8.0,7.993358602786781,1e-05
HA-0801,Hospital A,0,0,0.16159365,0.17625237,8.0,7.993358602786781,1e-05
HA-0802,Hospital A,0,1,0.06362974,0.0657444,8.0,7.993358602786781,1e-05
HA-0803,Hospital A,0,0,0.075940624,0.078979015,8.0,7.993358602786781,1e-05
HA-0804,Hospital A,0,1,0.1105962,0.11720395,8.0,7.993358602786781,1e-05
HA-0805,Hospital A,1,0,0.055788495,2.8861876,8.0,7.993358602786781,1e-05
HA-0806,Hospital A,1,1,0.060207665,2.8099556,8.0,7.993358602786781,1e-05
HA-0807,Hospital A,0,1,0.0155231375,0.015645027,8.0,7.993358602786781,1e-05
HA-0808,Hospital A,0,1,0.01605852,0.016188622,8.0,7.993358602786781,1e-05
HA-0809,Hospital A,0,1,0.021185795,0.021413326,8.0,7.993358602786781,1e-05
HA-0810,Hospital A,0,0,0.047777753,0.04895687,8.0,7.993358602786781,1e-05
HA-0811,Hospital A,0,0,0.037209943,0.03792,8.0,7.993358602786781,1e-05
HA-0812,Hospital A,0,1,0.142093,0.15325952,8.0,7.993358602786781,1e-05
HA-0813,Hospital A,0,0,0.106169105,0.112238646,8.0,7.993358602786781,1e-05
HA-0814,Hospital A,1,1,0.27996916,1.2730758,8.0,7.993358602786781,1e-05
HA-0815,Hospital A,1,1,0.043208253,3.1417236,8.0,7.993358602786781,1e-05
HA-0816,Hospital A,0,1,0.09068841,0.0950675,8.0,7.993358602786781,1e-05
HA-0817,Hospital A,0,0,0.023988217,0.024280548,8.0,7.993358602786781,1e-05
HA-0818,Hospital A,0,0,0.12452669,0.1329906,8.0,7.993358602786781,1e-05
HA-0819,Hospital A,0,0,0.07810654,0.08132553,8.0,7.993358602786781,1e-05
HA-0820,Hospital A,0,0,0.021459905,0.021693468,8.0,7.993358602786781,1e-05
HA-0821,Hospital A,0,0,0.045215294,0.046269417,8.0,7.993358602786781,1e-05
HA-0822,Hospital A,0,0,0.2962258,0.35129762,8.0,7.993358602786781,1e-05
HA-0823,Hospital A,0,1,0.019265989,0.019454002,8.0,7.993358602786781,1e-05
HA-0824,Hospital A,0,1,0.017792927,0.017952919,8.0,7.993358602786781,1e-05
HA-0825,Hospital A,0,0,0.051326033,0.05269003,8.0,7.993358602786781,1e-05
HA-0826,Hospital A,0,0,0.018465009,0.018637657,8.0,7.993358602786781,1e-05
HA-0827,Hospital A,0,0,0.062679246,0.06472969,8.0,7.993358602786781,1e-05
HA-0828,Hospital A,1,1,0.16194513,1.8204976,8.0,7.993358602786781,1e-05
HA-0829,Hospital A,1,0,0.13636087,1.9924505,8.0,7.993358602786781,1e-05
HA-0830,Hospital A,0,0,0.047461517,0.048624754,8.0,7.993358602786781,1e-05
HA-0831,Hospital A,0,1,0.0343247,0.034927607,8.0,7.993358602786781,1e-05
HA-0832,Hospital A,0,1,0.04072433,0.041576862,8.0,7.993358602786781,1e-05
HA-0833,Hospital A,0,1,0.021239972,0.021468878,8.0,7.993358602786781,1e-05
HA-0834,Hospital A,0,0,0.024990067,0.025307655,8.0,7.993358602786781,1e-05
HA-0835,Hospital A,0,0,0.09380488,0.09850073,8.0,7.993358602786781,1e-05
HA-0836,Hospital A,0,1,0.030387873,0.030859232,8.0,7.993358602786781,1e-05
HA-0837,Hospital A,0,0,0.037680127,0.03840828,8.0,7.993358602786781,1e-05
HA-0838,Hospital A,0,0,0.048581712,0.049801588,8.0,7.993358602786781,1e-05
HA-0839,Hospital A,1,1,0.3752544,0.98015106,8.0,7.993358602786781,1e-05
HA-0840,Hospital A,0,0,0.15707457,0.17087674,8.0,7.993358602786781,1e-05
HA-0841,Hospital A,0,0,0.081683494,0.085213184,8.0,7.993358602786781,1e-05
HA-0842,Hospital A,0,0,0.042375036,0.04329896,8.0,7.993358602786781,1e-05
HA-0843,Hospital A,0,0,0.11017826,0.11673403,8.0,7.993358602786781,1e-05
HA-0844,Hospital A,0,1,0.109529845,0.11600566,8.0,7.993358602786781,1e-05
HA-0845,Hospital A,1,0,0.11531019,2.1601295,8.0,7.993358602786781,1e-05
HA-0846,Hospital A,0,0,0.20569223,0.23028433,8.0,7.993358602786781,1e-05
HA-0847,Hospital A,1,1,0.23739979,1.4380097,8.0,7.993358602786781,1e-05
HA-0848,Hospital A,0,0,0.16368897,0.17875469,8.0,7.993358602786781,1e-05
HA-0849,Hospital A,0,0,0.03545947,0.036103487,8.0,7.993358602786781,1e-05
HA-0850,Hospital A,1,1,0.13649845,1.9914421,8.0,7.993358602786781,1e-05
HA-0851,Hospital A,0,1,0.14181161,0.15293169,8.0,7.993358602786781,1e-05
HA-0852,Hospital A,0,1,0.03888288,0.039659023,8.0,7.993358602786781,1e-05
HA-0853,Hospital A,1,0,0.12984651,2.0414023,8.0,7.993358602786781,1e-05
HA-0854,Hospital A,1,0,0.052317306,2.950428,8.0,7.993358602786781,1e-05
HA-0855,Hospital A,0,1,0.4700602,0.6349919,8.0,7.993358602786781,1e-05
HA-0856,Hospital A,0,1,0.23172377,0.26360595,8.0,7.993358602786781,1e-05
HA-0857,Hospital A,0,0,0.18372905,0.20300889,8.0,7.993358602786781,1e-05
HA-0858,Hospital A,1,0,0.03544234,3.339848,8.0,7.993358602786781,1e-05
HA-0859,Hospital A,0,1,0.017109454,0.01725769,8.0,7.993358602786781,1e-05
HA-0860,Hospital A,0,1,0.13013242,0.13941431,8.0,7.993358602786781,1e-05
HA-0861,Hospital A,0,1,0.13305143,0.14277554,8.0,7.993358602786781,1e-05
HA-0862,Hospital A,0,1,0.01241538,0.012493134,8.0,7.993358602786781,1e-05
HA-0863,Hospital A,0,0,0.1742628,0.19147873,8.0,7.993358602786781,1e-05
HA-0864,Hospital A,1,1,0.7357332,0.30688775,8.0,7.993358602786781,1e-05
HA-0865,Hospital A,0,0,0.03819373,0.038942337,8.0,7.993358602786781,1e-05
HA-0866,Hospital A,1,1,0.2518529,1.3789101,8.0,7.993358602786781,1e-05
HA-0867,Hospital A,0,1,0.022058833,0.022305727,8.0,7.993358602786781,1e-05
HA-0868,Hospital A,0,1,0.022895051,0.023161173,8.0,7.993358602786781,1e-05
HA-0869,Hospital A,0,1,0.012582845,0.012662888,8.0,7.993358602786781,1e-05
HA-0870,Hospital A,0,1,0.058974743,0.060785294,8.0,7.993358602786781,1e-05
HA-0871,Hospital A,0,1,0.05382088,0.055323362,8.0,7.993358602786781,1e-05
HA-0872,Hospital A,0,0,0.027453449,0.027837276,8.0,7.993358602786781,1e-05
HA-0873,Hospital A,0,1,0.02337925,0.023656845,8.0,7.993358602786781,1e-05
HA-0874,Hospital A,0,0,0.03873864,0.03950882,8.0,7.993358602786781,1e-05
HA-0875,Hospital A,0,0,0.036343068,0.037019968,8.0,7.993358602786781,1e-05
HA-0876,Hospital A,0,0,0.25558764,0.29516017,8.0,7.993358602786781,1e-05
HA-0877,Hospital A,0,0,0.031580523,0.03208995,8.0,7.993358602786781,1e-05
HA-0878,Hospital A,0,0,0.057124473,0.058820963,8.0,7.993358602786781,1e-05
HA-0879,Hospital A,0,0,0.034052502,0.034645796,8.0,7.993358602786781,1e-05
HA-0880,Hospital A,0,0,0.03394596,0.034535408,8.0,7.993358602786781,1e-05
HA-0881,Hospital A,0,0,0.07608337,0.07913351,8.0,7.993358602786781,1e-05
HA-0882,Hospital A,0,0,0.022266781,0.022518396,8.0,7.993358602786781,1e-05
HA-0883,Hospital A,0,0,0.017319797,0.017471313,8.0,7.993358602786781,1e-05
HA-0884,Hospital A,0,1,0.120756425,0.12869334,8.0,7.993358602786781,1e-05
HA-0885,Hospital A,0,0,0.12018045,0.1280384,8.0,7.993358602786781,1e-05
HA-0886,Hospital A,0,1,0.10538054,0.111356735,8.0,7.993358602786781,1e-05
HA-0887,Hospital A,0,0,0.03225582,0.03278756,8.0,7.993358602786781,1e-05
HA-0888,Hospital A,1,0,0.44475397,0.81023407,8.0,7.993358602786781,1e-05
HA-0889,Hospital A,0,0,0.04590122,0.04698801,8.0,7.993358602786781,1e-05
HA-0890,Hospital A,0,0,0.026996948,0.027368069,8.0,7.993358602786781,1e-05
HA-0891,Hospital A,0,0,0.009878601,0.00992775,8.0,7.993358602786781,1e-05
HA-0892,Hospital A,0,1,0.22619714,0.25643814,8.0,7.993358602786781,1e-05
HA-0893,Hospital A,0,1,0.021099327,0.021325111,8.0,7.993358602786781,1e-05
HA-0894,Hospital A,0,0,0.063511185,0.0656178,8.0,7.993358602786781,1e-05
HA-0895,Hospital A,1,0,0.03186213,3.4463372,8.0,7.993358602786781,1e-05
HA-0896,Hospital A,0,0,0.09289862,0.09750104,8.0,7.993358602786781,1e-05
HA-0897,Hospital A,1,0,0.52110195,0.6518096,8.0,7.993358602786781,1e-05
HA-0898,Hospital A,0,1,0.32141945,0.38775218,8.0,7.993358602786781,1e-05
HA-0899,Hospital A,0,1,0.0921544,0.09668088,8.0,7.993358602786781,1e-05
HA-0900,Hospital A,0,1,0.0131872,0.0132751465,8.0,7.993358602786781,1e-05
HA-0901,Hospital A,0,1,0.026141267,0.02648902,8.0,7.993358602786781,1e-05
HA-0902,Hospital A,0,1,0.16210352,0.17686069,8.0,7.993358602786781,1e-05
HA-0903,Hospital A,0,0,0.20836169,0.23365068,8.0,7.993358602786781,1e-05
HA-0904,Hospital A,0,1,0.1697519,0.18603075,8.0,7.993358602786781,1e-05
HA-0905,Hospital A,0,0,0.030641578,0.031120777,8.0,7.993358602786781,1e-05
HA-0906,Hospital A,0,1,0.40161487,0.5135207,8.0,7.993358602786781,1e-05
HA-0907,Hospital A,1,1,0.19117934,1.6545434,8.0,7.993358602786781,1e-05
HA-0908,Hospital A,1,0,0.01348786,4.3059654,8.0,7.993358602786781,1e-05
HA-0909,Hospital A,1,0,0.8859666,0.12107606,8.0,7.993358602786781,1e-05
HA-0910,Hospital A,0,1,0.027668245,0.02805829,8.0,7.993358602786781,1e-05
HA-0911,Hospital A,0,1,0.047977343,0.04916644,8.0,7.993358602786781,1e-05
HA-0912,Hospital A,1,1,0.12062718,2.1150506,8.0,7.993358602786781,1e-05
HA-0913,Hospital A,0,1,0.08068843,0.08413029,8.0,7.993358602786781,1e-05
HA-0914,Hospital A,0,1,0.025692966,0.026028872,8.0,7.993358602786781,1e-05
HA-0915,Hospital A,0,0,0.026393022,0.026747465,8.0,7.993358602786781,1e-05
HA-0916,Hospital A,0,0,0.14813782,0.16033053,8.0,7.993358602786781,1e-05
HA-0917,Hospital A,1,1,0.074514665,2.5967593,8.0,7.993358602786781,1e-05
HA-0918,Hospital A,1,1,0.080401406,2.5207236,8.0,7.993358602786781,1e-05
HA-0919,Hospital A,0,0,0.12245425,0.1306262,8.0,7.993358602786781,1e-05
HA-0920,Hospital A,0,1,0.05056611,0.05188942,8.0,7.993358602786781,1e-05
HA-0921,Hospital A,1,0,0.07739542,2.5588276,8.0,7.993358602786781,1e-05
HA-0922,Hospital A,0,1,0.04534778,0.046408176,8.0,7.993358602786781,1e-05
HA-0923,Hospital A,0,1,0.052653838,0.05409074,8.0,7.993358602786781,1e-05
HA-0924,Hospital A,0,1,0.06622824,0.06852317,8.0,7.993358602786781,1e-05
HA-0925,Hospital A,0,1,0.23276158,0.26495767,8.0,7.993358602786781,1e-05
HA-0926,Hospital A,1,0,0.123619094,2.0905502,8.0,7.993358602786781,1e-05
HA-0927,Hospital A,1,1,0.5156546,0.662318,8.0,7.993358602786781,1e-05
HA-0928,Hospital A,1,1,0.16145627,1.8235209,8.0,7.993358602786781,1e-05
HA-0929,Hospital A,0,0,0.04682846,0.04796028,8.0,7.993358602786781,1e-05
HA-0930,Hospital A,1,0,0.4042477,0.9057275,8.0,7.993358602786781,1e-05
HA-0931,Hospital A,0,0,0.052545324,0.053976297,8.0,7.993358602786781,1e-05
HA-0932,Hospital A,0,1,0.018924804,0.01910615,8.0,7.993358602786781,1e-05
HA-0933,Hospital A,0,0,0.05819485,0.05995679,8.0,7.993358602786781,1e-05
HA-0934,Hospital A,0,0,0.111308515,0.11800504,8.0,7.993358602786781,1e-05
HA-0935,Hospital A,1,1,0.05480121,2.904043,8.0,7.993358602786781,1e-05
HA-0936,Hospital A,0,1,0.11862107,0.12626767,8.0,7.993358602786781,1e-05
HA-0937,Hospital A,0,1,0.062365256,0.06439471,8.0,7.993358602786781,1e-05
HA-0938,Hospital A,1,0,0.2968796,1.2144287,8.0,7.993358602786781,1e-05
HA-0939,Hospital A,1,1,0.15956369,1.8353121,8.0,7.993358602786781,1e-05
HA-0940,Hospital A,0,1,0.09121561,0.095647335,8.0,7.993358602786781,1e-05
HA-0941,Hospital A,0,0,0.10253331,0.10817933,8.0,7.993358602786781,1e-05
HA-0942,Hospital A,0,0,0.024187315,0.024484634,8.0,7.993358602786781,1e-05
HA-0943,Hospital A,1,1,0.666019,0.40643704,8.0,7.993358602786781,1e-05
HA-0944,Hospital A,0,0,0.030903375,0.031390905,8.0,7.993358602786781,1e-05
HA-0945,Hospital A,0,1,0.109200664,0.11563611,8.0,7.993358602786781,1e-05
HA-0946,Hospital A,0,1,0.06419394,0.06634712,8.0,7.993358602786781,1e-05
HA-0947,Hospital A,0,0,0.020468999,0.020681381,8.0,7.993358602786781,1e-05
HA-0948,Hospital A,0,0,0.032646544,0.033191442,8.0,7.993358602786781,1e-05
HA-0949,Hospital A,0,0,0.036267474,0.03694153,8.0,7.993358602786781,1e-05
HA-0950,Hospital A,0,1,0.0072375005,0.0072636604,8.0,7.993358602786781,1e-05
HA-0951,Hospital A,0,0,0.10089826,0.106359005,8.0,7.993358602786781,1e-05
HA-0952,Hospital A,0,1,0.31083146,0.3722694,8.0,7.993358602786781,1e-05
HA-0953,Hospital A,1,1,0.13504195,2.0021698,8.0,7.993358602786781,1e-05
HA-0954,Hospital A,0,0,0.16335727,0.1783582,8.0,7.993358602786781,1e-05
HA-0955,Hospital A,0,1,0.03470026,0.035316706,8.0,7.993358602786781,1e-05
HA-0956,Hospital A,0,0,0.14809297,0.16027784,8.0,7.993358602786781,1e-05
HA-0957,Hospital A,1,0,0.14968254,1.8992387,8.0,7.993358602786781,1e-05
HA-0958,Hospital A,0,0,0.056145072,0.05778289,8.0,7.993358602786781,1e-05
HA-0959,Hospital A,0,0,0.07377967,0.07664323,8.0,7.993358602786781,1e-05
HA-0960,Hospital A,1,1,0.12145225,2.1082342,8.0,7.993358602786781,1e-05
HA-0961,Hospital A,0,0,0.13216753,0.14175653,8.0,7.993358602786781,1e-05
HA-0962,Hospital A,0,0,0.14641534,0.15831053,8.0,7.993358602786781,1e-05
HA-0963,Hospital A,0,0,0.085926235,0.08984399,8.0,7.993358602786781,1e-05
HA-0964,Hospital A,1,1,0.0467805,3.0622888,8.0,7.993358602786781,1e-05
HA-0965,Hospital A,0,1,0.10500845,0.11094093,8.0,7.993358602786781,1e-05
HA-0966,Hospital A,0,0,0.015674748,0.015799046,8.0,7.993358602786781,1e-05
HA-0967,Hospital A,1,1,0.0435163,3.1346197,8.0,7.993358602786781,1e-05
HA-0968,Hospital A,0,1,0.035692755,0.036345243,8.0,7.993358602786781,1e-05
HA-0969,Hospital A,0,0,0.17677815,0.19452953,8.0,7.993358602786781,1e-05
HA-0970,Hospital A,0,1,0.06531579,0.067546606,8.0,7.993358602786781,1e-05
HA-0971,Hospital A,0,0,0.12179299,0.12987304,8.0,7.993358602786781,1e-05
HA-0972,Hospital A,0,0,0.10510155,0.11104512,8.0,7.993358602786781,1e-05
HA-0973,Hospital A,0,1,0.051043436,0.052392244,8.0,7.993358602786781,1e-05
HA-0974,Hospital A,1,1,0.20368984,1.5911568,8.0,7.993358602786781,1e-05
HA-0975,Hospital A,0,0,0.028489964,0.028903723,8.0,7.993358602786781,1e-05
HA-0976,Hospital A,0,0,0.09007562,0.09439373,8.0,7.993358602786781,1e-05
HA-0977,Hospital A,0,1,0.047749918,0.048927546,8.0,7.993358602786781,1e-05
HA-0978,Hospital A,0,0,0.015990715,0.016119957,8.0,7.993358602786781,1e-05
HA-0979,Hospital A,0,1,0.07422308,0.07712197,8.0,7.993358602786781,1e-05
HA-0980,Hospital A,0,1,0.09434023,0.09909153,8.0,7.993358602786781,1e-05
HA-0981,Hospital A,0,0,0.026855526,0.027222633,8.0,7.993358602786781,1e-05
HA-0982,Hospital A,0,1,0.123040035,0.13129401,8.0,7.993358602786781,1e-05
HA-0983,Hospital A,0,0,0.12765834,0.13657403,8.0,7.993358602786781,1e-05
HA-0984,Hospital A,1,1,0.10027574,2.2998314,8.0,7.993358602786781,1e-05
HA-0985,Hospital A,0,0,0.01751348,0.017668724,8.0,7.993358602786781,1e-05
HA-0986,Hospital A,0,1,0.07794609,0.081151485,8.0,7.993358602786781,1e-05
HA-0987,Hospital A,0,1,0.034132745,0.034728765,8.0,7.993358602786781,1e-05
HA-0988,Hospital A,0,0,0.06909867,0.07160187,8.0,7.993358602786781,1e-05
HA-0989,Hospital A,0,0,0.031152532,0.03164816,8.0,7.993358602786781,1e-05
HA-0990,Hospital A,0,1,0.14304613,0.15437114,8.0,7.993358602786781,1e-05
HA-0991,Hospital A,0,0,0.118525244,0.12615895,8.0,7.993358602786781,1e-05
HA-0992,Hospital A,1,0,0.13958122,1.9691086,8.0,7.993358602786781,1e-05
HA-0993,Hospital A,0,0,0.3737095,0.467941,8.0,7.993358602786781,1e-05
HA-0994,Hospital A,0,1,0.05313701,0.054600954,8.0,7.993358602786781,1e-05
HA-0995,Hospital A,0,1,0.017843632,0.018004894,8.0,7.993358602786781,1e-05
HA-0996,Hospital A,0,0,0.020875312,0.02109623,8.0,7.993358602786781,1e-05
HA-0997,Hospital A,0,1,0.11021294,0.11677313,8.0,7.993358602786781,1e-05
HA-0998,Hospital A,1,0,0.13028647,2.0380197,8.0,7.993358602786781,1e-05
HA-0999,Hospital A,0,1,0.07722696,0.08037186,8.0,7.993358602786781,1e-05
HA-1000,Hospital A,1,0,0.2717951,1.3027067,8.0,7.993358602786781,1e-05
HB-0001,Hospital B,1,0,0.15277158,1.8788115,8.0,7.993358602786781,1e-05
HB-0002,Hospital B,0,0,0.11950349,0.12726927,8.0,7.993358602786781,1e-05
HB-0003,Hospital B,0,1,0.07946766,0.08280325,8.0,7.993358602786781,1e-05
HB-0004,Hospital B,0,0,0.13763943,0.14808178,8.0,7.993358602786781,1e-05
HB-0005,Hospital B,1,1,0.82328504,0.1944528,8.0,7.993358602786781,1e-05
HB-0006,Hospital B,0,1,0.162888,0.17779744,8.0,7.993358602786781,1e-05
HB-0007,Hospital B,1,1,0.080902115,2.5145154,8.0,7.993358602786781,1e-05
HB-0008,Hospital B,0,0,0.30367535,0.3619392,8.0,7.993358602786781,1e-05
HB-0009,Hospital B,0,1,0.14230506,0.15350676,8.0,7.993358602786781,1e-05
HB-0010,Hospital B,0,1,0.14433342,0.15587449,8.0,7.993358602786781,1e-05
HB-0011,Hospital B,1,0,0.34818593,1.0550187,8.0,7.993358602786781,1e-05
HB-0012,Hospital B,1,0,0.06627576,2.713931,8.0,7.993358602786781,1e-05
HB-0013,Hospital B,1,0,0.17790775,1.7264901,8.0,7.993358602786781,1e-05
HB-0014,Hospital B,1,1,0.10921488,2.214438,8.0,7.993358602786781,1e-05
HB-0015,Hospital B,1,0,0.4466594,0.805959,8.0,7.993358602786781,1e-05
HB-0016,Hospital B,0,0,0.40261728,0.5151973,8.0,7.993358602786781,1e-05
HB-0017,Hospital B,1,0,0.1808905,1.7098634,8.0,7.993358602786781,1e-05
HB-0018,Hospital B,0,0,0.2441884,0.27996314,8.0,7.993358602786781,1e-05
HB-0019,Hospital B,0,0,0.1236088,0.13194275,8.0,7.993358602786781,1e-05
HB-0020,Hospital B,0,0,0.13118272,0.14062238,8.0,7.993358602786781,1e-05
HB-0021,Hospital B,1,1,0.38372976,0.9578167,8.0,7.993358602786781,1e-05
HB-0022,Hospital B,0,1,0.32996318,0.4004227,8.0,7.993358602786781,1e-05
HB-0023,Hospital B,0,0,0.11994997,0.12777662,8.0,7.993358602786781,1e-05
HB-0024,Hospital B,0,0,0.039650686,0.040458202,8.0,7.993358602786781,1e-05
HB-0025,Hospital B,1,0,0.60901254,0.49591643,8.0,7.993358602786781,1e-05
HB-0026,Hospital B,1,1,0.8682617,0.14126208,8.0,7.993358602786781,1e-05
HB-0027,Hospital B,1,1,0.15292059,1.8778365,8.0,7.993358602786781,1e-05
HB-0028,Hospital B,1,1,0.871851,0.13713668,8.0,7.993358602786781,1e-05
HB-0029,Hospital B,1,0,0.42965367,0.8447758,8.0,7.993358602786781,1e-05
HB-0030,Hospital B,0,0,0.29367882,0.34768522,8.0,7.993358602786781,1e-05
HB-0031,Hospital B,1,1,0.32826263,1.1139413,8.0,7.993358602786781,1e-05
HB-0032,Hospital B,0,0,0.27349877,0.3195151,8.0,7.993358602786781,1e-05
HB-0033,Hospital B,0,0,0.275692,0.3225385,8.0,7.993358602786781,1e-05
HB-0034,Hospital B,0,0,0.11058125,0.11718702,8.0,7.993358602786781,1e-05
HB-0035,Hospital B,0,0,0.07681899,0.07993007,8.0,7.993358602786781,1e-05
HB-0036,Hospital B,0,0,0.20784274,0.23299539,8.0,7.993358602786781,1e-05
HB-0037,Hospital B,0,1,0.047508825,0.048674345,8.0,7.993358602786781,1e-05
HB-0038,Hospital B,1,0,0.06930417,2.6692502,8.0,7.993358602786781,1e-05
HB-0039,Hospital B,1,1,0.6823381,0.38222998,8.0,7.993358602786781,1e-05
HB-0040,Hospital B,0,1,0.08802854,0.092146635,8.0,7.993358602786781,1e-05
HB-0041,Hospital B,1,0,0.15148126,1.8872935,8.0,7.993358602786781,1e-05
HB-0042,Hospital B,0,0,0.12904136,0.1381607,8.0,7.993358602786781,1e-05
HB-0043,Hospital B,0,0,0.023780676,0.024068117,8.0,7.993358602786781,1e-05
HB-0044,Hospital B,1,1,0.09650548,2.3381555,8.0,7.993358602786781,1e-05
HB-0045,Hospital B,1,0,0.673055,0.39592826,8.0,7.993358602786781,1e-05
HB-0046,Hospital B,1,1,0.12867783,2.0504434,8.0,7.993358602786781,1e-05
HB-0047,Hospital B,1,1,0.38916987,0.9437393,8.0,7.993358602786781,1e-05
HB-0048,Hospital B,0,1,0.06899415,0.07148981,8.0,7.993358602786781,1e-05
HB-0049,Hospital B,1,0,0.55557907,0.58774436,8.0,7.993358602786781,1e-05
HB-0050,Hospital B,0,1,0.24453671,0.28042412,8.0,7.993358602786781,1e-05
HB-0051,Hospital B,0,1,0.1910504,0.21201861,8.0,7.993358602786781,1e-05
HB-0052,Hospital B,1,0,0.35784304,1.0276608,8.0,7.993358602786781,1e-05
HB-0053,Hospital B,0,1,0.32954293,0.39979565,8.0,7.993358602786781,1e-05
HB-0054,Hospital B,1,0,0.26017943,1.3463838,8.0,7.993358602786781,1e-05
HB-0055,Hospital B,1,0,0.06375748,2.7526689,8.0,7.993358602786781,1e-05
HB-0056,Hospital B,0,0,0.5644729,0.83119833,8.0,7.993358602786781,1e-05
HB-0057,Hospital B,0,0,0.40015054,0.51107657,8.0,7.993358602786781,1e-05
HB-0058,Hospital B,0,1,0.22006102,0.24853957,8.0,7.993358602786781,1e-05
HB-0059,Hospital B,1,1,0.18213066,1.7030308,8.0,7.993358602786781,1e-05
HB-0060,Hospital B,1,1,0.455893,0.7854972,8.0,7.993358602786781,1e-05
HB-0061,Hospital B,0,1,0.30494982,0.3637712,8.0,7.993358602786781,1e-05
HB-0062,Hospital B,1,1,0.40721324,0.8984183,8.0,7.993358602786781,1e-05
HB-0063,Hospital B,0,1,0.71292174,1.2480005,8.0,7.993358602786781,1e-05
HB-0064,Hospital B,1,0,0.45524675,0.7869158,8.0,7.993358602786781,1e-05
HB-0065,Hospital B,0,0,0.10823288,0.11455035,8.0,7.993358602786781,1e-05
HB-0066,Hospital B,0,0,0.050305147,0.051614523,8.0,7.993358602786781,1e-05
HB-0067,Hospital B,1,0,0.8800491,0.12777756,8.0,7.993358602786781,1e-05
HB-0068,Hospital B,0,0,0.12772967,0.13665581,8.0,7.993358602786781,1e-05
HB-0069,Hospital B,0,1,0.08304272,0.08669448,8.0,7.993358602786781,1e-05
HB-0070,Hospital B,0,0,0.565901,0.8344826,8.0,7.993358602786781,1e-05
HB-0071,Hospital B,1,0,0.3308516,1.1060853,8.0,7.993358602786781,1e-05
HB-0072,Hospital B,0,1,0.22260205,0.25180292,8.0,7.993358602786781,1e-05
HB-0073,Hospital B,1,1,0.32621887,1.1201868,8.0,7.993358602786781,1e-05
HB-0074,Hospital B,1,1,0.08178248,2.5036922,8.0,7.993358602786781,1e-05
HB-0075,Hospital B,1,1,0.1782488,1.724575,8.0,7.993358602786781,1e-05
HB-0076,Hospital B,1,1,0.57246155,0.5578097,8.0,7.993358602786781,1e-05
HB-0077,Hospital B,1,1,0.15862422,1.8412173,8.0,7.993358602786781,1e-05
HB-0078,Hospital B,0,0,0.38802576,0.49106506,8.0,7.993358602786781,1e-05
HB-0079,Hospital B,1,1,0.13310385,2.0166256,8.0,7.993358602786781,1e-05
HB-0080,Hospital B,0,0,0.17179865,0.18849897,8.0,7.993358602786781,1e-05
HB-0081,Hospital B,0,1,0.060160328,0.06204605,8.0,7.993358602786781,1e-05
HB-0082,Hospital B,0,0,0.06871755,0.07119274,8.0,7.993358602786781,1e-05
HB-0083,Hospital B,1,0,0.15597865,1.8580362,8.0,7.993358602786781,1e-05
HB-0084,Hospital B,1,0,0.5661775,0.56884766,8.0,7.993358602786781,1e-05
HB-0085,Hospital B,0,1,0.07346229,0.07630062,8.0,7.993358602786781,1e-05
HB-0086,Hospital B,1,1,0.42152283,0.86388123,8.0,7.993358602786781,1e-05
HB-0087,Hospital B,0,1,0.07435735,0.07726693,8.0,7.993358602786781,1e-05
HB-0088,Hospital B,1,0,0.54714954,0.6030331,8.0,7.993358602786781,1e-05
HB-0089,Hospital B,1,0,0.23608893,1.4435468,8.0,7.993358602786781,1e-05
HB-0090,Hospital B,0,0,0.41855824,0.54224443,8.0,7.993358602786781,1e-05
HB-0091,Hospital B,1,1,0.47004482,0.7549272,8.0,7.993358602786781,1e-05
HB-0092,Hospital B,0,1,0.053076923,0.054537535,8.0,7.993358602786781,1e-05
HB-0093,Hospital B,0,0,0.12827766,0.13728428,8.0,7.993358602786781,1e-05
HB-0094,Hospital B,0,0,0.1615535,0.17620444,8.0,7.993358602786781,1e-05
HB-0095,Hospital B,1,1,0.8284736,0.18817024,8.0,7.993358602786781,1e-05
HB-0096,Hospital B,1,1,0.24218222,1.4180648,8.0,7.993358602786781,1e-05
HB-0097,Hospital B,1,0,0.7161211,0.333906,8.0,7.993358602786781,1e-05
HB-0098,Hospital B,1,0,0.59736615,0.51522505,8.0,7.993358602786781,1e-05
HB-0099,Hospital B,0,0,0.1180356,0.12560368,8.0,7.993358602786781,1e-05
HB-0100,Hospital B,0,1,0.12745939,0.1363461,8.0,7.993358602786781,1e-05
HB-0101,Hospital B,1,0,0.52695125,0.64064723,8.0,7.993358602786781,1e-05
HB-0102,Hospital B,0,0,0.22645432,0.2567706,8.0,7.993358602786781,1e-05
HB-0103,Hospital B,0,1,0.099954285,0.105309725,8.0,7.993358602786781,1e-05
HB-0104,Hospital B,1,0,0.099203385,2.310583,8.0,7.993358602786781,1e-05
HB-0105,Hospital B,0,0,0.37408146,0.46853507,8.0,7.993358602786781,1e-05
HB-0106,Hospital B,1,0,0.35752544,1.0285487,8.0,7.993358602786781,1e-05
HB-0107,Hospital B,1,0,0.6558682,0.4217954,8.0,7.993358602786781,1e-05
HB-0108,Hospital B,0,1,0.06291966,0.06498623,8.0,7.993358602786781,1e-05
HB-0109,Hospital B,1,0,0.6946223,0.3643871,8.0,7.993358602786781,1e-05
HB-0110,Hospital B,1,0,0.5649767,0.5709708,8.0,7.993358602786781,1e-05
HB-0111,Hospital B,0,0,0.602288,0.9220272,8.0,7.993358602786781,1e-05
HB-0112,Hospital B,1,0,0.07462639,2.595261,8.0,7.993358602786781,1e-05
HB-0113,Hospital B,0,1,0.40972298,0.5271634,8.0,7.993358602786781,1e-05
HB-0114,Hospital B,0,0,0.45918453,0.61467713,8.0,7.993358602786781,1e-05
HB-0115,Hospital B,1,0,0.869348,0.14001177,8.0,7.993358602786781,1e-05
HB-0116,Hospital B,1,1,0.88100284,0.12669443,8.0,7.993358602786781,1e-05
HB-0117,Hospital B,0,0,0.83542913,1.8044139,8.0,7.993358602786781,1e-05
HB-0118,Hospital B,0,1,0.06092654,0.06286168,8.0,7.993358602786781,1e-05
HB-0119,Hospital B,0,1,0.023120707,0.0233922,8.0,7.993358602786781,1e-05
HB-0120,Hospital B,1,1,0.11257778,2.1841109,8.0,7.993358602786781,1e-05
HB-0121,Hospital B,0,1,0.1383726,0.14893234,8.0,7.993358602786781,1e-05
HB-0122,Hospital B,0,1,0.13421081,0.14411378,8.0,7.993358602786781,1e-05
HB-0123,Hospital B,1,0,0.07575614,2.5802357,8.0,7.993358602786781,1e-05
HB-0124,Hospital B,1,1,0.20992853,1.5609882,8.0,7.993358602786781,1e-05
HB-0125,Hospital B,1,1,0.5468789,0.60352796,8.0,7.993358602786781,1e-05
HB-0126,Hospital B,0,1,0.088141955,0.09227085,8.0,7.993358602786781,1e-05
HB-0127,Hospital B,1,1,0.709211,0.3436022,8.0,7.993358602786781,1e-05
HB-0128,Hospital B,1,1,0.10613586,2.2430353,8.0,7.993358602786781,1e-05
HB-0129,Hospital B,0,1,0.2080579,0.23326695,8.0,7.993358602786781,1e-05
HB-0130,Hospital B,1,1,0.69400793,0.3652719,8.0,7.993358602786781,1e-05
HB-0131,Hospital B,0,1,0.16863333,0.18468428,8.0,7.993358602786781,1e-05
HB-0132,Hospital B,1,0,0.23858906,1.4330127,8.0,7.993358602786781,1e-05
HB-0133,Hospital B,0,1,0.40502,0.5192275,8.0,7.993358602786781,1e-05
HB-0134,Hospital B,0,1,0.13887607,0.14951682,8.0,7.993358602786781,1e-05
HB-0135,Hospital B,0,0,0.12818235,0.13717508,8.0,7.993358602786781,1e-05
HB-0136,Hospital B,0,0,0.06545399,0.067694426,8.0,7.993358602786781,1e-05
HB-0137,Hospital B,1,0,0.90137804,0.10383056,8.0,7.993358602786781,1e-05
HB-0138,Hospital B,0,0,0.043142095,0.044100285,8.0,7.993358602786781,1e-05
HB-0139,Hospital B,1,1,0.0657146,2.7224343,8.0,7.993358602786781,1e-05
HB-0140,Hospital B,1,0,0.32374752,1.1277914,8.0,7.993358602786781,1e-05
HB-0141,Hospital B,0,0,0.15408579,0.1673373,8.0,7.993358602786781,1e-05
HB-0142,Hospital B,1,0,0.45102382,0.7962351,8.0,7.993358602786781,1e-05
HB-0143,Hospital B,0,0,0.531288,0.75776684,8.0,7.993358602786781,1e-05
HB-0144,Hospital B,1,0,0.6553726,0.42255136,8.0,7.993358602786781,1e-05
HB-0145,Hospital B,1,1,0.4325606,0.83803284,8.0,7.993358602786781,1e-05
HB-0146,Hospital B,0,1,0.3968752,0.5056312,8.0,7.993358602786781,1e-05
HB-0147,Hospital B,1,1,0.08074731,2.5164306,8.0,7.993358602786781,1e-05
HB-0148,Hospital B,1,0,0.78563195,0.24126682,8.0,7.993358602786781,1e-05
HB-0149,Hospital B,0,0,0.0794515,0.08278561,8.0,7.993358602786781,1e-05
HB-0150,Hospital B,0,1,0.34782442,0.42744148,8.0,7.993358602786781,1e-05
HB-0151,Hospital B,0,0,0.42778534,0.5582411,8.0,7.993358602786781,1e-05
HB-0152,Hospital B,1,0,0.093572855,2.369015,8.0,7.993358602786781,1e-05
HB-0153,Hospital B,0,1,0.25039354,0.28820693,8.0,7.993358602786781,1e-05
HB-0154,Hospital B,0,0,0.6446752,1.034723,8.0,7.993358602786781,1e-05
HB-0155,Hospital B,1,1,0.27657148,1.285286,8.0,7.993358602786781,1e-05
HB-0156,Hospital B,1,0,0.087584205,2.4351547,8.0,7.993358602786781,1e-05
HB-0157,Hospital B,1,0,0.3019092,1.197629,8.0,7.993358602786781,1e-05
HB-0158,Hospital B,0,1,0.09531589,0.10016942,8.0,7.993358602786781,1e-05
HB-0159,Hospital B,1,1,0.82642144,0.19065045,8.0,7.993358602786781,1e-05
HB-0160,Hospital B,1,1,0.2876354,1.2460616,8.0,7.993358602786781,1e-05
HB-0161,Hospital B,0,1,0.5904083,0.89259446,8.0,7.993358602786781,1e-05
HB-0162,Hospital B,0,0,0.075192764,0.07817006,8.0,7.993358602786781,1e-05
HB-0163,Hospital B,1,1,0.24509841,1.4060954,8.0,7.993358602786781,1e-05
HB-0164,Hospital B,1,1,0.4973153,0.69853103,8.0,7.993358602786781,1e-05
HB-0165,Hospital B,0,1,0.046024993,0.04711771,8.0,7.993358602786781,1e-05
HB-0166,Hospital B,0,1,0.05458256,0.05612874,8.0,7.993358602786781,1e-05
HB-0167,Hospital B,0,0,0.5018049,0.6967635,8.0,7.993358602786781,1e-05
HB-0168,Hospital B,0,1,0.07250685,0.07526994,8.0,7.993358602786781,1e-05
HB-0169,Hospital B,1,0,0.36084196,1.0193152,8.0,7.993358602786781,1e-05
HB-0170,Hospital B,1,0,0.59749186,0.5150145,8.0,7.993358602786781,1e-05
HB-0171,Hospital B,0,1,0.08949174,0.093752384,8.0,7.993358602786781,1e-05
HB-0172,Hospital B,0,1,0.19842692,0.22117913,8.0,7.993358602786781,1e-05
HB-0173,Hospital B,0,0,0.122812375,0.13103437,8.0,7.993358602786781,1e-05
HB-0174,Hospital B,0,0,0.60236895,0.9222308,8.0,7.993358602786781,1e-05
HB-0175,Hospital B,1,1,0.08491024,2.4661608,8.0,7.993358602786781,1e-05
HB-0176,Hospital B,0,0,0.1426677,0.15392971,8.0,7.993358602786781,1e-05
HB-0177,Hospital B,1,0,0.103498645,2.2681968,8.0,7.993358602786781,1e-05
HB-0178,Hospital B,0,0,0.45578846,0.6084173,8.0,7.993358602786781,1e-05
HB-0179,Hospital B,1,1,0.2851257,1.2548251,8.0,7.993358602786781,1e-05
HB-0180,Hospital B,0,1,0.23195872,0.26391184,8.0,7.993358602786781,1e-05
HB-0181,Hospital B,1,0,0.11702672,2.145353,8.0,7.993358602786781,1e-05
HB-0182,Hospital B,0,1,0.31584835,0.37957573,8.0,7.993358602786781,1e-05
HB-0183,Hospital B,1,1,0.40563455,0.9023026,8.0,7.993358602786781,1e-05
HB-0184,Hospital B,1,1,0.13541447,1.999415,8.0,7.993358602786781,1e-05
HB-0185,Hospital B,1,1,0.68004715,0.38559318,8.0,7.993358602786781,1e-05
HB-0186,Hospital B,0,0,0.43704334,0.57455254,8.0,7.993358602786781,1e-05
HB-0187,Hospital B,0,0,0.14087334,0.1518389,8.0,7.993358602786781,1e-05
HB-0188,Hospital B,0,0,0.195492,0.21752441,8.0,7.993358602786781,1e-05
HB-0189,Hospital B,0,0,0.50444156,0.70206994,8.0,7.993358602786781,1e-05
HB-0190,Hospital B,1,0,0.08293552,2.4896917,8.0,7.993358602786781,1e-05
HB-0191,Hospital B,1,0,0.4396232,0.8218372,8.0,7.993358602786781,1e-05
HB-0192,Hospital B,1,0,0.124891795,2.0803077,8.0,7.993358602786781,1e-05
HB-0193,Hospital B,0,0,0.12073767,0.12867188,8.0,7.993358602786781,1e-05
HB-0194,Hospital B,0,1,0.25719166,0.29731727,8.0,7.993358602786781,1e-05
HB-0195,Hospital B,1,1,0.4922141,0.70884144,8.0,7.993358602786781,1e-05
HB-0196,Hospital B,0,0,0.3943668,0.5014808,8.0,7.993358602786781,1e-05
HB-0197,Hospital B,1,0,0.115762524,2.1562145,8.0,7.993358602786781,1e-05
HB-0198,Hospital B,1,1,0.44774643,0.8035282,8.0,7.993358602786781,1e-05
HB-0199,Hospital B,1,0,0.45716846,0.7827033,8.0,7.993358602786781,1e-05
HB-0200,Hospital B,0,0,0.095787525,0.10069084,8.0,7.993358602786781,1e-05
HB-0201,Hospital B,1,1,0.07816572,2.5489242,8.0,7.993358602786781,1e-05
HB-0202,Hospital B,1,0,0.57937855,0.54579914,8.0,7.993358602786781,1e-05
HB-0203,Hospital B,0,0,0.14971311,0.1621815,8.0,7.993358602786781,1e-05
HB-0204,Hospital B,1,0,0.27388158,1.2950594,8.0,7.993358602786781,1e-05
HB-0205,Hospital B,1,1,0.21016398,1.5598671,8.0,7.993358602786781,1e-05
HB-0206,Hospital B,1,1,0.6392116,0.44751972,8.0,7.993358602786781,1e-05
HB-0207,Hospital B,1,1,0.9030792,0.10194499,8.0,7.993358602786781,1e-05
HB-0208,Hospital B,0,0,0.14326319,0.15462446,8.0,7.993358602786781,1e-05
HB-0209,Hospital B,0,1,0.12844318,0.1374743,8.0,7.993358602786781,1e-05
HB-0210,Hospital B,0,0,0.15345968,0.16659749,8.0,7.993358602786781,1e-05
HB-0211,Hospital B,1,0,0.07348044,2.6107361,8.0,7.993358602786781,1e-05
HB-0212,Hospital B,1,0,0.3909622,0.9391444,8.0,7.993358602786781,1e-05
HB-0213,Hospital B,1,1,0.42734057,0.85017395,8.0,7.993358602786781,1e-05
HB-0214,Hospital B,1,0,0.4802683,0.73341036,8.0,7.993358602786781,1e-05
HB-0215,Hospital B,1,1,0.8625959,0.14780891,8.0,7.993358602786781,1e-05
HB-0216,Hospital B,0,1,0.17786571,0.19585156,8.0,7.993358602786781,1e-05
HB-0217,Hospital B,0,1,0.3985097,0.5083449,8.0,7.993358602786781,1e-05
HB-0218,Hospital B,0,1,0.1293441,0.13850856,8.0,7.993358602786781,1e-05
HB-0219,Hospital B,1,0,0.024303915,3.7171178,8.0,7.993358602786781,1e-05
HB-0220,Hospital B,0,0,0.04093158,0.04179287,8.0,7.993358602786781,1e-05
HB-0221,Hospital B,0,0,0.65613127,1.0674953,8.0,7.993358602786781,1e-05
HB-0222,Hospital B,1,0,0.3845252,0.95574594,8.0,7.993358602786781,1e-05
HB-0223,Hospital B,0,0,0.07132664,0.07399821,8.0,7.993358602786781,1e-05
HB-0224,Hospital B,0,1,0.057419334,0.059133768,8.0,7.993358602786781,1e-05
HB-0225,Hospital B,1,0,0.16067745,1.8283564,8.0,7.993358602786781,1e-05
HB-0226,Hospital B,0,1,0.5823665,0.873151,8.0,7.993358602786781,1e-05
HB-0227,Hospital B,0,0,0.02368286,0.023967743,8.0,7.993358602786781,1e-05
HB-0228,Hospital B,1,1,0.08454579,2.470462,8.0,7.993358602786781,1e-05
HB-0229,Hospital B,1,0,0.23314911,1.4560771,8.0,7.993358602786781,1e-05
HB-0230,Hospital B,1,1,0.5040279,0.6851236,8.0,7.993358602786781,1e-05
HB-0231,Hospital B,1,1,0.73054725,0.31396136,8.0,7.993358602786781,1e-05
HB-0232,Hospital B,0,0,0.08564656,0.0895381,8.0,7.993358602786781,1e-05
HB-0233,Hospital B,0,1,0.036573708,0.03725934,8.0,7.993358602786781,1e-05
HB-0234,Hospital B,1,0,0.839888,0.17448679,8.0,7.993358602786781,1e-05
HB-0235,Hospital B,1,0,0.1486142,1.9064016,8.0,7.993358602786781,1e-05
HB-0236,Hospital B,1,1,0.8842409,0.12302575,8.0,7.993358602786781,1e-05
HB-0237,Hospital B,0,0,0.23038346,0.26186287,8.0,7.993358602786781,1e-05
HB-0238,Hospital B,1,1,0.19503038,1.6346,8.0,7.993358602786781,1e-05
HB-0239,Hospital B,0,1,0.08014745,0.08354187,8.0,7.993358602786781,1e-05
HB-0240,Hospital B,1,0,0.13088192,2.0334597,8.0,7.993358602786781,1e-05
HB-0241,Hospital B,1,0,0.64634687,0.4364189,8.0,7.993358602786781,1e-05
HB-0242,Hospital B,0,1,0.088132486,0.0922606,8.0,7.993358602786781,1e-05
HB-0243,Hospital B,0,0,0.21979721,0.24820137,8.0,7.993358602786781,1e-05
HB-0244,Hospital B,1,1,0.22248292,1.5029049,8.0,7.993358602786781,1e-05
HB-0245,Hospital B,0,0,0.03910007,0.039885044,8.0,7.993358602786781,1e-05
HB-0246,Hospital B,1,0,0.37666726,0.9763931,8.0,7.993358602786781,1e-05
HB-0247,Hospital B,0,1,0.27557355,0.32237506,8.0,7.993358602786781,1e-05
HB-0248,Hospital B,1,1,0.13962698,1.9687808,8.0,7.993358602786781,1e-05
HB-0249,Hospital B,1,0,0.4690863,0.75696856,8.0,7.993358602786781,1e-05
HB-0250,Hospital B,1,0,0.2560132,1.3625263,8.0,7.993358602786781,1e-05
HB-0251,Hospital B,0,0,0.053365953,0.05484271,8.0,7.993358602786781,1e-05
HB-0252,Hospital B,0,0,0.06568057,0.0679369,8.0,7.993358602786781,1e-05
HB-0253,Hospital B,1,1,0.57538617,0.5527139,8.0,7.993358602786781,1e-05
HB-0254,Hospital B,0,1,0.2027021,0.22652686,8.0,7.993358602786781,1e-05
HB-0255,Hospital B,0,0,0.09788629,0.10301471,8.0,7.993358602786781,1e-05
HB-0256,Hospital B,1,0,0.5213796,0.6512769,8.0,7.993358602786781,1e-05
HB-0257,Hospital B,0,1,0.8226567,1.7296677,8.0,7.993358602786781,1e-05
HB-0258,Hospital B,1,1,0.039958693,3.219909,8.0,7.993358602786781,1e-05
HB-0259,Hospital B,0,1,0.16449076,0.17971385,8.0,7.993358602786781,1e-05
HB-0260,Hospital B,1,0,0.5526262,0.5930735,8.0,7.993358602786781,1e-05
HB-0261,Hospital B,0,1,0.07097461,0.07361913,8.0,7.993358602786781,1e-05
HB-0262,Hospital B,1,1,0.8696143,0.13970551,8.0,7.993358602786781,1e-05
HB-0263,Hospital B,0,1,0.040827863,0.041684628,8.0,7.993358602786781,1e-05
HB-0264,Hospital B,1,1,0.074430995,2.5978827,8.0,7.993358602786781,1e-05
HB-0265,Hospital B,0,0,0.7665188,1.4546534,8.0,7.993358602786781,1e-05
HB-0266,Hospital B,1,0,0.05315361,2.9345691,8.0,7.993358602786781,1e-05
HB-0267,Hospital B,0,1,0.11133159,0.118031025,8.0,7.993358602786781,1e-05
HB-0268,Hospital B,1,0,0.02989911,3.5099266,8.0,7.993358602786781,1e-05
HB-0269,Hospital B,1,0,0.47213098,0.7504988,8.0,7.993358602786781,1e-05
HB-0270,Hospital B,0,0,0.06559836,0.06784892,8.0,7.993358602786781,1e-05
HB-0271,Hospital B,1,1,0.40583614,0.90180576,8.0,7.993358602786781,1e-05
HB-0272,Hospital B,1,0,0.55762935,0.5840608,8.0,7.993358602786781,1e-05
HB-0273,Hospital B,0,1,0.16534643,0.18073845,8.0,7.993358602786781,1e-05
HB-0274,Hospital B,0,1,0.16604361,0.1815741,8.0,7.993358602786781,1e-05
HB-0275,Hospital B,1,0,0.22075303,1.5107107,8.0,7.993358602786781,1e-05
HB-0276,Hospital B,0,1,0.80950665,1.6581379,8.0,7.993358602786781,1e-05
HB-0277,Hospital B,0,1,0.064844765,0.06704283,8.0,7.993358602786781,1e-05
HB-0278,Hospital B,0,0,0.17909841,0.19735205,8.0,7.993358602786781,1e-05
HB-0279,Hospital B,0,1,0.27208173,0.3175665,8.0,7.993358602786781,1e-05
HB-0280,Hospital B,1,1,0.38865578,0.94506115,8.0,7.993358602786781,1e-05
HB-0281,Hospital B,1,0,0.09853689,2.3173244,8.0,7.993358602786781,1e-05
HB-0282,Hospital B,0,1,0.06298294,0.0650537,8.0,7.993358602786781,1e-05
HB-0283,Hospital B,1,0,0.5552852,0.58827335,8.0,7.993358602786781,1e-05
HB-0284,Hospital B,0,0,0.26484147,0.30766904,8.0,7.993358602786781,1e-05
HB-0285,Hospital B,0,1,0.42667603,0.55630434,8.0,7.993358602786781,1e-05
HB-0286,Hospital B,1,1,0.71075636,0.3414256,8.0,7.993358602786781,1e-05
HB-0287,Hospital B,1,1,0.5496568,0.59846115,8.0,7.993358602786781,1e-05
HB-0288,Hospital B,0,1,0.39667153,0.5052936,8.0,7.993358602786781,1e-05
HB-0289,Hospital B,0,1,0.06589071,0.068161726,8.0,7.993358602786781,1e-05
HB-0290,Hospital B,1,0,0.43791512,0.8257302,8.0,7.993358602786781,1e-05
HB-0291,Hospital B,1,0,0.3500734,1.0496124,8.0,7.993358602786781,1e-05
HB-0292,Hospital B,0,0,0.07473581,0.07767606,8.0,7.993358602786781,1e-05
HB-0293,Hospital B,0,0,0.20384091,0.2279563,8.0,7.993358602786781,1e-05
HB-0294,Hospital B,0,0,0.041595276,0.042485237,8.0,7.993358602786781,1e-05
HB-0295,Hospital B,1,0,0.14241682,1.9489971,8.0,7.993358602786781,1e-05
HB-0296,Hospital B,1,0,0.25781068,1.3555298,8.0,7.993358602786781,1e-05
HB-0297,Hospital B,1,0,0.39135802,0.9381325,8.0,7.993358602786781,1e-05
HB-0298,Hospital B,1,1,0.8497079,0.16286264,8.0,7.993358602786781,1e-05
HB-0299,Hospital B,0,0,0.53216857,0.7596473,8.0,7.993358602786781,1e-05
HB-0300,Hospital B,1,1,0.12666647,2.0661979,8.0,7.993358602786781,1e-05
HB-0301,Hospital B,1,0,0.10599551,2.2443585,8.0,7.993358602786781,1e-05
HB-0302,Hospital B,0,0,0.38498572,0.48610976,8.0,7.993358602786781,1e-05
HB-0303,Hospital B,0,1,0.08019213,0.08359051,8.0,7.993358602786781,1e-05
HB-0304,Hospital B,1,0,0.8494713,0.16314116,8.0,7.993358602786781,1e-05
HB-0305,Hospital B,1,0,0.17567575,1.7391152,8.0,7.993358602786781,1e-05
HB-0306,Hospital B,0,1,0.45469627,0.6064123,8.0,7.993358602786781,1e-05
HB-0307,Hospital B,0,0,0.06397437,0.06611252,8.0,7.993358602786781,1e-05
HB-0308,Hospital B,1,1,0.039220776,3.2385488,8.0,7.993358602786781,1e-05
HB-0309,Hospital B,1,0,0.5157286,0.6621746,8.0,7.993358602786781,1e-05
HB-0310,Hospital B,1,1,0.76778,0.26425195,8.0,7.993358602786781,1e-05
HB-0311,Hospital B,1,0,0.07068314,2.6495483,8.0,7.993358602786781,1e-05
HB-0312,Hospital B,0,1,0.2544299,0.29360616,8.0,7.993358602786781,1e-05
HB-0313,Hospital B,1,0,0.16767508,1.7857271,8.0,7.993358602786781,1e-05
HB-0314,Hospital B,0,0,0.07891758,0.08220577,8.0,7.993358602786781,1e-05
HB-0315,Hospital B,1,1,0.2556926,1.3637793,8.0,7.993358602786781,1e-05
HB-0316,Hospital B,0,1,0.031451084,0.031956196,8.0,7.993358602786781,1e-05
HB-0317,Hospital B,1,1,0.7268429,0.31904495,8.0,7.993358602786781,1e-05
HB-0318,Hospital B,0,1,0.14048885,0.1513915,8.0,7.993358602786781,1e-05
HB-0319,Hospital B,1,0,0.49390343,0.70541525,8.0,7.993358602786781,1e-05
HB-0320,Hospital B,0,1,0.045294803,0.046352625,8.0,7.993358602786781,1e-05
HB-0321,Hospital B,0,1,0.11027685,0.11684489,8.0,7.993358602786781,1e-05
HB-0322,Hospital B,0,1,0.6516626,1.0545837,8.0,7.993358602786781,1e-05
HB-0323,Hospital B,1,1,0.23916364,1.4306073,8.0,7.993358602786781,1e-05
HB-0324,Hospital B,0,0,0.20454599,0.22884226,8.0,7.993358602786781,1e-05
HB-0325,Hospital B,0,1,0.606256,0.9320544,8.0,7.993358602786781,1e-05
HB-0326,Hospital B,0,1,0.41989207,0.5445411,8.0,7.993358602786781,1e-05
HB-0327,Hospital B,1,1,0.25952956,1.3488847,8.0,7.993358602786781,1e-05
HB-0328,Hospital B,1,1,0.28163213,1.2671536,8.0,7.993358602786781,1e-05
HB-0329,Hospital B,1,0,0.79233325,0.23277315,8.0,7.993358602786781,1e-05
HB-0330,Hospital B,1,1,0.21954824,1.5161833,8.0,7.993358602786781,1e-05
HB-0331,Hospital B,1,1,0.83328485,0.18237974,8.0,7.993358602786781,1e-05
HB-0332,Hospital B,1,1,0.030707201,3.483258,8.0,7.993358602786781,1e-05
HB-0333,Hospital B,0,0,0.096849196,0.10186577,8.0,7.993358602786781,1e-05
HB-0334,Hospital B,1,1,0.51025397,0.67284673,8.0,7.993358602786781,1e-05
HB-0335,Hospital B,0,1,0.8132126,1.6777842,8.0,7.993358602786781,1e-05
HB-0336,Hospital B,0,1,0.044229086,0.045237064,8.0,7.993358602786781,1e-05
HB-0337,Hospital B,1,0,0.20653896,1.5772662,8.0,7.993358602786781,1e-05
HB-0338,Hospital B,0,1,0.16910097,0.18524694,8.0,7.993358602786781,1e-05
HB-0339,Hospital B,0,1,0.20071006,0.22403145,8.0,7.993358602786781,1e-05
HB-0340,Hospital B,1,1,0.59833026,0.51361233,8.0,7.993358602786781,1e-05
HB-0341,Hospital B,0,1,0.03285499,0.033406734,8.0,7.993358602786781,1e-05
HB-0342,Hospital B,1,0,0.81619036,0.20310766,8.0,7.993358602786781,1e-05
HB-0343,Hospital B,0,0,0.21668841,0.24422467,8.0,7.993358602786781,1e-05
HB-0344,Hospital B,0,0,0.48270985,0.6591513,8.0,7.993358602786781,1e-05
HB-0345,Hospital B,0,0,0.060781885,0.06270766,8.0,7.993358602786781,1e-05
HB-0346,Hospital B,0,0,0.32706767,0.39611053,8.0,7.993358602786781,1e-05
HB-0347,Hospital B,0,0,0.4765988,0.64740705,8.0,7.993358602786781,1e-05
HB-0348,Hospital B,0,0,0.4780847,0.65024996,8.0,7.993358602786781,1e-05
HB-0349,Hospital B,1,1,0.6245103,0.47078744,8.0,7.993358602786781,1e-05
HB-0350,Hospital B,0,0,0.021282002,0.021511793,8.0,7.993358602786781,1e-05
HB-0351,Hospital B,1,1,0.22836384,1.4768151,8.0,7.993358602786781,1e-05
HB-0352,Hospital B,1,0,0.48447326,0.72469306,8.0,7.993358602786781,1e-05
HB-0353,Hospital B,1,0,0.36233804,1.0151777,8.0,7.993358602786781,1e-05
HB-0354,Hospital B,1,1,0.8060053,0.21566501,8.0,7.993358602786781,1e-05
HB-0355,Hospital B,1,0,0.11719869,2.1438844,8.0,7.993358602786781,1e-05
HB-0356,Hospital B,0,0,0.11447296,0.121572256,8.0,7.993358602786781,1e-05
HB-0357,Hospital B,0,0,0.25678846,0.2967745,8.0,7.993358602786781,1e-05
HB-0358,Hospital B,0,0,0.16745117,0.18326342,8.0,7.993358602786781,1e-05
HB-0359,Hospital B,1,1,0.22160576,1.5068552,8.0,7.993358602786781,1e-05
HB-0360,Hospital B,1,0,0.08598658,2.4535642,8.0,7.993358602786781,1e-05
HB-0361,Hospital B,0,0,0.2727371,0.31846714,8.0,7.993358602786781,1e-05
HB-0362,Hospital B,0,1,0.03656672,0.03725195,8.0,7.993358602786781,1e-05
HB-0363,Hospital B,0,0,0.03183328,0.032351017,8.0,7.993358602786781,1e-05
HB-0364,Hospital B,1,1,0.15357329,1.8735774,8.0,7.993358602786781,1e-05
HB-0365,Hospital B,1,0,0.07665011,2.568504,8.0,7.993358602786781,1e-05
HB-0366,Hospital B,1,0,0.50604594,0.68112785,8.0,7.993358602786781,1e-05
HB-0367,Hospital B,1,1,0.5563224,0.5864073,8.0,7.993358602786781,1e-05
HB-0368,Hospital B,0,1,0.8423908,1.8476362,8.0,7.993358602786781,1e-05
HB-0369,Hospital B,0,1,0.24393986,0.27963436,8.0,7.993358602786781,1e-05
HB-0370,Hospital B,0,1,0.09197097,0.09647894,8.0,7.993358602786781,1e-05
HB-0371,Hospital B,1,1,0.74828106,0.28997663,8.0,7.993358602786781,1e-05
HB-0372,Hospital B,1,1,0.14231339,1.9497237,8.0,7.993358602786781,1e-05
HB-0373,Hospital B,0,0,0.021399856,0.021632195,8.0,7.993358602786781,1e-05
HB-0374,Hospital B,0,0,0.28809687,0.33981347,8.0,7.993358602786781,1e-05
HB-0375,Hospital B,1,0,0.14059022,1.9619058,8.0,7.993358602786781,1e-05
HB-0376,Hospital B,0,1,0.3964105,0.5048609,8.0,7.993358602786781,1e-05
HB-0377,Hospital B,1,1,0.3080514,1.1774886,8.0,7.993358602786781,1e-05
HB-0378,Hospital B,1,1,0.16642408,1.793216,8.0,7.993358602786781,1e-05
HB-0379,Hospital B,0,1,0.09247124,0.097029924,8.0,7.993358602786781,1e-05
HB-0380,Hospital B,1,1,0.06430335,2.7441435,8.0,7.993358602786781,1e-05
HB-0381,Hospital B,0,1,0.16523813,0.18060875,8.0,7.993358602786781,1e-05
HB-0382,Hospital B,0,0,0.21592402,0.24324942,8.0,7.993358602786781,1e-05
HB-0383,Hospital B,1,1,0.90598154,0.09873633,8.0,7.993358602786781,1e-05
HB-0384,Hospital B,0,1,0.2380475,0.2718711,8.0,7.993358602786781,1e-05
HB-0385,Hospital B,1,1,0.29524073,1.2199643,8.0,7.993358602786781,1e-05
HB-0386,Hospital B,1,1,0.5374654,0.6208909,8.0,7.993358602786781,1e-05
HB-0387,Hospital B,1,1,0.25751787,1.3566661,8.0,7.993358602786781,1e-05
HB-0388,Hospital B,0,1,0.120975785,0.12894297,8.0,7.993358602786781,1e-05
HB-0389,Hospital B,1,0,0.31381541,1.1589503,8.0,7.993358602786781,1e-05
HB-0390,Hospital B,1,0,0.10269272,2.276014,8.0,7.993358602786781,1e-05
HB-0391,Hospital B,0,0,0.06275226,0.06480765,8.0,7.993358602786781,1e-05
HB-0392,Hospital B,0,0,0.2420097,0.2770847,8.0,7.993358602786781,1e-05
HB-0393,Hospital B,1,0,0.9036625,0.10129928,8.0,7.993358602786781,1e-05
HB-0394,Hospital B,1,1,0.31881592,1.1431414,8.0,7.993358602786781,1e-05
HB-0395,Hospital B,0,0,0.048841372,0.05007434,8.0,7.993358602786781,1e-05
HB-0396,Hospital B,1,1,0.13406144,2.009457,8.0,7.993358602786781,1e-05
HB-0397,Hospital B,0,1,0.2078397,0.23299158,8.0,7.993358602786781,1e-05
HB-0398,Hospital B,0,1,0.034366403,0.03497076,8.0,7.993358602786781,1e-05
HB-0399,Hospital B,0,0,0.36498505,0.4541067,8.0,7.993358602786781,1e-05
HB-0400,Hospital B,0,0,0.23789042,0.27166486,8.0,7.993358602786781,1e-05
HB-0401,Hospital B,1,0,0.28640226,1.250358,8.0,7.993358602786781,1e-05
HB-0402,Hospital B,1,0,0.54717714,0.6029827,8.0,7.993358602786781,1e-05
HB-0403,Hospital B,1,0,0.36929518,0.99615896,8.0,7.993358602786781,1e-05
HB-0404,Hospital B,0,0,0.05400165,0.055514574,8.0,7.993358602786781,1e-05
HB-0405,Hospital B,1,0,0.18026555,1.7133243,8.0,7.993358602786781,1e-05
HB-0406,Hospital B,1,1,0.2266253,1.4844573,8.0,7.993358602786781,1e-05
HB-0407,Hospital B,0,0,0.08267747,0.08629608,8.0,7.993358602786781,1e-05
HB-0408,Hospital B,1,1,0.7957067,0.22852467,8.0,7.993358602786781,1e-05
HB-0409,Hospital B,1,1,0.87840265,0.1296502,8.0,7.993358602786781,1e-05
HB-0410,Hospital B,1,0,0.47582623,0.7427026,8.0,7.993358602786781,1e-05
HB-0411,Hospital B,0,1,0.25299546,0.29168403,8.0,7.993358602786781,1e-05
HB-0412,Hospital B,1,1,0.18611147,1.6814096,8.0,7.993358602786781,1e-05
HB-0413,Hospital B,1,0,0.24613068,1.4018927,8.0,7.993358602786781,1e-05
HB-0414,Hospital B,0,0,0.059268262,0.061097145,8.0,7.993358602786781,1e-05
HB-0415,Hospital B,0,1,0.12327507,0.131562,8.0,7.993358602786781,1e-05
HB-0416,Hospital B,1,0,0.56083804,0.5783232,8.0,7.993358602786781,1e-05
HB-0417,Hospital B,0,1,0.024763929,0.025075674,8.0,7.993358602786781,1e-05
HB-0418,Hospital B,0,0,0.050295487,0.05160427,8.0,7.993358602786781,1e-05
HB-0419,Hospital B,1,1,0.3104966,1.1695824,8.0,7.993358602786781,1e-05
HB-0420,Hospital B,0,1,0.3507788,0.4319818,8.0,7.993358602786781,1e-05
HB-0421,Hospital B,1,1,0.32259575,1.1313553,8.0,7.993358602786781,1e-05
HB-0422,Hospital B,1,0,0.48682323,0.71985424,8.0,7.993358602786781,1e-05
HB-0423,Hospital B,0,1,0.034716398,0.035333395,8.0,7.993358602786781,1e-05
HB-0424,Hospital B,0,0,0.06658209,0.068902254,8.0,7.993358602786781,1e-05
HB-0425,Hospital B,0,0,0.43066058,0.56327856,8.0,7.993358602786781,1e-05
HB-0426,Hospital B,1,1,0.20098238,1.6045381,8.0,7.993358602786781,1e-05
HB-0427,Hospital B,0,1,0.28804508,0.33974063,8.0,7.993358602786781,1e-05
HB-0428,Hospital B,1,1,0.33166426,1.103632,8.0,7.993358602786781,1e-05
HB-0429,Hospital B,1,0,0.88025457,0.12754408,8.0,7.993358602786781,1e-05
HB-0430,Hospital B,0,1,0.16159873,0.17625844,8.0,7.993358602786781,1e-05
HB-0431,Hospital B,0,0,0.574877,0.85537684,8.0,7.993358602786781,1e-05
HB-0432,Hospital B,1,1,0.23893362,1.4315695,8.0,7.993358602786781,1e-05
HB-0433,Hospital B,1,0,0.19731021,1.6229782,8.0,7.993358602786781,1e-05
HB-0434,Hospital B,0,0,0.38507217,0.48625037,8.0,7.993358602786781,1e-05
HB-0435,Hospital B,0,0,0.013800075,0.013895988,8.0,7.993358602786781,1e-05
HB-0436,Hospital B,0,0,0.19780032,0.22039771,8.0,7.993358602786781,1e-05
HB-0437,Hospital B,0,1,0.111023806,0.11768484,8.0,7.993358602786781,1e-05
HB-0438,Hospital B,1,1,0.6151779,0.48584378,8.0,7.993358602786781,1e-05
HB-0439,Hospital B,1,1,0.5956439,0.51811224,8.0,7.993358602786781,1e-05
HB-0440,Hospital B,1,0,0.31570885,1.1529349,8.0,7.993358602786781,1e-05
HB-0441,Hospital B,0,1,0.070441306,0.073045254,8.0,7.993358602786781,1e-05
HB-0442,Hospital B,1,0,0.20670336,1.5764705,8.0,7.993358602786781,1e-05
HB-0443,Hospital B,1,1,0.4453599,0.8088727,8.0,7.993358602786781,1e-05
HB-0444,Hospital B,0,1,0.26208133,0.30392158,8.0,7.993358602786781,1e-05
HB-0445,Hospital B,0,0,0.20503972,0.2294631,8.0,7.993358602786781,1e-05
HB-0446,Hospital B,1,0,0.25514176,1.365936,8.0,7.993358602786781,1e-05
HB-0447,Hospital B,1,1,0.21198657,1.5512323,8.0,7.993358602786781,1e-05
HB-0448,Hospital B,1,1,0.14088629,1.9598022,8.0,7.993358602786781,1e-05
HB-0449,Hospital B,1,1,0.875218,0.13328233,8.0,7.993358602786781,1e-05
HB-0450,Hospital B,1,1,0.509941,0.67346025,8.0,7.993358602786781,1e-05
HB-0451,Hospital B,1,1,0.837146,0.17775677,8.0,7.993358602786781,1e-05
HB-0452,Hospital B,1,0,0.10093882,2.2932408,8.0,7.993358602786781,1e-05
HB-0453,Hospital B,1,0,0.5227479,0.648656,8.0,7.993358602786781,1e-05
HB-0454,Hospital B,0,0,0.1464075,0.15830135,8.0,7.993358602786781,1e-05
HB-0455,Hospital B,0,1,0.113791235,0.12080264,8.0,7.993358602786781,1e-05
HB-0456,Hospital B,1,1,0.1492763,1.9019563,8.0,7.993358602786781,1e-05
HB-0457,Hospital B,0,0,0.14671601,0.1586628,8.0,7.993358602786781,1e-05
HB-0458,Hospital B,0,0,0.15298846,0.1660409,8.0,7.993358602786781,1e-05
HB-0459,Hospital B,1,0,0.0750437,2.5896847,8.0,7.993358602786781,1e-05
HB-0460,Hospital B,1,0,0.18562646,1.6840189,8.0,7.993358602786781,1e-05
HB-0461,Hospital B,0,1,0.061215293,0.063169,8.0,7.993358602786781,1e-05
HB-0462,Hospital B,1,0,0.52545094,0.6434985,8.0,7.993358602786781,1e-05
HB-0463,Hospital B,1,0,0.06522852,2.7298584,8.0,7.993358602786781,1e-05
HB-0464,Hospital B,0,1,0.41688785,0.53937566,8.0,7.993358602786781,1e-05
HB-0465,Hospital B,0,0,0.023341686,0.02361846,8.0,7.993358602786781,1e-05
HB-0466,Hospital B,1,1,0.51745826,0.65882635,8.0,7.993358602786781,1e-05
HB-0467,Hospital B,0,1,0.0753519,0.07834196,8.0,7.993358602786781,1e-05
HB-0468,Hospital B,1,1,0.8002183,0.22287078,8.0,7.993358602786781,1e-05
HB-0469,Hospital B,0,1,0.087260775,0.09130502,8.0,7.993358602786781,1e-05
HB-0470,Hospital B,0,0,0.375855,0.4713726,8.0,7.993358602786781,1e-05
HB-0471,Hospital B,1,0,0.11843365,2.1334023,8.0,7.993358602786781,1e-05
HB-0472,Hospital B,1,0,0.17323376,1.7531133,8.0,7.993358602786781,1e-05
HB-0473,Hospital B,0,1,0.25391567,0.29291666,8.0,7.993358602786781,1e-05
HB-0474,Hospital B,0,0,0.21867463,0.24676359,8.0,7.993358602786781,1e-05
HB-0475,Hospital B,0,1,0.15520807,0.16866493,8.0,7.993358602786781,1e-05
HB-0476,Hospital B,0,0,0.025475929,0.02580595,8.0,7.993358602786781,1e-05
HB-0477,Hospital B,1,1,0.49334022,0.7065563,8.0,7.993358602786781,1e-05
HB-0478,Hospital B,0,0,0.085538074,0.089419365,8.0,7.993358602786781,1e-05
HB-0479,Hospital B,1,0,0.75293565,0.28377548,8.0,7.993358602786781,1e-05
HB-0480,Hospital B,0,0,0.35891396,0.44459164,8.0,7.993358602786781,1e-05
HB-0481,Hospital B,1,1,0.5821409,0.5410427,8.0,7.993358602786781,1e-05
HB-0482,Hospital B,0,0,0.32059523,0.38653815,8.0,7.993358602786781,1e-05
HB-0483,Hospital B,0,0,0.02872396,0.029144526,8.0,7.993358602786781,1e-05
HB-0484,Hospital B,0,0,0.04638798,0.047498465,8.0,7.993358602786781,1e-05
HB-0485,Hospital B,1,0,0.8492234,0.16343306,8.0,7.993358602786781,1e-05
HB-0486,Hospital B,0,1,0.15190928,0.16476762,8.0,7.993358602786781,1e-05
HB-0487,Hospital B,0,0,0.11315044,0.120079994,8.0,7.993358602786781,1e-05
HB-0488,Hospital B,1,0,0.18416399,1.6919286,8.0,7.993358602786781,1e-05
HB-0489,Hospital B,1,1,0.80654025,0.21500152,8.0,7.993358602786781,1e-05
HB-0490,Hospital B,1,0,0.32913414,1.11129,8.0,7.993358602786781,1e-05
HB-0491,Hospital B,1,0,0.61237687,0.49040735,8.0,7.993358602786781,1e-05
HB-0492,Hospital B,0,1,0.69375265,1.1833622,8.0,7.993358602786781,1e-05
HB-0493,Hospital B,0,0,0.03826121,0.039012432,8.0,7.993358602786781,1e-05
HB-0494,Hospital B,0,1,0.040503558,0.04134679,8.0,7.993358602786781,1e-05
HB-0495,Hospital B,1,1,0.18823886,1.6700436,8.0,7.993358602786781,1e-05
HB-0496,Hospital B,0,1,0.28582734,0.33663046,8.0,7.993358602786781,1e-05
HB-0497,Hospital B,0,0,0.06295481,0.06502366,8.0,7.993358602786781,1e-05
HB-0498,Hospital B,0,1,0.5434106,0.7839707,8.0,7.993358602786781,1e-05
HB-0499,Hospital B,1,1,0.29977778,1.2047138,8.0,7.993358602786781,1e-05
HB-0500,Hospital B,0,1,0.6013236,0.91960526,8.0,7.993358602786781,1e-05
HB-0501,Hospital B,1,1,0.06287513,2.7666047,8.0,7.993358602786781,1e-05
HB-0502,Hospital B,0,1,0.3533489,0.43594837,8.0,7.993358602786781,1e-05
HB-0503,Hospital B,0,1,0.47662595,0.6474589,8.0,7.993358602786781,1e-05
HB-0504,Hospital B,1,1,0.32253596,1.1315407,8.0,7.993358602786781,1e-05
HB-0505,Hospital B,1,0,0.18413408,1.6920911,8.0,7.993358602786781,1e-05
HB-0506,Hospital B,1,1,0.30197078,1.197425,8.0,7.993358602786781,1e-05
HB-0507,Hospital B,0,1,0.06253051,0.06457114,8.0,7.993358602786781,1e-05
HB-0508,Hospital B,1,1,0.2659589,1.3244134,8.0,7.993358602786781,1e-05
HB-0509,Hospital B,1,1,0.44732776,0.80446374,8.0,7.993358602786781,1e-05
HB-0510,Hospital B,0,1,0.5880593,0.88687587,8.0,7.993358602786781,1e-05
HB-0511,Hospital B,1,0,0.38954908,0.9427654,8.0,7.993358602786781,1e-05
HB-0512,Hospital B,1,0,0.1026623,2.2763104,8.0,7.993358602786781,1e-05
HB-0513,Hospital B,0,1,0.6065466,0.93279254,8.0,7.993358602786781,1e-05
HB-0514,Hospital B,0,1,0.03868347,0.0394516,8.0,7.993358602786781,1e-05
HB-0515,Hospital B,0,0,0.09835388,0.10353327,8.0,7.993358602786781,1e-05
HB-0516,Hospital B,1,0,0.2015296,1.6018189,8.0,7.993358602786781,1e-05
HB-0517,Hospital B,0,0,0.04115545,0.04202628,8.0,7.993358602786781,1e-05
HB-0518,Hospital B,1,1,0.73956645,0.30169114,8.0,7.993358602786781,1e-05
HB-0519,Hospital B,0,0,0.02239111,0.022645712,8.0,7.993358602786781,1e-05
HB-0520,Hospital B,0,1,0.10171902,0.10727239,8.0,7.993358602786781,1e-05
HB-0521,Hospital B,1,1,0.36762297,1.0006974,8.0,7.993358602786781,1e-05
HB-0522,Hospital B,0,0,0.09610823,0.10104561,8.0,7.993358602786781,1e-05
HB-0523,Hospital B,1,1,0.5080694,0.67713726,8.0,7.993358602786781,1e-05
HB-0524,Hospital B,1,0,0.10210836,2.2817206,8.0,7.993358602786781,1e-05
HB-0525,Hospital B,0,1,0.09876399,0.10398817,8.0,7.993358602786781,1e-05
HB-0526,Hospital B,1,1,0.15741087,1.8488959,8.0,7.993358602786781,1e-05
HB-0527,Hospital B,0,1,0.13404933,0.14392734,8.0,7.993358602786781,1e-05
HB-0528,Hospital B,0,0,0.08593081,0.089848995,8.0,7.993358602786781,1e-05
HB-0529,Hospital B,1,1,0.4845815,0.72446966,8.0,7.993358602786781,1e-05
HB-0530,Hospital B,0,1,0.81729996,1.6999093,8.0,7.993358602786781,1e-05
HB-0531,Hospital B,1,0,0.07253907,2.6236298,8.0,7.993358602786781,1e-05
HB-0532,Hospital B,1,1,0.43757612,0.8265047,8.0,7.993358602786781,1e-05
HB-0533,Hospital B,0,0,0.061026264,0.06296778,8.0,7.993358602786781,1e-05
HB-0534,Hospital B,0,0,0.53469884,0.76507044,8.0,7.993358602786781,1e-05
HB-0535,Hospital B,1,0,0.016768688,4.088242,8.0,7.993358602786781,1e-05
HB-0536,Hospital B,1,1,0.2703353,1.3080924,8.0,7.993358602786781,1e-05
HB-0537,Hospital B,1,0,0.5895884,0.5283306,8.0,7.993358602786781,1e-05
HB-0538,Hospital B,1,0,0.57052064,0.561206,8.0,7.993358602786781,1e-05
HB-0539,Hospital B,1,0,0.06695218,2.7037766,8.0,7.993358602786781,1e-05
HB-0540,Hospital B,0,0,0.2603029,0.3015145,8.0,7.993358602786781,1e-05
HB-0541,Hospital B,0,0,0.4782148,0.6504992,8.0,7.993358602786781,1e-05
HB-0542,Hospital B,0,1,0.90792835,2.3851888,8.0,7.993358602786781,1e-05
HB-0543,Hospital B,0,0,0.23743099,0.27106225,8.0,7.993358602786781,1e-05
HB-0544,Hospital B,1,1,0.20296308,1.5947311,8.0,7.993358602786781,1e-05
HB-0545,Hospital B,1,0,0.047967605,3.0372293,8.0,7.993358602786781,1e-05
HB-0546,Hospital B,1,1,0.5867607,0.5331382,8.0,7.993358602786781,1e-05
HB-0547,Hospital B,0,1,0.035328627,0.035967827,8.0,7.993358602786781,1e-05
HB-0548,Hospital B,1,1,0.27460378,1.292426,8.0,7.993358602786781,1e-05
HB-0549,Hospital B,0,0,0.42279488,0.54955757,8.0,7.993358602786781,1e-05
HB-0550,Hospital B,1,0,0.39812776,0.92098236,8.0,7.993358602786781,1e-05
HB-0551,Hospital B,0,1,0.27963808,0.32800162,8.0,7.993358602786781,1e-05
HB-0552,Hospital B,1,0,0.4488127,0.8011496,8.0,7.993358602786781,1e-05
HB-0553,Hospital B,0,1,0.22164394,0.25057125,8.0,7.993358602786781,1e-05
HB-0554,Hospital B,1,0,0.073125005,2.6155849,8.0,7.993358602786781,1e-05
HB-0555,Hospital B,0,0,0.077883296,0.081083536,8.0,7.993358602786781,1e-05
HB-0556,Hospital B,1,1,0.43310508,0.83677495,8.0,7.993358602786781,1e-05
HB-0557,Hospital B,1,0,0.08002673,2.5253947,8.0,7.993358602786781,1e-05
HB-0558,Hospital B,1,0,0.06453002,2.7406247,8.0,7.993358602786781,1e-05
HB-0559,Hospital B,0,1,0.620383,0.9685924,8.0,7.993358602786781,1e-05
HB-0560,Hospital B,1,0,0.8761999,0.13216105,8.0,7.993358602786781,1e-05
HB-0561,Hospital B,1,1,0.3249463,1.1240953,8.0,7.993358602786781,1e-05
HB-0562,Hospital B,0,0,0.26874918,0.31299877,8.0,7.993358602786781,1e-05
HB-0563,Hospital B,1,1,0.36982432,0.9947272,8.0,7.993358602786781,1e-05
HB-0564,Hospital B,0,0,0.60982895,0.94117016,8.0,7.993358602786781,1e-05
HB-0565,Hospital B,0,0,0.2852418,0.33581102,8.0,7.993358602786781,1e-05
HB-0566,Hospital B,1,1,0.3461126,1.060991,8.0,7.993358602786781,1e-05
HB-0567,Hospital B,0,1,0.22961994,0.2608713,8.0,7.993358602786781,1e-05
HB-0568,Hospital B,1,0,0.086106226,2.4521735,8.0,7.993358602786781,1e-05
HB-0569,Hospital B,1,0,0.060636777,2.8028538,8.0,7.993358602786781,1e-05
HB-0570,Hospital B,1,0,0.47233313,0.75007075,8.0,7.993358602786781,1e-05
HB-0571,Hospital B,0,0,0.18029973,0.19881654,8.0,7.993358602786781,1e-05
HB-0572,Hospital B,0,1,0.117160484,0.124611855,8.0,7.993358602786781,1e-05
HB-0573,Hospital B,0,0,0.15172073,0.16454542,8.0,7.993358602786781,1e-05
HB-0574,Hospital B,1,1,0.24669968,1.3995836,8.0,7.993358602786781,1e-05
HB-0575,Hospital B,1,1,0.12096484,2.1122553,8.0,7.993358602786781,1e-05
HB-0576,Hospital B,1,1,0.76580805,0.26682374,8.0,7.993358602786781,1e-05
HB-0577,Hospital B,1,0,0.26200843,1.3393785,8.0,7.993358602786781,1e-05
HB-0578,Hospital B,1,0,0.26137096,1.3418145,8.0,7.993358602786781,1e-05
HB-0579,Hospital B,0,1,0.1632645,0.17824721,8.0,7.993358602786781,1e-05
HB-0580,Hospital B,1,0,0.20399447,1.5896624,8.0,7.993358602786781,1e-05
HB-0581,Hospital B,1,0,0.41809538,0.87204564,8.0,7.993358602786781,1e-05
HB-0582,Hospital B,1,0,0.28863457,1.2425939,8.0,7.993358602786781,1e-05
HB-0583,Hospital B,0,0,0.35535538,0.43905616,8.0,7.993358602786781,1e-05
HB-0584,Hospital B,0,0,0.09819912,0.10336161,8.0,7.993358602786781,1e-05
HB-0585,Hospital B,0,1,0.23328136,0.26563537,8.0,7.993358602786781,1e-05
HB-0586,Hospital B,0,1,0.07156336,0.07425308,8.0,7.993358602786781,1e-05
HB-0587,Hospital B,1,0,0.48793286,0.71757746,8.0,7.993358602786781,1e-05
HB-0588,Hospital B,0,0,0.6798251,1.138888,8.0,7.993358602786781,1e-05
HB-0589,Hospital B,1,0,0.32259703,1.1313514,8.0,7.993358602786781,1e-05
HB-0590,Hospital B,1,0,0.08487117,2.466621,8.0,7.993358602786781,1e-05
HB-0591,Hospital B,0,0,0.49727044,0.6877029,8.0,7.993358602786781,1e-05
HB-0592,Hospital B,1,1,0.46774295,0.7598363,8.0,7.993358602786781,1e-05
HB-0593,Hospital B,1,0,0.45299414,0.7918761,8.0,7.993358602786781,1e-05
HB-0594,Hospital B,0,1,0.5241251,0.74260026,8.0,7.993358602786781,1e-05
HB-0595,Hospital B,0,1,0.03523148,0.035866976,8.0,7.993358602786781,1e-05
HB-0596,Hospital B,0,1,0.073184125,0.07600045,8.0,7.993358602786781,1e-05
HB-0597,Hospital B,1,1,0.6138188,0.48805538,8.0,7.993358602786781,1e-05
HB-0598,Hospital B,1,0,0.556365,0.58633065,8.0,7.993358602786781,1e-05
HB-0599,Hospital B,0,0,0.23793091,0.27171803,8.0,7.993358602786781,1e-05
HB-0600,Hospital B,1,0,0.08386093,2.4785955,8.0,7.993358602786781,1e-05
HB-0601,Hospital B,1,1,0.060196806,2.8101358,8.0,7.993358602786781,1e-05
HB-0602,Hospital B,1,0,0.46540797,0.76484096,8.0,7.993358602786781,1e-05
HB-0603,Hospital B,0,0,0.054790754,0.05634904,8.0,7.993358602786781,1e-05
HB-0604,Hospital B,0,0,0.03442577,0.035032272,8.0,7.993358602786781,1e-05
HB-0605,Hospital B,1,0,0.87442464,0.13418919,8.0,7.993358602786781,1e-05
HB-0606,Hospital B,1,1,0.67029345,0.40003967,8.0,7.993358602786781,1e-05
HB-0607,Hospital B,1,1,0.063715674,2.7533247,8.0,7.993358602786781,1e-05
HB-0608,Hospital B,1,0,0.27381423,1.2953054,8.0,7.993358602786781,1e-05
HB-0609,Hospital B,0,0,0.07749107,0.0806582,8.0,7.993358602786781,1e-05
HB-0610,Hospital B,0,1,0.12845547,0.13748837,8.0,7.993358602786781,1e-05
HB-0611,Hospital B,1,1,0.23943202,1.4294858,8.0,7.993358602786781,1e-05
HB-0612,Hospital B,0,0,0.06766062,0.070058346,8.0,7.993358602786781,1e-05
HB-0613,Hospital B,0,1,0.09360898,0.09828448,8.0,7.993358602786781,1e-05
HB-0614,Hospital B,1,0,0.36832294,0.9987952,8.0,7.993358602786781,1e-05
HB-0615,Hospital B,0,0,0.0625618,0.06460452,8.0,7.993358602786781,1e-05
HB-0616,Hospital B,1,1,0.6990998,0.35796177,8.0,7.993358602786781,1e-05
HB-0617,Hospital B,0,0,0.18598676,0.2057786,8.0,7.993358602786781,1e-05
HB-0618,Hospital B,1,1,0.22593737,1.4874973,8.0,7.993358602786781,1e-05
HB-0619,Hospital B,1,1,0.3270061,1.1177764,8.0,7.993358602786781,1e-05
HB-0620,Hospital B,1,1,0.250051,1.3860904,8.0,7.993358602786781,1e-05
HB-0621,Hospital B,1,0,0.19659467,1.6266112,8.0,7.993358602786781,1e-05
HB-0622,Hospital B,1,0,0.13621874,1.9934933,8.0,7.993358602786781,1e-05
HB-0623,Hospital B,1,1,0.77601457,0.253584,8.0,7.993358602786781,1e-05
HB-0624,Hospital B,0,0,0.099280685,0.10456157,8.0,7.993358602786781,1e-05
HB-0625,Hospital B,0,0,0.13173756,0.14126134,8.0,7.993358602786781,1e-05
HB-0626,Hospital B,1,0,0.1107405,2.2005656,8.0,7.993358602786781,1e-05
HB-0627,Hospital B,0,0,0.33965075,0.41498637,8.0,7.993358602786781,1e-05
HB-0628,Hospital B,1,1,0.26088488,1.3436761,8.0,7.993358602786781,1e-05
HB-0629,Hospital B,0,1,0.9027655,2.3306293,8.0,7.993358602786781,1e-05
HB-0630,Hospital B,0,1,0.2565433,0.29644477,8.0,7.993358602786781,1e-05
HB-0631,Hospital B,1,1,0.8445862,0.16890854,8.0,7.993358602786781,1e-05
HB-0632,Hospital B,0,1,0.16566983,0.18112612,8.0,7.993358602786781,1e-05
HB-0633,Hospital B,0,1,0.44266725,0.5845928,8.0,7.993358602786781,1e-05
HB-0634,Hospital B,0,0,0.32696414,0.39595664,8.0,7.993358602786781,1e-05
HB-0635,Hospital B,0,0,0.6653407,1.0946424,8.0,7.993358602786781,1e-05
HB-0636,Hospital B,1,1,0.22528215,1.4904017,8.0,7.993358602786781,1e-05
HB-0637,Hospital B,0,0,0.7237245,1.2863566,8.0,7.993358602786781,1e-05
HB-0638,Hospital B,0,1,0.12877375,0.13785362,8.0,7.993358602786781,1e-05
HB-0639,Hospital B,0,0,0.18631305,0.20617962,8.0,7.993358602786781,1e-05
HB-0640,Hospital B,0,1,0.038849607,0.039624453,8.0,7.993358602786781,1e-05
HB-0641,Hospital B,0,0,0.8009921,1.6144105,8.0,7.993358602786781,1e-05
HB-0642,Hospital B,0,0,0.08019371,0.08359218,8.0,7.993358602786781,1e-05
HB-0643,Hospital B,1,0,0.16915575,1.7769353,8.0,7.993358602786781,1e-05
HB-0644,Hospital B,0,0,0.047338884,0.048496008,8.0,7.993358602786781,1e-05
HB-0645,Hospital B,0,1,0.08570219,0.089598894,8.0,7.993358602786781,1e-05
HB-0646,Hospital B,0,0,0.086391084,0.09035277,8.0,7.993358602786781,1e-05
HB-0647,Hospital B,1,1,0.3137857,1.159045,8.0,7.993358602786781,1e-05
HB-0648,Hospital B,1,0,0.28850454,1.2430445,8.0,7.993358602786781,1e-05
HB-0649,Hospital B,1,1,0.1471648,1.9162023,8.0,7.993358602786781,1e-05
HB-0650,Hospital B,0,0,0.15997507,0.17432368,8.0,7.993358602786781,1e-05
HB-0651,Hospital B,1,0,0.097019486,2.3328435,8.0,7.993358602786781,1e-05
HB-0652,Hospital B,1,0,0.07863435,2.5429466,8.0,7.993358602786781,1e-05
HB-0653,Hospital B,1,1,0.078489736,2.5447874,8.0,7.993358602786781,1e-05
HB-0654,Hospital B,0,1,0.3633649,0.4515586,8.0,7.993358602786781,1e-05
HB-0655,Hospital B,0,0,0.037951794,0.038690805,8.0,7.993358602786781,1e-05
HB-0656,Hospital B,0,0,0.1619208,0.17664266,8.0,7.993358602786781,1e-05
HB-0657,Hospital B,1,0,0.2507838,1.3831639,8.0,7.993358602786781,1e-05
HB-0658,Hospital B,0,1,0.18148872,0.20026815,8.0,7.993358602786781,1e-05
HB-0659,Hospital B,0,0,0.19386776,0.2155075,8.0,7.993358602786781,1e-05
HB-0660,Hospital B,0,1,0.48407638,0.66179657,8.0,7.993358602786781,1e-05
HB-0661,Hospital B,0,0,0.06567478,0.0679307,8.0,7.993358602786781,1e-05
HB-0662,Hospital B,0,0,0.1233811,0.13168287,8.0,7.993358602786781,1e-05
HB-0663,Hospital B,0,1,0.40366802,0.51695776,8.0,7.993358602786781,1e-05
HB-0664,Hospital B,1,1,0.20120125,1.6034496,8.0,7.993358602786781,1e-05
HB-0665,Hospital B,1,0,0.5851713,0.5358507,8.0,7.993358602786781,1e-05
HB-0666,Hospital B,0,1,0.41247135,0.5318302,8.0,7.993358602786781,1e-05
HB-0667,Hospital B,0,1,0.034687422,0.035303354,8.0,7.993358602786781,1e-05
HB-0668,Hospital B,0,0,0.055364754,0.05695653,8.0,7.993358602786781,1e-05
HB-0669,Hospital B,1,0,0.284231,1.257968,8.0,7.993358602786781,1e-05
HB-0670,Hospital B,1,1,0.4915793,0.710132,8.0,7.993358602786781,1e-05
HB-0671,Hospital B,1,1,0.26586127,1.3247806,8.0,7.993358602786781,1e-05
HB-0672,Hospital B,1,1,0.20687969,1.5756179,8.0,7.993358602786781,1e-05
HB-0673,Hospital B,1,0,0.47865364,0.73677814,8.0,7.993358602786781,1e-05
HB-0674,Hospital B,1,0,0.15600622,1.8578594,8.0,7.993358602786781,1e-05
HB-0675,Hospital B,0,1,0.28428894,0.33447874,8.0,7.993358602786781,1e-05
HB-0676,Hospital B,1,1,0.30184537,1.1978405,8.0,7.993358602786781,1e-05
HB-0677,Hospital B,1,1,0.2734062,1.2967967,8.0,7.993358602786781,1e-05
HB-0678,Hospital B,1,1,0.3814111,0.96387744,8.0,7.993358602786781,1e-05
HB-0679,Hospital B,1,1,0.39410383,0.9311409,8.0,7.993358602786781,1e-05
HB-0680,Hospital B,0,0,0.09252744,0.09709191,8.0,7.993358602786781,1e-05
HB-0681,Hospital B,0,1,0.5869914,0.884287,8.0,7.993358602786781,1e-05
HB-0682,Hospital B,0,0,0.326189,0.39480567,8.0,7.993358602786781,1e-05
HB-0683,Hospital B,1,0,0.14882007,1.9050173,8.0,7.993358602786781,1e-05
HB-0684,Hospital B,1,1,0.15395683,1.871083,8.0,7.993358602786781,1e-05
HB-0685,Hospital B,0,1,0.03890717,0.039684296,8.0,7.993358602786781,1e-05
HB-0686,Hospital B,1,1,0.41877928,0.8704113,8.0,7.993358602786781,1e-05
HB-0687,Hospital B,0,1,0.035298787,0.035936832,8.0,7.993358602786781,1e-05
HB-0688,Hospital B,1,1,0.5144279,0.66469985,8.0,7.993358602786781,1e-05
HB-0689,Hospital B,1,0,0.041109774,3.1915092,8.0,7.993358602786781,1e-05
HB-0690,Hospital B,0,0,0.38348433,0.48367152,8.0,7.993358602786781,1e-05
HB-0691,Hospital B,1,0,0.114889376,2.1637857,8.0,7.993358602786781,1e-05
HB-0692,Hospital B,0,0,0.09333907,0.0979867,8.0,7.993358602786781,1e-05
HB-0693,Hospital B,1,1,0.5853831,0.5354887,8.0,7.993358602786781,1e-05
HB-0694,Hospital B,0,0,0.17441766,0.19166625,8.0,7.993358602786781,1e-05
HB-0695,Hospital B,1,0,0.6062911,0.50039506,8.0,7.993358602786781,1e-05
HB-0696,Hospital B,0,1,0.38730976,0.4898958,8.0,7.993358602786781,1e-05
HB-0697,Hospital B,0,1,0.29427502,0.3485297,8.0,7.993358602786781,1e-05
HB-0698,Hospital B,0,0,0.316655,0.38075542,8.0,7.993358602786781,1e-05
HB-0699,Hospital B,1,1,0.7446268,0.2948722,8.0,7.993358602786781,1e-05
HB-0700,Hospital B,0,1,0.38121206,0.47999266,8.0,7.993358602786781,1e-05
HB-0701,Hospital B,0,1,0.20603529,0.23071623,8.0,7.993358602786781,1e-05
HB-0702,Hospital B,0,0,0.16648659,0.18210542,8.0,7.993358602786781,1e-05
HB-0703,Hospital B,0,0,0.18966141,0.21030307,8.0,7.993358602786781,1e-05
HB-0704,Hospital B,0,0,0.37872478,0.4759811,8.0,7.993358602786781,1e-05
HB-0705,Hospital B,0,1,0.15763527,0.17154217,8.0,7.993358602786781,1e-05
HB-0706,Hospital B,1,1,0.3909495,0.9391769,8.0,7.993358602786781,1e-05
HB-0707,Hospital B,1,1,0.1934334,1.6428219,8.0,7.993358602786781,1e-05
HB-0708,Hospital B,0,1,0.11781238,0.12535048,8.0,7.993358602786781,1e-05
HB-0709,Hospital B,1,0,0.8880007,0.11878273,8.0,7.993358602786781,1e-05
HB-0710,Hospital B,1,0,0.71284616,0.33848968,8.0,7.993358602786781,1e-05
HB-0711,Hospital B,0,1,0.065610625,0.067862034,8.0,7.993358602786781,1e-05
HB-0712,Hospital B,1,1,0.53040147,0.6341211,8.0,7.993358602786781,1e-05
HB-0713,Hospital B,0,0,0.16150759,0.17614973,8.0,7.993358602786781,1e-05
HB-0714,Hospital B,1,0,0.39229074,0.93575203,8.0,7.993358602786781,1e-05
HB-0715,Hospital B,0,1,0.09504297,0.09986782,8.0,7.993358602786781,1e-05
HB-0716,Hospital B,0,0,0.23565516,0.26873624,8.0,7.993358602786781,1e-05
HB-0717,Hospital B,0,1,0.04107293,0.041940212,8.0,7.993358602786781,1e-05
HB-0718,Hospital B,0,0,0.14801769,0.16018951,8.0,7.993358602786781,1e-05
HB-0719,Hospital B,0,0,0.038189456,0.038937807,8.0,7.993358602786781,1e-05
HB-0720,Hospital B,0,0,0.032769386,0.03331828,8.0,7.993358602786781,1e-05
HB-0721,Hospital B,1,0,0.100946605,2.2931635,8.0,7.993358602786781,1e-05
HB-0722,Hospital B,0,1,0.050231285,0.0515368,8.0,7.993358602786781,1e-05
HB-0723,Hospital B,1,0,0.5537393,0.5910613,8.0,7.993358602786781,1e-05
HB-0724,Hospital B,0,1,0.30923104,0.36994982,8.0,7.993358602786781,1e-05
HB-0725,Hospital B,0,1,0.67302036,1.1178575,8.0,7.993358602786781,1e-05
HB-0726,Hospital B,1,0,0.36083677,1.0193295,8.0,7.993358602786781,1e-05
HB-0727,Hospital B,1,1,0.42086482,0.8654436,8.0,7.993358602786781,1e-05
HB-0728,Hospital B,0,1,0.069608465,0.07214975,8.0,7.993358602786781,1e-05
HB-0729,Hospital B,1,1,0.14603646,1.9238989,8.0,7.993358602786781,1e-05
HB-0730,Hospital B,1,1,0.43539846,0.83149374,8.0,7.993358602786781,1e-05
HB-0731,Hospital B,1,0,0.927451,0.075315304,8.0,7.993358602786781,1e-05
HB-0732,Hospital B,0,0,0.03761956,0.038345337,8.0,7.993358602786781,1e-05
HB-0733,Hospital B,0,1,0.4370845,0.57462573,8.0,7.993358602786781,1e-05
HB-0734,Hospital B,1,1,0.89544713,0.110432036,8.0,7.993358602786781,1e-05
HB-0735,Hospital B,1,1,0.6223061,0.47432312,8.0,7.993358602786781,1e-05
HB-0736,Hospital B,0,0,0.22959083,0.2608335,8.0,7.993358602786781,1e-05
HB-0737,Hospital B,1,0,0.2492049,1.3894799,8.0,7.993358602786781,1e-05
HB-0738,Hospital B,1,1,0.53207034,0.63097954,8.0,7.993358602786781,1e-05
HB-0739,Hospital B,0,1,0.05066249,0.051990986,8.0,7.993358602786781,1e-05
HB-0740,Hospital B,1,0,0.48530272,0.7229824,8.0,7.993358602786781,1e-05
HB-0741,Hospital B,0,0,0.19976985,0.22285593,8.0,7.993358602786781,1e-05
HB-0742,Hospital B,0,0,0.28672072,0.33788228,8.0,7.993358602786781,1e-05
HB-0743,Hospital B,1,1,0.7574906,0.27774417,8.0,7.993358602786781,1e-05
HB-0744,Hospital B,0,0,0.17570336,0.19322479,8.0,7.993358602786781,1e-05
HB-0745,Hospital B,0,1,0.107058376,0.11323404,8.0,7.993358602786781,1e-05
HB-0746,Hospital B,1,0,0.25736386,1.3572643,8.0,7.993358602786781,1e-05
HB-0747,Hospital B,0,0,0.031005958,0.031496763,8.0,7.993358602786781,1e-05
HB-0748,Hospital B,1,0,0.39781663,0.92176414,8.0,7.993358602786781,1e-05
HB-0749,Hospital B,1,0,0.35005525,1.0496643,8.0,7.993358602786781,1e-05
HB-0750,Hospital B,0,1,0.2883277,0.34013772,8.0,7.993358602786781,1e-05
HB-0751,Hospital B,1,1,0.50652254,0.68018645,8.0,7.993358602786781,1e-05
HB-0752,Hospital B,1,0,0.16604044,1.7955239,8.0,7.993358602786781,1e-05
HB-0753,Hospital B,0,1,0.066649586,0.068974495,8.0,7.993358602786781,1e-05
HB-0754,Hospital B,0,0,0.71442693,1.2532573,8.0,7.993358602786781,1e-05
HB-0755,Hospital B,0,0,0.04554103,0.046610594,8.0,7.993358602786781,1e-05
HB-0756,Hospital B,1,0,0.09943293,2.308272,8.0,7.993358602786781,1e-05
HB-0757,Hospital B,0,1,0.017745033,0.017904282,8.0,7.993358602786781,1e-05
HB-0758,Hospital B,0,0,0.42200014,0.54818165,8.0,7.993358602786781,1e-05
HB-0759,Hospital B,0,1,0.7641667,1.4446303,8.0,7.993358602786781,1e-05
HB-0760,Hospital B,1,1,0.4842523,0.72514915,8.0,7.993358602786781,1e-05
HB-0761,Hospital B,1,0,0.2903879,1.2365376,8.0,7.993358602786781,1e-05
HB-0762,Hospital B,1,1,0.6558408,0.42183715,8.0,7.993358602786781,1e-05
HB-0763,Hospital B,1,0,0.070408545,2.6534405,8.0,7.993358602786781,1e-05
HB-0764,Hospital B,0,0,0.22972539,0.26100826,8.0,7.993358602786781,1e-05
HB-0765,Hospital B,0,0,0.13065948,0.14002037,8.0,7.993358602786781,1e-05
HB-0766,Hospital B,1,1,0.7537151,0.28274083,8.0,7.993358602786781,1e-05
HB-0767,Hospital B,0,1,0.2447829,0.28075004,8.0,7.993358602786781,1e-05
HB-0768,Hospital B,0,0,0.05377166,0.055271387,8.0,7.993358602786781,1e-05
HB-0769,Hospital B,0,0,0.13595651,0.14613223,8.0,7.993358602786781,1e-05
HB-0770,Hospital B,1,1,0.31032452,1.1701367,8.0,7.993358602786781,1e-05
HB-0771,Hospital B,1,1,0.40119374,0.9133109,8.0,7.993358602786781,1e-05
HB-0772,Hospital B,1,1,0.659768,0.41586706,8.0,7.993358602786781,1e-05
HB-0773,Hospital B,1,1,0.042707797,3.1533737,8.0,7.993358602786781,1e-05
HB-0774,Hospital B,1,0,0.05139378,2.968238,8.0,7.993358602786781,1e-05
HB-0775,Hospital B,1,1,0.34911957,1.0523407,8.0,7.993358602786781,1e-05
HB-0776,Hospital B,0,1,0.49278846,0.67882717,8.0,7.993358602786781,1e-05
HB-0777,Hospital B,0,1,0.28449935,0.33477283,8.0,7.993358602786781,1e-05
HB-0778,Hospital B,0,0,0.4135238,0.5336232,8.0,7.993358602786781,1e-05
HB-0779,Hospital B,0,0,0.3793452,0.47698024,8.0,7.993358602786781,1e-05
HB-0780,Hospital B,1,1,0.16820608,1.7825655,8.0,7.993358602786781,1e-05
HB-0781,Hospital B,1,0,0.14802714,1.9103596,8.0,7.993358602786781,1e-05
HB-0782,Hospital B,1,1,0.13117328,2.0312362,8.0,7.993358602786781,1e-05
HB-0783,Hospital B,0,0,0.040148623,0.040976763,8.0,7.993358602786781,1e-05
HB-0784,Hospital B,1,0,0.09642677,2.3389716,8.0,7.993358602786781,1e-05
HB-0785,Hospital B,0,1,0.32124847,0.38750017,8.0,7.993358602786781,1e-05
HB-0786,Hospital B,0,1,0.039025728,0.039807558,8.0,7.993358602786781,1e-05
HB-0787,Hospital B,0,1,0.3428896,0.41990328,8.0,7.993358602786781,1e-05
HB-0788,Hospital B,1,0,0.24178472,1.4197075,8.0,7.993358602786781,1e-05
HB-0789,Hospital B,1,0,0.5966952,0.51634884,8.0,7.993358602786781,1e-05
HB-0790,Hospital B,0,1,0.14631587,0.15819407,8.0,7.993358602786781,1e-05
HB-0791,Hospital B,0,0,0.41983104,0.544436,8.0,7.993358602786781,1e-05
HB-0792,Hospital B,1,1,0.24085778,1.4235487,8.0,7.993358602786781,1e-05
HB-0793,Hospital B,1,0,0.8788421,0.12914997,8.0,7.993358602786781,1e-05
HB-0794,Hospital B,0,1,0.41790888,0.5411283,8.0,7.993358602786781,1e-05
HB-0795,Hospital B,1,1,0.3660463,1.0049953,8.0,7.993358602786781,1e-05
HB-0796,Hospital B,1,0,0.24307309,1.4143932,8.0,7.993358602786781,1e-05
HB-0797,Hospital B,1,1,0.7271341,0.31864434,8.0,7.993358602786781,1e-05
HB-0798,Hospital B,1,1,0.33104032,1.105515,8.0,7.993358602786781,1e-05
HB-0799,Hospital B,0,1,0.27135593,0.31656992,8.0,7.993358602786781,1e-05
HB-0800,Hospital B,0,0,0.229062,0.26014733,8.0,7.993358602786781,1e-05
HB-0801,Hospital B,1,1,0.7079168,0.3454287,8.0,7.993358602786781,1e-05
HB-0802,Hospital B,0,0,0.05792211,0.05966735,8.0,7.993358602786781,1e-05
HB-0803,Hospital B,1,0,0.2002237,1.6083201,8.0,7.993358602786781,1e-05
HB-0804,Hospital B,0,0,0.57763517,0.8618858,8.0,7.993358602786781,1e-05
HB-0805,Hospital B,0,1,0.030731615,0.03121376,8.0,7.993358602786781,1e-05
HB-0806,Hospital B,1,0,0.28697318,1.2483665,8.0,7.993358602786781,1e-05
HB-0807,Hospital B,1,1,0.7945547,0.22997342,8.0,7.993358602786781,1e-05
HB-0808,Hospital B,1,1,0.8010289,0.22185826,8.0,7.993358602786781,1e-05
HB-0809,Hospital B,1,1,0.1305333,2.0361269,8.0,7.993358602786781,1e-05
HB-0810,Hospital B,1,0,0.78657115,0.2400721,8.0,7.993358602786781,1e-05
HB-0811,Hospital B,1,1,0.38406536,0.95694256,8.0,7.993358602786781,1e-05
HB-0812,Hospital B,1,0,0.6885037,0.37323454,8.0,7.993358602786781,1e-05
HB-0813,Hospital B,1,1,0.06996696,2.6597323,8.0,7.993358602786781,1e-05
HB-0814,Hospital B,1,1,0.5686925,0.5644154,8.0,7.993358602786781,1e-05
HB-0815,Hospital B,1,1,0.44086146,0.81902456,8.0,7.993358602786781,1e-05
HB-0816,Hospital B,0,1,0.33202013,0.40349722,8.0,7.993358602786781,1e-05
HB-0817,Hospital B,0,0,0.39660814,0.50518847,8.0,7.993358602786781,1e-05
HB-0818,Hospital B,1,1,0.105935164,2.2449281,8.0,7.993358602786781,1e-05
HB-0819,Hospital B,0,0,0.42477125,0.55298746,8.0,7.993358602786781,1e-05
HB-0820,Hospital B,0,0,0.12841046,0.13743663,8.0,7.993358602786781,1e-05
HB-0821,Hospital B,0,0,0.18868908,0.20910394,8.0,7.993358602786781,1e-05
HB-0822,Hospital B,0,1,0.22387187,0.25343764,8.0,7.993358602786781,1e-05
HB-0823,Hospital B,0,1,0.15299033,0.16604316,8.0,7.993358602786781,1e-05
HB-0824,Hospital B,1,0,0.5762795,0.5511624,8.0,7.993358602786781,1e-05
HB-0825,Hospital B,1,1,0.8148001,0.20481245,8.0,7.993358602786781,1e-05
HB-0826,Hospital B,1,1,0.29744586,1.2125231,8.0,7.993358602786781,1e-05
HB-0827,Hospital B,1,1,0.6558543,0.42181662,8.0,7.993358602786781,1e-05
HB-0828,Hospital B,0,1,0.39210874,0.4977592,8.0,7.993358602786781,1e-05
HB-0829,Hospital B,0,1,0.09276273,0.09735131,8.0,7.993358602786781,1e-05
HB-0830,Hospital B,1,0,0.78967726,0.23613095,8.0,7.993358602786781,1e-05
HB-0831,Hospital B,1,0,0.6987382,0.35847917,8.0,7.993358602786781,1e-05
HB-0832,Hospital B,0,1,0.11635137,0.12369585,8.0,7.993358602786781,1e-05
HB-0833,Hospital B,1,0,0.71519697,0.33519733,8.0,7.993358602786781,1e-05
HB-0834,Hospital B,0,1,0.06916275,0.07167077,8.0,7.993358602786781,1e-05
HB-0835,Hospital B,0,0,0.06462084,0.06680322,8.0,7.993358602786781,1e-05
HB-0836,Hospital B,0,0,0.05795606,0.05970335,8.0,7.993358602786781,1e-05
HB-0837,Hospital B,1,0,0.43823233,0.825006,8.0,7.993358602786781,1e-05
HB-0838,Hospital B,1,0,0.7246825,0.32202163,8.0,7.993358602786781,1e-05
HB-0839,Hospital B,1,0,0.4591115,0.77846223,8.0,7.993358602786781,1e-05
HB-0840,Hospital B,0,1,0.43773562,0.57578313,8.0,7.993358602786781,1e-05
HB-0841,Hospital B,1,0,0.45874473,0.77926135,8.0,7.993358602786781,1e-05
HB-0842,Hospital B,1,0,0.74875283,0.28934634,8.0,7.993358602786781,1e-05
HB-0843,Hospital B,1,0,0.2571687,1.3580229,8.0,7.993358602786781,1e-05
HB-0844,Hospital B,1,0,0.55092156,0.5961628,8.0,7.993358602786781,1e-05
HB-0845,Hospital B,1,0,0.47834554,0.7374219,8.0,7.993358602786781,1e-05
HB-0846,Hospital B,1,0,0.45737275,0.78225654,8.0,7.993358602786781,1e-05
HB-0847,Hospital B,0,0,0.39271212,0.49875227,8.0,7.993358602786781,1e-05
HB-0848,Hospital B,1,1,0.122489214,2.0997324,8.0,7.993358602786781,1e-05
HB-0849,Hospital B,0,0,0.10223509,0.107846975,8.0,7.993358602786781,1e-05
HB-0850,Hospital B,0,0,0.6988327,1.2000893,8.0,7.993358602786781,1e-05
HB-0851,Hospital B,0,0,0.070060626,0.07263589,8.0,7.993358602786781,1e-05
HB-0852,Hospital B,0,0,0.028257003,0.028663874,8.0,7.993358602786781,1e-05
HB-0853,Hospital B,1,0,0.24984331,1.3869214,8.0,7.993358602786781,1e-05
HB-0854,Hospital B,0,0,0.3786256,0.47582152,8.0,7.993358602786781,1e-05
HB-0855,Hospital B,1,1,0.17252278,1.757226,8.0,7.993358602786781,1e-05
HB-0856,Hospital B,0,1,0.1841564,0.20353258,8.0,7.993358602786781,1e-05
HB-0857,Hospital B,1,0,0.13367125,2.0123718,8.0,7.993358602786781,1e-05
HB-0858,Hospital B,0,1,0.07271416,0.075493336,8.0,7.993358602786781,1e-05
HB-0859,Hospital B,0,0,0.063495174,0.06560063,8.0,7.993358602786781,1e-05
HB-0860,Hospital B,1,1,0.26710182,1.3201253,8.0,7.993358602786781,1e-05
HB-0861,Hospital B,1,0,0.3345177,1.0950656,8.0,7.993358602786781,1e-05
HB-0862,Hospital B,1,0,0.10542434,2.2497618,8.0,7.993358602786781,1e-05
HB-0863,Hospital B,1,1,0.8475021,0.16546193,8.0,7.993358602786781,1e-05
HB-0864,Hospital B,0,0,0.119609736,0.12738991,8.0,7.993358602786781,1e-05
HB-0865,Hospital B,0,0,0.41683498,0.53928506,8.0,7.993358602786781,1e-05
HB-0866,Hospital B,0,1,0.8416591,1.8430054,8.0,7.993358602786781,1e-05
HB-0867,Hospital B,0,1,0.2781623,0.3259549,8.0,7.993358602786781,1e-05
HB-0868,Hospital B,1,0,0.8911995,0.11518689,8.0,7.993358602786781,1e-05
HB-0869,Hospital B,0,1,0.0511158,0.05246854,8.0,7.993358602786781,1e-05
HB-0870,Hospital B,0,1,0.08063804,0.08407545,8.0,7.993358602786781,1e-05
HB-0871,Hospital B,0,0,0.34058508,0.41640234,8.0,7.993358602786781,1e-05
HB-0872,Hospital B,0,1,0.5492618,0.7968686,8.0,7.993358602786781,1e-05
HB-0873,Hospital B,0,1,0.18244946,0.20144248,8.0,7.993358602786781,1e-05
HB-0874,Hospital B,0,0,0.17134039,0.18794584,8.0,7.993358602786781,1e-05
HB-0875,Hospital B,0,0,0.112420194,0.119256735,8.0,7.993358602786781,1e-05
HB-0876,Hospital B,0,0,0.31037086,0.37160134,8.0,7.993358602786781,1e-05
HB-0877,Hospital B,1,1,0.035695773,3.332723,8.0,7.993358602786781,1e-05
HB-0878,Hospital B,0,0,0.1171313,0.124578714,8.0,7.993358602786781,1e-05
HB-0879,Hospital B,1,0,0.7257542,0.32054386,8.0,7.993358602786781,1e-05
HB-0880,Hospital B,0,0,0.11077267,0.117402315,8.0,7.993358602786781,1e-05
HB-0881,Hospital B,0,1,0.032611445,0.033154964,8.0,7.993358602786781,1e-05
HB-0882,Hospital B,1,0,0.40404633,0.9062257,8.0,7.993358602786781,1e-05
HB-0883,Hospital B,1,0,0.09901169,2.3125174,8.0,7.993358602786781,1e-05
HB-0884,Hospital B,1,0,0.3878804,0.94705826,8.0,7.993358602786781,1e-05
HB-0885,Hospital B,1,0,0.37983534,0.9680174,8.0,7.993358602786781,1e-05
HB-0886,Hospital B,1,0,0.29133016,1.2332981,8.0,7.993358602786781,1e-05
HB-0887,Hospital B,0,0,0.1583745,0.17242014,8.0,7.993358602786781,1e-05
HB-0888,Hospital B,1,0,0.4589683,0.7787741,8.0,7.993358602786781,1e-05
HB-0889,Hospital B,1,1,0.14562754,1.926703,8.0,7.993358602786781,1e-05
HB-0890,Hospital B,0,0,0.044042673,0.045042038,8.0,7.993358602786781,1e-05
HB-0891,Hospital B,0,1,0.39879316,0.50881624,8.0,7.993358602786781,1e-05
HB-0892,Hospital B,1,1,0.29188016,1.2314119,8.0,7.993358602786781,1e-05
HB-0893,Hospital B,1,0,0.058675263,2.835737,8.0,7.993358602786781,1e-05
HB-0894,Hospital B,1,1,0.26952258,1.3111031,8.0,7.993358602786781,1e-05
HB-0895,Hospital B,1,1,0.5502491,0.5973842,8.0,7.993358602786781,1e-05
HB-0896,Hospital B,0,1,0.057077724,0.05877137,8.0,7.993358602786781,1e-05
HB-0897,Hospital B,0,0,0.1518768,0.16472936,8.0,7.993358602786781,1e-05
HB-0898,Hospital B,0,1,0.2751181,0.3217466,8.0,7.993358602786781,1e-05
HB-0899,Hospital B,1,1,0.48953927,0.7142905,8.0,7.993358602786781,1e-05
HB-0900,Hospital B,0,0,0.22897802,0.26003838,8.0,7.993358602786781,1e-05
HB-0901,Hospital B,0,1,0.18929943,0.20985651,8.0,7.993358602786781,1e-05
HB-0902,Hospital B,1,0,0.28577262,1.2525588,8.0,7.993358602786781,1e-05
HB-0903,Hospital B,0,1,0.058542885,0.060326576,8.0,7.993358602786781,1e-05
HB-0904,Hospital B,0,1,0.10113042,0.10661721,8.0,7.993358602786781,1e-05
HB-0905,Hospital B,0,1,0.32977408,0.4001404,8.0,7.993358602786781,1e-05
HB-0906,Hospital B,1,1,0.08723016,2.4392052,8.0,7.993358602786781,1e-05
HB-0907,Hospital B,1,1,0.35630473,1.0319688,8.0,7.993358602786781,1e-05
HB-0908,Hospital B,1,0,0.6183941,0.48062932,8.0,7.993358602786781,1e-05
HB-0909,Hospital B,1,0,0.7132742,0.33788937,8.0,7.993358602786781,1e-05
HB-0910,Hospital B,0,0,0.33056372,0.40131927,8.0,7.993358602786781,1e-05
HB-0911,Hospital B,1,1,0.390048,0.94148546,8.0,7.993358602786781,1e-05
HB-0912,Hospital B,0,1,0.057107616,0.05880308,8.0,7.993358602786781,1e-05
HB-0913,Hospital B,0,0,0.2001681,0.22335374,8.0,7.993358602786781,1e-05
HB-0914,Hospital B,1,1,0.21881063,1.5195487,8.0,7.993358602786781,1e-05
HB-0915,Hospital B,0,1,0.22105844,0.24981928,8.0,7.993358602786781,1e-05
HB-0916,Hospital B,0,1,0.13841547,0.14898205,8.0,7.993358602786781,1e-05
HB-0917,Hospital B,0,1,0.04547025,0.046536446,8.0,7.993358602786781,1e-05
HB-0918,Hospital B,1,1,0.49573338,0.701717,8.0,7.993358602786781,1e-05
HB-0919,Hospital B,0,0,0.840134,1.8334194,8.0,7.993358602786781,1e-05
HB-0920,Hospital B,1,1,0.6177427,0.48168325,8.0,7.993358602786781,1e-05
HB-0921,Hospital B,0,1,0.12489947,0.13341641,8.0,7.993358602786781,1e-05
HB-0922,Hospital B,1,1,0.18832672,1.669577,8.0,7.993358602786781,1e-05
HB-0923,Hospital B,1,0,0.12474278,2.0815015,8.0,7.993358602786781,1e-05
HB-0924,Hospital B,0,0,0.13784803,0.14832377,8.0,7.993358602786781,1e-05
HB-0925,Hospital B,0,1,0.08756342,0.09163666,8.0,7.993358602786781,1e-05
HB-0926,Hospital B,1,0,0.34980983,1.0503657,8.0,7.993358602786781,1e-05
HB-0927,Hospital B,0,1,0.10598278,0.11203027,8.0,7.993358602786781,1e-05
HB-0928,Hospital B,1,0,0.4016195,0.91225016,8.0,7.993358602786781,1e-05
HB-0929,Hospital B,1,1,0.10258599,2.2770538,8.0,7.993358602786781,1e-05
HB-0930,Hospital B,0,0,0.04632405,0.04743123,8.0,7.993358602786781,1e-05
HB-0931,Hospital B,0,0,0.071071014,0.07372308,8.0,7.993358602786781,1e-05
HB-0932,Hospital B,1,1,0.19123913,1.6542307,8.0,7.993358602786781,1e-05
HB-0933,Hospital B,0,0,0.0894689,0.09372711,8.0,7.993358602786781,1e-05
HB-0934,Hospital B,1,1,0.079628535,2.5303829,8.0,7.993358602786781,1e-05
HB-0935,Hospital B,1,1,0.32600856,1.1208316,8.0,7.993358602786781,1e-05
HB-0936,Hospital B,1,1,0.24603063,1.4022992,8.0,7.993358602786781,1e-05
HB-0937,Hospital B,1,0,0.22853594,1.4760618,8.0,7.993358602786781,1e-05
HB-0938,Hospital B,0,0,0.8105041,1.6633878,8.0,7.993358602786781,1e-05
HB-0939,Hospital B,0,0,0.05495956,0.056527615,8.0,7.993358602786781,1e-05
HB-0940,Hospital B,1,0,0.6955477,0.36305568,8.0,7.993358602786781,1e-05
HB-0941,Hospital B,0,0,0.26058584,0.30189705,8.0,7.993358602786781,1e-05
HB-0942,Hospital B,0,0,0.0422571,0.043175936,8.0,7.993358602786781,1e-05
HB-0943,Hospital B,1,0,0.5402096,0.6157981,8.0,7.993358602786781,1e-05
HB-0944,Hospital B,1,0,0.698442,0.35890323,8.0,7.993358602786781,1e-05
HB-0945,Hospital B,0,1,0.023611367,0.023894548,8.0,7.993358602786781,1e-05
HB-0946,Hospital B,0,1,0.22414026,0.25378346,8.0,7.993358602786781,1e-05
HB-0947,Hospital B,0,0,0.15120287,0.16393507,8.0,7.993358602786781,1e-05
HB-0948,Hospital B,1,0,0.7161522,0.33386257,8.0,7.993358602786781,1e-05
HB-0949,Hospital B,1,1,0.09644525,2.3387797,8.0,7.993358602786781,1e-05
HB-0950,Hospital B,1,1,0.052495874,2.9470208,8.0,7.993358602786781,1e-05
HB-0951,Hospital B,1,0,0.3175253,1.1471977,8.0,7.993358602786781,1e-05
HB-0952,Hospital B,0,1,0.3073859,0.36728227,8.0,7.993358602786781,1e-05
HB-0953,Hospital B,1,0,0.31564292,1.1531436,8.0,7.993358602786781,1e-05
HB-0954,Hospital B,1,1,0.7150963,0.33533806,8.0,7.993358602786781,1e-05
HB-0955,Hospital B,1,0,0.65751636,0.41928568,8.0,7.993358602786781,1e-05
HB-0956,Hospital B,1,0,0.47203782,0.7506962,8.0,7.993358602786781,1e-05
HB-0957,Hospital B,0,0,0.29239777,0.34587324,8.0,7.993358602786781,1e-05
HB-0958,Hospital B,1,1,0.19494301,1.635048,8.0,7.993358602786781,1e-05
HB-0959,Hospital B,0,1,0.114317894,0.12139726,8.0,7.993358602786781,1e-05
HB-0960,Hospital B,1,0,0.31010392,1.1708478,8.0,7.993358602786781,1e-05
HB-0961,Hospital B,1,0,0.8864084,0.12057754,8.0,7.993358602786781,1e-05
HB-0962,Hospital B,0,0,0.2862959,0.33728683,8.0,7.993358602786781,1e-05
HB-0963,Hospital B,0,0,0.42127123,0.5469214,8.0,7.993358602786781,1e-05
HB-0964,Hospital B,1,0,0.15254703,1.8802824,8.0,7.993358602786781,1e-05
HB-0965,Hospital B,0,0,0.6977722,1.1965743,8.0,7.993358602786781,1e-05
HB-0966,Hospital B,0,0,0.26732102,0.31104755,8.0,7.993358602786781,1e-05
HB-0967,Hospital B,1,1,0.7304447,0.3141017,8.0,7.993358602786781,1e-05
HB-0968,Hospital B,0,1,0.07408573,0.07697368,8.0,7.993358602786781,1e-05
HB-0969,Hospital B,1,1,0.72935474,0.31559503,8.0,7.993358602786781,1e-05
HB-0970,Hospital B,0,1,0.10876966,0.11515236,8.0,7.993358602786781,1e-05
HB-0971,Hospital B,0,1,0.22556162,0.25561726,8.0,7.993358602786781,1e-05
HB-0972,Hospital B,1,1,0.29493597,1.220997,8.0,7.993358602786781,1e-05
HB-0973,Hospital B,1,0,0.67859316,0.3877335,8.0,7.993358602786781,1e-05
HB-0974,Hospital B,0,1,0.041012425,0.04187727,8.0,7.993358602786781,1e-05
HB-0975,Hospital B,0,0,0.6777464,1.1324164,8.0,7.993358602786781,1e-05
HB-0976,Hospital B,0,0,0.8585392,1.9557326,8.0,7.993358602786781,1e-05
HB-0977,Hospital B,1,1,0.87724483,0.1309692,8.0,7.993358602786781,1e-05
HB-0978,Hospital B,1,1,0.08059685,2.5182958,8.0,7.993358602786781,1e-05
HB-0979,Hospital B,1,0,0.171045,1.7658286,8.0,7.993358602786781,1e-05
HB-0980,Hospital B,0,1,0.059237715,0.06106472,8.0,7.993358602786781,1e-05
HB-0981,Hospital B,0,1,0.41528946,0.5366384,8.0,7.993358602786781,1e-05
HB-0982,Hospital B,0,0,0.21780233,0.24564779,8.0,7.993358602786781,1e-05
HB-0983,Hospital B,1,1,0.4359154,0.8303071,8.0,7.993358602786781,1e-05
HB-0984,Hospital B,1,1,0.21601598,1.5324029,8.0,7.993358602786781,1e-05
HB-0985,Hospital B,1,0,0.42284137,0.8607582,8.0,7.993358602786781,1e-05
HB-0986,Hospital B,0,1,0.16950013,0.18572748,8.0,7.993358602786781,1e-05
HB-0987,Hospital B,0,1,0.31718183,0.3815267,8.0,7.993358602786781,1e-05
HB-0988,Hospital B,0,1,0.28806356,0.33976662,8.0,7.993358602786781,1e-05
HB-0989,Hospital B,1,0,0.1882985,1.6697268,8.0,7.993358602786781,1e-05
HB-0990,Hospital B,0,1,0.2258046,0.25593102,8.0,7.993358602786781,1e-05
HB-0991,Hospital B,0,1,0.030442921,0.030915976,8.0,7.993358602786781,1e-05
HB-0992,Hospital B,0,1,0.30063492,0.35758245,8.0,7.993358602786781,1e-05
HB-0993,Hospital B,1,0,0.82242036,0.1955036,8.0,7.993358602786781,1e-05
HB-0994,Hospital B,1,0,0.84800524,0.16486844,8.0,7.993358602786781,1e-05
HB-0995,Hospital B,0,1,0.5198629,0.7336836,8.0,7.993358602786781,1e-05
HB-0996,Hospital B,1,1,0.20113896,1.6037593,8.0,7.993358602786781,1e-05
HB-0997,Hospital B,1,1,0.19140276,1.6533754,8.0,7.993358602786781,1e-05
HB-0998,Hospital B,1,1,0.043144014,3.1432116,8.0,7.993358602786781,1e-05
HB-0999,Hospital B,1,0,0.05614206,2.87987,8.0,7.993358602786781,1e-05
HB-1000,Hospital B,1,0,0.09734348,2.3295095,8.0,7.993358602786781,1e-05
