record_id,target,lira_score
HA-00001,Non-private (overfit),0.38926256745690746
HA-00002,Non-private (overfit),0.15077657839621694
HA-00003,Non-private (overfit),-0.20064990845084862
HA-00004,Non-private (overfit),0.3587433235245492
HA-00006,Non-private (overfit),0.5736561662949473
HA-00008,Non-private (overfit),-0.1570418071429842
HA-00009,Non-private (overfit),0.5031168835591386
HA-00010,Non-private (overfit),-0.126947178449192
HA-00011,Non-private (overfit),-0.6067328742753342
HA-00012,Non-private (overfit),-0.034370910645203256
HA-00014,Non-private (overfit),0.3112249845185988
HA-00015,Non-private (overfit),0.41884860681479275
HA-00016,Non-private (overfit),0.1887649709134147
HA-00017,Non-private (overfit),-0.8796404383995529
HA-00018,Non-private (overfit),-1.4376110110859135
HA-00019,Non-private (overfit),0.04013195149077453
HA-00020,Non-private (overfit),-0.10839222550656213
HA-00021,Non-private (overfit),-0.5664648948000042
HA-00022,Non-private (overfit),-0.16391763038311047
HA-00023,Non-private (overfit),0.31470393302486865
HA-00024,Non-private (overfit),0.11408586872763471
HA-00025,Non-private (overfit),0.6767613921649067
HA-00026,Non-private (overfit),0.4283814748647501
HA-00027,Non-private (overfit),-0.5781720441933768
HA-00028,Non-private (overfit),0.09973413334710757
HA-00029,Non-private (overfit),-1.8472219902619453
HA-00030,Non-private (overfit),1.136666104327145
HA-00031,Non-private (overfit),0.1863186376228796
HA-00032,Non-private (overfit),0.07594320310476066
HA-00033,Non-private (overfit),0.3312545760797436
HA-00034,Non-private (overfit),0.20343891540656822
HA-00035,Non-private (overfit),-0.33551243163558
HA-00036,Non-private (overfit),0.011437367688854838
HA-00037,Non-private (overfit),0.13868358258046398
HA-00038,Non-private (overfit),0.08501851249223691
HA-00040,Non-private (overfit),0.4379599556830315
HA-00041,Non-private (overfit),0.46587013256765597
HA-00043,Non-private (overfit),0.034934172512213646
HA-00044,Non-private (overfit),0.37124916367604677
HA-00045,Non-private (overfit),-0.16535344160606247
HA-00046,Non-private (overfit),-0.4995642173053646
HA-00047,Non-private (overfit),0.7204662953946535
HA-00048,Non-private (overfit),0.09453182114831526
HA-00049,Non-private (overfit),7.56268169711865
HA-00050,Non-private (overfit),0.3695746154181401
HA-00051,Non-private (overfit),0.026743345255044626
HA-00052,Non-private (overfit),-0.12173995538598947
HA-00053,Non-private (overfit),-0.6863733972457708
HA-00055,Non-private (overfit),0.38635323174875313
HA-00056,Non-private (overfit),0.651702535045251
HA-00057,Non-private (overfit),0.25524611586401
HA-00059,Non-private (overfit),-0.03152140389897484
HA-00060,Non-private (overfit),-0.1698669031335618
HA-00061,Non-private (overfit),-0.5837620798590626
HA-00062,Non-private (overfit),0.3205470706563107
HA-00063,Non-private (overfit),0.7437351844887357
HA-00064,Non-private (overfit),-0.12919125858414415
HA-00065,Non-private (overfit),-0.27783725599679254
HA-00066,Non-private (overfit),-0.06003097292688819
HA-00067,Non-private (overfit),-0.4170578734828432
HA-00068,Non-private (overfit),-0.4428023018195687
HA-00070,Non-private (overfit),0.2542822829319249
HA-00071,Non-private (overfit),0.3872989934185116
HA-00072,Non-private (overfit),-0.13403226189088047
HA-00073,Non-private (overfit),-0.3521554456681777
HA-00074,Non-private (overfit),0.028288096779857996
HA-00075,Non-private (overfit),-0.1707840635804796
HA-00076,Non-private (overfit),0.45323537700725713
HA-00077,Non-private (overfit),-0.49112062311186055
HA-00078,Non-private (overfit),-0.155729622811702
HA-00079,Non-private (overfit),-0.029740812166276442
HA-00080,Non-private (overfit),0.9977350786423429
HA-00081,Non-private (overfit),1.1660839099490765
HA-00082,Non-private (overfit),0.08772980942021735
HA-00083,Non-private (overfit),0.13339141876603133
HA-00084,Non-private (overfit),-0.3685524168581311
HA-00085,Non-private (overfit),0.12202533465072007
HA-00086,Non-private (overfit),-0.612352926134153
HA-00087,Non-private (overfit),0.2763071815709601
HA-00088,Non-private (overfit),-0.20376661003451224
HA-00090,Non-private (overfit),-0.07884809580009278
HA-00091,Non-private (overfit),0.3579959375056323
HA-00092,Non-private (overfit),-1.7693071070877804
HA-00093,Non-private (overfit),0.4705936959778997
HA-00094,Non-private (overfit),0.4610989128502423
HA-00098,Non-private (overfit),0.30777321496541843
HA-00099,Non-private (overfit),0.5559481072704282
HA-00100,Non-private (overfit),0.34643794411821727
HA-00101,Non-private (overfit),-0.022408865316835946
HA-00102,Non-private (overfit),0.25947232502727235
HA-00103,Non-private (overfit),-0.09265009427953363
HA-00104,Non-private (overfit),0.976510840707477
HA-00105,Non-private (overfit),-0.5640199284462906
HA-00106,Non-private (overfit),-0.4682177447842226
HA-00107,Non-private (overfit),-0.659262528125065
HA-00108,Non-private (overfit),-0.02414833355995505
HA-00109,Non-private (overfit),0.1731715972822041
HA-00110,Non-private (overfit),-0.21891599338139622
HA-00111,Non-private (overfit),-0.5242575383771528
HA-00112,Non-private (overfit),-0.08897543927397611
HA-00113,Non-private (overfit),-0.33944111369410335
HA-00114,Non-private (overfit),-0.09690440491241015
HA-00115,Non-private (overfit),-0.07418562326350653
HA-00116,Non-private (overfit),0.018158964968442604
HA-00117,Non-private (overfit),-0.46711109737140855
HA-00118,Non-private (overfit),2.206787390116668
HA-00119,Non-private (overfit),0.3893985350988731
HA-00120,Non-private (overfit),1.9738225740655164
HA-00121,Non-private (overfit),-0.09355974504842068
HA-00122,Non-private (overfit),0.7515702210164517
HA-00123,Non-private (overfit),0.44181815795064305
HA-00124,Non-private (overfit),-0.22417549133755932
HA-00125,Non-private (overfit),-0.8345200294564544
HA-00126,Non-private (overfit),0.9663201494304945
HA-00127,Non-private (overfit),0.8550139435581733
HA-00128,Non-private (overfit),-0.41880169400798506
HA-00129,Non-private (overfit),0.12838394404748965
HA-00131,Non-private (overfit),0.11974853395594476
HA-00132,Non-private (overfit),-0.6495041733052158
HA-00133,Non-private (overfit),-1.4901761101603817
HA-00134,Non-private (overfit),-0.43298530954047876
HA-00135,Non-private (overfit),-0.014365216732286967
HA-00136,Non-private (overfit),0.18925410539238485
HA-00137,Non-private (overfit),0.4706280137665996
HA-00138,Non-private (overfit),-0.19387356182485682
HA-00139,Non-private (overfit),-1.0052806780535792
HA-00141,Non-private (overfit),-0.8942669246704924
HA-00142,Non-private (overfit),0.4892951181527321
HA-00143,Non-private (overfit),-0.0909699143815903
HA-00144,Non-private (overfit),-0.1521132682784525
HA-00145,Non-private (overfit),0.055798822813636795
HA-00146,Non-private (overfit),0.7382523876143756
HA-00147,Non-private (overfit),0.014614173916127626
HA-00148,Non-private (overfit),0.07099810655409944
HA-00151,Non-private (overfit),1.2599361375483942
HA-00152,Non-private (overfit),-0.29120668595629473
HA-00153,Non-private (overfit),0.5661770164070712
HA-00154,Non-private (overfit),-1.0275344957843604
HA-00155,Non-private (overfit),0.38664071768918307
HA-00156,Non-private (overfit),0.381527227436659
HA-00157,Non-private (overfit),-1.4996379770003
HA-00158,Non-private (overfit),0.35325631940539237
HA-00160,Non-private (overfit),0.3779530621192291
HA-00161,Non-private (overfit),-0.05538102301544878
HA-00162,Non-private (overfit),-0.7663755818399336
HA-00163,Non-private (overfit),-0.003449647835873648
HA-00164,Non-private (overfit),-1.419497569514065
HA-00165,Non-private (overfit),1.3152311988933127
HA-00166,Non-private (overfit),0.3079803284689273
HA-00168,Non-private (overfit),-0.1405657532260327
HA-00169,Non-private (overfit),-0.267056270717245
HA-00170,Non-private (overfit),0.5816925390231905
HA-00171,Non-private (overfit),-0.5296555704688957
HA-00176,Non-private (overfit),-0.03253517792239924
HA-00177,Non-private (overfit),-0.982860710040304
HA-00178,Non-private (overfit),0.11410587008562834
HA-00179,Non-private (overfit),-0.07673433736565549
HA-00180,Non-private (overfit),-0.006967082371645894
HA-00181,Non-private (overfit),-0.3629999239324144
HA-00182,Non-private (overfit),0.21833162438263876
HA-00183,Non-private (overfit),0.4846489769806219
HA-00184,Non-private (overfit),0.11269260425683325
HA-00185,Non-private (overfit),-0.020033033075757878
HA-00186,Non-private (overfit),-0.19530254678540238
HA-00187,Non-private (overfit),-0.26026765483058467
HA-00188,Non-private (overfit),0.5361656000700668
HA-00189,Non-private (overfit),0.12953486973667294
HA-00190,Non-private (overfit),-0.7345815270244516
HA-00191,Non-private (overfit),0.22735222703698366
HA-00192,Non-private (overfit),-0.2750199821100654
HA-00193,Non-private (overfit),-0.3482750167549469
HA-00194,Non-private (overfit),-0.35435478358583605
HA-00195,Non-private (overfit),-0.37045278161057427
HA-00196,Non-private (overfit),-0.40012645872125385
HA-00197,Non-private (overfit),0.7862254086538134
HA-00198,Non-private (overfit),0.6126629252582153
HA-00199,Non-private (overfit),0.8302425858256931
HA-00200,Non-private (overfit),-0.2944151659104326
HA-00201,Non-private (overfit),0.005545780776042064
HA-00202,Non-private (overfit),-0.21573192334427505
HA-00203,Non-private (overfit),0.55180622789501
HA-00204,Non-private (overfit),-0.25800450031952193
HA-00205,Non-private (overfit),1.9109887320711265
HA-00206,Non-private (overfit),0.4566307096522032
HA-00207,Non-private (overfit),1.0630426977523098
HA-00208,Non-private (overfit),0.8031526416875165
HA-00209,Non-private (overfit),-0.4333204017293959
HA-00210,Non-private (overfit),-0.30346699407130906
HA-00211,Non-private (overfit),0.46098445975737623
HA-00212,Non-private (overfit),0.0755020703360374
HA-00213,Non-private (overfit),0.37991464835646505
HA-00214,Non-private (overfit),-0.46367580408345543
HA-00215,Non-private (overfit),0.17538970444652024
HA-00217,Non-private (overfit),-1.5216667667168835
HA-00218,Non-private (overfit),0.013185088881459528
HA-00219,Non-private (overfit),-0.18288913209277513
HA-00221,Non-private (overfit),-0.6902285240225898
HA-00222,Non-private (overfit),0.05545814966975704
HA-00223,Non-private (overfit),0.2294141008166568
HA-00224,Non-private (overfit),-0.6169935109880424
HA-00225,Non-private (overfit),-0.2505722668678796
HA-00226,Non-private (overfit),0.033430391837295126
HA-00227,Non-private (overfit),-0.47250196068235173
HA-00228,Non-private (overfit),0.30652495858983453
HA-00229,Non-private (overfit),-0.24841803100365523
HA-00230,Non-private (overfit),-0.5165611336981302
HA-00231,Non-private (overfit),0.05731621918301344
HA-00232,Non-private (overfit),0.010655052636883378
HA-00233,Non-private (overfit),0.4873949479061288
HA-00234,Non-private (overfit),-0.8403475273924443
HA-00235,Non-private (overfit),-1.4610825369586316
HA-00236,Non-private (overfit),0.3366601950341692
HA-00237,Non-private (overfit),0.3732255150154531
HA-00238,Non-private (overfit),0.14011115285927378
HA-00239,Non-private (overfit),-1.8244756198656664
HA-00240,Non-private (overfit),0.44739438479034777
HA-00241,Non-private (overfit),0.16149367948092785
HA-00242,Non-private (overfit),-0.41463078965511535
HA-00243,Non-private (overfit),-0.09364081766964194
HA-00244,Non-private (overfit),0.20579553292283914
HA-00246,Non-private (overfit),0.8000821057837768
HA-00247,Non-private (overfit),-0.3617440565114798
HA-00248,Non-private (overfit),-1.3269776783141225
HA-00249,Non-private (overfit),0.2599949500946459
HA-00250,Non-private (overfit),0.1472777500931044
HA-00251,Non-private (overfit),0.3188322592183519
HA-00252,Non-private (overfit),-0.19201463742605074
HA-00253,Non-private (overfit),0.05131694601687986
HA-00254,Non-private (overfit),-0.3022678580799256
HA-00255,Non-private (overfit),-0.4048662983455389
HA-00256,Non-private (overfit),0.3650924913770818
HA-00257,Non-private (overfit),0.2138915913487024
HA-00258,Non-private (overfit),0.5763997201502986
HA-00259,Non-private (overfit),0.10335004923996904
HA-00260,Non-private (overfit),0.07679555359835577
HA-00261,Non-private (overfit),-0.6686203609951022
HA-00262,Non-private (overfit),-0.3112667988239548
HA-00263,Non-private (overfit),-2.465109763779771
HA-00264,Non-private (overfit),-0.43327439557793856
HA-00265,Non-private (overfit),-0.04730931835599783
HA-00266,Non-private (overfit),-0.3626982377248268
HA-00267,Non-private (overfit),0.12287914824952284
HA-00269,Non-private (overfit),-0.1593693134811871
HA-00270,Non-private (overfit),0.5611137261481189
HA-00271,Non-private (overfit),-0.3284626538088333
HA-00272,Non-private (overfit),0.026450257323143656
HA-00273,Non-private (overfit),0.27933465189981344
HA-00274,Non-private (overfit),0.4357802750687476
HA-00275,Non-private (overfit),0.4024866011171886
HA-00276,Non-private (overfit),0.20187109833716155
HA-00277,Non-private (overfit),-0.6160068205423719
HA-00278,Non-private (overfit),-0.028405703810060245
HA-00279,Non-private (overfit),-0.1955155543044842
HA-00280,Non-private (overfit),-0.3422704723623773
HA-00281,Non-private (overfit),0.3939554925973645
HA-00282,Non-private (overfit),0.05521440744620354
HA-00283,Non-private (overfit),-0.12437595729488549
HA-00284,Non-private (overfit),-1.6732849939586916
HA-00285,Non-private (overfit),0.0384362362620676
HA-00287,Non-private (overfit),0.08813879492951537
HA-00288,Non-private (overfit),0.4866161638897335
HA-00289,Non-private (overfit),0.10167530844098338
HA-00290,Non-private (overfit),-0.24243642067371174
HA-00292,Non-private (overfit),0.1585626215260454
HA-00293,Non-private (overfit),-0.33992181423990475
HA-00294,Non-private (overfit),0.8191769268834614
HA-00295,Non-private (overfit),0.13013903146882888
HA-00296,Non-private (overfit),0.2617575823184921
HA-00297,Non-private (overfit),0.16464593616214263
HA-00298,Non-private (overfit),0.0550764843938123
HA-00299,Non-private (overfit),0.7291895225779821
HA-00300,Non-private (overfit),0.1262691372316982
HA-00302,Non-private (overfit),-0.35266196589020593
HA-00303,Non-private (overfit),-5.822250982397419
HA-00304,Non-private (overfit),0.05973992761421032
HA-00305,Non-private (overfit),0.09070950702336233
HA-00306,Non-private (overfit),-0.09223512251084309
HA-00307,Non-private (overfit),-0.2811623906274361
HA-00308,Non-private (overfit),-0.11608041931400015
HA-00309,Non-private (overfit),-0.11379330641922847
HA-00310,Non-private (overfit),-0.37692278032854976
HA-00312,Non-private (overfit),-0.1500372255654191
HA-00313,Non-private (overfit),0.16811097066386782
HA-00314,Non-private (overfit),0.5075281488673594
HA-00315,Non-private (overfit),-0.7184884512269113
HA-00316,Non-private (overfit),0.0832244652380143
HA-00317,Non-private (overfit),-0.4782582903102558
HA-00318,Non-private (overfit),-0.29352719469894084
HA-00319,Non-private (overfit),0.4431765057760121
HA-00320,Non-private (overfit),0.35520738291332354
HA-00321,Non-private (overfit),0.1581780800821253
HA-00322,Non-private (overfit),-0.0016363380403570105
HA-00323,Non-private (overfit),-0.15052361921663016
HA-00324,Non-private (overfit),0.20314811195437354
HA-00325,Non-private (overfit),-0.13529967427128065
HA-00326,Non-private (overfit),-3.705154017052081
HA-00327,Non-private (overfit),-0.5241280922277669
HA-00329,Non-private (overfit),0.14875191453098724
HA-00330,Non-private (overfit),-0.12856440358175503
HA-00332,Non-private (overfit),-0.19083960330029037
HA-00333,Non-private (overfit),-0.12067234421016515
HA-00335,Non-private (overfit),0.07957905283397126
HA-00336,Non-private (overfit),0.44613753427138336
HA-00337,Non-private (overfit),0.16265848676234773
HA-00338,Non-private (overfit),-1.5554993974748292
HA-00339,Non-private (overfit),1.2614149289451013
HA-00340,Non-private (overfit),-0.18376314222685441
HA-00341,Non-private (overfit),0.24590906722858508
HA-00342,Non-private (overfit),0.5785049511708831
HA-00343,Non-private (overfit),-0.10821043153525722
HA-00344,Non-private (overfit),-0.14903554619418657
HA-00345,Non-private (overfit),0.06353615327142736
HA-00346,Non-private (overfit),-0.41865620221980837
HA-00347,Non-private (overfit),0.06667476553050933
HA-00348,Non-private (overfit),-1.4327492665674997
HA-00349,Non-private (overfit),-0.05418813013964141
HA-00350,Non-private (overfit),-0.8569229896398587
HA-00351,Non-private (overfit),-1.729592251998448
HA-00352,Non-private (overfit),0.30302372160905033
HA-00353,Non-private (overfit),0.4245089701111566
HA-00354,Non-private (overfit),0.2920655771671581
HA-00356,Non-private (overfit),-0.16626452540528458
HA-00357,Non-private (overfit),-0.16974684616970892
HA-00358,Non-private (overfit),-0.10934369027629054
HA-00359,Non-private (overfit),0.5744111951039912
HA-00360,Non-private (overfit),0.45499402142823697
HA-00361,Non-private (overfit),-0.087431341548738
HA-00362,Non-private (overfit),-0.04296240057276868
HA-00363,Non-private (overfit),0.22093612597906542
HA-00364,Non-private (overfit),0.18239660480429887
HA-00366,Non-private (overfit),0.40097212201568744
HA-00367,Non-private (overfit),0.20190682490526868
HA-00368,Non-private (overfit),0.011199249730937222
HA-00369,Non-private (overfit),1.0351329271845042
HA-00370,Non-private (overfit),-2.7521322131435517
HA-00371,Non-private (overfit),-0.3230679145183082
HA-00372,Non-private (overfit),0.15468026630340115
HA-00373,Non-private (overfit),-0.3147505018114327
HA-00374,Non-private (overfit),-0.7266049156758516
HA-00375,Non-private (overfit),-0.45704410214819546
HA-00376,Non-private (overfit),-1.2426248590540907
HA-00378,Non-private (overfit),0.8859018948345685
HA-00379,Non-private (overfit),-0.39324965979668947
HA-00380,Non-private (overfit),-0.2745041757897657
HA-00381,Non-private (overfit),0.17889194856080337
HA-00382,Non-private (overfit),-0.49667491887522464
HA-00383,Non-private (overfit),-3.192656992308824
HA-00384,Non-private (overfit),0.047823600047403936
HA-00385,Non-private (overfit),-0.36520066536699725
HA-00386,Non-private (overfit),-0.05627419284101154
HA-00388,Non-private (overfit),-0.8555627598522033
HA-00389,Non-private (overfit),-0.23822516865552235
HA-00390,Non-private (overfit),0.12475988313088071
HA-00391,Non-private (overfit),0.4485695791346158
HA-00392,Non-private (overfit),-0.2826249389301163
HA-00393,Non-private (overfit),-0.26553611362521523
HA-00394,Non-private (overfit),-0.25991870165694064
HA-00395,Non-private (overfit),0.1021376434394975
HA-00396,Non-private (overfit),0.544508215911236
HA-00397,Non-private (overfit),1.7351856982067497
HA-00398,Non-private (overfit),0.5907156024523574
HA-00399,Non-private (overfit),-0.009711856296906518
HA-00400,Non-private (overfit),-0.09523478730421209
HA-00401,Non-private (overfit),0.7831260044749175
HA-00402,Non-private (overfit),-0.5486124890125943
HA-00403,Non-private (overfit),-0.09664037678280368
HA-00404,Non-private (overfit),-0.2364687102510601
HA-00405,Non-private (overfit),-0.7311020598690652
HA-00406,Non-private (overfit),-0.17172768550017836
HA-00407,Non-private (overfit),-0.0850622543392241
HA-00408,Non-private (overfit),0.6650660605847334
HA-00409,Non-private (overfit),-0.20973479316752286
HA-00410,Non-private (overfit),0.015802089209796977
HA-00411,Non-private (overfit),0.17892118518117872
HA-00412,Non-private (overfit),-0.8367170138132978
HA-00413,Non-private (overfit),-0.4948297153555514
HA-00414,Non-private (overfit),-0.48649401704581186
HA-00415,Non-private (overfit),0.08371662175655115
HA-00416,Non-private (overfit),-0.023815460274102973
HA-00417,Non-private (overfit),0.14984640213994416
HA-00418,Non-private (overfit),-0.28621608103317775
HA-00419,Non-private (overfit),-0.5184196648665442
HA-00420,Non-private (overfit),0.30728890383417784
HA-00421,Non-private (overfit),-1.8166417297126372
HA-00422,Non-private (overfit),0.2662364868818048
HA-00423,Non-private (overfit),-0.3509490768674064
HA-00424,Non-private (overfit),-0.2827271411497587
HA-00425,Non-private (overfit),0.09260039032462286
HA-00426,Non-private (overfit),0.7123653556329956
HA-00427,Non-private (overfit),0.02385145374305675
HA-00428,Non-private (overfit),0.5657811360771546
HA-00429,Non-private (overfit),-0.52494590029786
HA-00430,Non-private (overfit),0.008637229465855878
HA-00431,Non-private (overfit),-4.097271696353024
HA-00432,Non-private (overfit),0.5568107474864383
HA-00433,Non-private (overfit),-0.40137004519836167
HA-00435,Non-private (overfit),-0.12292292051881804
HA-00436,Non-private (overfit),-0.02889371911113492
HA-00437,Non-private (overfit),-0.6639492045983331
HA-00438,Non-private (overfit),-0.04428236390377327
HA-00439,Non-private (overfit),-0.06428383384384917
HA-00440,Non-private (overfit),0.5817301330927706
HA-00441,Non-private (overfit),0.3141805810426933
HA-00442,Non-private (overfit),0.4593696786864765
HA-00443,Non-private (overfit),0.020724089057780226
HA-00445,Non-private (overfit),-0.28076487749089885
HA-00446,Non-private (overfit),-0.10447026828913053
HA-00447,Non-private (overfit),-0.40922854241220685
HA-00448,Non-private (overfit),-0.2735838399600736
HA-00450,Non-private (overfit),-0.2647342230605818
HA-00451,Non-private (overfit),-3.0577154457419735
HA-00452,Non-private (overfit),0.29788274771771994
HA-00454,Non-private (overfit),-0.6034316896651859
HA-00455,Non-private (overfit),-0.16577546809095844
HA-00456,Non-private (overfit),0.06117318448264997
HA-00457,Non-private (overfit),0.26366850546853837
HA-00458,Non-private (overfit),0.41071736138829684
HA-00459,Non-private (overfit),0.3763462741977188
HA-00460,Non-private (overfit),-0.019131234445572298
HA-00462,Non-private (overfit),0.7385893484152715
HA-00463,Non-private (overfit),0.07025516349061434
HA-00464,Non-private (overfit),0.24949433793381992
HA-00465,Non-private (overfit),0.02043353496431788
HA-00466,Non-private (overfit),-0.30945635261490745
HA-00467,Non-private (overfit),0.2479122590535725
HA-00468,Non-private (overfit),-0.3559899819623815
HA-00469,Non-private (overfit),0.13651027615624067
HA-00470,Non-private (overfit),-0.002214917526760951
HA-00471,Non-private (overfit),-0.6076298939666687
HA-00472,Non-private (overfit),-0.12562693570114924
HA-00473,Non-private (overfit),0.28552993758076184
HA-00474,Non-private (overfit),0.532254085045146
HA-00475,Non-private (overfit),0.5599672483544216
HA-00476,Non-private (overfit),0.11401986892607519
HA-00477,Non-private (overfit),-0.6981528020239374
HA-00478,Non-private (overfit),1.2236496589110057
HA-00479,Non-private (overfit),0.127724450097652
HA-00480,Non-private (overfit),0.9771309426101498
HA-00481,Non-private (overfit),0.12170827730446776
HA-00482,Non-private (overfit),0.6995529601321824
HA-00483,Non-private (overfit),-0.3467046779250885
HA-00484,Non-private (overfit),-4.901589866071898
HA-00485,Non-private (overfit),1.0263618200450269
HA-00486,Non-private (overfit),0.6591804303246598
HA-00487,Non-private (overfit),-0.08694631310724232
HA-00488,Non-private (overfit),-0.8932940005572163
HA-00489,Non-private (overfit),0.45840996509653653
HA-00490,Non-private (overfit),0.0028203695007400498
HA-00491,Non-private (overfit),0.08169071786067938
HA-00492,Non-private (overfit),0.5037939396629705
HA-00493,Non-private (overfit),0.6398991073023461
HA-00494,Non-private (overfit),0.0903130363067679
HA-00495,Non-private (overfit),0.609389454467585
HA-00496,Non-private (overfit),0.091828621974684
HA-00497,Non-private (overfit),-0.1738947667434816
HA-00498,Non-private (overfit),-0.023713437371192136
HA-00500,Non-private (overfit),-0.3210933776640099
HA-00501,Non-private (overfit),-0.7229454372987729
HA-00502,Non-private (overfit),0.31992936610276135
HA-00503,Non-private (overfit),-0.1144642183262401
HA-00504,Non-private (overfit),-0.006992173308771221
HA-00505,Non-private (overfit),0.1275589122870051
HA-00506,Non-private (overfit),-0.2984457814818997
HA-00507,Non-private (overfit),0.8347484447832074
HA-00508,Non-private (overfit),-0.06863808426983864
HA-00509,Non-private (overfit),0.32936664521769954
HA-00510,Non-private (overfit),-0.45507896884338583
HA-00512,Non-private (overfit),-0.35394376473206846
HA-00513,Non-private (overfit),0.7027636225271445
HA-00514,Non-private (overfit),0.7468698308298309
HA-00515,Non-private (overfit),-0.8480691814366543
HA-00516,Non-private (overfit),-0.25335204546372325
HA-00517,Non-private (overfit),0.5578112883257391
HA-00518,Non-private (overfit),1.1631368522031473
HA-00519,Non-private (overfit),0.8308839957668563
HA-00521,Non-private (overfit),-0.16499677462817885
HA-00522,Non-private (overfit),-0.2442783460243665
HA-00523,Non-private (overfit),0.513501162462128
HA-00524,Non-private (overfit),-0.48981321283692547
HA-00525,Non-private (overfit),0.1171608587111651
HA-00526,Non-private (overfit),-0.2691735172741594
HA-00527,Non-private (overfit),-0.0010058236119094843
HA-00529,Non-private (overfit),0.47561177954357214
HA-00530,Non-private (overfit),0.22926555660708092
HA-00531,Non-private (overfit),0.15706669323168354
HA-00533,Non-private (overfit),0.23652589695374893
HA-00534,Non-private (overfit),-0.3793968887598156
HA-00536,Non-private (overfit),-0.44807712688766466
HA-00537,Non-private (overfit),-1.3476193608140044
HA-00538,Non-private (overfit),0.19414837642416627
HA-00539,Non-private (overfit),-0.15700061954871902
HA-00540,Non-private (overfit),0.509641087039917
HA-00541,Non-private (overfit),-0.04652516350881264
HA-00542,Non-private (overfit),0.5592947518188223
HA-00543,Non-private (overfit),-0.6145173734177365
HA-00544,Non-private (overfit),-1.89680246935829
HA-00545,Non-private (overfit),-0.05702247467690946
HA-00546,Non-private (overfit),-0.09569657672373089
HA-00547,Non-private (overfit),-0.2171879993938357
HA-00548,Non-private (overfit),0.24641023869721512
HA-00549,Non-private (overfit),-0.0028265431269574037
HA-00550,Non-private (overfit),0.08236321561041415
HA-00551,Non-private (overfit),0.2577218624397677
HA-00552,Non-private (overfit),-0.1850391583218145
HA-00554,Non-private (overfit),-0.7521860460418313
HA-00555,Non-private (overfit),0.028671098194215094
HA-00556,Non-private (overfit),-0.477444627142551
HA-00557,Non-private (overfit),0.3612538891519934
HA-00558,Non-private (overfit),0.4014772239128468
HA-00559,Non-private (overfit),-0.30346886078640445
HA-00561,Non-private (overfit),-0.3117427607488945
HA-00562,Non-private (overfit),-0.9121526275153244
HA-00563,Non-private (overfit),0.6251187868385237
HA-00564,Non-private (overfit),-0.7675893905233311
HA-00565,Non-private (overfit),0.35347986157422406
HA-00567,Non-private (overfit),0.36690975245079205
HA-00568,Non-private (overfit),-0.02807261844006237
HA-00569,Non-private (overfit),-0.5137859071786808
HA-00570,Non-private (overfit),-1.2055821209846829
HA-00571,Non-private (overfit),-0.3894288211309962
HA-00572,Non-private (overfit),0.07519535978020331
HA-00573,Non-private (overfit),0.4433979242477748
HA-00574,Non-private (overfit),-0.3889307917745788
HA-00576,Non-private (overfit),-0.4709781450412729
HA-00578,Non-private (overfit),-0.21293778191223667
HA-00579,Non-private (overfit),0.3144989705604391
HA-00580,Non-private (overfit),-0.30349802587555175
HA-00581,Non-private (overfit),-0.17652332056945674
HA-00582,Non-private (overfit),0.05369131107795244
HA-00583,Non-private (overfit),0.11707747475337815
HA-00584,Non-private (overfit),0.2081954062310607
HA-00585,Non-private (overfit),-0.09495414240977285
HA-00586,Non-private (overfit),0.7906817040918992
HA-00587,Non-private (overfit),1.5210540676782396
HA-00588,Non-private (overfit),3.510306499491497
HA-00589,Non-private (overfit),0.07157770701129795
HA-00590,Non-private (overfit),0.26644801172106714
HA-00591,Non-private (overfit),-0.010694142290450959
HA-00592,Non-private (overfit),0.6468985510653471
HA-00593,Non-private (overfit),0.4311204864052258
HA-00594,Non-private (overfit),-0.0988741287315893
HA-00596,Non-private (overfit),-0.16039679080534164
HA-00597,Non-private (overfit),-0.016492545810490977
HA-00598,Non-private (overfit),0.4267136200690811
HA-00599,Non-private (overfit),-0.278971092317297
HA-00601,Non-private (overfit),0.05329945907122213
HA-00602,Non-private (overfit),-0.2254388141781215
HA-00603,Non-private (overfit),0.2821346017544232
HA-00604,Non-private (overfit),-0.27020263647132703
HA-00605,Non-private (overfit),-0.5044548341727941
HA-00606,Non-private (overfit),0.5488520168699795
HA-00607,Non-private (overfit),0.36555664349015543
HA-00608,Non-private (overfit),0.1261401535575264
HA-00609,Non-private (overfit),-0.0782002067492551
HA-00610,Non-private (overfit),0.915166730252982
HA-00611,Non-private (overfit),0.7331379651400223
HA-00612,Non-private (overfit),-0.21333376519692515
HA-00613,Non-private (overfit),-0.17396272035461058
HA-00614,Non-private (overfit),0.25659242317951003
HA-00615,Non-private (overfit),-0.09301830334483752
HA-00616,Non-private (overfit),0.2270971417277703
HA-00618,Non-private (overfit),-0.085847344068534
HA-00619,Non-private (overfit),0.18918273441462397
HA-00620,Non-private (overfit),-0.84142725173795
HA-00621,Non-private (overfit),-0.18406856823151974
HA-00622,Non-private (overfit),-1.5533997632021237
HA-00623,Non-private (overfit),0.0940155935419702
HA-00624,Non-private (overfit),0.7461662405441378
HA-00625,Non-private (overfit),0.1776831690939581
HA-00626,Non-private (overfit),0.008305315134889968
HA-00627,Non-private (overfit),0.07632889918606889
HA-00628,Non-private (overfit),-0.171325472857059
HA-00629,Non-private (overfit),-0.42080616534314785
HA-00630,Non-private (overfit),0.4213793452876742
HA-00631,Non-private (overfit),0.38703118930004854
HA-00632,Non-private (overfit),0.9124666181762864
HA-00633,Non-private (overfit),1.1668397438678144
HA-00634,Non-private (overfit),-0.2801778405231996
HA-00635,Non-private (overfit),1.1218405912697684
HA-00636,Non-private (overfit),-0.029657787436674576
HA-00637,Non-private (overfit),-0.25982443896796337
HA-00638,Non-private (overfit),0.8732250749562445
HA-00639,Non-private (overfit),-0.015831424973912434
HA-00640,Non-private (overfit),0.08177084263979717
HA-00641,Non-private (overfit),0.2727879123613557
HA-00642,Non-private (overfit),0.2879106094423767
HA-00643,Non-private (overfit),-0.06964524758108093
HA-00644,Non-private (overfit),0.602231865541835
HA-00645,Non-private (overfit),0.24889773047263875
HA-00646,Non-private (overfit),5.965942143285561
HA-00648,Non-private (overfit),0.2256814669241325
HA-00649,Non-private (overfit),0.727514709862839
HA-00650,Non-private (overfit),0.4172642690357855
HA-00651,Non-private (overfit),0.3290953630095075
HA-00652,Non-private (overfit),0.24654778558162194
HA-00653,Non-private (overfit),0.23248674716358575
HA-00654,Non-private (overfit),-0.4059725156139682
HA-00655,Non-private (overfit),1.5249502378807658
HA-00656,Non-private (overfit),0.6717717243648549
HA-00657,Non-private (overfit),-0.34106389682732297
HA-00658,Non-private (overfit),-0.45890626387044153
HA-00659,Non-private (overfit),-3.725022284451456
HA-00660,Non-private (overfit),0.3183908085829128
HA-00661,Non-private (overfit),0.7066756562551804
HA-00662,Non-private (overfit),0.03697267415081085
HA-00663,Non-private (overfit),-0.2708365240421018
HA-00664,Non-private (overfit),0.15486646413329552
HA-00665,Non-private (overfit),-0.1252800020925573
HA-00666,Non-private (overfit),-0.054346771849825615
HA-00667,Non-private (overfit),1.1353175327977514
HA-00668,Non-private (overfit),-0.0066407123984113525
HA-00669,Non-private (overfit),-0.0412541246766327
HA-00671,Non-private (overfit),0.94714039032436
HA-00673,Non-private (overfit),0.46064442809824047
HA-00675,Non-private (overfit),0.20282279356748667
HA-00676,Non-private (overfit),-0.07339408588265428
HA-00677,Non-private (overfit),-7.690246064268645
HA-00678,Non-private (overfit),0.4104027806959619
HA-00679,Non-private (overfit),0.18920542283080977
HA-00680,Non-private (overfit),0.1883401616330369
HA-00681,Non-private (overfit),-0.12387462139425054
HA-00682,Non-private (overfit),-0.13971706882920398
HA-00683,Non-private (overfit),-0.47807291277006003
HA-00684,Non-private (overfit),-0.39526439747506226
HA-00685,Non-private (overfit),-0.23797572745663031
HA-00687,Non-private (overfit),-22.79530777347127
HA-00688,Non-private (overfit),0.395921140772886
HA-00689,Non-private (overfit),0.4412402908398514
HA-00690,Non-private (overfit),-0.35243943234172526
HA-00691,Non-private (overfit),0.3151816311356711
HA-00692,Non-private (overfit),-0.10484618699262616
HA-00693,Non-private (overfit),0.9224490839307009
HA-00694,Non-private (overfit),0.41013311526525564
HA-00695,Non-private (overfit),-0.2440051424376104
HA-00696,Non-private (overfit),0.05459059986431303
HA-00697,Non-private (overfit),-1.4137873529548686
HA-00698,Non-private (overfit),-0.0583406581849194
HA-00699,Non-private (overfit),-0.1135056011717539
HA-00700,Non-private (overfit),0.40428344407639516
HA-00701,Non-private (overfit),0.3482315946000001
HA-00702,Non-private (overfit),-0.07516291226758409
HA-00703,Non-private (overfit),1.4131267733976978
HA-00705,Non-private (overfit),0.2363042745949333
HA-00706,Non-private (overfit),-0.1128561811305373
HA-00707,Non-private (overfit),0.47484254564489703
HA-00708,Non-private (overfit),0.08096082026061402
HA-00709,Non-private (overfit),-1.0210974437077973
HA-00711,Non-private (overfit),-0.014246451998867093
HA-00712,Non-private (overfit),-0.0529443083073603
HA-00713,Non-private (overfit),0.09920249136682369
HA-00714,Non-private (overfit),-0.08369612325837217
HA-00715,Non-private (overfit),-0.6001632862845847
HA-00716,Non-private (overfit),0.31802253183484686
HA-00717,Non-private (overfit),0.883646895143076
HA-00718,Non-private (overfit),1.4394244092324566
HA-00719,Non-private (overfit),0.0658607217893934
HA-00720,Non-private (overfit),0.020000058643760976
HA-00721,Non-private (overfit),0.5812681347296
HA-00722,Non-private (overfit),-0.18567084187683847
HA-00723,Non-private (overfit),-0.043123121208079596
HA-00724,Non-private (overfit),0.6237868679815128
HA-00725,Non-private (overfit),-0.7053014254868071
HA-00726,Non-private (overfit),1.2741513617521578
HA-00727,Non-private (overfit),0.16077016189821758
HA-00728,Non-private (overfit),-0.3586042626314545
HA-00730,Non-private (overfit),0.6553692802347214
HA-00731,Non-private (overfit),0.0745349643047265
HA-00732,Non-private (overfit),-0.14124433239753942
HA-00733,Non-private (overfit),-0.08901373548231017
HA-00734,Non-private (overfit),0.019402878099292864
HA-00736,Non-private (overfit),0.5947301973634476
HA-00737,Non-private (overfit),0.10531280993149006
HA-00738,Non-private (overfit),0.2227077775567654
HA-00739,Non-private (overfit),0.45875116925836834
HA-00740,Non-private (overfit),0.2974521758940398
HA-00742,Non-private (overfit),-1.9478804600813593
HA-00743,Non-private (overfit),0.33665360151487445
HA-00744,Non-private (overfit),-0.060996366493276666
HA-00745,Non-private (overfit),-1.1990877558216295
HA-00746,Non-private (overfit),0.49604318410867154
HA-00747,Non-private (overfit),-0.29144319326360857
HA-00748,Non-private (overfit),-3.9278465292599667
HA-00749,Non-private (overfit),0.6015684769274543
HA-00750,Non-private (overfit),0.17499310937848955
HA-00751,Non-private (overfit),-0.5301028859370285
HA-00752,Non-private (overfit),-0.4975770080728088
HA-00753,Non-private (overfit),-0.05503061033151013
HA-00754,Non-private (overfit),-21.86330356301071
HA-00755,Non-private (overfit),0.7234434385090553
HA-00756,Non-private (overfit),-0.503798610679648
HA-00757,Non-private (overfit),-0.19421263893428553
HA-00758,Non-private (overfit),-0.19175383303856308
HA-00759,Non-private (overfit),-0.10711000893367983
HA-00760,Non-private (overfit),0.057505417480314236
HA-00761,Non-private (overfit),0.005757467744089695
HA-00762,Non-private (overfit),-0.10779468585326368
HA-00763,Non-private (overfit),-0.15410512230477147
HA-00764,Non-private (overfit),0.2602091632686032
HA-00765,Non-private (overfit),0.7237212132628574
HA-00767,Non-private (overfit),0.5782547281362458
HA-00768,Non-private (overfit),0.21166093258670138
HA-00769,Non-private (overfit),0.19508475733904995
HA-00770,Non-private (overfit),0.2927854053242005
HA-00771,Non-private (overfit),0.6372874244692392
HA-00772,Non-private (overfit),0.2182585859661894
HA-00773,Non-private (overfit),-0.2526379205978597
HA-00774,Non-private (overfit),-6.036495419997122
HA-00776,Non-private (overfit),-0.05498787039467634
HA-00777,Non-private (overfit),-0.21818945027066583
HA-00778,Non-private (overfit),-0.4551320720684833
HA-00779,Non-private (overfit),-0.728711835601056
HA-00780,Non-private (overfit),0.25102351234140086
HA-00781,Non-private (overfit),1.1182508703791276
HA-00782,Non-private (overfit),0.06984913014014982
HA-00783,Non-private (overfit),0.033197291962934194
HA-00784,Non-private (overfit),-0.16599619369667606
HA-00785,Non-private (overfit),0.028039470277263057
HA-00786,Non-private (overfit),0.526103557101788
HA-00788,Non-private (overfit),0.03129614973731232
HA-00789,Non-private (overfit),-0.25271535284035807
HA-00791,Non-private (overfit),0.43498779215381855
HA-00792,Non-private (overfit),-0.8332508563743266
HA-00793,Non-private (overfit),0.5141023664005502
HA-00794,Non-private (overfit),0.4662848363546833
HA-00795,Non-private (overfit),0.7876333740121213
HA-00796,Non-private (overfit),-0.17438513158379365
HA-00797,Non-private (overfit),-6.1566817062661
HA-00798,Non-private (overfit),-0.371812853481867
HA-00799,Non-private (overfit),-0.40678133151973483
HA-00800,Non-private (overfit),-2.15437875228283
HA-00801,Non-private (overfit),0.29644518032287137
HA-00802,Non-private (overfit),0.6900555429021664
HA-00803,Non-private (overfit),0.057636443009292826
HA-00804,Non-private (overfit),-0.16700398886150403
HA-00805,Non-private (overfit),-0.19933238449293156
HA-00806,Non-private (overfit),0.038143040406619866
HA-00807,Non-private (overfit),0.35963160971908836
HA-00808,Non-private (overfit),0.09963744018177856
HA-00809,Non-private (overfit),1.075734460300333
HA-00810,Non-private (overfit),-0.06170460032527769
HA-00811,Non-private (overfit),-0.22600970143219046
HA-00812,Non-private (overfit),0.21128460280386463
HA-00813,Non-private (overfit),-0.3487137129636493
HA-00814,Non-private (overfit),1.0432931817460072
HA-00815,Non-private (overfit),0.04099427905065056
HA-00816,Non-private (overfit),0.13912024645881604
HA-00817,Non-private (overfit),-0.7038059321820058
HA-00818,Non-private (overfit),0.47935451825400865
HA-00819,Non-private (overfit),0.9338514957560511
HA-00820,Non-private (overfit),-0.10382160596438317
HA-00821,Non-private (overfit),-0.29173458556609466
HA-00822,Non-private (overfit),-3.445311573104874
HA-00823,Non-private (overfit),0.2424562052253345
HA-00824,Non-private (overfit),0.08932911035291724
HA-00825,Non-private (overfit),-0.36872717227874485
HA-00827,Non-private (overfit),0.2636455956757766
HA-00828,Non-private (overfit),-0.47110449769225116
HA-00829,Non-private (overfit),-0.12665936543590584
HA-00831,Non-private (overfit),0.14701819730984345
HA-00832,Non-private (overfit),-1.9825312360434824
HA-00833,Non-private (overfit),-0.021301667184948858
HA-00835,Non-private (overfit),-0.2619869341851795
HA-00836,Non-private (overfit),-0.13760565607483266
HA-00837,Non-private (overfit),0.6927465262820107
HA-00838,Non-private (overfit),1.0988802274631098
HA-00839,Non-private (overfit),-0.3668834736859232
HA-00840,Non-private (overfit),-0.33183709825047314
HA-00841,Non-private (overfit),0.20848236350424432
HA-00842,Non-private (overfit),-0.6808805663475148
HA-00843,Non-private (overfit),0.18976495929884507
HA-00844,Non-private (overfit),-0.2324936292457216
HA-00845,Non-private (overfit),-0.10061788818377382
HA-00847,Non-private (overfit),0.5098095388712878
HA-00848,Non-private (overfit),-3.731409963070611
HA-00849,Non-private (overfit),0.5784631308120267
HA-00850,Non-private (overfit),0.19461929197859074
HA-00851,Non-private (overfit),-0.42195291222529696
HA-00852,Non-private (overfit),-0.7471232772055192
HA-00853,Non-private (overfit),-0.30133401564544693
HA-00854,Non-private (overfit),-0.054274645848863545
HA-00855,Non-private (overfit),0.35900062161745394
HA-00856,Non-private (overfit),0.19137416465719426
HA-00857,Non-private (overfit),-0.059041425434397166
HA-00858,Non-private (overfit),-0.3922688261241549
HA-00859,Non-private (overfit),0.34609375135300935
HA-00860,Non-private (overfit),-0.021831681038306572
HA-00861,Non-private (overfit),0.4303829050802206
HA-00862,Non-private (overfit),-0.26250737411418656
HA-00863,Non-private (overfit),-0.2963280126435546
HA-00864,Non-private (overfit),-0.06722162257013298
HA-00865,Non-private (overfit),0.2708238185541454
HA-00866,Non-private (overfit),1.4562385060354082
HA-00867,Non-private (overfit),-2.975119176334717
HA-00868,Non-private (overfit),0.3193554033206194
HA-00869,Non-private (overfit),0.30280523835256434
HA-00870,Non-private (overfit),-0.24902743552186823
HA-00871,Non-private (overfit),0.09671245184997534
HA-00872,Non-private (overfit),-0.1700146525862256
HA-00873,Non-private (overfit),0.23829417872316871
HA-00874,Non-private (overfit),-0.6795201740256571
HA-00875,Non-private (overfit),0.37368408830789934
HA-00876,Non-private (overfit),-1.7609204105253382
HA-00877,Non-private (overfit),0.0970537340108042
HA-00878,Non-private (overfit),-0.5052886950446993
HA-00880,Non-private (overfit),-0.9691451655390095
HA-00881,Non-private (overfit),0.3382579098293357
HA-00882,Non-private (overfit),-0.2891781973366223
HA-00884,Non-private (overfit),0.1733216227466714
HA-00885,Non-private (overfit),-1.0708369335495433
HA-00886,Non-private (overfit),0.1769857774899466
HA-00887,Non-private (overfit),-0.021228401761839155
HA-00888,Non-private (overfit),0.4347763777846143
HA-00889,Non-private (overfit),-0.14216746406103953
HA-00890,Non-private (overfit),-0.2077912217953517
HA-00892,Non-private (overfit),-0.4618231640044973
HA-00893,Non-private (overfit),0.14512798837703622
HA-00894,Non-private (overfit),0.15050890558457097
HA-00895,Non-private (overfit),-0.5394779119999256
HA-00896,Non-private (overfit),0.37506430388245193
HA-00897,Non-private (overfit),-0.2724035535621575
HA-00898,Non-private (overfit),-0.24782833378911184
HA-00899,Non-private (overfit),-0.13149016438335348
HA-00900,Non-private (overfit),0.08889284039557799
HA-00901,Non-private (overfit),0.7287575681763748
HA-00902,Non-private (overfit),0.013998322434029098
HA-00903,Non-private (overfit),0.5225747914700554
HA-00904,Non-private (overfit),-0.2525193014500089
HA-00905,Non-private (overfit),-0.09824814943000804
HA-00906,Non-private (overfit),0.14089762366829195
HA-00907,Non-private (overfit),-0.2039970649302003
HA-00908,Non-private (overfit),-0.5625068612230342
HA-00910,Non-private (overfit),-0.572068044264803
HA-00911,Non-private (overfit),0.04093310477960688
HA-00912,Non-private (overfit),0.37459692790926047
HA-00913,Non-private (overfit),-0.004016771624790971
HA-00914,Non-private (overfit),0.35625676192048683
HA-00915,Non-private (overfit),-0.3495695421957785
HA-00916,Non-private (overfit),-0.342489454447656
HA-00917,Non-private (overfit),0.4209737719498501
HA-00918,Non-private (overfit),0.21641976412715003
HA-00919,Non-private (overfit),-0.04561094851585201
HA-00920,Non-private (overfit),0.47801646549112786
HA-00921,Non-private (overfit),-0.4016033577540876
HA-00922,Non-private (overfit),0.10702904903388766
HA-00923,Non-private (overfit),0.28486952300582813
HA-00924,Non-private (overfit),0.18217155844967547
HA-00925,Non-private (overfit),0.40292443578158355
HA-00926,Non-private (overfit),-0.692601969127969
HA-00928,Non-private (overfit),0.12256695116124083
HA-00929,Non-private (overfit),0.08976065390284371
HA-00931,Non-private (overfit),0.17471910769691856
HA-00932,Non-private (overfit),-0.07345991403436525
HA-00933,Non-private (overfit),-0.21419766566537457
HA-00935,Non-private (overfit),0.023441776861966135
HA-00936,Non-private (overfit),-0.11196839093161626
HA-00937,Non-private (overfit),0.24826233856158164
HA-00938,Non-private (overfit),-0.29157032895402835
HA-00939,Non-private (overfit),-0.08915235700845237
HA-00940,Non-private (overfit),0.1376769912287149
HA-00941,Non-private (overfit),-0.0005967288132455728
HA-00942,Non-private (overfit),0.20874284159052547
HA-00943,Non-private (overfit),0.312293254524203
HA-00944,Non-private (overfit),-0.34043798353684407
HA-00945,Non-private (overfit),0.1065834353781625
HA-00946,Non-private (overfit),0.6077597302804738
HA-00947,Non-private (overfit),0.6252383228828777
HA-00948,Non-private (overfit),1.4293642227394667
HA-00949,Non-private (overfit),-0.026826627648471657
HA-00950,Non-private (overfit),0.014678524428930473
HA-00951,Non-private (overfit),-0.274352406611722
HA-00952,Non-private (overfit),-0.45576593192696024
HA-00954,Non-private (overfit),0.2697697092377642
HA-00955,Non-private (overfit),-0.03126982090401276
HA-00956,Non-private (overfit),0.10497434577864673
HA-00957,Non-private (overfit),0.01677331768118795
HA-00958,Non-private (overfit),-5.338296291557047
HA-00959,Non-private (overfit),1.4781592581798326
HA-00960,Non-private (overfit),-0.07381818831212972
HA-00961,Non-private (overfit),-0.30726462784893505
HA-00963,Non-private (overfit),0.2575299616911153
HA-00964,Non-private (overfit),-0.07132696074791278
HA-00965,Non-private (overfit),-0.07074328022784893
HA-00966,Non-private (overfit),-0.256499685049032
HA-00967,Non-private (overfit),-0.33027089615893046
HA-00968,Non-private (overfit),-1.5977381687190677
HA-00969,Non-private (overfit),0.4735553614652679
HA-00970,Non-private (overfit),0.4763925121948742
HA-00972,Non-private (overfit),-0.12009698545107383
HA-00973,Non-private (overfit),-0.025760467365268935
HA-00974,Non-private (overfit),0.12447430578697616
HA-00975,Non-private (overfit),0.06589918090378188
HA-00977,Non-private (overfit),-0.6513635253637333
HA-00978,Non-private (overfit),0.28231755732303165
HA-00979,Non-private (overfit),0.24081284889856458
HA-00981,Non-private (overfit),0.4441207766545384
HA-00982,Non-private (overfit),0.18552050824913935
HA-00983,Non-private (overfit),0.27370531449533364
HA-00984,Non-private (overfit),0.48041422152874724
HA-00986,Non-private (overfit),0.5903433585503142
HA-00987,Non-private (overfit),0.6609287809699824
HA-00988,Non-private (overfit),0.10102078593695962
HA-00989,Non-private (overfit),-0.20001209542681275
HA-00990,Non-private (overfit),-0.4499310437020472
HA-00991,Non-private (overfit),-0.2860837184065079
HA-00992,Non-private (overfit),-0.9604588884038086
HA-00993,Non-private (overfit),-0.5681163095998332
HA-00995,Non-private (overfit),-0.1980212130834227
HA-00996,Non-private (overfit),-0.07863933905547427
HA-00998,Non-private (overfit),1.9173088977541406
HA-01000,Non-private (overfit),-0.4592519485619224
HA-01001,Non-private (overfit),0.6233541545725878
HA-01002,Non-private (overfit),0.5320397531379253
HA-01003,Non-private (overfit),0.3912586381638481
HA-01004,Non-private (overfit),0.22578837775804284
HA-01005,Non-private (overfit),0.1537454213316335
HA-01006,Non-private (overfit),-0.7540509891593168
HA-01007,Non-private (overfit),0.27698737459280665
HA-01008,Non-private (overfit),-0.7303539047714529
HA-01009,Non-private (overfit),-0.20763270793821564
HA-01010,Non-private (overfit),0.6710149636226079
HA-01011,Non-private (overfit),-0.10224364557382581
HA-01012,Non-private (overfit),0.6819240614269748
HA-01013,Non-private (overfit),0.13605581866601546
HA-01016,Non-private (overfit),0.5730386280355819
HA-01017,Non-private (overfit),-0.7734631922697799
HA-01018,Non-private (overfit),0.22805829021180268
HA-01019,Non-private (overfit),0.17538443560429706
HA-01020,Non-private (overfit),-0.3663189450733334
HA-01021,Non-private (overfit),-0.7311528674921697
HA-01022,Non-private (overfit),-0.8120363635060457
HA-01023,Non-private (overfit),-0.17841300691455642
HA-01024,Non-private (overfit),-0.24717076277342676
HA-01025,Non-private (overfit),-0.23526143336996785
HA-01027,Non-private (overfit),-0.3655196889014698
HA-01028,Non-private (overfit),-0.4414850713080629
HA-01029,Non-private (overfit),0.06587988451937288
HA-01030,Non-private (overfit),-0.5996321799017473
HA-01031,Non-private (overfit),-0.1789806471147941
HA-01032,Non-private (overfit),-1.3598562576549398
HA-01033,Non-private (overfit),0.20088488201452703
HA-01035,Non-private (overfit),0.24307608228777822
HA-01036,Non-private (overfit),0.16125480299618666
HA-01038,Non-private (overfit),-0.3639313033670464
HA-01039,Non-private (overfit),0.3260162651764775
HA-01040,Non-private (overfit),0.7890553716887356
HA-01041,Non-private (overfit),0.24759440553389167
HA-01042,Non-private (overfit),0.41802165293931537
HA-01043,Non-private (overfit),0.13611514200532837
HA-01044,Non-private (overfit),0.7290229605041584
HA-01045,Non-private (overfit),0.169819426717009
HA-01046,Non-private (overfit),0.11301697307789604
HA-01047,Non-private (overfit),0.6811224779293628
HA-01048,Non-private (overfit),0.08984703391289539
HA-01049,Non-private (overfit),0.4114509455056907
HA-01050,Non-private (overfit),0.009553098682402728
HA-01051,Non-private (overfit),0.2794249713294463
HA-01052,Non-private (overfit),0.17705588325019628
HA-01053,Non-private (overfit),0.8182672982152033
HA-01054,Non-private (overfit),0.26696985361432524
HA-01055,Non-private (overfit),0.15067065909208566
HA-01056,Non-private (overfit),-0.737103634976501
HA-01057,Non-private (overfit),0.5526456863621708
HA-01058,Non-private (overfit),0.24095951147602634
HA-01059,Non-private (overfit),0.029932318661980428
HA-01060,Non-private (overfit),0.4450978557203795
HA-01061,Non-private (overfit),1.058283500957773
HA-01062,Non-private (overfit),-0.09439128068496161
HA-01063,Non-private (overfit),0.1867353607223322
HA-01064,Non-private (overfit),-3.752360020444523
HA-01065,Non-private (overfit),-0.08161602373630661
HA-01066,Non-private (overfit),0.16698816417008322
HA-01067,Non-private (overfit),0.08157136552652378
HA-01068,Non-private (overfit),-0.12114614112086897
HA-01069,Non-private (overfit),-0.4020648684425674
HA-01070,Non-private (overfit),0.5129853813538778
HA-01071,Non-private (overfit),-0.05817816651937813
HA-01072,Non-private (overfit),0.12081345955316358
HA-01073,Non-private (overfit),-3.9424549521657735
HA-01074,Non-private (overfit),0.5252665162458476
HA-01075,Non-private (overfit),-0.17343789387467456
HA-01076,Non-private (overfit),-0.17241311557107508
HA-01077,Non-private (overfit),-0.9729804878382164
HA-01078,Non-private (overfit),-2.4657694782751864
HA-01079,Non-private (overfit),0.8769687617483382
HA-01080,Non-private (overfit),-0.9408965245262735
HA-01081,Non-private (overfit),0.6503501124913379
HA-01082,Non-private (overfit),-0.005170158420152893
HA-01083,Non-private (overfit),-0.24526025006589813
HA-01084,Non-private (overfit),-0.12352013340541235
HA-01085,Non-private (overfit),0.7632861609044681
HA-01086,Non-private (overfit),-0.35569021937390666
HA-01087,Non-private (overfit),0.0
HA-01088,Non-private (overfit),0.7825169837515533
HA-01089,Non-private (overfit),0.6156085008315528
HA-01090,Non-private (overfit),-0.7020130721833882
HA-01091,Non-private (overfit),0.7070240861713377
HA-01092,Non-private (overfit),0.4884338187681344
HA-01093,Non-private (overfit),0.353372197941222
HA-01094,Non-private (overfit),-0.38128175507997486
HA-01095,Non-private (overfit),0.5319243367335185
HA-01096,Non-private (overfit),0.39159815802304376
HA-01097,Non-private (overfit),-0.2566508756524215
HA-01098,Non-private (overfit),0.20000117145105167
HA-01099,Non-private (overfit),-0.22739187899858837
HA-01101,Non-private (overfit),0.3547619205775715
HA-01102,Non-private (overfit),0.09228892357364726
HA-01103,Non-private (overfit),0.3048106609188892
HA-01104,Non-private (overfit),-0.14209465964805457
HA-01105,Non-private (overfit),0.2049419421184191
HA-01106,Non-private (overfit),-0.8700454012412102
HA-01107,Non-private (overfit),0.1910962198064925
HA-01108,Non-private (overfit),0.20600991654709233
HA-01109,Non-private (overfit),0.549180678388197
HA-01110,Non-private (overfit),0.701109396804467
HA-01111,Non-private (overfit),0.03729749315545394
HA-01112,Non-private (overfit),0.2013574411189678
HA-01113,Non-private (overfit),0.21824543853679645
HA-01114,Non-private (overfit),0.6741362543889982
HA-01116,Non-private (overfit),-0.0635560749089461
HA-01117,Non-private (overfit),0.5888444984366235
HA-01118,Non-private (overfit),0.3280979017376814
HA-01119,Non-private (overfit),-0.15678922573522036
HA-01122,Non-private (overfit),1.4195888381707418
HA-01123,Non-private (overfit),-1.9582131316512699
HA-01124,Non-private (overfit),0.11236707630946796
HA-01125,Non-private (overfit),0.07822892783561564
HA-01126,Non-private (overfit),0.10682795418590296
HA-01127,Non-private (overfit),-0.1371573560728434
HA-01128,Non-private (overfit),-0.3135665387154687
HA-01129,Non-private (overfit),0.5820919536822807
HA-01130,Non-private (overfit),0.3877696813757989
HA-01131,Non-private (overfit),-0.3199983676950344
HA-01132,Non-private (overfit),1.4464996987562326
HA-01133,Non-private (overfit),0.4326419818745235
HA-01134,Non-private (overfit),0.3619552847353871
HA-01135,Non-private (overfit),-0.6606725592448128
HA-01136,Non-private (overfit),-0.134985553024646
HA-01137,Non-private (overfit),0.5658373045684697
HA-01138,Non-private (overfit),2.5829686429300933
HA-01139,Non-private (overfit),-1.1824799927178269
HA-01140,Non-private (overfit),0.5385183413546057
HA-01141,Non-private (overfit),0.0012912259497706025
HA-01142,Non-private (overfit),0.21727432205195218
HA-01143,Non-private (overfit),0.15002759543012534
HA-01144,Non-private (overfit),-0.08894808013572297
HA-01145,Non-private (overfit),-0.2187934951874968
HA-01146,Non-private (overfit),-0.16956405355813864
HA-01147,Non-private (overfit),-0.7580147334697813
HA-01148,Non-private (overfit),0.03315874819929032
HA-01149,Non-private (overfit),0.9307561721797581
HA-01150,Non-private (overfit),0.11160289208758489
HA-01151,Non-private (overfit),0.8939363688920414
HA-01154,Non-private (overfit),-0.16627452274098142
HA-01156,Non-private (overfit),-0.042064230087294874
HA-01157,Non-private (overfit),0.3480375375603796
HA-01158,Non-private (overfit),0.22703659189276926
HA-01159,Non-private (overfit),-0.2920638852661086
HA-01160,Non-private (overfit),0.1415014876565468
HA-01161,Non-private (overfit),-0.32574209776755714
HA-01162,Non-private (overfit),-0.32879319185019984
HA-01163,Non-private (overfit),-0.10396717922674847
HA-01164,Non-private (overfit),-0.20044940782604415
HA-01165,Non-private (overfit),-0.17155807146361624
HA-01166,Non-private (overfit),0.6450660061036582
HA-01167,Non-private (overfit),-6.098949468571147
HA-01168,Non-private (overfit),0.36126615562638664
HA-01169,Non-private (overfit),-0.0577767175919075
HA-01170,Non-private (overfit),0.025224818063531496
HA-01171,Non-private (overfit),0.655325670875484
HA-01173,Non-private (overfit),0.3713808703072492
HA-01174,Non-private (overfit),0.12092383056093281
HA-01175,Non-private (overfit),0.07075958997816878
HA-01176,Non-private (overfit),0.02327343140879723
HA-01177,Non-private (overfit),0.2440285828986597
HA-01178,Non-private (overfit),0.07543772605953669
HA-01180,Non-private (overfit),-0.3581761075206269
HA-01181,Non-private (overfit),-0.144537163792249
HA-01182,Non-private (overfit),0.03032555235964396
HA-01183,Non-private (overfit),-2.010982988568487
HA-01184,Non-private (overfit),0.7565865820271211
HA-01185,Non-private (overfit),-0.9210837192850678
HA-01186,Non-private (overfit),0.18850499020465183
HA-01187,Non-private (overfit),-0.5461179983124533
HA-01188,Non-private (overfit),-0.19866007688174725
HA-01189,Non-private (overfit),0.8419171605893623
HA-01190,Non-private (overfit),0.052479532191884504
HA-01191,Non-private (overfit),-0.4560223556511587
HA-01192,Non-private (overfit),-0.5724638315229995
HA-01193,Non-private (overfit),3.2717333714628727
HA-01194,Non-private (overfit),0.4086790103928337
HA-01195,Non-private (overfit),0.8869225989103595
HA-01196,Non-private (overfit),0.33367947460941505
HA-01198,Non-private (overfit),0.1977069799641098
HA-01199,Non-private (overfit),0.4912767938962681
HA-01200,Non-private (overfit),-0.31008099171638115
HA-01201,Non-private (overfit),-0.2110858307818404
HA-01202,Non-private (overfit),-1.4423548692901957
HA-01203,Non-private (overfit),-0.4090177657532821
HA-01204,Non-private (overfit),0.32633310036626273
HA-01205,Non-private (overfit),-0.4100766722362803
HA-01206,Non-private (overfit),-2.5164298539931904
HA-01207,Non-private (overfit),0.16426196979458418
HA-01208,Non-private (overfit),-0.447133997493095
HA-01209,Non-private (overfit),-0.2355130697598029
HA-01211,Non-private (overfit),-0.5782018563854714
HA-01212,Non-private (overfit),-9.864402701680422
HA-01213,Non-private (overfit),-0.3170792607401607
HA-01214,Non-private (overfit),0.17768703190093693
HA-01215,Non-private (overfit),0.1950018676231715
HA-01217,Non-private (overfit),0.19194263774921394
HA-01218,Non-private (overfit),0.06859237542942509
HA-01219,Non-private (overfit),0.16471689967818715
HA-01220,Non-private (overfit),-0.7392013505988193
HA-01221,Non-private (overfit),1.3277034203177058
HA-01222,Non-private (overfit),-0.13245964378211905
HA-01223,Non-private (overfit),-0.22731549590322842
HA-01224,Non-private (overfit),-0.24892986086416624
HA-01225,Non-private (overfit),0.4901322209487111
HA-01226,Non-private (overfit),0.09489439410819706
HA-01227,Non-private (overfit),-1.389797186476736
HA-01228,Non-private (overfit),0.06449511999873958
HA-01229,Non-private (overfit),0.13900748519307393
HA-01230,Non-private (overfit),-0.42930724723407976
HA-01231,Non-private (overfit),-0.26704223702659835
HA-01233,Non-private (overfit),0.3886833911871843
HA-01234,Non-private (overfit),-0.6458496801768823
HA-01235,Non-private (overfit),0.5760863428529401
HA-01236,Non-private (overfit),-7.160965761567547
HA-01237,Non-private (overfit),0.3756543716517409
HA-01239,Non-private (overfit),-0.08877312567381868
HA-01240,Non-private (overfit),0.33099548724241545
HA-01241,Non-private (overfit),-0.6617998381671173
HA-01242,Non-private (overfit),-0.3230766280312536
HA-01243,Non-private (overfit),0.01776414620541089
HA-01244,Non-private (overfit),0.28430884393651334
HA-01245,Non-private (overfit),-0.4238403097586745
HA-01246,Non-private (overfit),-0.264825638600777
HA-01247,Non-private (overfit),0.29295809822488605
HA-01248,Non-private (overfit),-0.12321808659263711
HA-01249,Non-private (overfit),0.028018322780408944
HA-01250,Non-private (overfit),-0.5307880922795039
HA-01251,Non-private (overfit),0.5631157392916584
HA-01252,Non-private (overfit),-0.2901391864759659
HA-01253,Non-private (overfit),-0.2761944803953069
HA-01255,Non-private (overfit),0.07690795868667011
HA-01256,Non-private (overfit),-0.4457977708694876
HA-01257,Non-private (overfit),-0.5664770714530702
HA-01258,Non-private (overfit),0.07355211151678298
HA-01259,Non-private (overfit),0.8795402664455212
HA-01260,Non-private (overfit),-0.04599993354589649
HA-01261,Non-private (overfit),0.36373114014427976
HA-01262,Non-private (overfit),-0.11653882824167461
HA-01263,Non-private (overfit),-1.40187832341002
HA-01264,Non-private (overfit),-0.21571232665639672
HA-01265,Non-private (overfit),0.9344503947050526
HA-01266,Non-private (overfit),0.43772752635527823
HA-01267,Non-private (overfit),-0.415069289438182
HA-01268,Non-private (overfit),1.5778959393436376
HA-01269,Non-private (overfit),-0.046229879549135156
HA-01270,Non-private (overfit),0.4328512546673764
HA-01271,Non-private (overfit),-0.010746382285954925
HA-01272,Non-private (overfit),-0.7620256716160543
HA-01273,Non-private (overfit),-0.020456560202444907
HA-01274,Non-private (overfit),0.1258965389983585
HA-01275,Non-private (overfit),0.09796039455983441
HA-01276,Non-private (overfit),-0.7083959433186751
HA-01277,Non-private (overfit),-0.07792484458659676
HA-01278,Non-private (overfit),-0.28993127796296125
HA-01279,Non-private (overfit),-0.6484275438055953
HA-01280,Non-private (overfit),0.01333606268873977
HA-01281,Non-private (overfit),-0.10149516668875558
HA-01282,Non-private (overfit),0.20571215584698144
HA-01283,Non-private (overfit),0.6510509774903785
HA-01284,Non-private (overfit),0.7987251318232635
HA-01285,Non-private (overfit),-0.175263652674591
HA-01287,Non-private (overfit),-0.3584138163207897
HA-01288,Non-private (overfit),0.42331268471873384
HA-01289,Non-private (overfit),-0.6279272655629029
HA-01290,Non-private (overfit),-0.05360649752463953
HA-01291,Non-private (overfit),-0.05969254013128844
HA-01292,Non-private (overfit),0.45829366229537305
HA-01293,Non-private (overfit),-0.28182803610493656
HA-01294,Non-private (overfit),0.024156122931371815
HA-01295,Non-private (overfit),0.017674487647657555
HA-01296,Non-private (overfit),-0.6322220808159609
HA-01298,Non-private (overfit),-0.42673757589074657
HA-01299,Non-private (overfit),0.38163469251534277
HA-01300,Non-private (overfit),-0.1837638674540718
HA-01302,Non-private (overfit),0.04547394888119172
HA-01303,Non-private (overfit),0.3640659220789142
HA-01304,Non-private (overfit),0.17680417204062726
HA-01305,Non-private (overfit),0.699203116379777
HA-01306,Non-private (overfit),0.2569126981643006
HA-01308,Non-private (overfit),0.2345524983703149
HA-01309,Non-private (overfit),-0.8196101113450367
HA-01310,Non-private (overfit),-0.10555595426817632
HA-01311,Non-private (overfit),-0.07227214616944089
HA-01312,Non-private (overfit),0.1217554458112371
HA-01313,Non-private (overfit),0.9367121076877947
HA-01315,Non-private (overfit),0.06397865872959008
HA-01316,Non-private (overfit),0.43003843289645083
HA-01317,Non-private (overfit),0.46692991621301383
HA-01319,Non-private (overfit),0.6245135312478043
HA-01320,Non-private (overfit),-2.6260406910012497
HA-01322,Non-private (overfit),0.4788432468438715
HA-01323,Non-private (overfit),-0.060923225659424096
HA-01324,Non-private (overfit),0.01173341300500419
HA-01325,Non-private (overfit),0.34545911503247373
HA-01326,Non-private (overfit),0.7125812599464987
HA-01327,Non-private (overfit),0.33375251870515277
HA-01328,Non-private (overfit),0.3517564618143998
HA-01329,Non-private (overfit),0.35479558710198833
HA-01330,Non-private (overfit),0.5102399766734566
HA-01331,Non-private (overfit),0.5990649902429606
HA-01332,Non-private (overfit),0.3339054036660971
HA-01333,Non-private (overfit),0.8090852594747662
HA-01334,Non-private (overfit),-3.416906612319237
HA-01335,Non-private (overfit),0.13962299806201084
HA-01336,Non-private (overfit),-0.1689427567763766
HA-01337,Non-private (overfit),1.0035403242086227
HA-01338,Non-private (overfit),0.21462803504262995
HA-01339,Non-private (overfit),0.12274739956311498
HA-01340,Non-private (overfit),0.28499582026669135
HA-01341,Non-private (overfit),-0.38032016873649555
HA-01342,Non-private (overfit),0.3974966952646306
HA-01343,Non-private (overfit),0.158772317769023
HA-01344,Non-private (overfit),0.43138919743992954
HA-01345,Non-private (overfit),-0.16211685900974704
HA-01346,Non-private (overfit),-3.180150469628778
HA-01347,Non-private (overfit),-7.03547734766239
HA-01348,Non-private (overfit),-0.2870606468065069
HA-01349,Non-private (overfit),0.18224627288028183
HA-01350,Non-private (overfit),0.14167069423987821
HA-01351,Non-private (overfit),0.2696985147777635
HA-01352,Non-private (overfit),-0.23717109100680211
HA-01353,Non-private (overfit),-0.05089443293084339
HA-01354,Non-private (overfit),0.13337357883816137
HA-01355,Non-private (overfit),-0.29298040056363694
HA-01356,Non-private (overfit),-0.3104361168388863
HA-01357,Non-private (overfit),-0.2984125756046845
HA-01358,Non-private (overfit),0.4773474038643193
HA-01359,Non-private (overfit),0.11985376546974369
HA-01360,Non-private (overfit),0.7487411528623289
HA-01361,Non-private (overfit),-0.2664244595845173
HA-01362,Non-private (overfit),0.4020512060342878
HA-01363,Non-private (overfit),-0.26988445522765914
HA-01364,Non-private (overfit),-0.14072544810999732
HA-01365,Non-private (overfit),0.8156440147443456
HA-01366,Non-private (overfit),0.4270195891566291
HA-01367,Non-private (overfit),-0.3564090843664194
HA-01368,Non-private (overfit),0.050695418608218246
HA-01369,Non-private (overfit),0.3512813442034446
HA-01370,Non-private (overfit),-0.27646613886208393
HA-01371,Non-private (overfit),-0.03518518347059918
HA-01372,Non-private (overfit),0.023419668342820277
HA-01373,Non-private (overfit),-0.4435764091166854
HA-01374,Non-private (overfit),-0.4832638383406387
HA-01375,Non-private (overfit),-0.22335781216207518
HA-01376,Non-private (overfit),-0.1714943558941524
HA-01377,Non-private (overfit),-0.1185987094104981
HA-01378,Non-private (overfit),-0.39658480687226705
HA-01379,Non-private (overfit),0.1382112250601324
HA-01381,Non-private (overfit),-0.3025035655660018
HA-01382,Non-private (overfit),-0.02359610462970929
HA-01383,Non-private (overfit),-5.148977083890838e-05
HA-01384,Non-private (overfit),-0.1555654360923634
HA-01385,Non-private (overfit),-0.045236144598054695
HA-01386,Non-private (overfit),-0.19794824761999497
HA-01387,Non-private (overfit),-0.08800043156049175
HA-01388,Non-private (overfit),0.06056512545756987
HA-01390,Non-private (overfit),-0.19789108636810038
HA-01391,Non-private (overfit),-0.06003994491554443
HA-01393,Non-private (overfit),0.5443593829484406
HA-01394,Non-private (overfit),0.20707661952043566
HA-01395,Non-private (overfit),-0.4278382711071589
HA-01396,Non-private (overfit),0.19574323118567527
HA-01397,Non-private (overfit),0.3365642510130624
HA-01398,Non-private (overfit),0.31639331429327067
HA-01400,Non-private (overfit),0.2325964949508248
HA-01401,Non-private (overfit),-3.072294020089494
HA-01402,Non-private (overfit),-0.5670192358810417
HA-01403,Non-private (overfit),-0.24305874121226856
HA-01405,Non-private (overfit),-0.6684931238418188
HA-01406,Non-private (overfit),0.20253186465417206
HA-01407,Non-private (overfit),-0.5067796812789347
HA-01408,Non-private (overfit),0.5607812235921352
HA-01409,Non-private (overfit),-0.07770885704381958
HA-01410,Non-private (overfit),0.08165312840922312
HA-01411,Non-private (overfit),-0.29561631921211884
HA-01412,Non-private (overfit),0.2771702956928448
HA-01413,Non-private (overfit),0.10161916986299557
HA-01414,Non-private (overfit),-0.028481143799265585
HA-01415,Non-private (overfit),-0.4153311039144043
HA-01416,Non-private (overfit),-0.20014387030970981
HA-01417,Non-private (overfit),0.05713851143134563
HA-01418,Non-private (overfit),-0.5652429845331111
HA-01420,Non-private (overfit),-0.11603062755825033
HA-01421,Non-private (overfit),0.6169868470690575
HA-01422,Non-private (overfit),-0.04510739313178891
HA-01423,Non-private (overfit),0.09347305615411661
HA-01425,Non-private (overfit),0.08794974105616049
HA-01426,Non-private (overfit),2.1578061958266432
HA-01427,Non-private (overfit),0.7948682407582082
HA-01428,Non-private (overfit),-0.29813157309611826
HA-01429,Non-private (overfit),0.7122191622046867
HA-01430,Non-private (overfit),-0.3987623704450334
HA-01431,Non-private (overfit),-0.4938314953428213
HA-01432,Non-private (overfit),0.09351915039434666
HA-01433,Non-private (overfit),0.19249705683347607
HA-01434,Non-private (overfit),-2.4995413646130755
HA-01435,Non-private (overfit),1.4179917832411038
HA-01437,Non-private (overfit),0.1289673499622166
HA-01438,Non-private (overfit),0.19580761391575008
HA-01439,Non-private (overfit),-0.24098043793296076
HA-01440,Non-private (overfit),0.47835513016726905
HA-01441,Non-private (overfit),0.8679183594634095
HA-01442,Non-private (overfit),0.6115921189449428
HA-01443,Non-private (overfit),0.25417050527504514
HA-01444,Non-private (overfit),-0.27996190509686036
HA-01445,Non-private (overfit),0.2350701904011694
HA-01447,Non-private (overfit),-0.03245347877525928
HA-01449,Non-private (overfit),-0.2326196512169163
HA-01451,Non-private (overfit),-0.057804165921377715
HA-01452,Non-private (overfit),0.2640012786542776
HA-01453,Non-private (overfit),0.10423102101512383
HA-01456,Non-private (overfit),-0.4676983177537646
HA-01458,Non-private (overfit),-0.4196742922527499
HA-01459,Non-private (overfit),0.041080392875293525
HA-01460,Non-private (overfit),0.08674718128563219
HA-01461,Non-private (overfit),0.009514847281106853
HA-01462,Non-private (overfit),0.2715285814100903
HA-01463,Non-private (overfit),0.13086197832195823
HA-01464,Non-private (overfit),0.039628815325807754
HA-01465,Non-private (overfit),0.11409060105012236
HA-01467,Non-private (overfit),-0.2340577946946505
HA-01468,Non-private (overfit),0.9280255284357466
HA-01469,Non-private (overfit),0.28188971960428955
HA-01470,Non-private (overfit),-0.17285550963644813
HA-01471,Non-private (overfit),-0.24259925067857913
HA-01472,Non-private (overfit),-0.7445406579223732
HA-01473,Non-private (overfit),-0.46543181487527097
HA-01475,Non-private (overfit),0.5125835833709516
HA-01476,Non-private (overfit),-0.37273014726246845
HA-01477,Non-private (overfit),0.07762096521779727
HA-01478,Non-private (overfit),-0.9091927706628473
HA-01479,Non-private (overfit),-0.11387898460216261
HA-01480,Non-private (overfit),0.19315700365912858
HA-01481,Non-private (overfit),-0.8670882657227863
HA-01484,Non-private (overfit),0.27860620816354653
HA-01485,Non-private (overfit),-0.11679539737479971
HA-01486,Non-private (overfit),0.8271706549711246
HA-01487,Non-private (overfit),0.6673666382190591
HA-01488,Non-private (overfit),-4.061274891854886
HA-01489,Non-private (overfit),0.6601648356681948
HA-01490,Non-private (overfit),-0.501758515083123
HA-01491,Non-private (overfit),0.21501812611595839
HA-01492,Non-private (overfit),-0.28449879013894863
HA-01493,Non-private (overfit),-0.029519856976199188
HA-01494,Non-private (overfit),-0.4829575967176045
HA-01495,Non-private (overfit),0.13970554634111787
HA-01496,Non-private (overfit),-1.2532389206494763
HA-01498,Non-private (overfit),0.7194234828996882
HA-01499,Non-private (overfit),-0.12109261582219222
HA-01500,Non-private (overfit),-0.16626785144483414
HA-01501,Non-private (overfit),0.3455366791275005
HA-01502,Non-private (overfit),0.5552273510916932
HA-01503,Non-private (overfit),-4.552462865653576
HA-01504,Non-private (overfit),-0.759154530419965
HA-01505,Non-private (overfit),0.11259691987544018
HA-01506,Non-private (overfit),-0.44949869072004645
HA-01507,Non-private (overfit),0.3977327143154372
HA-01508,Non-private (overfit),-1.1549013525879472
HA-01509,Non-private (overfit),0.2852686370863854
HA-01510,Non-private (overfit),-0.5929373593560368
HA-01511,Non-private (overfit),-0.32108134420037593
HA-01512,Non-private (overfit),0.29438450966229346
HA-01513,Non-private (overfit),0.2481829207013364
HA-01514,Non-private (overfit),0.33936357025980124
HA-01515,Non-private (overfit),0.05700037377017986
HA-01516,Non-private (overfit),0.0536426588116895
HA-01517,Non-private (overfit),-0.05824515497597149
HA-01518,Non-private (overfit),-0.22450927055096437
HA-01519,Non-private (overfit),-0.027580720985992624
HA-01520,Non-private (overfit),0.3878544732628535
HA-01521,Non-private (overfit),0.008370718416031098
HA-01522,Non-private (overfit),-0.4171287378276358
HA-01523,Non-private (overfit),-0.22898419784711865
HA-01524,Non-private (overfit),0.6602650926380709
HA-01525,Non-private (overfit),-0.048795361599233145
HA-01526,Non-private (overfit),-0.2045907698324867
HA-01528,Non-private (overfit),-0.4541149790793084
HA-01529,Non-private (overfit),-0.026502558933516163
HA-01531,Non-private (overfit),-0.41608781176638376
HA-01532,Non-private (overfit),-0.000573297336605938
HA-01533,Non-private (overfit),-0.3757350029435238
HA-01534,Non-private (overfit),-0.35426080573133545
HA-01535,Non-private (overfit),0.5404592671980668
HA-01536,Non-private (overfit),-0.886234024195795
HA-01537,Non-private (overfit),0.6965668890490482
HA-01538,Non-private (overfit),-0.3875329391759925
HA-01539,Non-private (overfit),-0.9812039009262454
HA-01540,Non-private (overfit),-1.4335749048929327
HA-01541,Non-private (overfit),0.45011724252792407
HA-01542,Non-private (overfit),-0.2379050324116514
HA-01543,Non-private (overfit),-0.2775975547782952
HA-01544,Non-private (overfit),0.22029242653318182
HA-01545,Non-private (overfit),0.19750128834045277
HA-01546,Non-private (overfit),0.15707565594783912
HA-01547,Non-private (overfit),-0.019647103276256628
HA-01548,Non-private (overfit),-0.6625665491479555
HA-01551,Non-private (overfit),-0.0006068242056735951
HA-01552,Non-private (overfit),0.12268810293716248
HA-01553,Non-private (overfit),-0.47855921864292084
HA-01555,Non-private (overfit),-0.07760757905366322
HA-01556,Non-private (overfit),-0.27157123725585075
HA-01557,Non-private (overfit),-0.1695405041842506
HA-01558,Non-private (overfit),0.4289455198875387
HA-01559,Non-private (overfit),0.16934774924326113
HA-01560,Non-private (overfit),0.1281115984464023
HA-01561,Non-private (overfit),-0.5900922367630846
HA-01562,Non-private (overfit),-0.4240846955290115
HA-01563,Non-private (overfit),-0.29779444728738924
HA-01564,Non-private (overfit),-0.3117010281595818
HA-01565,Non-private (overfit),0.417466948988344
HA-01568,Non-private (overfit),0.10063652455905192
HA-01569,Non-private (overfit),-1.493292051221351
HA-01570,Non-private (overfit),0.3248287164190945
HA-01571,Non-private (overfit),-0.06104690367347043
HA-01572,Non-private (overfit),0.026939352021334018
HA-01573,Non-private (overfit),-0.2883044559379151
HA-01574,Non-private (overfit),-0.831429199453382
HA-01575,Non-private (overfit),1.082529317014331
HA-01576,Non-private (overfit),-0.0949599041424416
HA-01577,Non-private (overfit),0.2638763488648954
HA-01578,Non-private (overfit),0.20765287728970194
HA-01579,Non-private (overfit),0.3849191042953235
HA-01580,Non-private (overfit),-0.00026305391067649175
HA-01581,Non-private (overfit),1.1766533300526307
HA-01582,Non-private (overfit),0.09508766716863226
HA-01583,Non-private (overfit),0.5186736846742799
HA-01584,Non-private (overfit),-0.3566355152493592
HA-01585,Non-private (overfit),-0.080523135780604
HA-01586,Non-private (overfit),0.02584298814311592
HA-01587,Non-private (overfit),0.7223302454496
HA-01589,Non-private (overfit),-0.10468525579311305
HA-01590,Non-private (overfit),-0.26200341583263986
HA-01591,Non-private (overfit),-0.10619915420854409
HA-01592,Non-private (overfit),0.026623402241308325
HA-01593,Non-private (overfit),-0.06970808429672237
HA-01594,Non-private (overfit),0.20521465698330876
HA-01595,Non-private (overfit),1.1615367669733465
HA-01596,Non-private (overfit),-0.06616696700851099
HA-01597,Non-private (overfit),-0.048501554377452516
HA-01598,Non-private (overfit),-0.0324665289365047
HA-01599,Non-private (overfit),0.16976539694751036
HA-01600,Non-private (overfit),-0.12370363949180585
HA-01601,Non-private (overfit),-0.17363840093704797
HA-01602,Non-private (overfit),0.9345726279480786
HA-01603,Non-private (overfit),-0.09673197870279471
HA-01604,Non-private (overfit),-8.829955030848659
HA-01605,Non-private (overfit),-0.3875559481553602
HA-01607,Non-private (overfit),0.16289969799779935
HA-01609,Non-private (overfit),-0.383036564486433
HA-01610,Non-private (overfit),0.0989853760203312
HA-01611,Non-private (overfit),0.5843367210019295
HA-01612,Non-private (overfit),0.09392211264110717
HA-01613,Non-private (overfit),0.3665461713127587
HA-01614,Non-private (overfit),-0.23485904161579585
HA-01615,Non-private (overfit),0.15929580218382355
HA-01616,Non-private (overfit),-0.34324080970137594
HA-01617,Non-private (overfit),-1.4200252807466232
HA-01618,Non-private (overfit),-0.16419158425730784
HA-01619,Non-private (overfit),-0.2955581094755704
HA-01620,Non-private (overfit),-0.2012313454794985
HA-01621,Non-private (overfit),0.17620568017065374
HA-01623,Non-private (overfit),0.0657803104691772
HA-01624,Non-private (overfit),0.1640010995436907
HA-01625,Non-private (overfit),0.09169312949171449
HA-01626,Non-private (overfit),-0.22583130168931387
HA-01627,Non-private (overfit),-0.3591870831272512
HA-01629,Non-private (overfit),0.17226046391085048
HA-01630,Non-private (overfit),0.34850743217306634
HA-01631,Non-private (overfit),0.2673636695428534
HA-01632,Non-private (overfit),-0.7390095318795563
HA-01633,Non-private (overfit),0.6121085665245131
HA-01634,Non-private (overfit),1.0235802500586586
HA-01635,Non-private (overfit),-0.652026377058703
HA-01636,Non-private (overfit),-0.15236544487718962
HA-01637,Non-private (overfit),-0.6389293231115141
HA-01639,Non-private (overfit),-0.07842345205822587
HA-01640,Non-private (overfit),-0.3443212102371713
HA-01641,Non-private (overfit),0.03009908587659682
HA-01642,Non-private (overfit),0.07851053721413948
HA-01643,Non-private (overfit),-0.11916301546067776
HA-01644,Non-private (overfit),3.178582871354334
HA-01645,Non-private (overfit),0.5999868343723966
HA-01647,Non-private (overfit),-0.9757444981120538
HA-01648,Non-private (overfit),-0.7469814968116073
HA-01649,Non-private (overfit),0.6390221682420005
HA-01650,Non-private (overfit),0.12946927108139006
HA-01651,Non-private (overfit),0.5234283332467382
HA-01652,Non-private (overfit),0.3372775937256387
HA-01653,Non-private (overfit),0.056998115457367216
HA-01654,Non-private (overfit),-0.08915549665858324
HA-01655,Non-private (overfit),0.6776220370953345
HA-01656,Non-private (overfit),0.14394773717697773
HA-01657,Non-private (overfit),0.17970516026251127
HA-01658,Non-private (overfit),-0.2618520560194717
HA-01659,Non-private (overfit),0.2994811889104412
HA-01660,Non-private (overfit),-0.030602387082446003
HA-01661,Non-private (overfit),2.0651425433784634
HA-01662,Non-private (overfit),-0.11128443592844572
HA-01663,Non-private (overfit),-0.23806272882127977
HA-01664,Non-private (overfit),-0.9835870755902232
HA-01665,Non-private (overfit),-1.757444001236839
HA-01666,Non-private (overfit),-0.15557026478959268
HA-01667,Non-private (overfit),0.43284320794155207
HA-01668,Non-private (overfit),0.14293741540553917
HA-01671,Non-private (overfit),0.45100152813771544
HA-01673,Non-private (overfit),0.15639113099167967
HA-01674,Non-private (overfit),0.29797080665705056
HA-01675,Non-private (overfit),-0.16203201370851428
HA-01676,Non-private (overfit),-0.3432249032684176
HA-01677,Non-private (overfit),0.2625533612022968
HA-01678,Non-private (overfit),-0.3021848478837301
HA-01679,Non-private (overfit),-0.12076498934591706
HA-01680,Non-private (overfit),-0.6659909276447982
HA-01681,Non-private (overfit),0.10566642299559836
HA-01682,Non-private (overfit),0.4398952316024758
HA-01683,Non-private (overfit),0.9327381912722439
HA-01685,Non-private (overfit),0.6048203314646097
HA-01686,Non-private (overfit),0.3817566727635704
HA-01687,Non-private (overfit),-0.7876213529489724
HA-01688,Non-private (overfit),0.044383691812407644
HA-01689,Non-private (overfit),-0.8022564179385812
HA-01690,Non-private (overfit),0.5590856200541783
HA-01691,Non-private (overfit),0.009851481399453021
HA-01692,Non-private (overfit),0.20674594051856343
HA-01693,Non-private (overfit),-0.038924710952950026
HA-01694,Non-private (overfit),-0.030002048212662946
HA-01695,Non-private (overfit),0.13904738622890145
HA-01696,Non-private (overfit),-1.4150905917172278
HA-01697,Non-private (overfit),-0.2058758215765386
HA-01698,Non-private (overfit),-0.5282656676037896
HA-01699,Non-private (overfit),-1.5006569263997125
HA-01700,Non-private (overfit),0.42915222120051055
HA-01701,Non-private (overfit),0.5620835831596871
HA-01702,Non-private (overfit),-0.3384065799609117
HA-01703,Non-private (overfit),1.4090391057425053
HA-01704,Non-private (overfit),-0.04874990746068453
HA-01705,Non-private (overfit),0.4553562078036979
HA-01706,Non-private (overfit),-2.6997522565907612
HA-01707,Non-private (overfit),0.5012892277182306
HA-01708,Non-private (overfit),0.36444367347934725
HA-01709,Non-private (overfit),0.26191219326283854
HA-01710,Non-private (overfit),-0.040085595991516065
HA-01711,Non-private (overfit),0.6640249076746517
HA-01712,Non-private (overfit),0.0015379567311151199
HA-01713,Non-private (overfit),-0.04507923406654246
HA-01715,Non-private (overfit),-0.7544164016646178
HA-01716,Non-private (overfit),0.0015811228932023358
HA-01718,Non-private (overfit),-0.17646141434473983
HA-01719,Non-private (overfit),-0.1068384975313621
HA-01720,Non-private (overfit),-0.04213373158882283
HA-01721,Non-private (overfit),-0.3785654316244491
HA-01722,Non-private (overfit),-0.4509634070548696
HA-01723,Non-private (overfit),1.549632192255997
HA-01724,Non-private (overfit),0.14165913263331742
HA-01725,Non-private (overfit),0.06397219599393744
HA-01726,Non-private (overfit),1.7480099836645664
HA-01727,Non-private (overfit),0.27178689100428466
HA-01728,Non-private (overfit),-0.11061556623208091
HA-01729,Non-private (overfit),0.42504643290471145
HA-01731,Non-private (overfit),-1.9844232801595365
HA-01733,Non-private (overfit),-0.039305399387358664
HA-01734,Non-private (overfit),-0.3512499825903941
HA-01735,Non-private (overfit),0.7996617222710265
HA-01736,Non-private (overfit),0.05062036523076241
HA-01737,Non-private (overfit),0.5659224155816371
HA-01738,Non-private (overfit),-0.5487910286725082
HA-01739,Non-private (overfit),-0.3582610785535787
HA-01740,Non-private (overfit),-0.2902094115428182
HA-01741,Non-private (overfit),-0.038412309098067476
HA-01742,Non-private (overfit),-0.0007875644736881071
HA-01743,Non-private (overfit),0.3232024719872122
HA-01744,Non-private (overfit),0.4664828266010792
HA-01745,Non-private (overfit),0.3000462704725233
HA-01746,Non-private (overfit),-0.05113008993541257
HA-01747,Non-private (overfit),0.32823242775633443
HA-01748,Non-private (overfit),-0.2907407823451592
HA-01749,Non-private (overfit),-0.056915271070447915
HA-01750,Non-private (overfit),-0.043722289902588196
HA-01752,Non-private (overfit),-0.011319665856108108
HA-01753,Non-private (overfit),0.4096686934461615
HA-01754,Non-private (overfit),-0.2859698536866472
HA-01755,Non-private (overfit),0.29850531380642265
HA-01756,Non-private (overfit),0.23532041330930265
HA-01757,Non-private (overfit),-0.33584660459126814
HA-01758,Non-private (overfit),-0.9030881590429978
HA-01759,Non-private (overfit),0.2635638571351214
HA-01760,Non-private (overfit),-0.0512590676878788
HA-01762,Non-private (overfit),-0.7234708051958776
HA-01763,Non-private (overfit),0.17222938230149754
HA-01764,Non-private (overfit),-0.22631409591179397
HA-01765,Non-private (overfit),0.3049999596895885
HA-01766,Non-private (overfit),0.446812416897183
HA-01767,Non-private (overfit),0.2375528742531572
HA-01768,Non-private (overfit),-1.3299548020530993
HA-01769,Non-private (overfit),0.6920647156658777
HA-01770,Non-private (overfit),-0.7230859304274626
HA-01771,Non-private (overfit),-0.16575897226337744
HA-01772,Non-private (overfit),0.37371294370922126
HA-01773,Non-private (overfit),-0.23433728330604175
HA-01774,Non-private (overfit),1.7057305766456985
HA-01775,Non-private (overfit),0.24685823337428725
HA-01776,Non-private (overfit),0.4698877206440779
HA-01777,Non-private (overfit),0.33437645164465835
HA-01778,Non-private (overfit),0.3227178803497994
HA-01780,Non-private (overfit),-0.39507486646821754
HA-01782,Non-private (overfit),-0.17640970416345303
HA-01783,Non-private (overfit),-0.3028976939593504
HA-01784,Non-private (overfit),0.5142406342200709
HA-01785,Non-private (overfit),0.06523027516120039
HA-01786,Non-private (overfit),-1.368447566520519
HA-01787,Non-private (overfit),0.2201051856552021
HA-01788,Non-private (overfit),-0.12201914396308133
HA-01789,Non-private (overfit),-0.4070611825688307
HA-01790,Non-private (overfit),-0.4884393866292064
HA-01791,Non-private (overfit),-0.19329879600832678
HA-01793,Non-private (overfit),-0.04616258237875803
HA-01794,Non-private (overfit),-0.8877704962222692
HA-01795,Non-private (overfit),-0.15698523648862417
HA-01796,Non-private (overfit),0.15393633661221273
HA-01797,Non-private (overfit),0.2659513126668127
HA-01798,Non-private (overfit),0.1105584310950225
HA-01799,Non-private (overfit),-0.298926263217694
HA-01800,Non-private (overfit),-0.13809407935910134
HA-01801,Non-private (overfit),-0.5499821811030702
HA-01802,Non-private (overfit),0.27016276918227056
HA-01803,Non-private (overfit),0.43728351013223654
HA-01804,Non-private (overfit),-0.2481227486494122
HA-01805,Non-private (overfit),-0.22590050761394398
HA-01806,Non-private (overfit),-0.0315801413286767
HA-01807,Non-private (overfit),-2.131941137629372
HA-01808,Non-private (overfit),-0.22348466732762273
HA-01810,Non-private (overfit),0.17106509645130896
HA-01811,Non-private (overfit),0.13440390911838462
HA-01812,Non-private (overfit),-0.10303268867488713
HA-01813,Non-private (overfit),0.29378659302891186
HA-01814,Non-private (overfit),0.7641687864798845
HA-01815,Non-private (overfit),0.3805050802601613
HA-01816,Non-private (overfit),-0.601514643184409
HA-01818,Non-private (overfit),0.44398809247887194
HA-01819,Non-private (overfit),0.7610587202493078
HA-01820,Non-private (overfit),0.44604953578292217
HA-01821,Non-private (overfit),0.18823300599294002
HA-01822,Non-private (overfit),-0.11038191928664953
HA-01823,Non-private (overfit),0.10643500033332631
HA-01824,Non-private (overfit),0.35728431453456344
HA-01825,Non-private (overfit),-0.09309223936351363
HA-01826,Non-private (overfit),0.4712481044124235
HA-01827,Non-private (overfit),1.3587490228296843
HA-01828,Non-private (overfit),-0.05281773109713894
HA-01829,Non-private (overfit),-2.3115229875290964
HA-01830,Non-private (overfit),-0.005567993625359424
HA-01831,Non-private (overfit),-0.13785458965252695
HA-01832,Non-private (overfit),-0.06660887633013202
HA-01833,Non-private (overfit),0.03970995014177303
HA-01834,Non-private (overfit),-0.11896836550895751
HA-01835,Non-private (overfit),0.034805712468050753
HA-01836,Non-private (overfit),-0.14201674455163826
HA-01837,Non-private (overfit),0.39999700628571744
HA-01838,Non-private (overfit),0.6479111991980612
HA-01840,Non-private (overfit),0.1295279290809428
HA-01841,Non-private (overfit),-0.09817113394207788
HA-01842,Non-private (overfit),0.7682146900454814
HA-01844,Non-private (overfit),-0.05653520914725818
HA-01845,Non-private (overfit),0.23846052258328276
HA-01846,Non-private (overfit),-0.013095845522356653
HA-01847,Non-private (overfit),1.4946487236752546
HA-01848,Non-private (overfit),-1.0540468613875382
HA-01849,Non-private (overfit),0.5841489573618543
HA-01850,Non-private (overfit),0.3931437187319451
HA-01851,Non-private (overfit),0.552072164385042
HA-01852,Non-private (overfit),-0.7915681325886199
HA-01854,Non-private (overfit),-0.11728025868123271
HA-01855,Non-private (overfit),-0.7439578589544131
HA-01856,Non-private (overfit),-0.5115976875382682
HA-01857,Non-private (overfit),-0.5406157054791518
HA-01858,Non-private (overfit),-0.6911226680761205
HA-01859,Non-private (overfit),0.18256896774483666
HA-01860,Non-private (overfit),0.3056542399970166
HA-01861,Non-private (overfit),1.084461922422573
HA-01862,Non-private (overfit),0.12182526637794999
HA-01863,Non-private (overfit),-0.17922474951531897
HA-01864,Non-private (overfit),0.3311104780230738
HA-01865,Non-private (overfit),-0.7089266851881695
HA-01866,Non-private (overfit),-1.9798090236205281
HA-01867,Non-private (overfit),-0.15140618779917703
HA-01868,Non-private (overfit),-0.6455973389729583
HA-01869,Non-private (overfit),0.2076401163241015
HA-01870,Non-private (overfit),0.6267993100089315
HA-01871,Non-private (overfit),0.02780264863127413
HA-01872,Non-private (overfit),0.0038029689617240514
HA-01873,Non-private (overfit),0.34137545555544135
HA-01874,Non-private (overfit),0.3809521868293835
HA-01875,Non-private (overfit),0.2112095669042091
HA-01876,Non-private (overfit),-0.1677412088163941
HA-01877,Non-private (overfit),1.5979416024514446
HA-01879,Non-private (overfit),-0.2910566708972966
HA-01880,Non-private (overfit),1.240180873872193
HA-01881,Non-private (overfit),0.09990754160519016
HA-01882,Non-private (overfit),0.2522984843706779
HA-01883,Non-private (overfit),0.439733177464836
HA-01884,Non-private (overfit),0.1357039023261426
HA-01885,Non-private (overfit),-0.6259082027547385
HA-01886,Non-private (overfit),0.09514537298836956
HA-01887,Non-private (overfit),0.36431860296118335
HA-01888,Non-private (overfit),0.19553540782239653
HA-01889,Non-private (overfit),0.07567560966261189
HA-01890,Non-private (overfit),-0.5287024324271445
HA-01891,Non-private (overfit),-0.03217434195676061
HA-01892,Non-private (overfit),0.26160678576540786
HA-01893,Non-private (overfit),0.09739061131541327
HA-01894,Non-private (overfit),0.2770323859167654
HA-01896,Non-private (overfit),-0.7265493847811872
HA-01897,Non-private (overfit),-0.10719448159148426
HA-01898,Non-private (overfit),-0.0012314870490877095
HA-01899,Non-private (overfit),-0.418007516285995
HA-01900,Non-private (overfit),0.5465346766818886
HA-01901,Non-private (overfit),0.25629073293289406
HA-01902,Non-private (overfit),2.3722221101042718
HA-01903,Non-private (overfit),0.10909790902587857
HA-01904,Non-private (overfit),-0.2955395764867683
HA-01905,Non-private (overfit),0.0213600842477768
HA-01906,Non-private (overfit),-0.7899139444672876
HA-01907,Non-private (overfit),-0.2555194285319743
HA-01908,Non-private (overfit),0.32334908291470876
HA-01909,Non-private (overfit),-1.4646495451847108
HA-01910,Non-private (overfit),0.0844388355676684
HA-01911,Non-private (overfit),-2.2118012972866166
HA-01912,Non-private (overfit),-0.3190806981048656
HA-01913,Non-private (overfit),-0.15734762204401775
HA-01914,Non-private (overfit),-0.10473820417966873
HA-01915,Non-private (overfit),-3.890511202670697
HA-01916,Non-private (overfit),-0.04083764850990579
HA-01917,Non-private (overfit),0.2629476802077124
HA-01918,Non-private (overfit),-0.24522580638698077
HA-01919,Non-private (overfit),0.2562909907219295
HA-01920,Non-private (overfit),0.067321435686168
HA-01921,Non-private (overfit),-0.6309301691945679
HA-01922,Non-private (overfit),-0.3256384987459009
HA-01923,Non-private (overfit),-0.5668952741762441
HA-01924,Non-private (overfit),-0.4813432735011345
HA-01925,Non-private (overfit),0.4308728198104397
HA-01927,Non-private (overfit),0.5930826069517452
HA-01928,Non-private (overfit),0.2872389376924376
HA-01929,Non-private (overfit),0.0708449471407262
HA-01930,Non-private (overfit),-0.06324545106400947
HA-01931,Non-private (overfit),0.44229172635910996
HA-01932,Non-private (overfit),-0.19814775950657748
HA-01933,Non-private (overfit),0.006911988025718685
HA-01934,Non-private (overfit),-0.26633751577573084
HA-01935,Non-private (overfit),0.13159188268524824
HA-01936,Non-private (overfit),0.08635668056230017
HA-01940,Non-private (overfit),-0.1811168475618361
HA-01941,Non-private (overfit),-0.3791325888425341
HA-01942,Non-private (overfit),0.7016017714316582
HA-01943,Non-private (overfit),0.768021732875336
HA-01944,Non-private (overfit),-0.6632711552426667
HA-01945,Non-private (overfit),0.8728879091601087
HA-01946,Non-private (overfit),-0.5530933804019433
HA-01947,Non-private (overfit),-3.111007047172162
HA-01948,Non-private (overfit),-0.6375182877036183
HA-01949,Non-private (overfit),-0.2018533917329135
HA-01950,Non-private (overfit),-1.677794522529304
HA-01952,Non-private (overfit),-0.04208578555617781
HA-01953,Non-private (overfit),0.12076079037027498
HA-01954,Non-private (overfit),0.31757938432984445
HA-01955,Non-private (overfit),0.34809446457972726
HA-01956,Non-private (overfit),0.7008160901872764
HA-01957,Non-private (overfit),0.45915389123484296
HA-01958,Non-private (overfit),-0.13614949254253328
HA-01960,Non-private (overfit),0.00361718304498182
HA-01961,Non-private (overfit),0.5358449125039164
HA-01962,Non-private (overfit),0.19221549862269116
HA-01963,Non-private (overfit),0.3943060613889826
HA-01964,Non-private (overfit),-0.8015064036146868
HA-01965,Non-private (overfit),0.2854603776517295
HA-01966,Non-private (overfit),-0.15309790765637166
HA-01967,Non-private (overfit),-0.15215580863448275
HA-01969,Non-private (overfit),-0.09749017015618033
HA-01970,Non-private (overfit),0.25579534430678785
HA-01971,Non-private (overfit),-0.2782320457879375
HA-01972,Non-private (overfit),0.1336901237117476
HA-01973,Non-private (overfit),-0.1495765429377207
HA-01974,Non-private (overfit),-0.3297149020798621
HA-01976,Non-private (overfit),0.3247958938045714
HA-01977,Non-private (overfit),-0.05280107677070811
HA-01978,Non-private (overfit),0.4083879378846761
HA-01979,Non-private (overfit),0.08282327658654831
HA-01980,Non-private (overfit),0.19019536796910208
HA-01981,Non-private (overfit),-0.46592441308584664
HA-01982,Non-private (overfit),0.08215603937192606
HA-01983,Non-private (overfit),-0.29913966551193427
HA-01985,Non-private (overfit),0.08638776260379499
HA-01986,Non-private (overfit),0.5728428213771469
HA-01987,Non-private (overfit),0.347555081449614
HA-01988,Non-private (overfit),0.26161775863813186
HA-01989,Non-private (overfit),0.2016921618365134
HA-01990,Non-private (overfit),-0.30475849292702173
HA-01991,Non-private (overfit),0.2867460774936977
HA-01992,Non-private (overfit),-0.3769438595295902
HA-01993,Non-private (overfit),0.21523358726615616
HA-01994,Non-private (overfit),-0.9729242908431188
HA-01995,Non-private (overfit),-0.721304334187248
HA-01996,Non-private (overfit),-0.1858744926890774
HA-01997,Non-private (overfit),-4.427104701796727
HA-01998,Non-private (overfit),0.07219328253429813
HA-01999,Non-private (overfit),0.33926997521969415
HA-02000,Non-private (overfit),0.20553276559265043
HA-02001,Non-private (overfit),0.7494337523901313
HA-02002,Non-private (overfit),-0.2220925108721571
HA-02004,Non-private (overfit),0.17242856213106061
HA-02005,Non-private (overfit),-0.5958503535273723
HA-02006,Non-private (overfit),0.05068275827123658
HA-02007,Non-private (overfit),0.5984909671847298
HA-02009,Non-private (overfit),0.3952202626678951
HA-02010,Non-private (overfit),0.5074942075313602
HA-02011,Non-private (overfit),0.6260093399158302
HA-02012,Non-private (overfit),-0.4278688162168669
HA-02013,Non-private (overfit),-0.3677690694169258
HA-02014,Non-private (overfit),-0.1738460985006971
HA-02015,Non-private (overfit),0.45475296651323216
HA-02016,Non-private (overfit),0.530298621097272
HA-02017,Non-private (overfit),0.27159956731799473
HA-02018,Non-private (overfit),0.5414790031083401
HA-02019,Non-private (overfit),-0.2461504398567942
HA-02020,Non-private (overfit),0.20984204481356494
HA-02021,Non-private (overfit),-0.8348099127718847
HA-02022,Non-private (overfit),0.4150346899661228
HA-02025,Non-private (overfit),-0.261310993088415
HA-02026,Non-private (overfit),0.9634983543339775
HA-02027,Non-private (overfit),0.11037841240283197
HA-02029,Non-private (overfit),-0.004406131631254917
HA-02030,Non-private (overfit),0.031831952320779955
HA-02031,Non-private (overfit),0.20524392452928164
HA-02032,Non-private (overfit),-0.28408602595682053
HA-02033,Non-private (overfit),-0.741931208647093
HA-02034,Non-private (overfit),0.2135510878354212
HA-02035,Non-private (overfit),-1.1414936394407418
HA-02036,Non-private (overfit),-1.4964397567689147
HA-02037,Non-private (overfit),0.14740735861821808
HA-02038,Non-private (overfit),0.6475794325147746
HA-02039,Non-private (overfit),-0.006093738490753342
HA-02040,Non-private (overfit),-0.38832605253798747
HA-02041,Non-private (overfit),-0.04951181411618677
HA-02043,Non-private (overfit),-0.4730553964913673
HA-02044,Non-private (overfit),-0.15972360775414307
HA-02045,Non-private (overfit),-0.778663713442767
HA-02046,Non-private (overfit),0.42912545185550366
HA-02047,Non-private (overfit),-0.31993567430043446
HA-02048,Non-private (overfit),0.4423216280450355
HA-02049,Non-private (overfit),-0.163725187958061
HA-02050,Non-private (overfit),-0.30508803736502166
HA-02052,Non-private (overfit),-0.15692444469260947
HA-02054,Non-private (overfit),-0.34439048934267147
HA-02055,Non-private (overfit),0.1437645504339775
HA-02056,Non-private (overfit),-0.09941852449655486
HA-02057,Non-private (overfit),0.26938300008547855
HA-02058,Non-private (overfit),-0.3124179706550372
HA-02059,Non-private (overfit),-3.0686880032009336
HA-02060,Non-private (overfit),0.2031106127011908
HA-02061,Non-private (overfit),-0.49804385953510355
HA-02062,Non-private (overfit),3.5730579371456717
HA-02064,Non-private (overfit),-0.18934683314248768
HA-02065,Non-private (overfit),0.16677715322683473
HA-02066,Non-private (overfit),-0.2874891492414344
HA-02067,Non-private (overfit),0.6244229143937936
HA-02068,Non-private (overfit),0.044797139726994395
HA-02069,Non-private (overfit),0.6163168131677914
HA-02070,Non-private (overfit),-0.19664759891681016
HA-02071,Non-private (overfit),0.2518936515027017
HA-02072,Non-private (overfit),-0.0818741209010514
HA-02073,Non-private (overfit),-0.08680503638395054
HA-02074,Non-private (overfit),0.020993237101788242
HA-02076,Non-private (overfit),-0.332378757946707
HA-02077,Non-private (overfit),-0.5593304927597988
HA-02078,Non-private (overfit),0.29130438561340344
HA-02079,Non-private (overfit),0.25190880145040073
HA-02080,Non-private (overfit),-2.6540579460139075
HA-02081,Non-private (overfit),-0.374493007165261
HA-02082,Non-private (overfit),0.8989602803568723
HA-02083,Non-private (overfit),-0.36214374693624296
HA-02084,Non-private (overfit),-0.004216239668466737
HA-02085,Non-private (overfit),-0.5831773394612623
HA-02086,Non-private (overfit),0.917410891977207
HA-02087,Non-private (overfit),-0.25342826755989467
HA-02089,Non-private (overfit),-0.4675898355620278
HA-02090,Non-private (overfit),-0.2516708561761427
HA-02091,Non-private (overfit),-0.2537942897892541
HA-02093,Non-private (overfit),0.16392294625963055
HA-02094,Non-private (overfit),-0.2585559505877595
HA-02095,Non-private (overfit),1.1068469717333487
HA-02096,Non-private (overfit),0.5529143982694058
HA-02097,Non-private (overfit),-1.7519143059912894
HA-02099,Non-private (overfit),0.24064631656877844
HA-02100,Non-private (overfit),-0.7419161561042564
HA-02101,Non-private (overfit),-0.3259931899105446
HA-02103,Non-private (overfit),-0.24158607795046994
HA-02104,Non-private (overfit),-13.66803252476556
HA-02105,Non-private (overfit),0.23009148142028224
HA-02106,Non-private (overfit),-0.48692628184539277
HA-02107,Non-private (overfit),-2.3957781086917174
HA-02109,Non-private (overfit),-0.38610052278277784
HA-02110,Non-private (overfit),0.05556878582694791
HA-02111,Non-private (overfit),0.3438043926934389
HA-02112,Non-private (overfit),0.2386334367143843
HA-02113,Non-private (overfit),0.08566060776651208
HA-02114,Non-private (overfit),0.8215757199434477
HA-02115,Non-private (overfit),-0.4399233930246753
HA-02116,Non-private (overfit),0.3995492529214819
HA-02117,Non-private (overfit),-1.6294062795942734
HA-02118,Non-private (overfit),-0.7557889539859244
HA-02119,Non-private (overfit),1.1139513317208616
HA-02120,Non-private (overfit),0.08521249802705577
HA-02121,Non-private (overfit),0.4410432697432476
HA-02122,Non-private (overfit),0.0003552529278747496
HA-02123,Non-private (overfit),0.2637323197815694
HA-02124,Non-private (overfit),0.5828064174869798
HA-02126,Non-private (overfit),-0.12078386525559148
HA-02128,Non-private (overfit),-0.03315844944498769
HA-02129,Non-private (overfit),-0.26442122863478135
HA-02130,Non-private (overfit),0.03750784111927863
HA-02131,Non-private (overfit),-0.17548702689904339
HA-02132,Non-private (overfit),1.6599754889194553
HA-02134,Non-private (overfit),0.5370694554624417
HA-02135,Non-private (overfit),0.4535362140706549
HA-02137,Non-private (overfit),0.13423747937098995
HA-02139,Non-private (overfit),0.0004056314828724261
HA-02140,Non-private (overfit),-0.5951733838622282
HA-02141,Non-private (overfit),-0.0251359554780195
HA-02142,Non-private (overfit),-0.7713960843587148
HA-02143,Non-private (overfit),-0.5254185190598681
HA-02145,Non-private (overfit),-0.3177016695550672
HA-02146,Non-private (overfit),-0.79876099192865
HA-02147,Non-private (overfit),0.6279218583395731
HA-02148,Non-private (overfit),-0.5952479802429731
HA-02149,Non-private (overfit),0.18356295252531574
HA-02151,Non-private (overfit),0.5872274203556791
HA-02152,Non-private (overfit),0.25156959665478207
HA-02153,Non-private (overfit),0.3718906243679365
HA-02154,Non-private (overfit),0.28970241733183855
HA-02155,Non-private (overfit),0.02703084873628725
HA-02156,Non-private (overfit),-0.07919357866858345
HA-02157,Non-private (overfit),0.16530519764271623
HA-02158,Non-private (overfit),0.24618471216544213
HA-02159,Non-private (overfit),-0.24903867927649648
HA-02160,Non-private (overfit),-0.7090997758113181
HA-02161,Non-private (overfit),0.8950828523843799
HA-02162,Non-private (overfit),-0.09233565172640068
HA-02163,Non-private (overfit),-0.002011031441076172
HA-02164,Non-private (overfit),0.9046615367999963
HA-02165,Non-private (overfit),0.11922214743447834
HA-02166,Non-private (overfit),0.11827396047689431
HA-02167,Non-private (overfit),-0.08454094914022248
HA-02168,Non-private (overfit),-0.8551235542329678
HA-02169,Non-private (overfit),0.01295990332342134
HA-02170,Non-private (overfit),-0.1678634948795703
HA-02171,Non-private (overfit),0.2763703264203152
HA-02172,Non-private (overfit),0.48085581749869755
HA-02173,Non-private (overfit),0.038008213976835625
HA-02175,Non-private (overfit),0.637955636528662
HA-02176,Non-private (overfit),0.4600325141389452
HA-02177,Non-private (overfit),0.26265048228256893
HA-02179,Non-private (overfit),-0.08610846235062031
HA-02180,Non-private (overfit),-0.02592783905281071
HA-02181,Non-private (overfit),0.10334160816957705
HA-02182,Non-private (overfit),0.08218257642157267
HA-02183,Non-private (overfit),-1.0032444085206254
HA-02184,Non-private (overfit),0.2596426742400506
HA-02185,Non-private (overfit),0.19748894932868888
HA-02186,Non-private (overfit),0.5075787843889403
HA-02187,Non-private (overfit),-0.5903957640570272
HA-02188,Non-private (overfit),0.16035798047286698
HA-02189,Non-private (overfit),0.34815502976583346
HA-02190,Non-private (overfit),-0.008194323087577449
HA-02191,Non-private (overfit),0.6337255003551561
HA-02192,Non-private (overfit),-0.009191860012582653
HA-02193,Non-private (overfit),0.343689682301759
HA-02194,Non-private (overfit),0.17507723189472335
HA-02195,Non-private (overfit),-0.41002843174429193
HA-02196,Non-private (overfit),0.2902640804894423
HA-02197,Non-private (overfit),-0.256488189122557
HA-02199,Non-private (overfit),0.4424796392760383
HA-02200,Non-private (overfit),-0.421411223270834
HA-02201,Non-private (overfit),1.1010358957663287
HA-02202,Non-private (overfit),0.016960477778598992
HA-02203,Non-private (overfit),0.005113622643328597
HA-02204,Non-private (overfit),0.04149605563896974
HA-02205,Non-private (overfit),-0.02417974646320742
HA-02206,Non-private (overfit),0.11811138006829847
HA-02208,Non-private (overfit),-0.3675743963866185
HA-02209,Non-private (overfit),0.3559453854132202
HA-02211,Non-private (overfit),0.03720848997853832
HA-02212,Non-private (overfit),-0.17849451383135673
HA-02213,Non-private (overfit),0.07451324148707561
HA-02215,Non-private (overfit),-0.18310686302275614
HA-02216,Non-private (overfit),-0.14822073745902253
HA-02217,Non-private (overfit),-0.1201182700997494
HA-02218,Non-private (overfit),-0.07192537689517398
HA-02219,Non-private (overfit),0.3290742545480535
HA-02220,Non-private (overfit),0.24716258973089777
HA-02221,Non-private (overfit),0.09773991816148819
HA-02222,Non-private (overfit),0.09843845474079171
HA-02223,Non-private (overfit),0.9480258192831337
HA-02224,Non-private (overfit),0.2978305482158794
HA-02225,Non-private (overfit),-0.20116746167858945
HA-02226,Non-private (overfit),0.16227917883593013
HA-02228,Non-private (overfit),-0.5046930242974614
HA-02230,Non-private (overfit),-0.3559782145604484
HA-02231,Non-private (overfit),0.0646351321051819
HA-02232,Non-private (overfit),0.20243822074144657
HA-02233,Non-private (overfit),0.7123689562882969
HA-02234,Non-private (overfit),0.24545254701099384
HA-02235,Non-private (overfit),0.08093541001269688
HA-02236,Non-private (overfit),-0.7429925116919858
HA-02237,Non-private (overfit),-0.16579692403765556
HA-02238,Non-private (overfit),0.15965188313493783
HA-02239,Non-private (overfit),0.8050376869240643
HA-02240,Non-private (overfit),1.2699081283615472
HA-02241,Non-private (overfit),-0.5507359181422697
HA-02242,Non-private (overfit),-0.03117441195790427
HA-02243,Non-private (overfit),0.34961620967197926
HA-02244,Non-private (overfit),0.36856415372373663
HA-02245,Non-private (overfit),-0.13960882948934739
HA-02246,Non-private (overfit),0.1410055834398396
HA-02247,Non-private (overfit),0.5301309608544571
HA-02248,Non-private (overfit),0.5074937944657311
HA-02249,Non-private (overfit),-0.4502424279827224
HA-02250,Non-private (overfit),0.3330803606751285
HA-02251,Non-private (overfit),0.20119866126027475
HA-02252,Non-private (overfit),-1.1206785483434976
HA-02253,Non-private (overfit),0.4256566640777555
HA-02254,Non-private (overfit),0.23003785171827862
HA-02255,Non-private (overfit),0.6599607619293759
HA-02256,Non-private (overfit),-0.4147272933142392
HA-02257,Non-private (overfit),2.27570498387087
HA-02258,Non-private (overfit),-0.16597488585868758
HA-02259,Non-private (overfit),-0.1997218431060187
HA-02260,Non-private (overfit),0.7204924001639774
HA-02261,Non-private (overfit),0.04898987037499003
HA-02262,Non-private (overfit),-0.9543982935351574
HA-02263,Non-private (overfit),-0.1286024706252742
HA-02264,Non-private (overfit),0.17558651888436727
HA-02265,Non-private (overfit),-0.9753776963293512
HA-02266,Non-private (overfit),0.03900164554500796
HA-02267,Non-private (overfit),-0.08204192570685076
HA-02268,Non-private (overfit),0.30875671475029165
HA-02269,Non-private (overfit),0.9200998817277415
HA-02270,Non-private (overfit),-0.3569206553571713
HA-02271,Non-private (overfit),-0.20515580866472272
HA-02272,Non-private (overfit),0.46460846633481734
HA-02273,Non-private (overfit),0.007617236986144027
HA-02274,Non-private (overfit),0.0012612534877065595
HA-02276,Non-private (overfit),0.2657335495393307
HA-02277,Non-private (overfit),0.2528267303235501
HA-02278,Non-private (overfit),-0.22590578892657098
HA-02279,Non-private (overfit),0.18117936048008754
HA-02280,Non-private (overfit),-0.8402814586714942
HA-02281,Non-private (overfit),-0.07287054512640645
HA-02282,Non-private (overfit),0.29415989647553653
HA-02283,Non-private (overfit),-0.20031373324779522
HA-02284,Non-private (overfit),-0.29693138130318153
HA-02285,Non-private (overfit),-0.007534947550565274
HA-02286,Non-private (overfit),0.0958797962996556
HA-02287,Non-private (overfit),-0.9386299213426635
HA-02288,Non-private (overfit),-1.9165109268260085
HA-02289,Non-private (overfit),-0.6134090277949774
HA-02290,Non-private (overfit),0.39932366237545747
HA-02292,Non-private (overfit),0.5635730560076933
HA-02293,Non-private (overfit),-0.37028873574560484
HA-02294,Non-private (overfit),0.25402704790162045
HA-02295,Non-private (overfit),1.279889646056501
HA-02297,Non-private (overfit),-0.14630377847918474
HA-02298,Non-private (overfit),0.22665686733146861
HA-02299,Non-private (overfit),-0.1820034251623296
HA-02300,Non-private (overfit),0.5389527262591285
HA-02302,Non-private (overfit),-0.46619087993031605
HA-02303,Non-private (overfit),-0.31392270742563233
HA-02304,Non-private (overfit),0.6200667720887798
HA-02305,Non-private (overfit),0.30732630247776954
HA-02306,Non-private (overfit),-0.36085800703805715
HA-02307,Non-private (overfit),-0.7002834034744465
HA-02308,Non-private (overfit),-33.17046776852852
HA-02309,Non-private (overfit),-1.5046938983358755
HA-02311,Non-private (overfit),-0.11687528801777214
HA-02312,Non-private (overfit),-0.3781510742561136
HA-02313,Non-private (overfit),2.688716949482729
HA-02314,Non-private (overfit),0.019726558470051225
HA-02315,Non-private (overfit),0.32526341831348415
HA-02316,Non-private (overfit),0.47996525507795473
HA-02317,Non-private (overfit),0.005510100914794647
HA-02318,Non-private (overfit),-0.18367847403070636
HA-02320,Non-private (overfit),0.1958366447214437
HA-02321,Non-private (overfit),-0.008908938494965657
HA-02322,Non-private (overfit),0.843683269730529
HA-02323,Non-private (overfit),-5.257905172347535
HA-02324,Non-private (overfit),-0.05647259351850331
HA-02325,Non-private (overfit),-0.25398880770407883
HA-02326,Non-private (overfit),-0.15590511771205984
HA-02327,Non-private (overfit),0.35519840702947847
HA-02328,Non-private (overfit),0.10328220108417985
HA-02329,Non-private (overfit),-1.6003878647318568
HA-02330,Non-private (overfit),0.14867066797275064
HA-02331,Non-private (overfit),0.15275114580038907
HA-02332,Non-private (overfit),-0.1948027253293656
HA-02333,Non-private (overfit),0.16594123944831551
HA-02334,Non-private (overfit),0.2786983809775856
HA-02335,Non-private (overfit),-0.2125323112299733
HA-02337,Non-private (overfit),-0.6709088832143113
HA-02338,Non-private (overfit),0.21254654245383642
HA-02339,Non-private (overfit),-0.21814161189765358
HA-02340,Non-private (overfit),-0.3061596494267811
HA-02341,Non-private (overfit),-0.3974498517182673
HA-02342,Non-private (overfit),0.08229138234977262
HA-02343,Non-private (overfit),-0.2442641269459469
HA-02344,Non-private (overfit),0.008671047685236077
HA-02345,Non-private (overfit),1.1381384168052606
HA-02346,Non-private (overfit),0.05423464933798394
HA-02347,Non-private (overfit),-0.3990004188845273
HA-02348,Non-private (overfit),0.1918944934019997
HA-02349,Non-private (overfit),-0.007425248376087046
HA-02350,Non-private (overfit),0.4655655644550172
HA-02351,Non-private (overfit),0.015035953786425083
HA-02352,Non-private (overfit),0.5432858200374704
HA-02353,Non-private (overfit),0.2027882869352564
HA-02354,Non-private (overfit),-0.3476838396844426
HA-02355,Non-private (overfit),-0.18111594773485917
HA-02356,Non-private (overfit),0.7302322500670895
HA-02357,Non-private (overfit),0.7268167773027314
HA-02358,Non-private (overfit),1.7729118636235208
HA-02359,Non-private (overfit),0.22019935388198997
HA-02360,Non-private (overfit),0.9503897716816332
HA-02361,Non-private (overfit),-0.7151608306801904
HA-02363,Non-private (overfit),-0.3977944268404978
HA-02364,Non-private (overfit),-0.12595010066065027
HA-02365,Non-private (overfit),-0.2365222437211969
HA-02366,Non-private (overfit),0.035843069598423094
HA-02367,Non-private (overfit),-0.38561730872440636
HA-02368,Non-private (overfit),-0.26970908619789213
HA-02369,Non-private (overfit),-0.2542382412486477
HA-02370,Non-private (overfit),0.07756707341587665
HA-02371,Non-private (overfit),0.05646697261617373
HA-02372,Non-private (overfit),0.14173433590106876
HA-02373,Non-private (overfit),-0.023993876933714242
HA-02374,Non-private (overfit),-0.12454249419442776
HA-02375,Non-private (overfit),0.18812992807944395
HA-02376,Non-private (overfit),0.43516835219869954
HA-02377,Non-private (overfit),0.7521247118849619
HA-02380,Non-private (overfit),0.670969604512528
HA-02381,Non-private (overfit),0.3219203881702166
HA-02382,Non-private (overfit),-0.19916249369448757
HA-02383,Non-private (overfit),-0.35108542402338727
HA-02384,Non-private (overfit),0.07394838643308033
HA-02385,Non-private (overfit),0.4046780262837113
HA-02386,Non-private (overfit),-0.4948144246031013
HA-02387,Non-private (overfit),-0.8775216419724234
HA-02388,Non-private (overfit),0.05569150502275311
HA-02389,Non-private (overfit),1.0011119117401472
HA-02390,Non-private (overfit),-0.0899398047990223
HA-02391,Non-private (overfit),-0.5799181399770221
HA-02392,Non-private (overfit),-0.04057766680190422
HA-02393,Non-private (overfit),-0.2900782959431254
HA-02395,Non-private (overfit),-0.34828463682234856
HA-02396,Non-private (overfit),-0.5701631726597989
HA-02397,Non-private (overfit),-1.5549901637184136
HA-02398,Non-private (overfit),1.6570164850475169
HA-02399,Non-private (overfit),-0.8162118771971996
HA-02400,Non-private (overfit),-0.9368469489995732
HA-02401,Non-private (overfit),-1.1108443604392333
HA-02402,Non-private (overfit),-0.14006998980122587
HA-02403,Non-private (overfit),-0.16502687170469743
HA-02405,Non-private (overfit),0.5268055614887048
HA-02406,Non-private (overfit),-0.04156863971149005
HA-02407,Non-private (overfit),0.03728739252834545
HA-02408,Non-private (overfit),0.28943741416375635
HA-02409,Non-private (overfit),-0.430603869883043
HA-02410,Non-private (overfit),-1.099858554602295
HA-02411,Non-private (overfit),0.40260187089129995
HA-02412,Non-private (overfit),0.5785991559870052
HA-02413,Non-private (overfit),0.17348009660085917
HA-02414,Non-private (overfit),0.12511531626186478
HA-02415,Non-private (overfit),1.652037585769894
HA-02416,Non-private (overfit),-0.6774510063920488
HA-02417,Non-private (overfit),-0.6728281343544007
HA-02418,Non-private (overfit),-0.1642422175481375
HA-02419,Non-private (overfit),-0.25632339109514657
HA-02420,Non-private (overfit),-0.06861194348618938
HA-02421,Non-private (overfit),0.4232334695282689
HA-02422,Non-private (overfit),-0.4780076569205052
HA-02423,Non-private (overfit),0.28735710478436105
HA-02424,Non-private (overfit),0.47132273962244287
HA-02425,Non-private (overfit),-0.038285017644815955
HA-02426,Non-private (overfit),0.14193974177979174
HA-02427,Non-private (overfit),-0.4610916062284056
HA-02428,Non-private (overfit),-0.2662863802386177
HA-02429,Non-private (overfit),0.3634859184661088
HA-02430,Non-private (overfit),-0.19110942315127866
HA-02431,Non-private (overfit),-0.21380035584660417
HA-02432,Non-private (overfit),0.9992106574550452
HA-02433,Non-private (overfit),-0.06739641895662385
HA-02434,Non-private (overfit),3.877357023666488
HA-02435,Non-private (overfit),-0.2723708957587818
HA-02437,Non-private (overfit),0.20791702209957874
HA-02438,Non-private (overfit),-0.0810137401906652
HA-02439,Non-private (overfit),0.7192419829323067
HA-02440,Non-private (overfit),0.05562937959876324
HA-02441,Non-private (overfit),-0.03357221934603061
HA-02442,Non-private (overfit),-0.3203333730598281
HA-02443,Non-private (overfit),0.3285860329892327
HA-02445,Non-private (overfit),0.3939052290360743
HA-02446,Non-private (overfit),-0.9228407101711094
HA-02447,Non-private (overfit),0.33399176497259564
HA-02448,Non-private (overfit),0.29998787805351035
HA-02451,Non-private (overfit),0.5346213328664913
HA-02452,Non-private (overfit),-0.041536118423444846
HA-02453,Non-private (overfit),0.20374294898981504
HA-02454,Non-private (overfit),-0.7899694725377486
HA-02455,Non-private (overfit),-0.1557300164889912
HA-02456,Non-private (overfit),0.07680849810977364
HA-02457,Non-private (overfit),0.16652205170770573
HA-02458,Non-private (overfit),0.12156348111961246
HA-02459,Non-private (overfit),-0.11705985632522653
HA-02460,Non-private (overfit),-0.447715253642049
HA-02461,Non-private (overfit),0.24291859815540362
HA-02462,Non-private (overfit),-0.07560672476495456
HA-02464,Non-private (overfit),0.057710458945472
HA-02465,Non-private (overfit),0.2667472437526337
HA-02466,Non-private (overfit),-0.14384012530358614
HA-02467,Non-private (overfit),0.4783539362410756
HA-02468,Non-private (overfit),0.1855299425254353
HA-02469,Non-private (overfit),-0.3412735672499809
HA-02470,Non-private (overfit),0.13777964114010133
HA-02472,Non-private (overfit),0.42353289077603584
HA-02473,Non-private (overfit),-0.10023179062407794
HA-02474,Non-private (overfit),-0.03691479921602925
HA-02477,Non-private (overfit),-0.017655746082670287
HA-02478,Non-private (overfit),0.7932085301292262
HA-02480,Non-private (overfit),0.6619488894973241
HA-02482,Non-private (overfit),0.5877439020002504
HA-02483,Non-private (overfit),0.34811398399074367
HA-02484,Non-private (overfit),0.3624487571746493
HA-02485,Non-private (overfit),0.5561992756515651
HA-02487,Non-private (overfit),0.5500154142505813
HA-02488,Non-private (overfit),0.2555335343266675
HA-02489,Non-private (overfit),-0.15898971530469175
HA-02490,Non-private (overfit),0.8867365570902228
HA-02491,Non-private (overfit),0.1454495085697165
HA-02492,Non-private (overfit),-0.5879415779462361
HA-02493,Non-private (overfit),0.8314071596507051
HA-02494,Non-private (overfit),0.2867922503913318
HA-02495,Non-private (overfit),0.051834044215586905
HA-02496,Non-private (overfit),0.47221672623869604
HA-02497,Non-private (overfit),-0.1294174227009437
HA-02498,Non-private (overfit),0.2718201832213225
HA-02499,Non-private (overfit),-0.26327071418120784
HA-02500,Non-private (overfit),-3.201931763532378
HA-02501,Non-private (overfit),0.10073433080258098
HA-02502,Non-private (overfit),0.25000161932573295
HA-02504,Non-private (overfit),-0.721815326671477
HA-02506,Non-private (overfit),-0.3927760050327074
HA-02507,Non-private (overfit),0.42349341399396845
HA-02508,Non-private (overfit),-0.33059567561906356
HA-02509,Non-private (overfit),-0.4647400885629742
HA-02510,Non-private (overfit),0.7654804897090797
HA-02512,Non-private (overfit),-1.1246652045714916
HA-02513,Non-private (overfit),0.2292032983546285
HA-02514,Non-private (overfit),0.6788141038685312
HA-02515,Non-private (overfit),-0.3844700149019613
HA-02516,Non-private (overfit),0.20281057924115542
HA-02517,Non-private (overfit),-0.05972696024485602
HA-02519,Non-private (overfit),-0.2237407940459536
HA-02520,Non-private (overfit),-0.2798583145509923
HA-02521,Non-private (overfit),-0.5778053267524279
HA-02523,Non-private (overfit),0.1845713298470446
HA-02524,Non-private (overfit),-0.045507126031689715
HA-02525,Non-private (overfit),2.5846498615553406
HA-02526,Non-private (overfit),-1.137951459226681
HA-02527,Non-private (overfit),0.16385270111502837
HA-02528,Non-private (overfit),-0.24271418420485258
HA-02529,Non-private (overfit),-3.950653712552869
HA-02530,Non-private (overfit),0.3169925134305218
HA-02533,Non-private (overfit),-0.25070862129493554
HA-02534,Non-private (overfit),0.05517875051507248
HA-02536,Non-private (overfit),0.05078350653064989
HA-02537,Non-private (overfit),0.5433811536144191
HA-02538,Non-private (overfit),1.1060441416774816
HA-02539,Non-private (overfit),-0.9547581851712263
HA-02540,Non-private (overfit),-0.4406469516265208
HA-02541,Non-private (overfit),-0.6747406358989853
HA-02542,Non-private (overfit),0.3301166997203968
HA-02543,Non-private (overfit),-0.33827303439231704
HA-02544,Non-private (overfit),0.11161151053690443
HA-02545,Non-private (overfit),0.009588040777557927
HA-02546,Non-private (overfit),0.2098848892857963
HA-02547,Non-private (overfit),-0.3191777284414028
HA-02548,Non-private (overfit),0.6491622214883634
HA-02549,Non-private (overfit),-0.19135904592445852
HA-02550,Non-private (overfit),0.2357724325183529
HA-02551,Non-private (overfit),-0.4276724366398028
HA-02552,Non-private (overfit),-0.27641288525752605
HA-02554,Non-private (overfit),0.545162538510231
HA-02555,Non-private (overfit),-0.263934242349523
HA-02556,Non-private (overfit),-0.028380321018124377
HA-02557,Non-private (overfit),0.9305459739072988
HA-02558,Non-private (overfit),-1.323980200041218
HA-02559,Non-private (overfit),-0.7970327080614346
HA-02560,Non-private (overfit),0.05107355555043602
HA-02562,Non-private (overfit),0.3263618479072492
HA-02563,Non-private (overfit),1.0467831916291541
HA-02564,Non-private (overfit),-0.568630929850322
HA-02565,Non-private (overfit),-1.3149075400964496
HA-02566,Non-private (overfit),1.2368472621372928
HA-02567,Non-private (overfit),-0.0769447034348354
HA-02568,Non-private (overfit),-0.43247672597560194
HA-02569,Non-private (overfit),-0.025539005218348843
HA-02570,Non-private (overfit),0.20610906835105203
HA-02571,Non-private (overfit),0.049222489168119
HA-02572,Non-private (overfit),0.16097895368169457
HA-02573,Non-private (overfit),0.05872984894347244
HA-02574,Non-private (overfit),0.6088806580303352
HA-02575,Non-private (overfit),0.29010774596907984
HA-02576,Non-private (overfit),-0.10077004647155263
HA-02577,Non-private (overfit),-0.0996975695561606
HA-02578,Non-private (overfit),0.5753978089787624
HA-02579,Non-private (overfit),-0.22629333210317837
HA-02580,Non-private (overfit),1.4494968081648119
HA-02581,Non-private (overfit),0.3298393356960101
HA-02582,Non-private (overfit),-0.26950941660051375
HA-02583,Non-private (overfit),-0.2890846212472642
HA-02584,Non-private (overfit),0.6359251706988736
HA-02585,Non-private (overfit),0.11550498637913775
HA-02586,Non-private (overfit),-0.1273836401988162
HA-02587,Non-private (overfit),-0.31746625043745147
HA-02588,Non-private (overfit),0.2350371051171647
HA-02590,Non-private (overfit),-0.5870215795563416
HA-02591,Non-private (overfit),0.8043146195287434
HA-02592,Non-private (overfit),-1.5249736870359758
HA-02593,Non-private (overfit),-0.18319102635817597
HA-02594,Non-private (overfit),-0.1487418042640405
HA-02595,Non-private (overfit),-0.35601764044361905
HA-02596,Non-private (overfit),0.26998118710425945
HA-02598,Non-private (overfit),-0.05019720264255856
HA-02599,Non-private (overfit),-0.4336196191134798
HA-02600,Non-private (overfit),0.5005823482780227
HA-02601,Non-private (overfit),-0.9912843878972302
HA-02602,Non-private (overfit),-0.06255061012930396
HA-02603,Non-private (overfit),-0.44069269861076066
HA-02604,Non-private (overfit),-0.8214350202667935
HA-02605,Non-private (overfit),0.2125244943703135
HA-02606,Non-private (overfit),0.19618833373464617
HA-02607,Non-private (overfit),0.46809551341766675
HA-02608,Non-private (overfit),0.2419175416988002
HA-02609,Non-private (overfit),0.22358833093467134
HA-02610,Non-private (overfit),-0.19495068297554807
HA-02612,Non-private (overfit),-0.5019230675531936
HA-02614,Non-private (overfit),-2.8310820476330867
HA-02615,Non-private (overfit),-0.04234006787516975
HA-02616,Non-private (overfit),0.23371026966168396
HA-02617,Non-private (overfit),0.013209433783198055
HA-02618,Non-private (overfit),-0.6407315239983329
HA-02619,Non-private (overfit),0.08808014720640966
HA-02620,Non-private (overfit),0.3051233303359786
HA-02621,Non-private (overfit),-0.2527437280825985
HA-02622,Non-private (overfit),0.3154297014096923
HA-02623,Non-private (overfit),1.1170774018582728
HA-02624,Non-private (overfit),0.22908240039237127
HA-02625,Non-private (overfit),-0.68354229000907
HA-02626,Non-private (overfit),-0.8192941877714794
HA-02627,Non-private (overfit),0.024748587062467964
HA-02629,Non-private (overfit),-0.18526514103011293
HA-02630,Non-private (overfit),1.0743824818343752
HA-02631,Non-private (overfit),0.189404328514736
HA-02633,Non-private (overfit),0.08384281329117305
HA-02634,Non-private (overfit),0.06895382010591167
HA-02635,Non-private (overfit),0.19967684037375277
HA-02636,Non-private (overfit),-0.7960467187207523
HA-02637,Non-private (overfit),0.11210710898764387
HA-02638,Non-private (overfit),0.08733884115800583
HA-02639,Non-private (overfit),-0.5004605843156043
HA-02640,Non-private (overfit),-0.04584354437999849
HA-02641,Non-private (overfit),-0.5463073402766763
HA-02642,Non-private (overfit),0.3294009702199291
HA-02643,Non-private (overfit),-1.7445935096554606
HA-02644,Non-private (overfit),-0.255704774946504
HA-02645,Non-private (overfit),-0.1668783438895176
HA-02646,Non-private (overfit),-0.08962303759970691
HA-02648,Non-private (overfit),1.3421243800574572
HA-02650,Non-private (overfit),1.5187678085998924
HA-02651,Non-private (overfit),-0.22966002601314583
HA-02653,Non-private (overfit),-0.12827309622380068
HA-02655,Non-private (overfit),-0.558733725782341
HA-02656,Non-private (overfit),0.26169603542846476
HA-02658,Non-private (overfit),0.17820087863327538
HA-02659,Non-private (overfit),-0.033017426139509864
HA-02660,Non-private (overfit),0.45580039218349544
HA-02662,Non-private (overfit),-0.8754432256245244
HA-02663,Non-private (overfit),-0.60000541352682
HA-02664,Non-private (overfit),0.17334076474654037
HA-02665,Non-private (overfit),-0.13326873766814518
HA-02666,Non-private (overfit),-0.09193714252224883
HA-02667,Non-private (overfit),-0.020255237600606213
HA-02668,Non-private (overfit),-0.00923416412170286
HA-02669,Non-private (overfit),-0.022838672010351058
HA-02670,Non-private (overfit),-0.3551333017632814
HA-02672,Non-private (overfit),0.49881626237658905
HA-02674,Non-private (overfit),-0.21881500097713036
HA-02675,Non-private (overfit),0.1872916663762475
HA-02676,Non-private (overfit),0.3109066608612524
HA-02677,Non-private (overfit),-7.517141052884207
HA-02678,Non-private (overfit),-0.45840157068240406
HA-02680,Non-private (overfit),-0.14798591697505736
HA-02681,Non-private (overfit),0.22908600570346604
HA-02682,Non-private (overfit),0.5714168499596113
HA-02683,Non-private (overfit),-1.7351282466214935
HA-02684,Non-private (overfit),0.3758435241353808
HA-02685,Non-private (overfit),0.07510433199093769
HA-02686,Non-private (overfit),0.16314539104131032
HA-02687,Non-private (overfit),0.8261078436001774
HA-02688,Non-private (overfit),0.2071287434534298
HA-02689,Non-private (overfit),-0.03991197435801852
HA-02690,Non-private (overfit),0.19169522477979672
HA-02691,Non-private (overfit),-0.15111592254222272
HA-02692,Non-private (overfit),0.40677744749504297
HA-02693,Non-private (overfit),0.034682209186636004
HA-02694,Non-private (overfit),-0.7517988543409637
HA-02695,Non-private (overfit),0.17582188945543642
HA-02696,Non-private (overfit),0.18479744059064718
HA-02697,Non-private (overfit),-0.010303532638304524
HA-02699,Non-private (overfit),-0.43990019891499144
HA-02700,Non-private (overfit),-0.1282367739535002
HA-02701,Non-private (overfit),-0.29184253413357375
HA-02702,Non-private (overfit),0.11115938605467934
HA-02703,Non-private (overfit),0.37735470899296863
HA-02704,Non-private (overfit),0.30050368032396346
HA-02705,Non-private (overfit),0.09662000380513702
HA-02706,Non-private (overfit),0.3853183642824289
HA-02707,Non-private (overfit),-0.16575904149583576
HA-02708,Non-private (overfit),-0.6895582548095411
HA-02709,Non-private (overfit),-0.3545051486772146
HA-02710,Non-private (overfit),-0.7885765288136521
HA-02711,Non-private (overfit),-0.1119960634077215
HA-02712,Non-private (overfit),2.451289939295928
HA-02713,Non-private (overfit),0.5404658955588091
HA-02714,Non-private (overfit),0.3093621068359438
HA-02716,Non-private (overfit),0.48589011740691634
HA-02717,Non-private (overfit),-0.24597220287055888
HA-02719,Non-private (overfit),0.2236511807314363
HA-02720,Non-private (overfit),0.8845183128808203
HA-02721,Non-private (overfit),-0.8855890457601807
HA-02723,Non-private (overfit),-0.2410463709284394
HA-02724,Non-private (overfit),0.28921763234215403
HA-02725,Non-private (overfit),-0.40819392694197587
HA-02726,Non-private (overfit),-0.1448412678581712
HA-02727,Non-private (overfit),0.27792927980563853
HA-02728,Non-private (overfit),0.6213057085525189
HA-02729,Non-private (overfit),-0.04297857439876118
HA-02730,Non-private (overfit),-1.7640124417985854
HA-02731,Non-private (overfit),-0.4408020903605563
HA-02732,Non-private (overfit),0.07677982250504534
HA-02733,Non-private (overfit),0.2926696943266045
HA-02734,Non-private (overfit),-0.3454531762138042
HA-02736,Non-private (overfit),0.04058305717281141
HA-02737,Non-private (overfit),1.680224674494377
HA-02738,Non-private (overfit),-1.1420075296799674
HA-02739,Non-private (overfit),-0.49774493294170785
HA-02740,Non-private (overfit),0.41617713398185585
HA-02742,Non-private (overfit),0.6173325569985257
HA-02743,Non-private (overfit),0.6432972571539595
HA-02744,Non-private (overfit),0.10928489352052462
HA-02745,Non-private (overfit),-0.04377967888603029
HA-02746,Non-private (overfit),0.3762599268312864
HA-02747,Non-private (overfit),0.5904186472467061
HA-02748,Non-private (overfit),0.13527838731279418
HA-02750,Non-private (overfit),0.2688777340891946
HA-02751,Non-private (overfit),0.27992963633878043
HA-02753,Non-private (overfit),-0.7794714213048235
HA-02754,Non-private (overfit),-0.06308052691002564
HA-02755,Non-private (overfit),0.2690843313057607
HA-02756,Non-private (overfit),0.42819206923162345
HA-02757,Non-private (overfit),0.7296544189170788
HA-02758,Non-private (overfit),-0.18216133288941672
HA-02759,Non-private (overfit),0.05636085032385152
HA-02760,Non-private (overfit),-4.453700860060798
HA-02761,Non-private (overfit),0.5530416566900559
HA-02762,Non-private (overfit),-0.5012736204393389
HA-02763,Non-private (overfit),0.4126536187837627
HA-02764,Non-private (overfit),-0.7875839698790135
HA-02765,Non-private (overfit),1.0596008392200296
HA-02766,Non-private (overfit),-1.2298170348398185
HA-02767,Non-private (overfit),-0.12377566619357605
HA-02768,Non-private (overfit),-1.0536858808393461
HA-02769,Non-private (overfit),0.2451888816491854
HA-02770,Non-private (overfit),0.3021567509119223
HA-02772,Non-private (overfit),1.0158011369413278
HA-02773,Non-private (overfit),-0.4399829061236067
HA-02775,Non-private (overfit),-0.4779102071673942
HA-02776,Non-private (overfit),0.5714056383744568
HA-02777,Non-private (overfit),0.2000643641414157
HA-02778,Non-private (overfit),0.008737749821887908
HA-02779,Non-private (overfit),0.25115172842035016
HA-02780,Non-private (overfit),0.0781836801383875
HA-02781,Non-private (overfit),-4.812258662864948
HA-02782,Non-private (overfit),-0.16479090987519585
HA-02783,Non-private (overfit),0.7755317638228427
HA-02785,Non-private (overfit),0.2721249651347568
HA-02786,Non-private (overfit),-0.24592325414794247
HA-02787,Non-private (overfit),-0.020157495921950597
HA-02788,Non-private (overfit),-0.046961063797769764
HA-02789,Non-private (overfit),0.06329845342939744
HA-02791,Non-private (overfit),0.941426023821035
HA-02792,Non-private (overfit),0.019212140711574843
HA-02793,Non-private (overfit),0.052239950155077874
HA-02795,Non-private (overfit),-0.10872658161737359
HA-02796,Non-private (overfit),0.05766388672783984
HA-02797,Non-private (overfit),0.01555902138472709
HA-02798,Non-private (overfit),0.09423422684008265
HA-02799,Non-private (overfit),-0.18440489095283008
HA-02800,Non-private (overfit),1.0058147625048988
HA-02801,Non-private (overfit),0.14622789069196918
HA-02802,Non-private (overfit),-0.15288698593564565
HA-02803,Non-private (overfit),0.211471534450828
HA-02804,Non-private (overfit),0.10009403434075881
HA-02805,Non-private (overfit),-0.07951987091478174
HA-02806,Non-private (overfit),0.2946262640736499
HA-02807,Non-private (overfit),0.659537461703233
HA-02808,Non-private (overfit),1.271737329370052
HA-02810,Non-private (overfit),-0.11832795996536527
HA-02811,Non-private (overfit),-0.6635065064844845
HA-02812,Non-private (overfit),0.31699435650174657
HA-02814,Non-private (overfit),0.5975535655838757
HA-02816,Non-private (overfit),0.053594305595870084
HA-02817,Non-private (overfit),0.5192365173343059
HA-02818,Non-private (overfit),-1.0544287904311056
HA-02819,Non-private (overfit),-0.7866737783926412
HA-02821,Non-private (overfit),-0.044072504583154926
HA-02822,Non-private (overfit),0.4411660116067526
HA-02824,Non-private (overfit),0.15874884613899254
HA-02825,Non-private (overfit),-0.6260518216057716
HA-02826,Non-private (overfit),0.128300478896473
HA-02827,Non-private (overfit),-0.10134256072137005
HA-02828,Non-private (overfit),1.228467633418899
HA-02829,Non-private (overfit),-0.10692525076204484
HA-02830,Non-private (overfit),-0.11497343309754537
HA-02831,Non-private (overfit),0.4117333283173056
HA-02832,Non-private (overfit),-2.37354073624049
HA-02833,Non-private (overfit),0.006360622515761749
HA-02834,Non-private (overfit),0.018149339013281085
HA-02835,Non-private (overfit),-2.3934026256074077
HA-02836,Non-private (overfit),-0.8022511427617125
HA-02837,Non-private (overfit),-0.513681330164842
HA-02838,Non-private (overfit),0.08621769231881249
HA-02839,Non-private (overfit),-0.03600425110125682
HA-02840,Non-private (overfit),0.274345953948005
HA-02841,Non-private (overfit),-0.14894116143730085
HA-02842,Non-private (overfit),1.4749198285228449
HA-02845,Non-private (overfit),-0.3002354326156722
HA-02846,Non-private (overfit),-1.0864553528951526
HA-02847,Non-private (overfit),0.02917535163294005
HA-02848,Non-private (overfit),0.3101377929468976
HA-02850,Non-private (overfit),0.07081249591418182
HA-02851,Non-private (overfit),-1.103502563518992
HA-02852,Non-private (overfit),0.7674872083325186
HA-02853,Non-private (overfit),0.04945166538943302
HA-02854,Non-private (overfit),-0.7896999708343373
HA-02855,Non-private (overfit),0.46106029174263163
HA-02856,Non-private (overfit),-0.683028420822525
HA-02857,Non-private (overfit),0.04246930532155413
HA-02858,Non-private (overfit),1.2268306567523124
HA-02859,Non-private (overfit),1.9943041771533476
HA-02861,Non-private (overfit),-0.4148716942045372
HA-02862,Non-private (overfit),0.24498670788694654
HA-02863,Non-private (overfit),0.11858947400145481
HA-02865,Non-private (overfit),0.18222090577359884
HA-02866,Non-private (overfit),0.44507591638321364
HA-02868,Non-private (overfit),-0.25699128925754144
HA-02869,Non-private (overfit),-0.7258264423154184
HA-02870,Non-private (overfit),-0.8618632841277711
HA-02872,Non-private (overfit),0.7688186847854235
HA-02873,Non-private (overfit),0.5028675835985237
HA-02874,Non-private (overfit),-0.08743121633292095
HA-02875,Non-private (overfit),0.45043868056228453
HA-02876,Non-private (overfit),0.006605000646034309
HA-02877,Non-private (overfit),0.24518172809462468
HA-02879,Non-private (overfit),0.15695947635186047
HA-02880,Non-private (overfit),0.21389666609179736
HA-02881,Non-private (overfit),-1.177058514042683
HA-02883,Non-private (overfit),-0.9050290328022585
HA-02885,Non-private (overfit),-0.09799377598082248
HA-02886,Non-private (overfit),0.028778050705232205
HA-02887,Non-private (overfit),1.098958413059252
HA-02888,Non-private (overfit),-0.027720044215857942
HA-02889,Non-private (overfit),0.38793353651389184
HA-02891,Non-private (overfit),-0.22364736267601226
HA-02892,Non-private (overfit),-2.3673829152230503
HA-02893,Non-private (overfit),-0.04405718545747295
HA-02894,Non-private (overfit),0.1553447869775737
HA-02895,Non-private (overfit),0.9924051824102318
HA-02896,Non-private (overfit),-0.07582957967147541
HA-02898,Non-private (overfit),-0.4777190980519421
HA-02899,Non-private (overfit),-0.08944492708120899
HA-02900,Non-private (overfit),0.07969625148642934
HA-02902,Non-private (overfit),-0.1290250963646944
HA-02904,Non-private (overfit),-0.3402730936670034
HA-02905,Non-private (overfit),-0.008973350341384023
HA-02906,Non-private (overfit),0.03973596072534291
HA-02908,Non-private (overfit),-0.03967084594571757
HA-02910,Non-private (overfit),-0.256496493550213
HA-02911,Non-private (overfit),-0.04442362278937673
HA-02912,Non-private (overfit),-0.13082088996820573
HA-02913,Non-private (overfit),0.7276221204543432
HA-02914,Non-private (overfit),0.5005236400590314
HA-02915,Non-private (overfit),0.07544947309732342
HA-02916,Non-private (overfit),0.8998004531509451
HA-02917,Non-private (overfit),0.43146955573071466
HA-02918,Non-private (overfit),0.9002129402174253
HA-02919,Non-private (overfit),0.07080913610964923
HA-02922,Non-private (overfit),-0.2145911315748139
HA-02923,Non-private (overfit),-0.4329296003864407
HA-02924,Non-private (overfit),-0.10746004554035826
HA-02925,Non-private (overfit),-0.33848075068007977
HA-02926,Non-private (overfit),0.1659245087361303
HA-02928,Non-private (overfit),-0.495005841912981
HA-02929,Non-private (overfit),-0.09553973870080967
HA-02930,Non-private (overfit),-0.4027903390299612
HA-02933,Non-private (overfit),-0.11775783696401909
HA-02934,Non-private (overfit),0.12379467218612361
HA-02935,Non-private (overfit),-0.284900987276993
HA-02936,Non-private (overfit),-1.777807206607116
HA-02938,Non-private (overfit),0.345965719996568
HA-02940,Non-private (overfit),0.32004068518397966
HA-02941,Non-private (overfit),0.2692940923691922
HA-02942,Non-private (overfit),0.6259151165620211
HA-02943,Non-private (overfit),0.45564230077156065
HA-02944,Non-private (overfit),-0.24970396735111322
HA-02945,Non-private (overfit),0.23903091840369317
HA-02946,Non-private (overfit),0.09814596631276395
HA-02947,Non-private (overfit),0.7179529566809864
HA-02948,Non-private (overfit),0.2911758682879779
HA-02950,Non-private (overfit),-0.26912593667475093
HA-02951,Non-private (overfit),-0.17820734793896476
HA-02952,Non-private (overfit),0.09111702747439021
HA-02953,Non-private (overfit),0.3497204616274987
HA-02954,Non-private (overfit),0.4092673187297582
HA-02955,Non-private (overfit),0.23755990428306983
HA-02956,Non-private (overfit),0.18825656021935977
HA-02957,Non-private (overfit),-0.5411986133763109
HA-02958,Non-private (overfit),-0.14109227985856454
HA-02959,Non-private (overfit),0.34252766543392443
HA-02960,Non-private (overfit),-0.0994519849398352
HA-02961,Non-private (overfit),0.5239495812968222
HA-02962,Non-private (overfit),-0.11138199823809769
HA-02963,Non-private (overfit),0.43200497390051895
HA-02964,Non-private (overfit),-0.37253292196183674
HA-02965,Non-private (overfit),0.02706652553309974
HA-02966,Non-private (overfit),-0.35554514494107625
HA-02968,Non-private (overfit),-0.12031378371970702
HA-02969,Non-private (overfit),0.40647499134643117
HA-02970,Non-private (overfit),0.3233881484366874
HA-02971,Non-private (overfit),0.2757972617894713
HA-02972,Non-private (overfit),0.356593972766865
HA-02973,Non-private (overfit),-0.7302982606554962
HA-02974,Non-private (overfit),-0.008523369378581558
HA-02975,Non-private (overfit),0.6063233717659986
HA-02976,Non-private (overfit),0.3033127549297141
HA-02977,Non-private (overfit),0.8208142546857453
HA-02978,Non-private (overfit),0.5560881781347802
HA-02979,Non-private (overfit),-0.31553859296523745
HA-02980,Non-private (overfit),-0.3952758331790711
HA-02981,Non-private (overfit),-0.20924253151830063
HA-02982,Non-private (overfit),0.18176593279275544
HA-02983,Non-private (overfit),0.4709050466885758
HA-02984,Non-private (overfit),-0.45319857858695933
HA-02985,Non-private (overfit),-0.36800769461131533
HA-02986,Non-private (overfit),-0.03998746638409045
HA-02987,Non-private (overfit),-0.0005973549143492018
HA-02988,Non-private (overfit),-0.09371329429500808
HA-02989,Non-private (overfit),-0.05030171854093979
HA-02990,Non-private (overfit),0.4720958450316467
HA-02991,Non-private (overfit),3.2238276308801574
HA-02992,Non-private (overfit),0.023736388420875443
HA-02993,Non-private (overfit),-0.4963758998315053
HA-02994,Non-private (overfit),-1.4119069313738024
HA-02995,Non-private (overfit),-0.7362431794154827
HA-02996,Non-private (overfit),0.1996926059004771
HA-02997,Non-private (overfit),-0.47481356108783856
HA-02998,Non-private (overfit),-0.6564553985751127
HA-02999,Non-private (overfit),0.11099160115760331
HA-03000,Non-private (overfit),0.10476555250481812
HB-00002,Non-private (overfit),0.23140439596018325
HB-00003,Non-private (overfit),0.6034595549908621
HB-00004,Non-private (overfit),1.4936931001746179
HB-00005,Non-private (overfit),-0.1429808224000968
HB-00007,Non-private (overfit),0.18420381115450724
HB-00008,Non-private (overfit),0.19072691753267756
HB-00009,Non-private (overfit),0.41333803978693506
HB-00010,Non-private (overfit),1.1606929133721744
HB-00011,Non-private (overfit),-0.47320565068354425
HB-00012,Non-private (overfit),-0.20058672686206336
HB-00013,Non-private (overfit),0.7187818955948908
HB-00014,Non-private (overfit),-0.4565537834561866
HB-00015,Non-private (overfit),-0.3478961506988214
HB-00016,Non-private (overfit),-0.036437240931199266
HB-00017,Non-private (overfit),-0.20932509220751805
HB-00018,Non-private (overfit),0.02339114507282436
HB-00019,Non-private (overfit),0.5900142085979552
HB-00020,Non-private (overfit),-0.26113922670846046
HB-00022,Non-private (overfit),2.2143571095876773
HB-00024,Non-private (overfit),0.2748579285000121
HB-00025,Non-private (overfit),-0.44755168210783003
HB-00027,Non-private (overfit),-0.6633359640040757
HB-00028,Non-private (overfit),0.7214127965034574
HB-00029,Non-private (overfit),-0.33937121229458134
HB-00030,Non-private (overfit),0.18059512069216743
HB-00031,Non-private (overfit),-9.696162322024287
HB-00032,Non-private (overfit),-0.259501882634515
HB-00033,Non-private (overfit),0.09230496425623946
HB-00035,Non-private (overfit),0.5314307764978656
HB-00036,Non-private (overfit),-0.9588888571560139
HB-00037,Non-private (overfit),-1.547717419863346
HB-00038,Non-private (overfit),0.06319845355965237
HB-00039,Non-private (overfit),-0.36108169852915606
HB-00041,Non-private (overfit),-0.05953993336806407
HB-00043,Non-private (overfit),0.4256899120658342
HB-00044,Non-private (overfit),-0.9892949229531052
HB-00046,Non-private (overfit),0.21464497975553543
HB-00047,Non-private (overfit),0.11718249387940416
HB-00048,Non-private (overfit),0.7222267377802314
HB-00049,Non-private (overfit),0.04367672315431825
HB-00050,Non-private (overfit),0.04100923950616653
HB-00051,Non-private (overfit),0.79843073351621
HB-00052,Non-private (overfit),-0.47927374060736405
HB-00053,Non-private (overfit),-0.4485760725688226
HB-00054,Non-private (overfit),-0.38905657269063676
HB-00056,Non-private (overfit),-0.4546185398316376
HB-00057,Non-private (overfit),1.1028401748224335
HB-00059,Non-private (overfit),-0.27108702508203264
HB-00060,Non-private (overfit),-0.06007542405127331
HB-00061,Non-private (overfit),0.1102853951723648
HB-00062,Non-private (overfit),0.4550741285686599
HB-00063,Non-private (overfit),1.087022395762677
HB-00064,Non-private (overfit),-0.8513279702808287
HB-00065,Non-private (overfit),0.2883182218158271
HB-00066,Non-private (overfit),-0.5449919066614757
HB-00067,Non-private (overfit),-0.670821168368624
HB-00068,Non-private (overfit),0.03225514433490351
HB-00069,Non-private (overfit),0.47930147479158025
HB-00070,Non-private (overfit),-0.1519723078526095
HB-00071,Non-private (overfit),-0.3480397385428371
HB-00072,Non-private (overfit),0.7288554640583798
HB-00074,Non-private (overfit),0.5161689565751817
HB-00075,Non-private (overfit),-0.5439250024615654
HB-00076,Non-private (overfit),0.31486951870969593
HB-00077,Non-private (overfit),-0.13523294391378982
HB-00078,Non-private (overfit),-1.2512594320936232
HB-00079,Non-private (overfit),0.5726229707962902
HB-00080,Non-private (overfit),-0.10886900820802192
HB-00081,Non-private (overfit),0.6132952018477491
HB-00082,Non-private (overfit),0.18966280409716219
HB-00083,Non-private (overfit),-0.05556025560921718
HB-00084,Non-private (overfit),-0.3617938228035247
HB-00085,Non-private (overfit),0.6255162331427802
HB-00087,Non-private (overfit),-0.37171014918560585
HB-00088,Non-private (overfit),0.3969004803652191
HB-00089,Non-private (overfit),0.038319233815930165
HB-00090,Non-private (overfit),-0.6452437830286719
HB-00091,Non-private (overfit),0.3597816931926141
HB-00092,Non-private (overfit),-0.008840435144491288
HB-00093,Non-private (overfit),-0.3459662457252528
HB-00095,Non-private (overfit),0.1601759896671473
HB-00096,Non-private (overfit),0.5084958240205213
HB-00097,Non-private (overfit),1.1971964940189177
HB-00098,Non-private (overfit),0.23037652926555285
HB-00099,Non-private (overfit),0.1705781099908592
HB-00101,Non-private (overfit),0.6943754856315378
HB-00102,Non-private (overfit),-0.3534888275185881
HB-00103,Non-private (overfit),0.7605477418463152
HB-00104,Non-private (overfit),0.005246352681990585
HB-00105,Non-private (overfit),0.003254018960530569
HB-00106,Non-private (overfit),-0.10396044004709815
HB-00107,Non-private (overfit),0.08102854723348507
HB-00108,Non-private (overfit),0.00841116513915996
HB-00109,Non-private (overfit),0.1497753341326018
HB-00110,Non-private (overfit),0.10818521224120525
HB-00111,Non-private (overfit),-2.1407516711455736
HB-00112,Non-private (overfit),-0.3236559607081553
HB-00114,Non-private (overfit),0.20435845292821675
HB-00115,Non-private (overfit),-0.16959234947351298
HB-00116,Non-private (overfit),0.8542652630322889
HB-00117,Non-private (overfit),-0.38060977157911235
HB-00118,Non-private (overfit),0.39840940027992255
HB-00119,Non-private (overfit),-0.0942520798936406
HB-00120,Non-private (overfit),-0.008816074006575803
HB-00121,Non-private (overfit),0.4034017752896437
HB-00122,Non-private (overfit),-0.04980572152509177
HB-00123,Non-private (overfit),0.30615643140630233
HB-00124,Non-private (overfit),1.0872632907864137
HB-00125,Non-private (overfit),-0.05329774605592785
HB-00126,Non-private (overfit),-0.005017575941764996
HB-00127,Non-private (overfit),-2.0950379214062407
HB-00128,Non-private (overfit),0.038162564041604896
HB-00131,Non-private (overfit),0.04128202264219327
HB-00132,Non-private (overfit),-0.5031700859333403
HB-00135,Non-private (overfit),0.94779438802495
HB-00136,Non-private (overfit),-0.13350937437025312
HB-00137,Non-private (overfit),-2.888551695308029
HB-00138,Non-private (overfit),-0.41652843530477845
HB-00139,Non-private (overfit),-0.2578857526956355
HB-00141,Non-private (overfit),-0.5204212967692907
HB-00142,Non-private (overfit),0.07030142575571352
HB-00143,Non-private (overfit),0.8629916585399524
HB-00144,Non-private (overfit),-7.419757690957776
HB-00146,Non-private (overfit),-0.13419436536939733
HB-00147,Non-private (overfit),-1.5743266187217508
HB-00148,Non-private (overfit),-1.194648523765169
HB-00149,Non-private (overfit),0.36939121272859854
HB-00150,Non-private (overfit),0.5132951426864709
HB-00151,Non-private (overfit),-1.4294736395708056
HB-00153,Non-private (overfit),-0.26244016411493043
HB-00154,Non-private (overfit),-0.4135843502225329
HB-00155,Non-private (overfit),-0.37798879279844577
HB-00156,Non-private (overfit),0.4578381093813033
HB-00157,Non-private (overfit),-0.9668190225114182
HB-00158,Non-private (overfit),0.37538127568011137
HB-00159,Non-private (overfit),0.5083603198249056
HB-00160,Non-private (overfit),-0.17351864638167602
HB-00161,Non-private (overfit),-0.08772311065237615
HB-00162,Non-private (overfit),0.4435562326411264
HB-00163,Non-private (overfit),0.6277598662891393
HB-00164,Non-private (overfit),-0.271536235295199
HB-00165,Non-private (overfit),-1.3119821178004762
HB-00166,Non-private (overfit),0.10483319950332115
HB-00167,Non-private (overfit),0.7538012200956761
HB-00168,Non-private (overfit),0.996168156087792
HB-00169,Non-private (overfit),0.30045200900755686
HB-00170,Non-private (overfit),-0.2312341742769939
HB-00171,Non-private (overfit),-0.010684076344305682
HB-00173,Non-private (overfit),-0.4100924891851989
HB-00174,Non-private (overfit),0.6891388595866774
HB-00175,Non-private (overfit),-0.0823054850885141
HB-00176,Non-private (overfit),0.38550384858778375
HB-00177,Non-private (overfit),0.3591482427862265
HB-00178,Non-private (overfit),-0.8842931948062875
HB-00180,Non-private (overfit),0.7445825424077364
HB-00181,Non-private (overfit),-0.49187692907596703
HB-00182,Non-private (overfit),0.21848433781055587
HB-00183,Non-private (overfit),0.8223372241493963
HB-00184,Non-private (overfit),-0.6061894430248447
HB-00186,Non-private (overfit),-0.49012856086698253
HB-00187,Non-private (overfit),-0.04434772152390121
HB-00188,Non-private (overfit),-1.3377361486152204
HB-00189,Non-private (overfit),-0.23398343778802433
HB-00190,Non-private (overfit),0.021756414620313524
HB-00191,Non-private (overfit),-8.073183950099871
HB-00192,Non-private (overfit),1.2291392032771606
HB-00193,Non-private (overfit),0.34671977844014235
HB-00194,Non-private (overfit),-0.7953904353150472
HB-00195,Non-private (overfit),0.6954163088409495
HB-00196,Non-private (overfit),-0.2656403164297103
HB-00197,Non-private (overfit),-0.3925325838904965
HB-00198,Non-private (overfit),-0.04894884988655801
HB-00199,Non-private (overfit),-1.028761532004796
HB-00200,Non-private (overfit),1.0169742767656782
HB-00201,Non-private (overfit),-0.5252980019217306
HB-00202,Non-private (overfit),1.0518344138341589
HB-00203,Non-private (overfit),0.253510229038151
HB-00204,Non-private (overfit),-0.10729347054990424
HB-00205,Non-private (overfit),0.5985580172899607
HB-00206,Non-private (overfit),-0.04850895091984331
HB-00207,Non-private (overfit),0.38410105622538615
HB-00208,Non-private (overfit),0.4308561513551108
HB-00209,Non-private (overfit),-0.06944411047462018
HB-00210,Non-private (overfit),-0.33849410377806355
HB-00211,Non-private (overfit),0.4946300863275632
HB-00212,Non-private (overfit),-0.28359604776210834
HB-00213,Non-private (overfit),-0.7482552867317271
HB-00214,Non-private (overfit),0.16239306894604022
HB-00215,Non-private (overfit),-0.5835763726339374
HB-00216,Non-private (overfit),-0.6357373104028743
HB-00217,Non-private (overfit),0.14220872625057668
HB-00218,Non-private (overfit),-0.5254383576310717
HB-00219,Non-private (overfit),0.4072645119868872
HB-00220,Non-private (overfit),1.326427189482779
HB-00222,Non-private (overfit),-0.6164462734187186
HB-00223,Non-private (overfit),-0.1626308429747605
HB-00224,Non-private (overfit),0.568712926648109
HB-00225,Non-private (overfit),1.1866066899658465
HB-00226,Non-private (overfit),0.11678068889610405
HB-00227,Non-private (overfit),0.4805997207602255
HB-00228,Non-private (overfit),-0.09254665950690821
HB-00229,Non-private (overfit),0.9445111383144358
HB-00230,Non-private (overfit),0.07742970205375332
HB-00231,Non-private (overfit),-0.10263028800123142
HB-00232,Non-private (overfit),-0.0508772625430971
HB-00233,Non-private (overfit),-0.6382082269675946
HB-00234,Non-private (overfit),0.32980875247923813
HB-00235,Non-private (overfit),0.048960061912601605
HB-00236,Non-private (overfit),-0.2474211630316745
HB-00238,Non-private (overfit),-0.6041126360364859
HB-00239,Non-private (overfit),1.397525879910954
HB-00240,Non-private (overfit),-0.5583345889685241
HB-00241,Non-private (overfit),0.1231674412896866
HB-00242,Non-private (overfit),0.647184616704015
HB-00243,Non-private (overfit),-0.2569229490124153
HB-00244,Non-private (overfit),0.8161736644637714
HB-00245,Non-private (overfit),-4.050213554521184
HB-00246,Non-private (overfit),0.2816583772693868
HB-00247,Non-private (overfit),0.44737770858925985
HB-00249,Non-private (overfit),0.744950954054366
HB-00250,Non-private (overfit),0.28555907041771533
HB-00251,Non-private (overfit),0.12481905370357227
HB-00252,Non-private (overfit),-2.819039726869185
HB-00253,Non-private (overfit),0.8036039177529015
HB-00254,Non-private (overfit),-0.024716356030457742
HB-00255,Non-private (overfit),0.12015563331676038
HB-00256,Non-private (overfit),0.1862572687390187
HB-00257,Non-private (overfit),-0.17038045347228437
HB-00258,Non-private (overfit),0.280240380147017
HB-00260,Non-private (overfit),2.5637629262436556
HB-00262,Non-private (overfit),-0.029351913773676852
HB-00263,Non-private (overfit),-0.918648543167272
HB-00264,Non-private (overfit),-0.2568392068031543
HB-00265,Non-private (overfit),-0.4439949342301852
HB-00266,Non-private (overfit),0.3996466261185596
HB-00267,Non-private (overfit),-0.18859320267256807
HB-00268,Non-private (overfit),0.22732872050403818
HB-00269,Non-private (overfit),0.11815985880479829
HB-00270,Non-private (overfit),-0.20948948750211405
HB-00271,Non-private (overfit),0.3663443273043274
HB-00272,Non-private (overfit),2.790470090009661
HB-00273,Non-private (overfit),-0.16626256292579722
HB-00274,Non-private (overfit),-0.2424826311890248
HB-00275,Non-private (overfit),-0.17776713732599037
HB-00276,Non-private (overfit),0.013072838547652399
HB-00277,Non-private (overfit),-0.02763048052323791
HB-00278,Non-private (overfit),-2.1635025136058905
HB-00279,Non-private (overfit),0.13821670055728208
HB-00280,Non-private (overfit),0.34482821449220125
HB-00281,Non-private (overfit),0.37205872515739236
HB-00282,Non-private (overfit),0.7330854599184884
HB-00283,Non-private (overfit),-2.4213805119130836
HB-00284,Non-private (overfit),-0.18975814968507665
HB-00286,Non-private (overfit),-0.11359015812938855
HB-00287,Non-private (overfit),-1.700139794986357
HB-00288,Non-private (overfit),0.5012060641151448
HB-00289,Non-private (overfit),0.1483331096659647
HB-00290,Non-private (overfit),0.19346618277052774
HB-00291,Non-private (overfit),-0.6379946099436584
HB-00292,Non-private (overfit),0.6461481614258529
HB-00293,Non-private (overfit),0.19511100331360742
HB-00294,Non-private (overfit),-0.6521424536301141
HB-00295,Non-private (overfit),-0.3923827174873453
HB-00297,Non-private (overfit),2.4484977503722583
HB-00298,Non-private (overfit),0.6134881521970252
HB-00299,Non-private (overfit),0.3465143554926511
HB-00300,Non-private (overfit),-0.4985987405515959
HB-00301,Non-private (overfit),-0.4916352657492499
HB-00302,Non-private (overfit),0.1861751152910356
HB-00303,Non-private (overfit),-0.4202030999405282
HB-00304,Non-private (overfit),0.02976135069894781
HB-00305,Non-private (overfit),-0.501599500311303
HB-00306,Non-private (overfit),0.4383252652128724
HB-00307,Non-private (overfit),0.21434872976294095
HB-00308,Non-private (overfit),0.34017707695592014
HB-00309,Non-private (overfit),-0.06084810080948744
HB-00311,Non-private (overfit),0.21333806929972288
HB-00312,Non-private (overfit),-1.9901593501968207
HB-00314,Non-private (overfit),-0.1340332589344908
HB-00316,Non-private (overfit),0.43199307345336524
HB-00317,Non-private (overfit),-0.1124534636885508
HB-00318,Non-private (overfit),-0.35892264219410674
HB-00319,Non-private (overfit),0.3320215389875788
HB-00320,Non-private (overfit),0.6150337826619472
HB-00321,Non-private (overfit),0.07266369049530275
HB-00322,Non-private (overfit),-0.08962837203579266
HB-00323,Non-private (overfit),1.4303939272036952
HB-00324,Non-private (overfit),0.03705564855525356
HB-00325,Non-private (overfit),-0.1402094143187549
HB-00326,Non-private (overfit),0.22676064536945684
HB-00328,Non-private (overfit),0.11731115712518048
HB-00329,Non-private (overfit),-0.12015706327888875
HB-00330,Non-private (overfit),1.1332335008818823
HB-00331,Non-private (overfit),-0.031791037820812384
HB-00332,Non-private (overfit),0.3011989518895737
HB-00333,Non-private (overfit),-0.07062936031761669
HB-00334,Non-private (overfit),-0.9446903500440307
HB-00335,Non-private (overfit),-0.03342429144382386
HB-00336,Non-private (overfit),-0.18326058861484196
HB-00337,Non-private (overfit),1.243839589349303
HB-00338,Non-private (overfit),1.1248506713375686
HB-00339,Non-private (overfit),0.029620962047435917
HB-00340,Non-private (overfit),0.383999157041633
HB-00341,Non-private (overfit),-0.6087603201013139
HB-00342,Non-private (overfit),0.806411616021611
HB-00343,Non-private (overfit),-0.9819435509910859
HB-00344,Non-private (overfit),0.16065799578574458
HB-00345,Non-private (overfit),-0.413636095013574
HB-00346,Non-private (overfit),0.5113363792453722
HB-00347,Non-private (overfit),0.1698147301660935
HB-00348,Non-private (overfit),-0.14222600578267786
HB-00349,Non-private (overfit),-0.34228973548693764
HB-00351,Non-private (overfit),0.5330925450758994
HB-00352,Non-private (overfit),0.18790354037925194
HB-00353,Non-private (overfit),0.106780413394153
HB-00354,Non-private (overfit),-0.11799727787189451
HB-00355,Non-private (overfit),-0.19868108565006626
HB-00356,Non-private (overfit),2.9613789052994695
HB-00357,Non-private (overfit),-0.6926809533196496
HB-00358,Non-private (overfit),0.094984727449275
HB-00359,Non-private (overfit),-0.7857369271660755
HB-00361,Non-private (overfit),-0.3602839106850788
HB-00362,Non-private (overfit),-0.3433661179815344
HB-00363,Non-private (overfit),0.5409171745097832
HB-00364,Non-private (overfit),0.1776377425513509
HB-00365,Non-private (overfit),-0.6531543068775718
HB-00366,Non-private (overfit),0.10128642499831653
HB-00367,Non-private (overfit),-0.7119840401360094
HB-00368,Non-private (overfit),0.3563699180453841
HB-00369,Non-private (overfit),0.9254390392666978
HB-00370,Non-private (overfit),0.6361036508627459
HB-00371,Non-private (overfit),-0.21073439066986266
HB-00372,Non-private (overfit),-0.855440849974163
HB-00373,Non-private (overfit),-0.3260411958603604
HB-00374,Non-private (overfit),-1.0504198450499844
HB-00375,Non-private (overfit),-0.16260865417889603
HB-00376,Non-private (overfit),0.07973008699144968
HB-00377,Non-private (overfit),0.34917273137089655
HB-00378,Non-private (overfit),-0.10929766451312461
HB-00380,Non-private (overfit),-0.20300482933918373
HB-00381,Non-private (overfit),0.4093130798087541
HB-00382,Non-private (overfit),0.2950495715002366
HB-00383,Non-private (overfit),0.4318770270743504
HB-00384,Non-private (overfit),0.6960152437477349
HB-00385,Non-private (overfit),0.8006400695021103
HB-00387,Non-private (overfit),-0.7281832718370447
HB-00389,Non-private (overfit),0.10715537012546827
HB-00390,Non-private (overfit),-0.23192735531291797
HB-00391,Non-private (overfit),-0.3108442140255503
HB-00392,Non-private (overfit),-0.39978628978896014
HB-00393,Non-private (overfit),0.5663274037753692
HB-00395,Non-private (overfit),-0.22382073039572026
HB-00396,Non-private (overfit),0.0269172288074786
HB-00397,Non-private (overfit),-0.015190049275870865
HB-00398,Non-private (overfit),-0.6409740348666837
HB-00399,Non-private (overfit),-0.04003734430130712
HB-00400,Non-private (overfit),0.47816013820274716
HB-00401,Non-private (overfit),-0.009316350544472107
HB-00402,Non-private (overfit),0.03290265852970187
HB-00403,Non-private (overfit),0.1687705636400776
HB-00404,Non-private (overfit),-0.59054771977714
HB-00405,Non-private (overfit),0.9751172727384088
HB-00406,Non-private (overfit),0.3235248892870408
HB-00407,Non-private (overfit),-0.36041905323987167
HB-00408,Non-private (overfit),1.855109988625201
HB-00409,Non-private (overfit),-0.6454624405580764
HB-00410,Non-private (overfit),0.49784171328336
HB-00411,Non-private (overfit),-0.6248070488590569
HB-00412,Non-private (overfit),-0.28405055107863086
HB-00413,Non-private (overfit),-0.05864767463035436
HB-00414,Non-private (overfit),0.19125681870958133
HB-00415,Non-private (overfit),-2.350011834297857
HB-00416,Non-private (overfit),0.4060518855273485
HB-00417,Non-private (overfit),-0.22247888011373707
HB-00418,Non-private (overfit),-2.9163090337426176
HB-00419,Non-private (overfit),0.3973551118826426
HB-00420,Non-private (overfit),0.5380947834356167
HB-00421,Non-private (overfit),0.24758982154927556
HB-00422,Non-private (overfit),0.5994150903609021
HB-00423,Non-private (overfit),0.03187214516468906
HB-00424,Non-private (overfit),-0.9330337313846497
HB-00425,Non-private (overfit),-0.5859741560936125
HB-00426,Non-private (overfit),0.7491922602022643
HB-00428,Non-private (overfit),0.7486423770372874
HB-00429,Non-private (overfit),-0.9146928074024379
HB-00430,Non-private (overfit),0.2429655113424407
HB-00431,Non-private (overfit),-0.17468985670226278
HB-00432,Non-private (overfit),-0.9217142957967028
HB-00434,Non-private (overfit),0.760218096484711
HB-00435,Non-private (overfit),-0.3690519806853917
HB-00437,Non-private (overfit),-0.17842034818855357
HB-00438,Non-private (overfit),0.025554780539081445
HB-00439,Non-private (overfit),0.23882403133383767
HB-00440,Non-private (overfit),0.5378998139592868
HB-00441,Non-private (overfit),0.8460522456047725
HB-00442,Non-private (overfit),0.18680319233252152
HB-00443,Non-private (overfit),1.5122214621153889
HB-00445,Non-private (overfit),0.5608380834278779
HB-00446,Non-private (overfit),1.1723564157318478
HB-00447,Non-private (overfit),-13.16745021653542
HB-00448,Non-private (overfit),0.6607074594397544
HB-00449,Non-private (overfit),0.06666732332379999
HB-00450,Non-private (overfit),0.8448119363127349
HB-00451,Non-private (overfit),0.38462136631603805
HB-00452,Non-private (overfit),-0.01859237565416505
HB-00453,Non-private (overfit),-0.13889887579600557
HB-00454,Non-private (overfit),-0.010120060387074803
HB-00455,Non-private (overfit),-0.5580196602161052
HB-00456,Non-private (overfit),-2.1229653231313956
HB-00457,Non-private (overfit),0.6228785320374591
HB-00458,Non-private (overfit),-0.32914089393550894
HB-00459,Non-private (overfit),-0.029905007200728084
HB-00460,Non-private (overfit),-0.6539344912776779
HB-00462,Non-private (overfit),0.0683478031315885
HB-00463,Non-private (overfit),0.012041927230491023
HB-00464,Non-private (overfit),0.04429199582904819
HB-00465,Non-private (overfit),0.5687504858370944
HB-00466,Non-private (overfit),-0.48168950740163263
HB-00467,Non-private (overfit),-1.2439284053179704
HB-00468,Non-private (overfit),-1.1286252794378184
HB-00469,Non-private (overfit),0.14629653824823252
HB-00470,Non-private (overfit),-2.532610189831107
HB-00471,Non-private (overfit),0.10079439160074988
HB-00472,Non-private (overfit),0.17981483452383018
HB-00473,Non-private (overfit),-1.4343994542309835
HB-00474,Non-private (overfit),-0.009734325780652142
HB-00475,Non-private (overfit),-0.04940704521907846
HB-00476,Non-private (overfit),-0.022933661904226632
HB-00477,Non-private (overfit),0.3045224547274239
HB-00478,Non-private (overfit),0.4886664068960369
HB-00479,Non-private (overfit),0.02297885657322163
HB-00480,Non-private (overfit),0.03719399124761136
HB-00481,Non-private (overfit),-2.989331211003042
HB-00482,Non-private (overfit),0.1447623857107571
HB-00483,Non-private (overfit),0.778306795393799
HB-00485,Non-private (overfit),-0.5377343119261118
HB-00486,Non-private (overfit),0.3172582078750761
HB-00488,Non-private (overfit),0.47684408428658687
HB-00489,Non-private (overfit),-0.538931344602499
HB-00490,Non-private (overfit),-4.907973775576011
HB-00491,Non-private (overfit),-0.29522944852475763
HB-00492,Non-private (overfit),0.5008289965017685
HB-00493,Non-private (overfit),0.934365852725207
HB-00494,Non-private (overfit),-0.6400008070595855
HB-00495,Non-private (overfit),1.0589080684879986
HB-00496,Non-private (overfit),-0.10545041365936236
HB-00497,Non-private (overfit),1.7374162036400222
HB-00498,Non-private (overfit),-0.9183700463501794
HB-00499,Non-private (overfit),-0.13531156686347678
HB-00500,Non-private (overfit),-0.2424496387599988
HB-00501,Non-private (overfit),-0.11748847470516277
HB-00502,Non-private (overfit),-0.06233692160293436
HB-00503,Non-private (overfit),0.034056964750786456
HB-00504,Non-private (overfit),0.1890052555613182
HB-00505,Non-private (overfit),0.198402278121528
HB-00506,Non-private (overfit),-0.3827350459798624
HB-00507,Non-private (overfit),-0.34736188499466736
HB-00508,Non-private (overfit),0.1726376279805697
HB-00509,Non-private (overfit),-0.18613806433909263
HB-00511,Non-private (overfit),0.03528389683500888
HB-00512,Non-private (overfit),-1.7207434194594966
HB-00513,Non-private (overfit),-0.9214726072889685
HB-00514,Non-private (overfit),-0.18790995592074644
HB-00515,Non-private (overfit),1.2402117800329535
HB-00516,Non-private (overfit),-0.1651602428706198
HB-00517,Non-private (overfit),-0.2532862255366688
HB-00518,Non-private (overfit),-0.4254417314800696
HB-00519,Non-private (overfit),-0.6168333363649907
HB-00520,Non-private (overfit),-0.2789338814894107
HB-00522,Non-private (overfit),-0.0023539714723508354
HB-00523,Non-private (overfit),0.004005617246906068
HB-00525,Non-private (overfit),0.36029144389437606
HB-00526,Non-private (overfit),0.29122681451246724
HB-00527,Non-private (overfit),-2.312923459412877
HB-00528,Non-private (overfit),-0.5190347047478887
HB-00529,Non-private (overfit),0.13749491631299193
HB-00530,Non-private (overfit),-0.30973144951979914
HB-00531,Non-private (overfit),-0.9051370624368484
HB-00532,Non-private (overfit),0.1265072723568108
HB-00533,Non-private (overfit),0.1003399243105183
HB-00534,Non-private (overfit),-0.6023044031931795
HB-00535,Non-private (overfit),-0.4332693507091743
HB-00536,Non-private (overfit),-0.11024974025477396
HB-00537,Non-private (overfit),1.3854482872688032
HB-00538,Non-private (overfit),0.15595151395470008
HB-00539,Non-private (overfit),-0.19770572889119453
HB-00540,Non-private (overfit),-0.02857783021537963
HB-00541,Non-private (overfit),0.4611229635721181
HB-00542,Non-private (overfit),0.05700033115130654
HB-00543,Non-private (overfit),0.4124605484930941
HB-00544,Non-private (overfit),-0.16713396900428124
HB-00545,Non-private (overfit),0.5343614695849888
HB-00546,Non-private (overfit),0.01854045111250824
HB-00547,Non-private (overfit),-1.7528082863302727
HB-00548,Non-private (overfit),0.06461570076807432
HB-00549,Non-private (overfit),0.1674816862262134
HB-00550,Non-private (overfit),0.8068985465254526
HB-00551,Non-private (overfit),0.2670155389664317
HB-00552,Non-private (overfit),0.23638841283492118
HB-00553,Non-private (overfit),0.6557675546736847
HB-00554,Non-private (overfit),-1.039145946255151
HB-00555,Non-private (overfit),-0.6434304032420872
HB-00556,Non-private (overfit),-0.470721417214758
HB-00557,Non-private (overfit),0.8326391784744381
HB-00558,Non-private (overfit),-0.17127772067774294
HB-00559,Non-private (overfit),0.13636171052353685
HB-00560,Non-private (overfit),-0.024659128179340906
HB-00561,Non-private (overfit),-0.07974013602888785
HB-00562,Non-private (overfit),0.3105256756102044
HB-00563,Non-private (overfit),-0.13887833222944357
HB-00564,Non-private (overfit),1.1430480984830447
HB-00565,Non-private (overfit),0.5475195452404935
HB-00566,Non-private (overfit),0.07185620690068961
HB-00567,Non-private (overfit),-1.8789472251558605
HB-00568,Non-private (overfit),-0.7703033760431128
HB-00569,Non-private (overfit),-0.15296000205357996
HB-00570,Non-private (overfit),-0.09076300038463458
HB-00571,Non-private (overfit),1.01728998654206
HB-00573,Non-private (overfit),-0.031992919133510656
HB-00574,Non-private (overfit),-0.0581365305038557
HB-00575,Non-private (overfit),0.24406388133455081
HB-00576,Non-private (overfit),0.32171861218369024
HB-00577,Non-private (overfit),0.044387273211370815
HB-00578,Non-private (overfit),-0.40503716080621155
HB-00579,Non-private (overfit),0.5646836879444633
HB-00581,Non-private (overfit),-0.07666703887055126
HB-00582,Non-private (overfit),-0.3575754874127042
HB-00583,Non-private (overfit),-0.8588541975183142
HB-00584,Non-private (overfit),-0.7766040645164729
HB-00585,Non-private (overfit),0.04094116404811732
HB-00586,Non-private (overfit),-0.3586474803382621
HB-00588,Non-private (overfit),0.03511212590595225
HB-00590,Non-private (overfit),-0.10128568342120792
HB-00591,Non-private (overfit),-0.15328804022540088
HB-00592,Non-private (overfit),-0.6427336916798461
HB-00593,Non-private (overfit),-0.5579224381763876
HB-00594,Non-private (overfit),-0.7313376054445063
HB-00595,Non-private (overfit),-0.2691072184846044
HB-00596,Non-private (overfit),0.26435206525228616
HB-00597,Non-private (overfit),-0.40035755481031265
HB-00598,Non-private (overfit),0.9069210820919698
HB-00599,Non-private (overfit),0.25486416831645764
HB-00600,Non-private (overfit),0.3678455774246592
HB-00601,Non-private (overfit),0.6281529501565934
HB-00602,Non-private (overfit),-0.9124802254303797
HB-00603,Non-private (overfit),1.2155707718479922
HB-00604,Non-private (overfit),0.18650678097986206
HB-00605,Non-private (overfit),-0.03410524167554785
HB-00606,Non-private (overfit),0.3132223053748915
HB-00607,Non-private (overfit),0.24268524436280647
HB-00608,Non-private (overfit),-0.31812989599192987
HB-00609,Non-private (overfit),0.21081126108393522
HB-00610,Non-private (overfit),0.5345238323616948
HB-00611,Non-private (overfit),0.18823668692599593
HB-00612,Non-private (overfit),-0.31955960237297865
HB-00613,Non-private (overfit),-0.7979135786525493
HB-00614,Non-private (overfit),-0.33795436140025403
HB-00616,Non-private (overfit),1.7178805162149517
HB-00617,Non-private (overfit),0.581374693907813
HB-00618,Non-private (overfit),-1.4310548011212854
HB-00620,Non-private (overfit),1.1465799778049144
HB-00621,Non-private (overfit),1.2102334618452608
HB-00622,Non-private (overfit),-0.0032142184701675625
HB-00623,Non-private (overfit),4.729261217476954
HB-00624,Non-private (overfit),0.007035262491410954
HB-00625,Non-private (overfit),0.23439839246685135
HB-00626,Non-private (overfit),-0.2808524467644422
HB-00627,Non-private (overfit),0.5386334373847068
HB-00628,Non-private (overfit),0.722840494437035
HB-00629,Non-private (overfit),-0.20780302436039566
HB-00630,Non-private (overfit),0.4761664240471388
HB-00631,Non-private (overfit),-0.12761033832429414
HB-00632,Non-private (overfit),-0.3113551618061905
HB-00633,Non-private (overfit),-0.24209858754774904
HB-00634,Non-private (overfit),0.4223886762924336
HB-00635,Non-private (overfit),0.14097261849832754
HB-00637,Non-private (overfit),-0.6325926081224349
HB-00638,Non-private (overfit),0.011283280864210044
HB-00639,Non-private (overfit),0.07547066734535846
HB-00640,Non-private (overfit),-0.23780998772749706
HB-00641,Non-private (overfit),0.43836542382868904
HB-00642,Non-private (overfit),0.8623693007416635
HB-00643,Non-private (overfit),-0.16749102005719319
HB-00644,Non-private (overfit),2.9595681884632126
HB-00645,Non-private (overfit),1.2181830486983525
HB-00646,Non-private (overfit),-0.46047146929658145
HB-00647,Non-private (overfit),-0.32973718197675783
HB-00648,Non-private (overfit),0.35765352046636223
HB-00649,Non-private (overfit),-0.4700209916218909
HB-00650,Non-private (overfit),0.058989534389686904
HB-00651,Non-private (overfit),-1.1629582114379835
HB-00652,Non-private (overfit),-0.5548091578474026
HB-00654,Non-private (overfit),-0.17466223519263235
HB-00655,Non-private (overfit),-0.6094567619081195
HB-00656,Non-private (overfit),-3.716494119175552
HB-00657,Non-private (overfit),0.5897085440268497
HB-00659,Non-private (overfit),0.31207730320893445
HB-00660,Non-private (overfit),-9.901200718723121
HB-00661,Non-private (overfit),-0.019222965742166087
HB-00662,Non-private (overfit),-0.5844028796320273
HB-00663,Non-private (overfit),-0.06296711276965294
HB-00664,Non-private (overfit),-0.31092112409968653
HB-00665,Non-private (overfit),-0.5133394309115626
HB-00666,Non-private (overfit),-0.3112254937119836
HB-00667,Non-private (overfit),-0.10073460304848769
HB-00669,Non-private (overfit),0.17089256157122956
HB-00670,Non-private (overfit),-1.3620953379111191
HB-00671,Non-private (overfit),0.5237499283273096
HB-00672,Non-private (overfit),0.40013043875574317
HB-00673,Non-private (overfit),0.2008305804945888
HB-00674,Non-private (overfit),-0.19187433080923233
HB-00675,Non-private (overfit),-0.25525970596920144
HB-00676,Non-private (overfit),0.5901472840478426
HB-00677,Non-private (overfit),0.03485004883560516
HB-00678,Non-private (overfit),0.7176462045381511
HB-00679,Non-private (overfit),-0.26360328067433536
HB-00681,Non-private (overfit),0.3454167497467857
HB-00682,Non-private (overfit),0.029505968961225593
HB-00683,Non-private (overfit),-0.3313455546392352
HB-00684,Non-private (overfit),0.39047809790083265
HB-00685,Non-private (overfit),-0.1963859979871927
HB-00686,Non-private (overfit),0.2829069818010086
HB-00687,Non-private (overfit),-0.5270866030191748
HB-00688,Non-private (overfit),-0.01719987120547528
HB-00689,Non-private (overfit),0.42142913718454533
HB-00690,Non-private (overfit),-0.2716973758471821
HB-00691,Non-private (overfit),0.7761616960072384
HB-00692,Non-private (overfit),0.11046193666547754
HB-00693,Non-private (overfit),0.4222509825995271
HB-00694,Non-private (overfit),-0.0559143265005515
HB-00695,Non-private (overfit),0.5126428586442249
HB-00696,Non-private (overfit),0.2097051899870036
HB-00697,Non-private (overfit),-0.19345908812669532
HB-00698,Non-private (overfit),0.4578432503602162
HB-00699,Non-private (overfit),-0.13631820925622584
HB-00700,Non-private (overfit),0.3727217203378561
HB-00701,Non-private (overfit),0.9748390000919562
HB-00702,Non-private (overfit),0.2024513933232419
HB-00703,Non-private (overfit),-0.03154642424518439
HB-00704,Non-private (overfit),0.13447184097953335
HB-00706,Non-private (overfit),-0.10746251489409842
HB-00707,Non-private (overfit),0.3786698288350242
HB-00709,Non-private (overfit),-0.011521043781971496
HB-00710,Non-private (overfit),-0.2108391443279256
HB-00712,Non-private (overfit),-0.050290785239322844
HB-00713,Non-private (overfit),0.6272229945871786
HB-00714,Non-private (overfit),0.26583517814687896
HB-00715,Non-private (overfit),-0.34863368984290366
HB-00716,Non-private (overfit),-0.7856674516060326
HB-00717,Non-private (overfit),-0.9202199671039666
HB-00718,Non-private (overfit),-0.19492105122076397
HB-00719,Non-private (overfit),0.15294455889334313
HB-00720,Non-private (overfit),-0.975951347580639
HB-00721,Non-private (overfit),0.7213045707741036
HB-00722,Non-private (overfit),0.4662272499972946
HB-00723,Non-private (overfit),-0.5389708498434431
HB-00724,Non-private (overfit),0.6398518296752373
HB-00725,Non-private (overfit),0.01792326483821083
HB-00726,Non-private (overfit),0.9242661831789951
HB-00727,Non-private (overfit),-0.14343306014902812
HB-00728,Non-private (overfit),-0.16567680985134592
HB-00729,Non-private (overfit),0.019114991969047868
HB-00730,Non-private (overfit),-0.29915975042678733
HB-00731,Non-private (overfit),0.09624558855572007
HB-00732,Non-private (overfit),-0.9621485761186339
HB-00733,Non-private (overfit),0.8301590536988614
HB-00734,Non-private (overfit),-0.04378614222864008
HB-00735,Non-private (overfit),0.11328333100221732
HB-00736,Non-private (overfit),-0.09529832355372392
HB-00737,Non-private (overfit),-2.8733217831431808
HB-00738,Non-private (overfit),0.3538262782181758
HB-00740,Non-private (overfit),0.5058030655135659
HB-00741,Non-private (overfit),2.359742506700261
HB-00742,Non-private (overfit),-0.35979904797333284
HB-00743,Non-private (overfit),0.08616293481034765
HB-00744,Non-private (overfit),0.19321634267035304
HB-00745,Non-private (overfit),0.03854956736416948
HB-00746,Non-private (overfit),-0.4720168956436588
HB-00748,Non-private (overfit),-0.03826336589838886
HB-00749,Non-private (overfit),-0.33614956275779084
HB-00750,Non-private (overfit),0.04306308823256333
HB-00751,Non-private (overfit),-0.08571231507480959
HB-00752,Non-private (overfit),0.17112108030928552
HB-00753,Non-private (overfit),-0.384529089043838
HB-00754,Non-private (overfit),0.05010241517621705
HB-00755,Non-private (overfit),0.3343504130580144
HB-00756,Non-private (overfit),1.2757815755238768
HB-00757,Non-private (overfit),-20.617784799781603
HB-00759,Non-private (overfit),0.3026286322800509
HB-00760,Non-private (overfit),-0.27055466629552716
HB-00761,Non-private (overfit),0.028331365926958396
HB-00762,Non-private (overfit),-3.4788888970265273
HB-00763,Non-private (overfit),-1.2524826877100808
HB-00764,Non-private (overfit),1.000272762481622
HB-00765,Non-private (overfit),0.3592418179800736
HB-00766,Non-private (overfit),0.49854963790643914
HB-00767,Non-private (overfit),-0.6240552748918771
HB-00768,Non-private (overfit),0.5997597731178144
HB-00769,Non-private (overfit),1.323678806204227
HB-00770,Non-private (overfit),-0.13422156544031116
HB-00771,Non-private (overfit),0.5062283060863222
HB-00772,Non-private (overfit),0.46791351607030407
HB-00773,Non-private (overfit),-0.20598603052934938
HB-00774,Non-private (overfit),-0.2888499297689233
HB-00775,Non-private (overfit),0.4162015612578627
HB-00776,Non-private (overfit),0.3694413525745426
HB-00777,Non-private (overfit),0.006057341923921156
HB-00778,Non-private (overfit),-0.11215968233341855
HB-00779,Non-private (overfit),-0.558339386478877
HB-00780,Non-private (overfit),0.032274218678246314
HB-00781,Non-private (overfit),0.5933322950941129
HB-00782,Non-private (overfit),0.3138614377011437
HB-00783,Non-private (overfit),-0.05121626382996136
HB-00784,Non-private (overfit),0.2870412363790178
HB-00785,Non-private (overfit),0.7176003784308345
HB-00786,Non-private (overfit),-0.8466555103936941
HB-00787,Non-private (overfit),0.6269092271668457
HB-00788,Non-private (overfit),0.3915569053804977
HB-00789,Non-private (overfit),-0.03620012334457212
HB-00790,Non-private (overfit),0.7424482378339796
HB-00791,Non-private (overfit),-0.034411496977145406
HB-00792,Non-private (overfit),0.1357159787355633
HB-00793,Non-private (overfit),0.051581053639054186
HB-00794,Non-private (overfit),-2.066524399342806
HB-00795,Non-private (overfit),0.06035634549581137
HB-00796,Non-private (overfit),0.15167944948575907
HB-00797,Non-private (overfit),0.2730706018671938
HB-00798,Non-private (overfit),-0.09810597031007906
HB-00800,Non-private (overfit),-0.1281208291745608
HB-00801,Non-private (overfit),0.537269878648571
HB-00802,Non-private (overfit),-0.634891099495126
HB-00803,Non-private (overfit),-0.12155610876375511
HB-00804,Non-private (overfit),0.4589999222487313
HB-00805,Non-private (overfit),-0.1075811139556776
HB-00806,Non-private (overfit),0.32719984334009133
HB-00807,Non-private (overfit),0.19108486050421836
HB-00808,Non-private (overfit),-0.39067916722255047
HB-00809,Non-private (overfit),-0.6799589318638186
HB-00810,Non-private (overfit),-0.5795089108909379
HB-00811,Non-private (overfit),0.41313221851698656
HB-00812,Non-private (overfit),-0.6834520296039914
HB-00813,Non-private (overfit),-0.03741316344313894
HB-00814,Non-private (overfit),-0.3255154725829541
HB-00815,Non-private (overfit),-0.8058928170178028
HB-00816,Non-private (overfit),0.4789351657362029
HB-00818,Non-private (overfit),0.008528128849442762
HB-00819,Non-private (overfit),0.5449422929959027
HB-00820,Non-private (overfit),0.02613898027467343
HB-00821,Non-private (overfit),-0.16257775009091624
HB-00822,Non-private (overfit),0.6000895608693986
HB-00823,Non-private (overfit),-0.3943408818809253
HB-00824,Non-private (overfit),-1.3685413600116028
HB-00826,Non-private (overfit),0.5986551954152586
HB-00827,Non-private (overfit),-0.4270651053068364
HB-00828,Non-private (overfit),0.9132138128847935
HB-00829,Non-private (overfit),-0.9224402061328579
HB-00830,Non-private (overfit),0.41517696925953196
HB-00831,Non-private (overfit),-0.7877997454275367
HB-00832,Non-private (overfit),0.05819453806665131
HB-00833,Non-private (overfit),-0.3723298628148932
HB-00834,Non-private (overfit),-1.4241317652773433
HB-00835,Non-private (overfit),-0.684853097752957
HB-00836,Non-private (overfit),-1.279958674619515
HB-00837,Non-private (overfit),-0.8859213278065305
HB-00838,Non-private (overfit),0.9487660607673791
HB-00839,Non-private (overfit),-2.363333757548819
HB-00840,Non-private (overfit),0.4729027066321091
HB-00841,Non-private (overfit),0.6584191204112853
HB-00842,Non-private (overfit),-1.9275679855890373
HB-00843,Non-private (overfit),0.4422236822075343
HB-00845,Non-private (overfit),3.040054268006964
HB-00846,Non-private (overfit),0.026626981857790222
HB-00847,Non-private (overfit),0.907930240097852
HB-00848,Non-private (overfit),0.22899586285839613
HB-00849,Non-private (overfit),-0.15111551720035687
HB-00851,Non-private (overfit),0.48982244986704515
HB-00852,Non-private (overfit),0.016587124194015868
HB-00853,Non-private (overfit),0.8452427777535598
HB-00854,Non-private (overfit),0.24963358803307334
HB-00855,Non-private (overfit),0.016849837975823734
HB-00856,Non-private (overfit),0.2803108224270823
HB-00857,Non-private (overfit),-0.7810694773681397
HB-00858,Non-private (overfit),0.18195104821399433
HB-00859,Non-private (overfit),0.29403684315467604
HB-00860,Non-private (overfit),-0.09984008442064907
HB-00861,Non-private (overfit),0.37136002933856327
HB-00862,Non-private (overfit),-0.49233105537229216
HB-00863,Non-private (overfit),-0.20883460336142523
HB-00864,Non-private (overfit),0.5215769870583992
HB-00866,Non-private (overfit),0.1381448534178089
HB-00867,Non-private (overfit),-0.2096805453565671
HB-00868,Non-private (overfit),0.5707393279709901
HB-00869,Non-private (overfit),0.27991955958566683
HB-00870,Non-private (overfit),-0.2504120216252501
HB-00871,Non-private (overfit),0.21179712786000215
HB-00872,Non-private (overfit),1.1522191443386753
HB-00873,Non-private (overfit),-0.5638767976182413
HB-00874,Non-private (overfit),-0.39514818825476716
HB-00875,Non-private (overfit),0.8286474902541283
HB-00877,Non-private (overfit),0.024913394974212855
HB-00879,Non-private (overfit),0.2890580227210904
HB-00880,Non-private (overfit),-0.4175827800459082
HB-00881,Non-private (overfit),0.04113800992579941
HB-00882,Non-private (overfit),-1.782024715954919
HB-00883,Non-private (overfit),0.410453476380779
HB-00884,Non-private (overfit),-0.07147816040618116
HB-00885,Non-private (overfit),0.24435579580315459
HB-00887,Non-private (overfit),-4.583704655662752
HB-00888,Non-private (overfit),0.4741681792817216
HB-00889,Non-private (overfit),0.23614422835819515
HB-00890,Non-private (overfit),-1.2858622708193421
HB-00892,Non-private (overfit),-1.5023299826832401
HB-00893,Non-private (overfit),-1.3758711136586421
HB-00894,Non-private (overfit),0.19987895692638924
HB-00895,Non-private (overfit),-0.4723483585015398
HB-00896,Non-private (overfit),0.5144579846028383
HB-00897,Non-private (overfit),0.34655825723439326
HB-00898,Non-private (overfit),-0.9363593437454132
HB-00899,Non-private (overfit),0.10147458182764146
HB-00900,Non-private (overfit),0.9040766700285094
HB-00901,Non-private (overfit),-0.1544953560552329
HB-00902,Non-private (overfit),-0.5679824674143306
HB-00903,Non-private (overfit),-0.003193559918470923
HB-00905,Non-private (overfit),0.43126592488842164
HB-00908,Non-private (overfit),0.2397784889974608
HB-00910,Non-private (overfit),0.3536435128293922
HB-00911,Non-private (overfit),0.21624291114981253
HB-00912,Non-private (overfit),-0.17670433330387247
HB-00913,Non-private (overfit),0.2647126529350755
HB-00914,Non-private (overfit),0.22258657914894542
HB-00915,Non-private (overfit),0.8228072777821063
HB-00917,Non-private (overfit),0.7468635522076055
HB-00918,Non-private (overfit),0.18185352874608385
HB-00920,Non-private (overfit),0.4952939041811595
HB-00921,Non-private (overfit),-0.8036998512430822
HB-00923,Non-private (overfit),-0.6657551300747562
HB-00924,Non-private (overfit),0.19212601936928753
HB-00925,Non-private (overfit),-0.6764046986746708
HB-00926,Non-private (overfit),0.733010515091512
HB-00927,Non-private (overfit),-0.33462665380685763
HB-00928,Non-private (overfit),0.12332727532813115
HB-00929,Non-private (overfit),0.5171222446211567
HB-00930,Non-private (overfit),0.24631966042112285
HB-00931,Non-private (overfit),-1.5199131392439567
HB-00932,Non-private (overfit),-0.42585212259762917
HB-00934,Non-private (overfit),-0.1745526170542977
HB-00935,Non-private (overfit),0.4064248152801877
HB-00936,Non-private (overfit),0.32209324936114125
HB-00939,Non-private (overfit),-0.07180534822639184
HB-00940,Non-private (overfit),-10.084215936032326
HB-00941,Non-private (overfit),0.34737145826757687
HB-00942,Non-private (overfit),1.3430691463583777
HB-00943,Non-private (overfit),0.37625991343389154
HB-00944,Non-private (overfit),0.1937339040202024
HB-00946,Non-private (overfit),1.0263935021692068
HB-00947,Non-private (overfit),-0.05114940705497806
HB-00948,Non-private (overfit),-1.691730321113912
HB-00949,Non-private (overfit),-0.07964161195485664
HB-00950,Non-private (overfit),0.01824232327019537
HB-00951,Non-private (overfit),0.42996553518273695
HB-00952,Non-private (overfit),-0.11754378759209638
HB-00954,Non-private (overfit),-7.218519309128757
HB-00955,Non-private (overfit),-0.5876135584730717
HB-00957,Non-private (overfit),0.09049794599653493
HB-00958,Non-private (overfit),-0.41211127128776126
HB-00959,Non-private (overfit),0.28066806022118973
HB-00960,Non-private (overfit),-0.14945470637670422
HB-00961,Non-private (overfit),1.0572700882475816
HB-00962,Non-private (overfit),0.37340881580762375
HB-00963,Non-private (overfit),0.04995062148483109
HB-00964,Non-private (overfit),0.30868132227608003
HB-00965,Non-private (overfit),-0.08329559989948587
HB-00966,Non-private (overfit),-0.6412252208704041
HB-00968,Non-private (overfit),0.4852670629514957
HB-00969,Non-private (overfit),0.2809832596872268
HB-00970,Non-private (overfit),0.29128657831627836
HB-00971,Non-private (overfit),-1.0969157589702117
HB-00972,Non-private (overfit),0.5958571158780379
HB-00973,Non-private (overfit),0.23991751960831875
HB-00974,Non-private (overfit),-0.09518147785821185
HB-00975,Non-private (overfit),1.7811349471993736
HB-00976,Non-private (overfit),0.3861713449052965
HB-00977,Non-private (overfit),0.4507680724130627
HB-00978,Non-private (overfit),-0.15820025943627258
HB-00979,Non-private (overfit),-0.12024197160806893
HB-00980,Non-private (overfit),-0.5157624962711802
HB-00981,Non-private (overfit),-0.3555346874537939
HB-00982,Non-private (overfit),0.14977149314071225
HB-00983,Non-private (overfit),0.06649589126733302
HB-00984,Non-private (overfit),-0.14665857859984
HB-00985,Non-private (overfit),-0.11353365054887932
HB-00986,Non-private (overfit),1.7031779621660021
HB-00987,Non-private (overfit),0.3153726451075849
HB-00988,Non-private (overfit),-0.7893875972676645
HB-00989,Non-private (overfit),-0.31020173093301406
HB-00990,Non-private (overfit),-0.13853252728788656
HB-00991,Non-private (overfit),0.5773028808880372
HB-00992,Non-private (overfit),0.3180647644949288
HB-00993,Non-private (overfit),0.28949737386097674
HB-00994,Non-private (overfit),-0.4769198824818176
HB-00995,Non-private (overfit),-2.850804141708421
HB-00996,Non-private (overfit),-0.24045058194284863
HB-00997,Non-private (overfit),0.297630029891657
HB-00998,Non-private (overfit),0.22561370166967776
HB-00999,Non-private (overfit),0.2525520663488523
HB-01000,Non-private (overfit),0.754003078182228
HB-01002,Non-private (overfit),0.063722446316832
HB-01003,Non-private (overfit),0.12990376571389528
HB-01004,Non-private (overfit),0.07645926376684775
HB-01005,Non-private (overfit),0.3086650778052621
HB-01007,Non-private (overfit),0.4419439315347362
HB-01008,Non-private (overfit),0.23172050384925447
HB-01009,Non-private (overfit),-0.012646132051214787
HB-01011,Non-private (overfit),0.591072714939529
HB-01012,Non-private (overfit),0.4625071135880374
HB-01013,Non-private (overfit),-0.10274327861357357
HB-01014,Non-private (overfit),-0.008905269438487906
HB-01015,Non-private (overfit),-0.37411625836074136
HB-01016,Non-private (overfit),-0.7484570020454764
HB-01017,Non-private (overfit),1.2806212245952104
HB-01018,Non-private (overfit),0.9978945040537448
HB-01019,Non-private (overfit),0.16130634655951803
HB-01020,Non-private (overfit),0.0009783657904748333
HB-01021,Non-private (overfit),0.21726875423479153
HB-01022,Non-private (overfit),0.5308667172228664
HB-01023,Non-private (overfit),1.0585030886004723
HB-01024,Non-private (overfit),0.5096757795116247
HB-01025,Non-private (overfit),0.11569242162841054
HB-01026,Non-private (overfit),-0.19247349816042725
HB-01027,Non-private (overfit),-0.3196564612026054
HB-01028,Non-private (overfit),0.10535677483632844
HB-01031,Non-private (overfit),0.06662377292860855
HB-01032,Non-private (overfit),-0.2693765079636654
HB-01034,Non-private (overfit),0.5208679509548486
HB-01037,Non-private (overfit),0.20879623572855932
HB-01038,Non-private (overfit),0.2873803763469087
HB-01039,Non-private (overfit),0.4023697514904654
HB-01040,Non-private (overfit),0.2591742768324645
HB-01041,Non-private (overfit),1.01284147664974
HB-01042,Non-private (overfit),-1.7076521157762536
HB-01043,Non-private (overfit),1.4272483123443682
HB-01044,Non-private (overfit),0.23789561436999773
HB-01045,Non-private (overfit),-0.11945928513245097
HB-01046,Non-private (overfit),-0.9101097296409113
HB-01047,Non-private (overfit),-0.13200941100637054
HB-01048,Non-private (overfit),-0.600130998062946
HB-01049,Non-private (overfit),0.7386887032949505
HB-01052,Non-private (overfit),0.17946001520961863
HB-01053,Non-private (overfit),0.04034932060965524
HB-01054,Non-private (overfit),-0.046264359742290484
HB-01055,Non-private (overfit),-10.932240304976089
HB-01056,Non-private (overfit),0.08622679947876977
HB-01057,Non-private (overfit),-0.5596781218763427
HB-01058,Non-private (overfit),-0.15534013328268692
HB-01059,Non-private (overfit),0.8709892323167652
HB-01060,Non-private (overfit),0.378557621951948
HB-01062,Non-private (overfit),-0.36947416161278834
HB-01063,Non-private (overfit),-0.17051636226989875
HB-01064,Non-private (overfit),0.040031968885160696
HB-01065,Non-private (overfit),-0.4084630916570713
HB-01066,Non-private (overfit),0.5452491249579294
HB-01068,Non-private (overfit),0.2859024473143976
HB-01069,Non-private (overfit),0.06902518172801875
HB-01070,Non-private (overfit),-0.40489693752222644
HB-01071,Non-private (overfit),0.1162760709327113
HB-01072,Non-private (overfit),0.30809515075463356
HB-01073,Non-private (overfit),-0.33986991961740554
HB-01074,Non-private (overfit),-0.4354027248732817
HB-01075,Non-private (overfit),0.24820532699592412
HB-01076,Non-private (overfit),0.5759957904344684
HB-01077,Non-private (overfit),0.115895352902055
HB-01078,Non-private (overfit),-2.6536150035425976
HB-01079,Non-private (overfit),0.40079025569506843
HB-01080,Non-private (overfit),1.550651062048476
HB-01081,Non-private (overfit),0.08398151199719506
HB-01082,Non-private (overfit),0.29144115980262963
HB-01083,Non-private (overfit),0.21065850721679658
HB-01084,Non-private (overfit),-0.5964290207104928
HB-01085,Non-private (overfit),0.016516334528742016
HB-01086,Non-private (overfit),0.1802394532144076
HB-01087,Non-private (overfit),-0.3401974507648262
HB-01088,Non-private (overfit),0.043923309087567475
HB-01089,Non-private (overfit),0.004786135165880445
HB-01090,Non-private (overfit),0.3394819529127614
HB-01091,Non-private (overfit),-9.368675542681391
HB-01092,Non-private (overfit),0.044188552305851836
HB-01093,Non-private (overfit),-0.0056132084322513265
HB-01094,Non-private (overfit),-0.23185473807697954
HB-01095,Non-private (overfit),0.2843178188137432
HB-01096,Non-private (overfit),0.4037762904417088
HB-01097,Non-private (overfit),1.469195150972594
HB-01100,Non-private (overfit),1.3047391225838654
HB-01101,Non-private (overfit),-0.7065091430340287
HB-01102,Non-private (overfit),-0.2441917727673697
HB-01103,Non-private (overfit),-0.2765982178726625
HB-01104,Non-private (overfit),1.4590722578473692
HB-01105,Non-private (overfit),0.4365019897608483
HB-01107,Non-private (overfit),0.1020246335813968
HB-01108,Non-private (overfit),-0.13754282097569992
HB-01109,Non-private (overfit),-0.3597421238891748
HB-01110,Non-private (overfit),0.4439703209626724
HB-01111,Non-private (overfit),-0.7922150514777093
HB-01112,Non-private (overfit),-0.31711935084984555
HB-01113,Non-private (overfit),-0.19686070088854857
HB-01114,Non-private (overfit),0.20077352139742022
HB-01115,Non-private (overfit),0.16156692989643995
HB-01116,Non-private (overfit),0.3184566290332673
HB-01117,Non-private (overfit),-1.3962787710078197
HB-01118,Non-private (overfit),-0.04884360660081044
HB-01119,Non-private (overfit),-0.752069558517704
HB-01120,Non-private (overfit),0.4843077123204307
HB-01121,Non-private (overfit),0.48325939550241137
HB-01122,Non-private (overfit),-0.1486331657066864
HB-01123,Non-private (overfit),-0.14423154080473122
HB-01124,Non-private (overfit),0.5272585210921276
HB-01125,Non-private (overfit),0.19273606354058792
HB-01126,Non-private (overfit),0.12432050944540829
HB-01127,Non-private (overfit),-2.119529323875684
HB-01128,Non-private (overfit),0.24898318070859937
HB-01129,Non-private (overfit),-0.12221899022102212
HB-01130,Non-private (overfit),-0.08624866630977657
HB-01131,Non-private (overfit),0.5098222181244401
HB-01132,Non-private (overfit),-0.17631751389462436
HB-01133,Non-private (overfit),0.6692258123498229
HB-01134,Non-private (overfit),-0.33655177905485356
HB-01135,Non-private (overfit),0.10786383365205865
HB-01137,Non-private (overfit),-0.46395135070579796
HB-01138,Non-private (overfit),0.5634936821149241
HB-01139,Non-private (overfit),0.7887335957203436
HB-01140,Non-private (overfit),-0.005561688731773318
HB-01141,Non-private (overfit),0.5198901753211638
HB-01142,Non-private (overfit),-0.19561845501687358
HB-01143,Non-private (overfit),-0.302517136656979
HB-01144,Non-private (overfit),-0.7410140040279708
HB-01145,Non-private (overfit),0.50104787614073
HB-01146,Non-private (overfit),-0.5507793914452583
HB-01147,Non-private (overfit),-1.5607563871749477
HB-01148,Non-private (overfit),-0.755243167079579
HB-01149,Non-private (overfit),0.48643545844452074
HB-01150,Non-private (overfit),0.35890644689458207
HB-01151,Non-private (overfit),-0.424612506400027
HB-01153,Non-private (overfit),0.20884451903472412
HB-01155,Non-private (overfit),-0.2913466721577458
HB-01156,Non-private (overfit),-0.5823670970800454
HB-01157,Non-private (overfit),-1.1422116534404865
HB-01158,Non-private (overfit),-0.26419340436203154
HB-01159,Non-private (overfit),-0.21518237599777912
HB-01160,Non-private (overfit),0.04557771698721047
HB-01161,Non-private (overfit),-0.829556669938436
HB-01162,Non-private (overfit),0.11385216941344689
HB-01163,Non-private (overfit),-0.49133637018294896
HB-01164,Non-private (overfit),0.35345634643198454
HB-01166,Non-private (overfit),0.1924902061817777
HB-01167,Non-private (overfit),-0.17445876770272783
HB-01169,Non-private (overfit),1.025304159716307
HB-01170,Non-private (overfit),1.0198230120434792
HB-01171,Non-private (overfit),0.2995988225892805
HB-01172,Non-private (overfit),-2.1919040144412096
HB-01173,Non-private (overfit),0.26412515641350365
HB-01174,Non-private (overfit),0.1346722260181683
HB-01175,Non-private (overfit),-0.2319033974083382
HB-01176,Non-private (overfit),-2.15571746128014
HB-01177,Non-private (overfit),-0.1682692723609025
HB-01178,Non-private (overfit),0.2751555697032714
HB-01179,Non-private (overfit),-1.873904866395038
HB-01180,Non-private (overfit),1.5372503783258313
HB-01181,Non-private (overfit),0.34099849244861646
HB-01182,Non-private (overfit),0.19362256108241893
HB-01183,Non-private (overfit),0.08586126228113655
HB-01184,Non-private (overfit),1.0620240053683405
HB-01185,Non-private (overfit),-0.8316781932410364
HB-01186,Non-private (overfit),-0.4938152706779775
HB-01187,Non-private (overfit),-3.238647060186769
HB-01188,Non-private (overfit),3.806877009843086
HB-01189,Non-private (overfit),0.18199935067057327
HB-01190,Non-private (overfit),0.9303692437887054
HB-01191,Non-private (overfit),0.5832183919111023
HB-01192,Non-private (overfit),0.480969721705479
HB-01193,Non-private (overfit),-0.2954654267736486
HB-01194,Non-private (overfit),-0.027764838856827012
HB-01195,Non-private (overfit),0.2513872861750466
HB-01196,Non-private (overfit),0.2787564037573824
HB-01197,Non-private (overfit),0.4808804757225025
HB-01198,Non-private (overfit),0.4667377777161543
HB-01200,Non-private (overfit),0.02868077818900794
HB-01201,Non-private (overfit),-5.794096872370583
HB-01202,Non-private (overfit),0.27586140095073985
HB-01203,Non-private (overfit),0.03510995130192729
HB-01204,Non-private (overfit),-0.9827584263681182
HB-01205,Non-private (overfit),0.06229543347057276
HB-01206,Non-private (overfit),0.01919309453455842
HB-01207,Non-private (overfit),0.23246946349605424
HB-01210,Non-private (overfit),-2.45599960439915
HB-01211,Non-private (overfit),0.584391887218153
HB-01212,Non-private (overfit),-0.2363024241970998
HB-01213,Non-private (overfit),-0.02704293361866461
HB-01215,Non-private (overfit),-0.22542060761283278
HB-01216,Non-private (overfit),-1.3443595703088962
HB-01217,Non-private (overfit),-0.07247448683789792
HB-01218,Non-private (overfit),-0.5454585597190982
HB-01219,Non-private (overfit),0.5629580666696412
HB-01220,Non-private (overfit),-0.49245920056774706
HB-01221,Non-private (overfit),0.1244785900653469
HB-01222,Non-private (overfit),0.6613568289180205
HB-01223,Non-private (overfit),-0.04553237033358393
HB-01224,Non-private (overfit),-0.09373009322762416
HB-01225,Non-private (overfit),0.11581094308546125
HB-01226,Non-private (overfit),0.41737311947712097
HB-01227,Non-private (overfit),-0.24390870667559805
HB-01228,Non-private (overfit),-0.011959015165133646
HB-01229,Non-private (overfit),1.1697262529013297
HB-01230,Non-private (overfit),-0.054124445420289824
HB-01231,Non-private (overfit),-0.21762460117412918
HB-01232,Non-private (overfit),-0.6507256310006324
HB-01233,Non-private (overfit),-0.013706101864375375
HB-01234,Non-private (overfit),-0.2430719662372285
HB-01235,Non-private (overfit),-0.491490181747837
HB-01236,Non-private (overfit),-0.6439261858415026
HB-01237,Non-private (overfit),-0.6011315368923884
HB-01240,Non-private (overfit),-0.43045473269121626
HB-01241,Non-private (overfit),-0.5936312134462769
HB-01242,Non-private (overfit),-0.13340349279226205
HB-01243,Non-private (overfit),-0.18496290699331452
HB-01244,Non-private (overfit),-0.38374389026256206
HB-01245,Non-private (overfit),-0.5633176812854275
HB-01246,Non-private (overfit),-0.025194607555976134
HB-01247,Non-private (overfit),0.4297068098190151
HB-01248,Non-private (overfit),0.19448753695129994
HB-01249,Non-private (overfit),-1.1015641813802142
HB-01250,Non-private (overfit),-0.6516837326612133
HB-01251,Non-private (overfit),0.729896170091251
HB-01252,Non-private (overfit),-0.17749349867920416
HB-01253,Non-private (overfit),0.6247869744719119
HB-01254,Non-private (overfit),0.26031097689566185
HB-01255,Non-private (overfit),0.9230371749968969
HB-01256,Non-private (overfit),0.34007153017284564
HB-01257,Non-private (overfit),-0.19253904563154478
HB-01258,Non-private (overfit),0.6360838252413457
HB-01259,Non-private (overfit),-0.18210519946019876
HB-01260,Non-private (overfit),0.04799968388910436
HB-01261,Non-private (overfit),-2.7950478265976724
HB-01262,Non-private (overfit),0.012874334708459223
HB-01264,Non-private (overfit),0.30399621212905326
HB-01265,Non-private (overfit),0.12035803010471757
HB-01266,Non-private (overfit),0.2648225521895369
HB-01267,Non-private (overfit),0.032199821854082655
HB-01268,Non-private (overfit),0.3323702027227142
HB-01269,Non-private (overfit),0.2728155204077112
HB-01270,Non-private (overfit),0.9699456864656665
HB-01271,Non-private (overfit),-0.28367361722584483
HB-01272,Non-private (overfit),0.4240550263418955
HB-01274,Non-private (overfit),1.158847401669143
HB-01275,Non-private (overfit),0.05990834224038122
HB-01276,Non-private (overfit),-0.44469855121890944
HB-01280,Non-private (overfit),-0.2939412738676763
HB-01281,Non-private (overfit),0.3434525537484432
HB-01282,Non-private (overfit),0.5894584122734126
HB-01283,Non-private (overfit),0.04595986689211595
HB-01284,Non-private (overfit),0.14861722075398243
HB-01285,Non-private (overfit),-0.529992130425807
HB-01286,Non-private (overfit),-0.3690433785911642
HB-01287,Non-private (overfit),-0.5328321554708818
HB-01289,Non-private (overfit),0.028211029460217807
HB-01290,Non-private (overfit),-0.3988493747830306
HB-01291,Non-private (overfit),0.5721439394971022
HB-01292,Non-private (overfit),0.011013429610936543
HB-01293,Non-private (overfit),0.7100303153851131
HB-01294,Non-private (overfit),-0.1263934186266742
HB-01295,Non-private (overfit),0.7668378107808941
HB-01296,Non-private (overfit),0.19053146688498668
HB-01297,Non-private (overfit),0.457259818120096
HB-01300,Non-private (overfit),-0.8884630961692737
HB-01301,Non-private (overfit),-0.3059677750150185
HB-01302,Non-private (overfit),-0.18894625850283475
HB-01303,Non-private (overfit),1.2836237170098659
HB-01304,Non-private (overfit),0.33367010541530784
HB-01305,Non-private (overfit),-0.4773655102448986
HB-01306,Non-private (overfit),-0.013101135532902486
HB-01307,Non-private (overfit),0.12372962491295025
HB-01308,Non-private (overfit),0.934431465439783
HB-01309,Non-private (overfit),0.37545530027838225
HB-01310,Non-private (overfit),0.9045990080025179
HB-01311,Non-private (overfit),-0.6390230398500545
HB-01312,Non-private (overfit),0.4520026412732143
HB-01313,Non-private (overfit),0.2810693072101311
HB-01314,Non-private (overfit),0.25172849959601895
HB-01315,Non-private (overfit),0.7379283480240222
HB-01316,Non-private (overfit),0.13357500629660235
HB-01317,Non-private (overfit),0.382196503661556
HB-01318,Non-private (overfit),0.2639295850083423
HB-01319,Non-private (overfit),0.17149712492899738
HB-01320,Non-private (overfit),0.10809403022867958
HB-01321,Non-private (overfit),-0.2598889902716719
HB-01322,Non-private (overfit),0.239055555193753
HB-01323,Non-private (overfit),0.30891426022056967
HB-01324,Non-private (overfit),-0.45128641608298103
HB-01325,Non-private (overfit),-2.5605937773755936
HB-01326,Non-private (overfit),0.23832379298164974
HB-01327,Non-private (overfit),-0.4051334677781968
HB-01329,Non-private (overfit),0.08794026372136954
HB-01331,Non-private (overfit),0.7265966724515895
HB-01332,Non-private (overfit),0.5988749212602007
HB-01333,Non-private (overfit),0.4147013540535651
HB-01334,Non-private (overfit),-0.08303811705212993
HB-01335,Non-private (overfit),0.6461908227227433
HB-01336,Non-private (overfit),-4.85860186055692
HB-01337,Non-private (overfit),0.6199569352368111
HB-01338,Non-private (overfit),-0.22891496161526237
HB-01339,Non-private (overfit),-0.14300686397987938
HB-01340,Non-private (overfit),0.8288314810300847
HB-01341,Non-private (overfit),0.6570187302569219
HB-01342,Non-private (overfit),0.2517372246214231
HB-01343,Non-private (overfit),-4.871554118533429
HB-01344,Non-private (overfit),0.22276917059979107
HB-01345,Non-private (overfit),0.4360871827797337
HB-01346,Non-private (overfit),0.2786631681487952
HB-01347,Non-private (overfit),-3.209566418362868
HB-01348,Non-private (overfit),0.14519789562246066
HB-01349,Non-private (overfit),0.33048862052357075
HB-01350,Non-private (overfit),-2.1757234396089387
HB-01351,Non-private (overfit),0.08041518381413093
HB-01353,Non-private (overfit),-0.014161050731957392
HB-01355,Non-private (overfit),0.43990685211927605
HB-01356,Non-private (overfit),-0.5901639676469812
HB-01357,Non-private (overfit),-5.367461857170204
HB-01358,Non-private (overfit),-0.1444172595068638
HB-01359,Non-private (overfit),-1.2668880437304435
HB-01360,Non-private (overfit),-0.6008584883501729
HB-01361,Non-private (overfit),0.5282403615663813
HB-01363,Non-private (overfit),-0.41033852598096776
HB-01364,Non-private (overfit),0.47775872751434323
HB-01365,Non-private (overfit),-0.23143174071248485
HB-01366,Non-private (overfit),-0.2388327440518716
HB-01367,Non-private (overfit),0.7029191150434442
HB-01368,Non-private (overfit),0.09964389302170273
HB-01369,Non-private (overfit),-0.41926709424036823
HB-01370,Non-private (overfit),0.0603247673816929
HB-01371,Non-private (overfit),1.4006052984452957
HB-01372,Non-private (overfit),-0.12269047676524769
HB-01373,Non-private (overfit),0.5876295320743967
HB-01374,Non-private (overfit),1.1960004579584613
HB-01376,Non-private (overfit),-0.07238161162741763
HB-01377,Non-private (overfit),0.19854415964255367
HB-01378,Non-private (overfit),-0.31920958224986906
HB-01379,Non-private (overfit),-0.8223691560122668
HB-01380,Non-private (overfit),1.111783601350259
HB-01381,Non-private (overfit),-1.227550556348873
HB-01382,Non-private (overfit),0.3597958865376051
HB-01383,Non-private (overfit),-1.2540985022529103
HB-01384,Non-private (overfit),0.05232916379697117
HB-01386,Non-private (overfit),0.5865395464087864
HB-01387,Non-private (overfit),0.24718240974669214
HB-01388,Non-private (overfit),-0.06997980960022643
HB-01389,Non-private (overfit),-0.2537455592576303
HB-01390,Non-private (overfit),-0.2942803908459788
HB-01391,Non-private (overfit),0.652030938973243
HB-01392,Non-private (overfit),0.2892933285208934
HB-01393,Non-private (overfit),-0.07524696460223607
HB-01394,Non-private (overfit),0.7104470258336433
HB-01395,Non-private (overfit),0.983735390126987
HB-01396,Non-private (overfit),-0.4542922066207802
HB-01397,Non-private (overfit),0.6492539972601661
HB-01398,Non-private (overfit),0.1128171510628051
HB-01399,Non-private (overfit),1.6105992072661903
HB-01401,Non-private (overfit),0.2310637041011021
HB-01402,Non-private (overfit),0.17832964349833502
HB-01403,Non-private (overfit),-0.016886254361005326
HB-01404,Non-private (overfit),0.5335622823705137
HB-01405,Non-private (overfit),-0.23016816779223603
HB-01407,Non-private (overfit),-0.01677967368028188
HB-01408,Non-private (overfit),-0.5522134334352755
HB-01409,Non-private (overfit),2.059002852690001
HB-01410,Non-private (overfit),0.22223650032432973
HB-01411,Non-private (overfit),-0.10119263076299334
HB-01412,Non-private (overfit),-0.24008011479521885
HB-01413,Non-private (overfit),-0.7005550768396945
HB-01415,Non-private (overfit),-0.8855809087935305
HB-01416,Non-private (overfit),-0.5588324057735083
HB-01417,Non-private (overfit),0.10759027863589044
HB-01418,Non-private (overfit),-0.33530066850267615
HB-01420,Non-private (overfit),-0.5569810149794823
HB-01421,Non-private (overfit),0.03364086503417063
HB-01423,Non-private (overfit),-0.5747949167626827
HB-01424,Non-private (overfit),-0.2146787704291312
HB-01425,Non-private (overfit),0.2791584938511307
HB-01426,Non-private (overfit),-0.07277304512667249
HB-01427,Non-private (overfit),-0.023488015578020827
HB-01428,Non-private (overfit),-0.039657877406525266
HB-01429,Non-private (overfit),0.9139907111313978
HB-01430,Non-private (overfit),-0.8199384988411378
HB-01431,Non-private (overfit),0.7314242920221787
HB-01433,Non-private (overfit),-0.15631720686514328
HB-01434,Non-private (overfit),-0.34491972193788345
HB-01435,Non-private (overfit),0.1664346514776298
HB-01436,Non-private (overfit),0.8726273844045135
HB-01437,Non-private (overfit),1.2536785762015668
HB-01438,Non-private (overfit),-0.6697332460798151
HB-01439,Non-private (overfit),-0.3053657219653251
HB-01440,Non-private (overfit),-0.2864872191830645
HB-01441,Non-private (overfit),-0.46307929092576705
HB-01442,Non-private (overfit),-0.2412837822422465
HB-01443,Non-private (overfit),0.07212837745411016
HB-01444,Non-private (overfit),-0.39924863468477095
HB-01446,Non-private (overfit),0.1412692233200894
HB-01448,Non-private (overfit),-0.02886273604347811
HB-01449,Non-private (overfit),0.37129522099613155
HB-01450,Non-private (overfit),1.129888965957402
HB-01451,Non-private (overfit),0.020263090705181064
HB-01452,Non-private (overfit),0.04650555774605758
HB-01453,Non-private (overfit),0.004614712581776814
HB-01454,Non-private (overfit),0.11369159498140147
HB-01455,Non-private (overfit),0.11300096420046424
HB-01456,Non-private (overfit),-0.24933807926536533
HB-01458,Non-private (overfit),-0.5329433512940467
HB-01459,Non-private (overfit),0.07091610215533639
HB-01460,Non-private (overfit),0.1303941327293876
HB-01461,Non-private (overfit),-1.0938910901713568
HB-01462,Non-private (overfit),0.30504887203972575
HB-01463,Non-private (overfit),0.1578414132206527
HB-01464,Non-private (overfit),0.08989755928671883
HB-01465,Non-private (overfit),0.10345192228753408
HB-01466,Non-private (overfit),0.5454937958601387
HB-01467,Non-private (overfit),0.24935091594365622
HB-01468,Non-private (overfit),0.7678855822328237
HB-01469,Non-private (overfit),0.07422961908102343
HB-01470,Non-private (overfit),0.20288194229342937
HB-01471,Non-private (overfit),-0.17059195261788962
HB-01472,Non-private (overfit),-0.6986746258391312
HB-01473,Non-private (overfit),0.7901653851763228
HB-01474,Non-private (overfit),-0.007268662666865877
HB-01475,Non-private (overfit),-0.42604125061123277
HB-01476,Non-private (overfit),0.02606611593061836
HB-01477,Non-private (overfit),0.15469633131082916
HB-01478,Non-private (overfit),-0.8563408012756597
HB-01479,Non-private (overfit),-0.18713940703539111
HB-01480,Non-private (overfit),-0.6960880561685556
HB-01481,Non-private (overfit),0.3870961786215189
HB-01482,Non-private (overfit),-0.014328495243289385
HB-01483,Non-private (overfit),-0.060624352764776734
HB-01484,Non-private (overfit),0.36918712928534747
HB-01485,Non-private (overfit),-0.11929659234971646
HB-01486,Non-private (overfit),-0.7879774989559214
HB-01487,Non-private (overfit),-0.1473009306824713
HB-01488,Non-private (overfit),-0.7221009867866419
HB-01490,Non-private (overfit),0.8382996557568703
HB-01491,Non-private (overfit),-0.33390396343741147
HB-01492,Non-private (overfit),-0.057028152964945455
HB-01493,Non-private (overfit),0.07246207303901286
HB-01494,Non-private (overfit),0.13461229803047514
HB-01495,Non-private (overfit),-0.33573034504184895
HB-01496,Non-private (overfit),0.7888601295517786
HB-01498,Non-private (overfit),0.6120640728759352
HB-01500,Non-private (overfit),-0.14993571049724608
HB-01501,Non-private (overfit),0.7990220051255428
HB-01502,Non-private (overfit),0.13211488940945415
HB-01503,Non-private (overfit),-0.00610711803052677
HB-01504,Non-private (overfit),0.951926552725991
HB-01505,Non-private (overfit),-0.45021937279243307
HB-01506,Non-private (overfit),-0.49080772579859033
HB-01507,Non-private (overfit),-0.0832858944195326
HB-01508,Non-private (overfit),0.39430663280167577
HB-01509,Non-private (overfit),0.19122276833928842
HB-01510,Non-private (overfit),0.20358415661212304
HB-01511,Non-private (overfit),0.2405334763312187
HB-01514,Non-private (overfit),0.25538497827197904
HB-01515,Non-private (overfit),-3.8240672374799742
HB-01516,Non-private (overfit),0.21271974073768718
HB-01517,Non-private (overfit),-0.8952391176256329
HB-01518,Non-private (overfit),0.23812711578516832
HB-01519,Non-private (overfit),-0.05639606387744944
HB-01520,Non-private (overfit),0.09348326849742372
HB-01521,Non-private (overfit),-0.4327489845873509
HB-01523,Non-private (overfit),0.07766559553733687
HB-01524,Non-private (overfit),-0.5648358033227825
HB-01525,Non-private (overfit),-0.23074134115394562
HB-01526,Non-private (overfit),-0.18344209516778776
HB-01527,Non-private (overfit),0.21349231979392025
HB-01528,Non-private (overfit),-0.05712567123235779
HB-01529,Non-private (overfit),-0.14219561064368236
HB-01530,Non-private (overfit),-0.7034623576691432
HB-01531,Non-private (overfit),-0.44560461493688086
HB-01532,Non-private (overfit),0.31246945320438213
HB-01533,Non-private (overfit),0.27781828174622025
HB-01534,Non-private (overfit),0.6339484516664438
HB-01535,Non-private (overfit),-0.34467354940532324
HB-01536,Non-private (overfit),0.011739328796848136
HB-01537,Non-private (overfit),-0.2552007206758582
HB-01538,Non-private (overfit),-2.225868190420244
HB-01539,Non-private (overfit),0.7234239366225448
HB-01540,Non-private (overfit),-0.5578436502355284
HB-01541,Non-private (overfit),-0.07048029166052228
HB-01542,Non-private (overfit),0.17930739234455983
HB-01543,Non-private (overfit),-2.7609210217534064
HB-01544,Non-private (overfit),0.5049013460606937
HB-01546,Non-private (overfit),-1.1547628740922544
HB-01547,Non-private (overfit),-0.597368188822569
HB-01549,Non-private (overfit),0.4065524224750572
HB-01550,Non-private (overfit),0.08606652339583454
HB-01551,Non-private (overfit),-0.3212449181605499
HB-01552,Non-private (overfit),-0.09586076545071798
HB-01553,Non-private (overfit),-0.3815636044998003
HB-01554,Non-private (overfit),1.0245197883048611
HB-01556,Non-private (overfit),-0.005922419166070281
HB-01557,Non-private (overfit),-1.2861539366582293
HB-01558,Non-private (overfit),0.8444764414725874
HB-01559,Non-private (overfit),-0.21538381911549376
HB-01560,Non-private (overfit),0.2993707251718959
HB-01563,Non-private (overfit),-0.014764614970347312
HB-01564,Non-private (overfit),0.003452019757678615
HB-01565,Non-private (overfit),-0.036525647255805094
HB-01566,Non-private (overfit),-0.3278771877934392
HB-01567,Non-private (overfit),-0.02779138493003197
HB-01568,Non-private (overfit),-0.5892319641345232
HB-01569,Non-private (overfit),0.4351390249730973
HB-01570,Non-private (overfit),0.15493288666046878
HB-01571,Non-private (overfit),0.46066961000787465
HB-01572,Non-private (overfit),-0.07577308663071669
HB-01573,Non-private (overfit),-0.14426970393405836
HB-01574,Non-private (overfit),0.04406959068679661
HB-01575,Non-private (overfit),0.4994660563890587
HB-01576,Non-private (overfit),0.8443922355760082
HB-01577,Non-private (overfit),0.20136453458727477
HB-01578,Non-private (overfit),0.2238738250162231
HB-01579,Non-private (overfit),-0.5920759357585106
HB-01580,Non-private (overfit),-0.25977826889905176
HB-01581,Non-private (overfit),-0.8140953153262751
HB-01582,Non-private (overfit),-0.8452087172808365
HB-01583,Non-private (overfit),0.46629390572727214
HB-01584,Non-private (overfit),0.5688005215396199
HB-01585,Non-private (overfit),-0.26827162809470373
HB-01586,Non-private (overfit),-0.6520549898977195
HB-01587,Non-private (overfit),0.3482021565348734
HB-01588,Non-private (overfit),-0.7295453009598369
HB-01589,Non-private (overfit),0.027432754853105923
HB-01590,Non-private (overfit),0.6309508759980674
HB-01591,Non-private (overfit),-1.6074355705386048
HB-01592,Non-private (overfit),0.3928744858714135
HB-01593,Non-private (overfit),-0.509623997729598
HB-01594,Non-private (overfit),0.004727167401436638
HB-01595,Non-private (overfit),0.11270015613403217
HB-01596,Non-private (overfit),-13.157738716580058
HB-01597,Non-private (overfit),0.22475694308711347
HB-01598,Non-private (overfit),0.6325765918208552
HB-01599,Non-private (overfit),1.093577076428888
HB-01600,Non-private (overfit),-0.888276971025609
HB-01601,Non-private (overfit),-0.15097197440725818
HB-01602,Non-private (overfit),-0.1657135569544832
HB-01603,Non-private (overfit),-1.2117992822113497
HB-01604,Non-private (overfit),0.11729096690410268
HB-01605,Non-private (overfit),0.1829302083396247
HB-01606,Non-private (overfit),0.39066695037003285
HB-01607,Non-private (overfit),-0.005970685245278551
HB-01608,Non-private (overfit),0.18466379902351937
HB-01609,Non-private (overfit),1.6653499941140248
HB-01610,Non-private (overfit),-0.12715834702786144
HB-01611,Non-private (overfit),-0.40809455716239373
HB-01612,Non-private (overfit),-0.4472902619632957
HB-01613,Non-private (overfit),-0.2993051107268181
HB-01614,Non-private (overfit),-0.08479324126625887
HB-01615,Non-private (overfit),-0.0004941849122448438
HB-01616,Non-private (overfit),0.45553873670315426
HB-01617,Non-private (overfit),-0.5989646667120312
HB-01618,Non-private (overfit),0.13343141570329276
HB-01619,Non-private (overfit),-0.46838283932310043
HB-01620,Non-private (overfit),0.33455904399139413
HB-01621,Non-private (overfit),0.30442525886660077
HB-01622,Non-private (overfit),0.1320834686138559
HB-01623,Non-private (overfit),0.1508374991627286
HB-01624,Non-private (overfit),0.5621781011413449
HB-01625,Non-private (overfit),-0.06581520803095042
HB-01626,Non-private (overfit),-0.5257558247573506
HB-01627,Non-private (overfit),-0.1145476026493607
HB-01628,Non-private (overfit),-0.19077729729771087
HB-01629,Non-private (overfit),-0.37897148020915405
HB-01630,Non-private (overfit),0.8174687136862353
HB-01631,Non-private (overfit),-0.2720677890437442
HB-01632,Non-private (overfit),-0.9345976653583019
HB-01633,Non-private (overfit),0.1396096448303843
HB-01635,Non-private (overfit),-0.0008959065118470111
HB-01636,Non-private (overfit),-0.0632370270111502
HB-01637,Non-private (overfit),0.2230996360041353
HB-01638,Non-private (overfit),0.6030908701712334
HB-01640,Non-private (overfit),0.7015930667638004
HB-01641,Non-private (overfit),-0.11253841628735994
HB-01642,Non-private (overfit),-0.10483015102703863
HB-01643,Non-private (overfit),-0.46821934041620783
HB-01644,Non-private (overfit),-0.07185040628966144
HB-01645,Non-private (overfit),0.06365958156461471
HB-01646,Non-private (overfit),-0.771051156806966
HB-01647,Non-private (overfit),-0.008922386479245814
HB-01648,Non-private (overfit),-0.2201829362665868
HB-01649,Non-private (overfit),-0.9055817643383466
HB-01650,Non-private (overfit),-0.2416688590619569
HB-01651,Non-private (overfit),-0.2871772972607731
HB-01654,Non-private (overfit),-1.0840018212363045
HB-01655,Non-private (overfit),0.47595131175486394
HB-01656,Non-private (overfit),-0.1768434099234395
HB-01657,Non-private (overfit),-0.05918222188164812
HB-01658,Non-private (overfit),0.34266300379281234
HB-01659,Non-private (overfit),-0.5993714233898348
HB-01660,Non-private (overfit),-0.35325315372288246
HB-01661,Non-private (overfit),-0.5499633873737177
HB-01662,Non-private (overfit),-0.4605098243047756
HB-01663,Non-private (overfit),1.1182107415257263
HB-01664,Non-private (overfit),-1.439697320062828
HB-01665,Non-private (overfit),-0.20041820638015473
HB-01666,Non-private (overfit),0.7067561121194386
HB-01667,Non-private (overfit),-0.4025545547463666
HB-01668,Non-private (overfit),0.2362775432594275
HB-01669,Non-private (overfit),0.5114964626231284
HB-01670,Non-private (overfit),-0.06577248732342655
HB-01671,Non-private (overfit),0.21362393138567048
HB-01672,Non-private (overfit),0.8935367310233961
HB-01673,Non-private (overfit),-0.24330617043646763
HB-01674,Non-private (overfit),-0.11569586855504643
HB-01675,Non-private (overfit),-0.09899566480071664
HB-01677,Non-private (overfit),-0.1832986792990764
HB-01678,Non-private (overfit),-0.5796264129645026
HB-01679,Non-private (overfit),0.09511600249906915
HB-01681,Non-private (overfit),-0.21633884666441583
HB-01682,Non-private (overfit),-1.0370378741762076
HB-01683,Non-private (overfit),-0.786559738552628
HB-01684,Non-private (overfit),1.0486256210524751
HB-01685,Non-private (overfit),-0.17568427708432066
HB-01686,Non-private (overfit),0.7857372768791937
HB-01687,Non-private (overfit),0.18161378157644004
HB-01688,Non-private (overfit),-2.585410872182736
HB-01689,Non-private (overfit),-0.07405665977197207
HB-01690,Non-private (overfit),-0.27384035350409275
HB-01691,Non-private (overfit),0.6673302966994532
HB-01692,Non-private (overfit),-0.4646728911875604
HB-01693,Non-private (overfit),0.9243208804979235
HB-01694,Non-private (overfit),-5.207490725439495
HB-01695,Non-private (overfit),0.8216664792835917
HB-01696,Non-private (overfit),-0.02926323488015181
HB-01697,Non-private (overfit),-0.8639077160752979
HB-01698,Non-private (overfit),-0.11769591190128204
HB-01699,Non-private (overfit),0.7949917120112104
HB-01700,Non-private (overfit),-0.1528282216819017
HB-01701,Non-private (overfit),-0.46779908591634745
HB-01702,Non-private (overfit),3.3461932197925623
HB-01703,Non-private (overfit),-0.013845028496641376
HB-01704,Non-private (overfit),0.5016512238403972
HB-01705,Non-private (overfit),-0.6764837762663123
HB-01706,Non-private (overfit),-0.11766965796851203
HB-01707,Non-private (overfit),-0.15280459411192515
HB-01708,Non-private (overfit),-0.3799195044825989
HB-01709,Non-private (overfit),1.0002290129122753
HB-01710,Non-private (overfit),-1.9440336689376645
HB-01712,Non-private (overfit),0.08348161511558327
HB-01713,Non-private (overfit),0.07030059997786342
HB-01714,Non-private (overfit),-0.002726318273228223
HB-01715,Non-private (overfit),-0.4694160268817189
HB-01716,Non-private (overfit),0.23291912386011693
HB-01717,Non-private (overfit),0.5256298272951184
HB-01718,Non-private (overfit),0.2906213460325402
HB-01719,Non-private (overfit),0.47048206950394533
HB-01720,Non-private (overfit),0.4659230193152668
HB-01721,Non-private (overfit),-0.06889156724150292
HB-01722,Non-private (overfit),0.6475630020685511
HB-01723,Non-private (overfit),0.3103473735762481
HB-01725,Non-private (overfit),1.2679698661646284
HB-01726,Non-private (overfit),-0.4323121107077528
HB-01727,Non-private (overfit),-0.08350750346882574
HB-01728,Non-private (overfit),-0.7013438659362601
HB-01730,Non-private (overfit),-0.7218399914087135
HB-01731,Non-private (overfit),0.08825055130978154
HB-01733,Non-private (overfit),-0.006222107197974669
HB-01734,Non-private (overfit),-0.2664126987807598
HB-01735,Non-private (overfit),0.0048080943173842705
HB-01736,Non-private (overfit),-0.059346198667403094
HB-01737,Non-private (overfit),-0.27768957632631586
HB-01738,Non-private (overfit),0.8549644215825096
HB-01739,Non-private (overfit),2.01320732877927
HB-01740,Non-private (overfit),0.2722405598295208
HB-01741,Non-private (overfit),-1.8251415131177593
HB-01742,Non-private (overfit),0.18665735440656595
HB-01743,Non-private (overfit),-0.18539649437173633
HB-01744,Non-private (overfit),1.2415011269403493
HB-01745,Non-private (overfit),-0.06347461379082464
HB-01746,Non-private (overfit),-0.46814674754462027
HB-01747,Non-private (overfit),0.4097237749179583
HB-01748,Non-private (overfit),0.0865489324635158
HB-01749,Non-private (overfit),-0.27156984070859225
HB-01750,Non-private (overfit),0.36749286266489456
HB-01751,Non-private (overfit),-0.016750272091420326
HB-01753,Non-private (overfit),-2.003183847774134
HB-01754,Non-private (overfit),0.380862183249135
HB-01756,Non-private (overfit),-1.1707148605147568
HB-01757,Non-private (overfit),0.47563037973963485
HB-01758,Non-private (overfit),-0.00022204169777473304
HB-01760,Non-private (overfit),0.6086561826618391
HB-01761,Non-private (overfit),1.1494235957012315
HB-01762,Non-private (overfit),0.0968966585009533
HB-01763,Non-private (overfit),-3.45629228022659
HB-01764,Non-private (overfit),-0.25340468809140715
HB-01765,Non-private (overfit),0.1050130349966818
HB-01766,Non-private (overfit),0.36523356004057517
HB-01767,Non-private (overfit),0.6490656387644557
HB-01769,Non-private (overfit),0.08839363625881225
HB-01770,Non-private (overfit),-0.1172556468516519
HB-01771,Non-private (overfit),-0.39651891722984356
HB-01775,Non-private (overfit),0.17760562587162299
HB-01776,Non-private (overfit),-0.8034376543659028
HB-01777,Non-private (overfit),-0.029958514225116528
HB-01778,Non-private (overfit),0.43990858633406194
HB-01780,Non-private (overfit),-0.38468322925322895
HB-01781,Non-private (overfit),0.0012786281144174794
HB-01782,Non-private (overfit),-0.2961946950081231
HB-01783,Non-private (overfit),0.1712551984664099
HB-01784,Non-private (overfit),0.23230704303644645
HB-01785,Non-private (overfit),-0.2356159142860823
HB-01786,Non-private (overfit),-0.1984561913380709
HB-01787,Non-private (overfit),0.6059633123860855
HB-01788,Non-private (overfit),-1.4518938655250633
HB-01789,Non-private (overfit),1.6473958946741232
HB-01790,Non-private (overfit),-1.7311110662059637
HB-01792,Non-private (overfit),0.4071077042841238
HB-01793,Non-private (overfit),-0.3568589611068371
HB-01794,Non-private (overfit),0.036820382134318486
HB-01795,Non-private (overfit),-0.32513306997998326
HB-01797,Non-private (overfit),0.6569925998179436
HB-01798,Non-private (overfit),0.3951520797261392
HB-01799,Non-private (overfit),0.0564032890396573
HB-01800,Non-private (overfit),-0.15892770292140468
HB-01801,Non-private (overfit),2.8017660289686996
HB-01802,Non-private (overfit),-2.3872230326533663
HB-01803,Non-private (overfit),-0.12246913178340857
HB-01804,Non-private (overfit),0.06260567894219826
HB-01805,Non-private (overfit),0.31970421575479335
HB-01807,Non-private (overfit),-0.14810865639944448
HB-01808,Non-private (overfit),2.0476235550476476
HB-01809,Non-private (overfit),-1.122057657357724
HB-01811,Non-private (overfit),-0.1853262910055018
HB-01812,Non-private (overfit),-0.14837716807610857
HB-01813,Non-private (overfit),-0.13428163987287767
HB-01815,Non-private (overfit),-4.363624711124416
HB-01817,Non-private (overfit),0.285605537115579
HB-01818,Non-private (overfit),0.2561472162535521
HB-01819,Non-private (overfit),0.9034142025231007
HB-01820,Non-private (overfit),-0.05718331991516057
HB-01821,Non-private (overfit),-0.3871037236143351
HB-01822,Non-private (overfit),1.3134954537442327
HB-01823,Non-private (overfit),-2.212564823652567
HB-01824,Non-private (overfit),0.5419961830828364
HB-01825,Non-private (overfit),0.04765100299281966
HB-01827,Non-private (overfit),-0.23348289682711743
HB-01828,Non-private (overfit),-0.4913302591529116
HB-01829,Non-private (overfit),-0.14722561518041433
HB-01830,Non-private (overfit),-0.08703868147019111
HB-01831,Non-private (overfit),0.10779653377938603
HB-01832,Non-private (overfit),0.27793118157983376
HB-01833,Non-private (overfit),0.6548954619243748
HB-01834,Non-private (overfit),0.1109239781868645
HB-01835,Non-private (overfit),-0.5384672857786161
HB-01836,Non-private (overfit),0.16892025402434818
HB-01837,Non-private (overfit),-0.28257599851538906
HB-01838,Non-private (overfit),-0.7505453270577557
HB-01839,Non-private (overfit),0.2509055761542631
HB-01840,Non-private (overfit),0.35929825570831064
HB-01841,Non-private (overfit),-0.13878088350722417
HB-01842,Non-private (overfit),0.16945299051707363
HB-01843,Non-private (overfit),-0.22373115651303666
HB-01844,Non-private (overfit),0.07033177253697631
HB-01845,Non-private (overfit),-1.1807792589112116
HB-01846,Non-private (overfit),0.580972572050413
HB-01847,Non-private (overfit),1.062329109080795
HB-01848,Non-private (overfit),0.3116004223482791
HB-01850,Non-private (overfit),-0.2475492992817916
HB-01851,Non-private (overfit),-0.188108454515156
HB-01852,Non-private (overfit),0.3921812056225904
HB-01853,Non-private (overfit),-0.8254694268835139
HB-01855,Non-private (overfit),-0.12140604673027333
HB-01856,Non-private (overfit),0.32700876133329393
HB-01857,Non-private (overfit),-0.08117898301945425
HB-01858,Non-private (overfit),0.4670614650967724
HB-01859,Non-private (overfit),-0.6258246876732376
HB-01861,Non-private (overfit),1.2586870662376501
HB-01862,Non-private (overfit),0.1319984920890176
HB-01863,Non-private (overfit),-0.15234171063320479
HB-01864,Non-private (overfit),-1.1807038952390445
HB-01865,Non-private (overfit),0.7469371459861721
HB-01866,Non-private (overfit),0.4921343454967031
HB-01867,Non-private (overfit),-0.6953492517996536
HB-01868,Non-private (overfit),0.4431844911212002
HB-01869,Non-private (overfit),0.6728578200699857
HB-01870,Non-private (overfit),-0.18377868462409042
HB-01871,Non-private (overfit),-0.12038651259393585
HB-01872,Non-private (overfit),-0.17736594545073747
HB-01873,Non-private (overfit),0.6116498090571052
HB-01874,Non-private (overfit),-0.5051509456272405
HB-01875,Non-private (overfit),0.8154445488416329
HB-01877,Non-private (overfit),-0.8132374331955832
HB-01878,Non-private (overfit),0.4474484682600952
HB-01879,Non-private (overfit),0.3168681678849741
HB-01880,Non-private (overfit),-0.5308646251793632
HB-01881,Non-private (overfit),-0.9231369555342499
HB-01882,Non-private (overfit),0.11784801499407394
HB-01884,Non-private (overfit),0.7365184701801684
HB-01885,Non-private (overfit),-0.1504132627548409
HB-01886,Non-private (overfit),-0.2650885051019962
HB-01887,Non-private (overfit),-9.62834752940462
HB-01888,Non-private (overfit),-0.08798959102544979
HB-01889,Non-private (overfit),0.001897718400795334
HB-01890,Non-private (overfit),-0.2863602758507491
HB-01891,Non-private (overfit),-0.3742648292212988
HB-01893,Non-private (overfit),-0.027873074484203064
HB-01894,Non-private (overfit),-0.29446103456291883
HB-01895,Non-private (overfit),-0.08524002395065988
HB-01896,Non-private (overfit),-0.08711858418144924
HB-01897,Non-private (overfit),-0.2048034505570686
HB-01898,Non-private (overfit),0.4251443194515816
HB-01899,Non-private (overfit),-0.3054276661727604
HB-01900,Non-private (overfit),-0.3746001252419191
HB-01901,Non-private (overfit),-0.4551017513248867
HB-01902,Non-private (overfit),-0.4521179420652477
HB-01903,Non-private (overfit),-0.17055377360549695
HB-01904,Non-private (overfit),0.4553494843289909
HB-01905,Non-private (overfit),0.1234181516477425
HB-01906,Non-private (overfit),0.17006928030116963
HB-01907,Non-private (overfit),0.34142099946992954
HB-01908,Non-private (overfit),-0.38397674928731274
HB-01909,Non-private (overfit),-0.01187051960513319
HB-01910,Non-private (overfit),-10.428851017168245
HB-01911,Non-private (overfit),0.7283055253594736
HB-01912,Non-private (overfit),0.12019396020413409
HB-01913,Non-private (overfit),0.9485111901263195
HB-01914,Non-private (overfit),-0.16453600568816307
HB-01915,Non-private (overfit),0.5258019236512808
HB-01917,Non-private (overfit),-0.14256843353298954
HB-01918,Non-private (overfit),0.7556163395915121
HB-01919,Non-private (overfit),0.4041537072491379
HB-01920,Non-private (overfit),0.2718226002983126
HB-01921,Non-private (overfit),-0.5566594111458305
HB-01922,Non-private (overfit),0.24032286870015995
HB-01923,Non-private (overfit),-0.17176808182563208
HB-01924,Non-private (overfit),0.3490658683070882
HB-01925,Non-private (overfit),-1.7967267287582476
HB-01928,Non-private (overfit),-0.033600118546472935
HB-01929,Non-private (overfit),-0.2526702266908405
HB-01930,Non-private (overfit),-0.17127036800511464
HB-01931,Non-private (overfit),0.21125625811018522
HB-01932,Non-private (overfit),0.24074021871348528
HB-01933,Non-private (overfit),-2.5025588015717304
HB-01934,Non-private (overfit),0.013077707212867162
HB-01935,Non-private (overfit),0.6224102203633715
HB-01937,Non-private (overfit),0.8172315444034961
HB-01938,Non-private (overfit),0.24623372830168122
HB-01939,Non-private (overfit),0.32103997051352584
HB-01940,Non-private (overfit),-0.9868322766847926
HB-01941,Non-private (overfit),-0.3789224445034529
HB-01942,Non-private (overfit),-0.04132670787904735
HB-01943,Non-private (overfit),-0.029984120430362804
HB-01944,Non-private (overfit),-0.019293007328568645
HB-01945,Non-private (overfit),-1.1718172090010361
HB-01946,Non-private (overfit),-0.07360682715905453
HB-01948,Non-private (overfit),0.22196239945362506
HB-01950,Non-private (overfit),0.12793460278669078
HB-01951,Non-private (overfit),0.6235786860596705
HB-01952,Non-private (overfit),-1.9765110791769658
HB-01953,Non-private (overfit),0.1374135283509128
HB-01954,Non-private (overfit),-0.25404225364918664
HB-01955,Non-private (overfit),0.15088003150830642
HB-01956,Non-private (overfit),0.1609682887346402
HB-01957,Non-private (overfit),1.0452945986781208
HB-01958,Non-private (overfit),0.15501707379788532
HB-01959,Non-private (overfit),-0.1385516176552294
HB-01960,Non-private (overfit),0.6773910330305535
HB-01962,Non-private (overfit),1.039813302035391
HB-01963,Non-private (overfit),-2.8855364785019972
HB-01964,Non-private (overfit),-1.024123649139439
HB-01965,Non-private (overfit),-0.09902838129822089
HB-01966,Non-private (overfit),-0.023824433012646917
HB-01967,Non-private (overfit),-0.857827625103277
HB-01968,Non-private (overfit),-0.3576353835797592
HB-01969,Non-private (overfit),0.5154987903845335
HB-01970,Non-private (overfit),0.5238940299738524
HB-01971,Non-private (overfit),0.3522345033151053
HB-01972,Non-private (overfit),-0.7376990631591755
HB-01973,Non-private (overfit),0.3745269457994105
HB-01976,Non-private (overfit),0.5716772575452538
HB-01977,Non-private (overfit),-0.18795319719847914
HB-01978,Non-private (overfit),-0.059650802881226817
HB-01979,Non-private (overfit),0.026237253798769622
HB-01980,Non-private (overfit),-0.0766214046237561
HB-01981,Non-private (overfit),-0.5214675408537581
HB-01982,Non-private (overfit),-0.2133750534908505
HB-01983,Non-private (overfit),-0.36684494650896804
HB-01984,Non-private (overfit),-0.4191011446312287
HB-01985,Non-private (overfit),0.2849210867221531
HB-01986,Non-private (overfit),0.9132758156128786
HB-01987,Non-private (overfit),1.1387420115493896
HB-01988,Non-private (overfit),-0.22199335277666377
HB-01989,Non-private (overfit),0.1651250999343692
HB-01990,Non-private (overfit),0.4128244602535527
HB-01991,Non-private (overfit),-0.1309270942630143
HB-01993,Non-private (overfit),0.10714679504964852
HB-01994,Non-private (overfit),-0.28922095531776026
HB-01995,Non-private (overfit),1.4317318526979073
HB-01996,Non-private (overfit),1.6027435517248056
HB-01997,Non-private (overfit),-0.013624356841909657
HB-01998,Non-private (overfit),-0.24332001761125754
HB-01999,Non-private (overfit),-0.7343506251815153
HB-02000,Non-private (overfit),-0.3575406623211106
HB-02001,Non-private (overfit),0.16168700041772177
HB-02002,Non-private (overfit),-0.12403261294458234
HB-02003,Non-private (overfit),0.5109236337746579
HB-02004,Non-private (overfit),0.8773362727719403
HB-02006,Non-private (overfit),-0.2871728032130456
HB-02007,Non-private (overfit),0.18474912457663484
HB-02008,Non-private (overfit),1.0366056142950262
HB-02009,Non-private (overfit),0.5801774679302778
HB-02010,Non-private (overfit),-1.0896112658211816
HB-02011,Non-private (overfit),0.3067524279602256
HB-02012,Non-private (overfit),0.9364449326845439
HB-02013,Non-private (overfit),1.3909976929034271
HB-02015,Non-private (overfit),-0.4868289493841501
HB-02016,Non-private (overfit),0.2364790930903169
HB-02017,Non-private (overfit),0.29145369272271915
HB-02018,Non-private (overfit),0.5700801039005055
HB-02019,Non-private (overfit),0.7381201066859773
HB-02021,Non-private (overfit),-0.5653364810417609
HB-02022,Non-private (overfit),-0.5638639405258794
HB-02023,Non-private (overfit),0.7315411321941563
HB-02024,Non-private (overfit),0.46278945317295617
HB-02025,Non-private (overfit),0.3517772723567363
HB-02026,Non-private (overfit),0.11263245225263896
HB-02027,Non-private (overfit),0.09851392018245397
HB-02028,Non-private (overfit),0.3111291364100608
HB-02029,Non-private (overfit),-0.3279216228381514
HB-02030,Non-private (overfit),0.011792620595553416
HB-02031,Non-private (overfit),0.6843949735032449
HB-02032,Non-private (overfit),-10.425874306777837
HB-02033,Non-private (overfit),0.4213977929841505
HB-02034,Non-private (overfit),-0.038799703174950184
HB-02035,Non-private (overfit),0.09763544053357609
HB-02036,Non-private (overfit),-1.0934141075099815
HB-02037,Non-private (overfit),-0.16434612138037985
HB-02038,Non-private (overfit),-0.07800106967698572
HB-02039,Non-private (overfit),-0.6432375151592022
HB-02040,Non-private (overfit),-2.7081182199238865
HB-02041,Non-private (overfit),0.43684372897312773
HB-02043,Non-private (overfit),-0.2125270483736481
HB-02044,Non-private (overfit),-0.35989373735819763
HB-02045,Non-private (overfit),-0.19474794977190724
HB-02046,Non-private (overfit),-0.33728694195211006
HB-02047,Non-private (overfit),0.09472493439359919
HB-02048,Non-private (overfit),-0.5620836676277974
HB-02050,Non-private (overfit),0.6192023321620117
HB-02051,Non-private (overfit),-0.5536828583866358
HB-02053,Non-private (overfit),1.0828795024142193
HB-02054,Non-private (overfit),-0.29203750785313765
HB-02055,Non-private (overfit),-0.09344708054841644
HB-02056,Non-private (overfit),2.3970411221484706
HB-02057,Non-private (overfit),-0.2528756032916275
HB-02058,Non-private (overfit),-0.06566632762297298
HB-02060,Non-private (overfit),0.5656958786862414
HB-02061,Non-private (overfit),0.44110819480917307
HB-02062,Non-private (overfit),-1.158626358888617
HB-02063,Non-private (overfit),0.4803368441462821
HB-02064,Non-private (overfit),-2.058079901740819
HB-02065,Non-private (overfit),6.083139752905623
HB-02066,Non-private (overfit),0.09202868853332125
HB-02067,Non-private (overfit),0.36131571764757386
HB-02068,Non-private (overfit),-0.24334511215587096
HB-02069,Non-private (overfit),-0.4763975531669844
HB-02070,Non-private (overfit),0.4069977808918155
HB-02071,Non-private (overfit),-0.24262433547443485
HB-02072,Non-private (overfit),0.05949536977981307
HB-02073,Non-private (overfit),2.4293283066118097
HB-02074,Non-private (overfit),0.42273386864615503
HB-02075,Non-private (overfit),-0.2816201607267046
HB-02076,Non-private (overfit),0.42071092353912576
HB-02077,Non-private (overfit),-0.0371431220126186
HB-02078,Non-private (overfit),-0.08038260551149667
HB-02079,Non-private (overfit),-0.6239479125655092
HB-02080,Non-private (overfit),-0.33583775143805794
HB-02081,Non-private (overfit),0.06721527626017787
HB-02082,Non-private (overfit),-0.45749228721939117
HB-02083,Non-private (overfit),0.07751644553024484
HB-02084,Non-private (overfit),-0.7561833799281192
HB-02085,Non-private (overfit),-0.3691527276465765
HB-02086,Non-private (overfit),0.028069834412302486
HB-02087,Non-private (overfit),1.6961107919817362
HB-02088,Non-private (overfit),-0.3175855066604788
HB-02089,Non-private (overfit),0.02328236943913753
HB-02090,Non-private (overfit),0.7873544332755477
HB-02091,Non-private (overfit),0.6249752062078837
HB-02092,Non-private (overfit),-2.642753672082777
HB-02093,Non-private (overfit),1.1143011123016417
HB-02094,Non-private (overfit),0.11822123236542431
HB-02096,Non-private (overfit),-0.16745020304142755
HB-02098,Non-private (overfit),1.0747355235430351
HB-02099,Non-private (overfit),0.03211734436623237
HB-02100,Non-private (overfit),-0.06636709086364645
HB-02101,Non-private (overfit),0.10608614776596248
HB-02103,Non-private (overfit),-0.06348566260326582
HB-02105,Non-private (overfit),0.43463085805736057
HB-02106,Non-private (overfit),0.36395955818887027
HB-02108,Non-private (overfit),-0.3547976150400959
HB-02110,Non-private (overfit),1.6844832591379126
HB-02111,Non-private (overfit),-0.26814641485256463
HB-02112,Non-private (overfit),0.015909963574804897
HB-02113,Non-private (overfit),-0.8575643986620327
HB-02114,Non-private (overfit),-1.3726459700746707
HB-02115,Non-private (overfit),-0.0004266472127727461
HB-02116,Non-private (overfit),-0.2129369020121996
HB-02117,Non-private (overfit),-0.4185556397206227
HB-02119,Non-private (overfit),-0.3634645833708605
HB-02120,Non-private (overfit),-0.047802912165780476
HB-02121,Non-private (overfit),-2.290963634081667
HB-02123,Non-private (overfit),-0.03113280508781746
HB-02124,Non-private (overfit),0.1474382810823207
HB-02125,Non-private (overfit),1.0722194414124733
HB-02126,Non-private (overfit),0.6756361382117988
HB-02127,Non-private (overfit),0.3708206984422744
HB-02128,Non-private (overfit),-0.4698866591086513
HB-02129,Non-private (overfit),0.8026570939037034
HB-02130,Non-private (overfit),0.5707305150395223
HB-02131,Non-private (overfit),0.2752437935404377
HB-02132,Non-private (overfit),0.11378130432662825
HB-02134,Non-private (overfit),0.11851370764101143
HB-02135,Non-private (overfit),0.6163981162487837
HB-02136,Non-private (overfit),0.6570803771467959
HB-02137,Non-private (overfit),-0.48315745067562565
HB-02138,Non-private (overfit),-0.0321687717932424
HB-02140,Non-private (overfit),2.793124041487985
HB-02141,Non-private (overfit),-0.48962593787005204
HB-02142,Non-private (overfit),0.0018857649652739283
HB-02143,Non-private (overfit),1.5015197802713969
HB-02144,Non-private (overfit),-0.09839151421743475
HB-02146,Non-private (overfit),0.7705435361778035
HB-02147,Non-private (overfit),1.0784253277025249
HB-02148,Non-private (overfit),0.6384996312122819
HB-02149,Non-private (overfit),0.17860857727358936
HB-02150,Non-private (overfit),-0.2146655588627726
HB-02152,Non-private (overfit),0.6053091978872398
HB-02153,Non-private (overfit),-0.9208898676716064
HB-02154,Non-private (overfit),-0.02626204394280096
HB-02155,Non-private (overfit),-0.1497987109476231
HB-02156,Non-private (overfit),-0.6511274262213304
HB-02157,Non-private (overfit),0.40236915668850637
HB-02158,Non-private (overfit),0.6242709651618421
HB-02159,Non-private (overfit),-0.007934244706430782
HB-02160,Non-private (overfit),0.11888904648123755
HB-02161,Non-private (overfit),0.7089031501090244
HB-02162,Non-private (overfit),-0.1415426409603453
HB-02163,Non-private (overfit),-0.03259734504987466
HB-02164,Non-private (overfit),0.09280806086625892
HB-02165,Non-private (overfit),-0.136177686289775
HB-02166,Non-private (overfit),-0.49352840819980703
HB-02167,Non-private (overfit),0.14214560872195647
HB-02168,Non-private (overfit),-0.3310314348525224
HB-02170,Non-private (overfit),-0.68484267174194
HB-02171,Non-private (overfit),-0.07251554761372092
HB-02172,Non-private (overfit),-0.17866045440034806
HB-02173,Non-private (overfit),-0.29098630923965874
HB-02174,Non-private (overfit),-0.10300035055847667
HB-02175,Non-private (overfit),0.43613637062934885
HB-02176,Non-private (overfit),0.35104512388171694
HB-02177,Non-private (overfit),1.1012362267636786
HB-02178,Non-private (overfit),0.2834619276617092
HB-02179,Non-private (overfit),0.073829958188659
HB-02180,Non-private (overfit),3.7451441576990487
HB-02181,Non-private (overfit),0.307209183574523
HB-02182,Non-private (overfit),0.2792281852552989
HB-02183,Non-private (overfit),-0.17622648246437445
HB-02185,Non-private (overfit),-0.6747250306897192
HB-02186,Non-private (overfit),-0.2422166146148328
HB-02187,Non-private (overfit),0.8041605593237107
HB-02188,Non-private (overfit),-0.9133294637327306
HB-02189,Non-private (overfit),0.8610359202261304
HB-02190,Non-private (overfit),0.21698391128342198
HB-02191,Non-private (overfit),-1.1321798545192778
HB-02192,Non-private (overfit),0.16557993773712498
HB-02193,Non-private (overfit),-0.05048849539243894
HB-02194,Non-private (overfit),0.43973816946256616
HB-02195,Non-private (overfit),-0.2427895960362927
HB-02196,Non-private (overfit),0.2738418676276084
HB-02197,Non-private (overfit),-0.6575001313886384
HB-02198,Non-private (overfit),-1.5964526239430668
HB-02199,Non-private (overfit),0.07526583830843514
HB-02200,Non-private (overfit),0.36930032471003293
HB-02201,Non-private (overfit),-0.5114995175488504
HB-02203,Non-private (overfit),0.008594396803603188
HB-02204,Non-private (overfit),-0.46879110616711905
HB-02205,Non-private (overfit),0.5879848712314693
HB-02206,Non-private (overfit),-0.11859977293821267
HB-02207,Non-private (overfit),0.25903842367356456
HB-02208,Non-private (overfit),-0.5112312059998614
HB-02209,Non-private (overfit),0.2122646452854824
HB-02210,Non-private (overfit),-0.27400848533002486
HB-02211,Non-private (overfit),0.017292783776939658
HB-02212,Non-private (overfit),0.6068221703503802
HB-02215,Non-private (overfit),0.895038516952182
HB-02216,Non-private (overfit),0.42568874298992254
HB-02217,Non-private (overfit),0.8065602537207974
HB-02218,Non-private (overfit),0.18882177034657843
HB-02219,Non-private (overfit),0.13302045901881465
HB-02220,Non-private (overfit),0.7189785997347635
HB-02221,Non-private (overfit),-0.31128290168209594
HB-02222,Non-private (overfit),-0.13452690613996943
HB-02223,Non-private (overfit),-0.5418002791230776
HB-02224,Non-private (overfit),-1.1973168551559645
HB-02225,Non-private (overfit),-0.39315004864153247
HB-02226,Non-private (overfit),-1.0277365900337214
HB-02227,Non-private (overfit),-0.21441727921860698
HB-02228,Non-private (overfit),-0.011531597835704455
HB-02229,Non-private (overfit),0.41655486004554687
HB-02230,Non-private (overfit),0.0832988657977054
HB-02231,Non-private (overfit),0.42871298955386017
HB-02232,Non-private (overfit),0.18712195444010127
HB-02233,Non-private (overfit),1.2478582756123475
HB-02234,Non-private (overfit),0.9247039793987153
HB-02235,Non-private (overfit),3.3341537491102313
HB-02237,Non-private (overfit),0.11001629023383708
HB-02238,Non-private (overfit),-0.4639161776415791
HB-02239,Non-private (overfit),0.15408437006242126
HB-02240,Non-private (overfit),0.646126997728159
HB-02241,Non-private (overfit),1.1806287493656207
HB-02243,Non-private (overfit),0.5046164322639828
HB-02244,Non-private (overfit),0.08700606605383077
HB-02246,Non-private (overfit),0.4559729354408206
HB-02247,Non-private (overfit),0.047879582418195676
HB-02248,Non-private (overfit),-0.5766295506436192
HB-02249,Non-private (overfit),-0.01321799097779719
HB-02250,Non-private (overfit),0.1041372720758198
HB-02251,Non-private (overfit),-0.05749665476782839
HB-02252,Non-private (overfit),-0.8160898284855136
HB-02253,Non-private (overfit),0.039734573540461726
HB-02255,Non-private (overfit),0.18690522374067386
HB-02256,Non-private (overfit),-0.19672636175680136
HB-02257,Non-private (overfit),-0.11517381863437359
HB-02258,Non-private (overfit),0.7840277912540706
HB-02259,Non-private (overfit),0.23557773654290304
HB-02260,Non-private (overfit),1.0034315157469225
HB-02261,Non-private (overfit),-0.19539307268388306
HB-02262,Non-private (overfit),-1.7909351743408761
HB-02263,Non-private (overfit),-0.4690723979444622
HB-02264,Non-private (overfit),0.04823890593053659
HB-02265,Non-private (overfit),0.23709351429823067
HB-02266,Non-private (overfit),0.41248600909646915
HB-02267,Non-private (overfit),0.05694826506284967
HB-02268,Non-private (overfit),0.8912775087029665
HB-02270,Non-private (overfit),-0.004720829232526702
HB-02271,Non-private (overfit),0.17028941921738472
HB-02272,Non-private (overfit),-0.39372510186556386
HB-02273,Non-private (overfit),0.0996143205719282
HB-02274,Non-private (overfit),0.2518058166193242
HB-02275,Non-private (overfit),-0.27034582681644226
HB-02276,Non-private (overfit),0.09491792837939705
HB-02277,Non-private (overfit),-0.12903629395964478
HB-02278,Non-private (overfit),0.22270383271209693
HB-02279,Non-private (overfit),0.0991098219247376
HB-02280,Non-private (overfit),0.061153261262808845
HB-02281,Non-private (overfit),-0.15307108963022975
HB-02282,Non-private (overfit),-0.31685732970717817
HB-02285,Non-private (overfit),0.3958216292813738
HB-02287,Non-private (overfit),-0.3580049108950316
HB-02288,Non-private (overfit),0.5143483499371735
HB-02289,Non-private (overfit),-0.47759299258762855
HB-02290,Non-private (overfit),0.3250291006924031
HB-02291,Non-private (overfit),0.19966830539698854
HB-02292,Non-private (overfit),0.08334479001998085
HB-02293,Non-private (overfit),0.1732465754217638
HB-02295,Non-private (overfit),0.1251883341614326
HB-02296,Non-private (overfit),0.17683611933545285
HB-02297,Non-private (overfit),0.5894422972294151
HB-02298,Non-private (overfit),0.23147953404076382
HB-02299,Non-private (overfit),-0.3932652459776603
HB-02300,Non-private (overfit),1.5965225198041841
HB-02301,Non-private (overfit),0.27400527383447915
HB-02302,Non-private (overfit),0.12014870671812306
HB-02303,Non-private (overfit),-0.6148080087993888
HB-02304,Non-private (overfit),0.1632052155786443
HB-02305,Non-private (overfit),0.3293163968984686
HB-02306,Non-private (overfit),0.0683378181759805
HB-02307,Non-private (overfit),-0.07185994503268278
HB-02308,Non-private (overfit),-0.17943147166761797
HB-02309,Non-private (overfit),-1.5922635876973619
HB-02310,Non-private (overfit),-0.10463634820227896
HB-02311,Non-private (overfit),-0.30932892372700094
HB-02312,Non-private (overfit),-0.014411968806453124
HB-02313,Non-private (overfit),0.4070778753774178
HB-02314,Non-private (overfit),-0.0036401914568114924
HB-02315,Non-private (overfit),-1.8157902749271084
HB-02316,Non-private (overfit),0.023141786686498467
HB-02317,Non-private (overfit),0.29313897039617753
HB-02318,Non-private (overfit),0.5960129869892694
HB-02319,Non-private (overfit),0.22544378724112124
HB-02320,Non-private (overfit),-0.12325036991199467
HB-02322,Non-private (overfit),-2.7030979204792582
HB-02323,Non-private (overfit),0.07272085107759496
HB-02324,Non-private (overfit),0.007827992865333089
HB-02325,Non-private (overfit),-3.2609351066232013
HB-02326,Non-private (overfit),-0.3885093497183263
HB-02327,Non-private (overfit),0.051767281952424415
HB-02328,Non-private (overfit),-0.6878714805995747
HB-02329,Non-private (overfit),0.003199106411984509
HB-02330,Non-private (overfit),-0.1751564002677366
HB-02331,Non-private (overfit),0.5528047527558988
HB-02332,Non-private (overfit),-0.14575954256033308
HB-02333,Non-private (overfit),-0.14750694421835298
HB-02334,Non-private (overfit),0.6360040916187626
HB-02336,Non-private (overfit),0.044535522984627596
HB-02337,Non-private (overfit),-0.20217532037026031
HB-02338,Non-private (overfit),0.022423783282518706
HB-02339,Non-private (overfit),-0.05678268013981658
HB-02340,Non-private (overfit),-0.5985777552522114
HB-02341,Non-private (overfit),-0.17060388929414394
HB-02342,Non-private (overfit),-0.3814574584399719
HB-02343,Non-private (overfit),0.24414524367515766
HB-02344,Non-private (overfit),-0.07100150612372769
HB-02345,Non-private (overfit),-0.07136740323802959
HB-02346,Non-private (overfit),0.860727317764103
HB-02347,Non-private (overfit),0.05960958754336554
HB-02348,Non-private (overfit),-0.16841185374612166
HB-02349,Non-private (overfit),-0.016595215149390885
HB-02350,Non-private (overfit),-1.0149970543090678
HB-02351,Non-private (overfit),0.5382286833936463
HB-02352,Non-private (overfit),-4.775986136198676
HB-02353,Non-private (overfit),-0.26783019256760077
HB-02354,Non-private (overfit),1.1511880087782895
HB-02355,Non-private (overfit),0.07861437044139907
HB-02356,Non-private (overfit),0.6315733463646056
HB-02358,Non-private (overfit),0.33964761491391693
HB-02359,Non-private (overfit),-1.2174523402656225
HB-02360,Non-private (overfit),-0.19563189396892278
HB-02361,Non-private (overfit),-0.5944255168446968
HB-02362,Non-private (overfit),-1.9033767399389752
HB-02363,Non-private (overfit),0.18442964127641348
HB-02364,Non-private (overfit),-0.02120741019227812
HB-02367,Non-private (overfit),0.5518078066009057
HB-02368,Non-private (overfit),0.01646165132337485
HB-02369,Non-private (overfit),0.036365318462098006
HB-02370,Non-private (overfit),-0.07701113475141641
HB-02371,Non-private (overfit),0.15577992275566666
HB-02372,Non-private (overfit),0.25336605419861646
HB-02373,Non-private (overfit),0.10151375152522712
HB-02374,Non-private (overfit),0.6494031346867843
HB-02375,Non-private (overfit),-0.7500005835389967
HB-02376,Non-private (overfit),0.6641960786056211
HB-02377,Non-private (overfit),0.6442941355537621
HB-02378,Non-private (overfit),-0.17977462742206263
HB-02380,Non-private (overfit),-0.40133445962798
HB-02381,Non-private (overfit),-0.21270343629850774
HB-02382,Non-private (overfit),-0.10502328796183336
HB-02384,Non-private (overfit),-1.2560805712892718
HB-02385,Non-private (overfit),-0.5061349354742597
HB-02387,Non-private (overfit),0.19098192275611492
HB-02388,Non-private (overfit),0.39921407155072774
HB-02389,Non-private (overfit),0.6415160652465626
HB-02390,Non-private (overfit),-0.34781660220204236
HB-02392,Non-private (overfit),-0.3105280361100613
HB-02393,Non-private (overfit),0.12378750021511586
HB-02394,Non-private (overfit),-0.7135293221129793
HB-02395,Non-private (overfit),-0.06902484987055968
HB-02396,Non-private (overfit),-0.40081124774146254
HB-02397,Non-private (overfit),0.44657693659039355
HB-02399,Non-private (overfit),-0.6735361087036802
HB-02401,Non-private (overfit),-0.4943036320544796
HB-02402,Non-private (overfit),-0.8268592782514512
HB-02403,Non-private (overfit),-0.17248263646804918
HB-02404,Non-private (overfit),0.7680190251697718
HB-02405,Non-private (overfit),1.6260565092524415
HB-02406,Non-private (overfit),-0.14411827103491248
HB-02407,Non-private (overfit),0.31215807970378506
HB-02408,Non-private (overfit),-0.16363788240864952
HB-02409,Non-private (overfit),-0.6221365066994744
HB-02410,Non-private (overfit),0.4477124739199412
HB-02411,Non-private (overfit),0.5839990843294985
HB-02412,Non-private (overfit),1.1564179526344829
HB-02413,Non-private (overfit),-0.14841084283417216
HB-02414,Non-private (overfit),0.4582660710039814
HB-02415,Non-private (overfit),-0.26763812015905675
HB-02416,Non-private (overfit),0.5457738079412193
HB-02417,Non-private (overfit),-8.83406801048081
HB-02418,Non-private (overfit),0.2022993627558174
HB-02419,Non-private (overfit),0.07488324476803432
HB-02420,Non-private (overfit),0.6758988765960683
HB-02421,Non-private (overfit),0.40665202796539246
HB-02422,Non-private (overfit),0.30002536154509674
HB-02423,Non-private (overfit),0.39392488482010934
HB-02424,Non-private (overfit),-0.16507694389717642
HB-02425,Non-private (overfit),0.6122999719771797
HB-02426,Non-private (overfit),0.07714405125819424
HB-02427,Non-private (overfit),-0.3126910467002175
HB-02429,Non-private (overfit),0.7891500445661308
HB-02430,Non-private (overfit),-0.2863184715700482
HB-02431,Non-private (overfit),0.09270286615066059
HB-02432,Non-private (overfit),-0.3591834747224165
HB-02433,Non-private (overfit),-0.3577728638038602
HB-02435,Non-private (overfit),0.04150229655072957
HB-02436,Non-private (overfit),0.26373823235989446
HB-02437,Non-private (overfit),2.0763292681103978
HB-02438,Non-private (overfit),0.13642726080751233
HB-02439,Non-private (overfit),-1.897210430567757
HB-02440,Non-private (overfit),0.2746683073062388
HB-02441,Non-private (overfit),-0.01950730909910625
HB-02442,Non-private (overfit),0.42708272234533173
HB-02443,Non-private (overfit),0.41061374226752356
HB-02445,Non-private (overfit),-0.16885281226517046
HB-02446,Non-private (overfit),1.1412919746309949
HB-02447,Non-private (overfit),-0.0022150793546009684
HB-02449,Non-private (overfit),0.014821146277414377
HB-02451,Non-private (overfit),0.5873973663268965
HB-02452,Non-private (overfit),0.08485276805743336
HB-02454,Non-private (overfit),-1.2010585788353225
HB-02455,Non-private (overfit),0.1449742912699732
HB-02457,Non-private (overfit),-1.0067486290653975
HB-02458,Non-private (overfit),0.24560568768419477
HB-02459,Non-private (overfit),0.005763454254409828
HB-02460,Non-private (overfit),-4.27034692440971
HB-02461,Non-private (overfit),-0.09384687728483287
HB-02464,Non-private (overfit),0.3424030948178709
HB-02465,Non-private (overfit),-0.17901953287654404
HB-02466,Non-private (overfit),0.053064571631146196
HB-02467,Non-private (overfit),0.019600890041967745
HB-02468,Non-private (overfit),-3.4621591406369063
HB-02471,Non-private (overfit),1.7444031332332361
HB-02472,Non-private (overfit),1.5071243694984342
HB-02473,Non-private (overfit),0.14246132362785202
HB-02474,Non-private (overfit),0.3384839887460025
HB-02476,Non-private (overfit),-0.5712033355964291
HB-02477,Non-private (overfit),0.29001713467005485
HB-02478,Non-private (overfit),0.6094919759333193
HB-02480,Non-private (overfit),-4.204712463437524
HB-02482,Non-private (overfit),0.31139863525324274
HB-02483,Non-private (overfit),0.6889363488921838
HB-02484,Non-private (overfit),0.5530011223770126
HB-02485,Non-private (overfit),-0.3808303429142521
HB-02486,Non-private (overfit),0.4596834351836314
HB-02487,Non-private (overfit),0.06769598933882204
HB-02488,Non-private (overfit),0.10388588499953011
HB-02489,Non-private (overfit),0.48787693354245787
HB-02491,Non-private (overfit),0.27592483797588874
HB-02492,Non-private (overfit),-0.10053171133874494
HB-02494,Non-private (overfit),-0.03550581988805446
HB-02495,Non-private (overfit),-1.2424535046322323
HB-02496,Non-private (overfit),0.08944909708505033
HB-02497,Non-private (overfit),0.23647916085456067
HB-02498,Non-private (overfit),0.30504025163866433
HB-02499,Non-private (overfit),0.09011003730965239
HB-02500,Non-private (overfit),-1.1688132613950333
HB-02501,Non-private (overfit),-0.14741050447134962
HB-02503,Non-private (overfit),2.1226358132416445
HB-02504,Non-private (overfit),-0.40046343196647527
HB-02505,Non-private (overfit),-1.1112573352359383
HB-02506,Non-private (overfit),-0.42984686247086934
HB-02507,Non-private (overfit),0.21778365714920378
HB-02509,Non-private (overfit),-0.15326701297070455
HB-02510,Non-private (overfit),0.3881355028374518
HB-02511,Non-private (overfit),0.251823913773773
HB-02513,Non-private (overfit),0.20666245112336235
HB-02514,Non-private (overfit),0.3533301061390368
HB-02515,Non-private (overfit),-0.3723696934922589
HB-02516,Non-private (overfit),0.9303527492279828
HB-02517,Non-private (overfit),0.03781549518719496
HB-02518,Non-private (overfit),-1.5083246279901172
HB-02519,Non-private (overfit),-0.35632314479905247
HB-02520,Non-private (overfit),0.5170887134316787
HB-02521,Non-private (overfit),-0.6679620616171938
HB-02522,Non-private (overfit),-0.27517650028268403
HB-02523,Non-private (overfit),-0.5058603189745527
HB-02524,Non-private (overfit),-2.2509295446793702
HB-02525,Non-private (overfit),-0.03376927614163505
HB-02526,Non-private (overfit),-0.33618566694576146
HB-02527,Non-private (overfit),0.2741843639844912
HB-02528,Non-private (overfit),-0.22814934124496555
HB-02529,Non-private (overfit),0.8544907304515219
HB-02530,Non-private (overfit),-3.471417428831297
HB-02531,Non-private (overfit),-0.11983254714094205
HB-02532,Non-private (overfit),-0.14468538401319142
HB-02534,Non-private (overfit),0.49969162571573744
HB-02535,Non-private (overfit),-0.02498527042861798
HB-02536,Non-private (overfit),0.14049412127350625
HB-02537,Non-private (overfit),-0.8082355098544585
HB-02538,Non-private (overfit),-0.34950708088134674
HB-02539,Non-private (overfit),1.5305948951411588
HB-02540,Non-private (overfit),0.13238513625840365
HB-02541,Non-private (overfit),0.09913079071503472
HB-02543,Non-private (overfit),0.18647954054493598
HB-02544,Non-private (overfit),-1.9682584392809437
HB-02545,Non-private (overfit),0.09164792706996105
HB-02546,Non-private (overfit),-0.7994779376338381
HB-02547,Non-private (overfit),-0.0028191574001574793
HB-02549,Non-private (overfit),0.22138323008781535
HB-02550,Non-private (overfit),0.5532462232506876
HB-02552,Non-private (overfit),0.6963900947545615
HB-02553,Non-private (overfit),-0.6359203909680657
HB-02555,Non-private (overfit),-0.005732333341679219
HB-02557,Non-private (overfit),-0.06428494791753214
HB-02558,Non-private (overfit),-0.08228452964344735
HB-02559,Non-private (overfit),-2.289190205959681
HB-02560,Non-private (overfit),0.1297388216634463
HB-02562,Non-private (overfit),0.7796579199852762
HB-02563,Non-private (overfit),0.2546621021611575
HB-02564,Non-private (overfit),-0.8858336187143869
HB-02565,Non-private (overfit),0.10194981194743002
HB-02566,Non-private (overfit),0.18569368901087668
HB-02567,Non-private (overfit),-0.1411947975116492
HB-02568,Non-private (overfit),0.3309650178814314
HB-02570,Non-private (overfit),0.8844647864533898
HB-02571,Non-private (overfit),0.8647911758289375
HB-02572,Non-private (overfit),0.38017919172875125
HB-02573,Non-private (overfit),-0.17227121244687105
HB-02574,Non-private (overfit),4.849943464286621
HB-02575,Non-private (overfit),0.6310939113065279
HB-02576,Non-private (overfit),0.01588251818742492
HB-02577,Non-private (overfit),-0.11910804029606836
HB-02578,Non-private (overfit),0.24508920867710948
HB-02579,Non-private (overfit),-0.8411362591668681
HB-02580,Non-private (overfit),-0.24984546382326978
HB-02581,Non-private (overfit),0.01471655458413168
HB-02582,Non-private (overfit),0.37661642361173775
HB-02583,Non-private (overfit),0.4463055093162005
HB-02584,Non-private (overfit),0.48068279808376513
HB-02585,Non-private (overfit),0.40802157078537427
HB-02586,Non-private (overfit),0.5293449368517876
HB-02587,Non-private (overfit),-0.4545484591629758
HB-02588,Non-private (overfit),1.0011521231904457
HB-02589,Non-private (overfit),-0.2171805932182953
HB-02590,Non-private (overfit),-0.1659652981363826
HB-02591,Non-private (overfit),5.096154489131728
HB-02592,Non-private (overfit),1.0012121030190175
HB-02593,Non-private (overfit),-0.5629852544604974
HB-02594,Non-private (overfit),0.3912476904403239
HB-02595,Non-private (overfit),0.4583418607690517
HB-02596,Non-private (overfit),0.5239912915620917
HB-02597,Non-private (overfit),-0.04118554326197632
HB-02598,Non-private (overfit),0.030923751825147505
HB-02599,Non-private (overfit),0.038885073714225005
HB-02600,Non-private (overfit),0.2531235399610998
HB-02601,Non-private (overfit),0.4971973527607181
HB-02602,Non-private (overfit),-1.0149755089789494
HB-02603,Non-private (overfit),0.11746310736864451
HB-02604,Non-private (overfit),0.23914994296133418
HB-02605,Non-private (overfit),0.0052722328686173325
HB-02606,Non-private (overfit),0.2729586047681929
HB-02607,Non-private (overfit),0.5579240836313457
HB-02608,Non-private (overfit),-0.05113536082189052
HB-02609,Non-private (overfit),-0.43153261499130324
HB-02610,Non-private (overfit),0.2892892911282561
HB-02611,Non-private (overfit),-0.36522231597678045
HB-02612,Non-private (overfit),0.04349156668867704
HB-02613,Non-private (overfit),1.0792675497856616
HB-02614,Non-private (overfit),0.3314738100114516
HB-02615,Non-private (overfit),0.3880347303800984
HB-02616,Non-private (overfit),0.3430304670457065
HB-02617,Non-private (overfit),-0.18101750721459564
HB-02618,Non-private (overfit),0.3630334195348579
HB-02619,Non-private (overfit),-1.1540971936285063
HB-02621,Non-private (overfit),0.018723491827541183
HB-02622,Non-private (overfit),0.16631105076058872
HB-02623,Non-private (overfit),0.3411096239922238
HB-02624,Non-private (overfit),-0.3606700327897625
HB-02625,Non-private (overfit),0.027646703952458274
HB-02626,Non-private (overfit),-0.35114644120895444
HB-02627,Non-private (overfit),0.2223480141358003
HB-02628,Non-private (overfit),0.08760253821637787
HB-02629,Non-private (overfit),0.39703240700913867
HB-02630,Non-private (overfit),0.7610376378974799
HB-02631,Non-private (overfit),0.3811217303241732
HB-02632,Non-private (overfit),0.460403924679033
HB-02633,Non-private (overfit),-0.9697810927723864
HB-02634,Non-private (overfit),-1.0114977633752456
HB-02635,Non-private (overfit),-0.7664191385196346
HB-02637,Non-private (overfit),-0.03831158729274686
HB-02638,Non-private (overfit),-0.33364823144169775
HB-02639,Non-private (overfit),0.11394742323755791
HB-02640,Non-private (overfit),0.05289617376533473
HB-02641,Non-private (overfit),0.23968387253707957
HB-02643,Non-private (overfit),-0.8752614112401371
HB-02644,Non-private (overfit),-0.015446170781278523
HB-02645,Non-private (overfit),-0.46049550914512993
HB-02646,Non-private (overfit),-1.0192633660969606
HB-02647,Non-private (overfit),0.28240745541061196
HB-02648,Non-private (overfit),-1.1909738976955584
HB-02649,Non-private (overfit),-0.5207640486431391
HB-02650,Non-private (overfit),0.4068493383609726
HB-02651,Non-private (overfit),0.0984703126645512
HB-02652,Non-private (overfit),0.5047850907832614
HB-02653,Non-private (overfit),-0.37177934585813066
HB-02654,Non-private (overfit),-0.26169987667571704
HB-02655,Non-private (overfit),-0.1023741490067207
HB-02656,Non-private (overfit),-0.30472685798078103
HB-02657,Non-private (overfit),-0.2627217681332965
HB-02658,Non-private (overfit),-0.9400050403595364
HB-02659,Non-private (overfit),0.2129419891176294
HB-02660,Non-private (overfit),-0.08705396749280236
HB-02661,Non-private (overfit),0.845180337351336
HB-02662,Non-private (overfit),-0.21314604903166545
HB-02663,Non-private (overfit),1.0455195670346302
HB-02664,Non-private (overfit),0.1052677648318534
HB-02665,Non-private (overfit),0.3028290894451815
HB-02666,Non-private (overfit),0.993819100404336
HB-02667,Non-private (overfit),-0.08141873028974445
HB-02668,Non-private (overfit),-0.24427258882787184
HB-02669,Non-private (overfit),2.023985160328826
HB-02670,Non-private (overfit),0.027379992600215397
HB-02671,Non-private (overfit),0.14589968972010559
HB-02672,Non-private (overfit),-1.614067066761561
HB-02674,Non-private (overfit),-0.12251884975290128
HB-02676,Non-private (overfit),0.0758978836873383
HB-02678,Non-private (overfit),0.09620678204042765
HB-02680,Non-private (overfit),0.09523892063715156
HB-02681,Non-private (overfit),-1.3783775489596266
HB-02683,Non-private (overfit),0.004822106457004427
HB-02684,Non-private (overfit),0.03690840475570978
HB-02685,Non-private (overfit),0.9417529599394268
HB-02686,Non-private (overfit),-0.4085185678952965
HB-02688,Non-private (overfit),-0.05299124212695472
HB-02689,Non-private (overfit),1.0233132643642509
HB-02690,Non-private (overfit),0.29847765018076566
HB-02691,Non-private (overfit),4.014887898110194
HB-02692,Non-private (overfit),0.6018652755333482
HB-02693,Non-private (overfit),-0.2941946943327236
HB-02694,Non-private (overfit),-0.4835138207486862
HB-02695,Non-private (overfit),0.3542427274932167
HB-02696,Non-private (overfit),1.7805350443618853
HB-02697,Non-private (overfit),0.009468197733069061
HB-02698,Non-private (overfit),1.0451010452902962
HB-02699,Non-private (overfit),0.6489416314007581
HB-02700,Non-private (overfit),-0.2841598163335066
HB-02701,Non-private (overfit),0.48679442452952637
HB-02702,Non-private (overfit),-2.329868545347943
HB-02704,Non-private (overfit),0.06242764478656648
HB-02705,Non-private (overfit),-1.1723968389387085
HB-02706,Non-private (overfit),1.8095623900229962
HB-02707,Non-private (overfit),-0.19070845954059923
HB-02708,Non-private (overfit),-0.0497254248960155
HB-02709,Non-private (overfit),0.6659457735800982
HB-02710,Non-private (overfit),1.1987358507366954
HB-02711,Non-private (overfit),0.7508583267123523
HB-02712,Non-private (overfit),0.31218498715739873
HB-02713,Non-private (overfit),-0.8757047607067667
HB-02715,Non-private (overfit),0.30012105167916436
HB-02717,Non-private (overfit),0.8886537914071737
HB-02719,Non-private (overfit),0.06486618221762352
HB-02721,Non-private (overfit),0.14781216406024433
HB-02722,Non-private (overfit),0.27382174206542076
HB-02723,Non-private (overfit),0.40131523062102437
HB-02724,Non-private (overfit),0.2533418760121431
HB-02725,Non-private (overfit),0.2059695942325972
HB-02726,Non-private (overfit),0.4369119049698157
HB-02727,Non-private (overfit),0.4434793150505145
HB-02729,Non-private (overfit),-0.181463694105243
HB-02730,Non-private (overfit),-1.303632402986328
HB-02731,Non-private (overfit),0.25711674875798674
HB-02732,Non-private (overfit),0.8695404301646847
HB-02733,Non-private (overfit),-0.2022542185816849
HB-02734,Non-private (overfit),-5.740024972336993
HB-02735,Non-private (overfit),-0.1646532036117132
HB-02736,Non-private (overfit),0.27767898372400734
HB-02737,Non-private (overfit),-0.6278829230002203
HB-02738,Non-private (overfit),-0.4440772284706832
HB-02739,Non-private (overfit),0.21152116754917216
HB-02740,Non-private (overfit),0.13862850650511072
HB-02741,Non-private (overfit),-0.266169092426898
HB-02743,Non-private (overfit),-0.05433240808761686
HB-02744,Non-private (overfit),0.3750840949756321
HB-02746,Non-private (overfit),-0.568484786282768
HB-02747,Non-private (overfit),-0.7591367913885776
HB-02749,Non-private (overfit),-0.49830476089066544
HB-02750,Non-private (overfit),-0.29679360938684685
HB-02751,Non-private (overfit),0.23573791089424545
HB-02752,Non-private (overfit),-0.06103730963469767
HB-02753,Non-private (overfit),0.2344062308180761
HB-02755,Non-private (overfit),-0.6975041665699818
HB-02756,Non-private (overfit),0.04887964846789039
HB-02757,Non-private (overfit),0.6884814448016882
HB-02758,Non-private (overfit),0.11033711109139155
HB-02759,Non-private (overfit),0.4973598699664188
HB-02761,Non-private (overfit),1.5303832156403634
HB-02762,Non-private (overfit),-0.9245555040738322
HB-02763,Non-private (overfit),0.3911258857528812
HB-02764,Non-private (overfit),-0.4146316608385656
HB-02766,Non-private (overfit),-0.04079332760362142
HB-02767,Non-private (overfit),-0.5751146663305295
HB-02768,Non-private (overfit),0.2689093655814827
HB-02769,Non-private (overfit),0.253802585312366
HB-02770,Non-private (overfit),-0.0928190115199019
HB-02771,Non-private (overfit),0.039150347765162685
HB-02772,Non-private (overfit),-0.21708267454386387
HB-02773,Non-private (overfit),0.21909907369917825
HB-02774,Non-private (overfit),-0.7125752719919498
HB-02775,Non-private (overfit),0.19228504564589421
HB-02776,Non-private (overfit),0.3077622463894232
HB-02777,Non-private (overfit),0.514646062447411
HB-02778,Non-private (overfit),-0.9152051070088425
HB-02779,Non-private (overfit),0.10189122829528396
HB-02780,Non-private (overfit),-3.689448862842942
HB-02781,Non-private (overfit),-2.5801560141858837
HB-02782,Non-private (overfit),0.25021367658426885
HB-02783,Non-private (overfit),0.022172012609780634
HB-02784,Non-private (overfit),-0.016992649732499587
HB-02785,Non-private (overfit),0.7628602291115187
HB-02786,Non-private (overfit),0.09193832372716648
HB-02787,Non-private (overfit),-0.9160523186680498
HB-02788,Non-private (overfit),-0.5860829968115095
HB-02789,Non-private (overfit),0.03691835127565146
HB-02790,Non-private (overfit),0.10511666614638893
HB-02791,Non-private (overfit),-0.1347171516554484
HB-02792,Non-private (overfit),0.15326613351378815
HB-02793,Non-private (overfit),-1.4236149835527918
HB-02794,Non-private (overfit),0.9412664155633377
HB-02795,Non-private (overfit),-0.8509992161344395
HB-02796,Non-private (overfit),-0.33033471493540567
HB-02798,Non-private (overfit),0.9648742877633723
HB-02799,Non-private (overfit),-0.26446506349796084
HB-02800,Non-private (overfit),0.3306967338975979
HB-02801,Non-private (overfit),0.5576240108582811
HB-02802,Non-private (overfit),0.4742657647783569
HB-02803,Non-private (overfit),-0.3060636214407897
HB-02804,Non-private (overfit),-0.23289179473068966
HB-02805,Non-private (overfit),0.1883518965300648
HB-02806,Non-private (overfit),0.2183612238491015
HB-02808,Non-private (overfit),0.758099560383231
HB-02810,Non-private (overfit),0.19889547978324773
HB-02811,Non-private (overfit),-0.25541116307522405
HB-02812,Non-private (overfit),-1.5022694187536683
HB-02814,Non-private (overfit),-0.415589482282261
HB-02815,Non-private (overfit),-0.8491981195820792
HB-02816,Non-private (overfit),0.19848787018463643
HB-02817,Non-private (overfit),0.5923061939408576
HB-02818,Non-private (overfit),0.04155030552189576
HB-02819,Non-private (overfit),-0.013567873574067857
HB-02820,Non-private (overfit),0.15259345135282631
HB-02821,Non-private (overfit),0.08340482985857167
HB-02822,Non-private (overfit),-0.3550677885481117
HB-02823,Non-private (overfit),-0.09286156281201507
HB-02824,Non-private (overfit),0.6652374397047836
HB-02825,Non-private (overfit),-0.32700196248800073
HB-02826,Non-private (overfit),0.0813635738874583
HB-02827,Non-private (overfit),-0.346038020045351
HB-02828,Non-private (overfit),-0.03773534149874491
HB-02829,Non-private (overfit),-0.7181378938157681
HB-02830,Non-private (overfit),-0.1654081034658026
HB-02831,Non-private (overfit),0.5074707742569562
HB-02832,Non-private (overfit),-0.3653444427412975
HB-02833,Non-private (overfit),0.03722839874588191
HB-02834,Non-private (overfit),-0.32282684593090116
HB-02835,Non-private (overfit),0.2312620774952826
HB-02836,Non-private (overfit),-0.1688500071124227
HB-02837,Non-private (overfit),-0.1947002765434287
HB-02838,Non-private (overfit),-1.0340651142651762
HB-02839,Non-private (overfit),-0.07225406177836113
HB-02840,Non-private (overfit),0.15473743993295064
HB-02842,Non-private (overfit),-0.20635850900575958
HB-02843,Non-private (overfit),0.17758338907289573
HB-02844,Non-private (overfit),0.2556904640692337
HB-02845,Non-private (overfit),-0.0537563445584055
HB-02846,Non-private (overfit),-0.36334744589009793
HB-02847,Non-private (overfit),1.3827386606079108
HB-02848,Non-private (overfit),-0.0838774809678633
HB-02849,Non-private (overfit),-0.36408737112906975
HB-02850,Non-private (overfit),-2.35235435509031
HB-02851,Non-private (overfit),-0.36382333149494817
HB-02853,Non-private (overfit),0.2779258510928537
HB-02855,Non-private (overfit),-0.18570260336592148
HB-02856,Non-private (overfit),0.26066424564833235
HB-02857,Non-private (overfit),-0.058006649378961495
HB-02858,Non-private (overfit),-0.901714774510427
HB-02859,Non-private (overfit),-0.8601480573059026
HB-02860,Non-private (overfit),-0.3163585822719086
HB-02861,Non-private (overfit),-0.563766852174435
HB-02862,Non-private (overfit),0.25533255837187196
HB-02863,Non-private (overfit),0.7391179740493421
HB-02864,Non-private (overfit),0.5330779408711006
HB-02866,Non-private (overfit),0.12162596292955241
HB-02867,Non-private (overfit),-0.2876819062211682
HB-02868,Non-private (overfit),-0.16717647944020353
HB-02869,Non-private (overfit),0.4296724687706276
HB-02870,Non-private (overfit),1.5957729935547267
HB-02871,Non-private (overfit),-0.27878865018181664
HB-02872,Non-private (overfit),-0.11611318121840397
HB-02873,Non-private (overfit),0.25862111710374447
HB-02874,Non-private (overfit),0.20550437342917416
HB-02875,Non-private (overfit),0.44044079606383213
HB-02876,Non-private (overfit),-0.015332314613923259
HB-02877,Non-private (overfit),0.230931824939145
HB-02878,Non-private (overfit),0.33016488430800284
HB-02879,Non-private (overfit),-0.773506962951779
HB-02880,Non-private (overfit),-0.5423040905536061
HB-02881,Non-private (overfit),1.9912051228227121
HB-02882,Non-private (overfit),1.2321424006634762
HB-02883,Non-private (overfit),0.30207619061697843
HB-02884,Non-private (overfit),-1.1383882937989438
HB-02886,Non-private (overfit),-1.3113728301651366
HB-02887,Non-private (overfit),-0.22991520527499265
HB-02888,Non-private (overfit),1.931715467113042
HB-02889,Non-private (overfit),-0.1569229123104927
HB-02890,Non-private (overfit),0.14401122350329698
HB-02891,Non-private (overfit),0.023163028595836965
HB-02892,Non-private (overfit),0.4574938263939885
HB-02893,Non-private (overfit),-0.010645898291327116
HB-02894,Non-private (overfit),-0.4184847660274882
HB-02895,Non-private (overfit),0.959045294956322
HB-02896,Non-private (overfit),-0.36853972709956606
HB-02897,Non-private (overfit),-0.10686444090573222
HB-02898,Non-private (overfit),0.5387035775225781
HB-02899,Non-private (overfit),0.2033495339643665
HB-02900,Non-private (overfit),-0.0285818528588635
HB-02901,Non-private (overfit),-0.6354210530119986
HB-02902,Non-private (overfit),-0.8295142689417285
HB-02903,Non-private (overfit),-0.012975316139072657
HB-02904,Non-private (overfit),0.48938849446880406
HB-02905,Non-private (overfit),1.0118448949628904
HB-02906,Non-private (overfit),-0.4386979000135285
HB-02907,Non-private (overfit),0.05485774098987717
HB-02908,Non-private (overfit),-0.6624708761358085
HB-02909,Non-private (overfit),0.08365014992813435
HB-02910,Non-private (overfit),0.05251695851074367
HB-02911,Non-private (overfit),-1.3674899245257397
HB-02912,Non-private (overfit),-4.138438902363238
HB-02913,Non-private (overfit),0.27296457533272256
HB-02914,Non-private (overfit),0.2739378065882194
HB-02915,Non-private (overfit),-0.28584258097553716
HB-02916,Non-private (overfit),0.24102454613502666
HB-02918,Non-private (overfit),0.28661759130181874
HB-02919,Non-private (overfit),-0.10776887329797413
HB-02920,Non-private (overfit),0.4418767949499417
HB-02921,Non-private (overfit),0.050893972466728776
HB-02922,Non-private (overfit),0.4044002779105096
HB-02923,Non-private (overfit),0.29768792818919376
HB-02924,Non-private (overfit),-0.23544369934410847
HB-02925,Non-private (overfit),1.3362354267328307
HB-02926,Non-private (overfit),-0.2623938152558485
HB-02927,Non-private (overfit),-0.7487260706468253
HB-02928,Non-private (overfit),0.35003181325533594
HB-02929,Non-private (overfit),-0.06536300589469124
HB-02930,Non-private (overfit),-0.48023351559226257
HB-02931,Non-private (overfit),-0.9060169429853424
HB-02932,Non-private (overfit),1.127355102790092
HB-02933,Non-private (overfit),-0.12426888814690518
HB-02934,Non-private (overfit),0.08181830198076301
HB-02935,Non-private (overfit),0.17101242609116485
HB-02936,Non-private (overfit),-1.0435015397257574
HB-02937,Non-private (overfit),-0.05956212610846623
HB-02938,Non-private (overfit),0.049741163691982004
HB-02940,Non-private (overfit),-1.021601205143135
HB-02941,Non-private (overfit),0.4175401645373653
HB-02942,Non-private (overfit),-0.9030417429940929
HB-02943,Non-private (overfit),-0.15076270868419606
HB-02944,Non-private (overfit),-0.1206500021604503
HB-02945,Non-private (overfit),0.09825573562634227
HB-02946,Non-private (overfit),-0.3638854321534737
HB-02947,Non-private (overfit),0.23527629832385932
HB-02948,Non-private (overfit),0.09041508957559641
HB-02949,Non-private (overfit),0.030091662835361133
HB-02950,Non-private (overfit),0.25447809449131387
HB-02951,Non-private (overfit),0.29156230176109754
HB-02952,Non-private (overfit),-0.29026412463120677
HB-02953,Non-private (overfit),0.5470860484631155
HB-02954,Non-private (overfit),0.39071038154558657
HB-02955,Non-private (overfit),0.5428121191636521
HB-02956,Non-private (overfit),0.06518608960123573
HB-02957,Non-private (overfit),-0.5069294123740393
HB-02959,Non-private (overfit),-0.9287096274925666
HB-02960,Non-private (overfit),0.007222175191746061
HB-02961,Non-private (overfit),0.1266955328881325
HB-02962,Non-private (overfit),-0.2308696680005442
HB-02963,Non-private (overfit),-0.3706331770741004
HB-02964,Non-private (overfit),0.1279585229537683
HB-02965,Non-private (overfit),0.8067976639772669
HB-02966,Non-private (overfit),-0.32915195566851474
HB-02967,Non-private (overfit),-0.0658887112285369
HB-02968,Non-private (overfit),0.3787787744183723
HB-02969,Non-private (overfit),0.25572223300286834
HB-02970,Non-private (overfit),-0.2566862405425592
HB-02971,Non-private (overfit),1.6463400883735844
HB-02972,Non-private (overfit),0.07619504206031658
HB-02973,Non-private (overfit),0.1514397541475634
HB-02974,Non-private (overfit),-1.132006426607072
HB-02975,Non-private (overfit),-0.005440237412864368
HB-02976,Non-private (overfit),1.9196676047244448
HB-02977,Non-private (overfit),-0.5926901414026249
HB-02978,Non-private (overfit),-0.24167946688286457
HB-02979,Non-private (overfit),-0.9010737257583463
HB-02980,Non-private (overfit),-0.7275444620214435
HB-02981,Non-private (overfit),0.06970188451064896
HB-02982,Non-private (overfit),-0.3685187605565523
HB-02983,Non-private (overfit),-0.019413568537335113
HB-02984,Non-private (overfit),-0.774655955284835
HB-02985,Non-private (overfit),0.4213974387539698
HB-02986,Non-private (overfit),0.0054914822632036175
HB-02987,Non-private (overfit),0.07220587528948919
HB-02988,Non-private (overfit),-0.4371362977667743
HB-02989,Non-private (overfit),-0.04195855596044917
HB-02990,Non-private (overfit),0.57143166156987
HB-02991,Non-private (overfit),-0.5252132050419099
HB-02992,Non-private (overfit),-1.251212747408486
HB-02993,Non-private (overfit),0.09584308672085928
HB-02994,Non-private (overfit),-0.6149717766204645
HB-02995,Non-private (overfit),-0.1760217558142021
HB-02996,Non-private (overfit),-0.21539500430695568
HB-02997,Non-private (overfit),-1.1497894389393786
HB-02998,Non-private (overfit),1.3284480671384773
HB-02999,Non-private (overfit),-0.07169649681350743
HB-03000,Non-private (overfit),0.10631769407893232
HA-00001,Non-private (tuned),0.30427216194809437
HA-00002,Non-private (tuned),0.1366546210787356
HA-00003,Non-private (tuned),-0.005600739809817845
HA-00004,Non-private (tuned),-0.04887201554064807
HA-00006,Non-private (tuned),-0.11144324213272083
HA-00008,Non-private (tuned),0.05025849414734457
HA-00009,Non-private (tuned),0.3746663554432942
HA-00010,Non-private (tuned),-0.16164876459640098
HA-00011,Non-private (tuned),-0.004262708581577346
HA-00012,Non-private (tuned),0.32341452258126635
HA-00014,Non-private (tuned),0.13761058822020583
HA-00015,Non-private (tuned),-0.2612297518856538
HA-00016,Non-private (tuned),-0.04751664792343685
HA-00017,Non-private (tuned),-1.6354669907062946
HA-00018,Non-private (tuned),0.22673730566321998
HA-00019,Non-private (tuned),0.23191363016008437
HA-00020,Non-private (tuned),0.06962834960141062
HA-00021,Non-private (tuned),-0.5768523475948713
HA-00022,Non-private (tuned),-0.12480715175459944
HA-00023,Non-private (tuned),0.08498275274272926
HA-00024,Non-private (tuned),0.41077240101235846
HA-00025,Non-private (tuned),-0.5897933001927308
HA-00026,Non-private (tuned),-0.2059738563156665
HA-00027,Non-private (tuned),0.4997287008502235
HA-00028,Non-private (tuned),0.061613373112834935
HA-00029,Non-private (tuned),-0.16551461751372676
HA-00030,Non-private (tuned),0.13415473541605466
HA-00031,Non-private (tuned),0.09932623175841626
HA-00032,Non-private (tuned),0.3296955095530737
HA-00033,Non-private (tuned),0.06185622048312078
HA-00034,Non-private (tuned),-0.13482937421705932
HA-00035,Non-private (tuned),-0.15143871585142216
HA-00036,Non-private (tuned),0.38270873691497204
HA-00037,Non-private (tuned),-0.42190911220039273
HA-00038,Non-private (tuned),0.3343795794472741
HA-00040,Non-private (tuned),0.10914218565830797
HA-00041,Non-private (tuned),0.288188779369051
HA-00043,Non-private (tuned),6.955137785180643e-05
HA-00044,Non-private (tuned),-0.5414461161026426
HA-00045,Non-private (tuned),-0.25632132755299586
HA-00046,Non-private (tuned),-0.15793179472095809
HA-00047,Non-private (tuned),-0.23039283952158918
HA-00048,Non-private (tuned),-0.02557168601206139
HA-00049,Non-private (tuned),-0.39088411247895505
HA-00050,Non-private (tuned),-0.0308266398647713
HA-00051,Non-private (tuned),0.5850414585394244
HA-00052,Non-private (tuned),-0.2699701289001102
HA-00053,Non-private (tuned),0.2818187802405181
HA-00055,Non-private (tuned),-0.23946368167809734
HA-00056,Non-private (tuned),0.10708821668682297
HA-00057,Non-private (tuned),-0.18457582785676596
HA-00059,Non-private (tuned),-0.3952154618766034
HA-00060,Non-private (tuned),-0.042764364790542575
HA-00061,Non-private (tuned),0.16873139377041468
HA-00062,Non-private (tuned),-0.07306240218303084
HA-00063,Non-private (tuned),-0.26997517213595734
HA-00064,Non-private (tuned),-0.0690783879065957
HA-00065,Non-private (tuned),0.1698549831097212
HA-00066,Non-private (tuned),-0.08719597305771382
HA-00067,Non-private (tuned),0.17005553674718998
HA-00068,Non-private (tuned),0.12733540731557896
HA-00070,Non-private (tuned),-0.6583390802450824
HA-00071,Non-private (tuned),-0.035656299921375645
HA-00072,Non-private (tuned),0.28309855320160016
HA-00073,Non-private (tuned),0.0840432117487585
HA-00074,Non-private (tuned),-0.08327752954184026
HA-00075,Non-private (tuned),0.7810376714383547
HA-00076,Non-private (tuned),-0.032287509415601656
HA-00077,Non-private (tuned),0.07749700264611309
HA-00078,Non-private (tuned),0.06205237415537512
HA-00079,Non-private (tuned),-0.17956399029089926
HA-00080,Non-private (tuned),-0.26465070157734505
HA-00081,Non-private (tuned),-0.16674703784937717
HA-00082,Non-private (tuned),-0.41180545509467564
HA-00083,Non-private (tuned),0.17260921825399245
HA-00084,Non-private (tuned),-0.24749163268312185
HA-00085,Non-private (tuned),-0.18037033614673126
HA-00086,Non-private (tuned),-0.12669878523945288
HA-00087,Non-private (tuned),0.39917839632794117
HA-00088,Non-private (tuned),0.18346593108323045
HA-00090,Non-private (tuned),0.5736555577896785
HA-00091,Non-private (tuned),0.05533942964691835
HA-00092,Non-private (tuned),0.1782743792066075
HA-00093,Non-private (tuned),0.03573469166474019
HA-00094,Non-private (tuned),-0.2741405550782977
HA-00098,Non-private (tuned),-0.7218394375616127
HA-00099,Non-private (tuned),-0.42564115801068136
HA-00100,Non-private (tuned),0.12885607400853566
HA-00101,Non-private (tuned),-0.45508805423455906
HA-00102,Non-private (tuned),0.17884338809677708
HA-00103,Non-private (tuned),0.19729451634052164
HA-00104,Non-private (tuned),-0.10501993213717767
HA-00105,Non-private (tuned),-0.4994981965262963
HA-00106,Non-private (tuned),-0.21844836995924788
HA-00107,Non-private (tuned),0.08751535016613365
HA-00108,Non-private (tuned),0.013429588549871752
HA-00109,Non-private (tuned),-0.05305893073879764
HA-00110,Non-private (tuned),0.2732950121329254
HA-00111,Non-private (tuned),-0.1707632792129579
HA-00112,Non-private (tuned),-0.4004424897480711
HA-00113,Non-private (tuned),-0.07616471373084893
HA-00114,Non-private (tuned),-0.0027217156116836616
HA-00115,Non-private (tuned),0.01400594971345942
HA-00116,Non-private (tuned),-0.2998012340400092
HA-00117,Non-private (tuned),-0.01611808734037451
HA-00118,Non-private (tuned),-0.21004493170633326
HA-00119,Non-private (tuned),-0.08908360789883712
HA-00120,Non-private (tuned),0.24234006387049878
HA-00121,Non-private (tuned),0.14799045845835024
HA-00122,Non-private (tuned),-0.3173792673937159
HA-00123,Non-private (tuned),0.1089548221342497
HA-00124,Non-private (tuned),-0.07756904476794002
HA-00125,Non-private (tuned),0.12993812813903277
HA-00126,Non-private (tuned),-0.27183907554825204
HA-00127,Non-private (tuned),-0.26487708510084274
HA-00128,Non-private (tuned),-0.2757180919864602
HA-00129,Non-private (tuned),0.16563222823889623
HA-00131,Non-private (tuned),-0.25988897960409374
HA-00132,Non-private (tuned),-0.06806310798318493
HA-00133,Non-private (tuned),-0.248283690186809
HA-00134,Non-private (tuned),-0.29291087477376987
HA-00135,Non-private (tuned),0.18674356730642283
HA-00136,Non-private (tuned),-0.4006472623415156
HA-00137,Non-private (tuned),0.027361276263574652
HA-00138,Non-private (tuned),-0.13873895244400508
HA-00139,Non-private (tuned),-0.4798539085886669
HA-00141,Non-private (tuned),-0.27974158980131136
HA-00142,Non-private (tuned),0.04086759877139268
HA-00143,Non-private (tuned),-0.15260418565501577
HA-00144,Non-private (tuned),-0.2485397980299463
HA-00145,Non-private (tuned),-0.17734668103970597
HA-00146,Non-private (tuned),0.6059971019285073
HA-00147,Non-private (tuned),0.14985921014547932
HA-00148,Non-private (tuned),0.32533000407375423
HA-00151,Non-private (tuned),-0.4158337501958943
HA-00152,Non-private (tuned),1.070690349467281
HA-00153,Non-private (tuned),0.11162134818222474
HA-00154,Non-private (tuned),0.16226004979447461
HA-00155,Non-private (tuned),-0.11234463263530292
HA-00156,Non-private (tuned),-0.5259371082477639
HA-00157,Non-private (tuned),0.24933123098965065
HA-00158,Non-private (tuned),-0.057373564266358174
HA-00160,Non-private (tuned),-0.006510782127651771
HA-00161,Non-private (tuned),0.02728262641397175
HA-00162,Non-private (tuned),0.19976910329518982
HA-00163,Non-private (tuned),0.10099254982433137
HA-00164,Non-private (tuned),0.46230697155484574
HA-00165,Non-private (tuned),-0.3456274247482066
HA-00166,Non-private (tuned),-0.20437066052658573
HA-00168,Non-private (tuned),0.09569810372642262
HA-00169,Non-private (tuned),-0.40604590813396596
HA-00170,Non-private (tuned),0.026952274814439403
HA-00171,Non-private (tuned),-0.020537406854504336
HA-00176,Non-private (tuned),-0.6947143035150067
HA-00177,Non-private (tuned),-0.09450532378342735
HA-00178,Non-private (tuned),0.6137287529891495
HA-00179,Non-private (tuned),0.14332845433148128
HA-00180,Non-private (tuned),-0.17743117994677715
HA-00181,Non-private (tuned),-0.03729406526836014
HA-00182,Non-private (tuned),0.41797415734215726
HA-00183,Non-private (tuned),-0.21184566432486962
HA-00184,Non-private (tuned),-0.07564259910694793
HA-00185,Non-private (tuned),-0.07950408166036299
HA-00186,Non-private (tuned),-0.21886948973136228
HA-00187,Non-private (tuned),0.19968141588262833
HA-00188,Non-private (tuned),0.22072395327726224
HA-00189,Non-private (tuned),-0.7330803945441253
HA-00190,Non-private (tuned),0.03841862075217223
HA-00191,Non-private (tuned),0.16042184567578788
HA-00192,Non-private (tuned),0.04032603649405542
HA-00193,Non-private (tuned),0.08941567326680361
HA-00194,Non-private (tuned),0.13242971931417646
HA-00195,Non-private (tuned),0.1470556720627424
HA-00196,Non-private (tuned),-0.12011197935182594
HA-00197,Non-private (tuned),-0.02183471420445643
HA-00198,Non-private (tuned),0.07261360297076208
HA-00199,Non-private (tuned),-0.024492152724344962
HA-00200,Non-private (tuned),0.35020485243499905
HA-00201,Non-private (tuned),0.45864400793384014
HA-00202,Non-private (tuned),-0.102699767958223
HA-00203,Non-private (tuned),-0.19632808985903866
HA-00204,Non-private (tuned),0.05323769085990504
HA-00205,Non-private (tuned),-0.21301693429918078
HA-00206,Non-private (tuned),-0.49268961094421754
HA-00207,Non-private (tuned),0.19709490068902397
HA-00208,Non-private (tuned),0.5906413930500136
HA-00209,Non-private (tuned),-0.09073392333464847
HA-00210,Non-private (tuned),0.06168357229321336
HA-00211,Non-private (tuned),-0.14458612394818393
HA-00212,Non-private (tuned),-0.2588748766013682
HA-00213,Non-private (tuned),-0.06549404797633984
HA-00214,Non-private (tuned),-0.16226605023956842
HA-00215,Non-private (tuned),0.287764520115701
HA-00217,Non-private (tuned),-0.3216946504685332
HA-00218,Non-private (tuned),0.028211848467562695
HA-00219,Non-private (tuned),-0.08432141817482475
HA-00221,Non-private (tuned),0.0016843772586445094
HA-00222,Non-private (tuned),0.14180077722804602
HA-00223,Non-private (tuned),-0.004678335538521372
HA-00224,Non-private (tuned),0.24260144004698203
HA-00225,Non-private (tuned),0.10326703625259614
HA-00226,Non-private (tuned),-0.4241360300402214
HA-00227,Non-private (tuned),-0.11697188797164548
HA-00228,Non-private (tuned),0.22851564784923634
HA-00229,Non-private (tuned),0.01680912283453717
HA-00230,Non-private (tuned),0.2177263152287356
HA-00231,Non-private (tuned),0.1847641860953606
HA-00232,Non-private (tuned),0.4348084148409205
HA-00233,Non-private (tuned),-0.09005975288857626
HA-00234,Non-private (tuned),-0.1599097345788969
HA-00235,Non-private (tuned),0.44593181629982453
HA-00236,Non-private (tuned),0.13977584310899077
HA-00237,Non-private (tuned),0.16830040675380792
HA-00238,Non-private (tuned),-0.24320476692798568
HA-00239,Non-private (tuned),0.09726471781828025
HA-00240,Non-private (tuned),0.3484671049851398
HA-00241,Non-private (tuned),-0.09121802321185146
HA-00242,Non-private (tuned),0.13745997666774457
HA-00243,Non-private (tuned),0.504894792901082
HA-00244,Non-private (tuned),0.05469130660416527
HA-00246,Non-private (tuned),0.028429095035943486
HA-00247,Non-private (tuned),0.1291502947509937
HA-00248,Non-private (tuned),-0.190512540207607
HA-00249,Non-private (tuned),-0.17958246506530245
HA-00250,Non-private (tuned),-0.18631534767850533
HA-00251,Non-private (tuned),-0.13075663212420366
HA-00252,Non-private (tuned),-0.07934891347624912
HA-00253,Non-private (tuned),0.06605838015047702
HA-00254,Non-private (tuned),-0.42651155010199826
HA-00255,Non-private (tuned),-0.0753553594833575
HA-00256,Non-private (tuned),0.01729577896868112
HA-00257,Non-private (tuned),0.2783494290874261
HA-00258,Non-private (tuned),-0.029142245287309132
HA-00259,Non-private (tuned),-0.1700759575834071
HA-00260,Non-private (tuned),0.10923234652274394
HA-00261,Non-private (tuned),-0.33911410933289354
HA-00262,Non-private (tuned),0.312673406695516
HA-00263,Non-private (tuned),-0.07073977284604405
HA-00264,Non-private (tuned),0.2247423330494347
HA-00265,Non-private (tuned),-0.38618665802564406
HA-00266,Non-private (tuned),0.2729170765331121
HA-00267,Non-private (tuned),-0.21387720810394872
HA-00269,Non-private (tuned),0.2974574008638928
HA-00270,Non-private (tuned),0.015121455958351793
HA-00271,Non-private (tuned),-0.4181470580647923
HA-00272,Non-private (tuned),0.11514029340405385
HA-00273,Non-private (tuned),-0.16854051071819898
HA-00274,Non-private (tuned),0.4054810397934949
HA-00275,Non-private (tuned),-0.47002162571592276
HA-00276,Non-private (tuned),0.060737384139467165
HA-00277,Non-private (tuned),-0.29609698256917083
HA-00278,Non-private (tuned),-0.0785167202258944
HA-00279,Non-private (tuned),-0.18993736807895428
HA-00280,Non-private (tuned),0.11687635619770687
HA-00281,Non-private (tuned),-0.040660056771714914
HA-00282,Non-private (tuned),0.2063138418746182
HA-00283,Non-private (tuned),0.2129420857010666
HA-00284,Non-private (tuned),-0.26137078786369444
HA-00285,Non-private (tuned),-0.5182463088895907
HA-00287,Non-private (tuned),-0.12776987147748095
HA-00288,Non-private (tuned),0.08607887673680276
HA-00289,Non-private (tuned),-0.1422256448822372
HA-00290,Non-private (tuned),0.05667111921061291
HA-00292,Non-private (tuned),-0.19750324012557868
HA-00293,Non-private (tuned),0.39459053804330346
HA-00294,Non-private (tuned),0.11076010128682368
HA-00295,Non-private (tuned),0.05790288828939261
HA-00296,Non-private (tuned),0.14948798333258
HA-00297,Non-private (tuned),-0.16313663889022034
HA-00298,Non-private (tuned),-0.3516791222501717
HA-00299,Non-private (tuned),-0.010145392344165727
HA-00300,Non-private (tuned),0.22137886265573176
HA-00302,Non-private (tuned),0.07128621644837807
HA-00303,Non-private (tuned),0.027454372751376688
HA-00304,Non-private (tuned),0.14035811685883887
HA-00305,Non-private (tuned),-0.11171522308297976
HA-00306,Non-private (tuned),-0.08247434151900862
HA-00307,Non-private (tuned),0.1581654110980979
HA-00308,Non-private (tuned),-0.02045457287458824
HA-00309,Non-private (tuned),-0.34210130200982947
HA-00310,Non-private (tuned),-1.0873387773962908
HA-00312,Non-private (tuned),-0.17313081919710271
HA-00313,Non-private (tuned),0.5602416493954885
HA-00314,Non-private (tuned),-0.12647263516133012
HA-00315,Non-private (tuned),-0.13333413179221537
HA-00316,Non-private (tuned),0.7329446648947107
HA-00317,Non-private (tuned),0.2456418687706846
HA-00318,Non-private (tuned),-0.07021680225571136
HA-00319,Non-private (tuned),0.2136933632173388
HA-00320,Non-private (tuned),0.1370617056701987
HA-00321,Non-private (tuned),-0.21118074234773893
HA-00322,Non-private (tuned),0.2586843389228396
HA-00323,Non-private (tuned),0.16176392425193611
HA-00324,Non-private (tuned),0.05799031694159473
HA-00325,Non-private (tuned),-0.3101688819012227
HA-00326,Non-private (tuned),0.008940673942950783
HA-00327,Non-private (tuned),-0.017705214925141877
HA-00329,Non-private (tuned),0.3026998432388678
HA-00330,Non-private (tuned),-0.11921026213167701
HA-00332,Non-private (tuned),-0.2100307566941615
HA-00333,Non-private (tuned),-0.23000243684393407
HA-00335,Non-private (tuned),-0.23973894230862636
HA-00336,Non-private (tuned),0.1687451287362346
HA-00337,Non-private (tuned),0.01311954808282978
HA-00338,Non-private (tuned),-0.08407724631487845
HA-00339,Non-private (tuned),0.3353900864480994
HA-00340,Non-private (tuned),0.2474515562110572
HA-00341,Non-private (tuned),-0.17367089080365472
HA-00342,Non-private (tuned),-0.07878242691709009
HA-00343,Non-private (tuned),0.04898179044939949
HA-00344,Non-private (tuned),0.01352264809079734
HA-00345,Non-private (tuned),-0.07631381430605116
HA-00346,Non-private (tuned),0.060176758795983276
HA-00347,Non-private (tuned),-0.04418438196869834
HA-00348,Non-private (tuned),-0.03537570525065781
HA-00349,Non-private (tuned),0.16055285157397642
HA-00350,Non-private (tuned),-0.13406708587446295
HA-00351,Non-private (tuned),0.25579905014645393
HA-00352,Non-private (tuned),0.06546658794890964
HA-00353,Non-private (tuned),0.32922954493799006
HA-00354,Non-private (tuned),0.18251271094759652
HA-00356,Non-private (tuned),0.03151111326877287
HA-00357,Non-private (tuned),0.012896299301199565
HA-00358,Non-private (tuned),-0.17962062258286438
HA-00359,Non-private (tuned),0.0684877983027109
HA-00360,Non-private (tuned),0.24824632230953836
HA-00361,Non-private (tuned),0.07635282123878895
HA-00362,Non-private (tuned),-0.3522900533423624
HA-00363,Non-private (tuned),-0.46843448675812893
HA-00364,Non-private (tuned),-0.22682189995684682
HA-00366,Non-private (tuned),-0.31901261046744667
HA-00367,Non-private (tuned),0.36288130637648147
HA-00368,Non-private (tuned),0.20432904218138315
HA-00369,Non-private (tuned),0.22240087362806082
HA-00370,Non-private (tuned),-0.011632033606779557
HA-00371,Non-private (tuned),0.09784956803725248
HA-00372,Non-private (tuned),-0.13764201623450173
HA-00373,Non-private (tuned),0.21237859112388657
HA-00374,Non-private (tuned),0.11307554880654402
HA-00375,Non-private (tuned),-0.31925988986836057
HA-00376,Non-private (tuned),-0.43632698670699877
HA-00378,Non-private (tuned),-0.11691426168583141
HA-00379,Non-private (tuned),0.3357882975718193
HA-00380,Non-private (tuned),0.16305552287895553
HA-00381,Non-private (tuned),-0.2040178097820497
HA-00382,Non-private (tuned),-0.11258475903594198
HA-00383,Non-private (tuned),-0.02559984145584676
HA-00384,Non-private (tuned),-0.037728549847691806
HA-00385,Non-private (tuned),0.011229786424739374
HA-00386,Non-private (tuned),0.10514197217715388
HA-00388,Non-private (tuned),-2.0436716100451138
HA-00389,Non-private (tuned),-0.28670199095802795
HA-00390,Non-private (tuned),-0.5092912756167449
HA-00391,Non-private (tuned),-0.021192590017798385
HA-00392,Non-private (tuned),0.10720078357387086
HA-00393,Non-private (tuned),0.1662358112614708
HA-00394,Non-private (tuned),0.19033848807956322
HA-00395,Non-private (tuned),-0.39912570099880657
HA-00396,Non-private (tuned),-0.23324054072425504
HA-00397,Non-private (tuned),-0.02607323907964787
HA-00398,Non-private (tuned),-0.10353940837428333
HA-00399,Non-private (tuned),-0.32808506114503944
HA-00400,Non-private (tuned),0.012770124436077723
HA-00401,Non-private (tuned),-0.18376125553221784
HA-00402,Non-private (tuned),0.024559727771922085
HA-00403,Non-private (tuned),0.22856677566393668
HA-00404,Non-private (tuned),-0.009475334242232292
HA-00405,Non-private (tuned),0.07946963715051192
HA-00406,Non-private (tuned),0.24975160465638058
HA-00407,Non-private (tuned),0.15130837103154604
HA-00408,Non-private (tuned),-0.11660454039873952
HA-00409,Non-private (tuned),-0.008830539748780675
HA-00410,Non-private (tuned),0.17564260678774524
HA-00411,Non-private (tuned),0.04170475928146028
HA-00412,Non-private (tuned),-0.17928070701198867
HA-00413,Non-private (tuned),0.017736307798572326
HA-00414,Non-private (tuned),-0.17746495645991234
HA-00415,Non-private (tuned),0.18378742719542662
HA-00416,Non-private (tuned),0.1985375307074298
HA-00417,Non-private (tuned),0.010862448283430443
HA-00418,Non-private (tuned),-0.22735800256400646
HA-00419,Non-private (tuned),-0.06578667245901865
HA-00420,Non-private (tuned),-0.24476935059292687
HA-00421,Non-private (tuned),-0.2995202698774422
HA-00422,Non-private (tuned),0.2548337972711864
HA-00423,Non-private (tuned),0.435274401228403
HA-00424,Non-private (tuned),-0.3162846555401868
HA-00425,Non-private (tuned),-0.09905677857634321
HA-00426,Non-private (tuned),0.109207317535719
HA-00427,Non-private (tuned),0.06280134555693367
HA-00428,Non-private (tuned),-0.4517141046922052
HA-00429,Non-private (tuned),0.03234518414836485
HA-00430,Non-private (tuned),0.06909963298945832
HA-00431,Non-private (tuned),0.1001515614322882
HA-00432,Non-private (tuned),-0.03347021532884148
HA-00433,Non-private (tuned),-0.3294257131464279
HA-00435,Non-private (tuned),0.2612247097054542
HA-00436,Non-private (tuned),-0.04207456082786115
HA-00437,Non-private (tuned),-0.230369198664245
HA-00438,Non-private (tuned),-0.21044648501441876
HA-00439,Non-private (tuned),-0.12617786291958244
HA-00440,Non-private (tuned),0.29759296537861823
HA-00441,Non-private (tuned),-0.07618042333687747
HA-00442,Non-private (tuned),-0.3249153042147001
HA-00443,Non-private (tuned),-0.18309750830350102
HA-00445,Non-private (tuned),-0.315387619311998
HA-00446,Non-private (tuned),0.028369899160946066
HA-00447,Non-private (tuned),-0.18075571807833277
HA-00448,Non-private (tuned),0.3281367605807981
HA-00450,Non-private (tuned),-0.15581944418997987
HA-00451,Non-private (tuned),-0.20095691912284225
HA-00452,Non-private (tuned),-0.5456892729693584
HA-00454,Non-private (tuned),0.041783475546090576
HA-00455,Non-private (tuned),-0.18152966707383872
HA-00456,Non-private (tuned),0.029939779379871634
HA-00457,Non-private (tuned),0.23276609393928027
HA-00458,Non-private (tuned),-0.22087212912917464
HA-00459,Non-private (tuned),0.0721883731410437
HA-00460,Non-private (tuned),-0.29937452863288155
HA-00462,Non-private (tuned),-0.11417486222825113
HA-00463,Non-private (tuned),0.14153030128201868
HA-00464,Non-private (tuned),0.4466218294183663
HA-00465,Non-private (tuned),-0.033789346228027706
HA-00466,Non-private (tuned),0.11460629794339261
HA-00467,Non-private (tuned),-0.061865613282953646
HA-00468,Non-private (tuned),-0.035187858607903466
HA-00469,Non-private (tuned),-0.04167958899130464
HA-00470,Non-private (tuned),0.1006334853704372
HA-00471,Non-private (tuned),0.0988975467467117
HA-00472,Non-private (tuned),-0.22312064137992865
HA-00473,Non-private (tuned),0.09929240587273847
HA-00474,Non-private (tuned),-0.23941417577004065
HA-00475,Non-private (tuned),0.041730587782265405
HA-00476,Non-private (tuned),0.48695025909369305
HA-00477,Non-private (tuned),-0.22374338660545132
HA-00478,Non-private (tuned),-0.0426576697909522
HA-00479,Non-private (tuned),-0.1866078477658884
HA-00480,Non-private (tuned),-0.15369846850293167
HA-00481,Non-private (tuned),-0.5872298054762264
HA-00482,Non-private (tuned),0.18554988465177458
HA-00483,Non-private (tuned),-0.16202318739471216
HA-00484,Non-private (tuned),0.435050023813604
HA-00485,Non-private (tuned),0.25639417495348293
HA-00486,Non-private (tuned),0.26196004990859223
HA-00487,Non-private (tuned),-0.1899871741520477
HA-00488,Non-private (tuned),-0.22763390811699974
HA-00489,Non-private (tuned),0.027360720769913915
HA-00490,Non-private (tuned),-0.1352289163321152
HA-00491,Non-private (tuned),-0.12996656644669538
HA-00492,Non-private (tuned),-0.1501926453228758
HA-00493,Non-private (tuned),-0.033148383740160575
HA-00494,Non-private (tuned),-0.05978668216019323
HA-00495,Non-private (tuned),0.14382882968288097
HA-00496,Non-private (tuned),0.06695490943587801
HA-00497,Non-private (tuned),0.407273737164961
HA-00498,Non-private (tuned),0.24926581582445995
HA-00500,Non-private (tuned),0.02943809940202341
HA-00501,Non-private (tuned),0.08786348819166684
HA-00502,Non-private (tuned),0.14101439202724853
HA-00503,Non-private (tuned),-0.2102960843877274
HA-00504,Non-private (tuned),0.3066722410844687
HA-00505,Non-private (tuned),-0.05780870111687719
HA-00506,Non-private (tuned),-0.38836198849091796
HA-00507,Non-private (tuned),0.031108650547015837
HA-00508,Non-private (tuned),0.03149972268679946
HA-00509,Non-private (tuned),-0.3927248871071112
HA-00510,Non-private (tuned),0.07288139903389562
HA-00512,Non-private (tuned),0.10118829905985077
HA-00513,Non-private (tuned),0.4292111022785508
HA-00514,Non-private (tuned),-0.22032006449841968
HA-00515,Non-private (tuned),-0.16213847700569123
HA-00516,Non-private (tuned),-0.054018219659868305
HA-00517,Non-private (tuned),0.2874894141750131
HA-00518,Non-private (tuned),-1.141882420670635
HA-00519,Non-private (tuned),-0.5142606262180619
HA-00521,Non-private (tuned),0.3408010387385605
HA-00522,Non-private (tuned),-0.1606085029155468
HA-00523,Non-private (tuned),0.3861356913884883
HA-00524,Non-private (tuned),0.19072703218608078
HA-00525,Non-private (tuned),-0.27784565590766264
HA-00526,Non-private (tuned),0.020056223623470204
HA-00527,Non-private (tuned),0.23936047459073823
HA-00529,Non-private (tuned),-0.3666312653740426
HA-00530,Non-private (tuned),-0.4693384910370189
HA-00531,Non-private (tuned),-0.30283883483102925
HA-00533,Non-private (tuned),0.012967474267287948
HA-00534,Non-private (tuned),0.06744387564461363
HA-00536,Non-private (tuned),-0.16590673971801523
HA-00537,Non-private (tuned),-0.7331913321047494
HA-00538,Non-private (tuned),-0.07165916131841171
HA-00539,Non-private (tuned),0.2024600896537273
HA-00540,Non-private (tuned),-0.04623061698276992
HA-00541,Non-private (tuned),0.3896968573509742
HA-00542,Non-private (tuned),-0.7091902847505602
HA-00543,Non-private (tuned),0.25287594410013203
HA-00544,Non-private (tuned),-0.25908789573999413
HA-00545,Non-private (tuned),0.18905630076488839
HA-00546,Non-private (tuned),0.0032667987476381333
HA-00547,Non-private (tuned),0.11080534576450068
HA-00548,Non-private (tuned),-0.08261855690954906
HA-00549,Non-private (tuned),0.0817996773705797
HA-00550,Non-private (tuned),-0.38818289310238896
HA-00551,Non-private (tuned),0.2310825442977768
HA-00552,Non-private (tuned),0.2791578693289671
HA-00554,Non-private (tuned),-0.2918141914314416
HA-00555,Non-private (tuned),0.18376235393974794
HA-00556,Non-private (tuned),0.06622274497404121
HA-00557,Non-private (tuned),0.9187367681669929
HA-00558,Non-private (tuned),-0.055143591855902896
HA-00559,Non-private (tuned),0.13065030344343354
HA-00561,Non-private (tuned),-0.14250767917137153
HA-00562,Non-private (tuned),-0.09019796471309771
HA-00563,Non-private (tuned),0.10597953428277129
HA-00564,Non-private (tuned),0.21954317790084255
HA-00565,Non-private (tuned),-0.2636409929125269
HA-00567,Non-private (tuned),0.26126890293529953
HA-00568,Non-private (tuned),0.20103122363397086
HA-00569,Non-private (tuned),-0.058618362543289115
HA-00570,Non-private (tuned),0.23557710065199083
HA-00571,Non-private (tuned),0.570413674208516
HA-00572,Non-private (tuned),0.15538776533306187
HA-00573,Non-private (tuned),0.7038932452152029
HA-00574,Non-private (tuned),0.16354971760587628
HA-00576,Non-private (tuned),0.5840453887869614
HA-00578,Non-private (tuned),0.08636879198667102
HA-00579,Non-private (tuned),-0.12529689891728996
HA-00580,Non-private (tuned),0.428445624839465
HA-00581,Non-private (tuned),-0.012667583873188115
HA-00582,Non-private (tuned),0.18095316525815366
HA-00583,Non-private (tuned),0.27571215633372076
HA-00584,Non-private (tuned),-0.0323423588982627
HA-00585,Non-private (tuned),-0.40708524693802517
HA-00586,Non-private (tuned),0.1712889746258684
HA-00587,Non-private (tuned),0.6178405568867533
HA-00588,Non-private (tuned),-0.3812004852766593
HA-00589,Non-private (tuned),-0.5875393087072329
HA-00590,Non-private (tuned),-0.5694986170598579
HA-00591,Non-private (tuned),-0.24862556173702594
HA-00592,Non-private (tuned),-0.008076487508068053
HA-00593,Non-private (tuned),0.3574009123003999
HA-00594,Non-private (tuned),-0.2105036834086334
HA-00596,Non-private (tuned),0.20866291656028724
HA-00597,Non-private (tuned),-0.22225020583847302
HA-00598,Non-private (tuned),0.15290308199671243
HA-00599,Non-private (tuned),0.4204100077638316
HA-00601,Non-private (tuned),0.12317388190628453
HA-00602,Non-private (tuned),0.18308488688280433
HA-00603,Non-private (tuned),-0.34221466469363576
HA-00604,Non-private (tuned),-0.2848047967948884
HA-00605,Non-private (tuned),0.30441851067566744
HA-00606,Non-private (tuned),0.04821160367189323
HA-00607,Non-private (tuned),-0.11977500213458592
HA-00608,Non-private (tuned),0.3182784129447315
HA-00609,Non-private (tuned),0.6055075451014771
HA-00610,Non-private (tuned),0.15344201792124026
HA-00611,Non-private (tuned),0.328431870959034
HA-00612,Non-private (tuned),0.027713918160174433
HA-00613,Non-private (tuned),-0.02749136902773086
HA-00614,Non-private (tuned),-0.2257650701279564
HA-00615,Non-private (tuned),0.07351392564242776
HA-00616,Non-private (tuned),-0.17747631213787557
HA-00618,Non-private (tuned),0.574754575726298
HA-00619,Non-private (tuned),0.21466847937008077
HA-00620,Non-private (tuned),-0.5816101948756814
HA-00621,Non-private (tuned),0.05009520910167786
HA-00622,Non-private (tuned),-0.056002588310599344
HA-00623,Non-private (tuned),0.2434519680388612
HA-00624,Non-private (tuned),-0.027740250057163185
HA-00625,Non-private (tuned),0.1943218980839487
HA-00626,Non-private (tuned),0.169499137036965
HA-00627,Non-private (tuned),0.1344085070494147
HA-00628,Non-private (tuned),0.09436726386036598
HA-00629,Non-private (tuned),-0.12566285095633495
HA-00630,Non-private (tuned),-0.346621982468561
HA-00631,Non-private (tuned),-0.06587877798794373
HA-00632,Non-private (tuned),-0.010205314382005615
HA-00633,Non-private (tuned),0.31328760429107977
HA-00634,Non-private (tuned),0.21738695992150353
HA-00635,Non-private (tuned),-0.19879619234667134
HA-00636,Non-private (tuned),0.07637190025251234
HA-00637,Non-private (tuned),0.3456176387816541
HA-00638,Non-private (tuned),-0.054063077436945384
HA-00639,Non-private (tuned),-0.10752518855047272
HA-00640,Non-private (tuned),0.215356877457064
HA-00641,Non-private (tuned),0.04182764590955246
HA-00642,Non-private (tuned),-0.16671128177775385
HA-00643,Non-private (tuned),0.18496245497864167
HA-00644,Non-private (tuned),0.2616364796456596
HA-00645,Non-private (tuned),-0.0620178783009937
HA-00646,Non-private (tuned),-0.18326319912581523
HA-00648,Non-private (tuned),-0.1721500212233371
HA-00649,Non-private (tuned),-0.04056505502411906
HA-00650,Non-private (tuned),0.2746606926140257
HA-00651,Non-private (tuned),-0.5179716530564389
HA-00652,Non-private (tuned),-0.1531077620390342
HA-00653,Non-private (tuned),0.05878332411418946
HA-00654,Non-private (tuned),0.5527381173683067
HA-00655,Non-private (tuned),0.09243583725260573
HA-00656,Non-private (tuned),-0.09913562602594528
HA-00657,Non-private (tuned),-0.03591801248079762
HA-00658,Non-private (tuned),-0.4534873248506307
HA-00659,Non-private (tuned),0.3118386813737021
HA-00660,Non-private (tuned),-0.029737280025295743
HA-00661,Non-private (tuned),-0.11937939235058367
HA-00662,Non-private (tuned),-0.18080813670323476
HA-00663,Non-private (tuned),0.09132684494408622
HA-00664,Non-private (tuned),0.247722432054023
HA-00665,Non-private (tuned),-0.5350781718429816
HA-00666,Non-private (tuned),-0.12516763677977955
HA-00667,Non-private (tuned),-0.25744870199889225
HA-00668,Non-private (tuned),-0.25168095266945645
HA-00669,Non-private (tuned),-0.2622321101055171
HA-00671,Non-private (tuned),0.015014056682248145
HA-00673,Non-private (tuned),-0.06781136530897203
HA-00675,Non-private (tuned),0.4347258068466986
HA-00676,Non-private (tuned),-0.04219774264673648
HA-00677,Non-private (tuned),-0.029887532971802355
HA-00678,Non-private (tuned),0.06030772055043809
HA-00679,Non-private (tuned),-0.2633723990980258
HA-00680,Non-private (tuned),0.30162911247048996
HA-00681,Non-private (tuned),-0.21117904064605325
HA-00682,Non-private (tuned),-0.2919014292142222
HA-00683,Non-private (tuned),0.15985536868570022
HA-00684,Non-private (tuned),-0.4900882802049605
HA-00685,Non-private (tuned),-0.5104013767807916
HA-00687,Non-private (tuned),0.0013809726562207247
HA-00688,Non-private (tuned),-0.04160179691289326
HA-00689,Non-private (tuned),-0.411527364558926
HA-00690,Non-private (tuned),-0.19699241192019906
HA-00691,Non-private (tuned),0.042529867143556555
HA-00692,Non-private (tuned),-0.15321244932205474
HA-00693,Non-private (tuned),-0.17914382942595514
HA-00694,Non-private (tuned),0.029150723918746457
HA-00695,Non-private (tuned),-0.2373893877534493
HA-00696,Non-private (tuned),0.014400528187103523
HA-00697,Non-private (tuned),-0.11067265049702868
HA-00698,Non-private (tuned),0.04489588476329215
HA-00699,Non-private (tuned),-0.06442358562910477
HA-00700,Non-private (tuned),-0.05854373116484851
HA-00701,Non-private (tuned),-0.2800796407166787
HA-00702,Non-private (tuned),0.16328111317704574
HA-00703,Non-private (tuned),-0.109636744468737
HA-00705,Non-private (tuned),-0.4680993093314144
HA-00706,Non-private (tuned),0.033992748224403124
HA-00707,Non-private (tuned),-0.06239254799747915
HA-00708,Non-private (tuned),-0.12365835879048986
HA-00709,Non-private (tuned),0.05404066577726663
HA-00711,Non-private (tuned),-0.3226080571040886
HA-00712,Non-private (tuned),0.002402954607663488
HA-00713,Non-private (tuned),0.09850085711645973
HA-00714,Non-private (tuned),-0.3141165031544052
HA-00715,Non-private (tuned),-0.35562571485104416
HA-00716,Non-private (tuned),-0.18729881493470774
HA-00717,Non-private (tuned),-0.09006204567598886
HA-00718,Non-private (tuned),-0.3443573591925838
HA-00719,Non-private (tuned),0.22045878683423692
HA-00720,Non-private (tuned),-0.39219288498758226
HA-00721,Non-private (tuned),-3.54514223645972
HA-00722,Non-private (tuned),0.11383773294161595
HA-00723,Non-private (tuned),0.12406004786753994
HA-00724,Non-private (tuned),-0.011966247825276194
HA-00725,Non-private (tuned),-0.17323892856490453
HA-00726,Non-private (tuned),-0.14823381924216827
HA-00727,Non-private (tuned),-0.10713465935312258
HA-00728,Non-private (tuned),0.1278918388212012
HA-00730,Non-private (tuned),0.04709085272573721
HA-00731,Non-private (tuned),0.2609702261323692
HA-00732,Non-private (tuned),0.2626937853189542
HA-00733,Non-private (tuned),0.0631182848222514
HA-00734,Non-private (tuned),0.001013491587041837
HA-00736,Non-private (tuned),-0.00972491842226153
HA-00737,Non-private (tuned),-0.07294642289245556
HA-00738,Non-private (tuned),0.32546931823111297
HA-00739,Non-private (tuned),-0.09879794881431253
HA-00740,Non-private (tuned),-0.09482573891668733
HA-00742,Non-private (tuned),-0.41953333509344926
HA-00743,Non-private (tuned),0.14619504169371417
HA-00744,Non-private (tuned),-0.44688352287389144
HA-00745,Non-private (tuned),0.181467695794434
HA-00746,Non-private (tuned),0.06711218645740452
HA-00747,Non-private (tuned),0.16316500907319592
HA-00748,Non-private (tuned),0.24154950446320367
HA-00749,Non-private (tuned),0.10784681241565597
HA-00750,Non-private (tuned),0.06110813913304258
HA-00751,Non-private (tuned),0.0741234763708396
HA-00752,Non-private (tuned),-0.15636284185253913
HA-00753,Non-private (tuned),-0.3840096093212915
HA-00754,Non-private (tuned),0.1781222619032795
HA-00755,Non-private (tuned),0.0027229580166113765
HA-00756,Non-private (tuned),-0.6191992740325717
HA-00757,Non-private (tuned),0.3360198525488583
HA-00758,Non-private (tuned),-0.21947676874226596
HA-00759,Non-private (tuned),-0.009011930964252401
HA-00760,Non-private (tuned),-0.1235242664289054
HA-00761,Non-private (tuned),-0.17488078502233484
HA-00762,Non-private (tuned),-0.28222496858338375
HA-00763,Non-private (tuned),-0.6038834150343355
HA-00764,Non-private (tuned),-0.0029949564799208114
HA-00765,Non-private (tuned),-0.46109677704441776
HA-00767,Non-private (tuned),0.005991285262821
HA-00768,Non-private (tuned),0.5401670074976366
HA-00769,Non-private (tuned),-0.11766916025488672
HA-00770,Non-private (tuned),0.13920679634734917
HA-00771,Non-private (tuned),-0.08777990494140364
HA-00772,Non-private (tuned),0.08006429570841321
HA-00773,Non-private (tuned),-0.05896136430415033
HA-00774,Non-private (tuned),0.2879748874362575
HA-00776,Non-private (tuned),0.23491431444621813
HA-00777,Non-private (tuned),0.0057040400068958386
HA-00778,Non-private (tuned),-0.20227310077532662
HA-00779,Non-private (tuned),-0.18838474976793623
HA-00780,Non-private (tuned),0.22532131486153473
HA-00781,Non-private (tuned),-0.345715973284744
HA-00782,Non-private (tuned),0.03212206818576013
HA-00783,Non-private (tuned),0.8386071392260808
HA-00784,Non-private (tuned),-0.05425986682429834
HA-00785,Non-private (tuned),-0.40351359339484205
HA-00786,Non-private (tuned),0.04906862531188533
HA-00788,Non-private (tuned),0.09521306322639922
HA-00789,Non-private (tuned),0.10537428363838042
HA-00791,Non-private (tuned),-0.3627873134599785
HA-00792,Non-private (tuned),-0.2676477855386902
HA-00793,Non-private (tuned),-0.39663119710649797
HA-00794,Non-private (tuned),-0.3126240601798554
HA-00795,Non-private (tuned),0.43687788516377457
HA-00796,Non-private (tuned),-0.13581115909846567
HA-00797,Non-private (tuned),-0.06931889944262248
HA-00798,Non-private (tuned),0.10191800472135021
HA-00799,Non-private (tuned),0.3374824036897118
HA-00800,Non-private (tuned),0.030483811697814556
HA-00801,Non-private (tuned),-0.2941561105551219
HA-00802,Non-private (tuned),-0.2883018260881222
HA-00803,Non-private (tuned),0.2969385274765388
HA-00804,Non-private (tuned),-0.1625166210842101
HA-00805,Non-private (tuned),-0.24575250160874584
HA-00806,Non-private (tuned),0.20231445927496278
HA-00807,Non-private (tuned),0.24223044158051166
HA-00808,Non-private (tuned),-0.12834277780103742
HA-00809,Non-private (tuned),0.015475846457611797
HA-00810,Non-private (tuned),-0.3307215624290939
HA-00811,Non-private (tuned),0.3224183669023845
HA-00812,Non-private (tuned),0.08334389240500167
HA-00813,Non-private (tuned),-1.68761144062882
HA-00814,Non-private (tuned),-0.01812884908833412
HA-00815,Non-private (tuned),-0.10586800885622955
HA-00816,Non-private (tuned),0.0010405117130309338
HA-00817,Non-private (tuned),0.24964486384726964
HA-00818,Non-private (tuned),-0.11294154837925591
HA-00819,Non-private (tuned),-0.13723581695212067
HA-00820,Non-private (tuned),0.1209083151521293
HA-00821,Non-private (tuned),-0.2247885913958365
HA-00822,Non-private (tuned),-0.2941162344198164
HA-00823,Non-private (tuned),-0.059289209242209984
HA-00824,Non-private (tuned),-0.11496442033642573
HA-00825,Non-private (tuned),0.4134266314185854
HA-00827,Non-private (tuned),-0.03346653825453627
HA-00828,Non-private (tuned),0.33584943058327454
HA-00829,Non-private (tuned),-0.17227681331238343
HA-00831,Non-private (tuned),-0.23330629186373641
HA-00832,Non-private (tuned),-0.05101610099807441
HA-00833,Non-private (tuned),-0.0614333084497265
HA-00835,Non-private (tuned),-0.1711430504031366
HA-00836,Non-private (tuned),-0.0009720393222201196
HA-00837,Non-private (tuned),-0.051725406810305324
HA-00838,Non-private (tuned),0.13233975051212604
HA-00839,Non-private (tuned),0.1920230138840393
HA-00840,Non-private (tuned),0.0005202461503909794
HA-00841,Non-private (tuned),-0.17108491582709778
HA-00842,Non-private (tuned),0.2522273341080141
HA-00843,Non-private (tuned),0.13278706361916043
HA-00844,Non-private (tuned),0.23631430614915658
HA-00845,Non-private (tuned),0.6353890405474849
HA-00847,Non-private (tuned),-0.33922040543503085
HA-00848,Non-private (tuned),0.06378564680886839
HA-00849,Non-private (tuned),0.44045163739382553
HA-00850,Non-private (tuned),-0.2392691359785729
HA-00851,Non-private (tuned),-0.32087617397675394
HA-00852,Non-private (tuned),0.1679631242285412
HA-00853,Non-private (tuned),-0.1365540854823462
HA-00854,Non-private (tuned),0.1667194786833321
HA-00855,Non-private (tuned),0.06073723791300878
HA-00856,Non-private (tuned),0.22288332371198422
HA-00857,Non-private (tuned),0.21137907876328166
HA-00858,Non-private (tuned),0.06140190410115193
HA-00859,Non-private (tuned),0.052357854294491135
HA-00860,Non-private (tuned),0.4281917005822243
HA-00861,Non-private (tuned),-0.22880194622981315
HA-00862,Non-private (tuned),0.13289615200162963
HA-00863,Non-private (tuned),-0.1366819559513499
HA-00864,Non-private (tuned),0.28026071687688725
HA-00865,Non-private (tuned),-0.18725208357204087
HA-00866,Non-private (tuned),-0.05885672106998269
HA-00867,Non-private (tuned),0.061296134058185126
HA-00868,Non-private (tuned),0.13361534819716792
HA-00869,Non-private (tuned),-0.2760656340426036
HA-00870,Non-private (tuned),0.12746270586956654
HA-00871,Non-private (tuned),0.17281494723971047
HA-00872,Non-private (tuned),-0.01992388781255855
HA-00873,Non-private (tuned),0.4530661596549266
HA-00874,Non-private (tuned),0.3396739384040741
HA-00875,Non-private (tuned),-0.1764403106129534
HA-00876,Non-private (tuned),-0.006069536017583366
HA-00877,Non-private (tuned),0.2671034624973577
HA-00878,Non-private (tuned),0.055187967299408114
HA-00880,Non-private (tuned),-0.4900446861811608
HA-00881,Non-private (tuned),-0.28292910928724085
HA-00882,Non-private (tuned),-0.2375373762642337
HA-00884,Non-private (tuned),-0.1935955631953195
HA-00885,Non-private (tuned),0.11723622293791897
HA-00886,Non-private (tuned),0.02857486018257238
HA-00887,Non-private (tuned),-0.14292018949815222
HA-00888,Non-private (tuned),0.2044556249972569
HA-00889,Non-private (tuned),0.3078012504304132
HA-00890,Non-private (tuned),0.00876620141248241
HA-00892,Non-private (tuned),-0.25512934071633186
HA-00893,Non-private (tuned),0.022559474384870826
HA-00894,Non-private (tuned),0.49814931917942756
HA-00895,Non-private (tuned),0.10997280078074884
HA-00896,Non-private (tuned),0.2175489850961731
HA-00897,Non-private (tuned),0.1770476430081821
HA-00898,Non-private (tuned),-0.4491499693391249
HA-00899,Non-private (tuned),-0.3279763641865518
HA-00900,Non-private (tuned),-0.008952760611979249
HA-00901,Non-private (tuned),0.031831890999151236
HA-00902,Non-private (tuned),0.3469295198374564
HA-00903,Non-private (tuned),0.05568007627554672
HA-00904,Non-private (tuned),-0.25966500581304836
HA-00905,Non-private (tuned),-0.11455591110517033
HA-00906,Non-private (tuned),0.3896276511183861
HA-00907,Non-private (tuned),-0.2858568346683158
HA-00908,Non-private (tuned),0.2741784418859765
HA-00910,Non-private (tuned),0.10793877936764823
HA-00911,Non-private (tuned),-0.02759262806195667
HA-00912,Non-private (tuned),0.4066338274996357
HA-00913,Non-private (tuned),0.026385556965189516
HA-00914,Non-private (tuned),0.006605306700141256
HA-00915,Non-private (tuned),-0.0952223531092175
HA-00916,Non-private (tuned),0.22262425701200428
HA-00917,Non-private (tuned),-0.03459291503141071
HA-00918,Non-private (tuned),0.0663592602487093
HA-00919,Non-private (tuned),-0.09140554178999678
HA-00920,Non-private (tuned),0.53013360784786
HA-00921,Non-private (tuned),-0.5186177743248931
HA-00922,Non-private (tuned),-0.13221831124696154
HA-00923,Non-private (tuned),-0.08464333103061694
HA-00924,Non-private (tuned),0.0193828282323264
HA-00925,Non-private (tuned),-0.02584914780697456
HA-00926,Non-private (tuned),-0.07323605698443042
HA-00928,Non-private (tuned),-0.3914699871263276
HA-00929,Non-private (tuned),0.543450312128984
HA-00931,Non-private (tuned),1.160078548284139
HA-00932,Non-private (tuned),0.47165148971044524
HA-00933,Non-private (tuned),0.11609754189109006
HA-00935,Non-private (tuned),-0.039889448060188765
HA-00936,Non-private (tuned),0.1330093931458154
HA-00937,Non-private (tuned),0.036746895606764585
HA-00938,Non-private (tuned),0.04107782406179433
HA-00939,Non-private (tuned),-0.2947540966554771
HA-00940,Non-private (tuned),-0.2861494868830787
HA-00941,Non-private (tuned),-0.44962567584260943
HA-00942,Non-private (tuned),0.08419888886248378
HA-00943,Non-private (tuned),-0.00874558353682725
HA-00944,Non-private (tuned),-1.1807339754999844
HA-00945,Non-private (tuned),0.2674454975848307
HA-00946,Non-private (tuned),-0.23863439124266445
HA-00947,Non-private (tuned),-0.07089459313905677
HA-00948,Non-private (tuned),0.03965341680770823
HA-00949,Non-private (tuned),0.3837986914528624
HA-00950,Non-private (tuned),-0.02934201150929766
HA-00951,Non-private (tuned),-0.23382593746958302
HA-00952,Non-private (tuned),0.016275724810479175
HA-00954,Non-private (tuned),-0.03744091032188457
HA-00955,Non-private (tuned),0.23947973836371317
HA-00956,Non-private (tuned),-0.10101155123821315
HA-00957,Non-private (tuned),-0.034941198211302926
HA-00958,Non-private (tuned),-0.11971838603163792
HA-00959,Non-private (tuned),0.042361195819882236
HA-00960,Non-private (tuned),-0.3132498840621
HA-00961,Non-private (tuned),0.34263707465713955
HA-00963,Non-private (tuned),0.22476960517805766
HA-00964,Non-private (tuned),0.16183902081054802
HA-00965,Non-private (tuned),-0.21650371028262588
HA-00966,Non-private (tuned),-0.114968364383981
HA-00967,Non-private (tuned),0.8253591901966908
HA-00968,Non-private (tuned),-0.46230793314837676
HA-00969,Non-private (tuned),0.010301182154275335
HA-00970,Non-private (tuned),0.8174427260207546
HA-00972,Non-private (tuned),0.18317673886967134
HA-00973,Non-private (tuned),0.27812363257452066
HA-00974,Non-private (tuned),0.1726841201934068
HA-00975,Non-private (tuned),-0.12637286906235107
HA-00977,Non-private (tuned),-0.1494977111912108
HA-00978,Non-private (tuned),0.16502405634279227
HA-00979,Non-private (tuned),0.11546760653350407
HA-00981,Non-private (tuned),0.20665822842108955
HA-00982,Non-private (tuned),-0.06658335319692016
HA-00983,Non-private (tuned),-0.1512251567861964
HA-00984,Non-private (tuned),0.2879306271945204
HA-00986,Non-private (tuned),-0.27229583089662335
HA-00987,Non-private (tuned),0.5469450436199335
HA-00988,Non-private (tuned),0.5042988969786188
HA-00989,Non-private (tuned),-0.12809202608291437
HA-00990,Non-private (tuned),0.1773004439342752
HA-00991,Non-private (tuned),-0.34416004384743426
HA-00992,Non-private (tuned),-0.12321483507096109
HA-00993,Non-private (tuned),-0.3638247575889646
HA-00995,Non-private (tuned),0.5013059016352632
HA-00996,Non-private (tuned),-0.041858567710418404
HA-00998,Non-private (tuned),0.31023608738062125
HA-01000,Non-private (tuned),0.20360629551463114
HA-01001,Non-private (tuned),0.18327750583878144
HA-01002,Non-private (tuned),0.21529359498590694
HA-01003,Non-private (tuned),-0.1192544963946115
HA-01004,Non-private (tuned),0.17006024995429997
HA-01005,Non-private (tuned),0.27141089427523735
HA-01006,Non-private (tuned),-0.28916313525815845
HA-01007,Non-private (tuned),-0.07739136976643324
HA-01008,Non-private (tuned),-0.38462864017859244
HA-01009,Non-private (tuned),0.05011012923069719
HA-01010,Non-private (tuned),-0.35124747745028273
HA-01011,Non-private (tuned),0.07391333405206749
HA-01012,Non-private (tuned),-0.2147907892792742
HA-01013,Non-private (tuned),0.16795083315229448
HA-01016,Non-private (tuned),-0.42845231401703193
HA-01017,Non-private (tuned),-0.04864656306174242
HA-01018,Non-private (tuned),0.5107659452602256
HA-01019,Non-private (tuned),-0.022403920095828922
HA-01020,Non-private (tuned),0.06227859074486103
HA-01021,Non-private (tuned),0.1426597101110859
HA-01022,Non-private (tuned),0.1388546187687249
HA-01023,Non-private (tuned),-0.06920081373886061
HA-01024,Non-private (tuned),-0.2816565727630183
HA-01025,Non-private (tuned),0.44369372419399883
HA-01027,Non-private (tuned),-0.03300871363485486
HA-01028,Non-private (tuned),0.22774782007932626
HA-01029,Non-private (tuned),0.3894391629476309
HA-01030,Non-private (tuned),-0.37800834769334624
HA-01031,Non-private (tuned),-0.12169297173325672
HA-01032,Non-private (tuned),-0.4234076238345089
HA-01033,Non-private (tuned),-0.04794562985968842
HA-01035,Non-private (tuned),0.6051717118224359
HA-01036,Non-private (tuned),0.40479552145397313
HA-01038,Non-private (tuned),0.2904524492740437
HA-01039,Non-private (tuned),-0.3751754118993192
HA-01040,Non-private (tuned),0.4998333684696736
HA-01041,Non-private (tuned),0.1422290394329837
HA-01042,Non-private (tuned),-0.0919632392586126
HA-01043,Non-private (tuned),0.018231174794868743
HA-01044,Non-private (tuned),0.51178691718058
HA-01045,Non-private (tuned),0.40941501780876155
HA-01046,Non-private (tuned),0.4328482193548351
HA-01047,Non-private (tuned),-0.34720304272095254
HA-01048,Non-private (tuned),-0.11340009593931501
HA-01049,Non-private (tuned),-0.3133387652891877
HA-01050,Non-private (tuned),-0.19933875830846526
HA-01051,Non-private (tuned),0.1576801427562013
HA-01052,Non-private (tuned),0.45376284742182904
HA-01053,Non-private (tuned),0.11720913616162776
HA-01054,Non-private (tuned),0.2762990221544662
HA-01055,Non-private (tuned),-0.05691363786477116
HA-01056,Non-private (tuned),0.11819063570999477
HA-01057,Non-private (tuned),0.0023709438272923045
HA-01058,Non-private (tuned),0.055826936435263375
HA-01059,Non-private (tuned),-0.10642122763650946
HA-01060,Non-private (tuned),-0.05201718676507561
HA-01061,Non-private (tuned),0.09181784480857924
HA-01062,Non-private (tuned),-0.18785272715012746
HA-01063,Non-private (tuned),0.23707978126726514
HA-01064,Non-private (tuned),-0.8902602551158557
HA-01065,Non-private (tuned),-0.31654793657890473
HA-01066,Non-private (tuned),-0.44777818512631185
HA-01067,Non-private (tuned),0.2139847774505182
HA-01068,Non-private (tuned),0.03670934152421956
HA-01069,Non-private (tuned),-0.20564453816556236
HA-01070,Non-private (tuned),-0.09783466305361321
HA-01071,Non-private (tuned),0.059810223893212444
HA-01072,Non-private (tuned),-0.0024083327955660705
HA-01073,Non-private (tuned),0.15194594219434499
HA-01074,Non-private (tuned),-0.18341424273854834
HA-01075,Non-private (tuned),0.45643442720326655
HA-01076,Non-private (tuned),-0.13018210447163792
HA-01077,Non-private (tuned),-0.3591452143991118
HA-01078,Non-private (tuned),0.24494339893804618
HA-01079,Non-private (tuned),-0.08627900086365725
HA-01080,Non-private (tuned),-0.16354604057383448
HA-01081,Non-private (tuned),0.25764256359854126
HA-01082,Non-private (tuned),-0.35863484881861535
HA-01083,Non-private (tuned),-0.13301992168561905
HA-01084,Non-private (tuned),-0.3709074658589712
HA-01085,Non-private (tuned),0.042717662783472554
HA-01086,Non-private (tuned),-0.19344383807658516
HA-01087,Non-private (tuned),-0.0028660537916346263
HA-01088,Non-private (tuned),-0.10494560359219202
HA-01089,Non-private (tuned),0.11390877014625972
HA-01090,Non-private (tuned),-0.17417398960648506
HA-01091,Non-private (tuned),-0.11387062579514307
HA-01092,Non-private (tuned),-0.20859439236409927
HA-01093,Non-private (tuned),-0.03582586245816183
HA-01094,Non-private (tuned),0.4637161007827207
HA-01095,Non-private (tuned),0.2875306710704601
HA-01096,Non-private (tuned),-0.06958046461443901
HA-01097,Non-private (tuned),0.2471983422991936
HA-01098,Non-private (tuned),0.2596344234332926
HA-01099,Non-private (tuned),0.0008825894156332392
HA-01101,Non-private (tuned),-0.023140723344308556
HA-01102,Non-private (tuned),0.1965284523306283
HA-01103,Non-private (tuned),0.2834925257575573
HA-01104,Non-private (tuned),-0.07432972079865635
HA-01105,Non-private (tuned),0.4850481848135416
HA-01106,Non-private (tuned),-0.4051125197379778
HA-01107,Non-private (tuned),0.23831397348748096
HA-01108,Non-private (tuned),-0.011713519516427962
HA-01109,Non-private (tuned),0.008326020487153585
HA-01110,Non-private (tuned),0.09056276148096931
HA-01111,Non-private (tuned),-0.09914078094160184
HA-01112,Non-private (tuned),-0.11633438901410309
HA-01113,Non-private (tuned),-0.05321955272833653
HA-01114,Non-private (tuned),0.503250662175045
HA-01116,Non-private (tuned),-0.09594648640441392
HA-01117,Non-private (tuned),-0.3258452026184297
HA-01118,Non-private (tuned),-0.2897957247339991
HA-01119,Non-private (tuned),0.12413873676868759
HA-01122,Non-private (tuned),0.2951864538285608
HA-01123,Non-private (tuned),-0.22565824542391988
HA-01124,Non-private (tuned),0.056557708704354004
HA-01125,Non-private (tuned),-0.2178970845129053
HA-01126,Non-private (tuned),-0.01943980523569039
HA-01127,Non-private (tuned),0.24528894293426218
HA-01128,Non-private (tuned),0.18376035435054927
HA-01129,Non-private (tuned),0.0724823764385143
HA-01130,Non-private (tuned),0.1489642903571942
HA-01131,Non-private (tuned),0.20005350992037219
HA-01132,Non-private (tuned),0.9396053841938796
HA-01133,Non-private (tuned),0.2812365315889536
HA-01134,Non-private (tuned),-0.04107951881684274
HA-01135,Non-private (tuned),-0.04912048033992278
HA-01136,Non-private (tuned),0.3177229099110382
HA-01137,Non-private (tuned),-0.021375296682338618
HA-01138,Non-private (tuned),-0.18531699564206322
HA-01139,Non-private (tuned),-0.05093304174479257
HA-01140,Non-private (tuned),-0.21344967148045701
HA-01141,Non-private (tuned),0.022732775874686084
HA-01142,Non-private (tuned),-0.28008923401475927
HA-01143,Non-private (tuned),-0.1498333187880891
HA-01144,Non-private (tuned),0.2499957986430853
HA-01145,Non-private (tuned),-0.5766446142062087
HA-01146,Non-private (tuned),0.09657047233820049
HA-01147,Non-private (tuned),0.216100152460019
HA-01148,Non-private (tuned),0.02331766305646682
HA-01149,Non-private (tuned),0.6704716844738559
HA-01150,Non-private (tuned),0.23543966173909064
HA-01151,Non-private (tuned),0.6111141357077152
HA-01154,Non-private (tuned),0.2949815860174847
HA-01156,Non-private (tuned),0.2769386534856878
HA-01157,Non-private (tuned),-0.14893363914516744
HA-01158,Non-private (tuned),-0.25850811825950865
HA-01159,Non-private (tuned),0.47527579874298187
HA-01160,Non-private (tuned),0.07095431268894015
HA-01161,Non-private (tuned),-0.3736387928591619
HA-01162,Non-private (tuned),-0.08622937411800846
HA-01163,Non-private (tuned),-0.020521151370839874
HA-01164,Non-private (tuned),-0.02461712981611186
HA-01165,Non-private (tuned),0.1004714261141404
HA-01166,Non-private (tuned),-0.24792267484947839
HA-01167,Non-private (tuned),0.032325538373425666
HA-01168,Non-private (tuned),-0.07143353509749173
HA-01169,Non-private (tuned),0.03406648710607879
HA-01170,Non-private (tuned),0.13019229425144319
HA-01171,Non-private (tuned),-0.1738640777690677
HA-01173,Non-private (tuned),-0.1377352728760564
HA-01174,Non-private (tuned),-0.1107347517137699
HA-01175,Non-private (tuned),-0.3940889892575019
HA-01176,Non-private (tuned),-0.169746215327575
HA-01177,Non-private (tuned),0.009827662586293917
HA-01178,Non-private (tuned),0.20504049845951638
HA-01180,Non-private (tuned),-0.04762959697444302
HA-01181,Non-private (tuned),-0.07849072623469056
HA-01182,Non-private (tuned),-0.09926028859631816
HA-01183,Non-private (tuned),0.25412253260656226
HA-01184,Non-private (tuned),-0.11103609536325973
HA-01185,Non-private (tuned),0.07746145368145763
HA-01186,Non-private (tuned),-0.030527083047162007
HA-01187,Non-private (tuned),-0.39055689190563164
HA-01188,Non-private (tuned),0.31862182710097725
HA-01189,Non-private (tuned),0.09732603058400657
HA-01190,Non-private (tuned),-0.0024567948031396503
HA-01191,Non-private (tuned),-0.600821700909209
HA-01192,Non-private (tuned),-0.10501944774451683
HA-01193,Non-private (tuned),0.16413194159023398
HA-01194,Non-private (tuned),-0.31698944760063585
HA-01195,Non-private (tuned),-0.0812428070945283
HA-01196,Non-private (tuned),-0.42690342696963557
HA-01198,Non-private (tuned),0.0502163275342386
HA-01199,Non-private (tuned),-0.09168860105051319
HA-01200,Non-private (tuned),0.3824638733093325
HA-01201,Non-private (tuned),0.35404433969823107
HA-01202,Non-private (tuned),0.8662506805297915
HA-01203,Non-private (tuned),0.010937194744808643
HA-01204,Non-private (tuned),0.12927745297710325
HA-01205,Non-private (tuned),-0.02678167505411433
HA-01206,Non-private (tuned),-0.06121561574056422
HA-01207,Non-private (tuned),-0.0782779010967603
HA-01208,Non-private (tuned),0.03958436851244762
HA-01209,Non-private (tuned),-0.15682797432682485
HA-01211,Non-private (tuned),-0.16896121866221514
HA-01212,Non-private (tuned),0.003613847895007627
HA-01213,Non-private (tuned),-0.09046768776741859
HA-01214,Non-private (tuned),-0.07780403563240756
HA-01215,Non-private (tuned),-0.011627340202443992
HA-01217,Non-private (tuned),0.10610674498216169
HA-01218,Non-private (tuned),-0.03362578421409884
HA-01219,Non-private (tuned),0.3114603299554847
HA-01220,Non-private (tuned),0.3907326713322695
HA-01221,Non-private (tuned),0.2783360699999819
HA-01222,Non-private (tuned),-0.4889714379171477
HA-01223,Non-private (tuned),-0.11680607164587015
HA-01224,Non-private (tuned),0.2510168136247483
HA-01225,Non-private (tuned),-0.04296721254750044
HA-01226,Non-private (tuned),-0.10358809244420625
HA-01227,Non-private (tuned),-0.2903383898509266
HA-01228,Non-private (tuned),-0.29751995182423224
HA-01229,Non-private (tuned),-0.08626271951813241
HA-01230,Non-private (tuned),0.1068684629671548
HA-01231,Non-private (tuned),-0.3351369535283839
HA-01233,Non-private (tuned),-0.03977048109264408
HA-01234,Non-private (tuned),-0.26630521454831146
HA-01235,Non-private (tuned),-0.07318426528368333
HA-01236,Non-private (tuned),-0.3514962811695189
HA-01237,Non-private (tuned),-0.010590256705484413
HA-01239,Non-private (tuned),-0.033530318753179855
HA-01240,Non-private (tuned),-0.17420842834605377
HA-01241,Non-private (tuned),-0.02021291684904572
HA-01242,Non-private (tuned),0.33554055619549084
HA-01243,Non-private (tuned),-0.0768209904313113
HA-01244,Non-private (tuned),0.2450115825454175
HA-01245,Non-private (tuned),0.333205858699097
HA-01246,Non-private (tuned),-0.28880778504850807
HA-01247,Non-private (tuned),-0.14974637977664262
HA-01248,Non-private (tuned),0.2945847471854447
HA-01249,Non-private (tuned),0.2624897606581076
HA-01250,Non-private (tuned),-0.43115208364383983
HA-01251,Non-private (tuned),-0.17219713827461647
HA-01252,Non-private (tuned),0.5915668715504712
HA-01253,Non-private (tuned),-0.37816715448073784
HA-01255,Non-private (tuned),-0.22265976385274255
HA-01256,Non-private (tuned),0.49800498331864074
HA-01257,Non-private (tuned),-0.5110059873766722
HA-01258,Non-private (tuned),-0.009616937723986252
HA-01259,Non-private (tuned),-0.028815441216375887
HA-01260,Non-private (tuned),0.19633603798513655
HA-01261,Non-private (tuned),0.059679838475474534
HA-01262,Non-private (tuned),-0.6376501316889691
HA-01263,Non-private (tuned),-0.11969332006923689
HA-01264,Non-private (tuned),-0.12171726647553943
HA-01265,Non-private (tuned),-0.23861065353914063
HA-01266,Non-private (tuned),-0.021573804792853535
HA-01267,Non-private (tuned),-0.40898286382874344
HA-01268,Non-private (tuned),-0.4680498327722322
HA-01269,Non-private (tuned),0.06434351125758875
HA-01270,Non-private (tuned),0.00867572492738894
HA-01271,Non-private (tuned),0.1805967175991754
HA-01272,Non-private (tuned),0.6333435030873575
HA-01273,Non-private (tuned),0.05867560625967255
HA-01274,Non-private (tuned),-0.4241819188290009
HA-01275,Non-private (tuned),0.20892565404315278
HA-01276,Non-private (tuned),-0.2046081085200243
HA-01277,Non-private (tuned),0.2482249958008813
HA-01278,Non-private (tuned),0.12532106530643244
HA-01279,Non-private (tuned),0.20659614291998074
HA-01280,Non-private (tuned),-0.03482953876022804
HA-01281,Non-private (tuned),-0.15626169707604887
HA-01282,Non-private (tuned),-0.008946222999568598
HA-01283,Non-private (tuned),-0.32767087552757285
HA-01284,Non-private (tuned),0.0028005354111214076
HA-01285,Non-private (tuned),-0.08909032871247327
HA-01287,Non-private (tuned),0.021790941320814772
HA-01288,Non-private (tuned),-0.06451520744373712
HA-01289,Non-private (tuned),0.12169177061665773
HA-01290,Non-private (tuned),0.02716777434381845
HA-01291,Non-private (tuned),0.0763573450594347
HA-01292,Non-private (tuned),-0.09389281597076321
HA-01293,Non-private (tuned),-0.0840633383495708
HA-01294,Non-private (tuned),-0.058247981780520486
HA-01295,Non-private (tuned),-0.031263798286694344
HA-01296,Non-private (tuned),-0.20750845630661818
HA-01298,Non-private (tuned),0.319599868361629
HA-01299,Non-private (tuned),0.04366872811414785
HA-01300,Non-private (tuned),-0.14279675918714269
HA-01302,Non-private (tuned),-0.22033474409717518
HA-01303,Non-private (tuned),-0.3339644302992387
HA-01304,Non-private (tuned),-0.005565943262233031
HA-01305,Non-private (tuned),0.4006132550047488
HA-01306,Non-private (tuned),-0.10558273006032898
HA-01308,Non-private (tuned),-0.30519611774431643
HA-01309,Non-private (tuned),-0.0768013189209989
HA-01310,Non-private (tuned),-0.2397657723804144
HA-01311,Non-private (tuned),-0.35022030536099147
HA-01312,Non-private (tuned),-0.18072718321439862
HA-01313,Non-private (tuned),0.29026789513903906
HA-01315,Non-private (tuned),0.021911770377532613
HA-01316,Non-private (tuned),0.2759548263712187
HA-01317,Non-private (tuned),-0.04997003152144819
HA-01319,Non-private (tuned),0.22880410764338321
HA-01320,Non-private (tuned),-0.2155805080194228
HA-01322,Non-private (tuned),-0.26429483253546204
HA-01323,Non-private (tuned),-0.023942245787234362
HA-01324,Non-private (tuned),-0.6716554336274335
HA-01325,Non-private (tuned),0.046640509485743276
HA-01326,Non-private (tuned),-0.09509143520180625
HA-01327,Non-private (tuned),-0.35307336786131355
HA-01328,Non-private (tuned),0.14609081003515956
HA-01329,Non-private (tuned),-0.04352527397436812
HA-01330,Non-private (tuned),0.3778994291944893
HA-01331,Non-private (tuned),0.16346320802419678
HA-01332,Non-private (tuned),-0.45945747480179544
HA-01333,Non-private (tuned),0.1260744807348399
HA-01334,Non-private (tuned),-0.13605481634703803
HA-01335,Non-private (tuned),-0.2923312901664768
HA-01336,Non-private (tuned),-1.161434764299961
HA-01337,Non-private (tuned),-0.1702351742346242
HA-01338,Non-private (tuned),-0.1548279762528127
HA-01339,Non-private (tuned),-0.49432960177505014
HA-01340,Non-private (tuned),0.15479151365269517
HA-01341,Non-private (tuned),-0.45450482161589756
HA-01342,Non-private (tuned),0.14650374175298747
HA-01343,Non-private (tuned),-0.11969076341615059
HA-01344,Non-private (tuned),-0.07306197982844015
HA-01345,Non-private (tuned),0.024416335683143164
HA-01346,Non-private (tuned),0.17490815399367476
HA-01347,Non-private (tuned),-0.17123756411524205
HA-01348,Non-private (tuned),-0.22550070023865015
HA-01349,Non-private (tuned),0.2971695244352452
HA-01350,Non-private (tuned),0.04507072774895711
HA-01351,Non-private (tuned),0.06198963056157125
HA-01352,Non-private (tuned),-0.4132925235982438
HA-01353,Non-private (tuned),0.46785934529152606
HA-01354,Non-private (tuned),-0.10156116393068998
HA-01355,Non-private (tuned),-0.07388568064829781
HA-01356,Non-private (tuned),0.24107368145283964
HA-01357,Non-private (tuned),0.031495986756282845
HA-01358,Non-private (tuned),0.026691612703715117
HA-01359,Non-private (tuned),-0.048471558317952246
HA-01360,Non-private (tuned),-0.22396442661099336
HA-01361,Non-private (tuned),-0.4767808709757282
HA-01362,Non-private (tuned),0.25979300938499533
HA-01363,Non-private (tuned),-0.3668969978416505
HA-01364,Non-private (tuned),0.10504602561149337
HA-01365,Non-private (tuned),-0.06118553873061827
HA-01366,Non-private (tuned),0.32805791880061214
HA-01367,Non-private (tuned),-0.1707245356643351
HA-01368,Non-private (tuned),0.11714462086425803
HA-01369,Non-private (tuned),0.4432054970594805
HA-01370,Non-private (tuned),-0.45597643718650127
HA-01371,Non-private (tuned),-0.04625647273085515
HA-01372,Non-private (tuned),0.05110142127731032
HA-01373,Non-private (tuned),0.022127452855922325
HA-01374,Non-private (tuned),0.2404735185717992
HA-01375,Non-private (tuned),0.013169556747832933
HA-01376,Non-private (tuned),0.298337623260648
HA-01377,Non-private (tuned),-0.015149545298899891
HA-01378,Non-private (tuned),-0.0894354518960454
HA-01379,Non-private (tuned),0.16495806519347478
HA-01381,Non-private (tuned),0.0887250128706617
HA-01382,Non-private (tuned),0.034190415526042905
HA-01383,Non-private (tuned),0.1278681025587195
HA-01384,Non-private (tuned),0.15981767633660915
HA-01385,Non-private (tuned),0.5361888686351698
HA-01386,Non-private (tuned),0.22605707849660672
HA-01387,Non-private (tuned),0.21697765481233555
HA-01388,Non-private (tuned),-0.06975757821181283
HA-01390,Non-private (tuned),-0.2643329252959884
HA-01391,Non-private (tuned),0.08636067927771679
HA-01393,Non-private (tuned),-1.3792844790570566
HA-01394,Non-private (tuned),-0.21134702504552588
HA-01395,Non-private (tuned),-0.1116814622268203
HA-01396,Non-private (tuned),-0.03947421460108774
HA-01397,Non-private (tuned),0.0
HA-01398,Non-private (tuned),-0.21301072478101285
HA-01400,Non-private (tuned),-0.17507676694219276
HA-01401,Non-private (tuned),-0.0859119616748687
HA-01402,Non-private (tuned),0.07168617497525204
HA-01403,Non-private (tuned),-0.009759785897601514
HA-01405,Non-private (tuned),-0.13060320238722675
HA-01406,Non-private (tuned),-0.3757349842691125
HA-01407,Non-private (tuned),-0.06383452688511143
HA-01408,Non-private (tuned),-0.1554084926178253
HA-01409,Non-private (tuned),0.11454064247448931
HA-01410,Non-private (tuned),-0.12196862589823337
HA-01411,Non-private (tuned),0.22261560595323582
HA-01412,Non-private (tuned),-0.319085496782987
HA-01413,Non-private (tuned),-0.3136663130673164
HA-01414,Non-private (tuned),0.24783210830030583
HA-01415,Non-private (tuned),-0.48098976061999016
HA-01416,Non-private (tuned),0.19010470891108278
HA-01417,Non-private (tuned),-0.02914421786493726
HA-01418,Non-private (tuned),-0.20199023150547918
HA-01420,Non-private (tuned),0.19891484828026196
HA-01421,Non-private (tuned),0.0415107019292964
HA-01422,Non-private (tuned),0.4258123001293196
HA-01423,Non-private (tuned),-0.08774776457976263
HA-01425,Non-private (tuned),0.10085061669136752
HA-01426,Non-private (tuned),0.02830203481656579
HA-01427,Non-private (tuned),0.34687236157131507
HA-01428,Non-private (tuned),-0.02632686261062811
HA-01429,Non-private (tuned),0.08445341393711248
HA-01430,Non-private (tuned),0.0034759281554764265
HA-01431,Non-private (tuned),-0.31306626943507543
HA-01432,Non-private (tuned),-0.1804531014535336
HA-01433,Non-private (tuned),0.46814235728744824
HA-01434,Non-private (tuned),-0.05577384644277106
HA-01435,Non-private (tuned),-0.40091193956865806
HA-01437,Non-private (tuned),0.6067055534674624
HA-01438,Non-private (tuned),0.07822241933715618
HA-01439,Non-private (tuned),-0.10482181523956074
HA-01440,Non-private (tuned),-0.2208055379503286
HA-01441,Non-private (tuned),-0.06646818575546584
HA-01442,Non-private (tuned),-0.17390475322966775
HA-01443,Non-private (tuned),-0.20417101087645334
HA-01444,Non-private (tuned),-0.18835526686975468
HA-01445,Non-private (tuned),-0.16234594551434772
HA-01447,Non-private (tuned),-0.39357532510155285
HA-01449,Non-private (tuned),0.30208160117615895
HA-01451,Non-private (tuned),0.018097958071297104
HA-01452,Non-private (tuned),0.4737418630938889
HA-01453,Non-private (tuned),0.01849559475437612
HA-01456,Non-private (tuned),-0.0703547408365141
HA-01458,Non-private (tuned),-0.08582328835052017
HA-01459,Non-private (tuned),0.4253241971631013
HA-01460,Non-private (tuned),0.023492028764102835
HA-01461,Non-private (tuned),-0.024633908625322692
HA-01462,Non-private (tuned),0.08226325564630757
HA-01463,Non-private (tuned),-0.266481444990166
HA-01464,Non-private (tuned),-0.23474571526179527
HA-01465,Non-private (tuned),0.15512877525637428
HA-01467,Non-private (tuned),0.15095128954765835
HA-01468,Non-private (tuned),-0.05594582696834243
HA-01469,Non-private (tuned),-0.1580683828310585
HA-01470,Non-private (tuned),-0.06250882973166644
HA-01471,Non-private (tuned),-0.11450086265909154
HA-01472,Non-private (tuned),-0.2758592062796895
HA-01473,Non-private (tuned),0.3843866735145678
HA-01475,Non-private (tuned),0.10474487458639592
HA-01476,Non-private (tuned),-0.15616570376836175
HA-01477,Non-private (tuned),-0.07920475370111985
HA-01478,Non-private (tuned),0.052158295998257165
HA-01479,Non-private (tuned),0.26579268309682647
HA-01480,Non-private (tuned),-0.27099070001875114
HA-01481,Non-private (tuned),0.2646372490211397
HA-01484,Non-private (tuned),-0.22204954577082442
HA-01485,Non-private (tuned),-0.11155370894583982
HA-01486,Non-private (tuned),0.29352223036277003
HA-01487,Non-private (tuned),-0.3245218330964307
HA-01488,Non-private (tuned),-0.046141621092499197
HA-01489,Non-private (tuned),0.31722653612541435
HA-01490,Non-private (tuned),0.17897707613547748
HA-01491,Non-private (tuned),-0.03878338453235397
HA-01492,Non-private (tuned),-0.26472831851081746
HA-01493,Non-private (tuned),-0.04072653852579933
HA-01494,Non-private (tuned),0.20381849548367698
HA-01495,Non-private (tuned),0.06475766870733479
HA-01496,Non-private (tuned),-0.12944693331116242
HA-01498,Non-private (tuned),0.32354923361993365
HA-01499,Non-private (tuned),0.12350090694103827
HA-01500,Non-private (tuned),0.17739791227979435
HA-01501,Non-private (tuned),-0.7751886329415082
HA-01502,Non-private (tuned),-0.13225121797189865
HA-01503,Non-private (tuned),-0.1324069125650389
HA-01504,Non-private (tuned),-0.4793839065700328
HA-01505,Non-private (tuned),0.07659717016847817
HA-01506,Non-private (tuned),0.13344715131338974
HA-01507,Non-private (tuned),0.1641899830895725
HA-01508,Non-private (tuned),-0.0263976334947299
HA-01509,Non-private (tuned),-0.33458122502679866
HA-01510,Non-private (tuned),0.016281703317457707
HA-01511,Non-private (tuned),-0.1715918073017325
HA-01512,Non-private (tuned),0.24176152036997
HA-01513,Non-private (tuned),-0.1312424671495877
HA-01514,Non-private (tuned),0.09839712571974318
HA-01515,Non-private (tuned),0.33493754150701516
HA-01516,Non-private (tuned),-0.3497452560674259
HA-01517,Non-private (tuned),-0.3131996363846371
HA-01518,Non-private (tuned),-0.4002556298062388
HA-01519,Non-private (tuned),-0.27114902456927703
HA-01520,Non-private (tuned),-0.49621371407661014
HA-01521,Non-private (tuned),-0.6550385311977995
HA-01522,Non-private (tuned),0.30548982473780817
HA-01523,Non-private (tuned),-0.25352905653696234
HA-01524,Non-private (tuned),-0.26416799352909104
HA-01525,Non-private (tuned),-0.270312702303698
HA-01526,Non-private (tuned),0.0016638259678793954
HA-01528,Non-private (tuned),-0.12248896874452225
HA-01529,Non-private (tuned),0.8511361942618295
HA-01531,Non-private (tuned),-0.021507468309642674
HA-01532,Non-private (tuned),0.2601560793521391
HA-01533,Non-private (tuned),-0.2808131061250396
HA-01534,Non-private (tuned),0.35152491907873423
HA-01535,Non-private (tuned),-0.25773728076464664
HA-01536,Non-private (tuned),-0.35348876793583284
HA-01537,Non-private (tuned),0.20021839225783894
HA-01538,Non-private (tuned),0.03900784312399497
HA-01539,Non-private (tuned),-0.0610042062049595
HA-01540,Non-private (tuned),0.04188536300928408
HA-01541,Non-private (tuned),-0.3814331850809326
HA-01542,Non-private (tuned),0.060183772504937505
HA-01543,Non-private (tuned),-0.21036732434378558
HA-01544,Non-private (tuned),-0.669739956276321
HA-01545,Non-private (tuned),0.1443869233903617
HA-01546,Non-private (tuned),-0.37042826066485035
HA-01547,Non-private (tuned),-0.12978740152930035
HA-01548,Non-private (tuned),0.26316239626288096
HA-01551,Non-private (tuned),-0.0507200781339866
HA-01552,Non-private (tuned),-0.590240947278168
HA-01553,Non-private (tuned),0.6370294731021598
HA-01555,Non-private (tuned),0.18614342505659864
HA-01556,Non-private (tuned),0.3840992778727407
HA-01557,Non-private (tuned),-0.30431765126029686
HA-01558,Non-private (tuned),0.11382927789818337
HA-01559,Non-private (tuned),-0.1274282648279781
HA-01560,Non-private (tuned),-0.47357647186292384
HA-01561,Non-private (tuned),0.5688612475501875
HA-01562,Non-private (tuned),-0.0015882758519083495
HA-01563,Non-private (tuned),-0.04704957210461974
HA-01564,Non-private (tuned),-0.01008796085611069
HA-01565,Non-private (tuned),0.4711663123278994
HA-01568,Non-private (tuned),0.2460294319614288
HA-01569,Non-private (tuned),-0.1392356055579837
HA-01570,Non-private (tuned),-0.2540478092176335
HA-01571,Non-private (tuned),-0.5795975587992925
HA-01572,Non-private (tuned),-0.2781694814921519
HA-01573,Non-private (tuned),-0.042999466085305915
HA-01574,Non-private (tuned),0.15121136522527018
HA-01575,Non-private (tuned),0.14103767070922635
HA-01576,Non-private (tuned),0.42263729419908597
HA-01577,Non-private (tuned),-0.1922688710712159
HA-01578,Non-private (tuned),-0.26983322813468674
HA-01579,Non-private (tuned),-0.06720103009227424
HA-01580,Non-private (tuned),0.06567156773970279
HA-01581,Non-private (tuned),0.23813112590494712
HA-01582,Non-private (tuned),-0.33702102026311564
HA-01583,Non-private (tuned),-0.028440803814352406
HA-01584,Non-private (tuned),0.17021478296991654
HA-01585,Non-private (tuned),-0.12085274179758654
HA-01586,Non-private (tuned),-0.5519130970356361
HA-01587,Non-private (tuned),-0.3093738786010195
HA-01589,Non-private (tuned),-0.12194277902065803
HA-01590,Non-private (tuned),-0.031365162934131996
HA-01591,Non-private (tuned),-0.0011414904259068326
HA-01592,Non-private (tuned),0.43108876286900855
HA-01593,Non-private (tuned),-0.11344454820830152
HA-01594,Non-private (tuned),0.21123506870653008
HA-01595,Non-private (tuned),0.047636221741237716
HA-01596,Non-private (tuned),-0.15069455085048766
HA-01597,Non-private (tuned),-0.21832153164850332
HA-01598,Non-private (tuned),-0.12295484053662808
HA-01599,Non-private (tuned),-0.27904553542516863
HA-01600,Non-private (tuned),0.04719085408250806
HA-01601,Non-private (tuned),0.08341573304770988
HA-01602,Non-private (tuned),0.005986332423859708
HA-01603,Non-private (tuned),0.29877978420108764
HA-01604,Non-private (tuned),0.5193848551817213
HA-01605,Non-private (tuned),0.09429703389640004
HA-01607,Non-private (tuned),0.09927898054254186
HA-01609,Non-private (tuned),0.2725445541029642
HA-01610,Non-private (tuned),-0.18018202710087455
HA-01611,Non-private (tuned),-0.09486960455538052
HA-01612,Non-private (tuned),-0.2029583613510682
HA-01613,Non-private (tuned),-0.175755980867755
HA-01614,Non-private (tuned),0.08754232233259196
HA-01615,Non-private (tuned),-0.08063994121475859
HA-01616,Non-private (tuned),0.017963319785477938
HA-01617,Non-private (tuned),-0.08411340681180918
HA-01618,Non-private (tuned),-0.07664582124534275
HA-01619,Non-private (tuned),-0.23909842970934897
HA-01620,Non-private (tuned),0.09975717716827348
HA-01621,Non-private (tuned),0.1654112290753716
HA-01623,Non-private (tuned),-0.1087955796833246
HA-01624,Non-private (tuned),-0.17584431588049687
HA-01625,Non-private (tuned),-0.47298830025924676
HA-01626,Non-private (tuned),-0.14405471939160622
HA-01627,Non-private (tuned),0.17469308653233445
HA-01629,Non-private (tuned),-0.3285652534823641
HA-01630,Non-private (tuned),-0.048543958971979495
HA-01631,Non-private (tuned),0.3530429064558498
HA-01632,Non-private (tuned),0.22712553840652394
HA-01633,Non-private (tuned),-0.08289913559412193
HA-01634,Non-private (tuned),0.0027315576094624205
HA-01635,Non-private (tuned),-0.012967017292474625
HA-01636,Non-private (tuned),0.30729030856599604
HA-01637,Non-private (tuned),-0.190328170552462
HA-01639,Non-private (tuned),0.3951601254688725
HA-01640,Non-private (tuned),-0.06413955231086982
HA-01641,Non-private (tuned),-0.6244624613600623
HA-01642,Non-private (tuned),0.2741931661543089
HA-01643,Non-private (tuned),0.19173136956796955
HA-01644,Non-private (tuned),0.3466454485357622
HA-01645,Non-private (tuned),-0.3438203703971669
HA-01647,Non-private (tuned),0.16757985861504293
HA-01648,Non-private (tuned),0.13781201348953925
HA-01649,Non-private (tuned),-0.4102838113308598
HA-01650,Non-private (tuned),-0.19382236458278745
HA-01651,Non-private (tuned),-0.37021247585484457
HA-01652,Non-private (tuned),-0.004230196287119847
HA-01653,Non-private (tuned),-0.07898348961297552
HA-01654,Non-private (tuned),-0.22891662018199938
HA-01655,Non-private (tuned),0.010660775765987673
HA-01656,Non-private (tuned),-0.2729296086117569
HA-01657,Non-private (tuned),0.24323311165905354
HA-01658,Non-private (tuned),-0.09328100822092844
HA-01659,Non-private (tuned),0.05378063872367683
HA-01660,Non-private (tuned),-0.022534213758292065
HA-01661,Non-private (tuned),0.07786493489330665
HA-01662,Non-private (tuned),0.15651150948368336
HA-01663,Non-private (tuned),0.453130740885049
HA-01664,Non-private (tuned),0.10283134709490033
HA-01665,Non-private (tuned),0.09892625435916552
HA-01666,Non-private (tuned),0.39626954695445826
HA-01667,Non-private (tuned),-0.0001802243497454059
HA-01668,Non-private (tuned),0.1929692040795909
HA-01671,Non-private (tuned),0.03148786365800965
HA-01673,Non-private (tuned),0.25310758060488164
HA-01674,Non-private (tuned),-0.5352719067267915
HA-01675,Non-private (tuned),-0.3609970651426554
HA-01676,Non-private (tuned),-0.154506795422575
HA-01677,Non-private (tuned),-0.2051195913103961
HA-01678,Non-private (tuned),-0.4556925989785969
HA-01679,Non-private (tuned),0.16343128495181203
HA-01680,Non-private (tuned),0.34162627310030397
HA-01681,Non-private (tuned),-0.19623380816286584
HA-01682,Non-private (tuned),0.12878982130245198
HA-01683,Non-private (tuned),-0.3916404013405149
HA-01685,Non-private (tuned),0.6132004015920316
HA-01686,Non-private (tuned),0.09785974231911937
HA-01687,Non-private (tuned),0.36674650288923794
HA-01688,Non-private (tuned),-0.04557984211404942
HA-01689,Non-private (tuned),-0.29726305327745894
HA-01690,Non-private (tuned),-0.2578008283131953
HA-01691,Non-private (tuned),-0.11158129549389223
HA-01692,Non-private (tuned),-0.019053948725567982
HA-01693,Non-private (tuned),-0.07639953015764855
HA-01694,Non-private (tuned),0.125028287254769
HA-01695,Non-private (tuned),-0.1985899553264318
HA-01696,Non-private (tuned),-0.48503123332965364
HA-01697,Non-private (tuned),-0.40041547645575454
HA-01698,Non-private (tuned),-0.5179339534342013
HA-01699,Non-private (tuned),-0.14552393145242415
HA-01700,Non-private (tuned),-0.2973612920186329
HA-01701,Non-private (tuned),0.17244971964200556
HA-01702,Non-private (tuned),0.6164828327016826
HA-01703,Non-private (tuned),0.0568639742264917
HA-01704,Non-private (tuned),0.011841915831717509
HA-01705,Non-private (tuned),0.10233199818880129
HA-01706,Non-private (tuned),-0.07829460835520896
HA-01707,Non-private (tuned),0.0035311493500682634
HA-01708,Non-private (tuned),-0.16921285065195285
HA-01709,Non-private (tuned),-0.36035405211972915
HA-01710,Non-private (tuned),0.2843383521702608
HA-01711,Non-private (tuned),0.18255228013753755
HA-01712,Non-private (tuned),0.023852598811833436
HA-01713,Non-private (tuned),0.22273183615726708
HA-01715,Non-private (tuned),0.31120284293835027
HA-01716,Non-private (tuned),0.40285723411793617
HA-01718,Non-private (tuned),-0.2717879236474163
HA-01719,Non-private (tuned),0.2107387706176297
HA-01720,Non-private (tuned),0.2692638336749182
HA-01721,Non-private (tuned),0.11880784146748155
HA-01722,Non-private (tuned),-0.029933764916087457
HA-01723,Non-private (tuned),0.0885650137245797
HA-01724,Non-private (tuned),-0.07720360091514783
HA-01725,Non-private (tuned),0.07752137018603877
HA-01726,Non-private (tuned),-0.020773891748065376
HA-01727,Non-private (tuned),0.1575722435722724
HA-01728,Non-private (tuned),0.37637354522691574
HA-01729,Non-private (tuned),0.05619316499407395
HA-01731,Non-private (tuned),0.06990708095227793
HA-01733,Non-private (tuned),-0.09521371273295987
HA-01734,Non-private (tuned),-0.7605086815443998
HA-01735,Non-private (tuned),-0.2768577609620723
HA-01736,Non-private (tuned),-0.13285898711780145
HA-01737,Non-private (tuned),0.23517988567371828
HA-01738,Non-private (tuned),0.7174147389217707
HA-01739,Non-private (tuned),0.3349175828328563
HA-01740,Non-private (tuned),0.06986715296912743
HA-01741,Non-private (tuned),-0.19827294875881984
HA-01742,Non-private (tuned),0.0976213778978911
HA-01743,Non-private (tuned),0.8166480083365227
HA-01744,Non-private (tuned),-0.21297899407927123
HA-01745,Non-private (tuned),-0.2077440733750598
HA-01746,Non-private (tuned),-0.44735865197417934
HA-01747,Non-private (tuned),-0.2031922767435918
HA-01748,Non-private (tuned),0.08303009264437078
HA-01749,Non-private (tuned),-0.06124091592523978
HA-01750,Non-private (tuned),0.17442658043787385
HA-01752,Non-private (tuned),-0.10479244189405795
HA-01753,Non-private (tuned),0.10993802364475869
HA-01754,Non-private (tuned),-0.4131075028122223
HA-01755,Non-private (tuned),0.25395437617447836
HA-01756,Non-private (tuned),-0.08890116031055162
HA-01757,Non-private (tuned),0.17731662040666152
HA-01758,Non-private (tuned),0.8288853683679145
HA-01759,Non-private (tuned),-0.026685639789074067
HA-01760,Non-private (tuned),0.06389030161864168
HA-01762,Non-private (tuned),0.05740184067291482
HA-01763,Non-private (tuned),-0.3347807779746196
HA-01764,Non-private (tuned),-0.04054887058294232
HA-01765,Non-private (tuned),0.021124920167742256
HA-01766,Non-private (tuned),0.04210924017962692
HA-01767,Non-private (tuned),0.0894392795028578
HA-01768,Non-private (tuned),-0.01421496667277039
HA-01769,Non-private (tuned),-0.0877678904277504
HA-01770,Non-private (tuned),0.355127154894193
HA-01771,Non-private (tuned),0.10552938254244426
HA-01772,Non-private (tuned),-0.11365650938565672
HA-01773,Non-private (tuned),0.07804805341832532
HA-01774,Non-private (tuned),0.03064043857335924
HA-01775,Non-private (tuned),-0.15331263869751896
HA-01776,Non-private (tuned),0.45129673843530926
HA-01777,Non-private (tuned),0.3239546155148829
HA-01778,Non-private (tuned),0.3162677683674195
HA-01780,Non-private (tuned),0.5006316469627976
HA-01782,Non-private (tuned),0.3178300473648786
HA-01783,Non-private (tuned),0.006250452412508323
HA-01784,Non-private (tuned),0.007075131286775449
HA-01785,Non-private (tuned),-0.0750229467094341
HA-01786,Non-private (tuned),0.180702263265007
HA-01787,Non-private (tuned),0.3442754119048561
HA-01788,Non-private (tuned),0.04102735084540332
HA-01789,Non-private (tuned),-0.023492647586901783
HA-01790,Non-private (tuned),0.013966200193578249
HA-01791,Non-private (tuned),0.03482491612163896
HA-01793,Non-private (tuned),0.16425790860880948
HA-01794,Non-private (tuned),-0.1063633842366048
HA-01795,Non-private (tuned),-0.07098040580055429
HA-01796,Non-private (tuned),-0.05269371734036038
HA-01797,Non-private (tuned),-0.2770685494842259
HA-01798,Non-private (tuned),0.03531216792267633
HA-01799,Non-private (tuned),-0.10854337971684364
HA-01800,Non-private (tuned),0.19775153758239838
HA-01801,Non-private (tuned),0.2225264216807037
HA-01802,Non-private (tuned),0.20529317384182622
HA-01803,Non-private (tuned),-0.06622922002813847
HA-01804,Non-private (tuned),-0.386385389762789
HA-01805,Non-private (tuned),-0.18334684348746894
HA-01806,Non-private (tuned),-0.4546534980200311
HA-01807,Non-private (tuned),-0.1601196654233164
HA-01808,Non-private (tuned),-0.1615999608808139
HA-01810,Non-private (tuned),0.06371295978468028
HA-01811,Non-private (tuned),-0.009050438096014746
HA-01812,Non-private (tuned),-0.33082413884751294
HA-01813,Non-private (tuned),0.1558901603246493
HA-01814,Non-private (tuned),0.37510228300305454
HA-01815,Non-private (tuned),0.4288593626085685
HA-01816,Non-private (tuned),-0.06722758778887633
HA-01818,Non-private (tuned),-0.3624329908232751
HA-01819,Non-private (tuned),-0.22529058621302883
HA-01820,Non-private (tuned),-0.23728002951626442
HA-01821,Non-private (tuned),-0.33763119301798195
HA-01822,Non-private (tuned),-0.24749033289734468
HA-01823,Non-private (tuned),0.270802265140971
HA-01824,Non-private (tuned),-0.007843138273329942
HA-01825,Non-private (tuned),-0.06799205185332885
HA-01826,Non-private (tuned),-0.03876756401407411
HA-01827,Non-private (tuned),-0.13746952428439257
HA-01828,Non-private (tuned),-0.14621586488000476
HA-01829,Non-private (tuned),-0.39531272794495703
HA-01830,Non-private (tuned),-0.17176482896978817
HA-01831,Non-private (tuned),0.28109001092065133
HA-01832,Non-private (tuned),-0.10539335127706534
HA-01833,Non-private (tuned),0.13763857627770254
HA-01834,Non-private (tuned),-0.09109248656180802
HA-01835,Non-private (tuned),0.01347318719606605
HA-01836,Non-private (tuned),0.13683478613711159
HA-01837,Non-private (tuned),-0.05095791849093162
HA-01838,Non-private (tuned),-0.1709386823216985
HA-01840,Non-private (tuned),0.24499065525524766
HA-01841,Non-private (tuned),-0.2990585928418699
HA-01842,Non-private (tuned),-0.05720888647737077
HA-01844,Non-private (tuned),0.5117053193229613
HA-01845,Non-private (tuned),0.1363753293720164
HA-01846,Non-private (tuned),-0.28504141033811925
HA-01847,Non-private (tuned),0.038357651186104735
HA-01848,Non-private (tuned),-0.5623241011592719
HA-01849,Non-private (tuned),-0.07414343669648177
HA-01850,Non-private (tuned),0.48819785910628205
HA-01851,Non-private (tuned),0.7018200668845868
HA-01852,Non-private (tuned),-0.14406782147540373
HA-01854,Non-private (tuned),-0.279854025051489
HA-01855,Non-private (tuned),-0.21296875872504334
HA-01856,Non-private (tuned),0.289688300079402
HA-01857,Non-private (tuned),0.08501863934516019
HA-01858,Non-private (tuned),-0.0930853591036511
HA-01859,Non-private (tuned),0.11477865205579785
HA-01860,Non-private (tuned),-0.0197342545681648
HA-01861,Non-private (tuned),0.611659551932193
HA-01862,Non-private (tuned),0.0771979232051771
HA-01863,Non-private (tuned),-0.042890774902927725
HA-01864,Non-private (tuned),-0.09455876177289507
HA-01865,Non-private (tuned),-0.2252262874687359
HA-01866,Non-private (tuned),0.13214305132214477
HA-01867,Non-private (tuned),-0.2068737105184908
HA-01868,Non-private (tuned),-0.2826743945456488
HA-01869,Non-private (tuned),0.38111651324927964
HA-01870,Non-private (tuned),0.09505379817768489
HA-01871,Non-private (tuned),0.11875748339440423
HA-01872,Non-private (tuned),0.28776870939187993
HA-01873,Non-private (tuned),-0.020660318556581403
HA-01874,Non-private (tuned),0.546452832165166
HA-01875,Non-private (tuned),0.40480186155660164
HA-01876,Non-private (tuned),0.0644916222483875
HA-01877,Non-private (tuned),-0.170196498679423
HA-01879,Non-private (tuned),-0.4095360945891239
HA-01880,Non-private (tuned),0.2594895932080895
HA-01881,Non-private (tuned),0.2468692575759076
HA-01882,Non-private (tuned),-0.34246512604412377
HA-01883,Non-private (tuned),-0.016417558574071567
HA-01884,Non-private (tuned),-0.10153861623047483
HA-01885,Non-private (tuned),0.12488399675002171
HA-01886,Non-private (tuned),0.13017902382998597
HA-01887,Non-private (tuned),0.005513687300162495
HA-01888,Non-private (tuned),0.06387329685181198
HA-01889,Non-private (tuned),0.30468419418811704
HA-01890,Non-private (tuned),-0.38284995778828973
HA-01891,Non-private (tuned),0.07217372585822773
HA-01892,Non-private (tuned),-0.13478352764477924
HA-01893,Non-private (tuned),-1.0047161129003346
HA-01894,Non-private (tuned),-0.35840569409331535
HA-01896,Non-private (tuned),0.04465216464826505
HA-01897,Non-private (tuned),0.25393957027297726
HA-01898,Non-private (tuned),-0.017950593575690788
HA-01899,Non-private (tuned),-0.18504690007340707
HA-01900,Non-private (tuned),-0.20431167095677427
HA-01901,Non-private (tuned),-0.28495993063828373
HA-01902,Non-private (tuned),-0.12145651449735378
HA-01903,Non-private (tuned),0.0982104028653148
HA-01904,Non-private (tuned),0.208519124167039
HA-01905,Non-private (tuned),-0.06818738731228854
HA-01906,Non-private (tuned),0.1868783936398778
HA-01907,Non-private (tuned),-0.17712438844241876
HA-01908,Non-private (tuned),-0.0860331889109664
HA-01909,Non-private (tuned),-0.6729989252110254
HA-01910,Non-private (tuned),-1.2440794336623928
HA-01911,Non-private (tuned),-0.4538871559642653
HA-01912,Non-private (tuned),0.32447658946373487
HA-01913,Non-private (tuned),0.1079348671241444
HA-01914,Non-private (tuned),0.35719195674966203
HA-01915,Non-private (tuned),-0.11667046907894624
HA-01916,Non-private (tuned),-0.012083184831156057
HA-01917,Non-private (tuned),-0.21547095453707976
HA-01918,Non-private (tuned),0.1336133766013039
HA-01919,Non-private (tuned),0.03313815100210854
HA-01920,Non-private (tuned),0.03130531628909805
HA-01921,Non-private (tuned),-0.24263874917101774
HA-01922,Non-private (tuned),0.2615815987117601
HA-01923,Non-private (tuned),0.44042873653692616
HA-01924,Non-private (tuned),-0.29569663486318076
HA-01925,Non-private (tuned),0.0051847810619928825
HA-01927,Non-private (tuned),-0.2797767815395141
HA-01928,Non-private (tuned),-0.15714573788837377
HA-01929,Non-private (tuned),0.1079998775673564
HA-01930,Non-private (tuned),0.41058469793278873
HA-01931,Non-private (tuned),-0.21785366714763438
HA-01932,Non-private (tuned),-0.13746077844754667
HA-01933,Non-private (tuned),-0.34514216726689684
HA-01934,Non-private (tuned),0.10958649752725341
HA-01935,Non-private (tuned),-0.11833442870848848
HA-01936,Non-private (tuned),0.5150421930704219
HA-01940,Non-private (tuned),-0.12233853541826722
HA-01941,Non-private (tuned),-0.1778007814812127
HA-01942,Non-private (tuned),0.3889879172310615
HA-01943,Non-private (tuned),0.2163089325464797
HA-01944,Non-private (tuned),0.4567364875200244
HA-01945,Non-private (tuned),0.01591783056528101
HA-01946,Non-private (tuned),0.00829669705780589
HA-01947,Non-private (tuned),-0.8994716203138899
HA-01948,Non-private (tuned),-0.30219022278972707
HA-01949,Non-private (tuned),0.03965645490597913
HA-01950,Non-private (tuned),-0.20838881479471028
HA-01952,Non-private (tuned),-0.14521979080434216
HA-01953,Non-private (tuned),-0.5505383104406004
HA-01954,Non-private (tuned),0.20161072009086134
HA-01955,Non-private (tuned),-0.05177059248077509
HA-01956,Non-private (tuned),-0.2457839278192066
HA-01957,Non-private (tuned),-0.004376535327304809
HA-01958,Non-private (tuned),-0.002240489801327683
HA-01960,Non-private (tuned),-0.09681511782427654
HA-01961,Non-private (tuned),-0.09821428450041841
HA-01962,Non-private (tuned),0.22563548644574916
HA-01963,Non-private (tuned),-0.5054186142287759
HA-01964,Non-private (tuned),-1.0164542882266243
HA-01965,Non-private (tuned),-0.26398930399477955
HA-01966,Non-private (tuned),0.04632618066569927
HA-01967,Non-private (tuned),-0.002274378300964497
HA-01969,Non-private (tuned),0.49484263154585745
HA-01970,Non-private (tuned),0.17763574465369916
HA-01971,Non-private (tuned),-0.26999611952137476
HA-01972,Non-private (tuned),-0.3230106318507655
HA-01973,Non-private (tuned),-0.2958708663897053
HA-01974,Non-private (tuned),-0.38991799997980287
HA-01976,Non-private (tuned),0.0030109388907693657
HA-01977,Non-private (tuned),-0.13663548964450306
HA-01978,Non-private (tuned),-0.2059416000243809
HA-01979,Non-private (tuned),0.08983280328756976
HA-01980,Non-private (tuned),-0.05509407691759921
HA-01981,Non-private (tuned),-0.4024224638670774
HA-01982,Non-private (tuned),0.03175190085242016
HA-01983,Non-private (tuned),-0.11660685563871553
HA-01985,Non-private (tuned),0.3605617294295577
HA-01986,Non-private (tuned),0.22054542054108706
HA-01987,Non-private (tuned),-0.01679429061048293
HA-01988,Non-private (tuned),0.16728312950261237
HA-01989,Non-private (tuned),0.3539822720849663
HA-01990,Non-private (tuned),0.0998300536210659
HA-01991,Non-private (tuned),0.3271849115329787
HA-01992,Non-private (tuned),-0.36366856438166956
HA-01993,Non-private (tuned),0.07745881932739845
HA-01994,Non-private (tuned),0.023369056870702787
HA-01995,Non-private (tuned),0.41273589547780665
HA-01996,Non-private (tuned),0.02959669754965344
HA-01997,Non-private (tuned),-0.4016409558332561
HA-01998,Non-private (tuned),-0.2740582922277227
HA-01999,Non-private (tuned),0.16825264940913953
HA-02000,Non-private (tuned),0.5509604927454387
HA-02001,Non-private (tuned),-0.31920294307381963
HA-02002,Non-private (tuned),0.3450156648983499
HA-02004,Non-private (tuned),-0.13371029397642398
HA-02005,Non-private (tuned),-0.08188094893429038
HA-02006,Non-private (tuned),0.10737512337294414
HA-02007,Non-private (tuned),-0.2482030025517279
HA-02009,Non-private (tuned),0.8302825449772873
HA-02010,Non-private (tuned),-0.23202310691171496
HA-02011,Non-private (tuned),0.16526831325938865
HA-02012,Non-private (tuned),-0.13974984855848108
HA-02013,Non-private (tuned),-0.06213807711728747
HA-02014,Non-private (tuned),-0.125704528004808
HA-02015,Non-private (tuned),0.22104102158879727
HA-02016,Non-private (tuned),0.30915609097684116
HA-02017,Non-private (tuned),0.13730158703860756
HA-02018,Non-private (tuned),0.17936753752037438
HA-02019,Non-private (tuned),0.006120286837230815
HA-02020,Non-private (tuned),-0.11369041173511707
HA-02021,Non-private (tuned),-0.27519885097595903
HA-02022,Non-private (tuned),-0.08447490649081102
HA-02025,Non-private (tuned),-0.24163581631605074
HA-02026,Non-private (tuned),-0.40607926233641073
HA-02027,Non-private (tuned),-0.4874011868814902
HA-02029,Non-private (tuned),0.2969590192288167
HA-02030,Non-private (tuned),-0.36365517940750547
HA-02031,Non-private (tuned),0.10406812672734661
HA-02032,Non-private (tuned),0.11223882812229635
HA-02033,Non-private (tuned),0.12004099888058434
HA-02034,Non-private (tuned),-0.6105967640396273
HA-02035,Non-private (tuned),-0.04296013681675154
HA-02036,Non-private (tuned),-0.28157799442188886
HA-02037,Non-private (tuned),0.19259241252082715
HA-02038,Non-private (tuned),0.17174927987813848
HA-02039,Non-private (tuned),0.22822350384720924
HA-02040,Non-private (tuned),-0.10918052787263222
HA-02041,Non-private (tuned),-0.38028882983643064
HA-02043,Non-private (tuned),0.1512152183325951
HA-02044,Non-private (tuned),-0.279808172191569
HA-02045,Non-private (tuned),0.25534379652385986
HA-02046,Non-private (tuned),-0.33347904677923684
HA-02047,Non-private (tuned),0.42020888935696515
HA-02048,Non-private (tuned),-0.09516832734940978
HA-02049,Non-private (tuned),0.23109080266856236
HA-02050,Non-private (tuned),0.016416062704696754
HA-02052,Non-private (tuned),-0.2086063420184087
HA-02054,Non-private (tuned),-0.08072068395992504
HA-02055,Non-private (tuned),0.1733500917806594
HA-02056,Non-private (tuned),-0.6532115134196861
HA-02057,Non-private (tuned),0.14936309879355852
HA-02058,Non-private (tuned),0.3179504457718336
HA-02059,Non-private (tuned),0.010492530871119676
HA-02060,Non-private (tuned),-0.2831217736289611
HA-02061,Non-private (tuned),-0.05977138319616121
HA-02062,Non-private (tuned),0.19499686895034235
HA-02064,Non-private (tuned),0.4319096581711702
HA-02065,Non-private (tuned),-0.08270403967297729
HA-02066,Non-private (tuned),0.29948314426150613
HA-02067,Non-private (tuned),0.036033598450014304
HA-02068,Non-private (tuned),-0.07050632768229698
HA-02069,Non-private (tuned),0.2211068247574316
HA-02070,Non-private (tuned),-0.18336010820728715
HA-02071,Non-private (tuned),-0.24649939449136551
HA-02072,Non-private (tuned),0.09623967643340486
HA-02073,Non-private (tuned),0.22952237179212337
HA-02074,Non-private (tuned),0.15863793128474005
HA-02076,Non-private (tuned),0.6271236835477959
HA-02077,Non-private (tuned),-0.3944370679179478
HA-02078,Non-private (tuned),-0.27529217785241555
HA-02079,Non-private (tuned),-0.3611330037681833
HA-02080,Non-private (tuned),0.13406440948527426
HA-02081,Non-private (tuned),-0.2336052168081167
HA-02082,Non-private (tuned),0.042814896526140456
HA-02083,Non-private (tuned),-0.09659614027566138
HA-02084,Non-private (tuned),0.1106724878861603
HA-02085,Non-private (tuned),-1.1601947448569228
HA-02086,Non-private (tuned),-0.013037150945201748
HA-02087,Non-private (tuned),-0.33846540351022575
HA-02089,Non-private (tuned),0.41825974959586326
HA-02090,Non-private (tuned),-0.17229057600924835
HA-02091,Non-private (tuned),-0.1425788405041863
HA-02093,Non-private (tuned),-0.06670820779997133
HA-02094,Non-private (tuned),0.05257147368814566
HA-02095,Non-private (tuned),0.46685301946005725
HA-02096,Non-private (tuned),0.717395431317934
HA-02097,Non-private (tuned),-0.5621752181291226
HA-02099,Non-private (tuned),0.10974213924888898
HA-02100,Non-private (tuned),0.12625236012343152
HA-02101,Non-private (tuned),0.07220785158436527
HA-02103,Non-private (tuned),0.22646011821046963
HA-02104,Non-private (tuned),-1.1965671614387905
HA-02105,Non-private (tuned),0.2536335400011451
HA-02106,Non-private (tuned),-0.2927471689560272
HA-02107,Non-private (tuned),0.7590540296019597
HA-02109,Non-private (tuned),0.26920554229835447
HA-02110,Non-private (tuned),-0.27379584955494873
HA-02111,Non-private (tuned),0.06094345141673807
HA-02112,Non-private (tuned),0.15566895104290873
HA-02113,Non-private (tuned),-0.5478677466745123
HA-02114,Non-private (tuned),0.5606798683243965
HA-02115,Non-private (tuned),0.5834790251747397
HA-02116,Non-private (tuned),-0.0700163107129988
HA-02117,Non-private (tuned),0.011610349643529083
HA-02118,Non-private (tuned),-0.5737106389295137
HA-02119,Non-private (tuned),-0.4965783586793849
HA-02120,Non-private (tuned),-0.09020629488522808
HA-02121,Non-private (tuned),-0.21382251047522843
HA-02122,Non-private (tuned),-0.01572407648484242
HA-02123,Non-private (tuned),0.20973114971150786
HA-02124,Non-private (tuned),-1.2133725214603706
HA-02126,Non-private (tuned),0.26031555748461377
HA-02128,Non-private (tuned),0.44390578996547775
HA-02129,Non-private (tuned),0.1754194315275177
HA-02130,Non-private (tuned),0.3917063755470559
HA-02131,Non-private (tuned),0.0904374340490437
HA-02132,Non-private (tuned),-0.29868029005198465
HA-02134,Non-private (tuned),-0.17446188753947167
HA-02135,Non-private (tuned),-0.07343641332561768
HA-02137,Non-private (tuned),0.32075644246713797
HA-02139,Non-private (tuned),-0.0914202933407795
HA-02140,Non-private (tuned),-0.43550027887219056
HA-02141,Non-private (tuned),0.3501064529641569
HA-02142,Non-private (tuned),-0.02016449857927599
HA-02143,Non-private (tuned),0.1037906316340707
HA-02145,Non-private (tuned),0.07391250507798935
HA-02146,Non-private (tuned),0.1956593411817425
HA-02147,Non-private (tuned),-0.012414550132307578
HA-02148,Non-private (tuned),0.6289053285836513
HA-02149,Non-private (tuned),0.1853300504214268
HA-02151,Non-private (tuned),-0.11008248112712749
HA-02152,Non-private (tuned),-0.14024861458780596
HA-02153,Non-private (tuned),-0.3357923983205832
HA-02154,Non-private (tuned),-0.1285321424444793
HA-02155,Non-private (tuned),0.0846454343389011
HA-02156,Non-private (tuned),0.12596199492144783
HA-02157,Non-private (tuned),0.24046309031873558
HA-02158,Non-private (tuned),-0.980674300761625
HA-02159,Non-private (tuned),0.2892733335355582
HA-02160,Non-private (tuned),0.20340584840423687
HA-02161,Non-private (tuned),0.554627289531767
HA-02162,Non-private (tuned),-0.37576298558183113
HA-02163,Non-private (tuned),0.06594184344019527
HA-02164,Non-private (tuned),-0.04287306170699415
HA-02165,Non-private (tuned),0.07064861928789495
HA-02166,Non-private (tuned),-0.02964152483059951
HA-02167,Non-private (tuned),-0.08497069205265118
HA-02168,Non-private (tuned),-0.17887041859875585
HA-02169,Non-private (tuned),-0.2965458379164606
HA-02170,Non-private (tuned),-0.059750278204904805
HA-02171,Non-private (tuned),0.3082098068398077
HA-02172,Non-private (tuned),0.7469154265349697
HA-02173,Non-private (tuned),0.32297455966826527
HA-02175,Non-private (tuned),0.3649705121397133
HA-02176,Non-private (tuned),-0.10090748336911981
HA-02177,Non-private (tuned),-0.21114846665568263
HA-02179,Non-private (tuned),0.04030293133733692
HA-02180,Non-private (tuned),0.060679907520541976
HA-02181,Non-private (tuned),-0.09676350886673885
HA-02182,Non-private (tuned),0.13643464185390175
HA-02183,Non-private (tuned),-0.018634409494704407
HA-02184,Non-private (tuned),-0.06951783487285074
HA-02185,Non-private (tuned),0.09393898659520816
HA-02186,Non-private (tuned),0.33068088634718423
HA-02187,Non-private (tuned),-0.24645221922948113
HA-02188,Non-private (tuned),0.3471459814176884
HA-02189,Non-private (tuned),-0.08258837537794272
HA-02190,Non-private (tuned),0.03083238608106631
HA-02191,Non-private (tuned),-0.05649758777236363
HA-02192,Non-private (tuned),0.4656282377860215
HA-02193,Non-private (tuned),0.08993795776839453
HA-02194,Non-private (tuned),-0.16705474099877504
HA-02195,Non-private (tuned),-0.10706105913127606
HA-02196,Non-private (tuned),0.3084430608122674
HA-02197,Non-private (tuned),0.5567377694744474
HA-02199,Non-private (tuned),0.050244092008470076
HA-02200,Non-private (tuned),0.19966945972157063
HA-02201,Non-private (tuned),0.5162275617144514
HA-02202,Non-private (tuned),-0.28106488744443137
HA-02203,Non-private (tuned),0.24243630796987253
HA-02204,Non-private (tuned),-0.17694318212641708
HA-02205,Non-private (tuned),0.07084025643527636
HA-02206,Non-private (tuned),0.17177787192340754
HA-02208,Non-private (tuned),-0.08925570608854083
HA-02209,Non-private (tuned),-0.1011793542809693
HA-02211,Non-private (tuned),0.11561800195367627
HA-02212,Non-private (tuned),0.0326049617723827
HA-02213,Non-private (tuned),0.08464138851679676
HA-02215,Non-private (tuned),0.6651327010135615
HA-02216,Non-private (tuned),-0.07026316703802088
HA-02217,Non-private (tuned),0.3743552637199163
HA-02218,Non-private (tuned),-0.6465622132376581
HA-02219,Non-private (tuned),0.01142504592309207
HA-02220,Non-private (tuned),0.1915257716652079
HA-02221,Non-private (tuned),-0.175644261482944
HA-02222,Non-private (tuned),-0.22318195263561075
HA-02223,Non-private (tuned),0.545902900709672
HA-02224,Non-private (tuned),0.2152273861313796
HA-02225,Non-private (tuned),0.20009001340827604
HA-02226,Non-private (tuned),0.20442722029156968
HA-02228,Non-private (tuned),-0.27200142999640453
HA-02230,Non-private (tuned),0.08400426108565523
HA-02231,Non-private (tuned),0.1632591698606796
HA-02232,Non-private (tuned),0.09879183102941824
HA-02233,Non-private (tuned),0.08622775617426381
HA-02234,Non-private (tuned),0.13371182380881586
HA-02235,Non-private (tuned),-0.4681068788013806
HA-02236,Non-private (tuned),-0.16184345610999762
HA-02237,Non-private (tuned),0.06029668719794573
HA-02238,Non-private (tuned),-0.35303854550600483
HA-02239,Non-private (tuned),-0.05198866374497302
HA-02240,Non-private (tuned),0.5121133189154643
HA-02241,Non-private (tuned),0.08874314026904467
HA-02242,Non-private (tuned),0.019075928449871382
HA-02243,Non-private (tuned),-0.22211852867706128
HA-02244,Non-private (tuned),0.18840193252465803
HA-02245,Non-private (tuned),0.0180541532317951
HA-02246,Non-private (tuned),0.17462444138604805
HA-02247,Non-private (tuned),0.15045891387354243
HA-02248,Non-private (tuned),-0.7169485244424301
HA-02249,Non-private (tuned),-0.34711173317951327
HA-02250,Non-private (tuned),-0.15987737888366937
HA-02251,Non-private (tuned),0.06592841050663822
HA-02252,Non-private (tuned),0.42421607346271456
HA-02253,Non-private (tuned),-0.20125436285351833
HA-02254,Non-private (tuned),-0.2432121460194107
HA-02255,Non-private (tuned),0.29277479162366316
HA-02256,Non-private (tuned),0.16117649266290757
HA-02257,Non-private (tuned),-0.22901977844359367
HA-02258,Non-private (tuned),0.28717789837996976
HA-02259,Non-private (tuned),-0.07317959348289652
HA-02260,Non-private (tuned),-0.09393223789922805
HA-02261,Non-private (tuned),0.0032771721558831346
HA-02262,Non-private (tuned),-0.1610593579955658
HA-02263,Non-private (tuned),-0.5598395152971392
HA-02264,Non-private (tuned),0.06855195153738691
HA-02265,Non-private (tuned),-0.07081773766338689
HA-02266,Non-private (tuned),0.05496283574942967
HA-02267,Non-private (tuned),-0.09429668102507074
HA-02268,Non-private (tuned),0.2780433125259889
HA-02269,Non-private (tuned),-0.26060822708183684
HA-02270,Non-private (tuned),-0.034997280682429965
HA-02271,Non-private (tuned),0.40898245701956093
HA-02272,Non-private (tuned),-0.09297731655057198
HA-02273,Non-private (tuned),0.12963231409654813
HA-02274,Non-private (tuned),0.5486073617412301
HA-02276,Non-private (tuned),0.19290102075827592
HA-02277,Non-private (tuned),0.6145934740486292
HA-02278,Non-private (tuned),-0.16193365363648093
HA-02279,Non-private (tuned),-0.3583880385643404
HA-02280,Non-private (tuned),0.4860223292522398
HA-02281,Non-private (tuned),-0.17410431576646235
HA-02282,Non-private (tuned),0.07349964072869641
HA-02283,Non-private (tuned),0.34259954424695865
HA-02284,Non-private (tuned),0.17952264401029006
HA-02285,Non-private (tuned),-0.048957384196669285
HA-02286,Non-private (tuned),0.08219645690559985
HA-02287,Non-private (tuned),-0.1769089063150131
HA-02288,Non-private (tuned),-0.04241267007544114
HA-02289,Non-private (tuned),0.15212595562154702
HA-02290,Non-private (tuned),-0.34113754181213507
HA-02292,Non-private (tuned),-0.3769922945632548
HA-02293,Non-private (tuned),0.053901958760039836
HA-02294,Non-private (tuned),0.19484481092323347
HA-02295,Non-private (tuned),0.45317266129066086
HA-02297,Non-private (tuned),-0.051010440908145153
HA-02298,Non-private (tuned),0.04416504207437855
HA-02299,Non-private (tuned),0.24906929695709995
HA-02300,Non-private (tuned),-0.18575490741222844
HA-02302,Non-private (tuned),-0.09116189284358728
HA-02303,Non-private (tuned),-0.29726957681690236
HA-02304,Non-private (tuned),-0.40316722906927294
HA-02305,Non-private (tuned),5.782392371656009e-05
HA-02306,Non-private (tuned),-0.4648927701381395
HA-02307,Non-private (tuned),0.07842512775566447
HA-02308,Non-private (tuned),-0.28707038170178617
HA-02309,Non-private (tuned),-0.1596266585631409
HA-02311,Non-private (tuned),0.3957367781257238
HA-02312,Non-private (tuned),-0.12808691040982184
HA-02313,Non-private (tuned),-0.14278426809927042
HA-02314,Non-private (tuned),0.07738717956286764
HA-02315,Non-private (tuned),-0.3161316645362139
HA-02316,Non-private (tuned),0.2603935024206795
HA-02317,Non-private (tuned),0.06308810684732546
HA-02318,Non-private (tuned),0.26260280553194454
HA-02320,Non-private (tuned),-0.34558607964365357
HA-02321,Non-private (tuned),0.16912829637330518
HA-02322,Non-private (tuned),0.4547145580004529
HA-02323,Non-private (tuned),-0.23104104620056512
HA-02324,Non-private (tuned),-0.045491873362938307
HA-02325,Non-private (tuned),-0.2745761918231873
HA-02326,Non-private (tuned),0.039607975160303954
HA-02327,Non-private (tuned),-0.5732229773862831
HA-02328,Non-private (tuned),0.4931669412564927
HA-02329,Non-private (tuned),0.12645547738547425
HA-02330,Non-private (tuned),0.005596843519194761
HA-02331,Non-private (tuned),0.262155715887746
HA-02332,Non-private (tuned),0.25647875297689393
HA-02333,Non-private (tuned),0.19586686152422816
HA-02334,Non-private (tuned),-0.29962727642710496
HA-02335,Non-private (tuned),0.13080611511722007
HA-02337,Non-private (tuned),0.07942599101000325
HA-02338,Non-private (tuned),0.1761944186234769
HA-02339,Non-private (tuned),-0.3523543513096686
HA-02340,Non-private (tuned),0.07254429554792872
HA-02341,Non-private (tuned),-0.3236755054120824
HA-02342,Non-private (tuned),-0.3821917404519036
HA-02343,Non-private (tuned),-0.15273327677636528
HA-02344,Non-private (tuned),0.09369750386199904
HA-02345,Non-private (tuned),-0.22467593394625146
HA-02346,Non-private (tuned),0.29013650662616736
HA-02347,Non-private (tuned),-0.17939743957287407
HA-02348,Non-private (tuned),0.2994904151792511
HA-02349,Non-private (tuned),-0.43151060401376007
HA-02350,Non-private (tuned),-0.30137132959803703
HA-02351,Non-private (tuned),-0.21516966559767886
HA-02352,Non-private (tuned),0.031872847153135486
HA-02353,Non-private (tuned),0.22253596133728262
HA-02354,Non-private (tuned),0.27898411169277165
HA-02355,Non-private (tuned),0.38175320715816247
HA-02356,Non-private (tuned),0.2562983453755212
HA-02357,Non-private (tuned),0.28142574615285365
HA-02358,Non-private (tuned),-0.02995849060726881
HA-02359,Non-private (tuned),0.1692038361025182
HA-02360,Non-private (tuned),-0.10427849031733152
HA-02361,Non-private (tuned),0.0354561851666344
HA-02363,Non-private (tuned),-0.10331348357504105
HA-02364,Non-private (tuned),0.020864555763850767
HA-02365,Non-private (tuned),0.4583906387673836
HA-02366,Non-private (tuned),-0.030019750454708782
HA-02367,Non-private (tuned),0.0629869731623755
HA-02368,Non-private (tuned),-0.052095886801835856
HA-02369,Non-private (tuned),-0.04359900297996855
HA-02370,Non-private (tuned),0.10931088918889315
HA-02371,Non-private (tuned),0.044646690980043674
HA-02372,Non-private (tuned),-0.3360475141280532
HA-02373,Non-private (tuned),0.17374766466987684
HA-02374,Non-private (tuned),0.06149455728542966
HA-02375,Non-private (tuned),0.16481533346001276
HA-02376,Non-private (tuned),0.17753241256710395
HA-02377,Non-private (tuned),0.08561901902068744
HA-02380,Non-private (tuned),-0.5501475479364217
HA-02381,Non-private (tuned),-0.26982267526703724
HA-02382,Non-private (tuned),-0.17741585912049906
HA-02383,Non-private (tuned),0.2036773018152115
HA-02384,Non-private (tuned),0.04854135702226729
HA-02385,Non-private (tuned),-0.19674409672435927
HA-02386,Non-private (tuned),-0.42729214537668747
HA-02387,Non-private (tuned),0.06446913610421035
HA-02388,Non-private (tuned),-0.336744673394073
HA-02389,Non-private (tuned),0.13092456278385223
HA-02390,Non-private (tuned),0.3157823817165466
HA-02391,Non-private (tuned),0.035727969278259275
HA-02392,Non-private (tuned),-0.38170901674737856
HA-02393,Non-private (tuned),-0.26535335649976366
HA-02395,Non-private (tuned),-0.5505588592102746
HA-02396,Non-private (tuned),-0.0003434524824104668
HA-02397,Non-private (tuned),-0.20713519903909236
HA-02398,Non-private (tuned),0.010011314170967844
HA-02399,Non-private (tuned),0.1808585282536534
HA-02400,Non-private (tuned),-0.1278475208647038
HA-02401,Non-private (tuned),-0.2529572557156881
HA-02402,Non-private (tuned),-0.5626501269226128
HA-02403,Non-private (tuned),-0.07774807727969069
HA-02405,Non-private (tuned),0.30364053904850047
HA-02406,Non-private (tuned),-0.12280802164645854
HA-02407,Non-private (tuned),0.13955809140416786
HA-02408,Non-private (tuned),0.1950785725238121
HA-02409,Non-private (tuned),-0.06602661064720455
HA-02410,Non-private (tuned),0.2030305881271836
HA-02411,Non-private (tuned),0.25571486028256774
HA-02412,Non-private (tuned),-0.11454848661130546
HA-02413,Non-private (tuned),-0.15754379851738348
HA-02414,Non-private (tuned),0.17079663910868698
HA-02415,Non-private (tuned),0.15866951858087383
HA-02416,Non-private (tuned),-0.13094200809508388
HA-02417,Non-private (tuned),-0.18800933905485467
HA-02418,Non-private (tuned),-0.31169871833464985
HA-02419,Non-private (tuned),0.2556979545998843
HA-02420,Non-private (tuned),-0.15216988788573138
HA-02421,Non-private (tuned),-0.0727137297859573
HA-02422,Non-private (tuned),-0.28656078380619904
HA-02423,Non-private (tuned),0.29229451644088006
HA-02424,Non-private (tuned),0.5225893209684288
HA-02425,Non-private (tuned),-0.45045776952530914
HA-02426,Non-private (tuned),0.0396292021671005
HA-02427,Non-private (tuned),0.29252790796952743
HA-02428,Non-private (tuned),0.28263169812900074
HA-02429,Non-private (tuned),-0.1681356089350722
HA-02430,Non-private (tuned),-0.37538547623923385
HA-02431,Non-private (tuned),0.38986162799009205
HA-02432,Non-private (tuned),0.0793324223044419
HA-02433,Non-private (tuned),0.1831123907347662
HA-02434,Non-private (tuned),0.031514952889193926
HA-02435,Non-private (tuned),0.3212843447301212
HA-02437,Non-private (tuned),-0.17095079429784904
HA-02438,Non-private (tuned),0.16253291820896854
HA-02439,Non-private (tuned),-0.08359657092987549
HA-02440,Non-private (tuned),-0.11497227829844348
HA-02441,Non-private (tuned),-0.5190804279776148
HA-02442,Non-private (tuned),-0.07648545370021387
HA-02443,Non-private (tuned),0.36511115043141273
HA-02445,Non-private (tuned),-0.2808474650870695
HA-02446,Non-private (tuned),0.02606273586268737
HA-02447,Non-private (tuned),0.3229435532195251
HA-02448,Non-private (tuned),0.06695486097149028
HA-02451,Non-private (tuned),0.19629173364282843
HA-02452,Non-private (tuned),-0.19226493277090645
HA-02453,Non-private (tuned),-0.48607807799203423
HA-02454,Non-private (tuned),0.37249828126897533
HA-02455,Non-private (tuned),0.1123530253975275
HA-02456,Non-private (tuned),0.09727402442301847
HA-02457,Non-private (tuned),0.5678690524183185
HA-02458,Non-private (tuned),0.07884160014881814
HA-02459,Non-private (tuned),-0.062392351527712886
HA-02460,Non-private (tuned),0.33442485311796744
HA-02461,Non-private (tuned),-0.030626077838839305
HA-02462,Non-private (tuned),-0.0761842369156106
HA-02464,Non-private (tuned),-0.19498348941262267
HA-02465,Non-private (tuned),0.037937102235914066
HA-02466,Non-private (tuned),0.12339305839274217
HA-02467,Non-private (tuned),-0.3561588029094944
HA-02468,Non-private (tuned),0.26203845461884484
HA-02469,Non-private (tuned),-0.05733339099027826
HA-02470,Non-private (tuned),0.33637865619199714
HA-02472,Non-private (tuned),-0.18986652902685947
HA-02473,Non-private (tuned),0.2629390439843732
HA-02474,Non-private (tuned),-0.026546786574077108
HA-02477,Non-private (tuned),0.12224539448946542
HA-02478,Non-private (tuned),-0.3290114498673729
HA-02480,Non-private (tuned),-0.2335127258114913
HA-02482,Non-private (tuned),-0.08077969266596324
HA-02483,Non-private (tuned),0.01483073033515625
HA-02484,Non-private (tuned),0.3320072304374413
HA-02485,Non-private (tuned),0.13779346130333925
HA-02487,Non-private (tuned),-0.0002392482414348973
HA-02488,Non-private (tuned),0.07911785723320841
HA-02489,Non-private (tuned),-0.5487020095686206
HA-02490,Non-private (tuned),-0.3485923623316893
HA-02491,Non-private (tuned),-0.01898472812444857
HA-02492,Non-private (tuned),0.4202498546499349
HA-02493,Non-private (tuned),-0.1176402807918239
HA-02494,Non-private (tuned),0.1634156592146418
HA-02495,Non-private (tuned),0.27320010156486013
HA-02496,Non-private (tuned),0.2345345214120164
HA-02497,Non-private (tuned),0.32926915940402357
HA-02498,Non-private (tuned),-0.39639591505916494
HA-02499,Non-private (tuned),-0.15087597978297285
HA-02500,Non-private (tuned),0.09229284545884747
HA-02501,Non-private (tuned),0.29747944596605747
HA-02502,Non-private (tuned),0.12247947372469248
HA-02504,Non-private (tuned),0.07625669344035163
HA-02506,Non-private (tuned),-0.28389938682829674
HA-02507,Non-private (tuned),-0.19401581714562788
HA-02508,Non-private (tuned),-0.2702140783049327
HA-02509,Non-private (tuned),0.22243474017496265
HA-02510,Non-private (tuned),0.131729204240974
HA-02512,Non-private (tuned),-0.0405359006056589
HA-02513,Non-private (tuned),-0.05779492935356062
HA-02514,Non-private (tuned),-0.014305445032711916
HA-02515,Non-private (tuned),-0.10304652475348097
HA-02516,Non-private (tuned),0.33158050000099826
HA-02517,Non-private (tuned),-0.17272629860797806
HA-02519,Non-private (tuned),-0.12592639667729694
HA-02520,Non-private (tuned),0.22636671772753847
HA-02521,Non-private (tuned),-0.08892011347646511
HA-02523,Non-private (tuned),0.10031788049546192
HA-02524,Non-private (tuned),-0.061422106061732484
HA-02525,Non-private (tuned),0.18077416006680957
HA-02526,Non-private (tuned),-0.13294451732567675
HA-02527,Non-private (tuned),-0.06660628937793378
HA-02528,Non-private (tuned),0.061496364951103444
HA-02529,Non-private (tuned),0.9212904217389511
HA-02530,Non-private (tuned),-0.12260051221872714
HA-02533,Non-private (tuned),0.014702345689192098
HA-02534,Non-private (tuned),-0.3041026037056068
HA-02536,Non-private (tuned),-0.15830091632477628
HA-02537,Non-private (tuned),0.3107210775251593
HA-02538,Non-private (tuned),-0.00941040050537062
HA-02539,Non-private (tuned),0.26351926174574314
HA-02540,Non-private (tuned),0.07428431512066935
HA-02541,Non-private (tuned),0.36302119746724204
HA-02542,Non-private (tuned),0.2371803502105445
HA-02543,Non-private (tuned),-0.42714067078694506
HA-02544,Non-private (tuned),0.210368699675267
HA-02545,Non-private (tuned),-0.14993294798305998
HA-02546,Non-private (tuned),-0.3942153393463298
HA-02547,Non-private (tuned),-0.11523650065877883
HA-02548,Non-private (tuned),0.03405780668674502
HA-02549,Non-private (tuned),0.16381987998526326
HA-02550,Non-private (tuned),0.04893254884177023
HA-02551,Non-private (tuned),0.015380753757313181
HA-02552,Non-private (tuned),-0.4042110994261193
HA-02554,Non-private (tuned),0.31518496718912303
HA-02555,Non-private (tuned),-0.1701899647722061
HA-02556,Non-private (tuned),-0.10893146335122367
HA-02557,Non-private (tuned),0.023868651287719256
HA-02558,Non-private (tuned),-0.33716096757988867
HA-02559,Non-private (tuned),-0.11330015064289575
HA-02560,Non-private (tuned),-0.030236776024731404
HA-02562,Non-private (tuned),0.26004293982114307
HA-02563,Non-private (tuned),-0.32861574456026715
HA-02564,Non-private (tuned),0.21134709852147865
HA-02565,Non-private (tuned),-0.24788102996807948
HA-02566,Non-private (tuned),0.47953666101573067
HA-02567,Non-private (tuned),-0.11908101048714576
HA-02568,Non-private (tuned),0.13601667602613643
HA-02569,Non-private (tuned),0.33206883422017
HA-02570,Non-private (tuned),-0.017370178806333347
HA-02571,Non-private (tuned),0.26435973543097113
HA-02572,Non-private (tuned),-0.11748473437709808
HA-02573,Non-private (tuned),-0.1803870570993315
HA-02574,Non-private (tuned),0.10787306922036377
HA-02575,Non-private (tuned),0.11701981801839217
HA-02576,Non-private (tuned),0.02141250132961392
HA-02577,Non-private (tuned),0.23769699606103456
HA-02578,Non-private (tuned),0.012945709792143156
HA-02579,Non-private (tuned),0.09373236420100706
HA-02580,Non-private (tuned),0.1049300206558818
HA-02581,Non-private (tuned),-0.06537984583350431
HA-02582,Non-private (tuned),0.27234314409475846
HA-02583,Non-private (tuned),-0.17441261103118394
HA-02584,Non-private (tuned),0.04474362930809972
HA-02585,Non-private (tuned),-0.11946917110964927
HA-02586,Non-private (tuned),-0.2306052018070547
HA-02587,Non-private (tuned),0.525270478903784
HA-02588,Non-private (tuned),0.04483308442697337
HA-02590,Non-private (tuned),0.20168630444529254
HA-02591,Non-private (tuned),-0.3787357081824001
HA-02592,Non-private (tuned),0.23758061757553836
HA-02593,Non-private (tuned),0.07425176581997073
HA-02594,Non-private (tuned),0.25840699913612586
HA-02595,Non-private (tuned),0.06457762878531537
HA-02596,Non-private (tuned),-0.2333969519672447
HA-02598,Non-private (tuned),-0.16595160847687165
HA-02599,Non-private (tuned),-0.3620008960199831
HA-02600,Non-private (tuned),0.33833992641130944
HA-02601,Non-private (tuned),-0.26021224755057615
HA-02602,Non-private (tuned),0.013310522387996127
HA-02603,Non-private (tuned),0.15712606999301854
HA-02604,Non-private (tuned),0.3860648705701799
HA-02605,Non-private (tuned),-0.00815516913515324
HA-02606,Non-private (tuned),-0.20697324702441056
HA-02607,Non-private (tuned),0.039024333548525025
HA-02608,Non-private (tuned),-0.057654822182059806
HA-02609,Non-private (tuned),-0.17361881148638547
HA-02610,Non-private (tuned),0.13940343394075072
HA-02612,Non-private (tuned),-0.22587628894658068
HA-02614,Non-private (tuned),0.0888426645537766
HA-02615,Non-private (tuned),-0.4661457498313099
HA-02616,Non-private (tuned),-0.5871537471881519
HA-02617,Non-private (tuned),-0.16652848154665212
HA-02618,Non-private (tuned),0.04618553386874047
HA-02619,Non-private (tuned),0.27745840230006863
HA-02620,Non-private (tuned),-0.11007813861401128
HA-02621,Non-private (tuned),-0.1958098289359067
HA-02622,Non-private (tuned),-0.1701619243438664
HA-02623,Non-private (tuned),-0.22524800358047037
HA-02624,Non-private (tuned),-0.0781610775581611
HA-02625,Non-private (tuned),0.0629324747416572
HA-02626,Non-private (tuned),-0.14593911234441737
HA-02627,Non-private (tuned),-0.28397412785711595
HA-02629,Non-private (tuned),0.018400864862530952
HA-02630,Non-private (tuned),-0.43192749256630236
HA-02631,Non-private (tuned),-0.1599469685232316
HA-02633,Non-private (tuned),0.03604575875087623
HA-02634,Non-private (tuned),-0.08491785040344013
HA-02635,Non-private (tuned),-0.0006063011984512867
HA-02636,Non-private (tuned),-0.29443478017927843
HA-02637,Non-private (tuned),-0.0995491036047807
HA-02638,Non-private (tuned),-0.14564197787390554
HA-02639,Non-private (tuned),0.1412850551479179
HA-02640,Non-private (tuned),-0.13896886593013225
HA-02641,Non-private (tuned),0.03277140535756817
HA-02642,Non-private (tuned),0.01168014650874244
HA-02643,Non-private (tuned),0.056584988447006435
HA-02644,Non-private (tuned),0.18143576576018405
HA-02645,Non-private (tuned),0.37100490932674207
HA-02646,Non-private (tuned),0.1592912511526004
HA-02648,Non-private (tuned),-0.11095004605845926
HA-02650,Non-private (tuned),0.008160474921909966
HA-02651,Non-private (tuned),0.06432744939714452
HA-02653,Non-private (tuned),-0.3960510034783582
HA-02655,Non-private (tuned),-0.29508013730977145
HA-02656,Non-private (tuned),-0.2721725719840191
HA-02658,Non-private (tuned),0.39668036113498445
HA-02659,Non-private (tuned),-0.352235816522177
HA-02660,Non-private (tuned),-0.584419694892174
HA-02662,Non-private (tuned),0.0031777918464494515
HA-02663,Non-private (tuned),0.11821626058609902
HA-02664,Non-private (tuned),-0.27500780162877714
HA-02665,Non-private (tuned),-0.08238584656255094
HA-02666,Non-private (tuned),0.1914169058466167
HA-02667,Non-private (tuned),-0.02349804728724364
HA-02668,Non-private (tuned),0.09992594873419791
HA-02669,Non-private (tuned),-0.25907257410713436
HA-02670,Non-private (tuned),-0.08829219202680372
HA-02672,Non-private (tuned),-0.2775812714414068
HA-02674,Non-private (tuned),0.061979106481970025
HA-02675,Non-private (tuned),0.1140830752515074
HA-02676,Non-private (tuned),-0.17065030876609522
HA-02677,Non-private (tuned),-0.03411217008952083
HA-02678,Non-private (tuned),-0.016826187356931588
HA-02680,Non-private (tuned),0.07957841324187853
HA-02681,Non-private (tuned),0.1032775800558754
HA-02682,Non-private (tuned),0.014894513732051029
HA-02683,Non-private (tuned),0.23197938006778457
HA-02684,Non-private (tuned),0.6340363896071164
HA-02685,Non-private (tuned),-0.06564020335336168
HA-02686,Non-private (tuned),-0.6268085317288112
HA-02687,Non-private (tuned),0.13879223359556514
HA-02688,Non-private (tuned),-0.07550859312368169
HA-02689,Non-private (tuned),0.19057565707525168
HA-02690,Non-private (tuned),0.01907143867013633
HA-02691,Non-private (tuned),-0.03952460221106263
HA-02692,Non-private (tuned),-0.32868098694165965
HA-02693,Non-private (tuned),0.03034301295295544
HA-02694,Non-private (tuned),-0.19871863442882054
HA-02695,Non-private (tuned),-0.13613206526491584
HA-02696,Non-private (tuned),-0.1504732314073036
HA-02697,Non-private (tuned),-0.000746152211967388
HA-02699,Non-private (tuned),0.25695399888553927
HA-02700,Non-private (tuned),-0.07578920607896411
HA-02701,Non-private (tuned),0.33486762726314373
HA-02702,Non-private (tuned),-0.376354876584186
HA-02703,Non-private (tuned),-0.0916859398121111
HA-02704,Non-private (tuned),-0.2500612712565567
HA-02705,Non-private (tuned),0.14863059522195032
HA-02706,Non-private (tuned),-0.22717663924425624
HA-02707,Non-private (tuned),0.04746790344157825
HA-02708,Non-private (tuned),-0.19400420039978455
HA-02709,Non-private (tuned),-0.265014838120818
HA-02710,Non-private (tuned),-0.08180041713404018
HA-02711,Non-private (tuned),-0.0905067192986016
HA-02712,Non-private (tuned),-0.09216242929674259
HA-02713,Non-private (tuned),-0.3165106756410751
HA-02714,Non-private (tuned),-0.2516108049338998
HA-02716,Non-private (tuned),0.17279480076358855
HA-02717,Non-private (tuned),-0.1838032683941213
HA-02719,Non-private (tuned),-0.298522111633632
HA-02720,Non-private (tuned),-0.034771173777804365
HA-02721,Non-private (tuned),-0.14838594535900285
HA-02723,Non-private (tuned),-0.23418076615328132
HA-02724,Non-private (tuned),0.0678533655012663
HA-02725,Non-private (tuned),-0.5142066181077996
HA-02726,Non-private (tuned),0.035533049692019036
HA-02727,Non-private (tuned),0.070070668611386
HA-02728,Non-private (tuned),-0.35217427157829967
HA-02729,Non-private (tuned),-0.9988994639834287
HA-02730,Non-private (tuned),0.3860785395145997
HA-02731,Non-private (tuned),0.06611163997671643
HA-02732,Non-private (tuned),-0.09303858968991385
HA-02733,Non-private (tuned),-0.6147590526288131
HA-02734,Non-private (tuned),-0.13762581540291835
HA-02736,Non-private (tuned),-0.030236765483755423
HA-02737,Non-private (tuned),0.061204353878791196
HA-02738,Non-private (tuned),0.11713830592439284
HA-02739,Non-private (tuned),-0.18964693101443672
HA-02740,Non-private (tuned),0.035433748348089045
HA-02742,Non-private (tuned),0.32733316697655107
HA-02743,Non-private (tuned),0.07597403830023164
HA-02744,Non-private (tuned),0.015929525163448532
HA-02745,Non-private (tuned),-0.4074355343408551
HA-02746,Non-private (tuned),0.06715764675605906
HA-02747,Non-private (tuned),0.6249091513015839
HA-02748,Non-private (tuned),0.6114191711864495
HA-02750,Non-private (tuned),-0.10561402860236316
HA-02751,Non-private (tuned),0.10182549156254289
HA-02753,Non-private (tuned),-0.3600343036152044
HA-02754,Non-private (tuned),0.32025431103083307
HA-02755,Non-private (tuned),0.02543199329770557
HA-02756,Non-private (tuned),-0.49276341545733177
HA-02757,Non-private (tuned),0.029422780296408435
HA-02758,Non-private (tuned),0.08392653970866976
HA-02759,Non-private (tuned),0.28261518885208503
HA-02760,Non-private (tuned),0.17738849366690443
HA-02761,Non-private (tuned),-0.19521168289472046
HA-02762,Non-private (tuned),0.030692960309400996
HA-02763,Non-private (tuned),0.10515729999393608
HA-02764,Non-private (tuned),0.25054584217626824
HA-02765,Non-private (tuned),-0.23235697948862127
HA-02766,Non-private (tuned),0.23151292721100086
HA-02767,Non-private (tuned),0.046564575526485186
HA-02768,Non-private (tuned),-0.19452024254952455
HA-02769,Non-private (tuned),0.3137363283260166
HA-02770,Non-private (tuned),0.11881822317561597
HA-02772,Non-private (tuned),-0.24003609571437518
HA-02773,Non-private (tuned),0.04942988943217014
HA-02775,Non-private (tuned),-0.16868377514036476
HA-02776,Non-private (tuned),0.17810463323092818
HA-02777,Non-private (tuned),0.005366848785883838
HA-02778,Non-private (tuned),-0.2929260819318427
HA-02779,Non-private (tuned),-0.16789403453043578
HA-02780,Non-private (tuned),0.03656742813362779
HA-02781,Non-private (tuned),0.04779545325209339
HA-02782,Non-private (tuned),-0.07012082907743844
HA-02783,Non-private (tuned),0.31460695435923947
HA-02785,Non-private (tuned),-0.2422830651885482
HA-02786,Non-private (tuned),0.23573917803640848
HA-02787,Non-private (tuned),0.20308285916659025
HA-02788,Non-private (tuned),0.19920085093560908
HA-02789,Non-private (tuned),0.16096819491652614
HA-02791,Non-private (tuned),0.11889543949763492
HA-02792,Non-private (tuned),0.5393329969930976
HA-02793,Non-private (tuned),0.22546526276656967
HA-02795,Non-private (tuned),-0.44727108766366325
HA-02796,Non-private (tuned),0.14242544460952927
HA-02797,Non-private (tuned),0.20817947131913542
HA-02798,Non-private (tuned),-0.003964677404153072
HA-02799,Non-private (tuned),-0.021129114324894782
HA-02800,Non-private (tuned),-0.15731929393480104
HA-02801,Non-private (tuned),0.225638867485905
HA-02802,Non-private (tuned),0.4170270025717622
HA-02803,Non-private (tuned),-0.33210694652893946
HA-02804,Non-private (tuned),0.07249494856945324
HA-02805,Non-private (tuned),-0.07734411593424584
HA-02806,Non-private (tuned),0.42530196472393866
HA-02807,Non-private (tuned),0.2551671654190955
HA-02808,Non-private (tuned),-0.023087743459543564
HA-02810,Non-private (tuned),-0.030441915365532646
HA-02811,Non-private (tuned),0.2919919414449786
HA-02812,Non-private (tuned),-0.4776167042282552
HA-02814,Non-private (tuned),0.1844297059132101
HA-02816,Non-private (tuned),-0.03517667659113888
HA-02817,Non-private (tuned),-0.059901443521040654
HA-02818,Non-private (tuned),-0.10276298298832931
HA-02819,Non-private (tuned),-0.18945890156354217
HA-02821,Non-private (tuned),-0.013357314197118386
HA-02822,Non-private (tuned),-0.18160019052640808
HA-02824,Non-private (tuned),-0.029763958360926657
HA-02825,Non-private (tuned),0.08658739073002542
HA-02826,Non-private (tuned),-0.19990128331694518
HA-02827,Non-private (tuned),0.18056853045447863
HA-02828,Non-private (tuned),-0.5019955307510738
HA-02829,Non-private (tuned),-0.14893711895298684
HA-02830,Non-private (tuned),1.1052368800722563
HA-02831,Non-private (tuned),0.07090461653790048
HA-02832,Non-private (tuned),0.0054307526186664346
HA-02833,Non-private (tuned),-0.11068404609779592
HA-02834,Non-private (tuned),0.10601926217998181
HA-02835,Non-private (tuned),0.25485541223874075
HA-02836,Non-private (tuned),0.060398438763322015
HA-02837,Non-private (tuned),-0.25347031877693516
HA-02838,Non-private (tuned),0.20768109161129011
HA-02839,Non-private (tuned),-0.3740118885906389
HA-02840,Non-private (tuned),-0.22916074725441757
HA-02841,Non-private (tuned),-0.20429196430856883
HA-02842,Non-private (tuned),0.006126816605443064
HA-02845,Non-private (tuned),-0.4027446648388779
HA-02846,Non-private (tuned),0.32813567723943415
HA-02847,Non-private (tuned),0.08242741979516377
HA-02848,Non-private (tuned),-0.10956569009046441
HA-02850,Non-private (tuned),-0.2150593340533518
HA-02851,Non-private (tuned),-0.1895373338531829
HA-02852,Non-private (tuned),0.394286343372625
HA-02853,Non-private (tuned),-0.24570928335189968
HA-02854,Non-private (tuned),0.23157709628862005
HA-02855,Non-private (tuned),-0.30450004633294037
HA-02856,Non-private (tuned),-0.12376246257357965
HA-02857,Non-private (tuned),0.03669583995368503
HA-02858,Non-private (tuned),0.8838532342882355
HA-02859,Non-private (tuned),0.20605657632532282
HA-02861,Non-private (tuned),-0.12271741138318276
HA-02862,Non-private (tuned),0.09657488646673595
HA-02863,Non-private (tuned),0.3161950410148273
HA-02865,Non-private (tuned),-0.28980649028215966
HA-02866,Non-private (tuned),-0.43255581537490223
HA-02868,Non-private (tuned),0.013443619108992083
HA-02869,Non-private (tuned),0.20207649314407122
HA-02870,Non-private (tuned),0.17382048631230962
HA-02872,Non-private (tuned),-0.5614395321080707
HA-02873,Non-private (tuned),0.22028604045307
HA-02874,Non-private (tuned),-0.23661754146595354
HA-02875,Non-private (tuned),-0.14051669981678544
HA-02876,Non-private (tuned),-0.059663043142023864
HA-02877,Non-private (tuned),-0.04004508349089736
HA-02879,Non-private (tuned),0.01661725161303451
HA-02880,Non-private (tuned),0.006957512234418012
HA-02881,Non-private (tuned),0.24553500747245263
HA-02883,Non-private (tuned),-0.300944139649606
HA-02885,Non-private (tuned),-0.08264155278564611
HA-02886,Non-private (tuned),0.030368124685145492
HA-02887,Non-private (tuned),-0.17848285319205012
HA-02888,Non-private (tuned),-0.431433259479791
HA-02889,Non-private (tuned),0.0486175358404079
HA-02891,Non-private (tuned),-0.1046791735759171
HA-02892,Non-private (tuned),0.06803758412347838
HA-02893,Non-private (tuned),-0.11694577593535893
HA-02894,Non-private (tuned),0.09892995289989759
HA-02895,Non-private (tuned),0.27242090897848203
HA-02896,Non-private (tuned),0.5018773927824464
HA-02898,Non-private (tuned),-0.2823879751686782
HA-02899,Non-private (tuned),0.051665826691487005
HA-02900,Non-private (tuned),-0.20142891505541577
HA-02902,Non-private (tuned),0.3170866766294239
HA-02904,Non-private (tuned),0.41505756272904215
HA-02905,Non-private (tuned),0.04696975468624376
HA-02906,Non-private (tuned),0.29713146971028376
HA-02908,Non-private (tuned),-0.011372533053880418
HA-02910,Non-private (tuned),0.5913123538976102
HA-02911,Non-private (tuned),-0.08858545215736252
HA-02912,Non-private (tuned),0.0602757758364213
HA-02913,Non-private (tuned),-0.0616986123054557
HA-02914,Non-private (tuned),-0.12503474524729496
HA-02915,Non-private (tuned),-0.3496629735333654
HA-02916,Non-private (tuned),-0.014035831091250561
HA-02917,Non-private (tuned),0.029794644064967915
HA-02918,Non-private (tuned),0.07972412180559074
HA-02919,Non-private (tuned),-0.361094463529609
HA-02922,Non-private (tuned),-0.3014498257626009
HA-02923,Non-private (tuned),0.2563509360222075
HA-02924,Non-private (tuned),0.42020065023374403
HA-02925,Non-private (tuned),-0.2534582949125773
HA-02926,Non-private (tuned),-0.31225461294075435
HA-02928,Non-private (tuned),0.1398064153330614
HA-02929,Non-private (tuned),0.08828544826323059
HA-02930,Non-private (tuned),0.43968791424314696
HA-02933,Non-private (tuned),-0.2893602386902585
HA-02934,Non-private (tuned),0.21029639667257316
HA-02935,Non-private (tuned),-0.6133400482611749
HA-02936,Non-private (tuned),-1.3542549251177312
HA-02938,Non-private (tuned),0.277118942590651
HA-02940,Non-private (tuned),0.35351732031221056
HA-02941,Non-private (tuned),0.14096828501583858
HA-02942,Non-private (tuned),-0.1497584303248371
HA-02943,Non-private (tuned),0.024123080785939055
HA-02944,Non-private (tuned),0.4159682267223731
HA-02945,Non-private (tuned),0.13547330648196176
HA-02946,Non-private (tuned),-0.4531198710102655
HA-02947,Non-private (tuned),0.191774593699918
HA-02948,Non-private (tuned),-0.05968091326392694
HA-02950,Non-private (tuned),-0.027108339344871224
HA-02951,Non-private (tuned),-0.2000131426249318
HA-02952,Non-private (tuned),0.07302712973617426
HA-02953,Non-private (tuned),0.07791659863102102
HA-02954,Non-private (tuned),0.22892640126295632
HA-02955,Non-private (tuned),0.6182823542884617
HA-02956,Non-private (tuned),-0.3992002994332443
HA-02957,Non-private (tuned),-0.030722770472607186
HA-02958,Non-private (tuned),-0.29808831266356106
HA-02959,Non-private (tuned),-0.12902164138199335
HA-02960,Non-private (tuned),0.4359261918739622
HA-02961,Non-private (tuned),0.20155107585510945
HA-02962,Non-private (tuned),0.24975050046350622
HA-02963,Non-private (tuned),0.227865843127524
HA-02964,Non-private (tuned),0.6295523169113484
HA-02965,Non-private (tuned),-0.23170808690858535
HA-02966,Non-private (tuned),0.5546653120687958
HA-02968,Non-private (tuned),0.0002120037625507054
HA-02969,Non-private (tuned),0.4646806767832772
HA-02970,Non-private (tuned),0.13377766806253294
HA-02971,Non-private (tuned),-0.06391110072590195
HA-02972,Non-private (tuned),0.1384726666820566
HA-02973,Non-private (tuned),-0.11174314190060991
HA-02974,Non-private (tuned),0.08617826400220702
HA-02975,Non-private (tuned),-0.1789862052251049
HA-02976,Non-private (tuned),0.3124129855410741
HA-02977,Non-private (tuned),-0.329646293280823
HA-02978,Non-private (tuned),-0.31282111785761035
HA-02979,Non-private (tuned),0.2784647192467593
HA-02980,Non-private (tuned),0.1374175265066508
HA-02981,Non-private (tuned),-0.17216310990357742
HA-02982,Non-private (tuned),-0.32691162181040734
HA-02983,Non-private (tuned),0.19265819191155586
HA-02984,Non-private (tuned),0.14207305972389217
HA-02985,Non-private (tuned),0.5045653514356592
HA-02986,Non-private (tuned),-0.13842775923482542
HA-02987,Non-private (tuned),-0.023775300223471685
HA-02988,Non-private (tuned),-0.09105220590167756
HA-02989,Non-private (tuned),0.1141785136077853
HA-02990,Non-private (tuned),0.4180215218694826
HA-02991,Non-private (tuned),-0.6160531188033472
HA-02992,Non-private (tuned),0.30575171645066224
HA-02993,Non-private (tuned),-0.10598429048375363
HA-02994,Non-private (tuned),0.0029325496544783114
HA-02995,Non-private (tuned),-0.22124622045881237
HA-02996,Non-private (tuned),-0.2366291454110661
HA-02997,Non-private (tuned),-0.465718320868697
HA-02998,Non-private (tuned),0.6381506805840977
HA-02999,Non-private (tuned),-0.10050050242301456
HA-03000,Non-private (tuned),-0.019418241575310302
HB-00002,Non-private (tuned),-0.03497294211354729
HB-00003,Non-private (tuned),0.40925463535532913
HB-00004,Non-private (tuned),-0.08774483846860201
HB-00005,Non-private (tuned),-0.3720158395975739
HB-00007,Non-private (tuned),0.02827826586836839
HB-00008,Non-private (tuned),0.007229765570801572
HB-00009,Non-private (tuned),-0.002273370838800415
HB-00010,Non-private (tuned),0.5670488407119086
HB-00011,Non-private (tuned),0.5735013549406562
HB-00012,Non-private (tuned),-0.15069883160361763
HB-00013,Non-private (tuned),0.32662072722997404
HB-00014,Non-private (tuned),0.19422575967401878
HB-00015,Non-private (tuned),-0.053526792569737996
HB-00016,Non-private (tuned),0.2707663346080391
HB-00017,Non-private (tuned),0.12128442316171348
HB-00018,Non-private (tuned),0.5191726937291217
HB-00019,Non-private (tuned),0.060395504325785554
HB-00020,Non-private (tuned),-0.23523006421446763
HB-00022,Non-private (tuned),-0.16851977988630779
HB-00024,Non-private (tuned),-0.24661349347249
HB-00025,Non-private (tuned),-0.05437017306974412
HB-00027,Non-private (tuned),-0.009022284120814544
HB-00028,Non-private (tuned),0.18105012178113933
HB-00029,Non-private (tuned),-0.7950669635263226
HB-00030,Non-private (tuned),0.4135453457191246
HB-00031,Non-private (tuned),-0.07085002082262348
HB-00032,Non-private (tuned),-1.0839453724256782
HB-00033,Non-private (tuned),-0.20250917782954753
HB-00035,Non-private (tuned),0.5237737803415087
HB-00036,Non-private (tuned),-0.5385675891920506
HB-00037,Non-private (tuned),-0.031477884172212756
HB-00038,Non-private (tuned),-0.2775050600425285
HB-00039,Non-private (tuned),-0.3483870350492784
HB-00041,Non-private (tuned),-0.20810855757766306
HB-00043,Non-private (tuned),-0.6342090401022176
HB-00044,Non-private (tuned),-0.25395352599641424
HB-00046,Non-private (tuned),0.07964555440945842
HB-00047,Non-private (tuned),-0.08769736672810191
HB-00048,Non-private (tuned),0.48710410371767165
HB-00049,Non-private (tuned),-0.4062700536705164
HB-00050,Non-private (tuned),0.14568444471162173
HB-00051,Non-private (tuned),0.3452673954911066
HB-00052,Non-private (tuned),0.1670689339638763
HB-00053,Non-private (tuned),0.17965791358469996
HB-00054,Non-private (tuned),0.03672603632454968
HB-00056,Non-private (tuned),-0.11529722683447285
HB-00057,Non-private (tuned),0.17327280597070455
HB-00059,Non-private (tuned),-0.02331523567691937
HB-00060,Non-private (tuned),0.24579900291602486
HB-00061,Non-private (tuned),0.10146384672559741
HB-00062,Non-private (tuned),-0.33873883883359746
HB-00063,Non-private (tuned),-0.3243687368054026
HB-00064,Non-private (tuned),-0.8756499497938363
HB-00065,Non-private (tuned),0.11041199663211904
HB-00066,Non-private (tuned),-0.25501646654531984
HB-00067,Non-private (tuned),-0.2890677143413306
HB-00068,Non-private (tuned),0.020101652719641094
HB-00069,Non-private (tuned),-0.11279259879228379
HB-00070,Non-private (tuned),0.3035364302668569
HB-00071,Non-private (tuned),-0.023930832252988865
HB-00072,Non-private (tuned),0.3002119491025206
HB-00074,Non-private (tuned),0.18866957610283652
HB-00075,Non-private (tuned),1.1094615798622254
HB-00076,Non-private (tuned),0.35813206569335265
HB-00077,Non-private (tuned),-0.13068905582412588
HB-00078,Non-private (tuned),0.25525811425308986
HB-00079,Non-private (tuned),0.31252418813042865
HB-00080,Non-private (tuned),-0.14526817385288804
HB-00081,Non-private (tuned),-0.32808226247647754
HB-00082,Non-private (tuned),-0.08234580033803868
HB-00083,Non-private (tuned),0.7116375463684012
HB-00084,Non-private (tuned),-0.32196772841998567
HB-00085,Non-private (tuned),-0.3607429636154196
HB-00087,Non-private (tuned),0.032003871329667366
HB-00088,Non-private (tuned),-0.026975154509027266
HB-00089,Non-private (tuned),-0.21333119964102398
HB-00090,Non-private (tuned),-0.32929124672972754
HB-00091,Non-private (tuned),0.5247961124625744
HB-00092,Non-private (tuned),0.37756488173388636
HB-00093,Non-private (tuned),0.10734842000290967
HB-00095,Non-private (tuned),-0.3779310651251407
HB-00096,Non-private (tuned),-0.2764866605229156
HB-00097,Non-private (tuned),0.35803749900002235
HB-00098,Non-private (tuned),-0.006268300738206056
HB-00099,Non-private (tuned),0.2278739846897645
HB-00101,Non-private (tuned),0.1439496271566585
HB-00102,Non-private (tuned),0.572004348621157
HB-00103,Non-private (tuned),0.039202906165848206
HB-00104,Non-private (tuned),0.13570411803481175
HB-00105,Non-private (tuned),0.04918435116505615
HB-00106,Non-private (tuned),0.10693765826552068
HB-00107,Non-private (tuned),0.25260545850385663
HB-00108,Non-private (tuned),0.20540000234579653
HB-00109,Non-private (tuned),0.6220225083289954
HB-00110,Non-private (tuned),0.09617256003716412
HB-00111,Non-private (tuned),-0.4049407477233309
HB-00112,Non-private (tuned),-0.28084066262775953
HB-00114,Non-private (tuned),-0.165643173035331
HB-00115,Non-private (tuned),0.1533404565588205
HB-00116,Non-private (tuned),0.7143737305702393
HB-00117,Non-private (tuned),-0.918645166571378
HB-00118,Non-private (tuned),0.33881026732993225
HB-00119,Non-private (tuned),-0.25218990354645815
HB-00120,Non-private (tuned),0.8081746358560354
HB-00121,Non-private (tuned),0.2662466837607482
HB-00122,Non-private (tuned),-0.03437698845070669
HB-00123,Non-private (tuned),-0.08125951223412736
HB-00124,Non-private (tuned),0.9887343448011613
HB-00125,Non-private (tuned),0.2558155482852269
HB-00126,Non-private (tuned),0.06712505222433779
HB-00127,Non-private (tuned),-0.36899695421474865
HB-00128,Non-private (tuned),0.2621176406006227
HB-00131,Non-private (tuned),0.14286207939471673
HB-00132,Non-private (tuned),0.2522902950088166
HB-00135,Non-private (tuned),-0.24840750670322187
HB-00136,Non-private (tuned),-0.3810103810536709
HB-00137,Non-private (tuned),0.223476738176832
HB-00138,Non-private (tuned),0.4640831314467621
HB-00139,Non-private (tuned),0.13981771914543578
HB-00141,Non-private (tuned),0.13216718583446696
HB-00142,Non-private (tuned),-0.46323645788485435
HB-00143,Non-private (tuned),0.04946039355880544
HB-00144,Non-private (tuned),0.20658173872475316
HB-00146,Non-private (tuned),0.03792177096151206
HB-00147,Non-private (tuned),-0.20494647715592618
HB-00148,Non-private (tuned),0.03201717801067805
HB-00149,Non-private (tuned),0.025824935892660106
HB-00150,Non-private (tuned),0.3032452715952353
HB-00151,Non-private (tuned),-0.32521752669491844
HB-00153,Non-private (tuned),0.08093978845380229
HB-00154,Non-private (tuned),0.0337422845490058
HB-00155,Non-private (tuned),0.3971092564938583
HB-00156,Non-private (tuned),0.07379041333221648
HB-00157,Non-private (tuned),-0.4721186323360236
HB-00158,Non-private (tuned),-0.12969609039486507
HB-00159,Non-private (tuned),-0.4125926477856903
HB-00160,Non-private (tuned),0.21157297580096424
HB-00161,Non-private (tuned),0.33036899210124926
HB-00162,Non-private (tuned),-0.21687598970675864
HB-00163,Non-private (tuned),-0.2409713215539288
HB-00164,Non-private (tuned),-0.40455371465588624
HB-00165,Non-private (tuned),0.40708035332739684
HB-00166,Non-private (tuned),0.458465832171075
HB-00167,Non-private (tuned),0.15943063662277646
HB-00168,Non-private (tuned),-0.07008004977124965
HB-00169,Non-private (tuned),-0.3302286992457564
HB-00170,Non-private (tuned),-0.4224811235183449
HB-00171,Non-private (tuned),-0.20058718900657385
HB-00173,Non-private (tuned),0.2970632601365146
HB-00174,Non-private (tuned),0.1784611857577505
HB-00175,Non-private (tuned),0.47485511191246876
HB-00176,Non-private (tuned),0.023699556972205604
HB-00177,Non-private (tuned),0.05667311141575476
HB-00178,Non-private (tuned),0.39482576107432743
HB-00180,Non-private (tuned),0.01488308302635688
HB-00181,Non-private (tuned),-0.17942640293209045
HB-00182,Non-private (tuned),0.6658070617149219
HB-00183,Non-private (tuned),0.3523025254578018
HB-00184,Non-private (tuned),0.031117253960051383
HB-00186,Non-private (tuned),0.10530248787949048
HB-00187,Non-private (tuned),0.08704304481306047
HB-00188,Non-private (tuned),0.30057201301085784
HB-00189,Non-private (tuned),-0.14901326437203896
HB-00190,Non-private (tuned),-0.3756500818728207
HB-00191,Non-private (tuned),-1.351750929660549
HB-00192,Non-private (tuned),-0.2153836829918077
HB-00193,Non-private (tuned),-0.2565585475793689
HB-00194,Non-private (tuned),-0.1091947508595204
HB-00195,Non-private (tuned),0.011689824654429193
HB-00196,Non-private (tuned),-0.20941825491683996
HB-00197,Non-private (tuned),0.27173731690805897
HB-00198,Non-private (tuned),-0.3019787001260678
HB-00199,Non-private (tuned),-0.3594277348176113
HB-00200,Non-private (tuned),0.48073958146601137
HB-00201,Non-private (tuned),0.058829617709867166
HB-00202,Non-private (tuned),0.15009769864683276
HB-00203,Non-private (tuned),-0.17756309452892888
HB-00204,Non-private (tuned),-0.11023976324226836
HB-00205,Non-private (tuned),-0.08762672079469969
HB-00206,Non-private (tuned),0.11654992482509813
HB-00207,Non-private (tuned),0.059249429385369756
HB-00208,Non-private (tuned),0.37463555093257067
HB-00209,Non-private (tuned),0.3202683528322978
HB-00210,Non-private (tuned),-0.44961710668903565
HB-00211,Non-private (tuned),0.3056672721704759
HB-00212,Non-private (tuned),0.10276661917498353
HB-00213,Non-private (tuned),0.060368578317699206
HB-00214,Non-private (tuned),0.2677680872428278
HB-00215,Non-private (tuned),0.16735586425366944
HB-00216,Non-private (tuned),0.5356335558854938
HB-00217,Non-private (tuned),0.01908274543644317
HB-00218,Non-private (tuned),-0.5146879616458461
HB-00219,Non-private (tuned),-0.25813388341046595
HB-00220,Non-private (tuned),-0.031891409787997205
HB-00222,Non-private (tuned),0.6564520625657672
HB-00223,Non-private (tuned),0.28675934101270445
HB-00224,Non-private (tuned),0.1470215063171269
HB-00225,Non-private (tuned),0.18893262212492723
HB-00226,Non-private (tuned),-0.048032253194691565
HB-00227,Non-private (tuned),-0.027073665638419064
HB-00228,Non-private (tuned),0.11862188684090155
HB-00229,Non-private (tuned),-0.31823362391254195
HB-00230,Non-private (tuned),0.03276761640339193
HB-00231,Non-private (tuned),-0.10519061077200498
HB-00232,Non-private (tuned),-0.4733777527772231
HB-00233,Non-private (tuned),0.1258505646777418
HB-00234,Non-private (tuned),-0.07462001936950298
HB-00235,Non-private (tuned),0.631207599857387
HB-00236,Non-private (tuned),-0.06996573389642269
HB-00238,Non-private (tuned),-0.3074193812454078
HB-00239,Non-private (tuned),0.03300239716590875
HB-00240,Non-private (tuned),-0.5067099300636808
HB-00241,Non-private (tuned),-0.19715290133749175
HB-00242,Non-private (tuned),-1.073155400706729
HB-00243,Non-private (tuned),-0.1183004753131891
HB-00244,Non-private (tuned),0.07554008003251628
HB-00245,Non-private (tuned),-0.17047632102045052
HB-00246,Non-private (tuned),-0.09013189543463246
HB-00247,Non-private (tuned),0.2390312941130312
HB-00249,Non-private (tuned),0.09637310369214155
HB-00250,Non-private (tuned),-0.3399365841419039
HB-00251,Non-private (tuned),-0.054379707917091846
HB-00252,Non-private (tuned),-0.1735721546473326
HB-00253,Non-private (tuned),-0.17622135124995958
HB-00254,Non-private (tuned),-0.11511939119146769
HB-00255,Non-private (tuned),0.018295096754470608
HB-00256,Non-private (tuned),0.8227547130010681
HB-00257,Non-private (tuned),0.2794390376333282
HB-00258,Non-private (tuned),-0.9963857757903383
HB-00260,Non-private (tuned),-0.24650263331038524
HB-00262,Non-private (tuned),-0.4616482726662682
HB-00263,Non-private (tuned),0.15190349946619192
HB-00264,Non-private (tuned),-0.1630529996933262
HB-00265,Non-private (tuned),0.056251134059805585
HB-00266,Non-private (tuned),0.16197132397936415
HB-00267,Non-private (tuned),-0.16963492628133608
HB-00268,Non-private (tuned),-0.17134302537311097
HB-00269,Non-private (tuned),0.2285692482516159
HB-00270,Non-private (tuned),0.11644464207032656
HB-00271,Non-private (tuned),0.41871128109419026
HB-00272,Non-private (tuned),0.37805584721464625
HB-00273,Non-private (tuned),-0.05157159780644449
HB-00274,Non-private (tuned),0.1727085100466725
HB-00275,Non-private (tuned),0.2037963002694344
HB-00276,Non-private (tuned),-0.09133395410606276
HB-00277,Non-private (tuned),-0.2883477049207645
HB-00278,Non-private (tuned),0.01762520832393935
HB-00279,Non-private (tuned),-0.09593801302496183
HB-00280,Non-private (tuned),-0.6517012395066057
HB-00281,Non-private (tuned),-0.1854962183408988
HB-00282,Non-private (tuned),-0.06543875776666241
HB-00283,Non-private (tuned),0.2534036943273244
HB-00284,Non-private (tuned),0.0895873152390122
HB-00286,Non-private (tuned),0.2074086519736109
HB-00287,Non-private (tuned),-0.07811941860676436
HB-00288,Non-private (tuned),0.3443218527811094
HB-00289,Non-private (tuned),0.16373124872621808
HB-00290,Non-private (tuned),0.07323336696448746
HB-00291,Non-private (tuned),-0.06785269691681911
HB-00292,Non-private (tuned),0.11930071561973543
HB-00293,Non-private (tuned),-0.23071949547474752
HB-00294,Non-private (tuned),-0.39154231097687664
HB-00295,Non-private (tuned),0.4563906183404744
HB-00297,Non-private (tuned),-0.2609894180430481
HB-00298,Non-private (tuned),-0.21550859797778227
HB-00299,Non-private (tuned),-0.22781982573070508
HB-00300,Non-private (tuned),0.21482593665907485
HB-00301,Non-private (tuned),-0.0925624896330891
HB-00302,Non-private (tuned),-0.126359317847221
HB-00303,Non-private (tuned),0.5924580642253379
HB-00304,Non-private (tuned),-0.2958188162352946
HB-00305,Non-private (tuned),0.2644229037796389
HB-00306,Non-private (tuned),0.015337035821314904
HB-00307,Non-private (tuned),-0.28246187936791906
HB-00308,Non-private (tuned),0.28705516714585605
HB-00309,Non-private (tuned),0.1385841644711534
HB-00311,Non-private (tuned),-0.16587632675006628
HB-00312,Non-private (tuned),-0.12383896348302859
HB-00314,Non-private (tuned),-0.19307370331243628
HB-00316,Non-private (tuned),0.0816224075279548
HB-00317,Non-private (tuned),0.719260067583309
HB-00318,Non-private (tuned),0.7635709589878881
HB-00319,Non-private (tuned),0.5743701806490324
HB-00320,Non-private (tuned),0.08594255221932179
HB-00321,Non-private (tuned),-0.16491597831240223
HB-00322,Non-private (tuned),-0.7750339556605284
HB-00323,Non-private (tuned),-0.2554393133644376
HB-00324,Non-private (tuned),0.059388964084326645
HB-00325,Non-private (tuned),-0.7453521900093243
HB-00326,Non-private (tuned),0.07930079138543011
HB-00328,Non-private (tuned),-0.05418322098345907
HB-00329,Non-private (tuned),0.09110133049112967
HB-00330,Non-private (tuned),-0.16218737536888306
HB-00331,Non-private (tuned),-0.08600973783905258
HB-00332,Non-private (tuned),-0.16652646404596674
HB-00333,Non-private (tuned),0.0084234901986589
HB-00334,Non-private (tuned),-0.3422995948464067
HB-00335,Non-private (tuned),0.30813909251428007
HB-00336,Non-private (tuned),0.22561178453891997
HB-00337,Non-private (tuned),0.04018623822009931
HB-00338,Non-private (tuned),-0.3072249347522549
HB-00339,Non-private (tuned),-0.2318250515963337
HB-00340,Non-private (tuned),-0.6870889597240837
HB-00341,Non-private (tuned),-0.04365752339270401
HB-00342,Non-private (tuned),0.1801885391680782
HB-00343,Non-private (tuned),0.18017916531241657
HB-00344,Non-private (tuned),-0.057145984993792254
HB-00345,Non-private (tuned),-0.2093844149661198
HB-00346,Non-private (tuned),0.10832007432109841
HB-00347,Non-private (tuned),-0.6757515574927146
HB-00348,Non-private (tuned),0.08425399687621082
HB-00349,Non-private (tuned),-0.21628830226932216
HB-00351,Non-private (tuned),0.3712138844374414
HB-00352,Non-private (tuned),-0.19055954581416806
HB-00353,Non-private (tuned),-0.28584555229941855
HB-00354,Non-private (tuned),-0.2607076877559257
HB-00355,Non-private (tuned),0.0019636984139707048
HB-00356,Non-private (tuned),-0.5571068314777714
HB-00357,Non-private (tuned),0.20425853411531375
HB-00358,Non-private (tuned),0.3732716360777939
HB-00359,Non-private (tuned),-1.261158043624865
HB-00361,Non-private (tuned),0.4069392350671645
HB-00362,Non-private (tuned),0.23620636733849062
HB-00363,Non-private (tuned),0.3924250578191057
HB-00364,Non-private (tuned),-0.3647776103927351
HB-00365,Non-private (tuned),0.08145590457318724
HB-00366,Non-private (tuned),0.20451522179702608
HB-00367,Non-private (tuned),-0.2994856241026637
HB-00368,Non-private (tuned),-0.06831099695924991
HB-00369,Non-private (tuned),-0.5289288595838912
HB-00370,Non-private (tuned),0.0749065997219146
HB-00371,Non-private (tuned),-0.1640781757376935
HB-00372,Non-private (tuned),-0.17559758585212454
HB-00373,Non-private (tuned),-0.11484262260827793
HB-00374,Non-private (tuned),0.027650488312531835
HB-00375,Non-private (tuned),-0.6578467236674956
HB-00376,Non-private (tuned),-0.25356592165364034
HB-00377,Non-private (tuned),0.048342006746883937
HB-00378,Non-private (tuned),0.2306218816388802
HB-00380,Non-private (tuned),0.1700700424702311
HB-00381,Non-private (tuned),-0.05585032988724409
HB-00382,Non-private (tuned),-0.17790968675549607
HB-00383,Non-private (tuned),-0.8505967288400551
HB-00384,Non-private (tuned),-0.024642855431616817
HB-00385,Non-private (tuned),-0.09164964417288082
HB-00387,Non-private (tuned),0.42033921525853424
HB-00389,Non-private (tuned),0.3565512477625805
HB-00390,Non-private (tuned),0.1065160970158939
HB-00391,Non-private (tuned),0.5012528258291715
HB-00392,Non-private (tuned),0.05905800840517217
HB-00393,Non-private (tuned),-0.40846263903336455
HB-00395,Non-private (tuned),0.32561068728006237
HB-00396,Non-private (tuned),-0.05022847403470182
HB-00397,Non-private (tuned),-0.11018142213325144
HB-00398,Non-private (tuned),-0.5570596058016981
HB-00399,Non-private (tuned),-0.09119711497373939
HB-00400,Non-private (tuned),-0.01835532230698278
HB-00401,Non-private (tuned),0.1609565508968253
HB-00402,Non-private (tuned),0.28286506523566785
HB-00403,Non-private (tuned),-0.02449169583881161
HB-00404,Non-private (tuned),-0.2712508598254375
HB-00405,Non-private (tuned),-0.6874820238400117
HB-00406,Non-private (tuned),-0.030846413327489747
HB-00407,Non-private (tuned),-0.04032595249032156
HB-00408,Non-private (tuned),-0.12256659749150103
HB-00409,Non-private (tuned),0.3315254277813532
HB-00410,Non-private (tuned),-0.4507013352382346
HB-00411,Non-private (tuned),0.23772149538133125
HB-00412,Non-private (tuned),-0.3158964351000203
HB-00413,Non-private (tuned),-0.31097477032857507
HB-00414,Non-private (tuned),0.034330473904931325
HB-00415,Non-private (tuned),-0.0013470159644996538
HB-00416,Non-private (tuned),0.10637704941177184
HB-00417,Non-private (tuned),-0.08519553414175779
HB-00418,Non-private (tuned),0.6533359446028298
HB-00419,Non-private (tuned),0.029541454670250433
HB-00420,Non-private (tuned),-0.014277775255847225
HB-00421,Non-private (tuned),-0.32052692038185315
HB-00422,Non-private (tuned),0.6594475256362078
HB-00423,Non-private (tuned),0.1424178037120526
HB-00424,Non-private (tuned),-0.4427333957849112
HB-00425,Non-private (tuned),-0.310032551766568
HB-00426,Non-private (tuned),0.18993836640473788
HB-00428,Non-private (tuned),0.3275341574785887
HB-00429,Non-private (tuned),0.0745421357863702
HB-00430,Non-private (tuned),-0.6587049225957069
HB-00431,Non-private (tuned),-0.25214581196603153
HB-00432,Non-private (tuned),-0.029685285650927762
HB-00434,Non-private (tuned),-0.20429270008109224
HB-00435,Non-private (tuned),-0.3724824006560944
HB-00437,Non-private (tuned),0.4038292658777347
HB-00438,Non-private (tuned),-0.2867271604837901
HB-00439,Non-private (tuned),-0.0022654647983723075
HB-00440,Non-private (tuned),0.18117518427685575
HB-00441,Non-private (tuned),-0.29782353874338025
HB-00442,Non-private (tuned),-0.24816442273106576
HB-00443,Non-private (tuned),-0.37290289267358767
HB-00445,Non-private (tuned),0.05553903096692103
HB-00446,Non-private (tuned),-0.12939073277333202
HB-00447,Non-private (tuned),-0.4532288047237621
HB-00448,Non-private (tuned),0.018970705492592055
HB-00449,Non-private (tuned),-0.08521452425929987
HB-00450,Non-private (tuned),-0.42055560510466156
HB-00451,Non-private (tuned),-0.194510459045109
HB-00452,Non-private (tuned),-0.08673906833319744
HB-00453,Non-private (tuned),-0.15621419729738517
HB-00454,Non-private (tuned),0.1612809334535938
HB-00455,Non-private (tuned),-0.025664323984626508
HB-00456,Non-private (tuned),0.15772556204263105
HB-00457,Non-private (tuned),0.037484656951083606
HB-00458,Non-private (tuned),-0.08410518967477915
HB-00459,Non-private (tuned),0.05913706790886275
HB-00460,Non-private (tuned),-0.3803943200267311
HB-00462,Non-private (tuned),-0.17034149432468842
HB-00463,Non-private (tuned),-0.10232783909973647
HB-00464,Non-private (tuned),0.45689976852880293
HB-00465,Non-private (tuned),0.1886276031194466
HB-00466,Non-private (tuned),0.2261926311620115
HB-00467,Non-private (tuned),-0.6719345089627173
HB-00468,Non-private (tuned),0.035932143465320754
HB-00469,Non-private (tuned),0.6010885979752908
HB-00470,Non-private (tuned),-0.02727236630436647
HB-00471,Non-private (tuned),-0.23324194617932592
HB-00472,Non-private (tuned),0.19997493252794107
HB-00473,Non-private (tuned),-0.11735006656819758
HB-00474,Non-private (tuned),0.3604606222890894
HB-00475,Non-private (tuned),0.20688323670539227
HB-00476,Non-private (tuned),0.10385347304624787
HB-00477,Non-private (tuned),0.026370673297760494
HB-00478,Non-private (tuned),-0.2176313909636599
HB-00479,Non-private (tuned),-0.17704685621467792
HB-00480,Non-private (tuned),0.07120059695474312
HB-00481,Non-private (tuned),0.03857685265848787
HB-00482,Non-private (tuned),0.08974031374701597
HB-00483,Non-private (tuned),-0.06323305178564587
HB-00485,Non-private (tuned),-0.30654416690539876
HB-00486,Non-private (tuned),0.062272172267995585
HB-00488,Non-private (tuned),-0.0843751340459975
HB-00489,Non-private (tuned),-0.026383089625254263
HB-00490,Non-private (tuned),0.016913930922277
HB-00491,Non-private (tuned),-0.25881306583453284
HB-00492,Non-private (tuned),-0.12223563840544122
HB-00493,Non-private (tuned),0.5539656173319192
HB-00494,Non-private (tuned),-0.31485075206680446
HB-00495,Non-private (tuned),0.7812627448226975
HB-00496,Non-private (tuned),-0.09507710423906249
HB-00497,Non-private (tuned),-0.3281358729985653
HB-00498,Non-private (tuned),0.3238479547974977
HB-00499,Non-private (tuned),0.49260406624355857
HB-00500,Non-private (tuned),0.19313170233785387
HB-00501,Non-private (tuned),0.08817293628748823
HB-00502,Non-private (tuned),0.22342537138590646
HB-00503,Non-private (tuned),0.12840731638956104
HB-00504,Non-private (tuned),0.025090670181007524
HB-00505,Non-private (tuned),0.05894698739892712
HB-00506,Non-private (tuned),0.053923653943590555
HB-00507,Non-private (tuned),0.20121660441785044
HB-00508,Non-private (tuned),-0.29702842422927955
HB-00509,Non-private (tuned),0.2970731804020252
HB-00511,Non-private (tuned),0.1749955348315666
HB-00512,Non-private (tuned),-0.009747259532101343
HB-00513,Non-private (tuned),0.02775357899301295
HB-00514,Non-private (tuned),0.05757598398580749
HB-00515,Non-private (tuned),-0.015082180811967771
HB-00516,Non-private (tuned),-0.2805962389630264
HB-00517,Non-private (tuned),0.31671609691085595
HB-00518,Non-private (tuned),-0.18096700915496994
HB-00519,Non-private (tuned),0.3054701288907845
HB-00520,Non-private (tuned),-0.015081318512693953
HB-00522,Non-private (tuned),0.08842549076319861
HB-00523,Non-private (tuned),-1.1409978760335973
HB-00525,Non-private (tuned),-0.19337035412668346
HB-00526,Non-private (tuned),0.115744161663967
HB-00527,Non-private (tuned),-0.28061593729937434
HB-00528,Non-private (tuned),0.05996564762632217
HB-00529,Non-private (tuned),-0.14712289755395244
HB-00530,Non-private (tuned),-0.07417877615294483
HB-00531,Non-private (tuned),0.05537277638718935
HB-00532,Non-private (tuned),-0.41667682692352115
HB-00533,Non-private (tuned),-0.29584620129710215
HB-00534,Non-private (tuned),-1.0028207052657923
HB-00535,Non-private (tuned),-0.5947261181274903
HB-00536,Non-private (tuned),0.05964815248753791
HB-00537,Non-private (tuned),-0.01552557002822813
HB-00538,Non-private (tuned),0.23294954476832241
HB-00539,Non-private (tuned),-0.23370855838001603
HB-00540,Non-private (tuned),-0.0019461522863727376
HB-00541,Non-private (tuned),-0.08701722899885203
HB-00542,Non-private (tuned),-0.12574041347620096
HB-00543,Non-private (tuned),-0.19217654513422622
HB-00544,Non-private (tuned),-0.277766230201284
HB-00545,Non-private (tuned),-0.19422181164510124
HB-00546,Non-private (tuned),0.40135253411235133
HB-00547,Non-private (tuned),0.9793470199528687
HB-00548,Non-private (tuned),-0.39269474054693565
HB-00549,Non-private (tuned),0.351319767378951
HB-00550,Non-private (tuned),0.16280284660122962
HB-00551,Non-private (tuned),-0.17521111058474903
HB-00552,Non-private (tuned),0.0025108277036922644
HB-00553,Non-private (tuned),-0.3164584673269309
HB-00554,Non-private (tuned),-0.04229529212222494
HB-00555,Non-private (tuned),-0.3503031600382338
HB-00556,Non-private (tuned),0.7749620591498825
HB-00557,Non-private (tuned),0.051615171428971485
HB-00558,Non-private (tuned),-0.5838815432670514
HB-00559,Non-private (tuned),-1.073213665825895
HB-00560,Non-private (tuned),0.32375023119352986
HB-00561,Non-private (tuned),-0.20256105788193188
HB-00562,Non-private (tuned),-0.41184486239722323
HB-00563,Non-private (tuned),-0.11863080033717138
HB-00564,Non-private (tuned),0.5670110342160566
HB-00565,Non-private (tuned),0.379024621560098
HB-00566,Non-private (tuned),0.6194660351258253
HB-00567,Non-private (tuned),-0.036722664988218634
HB-00568,Non-private (tuned),-0.3651311293758248
HB-00569,Non-private (tuned),0.00729916924193183
HB-00570,Non-private (tuned),-0.06996232689958037
HB-00571,Non-private (tuned),0.26664741830630007
HB-00573,Non-private (tuned),-0.4592815586265869
HB-00574,Non-private (tuned),0.5280610710759883
HB-00575,Non-private (tuned),-0.11511186097922171
HB-00576,Non-private (tuned),0.09599712894254953
HB-00577,Non-private (tuned),0.13894410350671538
HB-00578,Non-private (tuned),-0.1256013636261173
HB-00579,Non-private (tuned),-0.08255307021625241
HB-00581,Non-private (tuned),0.006390219876201947
HB-00582,Non-private (tuned),-0.01535820570448626
HB-00583,Non-private (tuned),-0.09766446977079465
HB-00584,Non-private (tuned),-0.11527358693156897
HB-00585,Non-private (tuned),-0.588053118240388
HB-00586,Non-private (tuned),-0.14047023842324485
HB-00588,Non-private (tuned),0.008814978579824051
HB-00590,Non-private (tuned),-1.7341226264036518
HB-00591,Non-private (tuned),0.2685873650069426
HB-00592,Non-private (tuned),0.5330146024582485
HB-00593,Non-private (tuned),0.08550458600390659
HB-00594,Non-private (tuned),-0.38178254814108725
HB-00595,Non-private (tuned),0.01868819363066243
HB-00596,Non-private (tuned),0.2334788373065566
HB-00597,Non-private (tuned),0.01068599409751314
HB-00598,Non-private (tuned),0.10782867429523485
HB-00599,Non-private (tuned),0.416241318644158
HB-00600,Non-private (tuned),-0.10850707776624874
HB-00601,Non-private (tuned),-0.01798595420179505
HB-00602,Non-private (tuned),0.4717741345563967
HB-00603,Non-private (tuned),0.12146339838015449
HB-00604,Non-private (tuned),0.3880975978869773
HB-00605,Non-private (tuned),-0.2974804649492953
HB-00606,Non-private (tuned),0.007307460984276898
HB-00607,Non-private (tuned),0.053017545051630144
HB-00608,Non-private (tuned),-0.33024393610126546
HB-00609,Non-private (tuned),-0.09215946534107583
HB-00610,Non-private (tuned),0.2990490725894622
HB-00611,Non-private (tuned),0.22201403130766578
HB-00612,Non-private (tuned),-0.26076719669164106
HB-00613,Non-private (tuned),-0.10930622043771665
HB-00614,Non-private (tuned),1.741566081401161
HB-00616,Non-private (tuned),0.3135605230196662
HB-00617,Non-private (tuned),-0.0036284590631071034
HB-00618,Non-private (tuned),0.3966448703067554
HB-00620,Non-private (tuned),-0.16679611027398303
HB-00621,Non-private (tuned),0.001222541919852771
HB-00622,Non-private (tuned),0.11378082627521058
HB-00623,Non-private (tuned),-0.23412773716545365
HB-00624,Non-private (tuned),-0.09650443854183133
HB-00625,Non-private (tuned),-0.18583514843871884
HB-00626,Non-private (tuned),0.178665551210914
HB-00627,Non-private (tuned),-0.1927075284866674
HB-00628,Non-private (tuned),0.3454399814564006
HB-00629,Non-private (tuned),0.41483278041624894
HB-00630,Non-private (tuned),0.2711623770572189
HB-00631,Non-private (tuned),0.12782540781112683
HB-00632,Non-private (tuned),-0.11746670235988255
HB-00633,Non-private (tuned),-0.49211872642651133
HB-00634,Non-private (tuned),0.585821762993047
HB-00635,Non-private (tuned),-0.18611477103276114
HB-00637,Non-private (tuned),0.06574628745129923
HB-00638,Non-private (tuned),-0.29165139954842234
HB-00639,Non-private (tuned),-0.4001094355149136
HB-00640,Non-private (tuned),0.275628433321936
HB-00641,Non-private (tuned),-0.01688310245462671
HB-00642,Non-private (tuned),0.05098348611602921
HB-00643,Non-private (tuned),0.12765794439955908
HB-00644,Non-private (tuned),-0.15180516218251505
HB-00645,Non-private (tuned),-0.34354797803724507
HB-00646,Non-private (tuned),0.03893104026826155
HB-00647,Non-private (tuned),0.3929084674810016
HB-00648,Non-private (tuned),0.41161575656556054
HB-00649,Non-private (tuned),0.22242380367976466
HB-00650,Non-private (tuned),-0.11964972551702069
HB-00651,Non-private (tuned),-0.22855043406915332
HB-00652,Non-private (tuned),0.16275246545204897
HB-00654,Non-private (tuned),0.23082923870887273
HB-00655,Non-private (tuned),0.12474942380551388
HB-00656,Non-private (tuned),-0.20425836890473628
HB-00657,Non-private (tuned),-0.3355481318640665
HB-00659,Non-private (tuned),-0.9722739793269872
HB-00660,Non-private (tuned),0.4085113500534441
HB-00661,Non-private (tuned),0.2795037708837081
HB-00662,Non-private (tuned),0.09769438326089205
HB-00663,Non-private (tuned),0.26918591258870594
HB-00664,Non-private (tuned),-0.283383042118822
HB-00665,Non-private (tuned),0.06543199137909811
HB-00666,Non-private (tuned),-0.49172477846016427
HB-00667,Non-private (tuned),0.0678204147016217
HB-00669,Non-private (tuned),-0.07850001582257432
HB-00670,Non-private (tuned),-0.19842497336325687
HB-00671,Non-private (tuned),-0.36147350484455826
HB-00672,Non-private (tuned),-0.3760062724871815
HB-00673,Non-private (tuned),0.26630503820633733
HB-00674,Non-private (tuned),0.024571287234124856
HB-00675,Non-private (tuned),-0.07645253235939309
HB-00676,Non-private (tuned),-0.35304054781338506
HB-00677,Non-private (tuned),-0.11184270608550204
HB-00678,Non-private (tuned),0.25562385739164495
HB-00679,Non-private (tuned),-1.1839833793796135
HB-00681,Non-private (tuned),0.25277779540261625
HB-00682,Non-private (tuned),-0.37547186494846785
HB-00683,Non-private (tuned),0.03036412350070672
HB-00684,Non-private (tuned),1.1874686766905969
HB-00685,Non-private (tuned),-0.19617226016176392
HB-00686,Non-private (tuned),-0.16845915199607647
HB-00687,Non-private (tuned),0.16370064452169703
HB-00688,Non-private (tuned),0.10494569210809962
HB-00689,Non-private (tuned),0.2081528646782319
HB-00690,Non-private (tuned),0.09169118795428233
HB-00691,Non-private (tuned),0.6359279792955392
HB-00692,Non-private (tuned),0.07526484379477233
HB-00693,Non-private (tuned),0.22322030333775222
HB-00694,Non-private (tuned),-0.08154939645960246
HB-00695,Non-private (tuned),-0.44883267607126137
HB-00696,Non-private (tuned),0.2927529932060237
HB-00697,Non-private (tuned),-0.49087713616073164
HB-00698,Non-private (tuned),0.08512760155097532
HB-00699,Non-private (tuned),0.16087624699390984
HB-00700,Non-private (tuned),0.289874501356521
HB-00701,Non-private (tuned),-0.15046460163188902
HB-00702,Non-private (tuned),-0.16433636654358963
HB-00703,Non-private (tuned),-0.15587748160719814
HB-00704,Non-private (tuned),-0.4555309536153908
HB-00706,Non-private (tuned),-0.12000163696076838
HB-00707,Non-private (tuned),-0.18613680656711828
HB-00709,Non-private (tuned),-0.24056506027891106
HB-00710,Non-private (tuned),-0.03574095820136136
HB-00712,Non-private (tuned),-0.24289556941098162
HB-00713,Non-private (tuned),-0.17124219717448463
HB-00714,Non-private (tuned),0.026755943864800902
HB-00715,Non-private (tuned),-0.6280081573784109
HB-00716,Non-private (tuned),0.19945776869277448
HB-00717,Non-private (tuned),0.6801906380085554
HB-00718,Non-private (tuned),0.09992787069214193
HB-00719,Non-private (tuned),0.006811398885631148
HB-00720,Non-private (tuned),-0.697595951771385
HB-00721,Non-private (tuned),0.08975997801264896
HB-00722,Non-private (tuned),-0.09251590669435833
HB-00723,Non-private (tuned),-0.43007412849678134
HB-00724,Non-private (tuned),-0.36451647386776675
HB-00725,Non-private (tuned),-0.4464800113585633
HB-00726,Non-private (tuned),0.7648744212617177
HB-00727,Non-private (tuned),-0.05405071252145949
HB-00728,Non-private (tuned),0.31868816818891677
HB-00729,Non-private (tuned),-0.1852093620162042
HB-00730,Non-private (tuned),-0.48164246496479557
HB-00731,Non-private (tuned),0.19041371983366287
HB-00732,Non-private (tuned),0.07073156726559676
HB-00733,Non-private (tuned),-0.10289548562713596
HB-00734,Non-private (tuned),0.23811095972577662
HB-00735,Non-private (tuned),0.02800950465002633
HB-00736,Non-private (tuned),-0.3056339060588875
HB-00737,Non-private (tuned),0.0662950116698958
HB-00738,Non-private (tuned),0.2628142523792555
HB-00740,Non-private (tuned),-0.07316404008823663
HB-00741,Non-private (tuned),0.1904939681539612
HB-00742,Non-private (tuned),-0.8530880306684135
HB-00743,Non-private (tuned),0.526243452969169
HB-00744,Non-private (tuned),-0.19557360962083317
HB-00745,Non-private (tuned),-0.008561272917325058
HB-00746,Non-private (tuned),-0.061413073657508505
HB-00748,Non-private (tuned),0.4627242538903229
HB-00749,Non-private (tuned),0.21577908675133384
HB-00750,Non-private (tuned),-0.10443127694069965
HB-00751,Non-private (tuned),-0.12570508475585795
HB-00752,Non-private (tuned),-0.1321939932485996
HB-00753,Non-private (tuned),-0.16035916450137544
HB-00754,Non-private (tuned),-0.07057382200060208
HB-00755,Non-private (tuned),-0.32689695248436546
HB-00756,Non-private (tuned),-0.008944914336018003
HB-00757,Non-private (tuned),0.6176710870794938
HB-00759,Non-private (tuned),-0.49183083469030536
HB-00760,Non-private (tuned),-0.06800641933093377
HB-00761,Non-private (tuned),-0.3259753618732026
HB-00762,Non-private (tuned),-1.3356231011049515
HB-00763,Non-private (tuned),0.2910748336514002
HB-00764,Non-private (tuned),0.045650277945540996
HB-00765,Non-private (tuned),-0.49489577587739875
HB-00766,Non-private (tuned),-0.24177178287668402
HB-00767,Non-private (tuned),0.0019144606246874196
HB-00768,Non-private (tuned),-0.08817249749306277
HB-00769,Non-private (tuned),0.6526395376992521
HB-00770,Non-private (tuned),0.4561841350907693
HB-00771,Non-private (tuned),-0.12058504290873873
HB-00772,Non-private (tuned),0.1628227141382304
HB-00773,Non-private (tuned),0.7594415285835572
HB-00774,Non-private (tuned),0.0004300308793893093
HB-00775,Non-private (tuned),-0.27475143796965296
HB-00776,Non-private (tuned),0.046244349817400776
HB-00777,Non-private (tuned),0.18978141441476132
HB-00778,Non-private (tuned),0.1556479790354539
HB-00779,Non-private (tuned),0.16419830866400914
HB-00780,Non-private (tuned),0.7181644116162456
HB-00781,Non-private (tuned),-0.37018936854811113
HB-00782,Non-private (tuned),-0.24988217309522465
HB-00783,Non-private (tuned),-0.14010492557810278
HB-00784,Non-private (tuned),0.5020292597210858
HB-00785,Non-private (tuned),0.02733878610467594
HB-00786,Non-private (tuned),0.5766113181982704
HB-00787,Non-private (tuned),-0.10272599169595925
HB-00788,Non-private (tuned),0.3144143664394354
HB-00789,Non-private (tuned),0.22319513802640714
HB-00790,Non-private (tuned),0.4254585820209664
HB-00791,Non-private (tuned),-0.3567293663163659
HB-00792,Non-private (tuned),-0.07715034533418136
HB-00793,Non-private (tuned),-0.15930740879452895
HB-00794,Non-private (tuned),0.0314336504451696
HB-00795,Non-private (tuned),0.27069327992774184
HB-00796,Non-private (tuned),0.2661669433336327
HB-00797,Non-private (tuned),0.01240304349600374
HB-00798,Non-private (tuned),0.15869746823544822
HB-00800,Non-private (tuned),-0.06305313634006687
HB-00801,Non-private (tuned),0.32883242068816093
HB-00802,Non-private (tuned),-0.2079763378961208
HB-00803,Non-private (tuned),-0.11843598482283607
HB-00804,Non-private (tuned),-0.15619455356371786
HB-00805,Non-private (tuned),0.1028431156238177
HB-00806,Non-private (tuned),0.43587137276329446
HB-00807,Non-private (tuned),0.5426093875376392
HB-00808,Non-private (tuned),-0.22899509460794376
HB-00809,Non-private (tuned),0.8908620106832619
HB-00810,Non-private (tuned),-0.282504303172755
HB-00811,Non-private (tuned),-0.7843357220149483
HB-00812,Non-private (tuned),0.08798146900087334
HB-00813,Non-private (tuned),0.1339612169080177
HB-00814,Non-private (tuned),-0.06553695743567639
HB-00815,Non-private (tuned),-0.35480254744101525
HB-00816,Non-private (tuned),-0.2879738298900383
HB-00818,Non-private (tuned),-0.18557893758281108
HB-00819,Non-private (tuned),0.005338067201736574
HB-00820,Non-private (tuned),-0.5228872805182297
HB-00821,Non-private (tuned),-0.15119521830270344
HB-00822,Non-private (tuned),0.13617127580848984
HB-00823,Non-private (tuned),0.1190027405569376
HB-00824,Non-private (tuned),-0.09415403622035201
HB-00826,Non-private (tuned),0.1517880047883125
HB-00827,Non-private (tuned),0.03274993855909211
HB-00828,Non-private (tuned),0.02049584529359283
HB-00829,Non-private (tuned),-0.45941867856516494
HB-00830,Non-private (tuned),-0.04372532001946711
HB-00831,Non-private (tuned),0.6541523771580204
HB-00832,Non-private (tuned),0.2964333990042267
HB-00833,Non-private (tuned),0.24005122206879104
HB-00834,Non-private (tuned),-0.7372747557358184
HB-00835,Non-private (tuned),-0.45591617977386323
HB-00836,Non-private (tuned),-0.32384445782051113
HB-00837,Non-private (tuned),0.07810594549975142
HB-00838,Non-private (tuned),0.10055295878420117
HB-00839,Non-private (tuned),-0.3194512072296708
HB-00840,Non-private (tuned),0.18948760929421576
HB-00841,Non-private (tuned),-0.907942493331917
HB-00842,Non-private (tuned),-0.28842183415628425
HB-00843,Non-private (tuned),-0.0787556506612595
HB-00845,Non-private (tuned),-0.13734700068316136
HB-00846,Non-private (tuned),0.5858309941161234
HB-00847,Non-private (tuned),-0.3491547419772654
HB-00848,Non-private (tuned),0.006223228596787006
HB-00849,Non-private (tuned),-0.36835821295286164
HB-00851,Non-private (tuned),-0.5015328536036121
HB-00852,Non-private (tuned),-0.27995167245382485
HB-00853,Non-private (tuned),0.5912654273040672
HB-00854,Non-private (tuned),-0.3831717888737596
HB-00855,Non-private (tuned),0.5214630879036958
HB-00856,Non-private (tuned),0.04246055007100136
HB-00857,Non-private (tuned),-0.24973058644485951
HB-00858,Non-private (tuned),-0.08805567103860196
HB-00859,Non-private (tuned),0.2421011967993809
HB-00860,Non-private (tuned),0.3147087847836701
HB-00861,Non-private (tuned),-0.6491506013482833
HB-00862,Non-private (tuned),0.09066497462592288
HB-00863,Non-private (tuned),0.38344427090266775
HB-00864,Non-private (tuned),0.19033967312898212
HB-00866,Non-private (tuned),-0.2770988513123014
HB-00867,Non-private (tuned),0.017776849638630243
HB-00868,Non-private (tuned),0.14941076893655048
HB-00869,Non-private (tuned),0.013627814097171398
HB-00870,Non-private (tuned),0.14466508477586693
HB-00871,Non-private (tuned),-0.5431639349101282
HB-00872,Non-private (tuned),-0.34833282147400274
HB-00873,Non-private (tuned),0.362304934408338
HB-00874,Non-private (tuned),-0.1014137277116205
HB-00875,Non-private (tuned),0.13244656898628404
HB-00877,Non-private (tuned),-0.347949251910767
HB-00879,Non-private (tuned),-1.045613911328695
HB-00880,Non-private (tuned),0.16658816491952808
HB-00881,Non-private (tuned),0.20155912049056768
HB-00882,Non-private (tuned),0.14539179837444738
HB-00883,Non-private (tuned),-0.004430924573820216
HB-00884,Non-private (tuned),0.3050630550971335
HB-00885,Non-private (tuned),-0.29786947115235635
HB-00887,Non-private (tuned),0.217041702615461
HB-00888,Non-private (tuned),-0.20904511149111452
HB-00889,Non-private (tuned),-0.450885155858722
HB-00890,Non-private (tuned),1.723043113865707
HB-00892,Non-private (tuned),0.07724187754999318
HB-00893,Non-private (tuned),-0.05563204489786716
HB-00894,Non-private (tuned),-0.32014352252277267
HB-00895,Non-private (tuned),-0.33268527137227083
HB-00896,Non-private (tuned),-0.07700382625439708
HB-00897,Non-private (tuned),0.05581593922037886
HB-00898,Non-private (tuned),0.5837274234125769
HB-00899,Non-private (tuned),0.2930124926112425
HB-00900,Non-private (tuned),-0.03091923260217254
HB-00901,Non-private (tuned),0.10223495817652162
HB-00902,Non-private (tuned),-0.09753908451542398
HB-00903,Non-private (tuned),-0.2091110369554638
HB-00905,Non-private (tuned),0.12195492925547569
HB-00908,Non-private (tuned),-0.23754077159615317
HB-00910,Non-private (tuned),0.11464356881822879
HB-00911,Non-private (tuned),-0.14597432743812322
HB-00912,Non-private (tuned),0.39754669663288583
HB-00913,Non-private (tuned),-0.4030827020034047
HB-00914,Non-private (tuned),-0.3319910663203618
HB-00915,Non-private (tuned),-0.5027698896383404
HB-00917,Non-private (tuned),0.011857861895856359
HB-00918,Non-private (tuned),-0.1895386880587998
HB-00920,Non-private (tuned),0.5315062095992334
HB-00921,Non-private (tuned),-0.22747829568564093
HB-00923,Non-private (tuned),0.09946063044248965
HB-00924,Non-private (tuned),-0.04361027219185604
HB-00925,Non-private (tuned),-0.27438026663309234
HB-00926,Non-private (tuned),0.08945311149696272
HB-00927,Non-private (tuned),-0.12928965944500648
HB-00928,Non-private (tuned),0.33892597735859026
HB-00929,Non-private (tuned),-0.07822386475973991
HB-00930,Non-private (tuned),0.13581988713641677
HB-00931,Non-private (tuned),0.037245126864743405
HB-00932,Non-private (tuned),-0.040552182149858895
HB-00934,Non-private (tuned),-0.13753527460903114
HB-00935,Non-private (tuned),0.23647245390454208
HB-00936,Non-private (tuned),-0.35204804215260854
HB-00939,Non-private (tuned),-0.2858746233525533
HB-00940,Non-private (tuned),-0.3771383873697346
HB-00941,Non-private (tuned),0.10226709972667775
HB-00942,Non-private (tuned),0.13349087634443385
HB-00943,Non-private (tuned),0.03602308031738338
HB-00944,Non-private (tuned),-0.2354489860174906
HB-00946,Non-private (tuned),-0.11524027187053121
HB-00947,Non-private (tuned),-0.24680366755900418
HB-00948,Non-private (tuned),0.3369531937929166
HB-00949,Non-private (tuned),0.05922543927358542
HB-00950,Non-private (tuned),0.46642808063139735
HB-00951,Non-private (tuned),-0.13297957129682617
HB-00952,Non-private (tuned),0.0976552134004588
HB-00954,Non-private (tuned),-0.25618879915996806
HB-00955,Non-private (tuned),0.322349839690639
HB-00957,Non-private (tuned),0.13622797491906813
HB-00958,Non-private (tuned),0.018938154625086634
HB-00959,Non-private (tuned),-0.3687342274081289
HB-00960,Non-private (tuned),-0.7590801233088104
HB-00961,Non-private (tuned),-0.4178459843466432
HB-00962,Non-private (tuned),-0.3335641705219885
HB-00963,Non-private (tuned),0.15364149093034163
HB-00964,Non-private (tuned),0.21043940089426405
HB-00965,Non-private (tuned),0.10912591556629203
HB-00966,Non-private (tuned),0.11402342468681709
HB-00968,Non-private (tuned),-0.2372991122091394
HB-00969,Non-private (tuned),0.3596175821792326
HB-00970,Non-private (tuned),-0.5150398101904387
HB-00971,Non-private (tuned),0.9046951725231204
HB-00972,Non-private (tuned),0.016291080182904566
HB-00973,Non-private (tuned),-0.2858238307469996
HB-00974,Non-private (tuned),-0.7735274802704621
HB-00975,Non-private (tuned),0.4794897021448086
HB-00976,Non-private (tuned),-0.26593494317065075
HB-00977,Non-private (tuned),-0.17829607336008974
HB-00978,Non-private (tuned),0.1369026005052383
HB-00979,Non-private (tuned),-0.10275151547120964
HB-00980,Non-private (tuned),0.3674410431483023
HB-00981,Non-private (tuned),-0.45237587366588894
HB-00982,Non-private (tuned),-0.2181443378272913
HB-00983,Non-private (tuned),0.17071253355452481
HB-00984,Non-private (tuned),-0.054542186703839646
HB-00985,Non-private (tuned),0.27483369686750275
HB-00986,Non-private (tuned),-0.33144850391724423
HB-00987,Non-private (tuned),-0.030115329463021534
HB-00988,Non-private (tuned),0.13877251791402653
HB-00989,Non-private (tuned),-0.03921006078193595
HB-00990,Non-private (tuned),-0.1122014049600693
HB-00991,Non-private (tuned),0.3342837153495271
HB-00992,Non-private (tuned),0.028533596528113297
HB-00993,Non-private (tuned),0.0755180753491268
HB-00994,Non-private (tuned),0.30494107758061884
HB-00995,Non-private (tuned),0.05259454945960951
HB-00996,Non-private (tuned),-0.4438009244924842
HB-00997,Non-private (tuned),-0.1516418291696945
HB-00998,Non-private (tuned),0.05026072928499964
HB-00999,Non-private (tuned),-0.3244378524899506
HB-01000,Non-private (tuned),-0.08677181596934785
HB-01002,Non-private (tuned),-0.0616759253991781
HB-01003,Non-private (tuned),-0.24102145823814286
HB-01004,Non-private (tuned),-0.02517899641401211
HB-01005,Non-private (tuned),-0.20277426374321558
HB-01007,Non-private (tuned),-0.2040918831418027
HB-01008,Non-private (tuned),0.252842952312452
HB-01009,Non-private (tuned),-0.042778787594320467
HB-01011,Non-private (tuned),-0.6898913014915287
HB-01012,Non-private (tuned),-0.125866570528403
HB-01013,Non-private (tuned),-0.08203140435789896
HB-01014,Non-private (tuned),-0.23015458981716957
HB-01015,Non-private (tuned),-0.21588473799292157
HB-01016,Non-private (tuned),0.24332290322535605
HB-01017,Non-private (tuned),0.2838575235784056
HB-01018,Non-private (tuned),-0.006311394129768388
HB-01019,Non-private (tuned),-0.05909303733158677
HB-01020,Non-private (tuned),-0.11268471370670313
HB-01021,Non-private (tuned),-0.11871124047527853
HB-01022,Non-private (tuned),0.08521015767939838
HB-01023,Non-private (tuned),-0.37434587800067787
HB-01024,Non-private (tuned),0.23804656865371648
HB-01025,Non-private (tuned),0.17659149303832736
HB-01026,Non-private (tuned),0.13435158590912571
HB-01027,Non-private (tuned),-0.2733319476680103
HB-01028,Non-private (tuned),0.0770227005887465
HB-01031,Non-private (tuned),0.12819801432928657
HB-01032,Non-private (tuned),-0.058685347608319116
HB-01034,Non-private (tuned),-0.2040052825217803
HB-01037,Non-private (tuned),-0.04707909652118958
HB-01038,Non-private (tuned),-0.39523304458933567
HB-01039,Non-private (tuned),0.03584898104106518
HB-01040,Non-private (tuned),0.15598792711877058
HB-01041,Non-private (tuned),-1.60862151776025
HB-01042,Non-private (tuned),0.23811004600510516
HB-01043,Non-private (tuned),0.1382085645244375
HB-01044,Non-private (tuned),-0.23856092048521704
HB-01045,Non-private (tuned),-0.3699390021724082
HB-01046,Non-private (tuned),-0.2703620754688966
HB-01047,Non-private (tuned),0.016304373631685853
HB-01048,Non-private (tuned),0.30384752066514603
HB-01049,Non-private (tuned),-0.2699160582383444
HB-01052,Non-private (tuned),0.3388630812943302
HB-01053,Non-private (tuned),-0.01732322870167774
HB-01054,Non-private (tuned),0.15234813843870793
HB-01055,Non-private (tuned),0.28304419920605817
HB-01056,Non-private (tuned),-0.2680172557888796
HB-01057,Non-private (tuned),-0.44216371432789814
HB-01058,Non-private (tuned),0.06439551812715877
HB-01059,Non-private (tuned),0.37796308794401595
HB-01060,Non-private (tuned),-0.11577165248425625
HB-01062,Non-private (tuned),-0.3708805000145632
HB-01063,Non-private (tuned),0.11642759356509397
HB-01064,Non-private (tuned),-0.3844339809860641
HB-01065,Non-private (tuned),-0.2747542647496275
HB-01066,Non-private (tuned),-0.16837069067182475
HB-01068,Non-private (tuned),0.15000635695159545
HB-01069,Non-private (tuned),-0.1219578313731606
HB-01070,Non-private (tuned),-0.2563835337182419
HB-01071,Non-private (tuned),0.4278173048010631
HB-01072,Non-private (tuned),-0.45007577549533967
HB-01073,Non-private (tuned),0.5364211550887716
HB-01074,Non-private (tuned),0.2718905487202806
HB-01075,Non-private (tuned),-0.0413768627666401
HB-01076,Non-private (tuned),-0.2411600475709842
HB-01077,Non-private (tuned),-0.43486993330842155
HB-01078,Non-private (tuned),0.0361814542962397
HB-01079,Non-private (tuned),-0.012693798318930263
HB-01080,Non-private (tuned),0.06142779104185931
HB-01081,Non-private (tuned),0.00019368578999157116
HB-01082,Non-private (tuned),-0.24485822156253012
HB-01083,Non-private (tuned),0.03574148958636697
HB-01084,Non-private (tuned),0.1394590203543521
HB-01085,Non-private (tuned),-0.04387829097291385
HB-01086,Non-private (tuned),-0.19429664335433156
HB-01087,Non-private (tuned),-0.291228404823041
HB-01088,Non-private (tuned),-0.15944916109869867
HB-01089,Non-private (tuned),0.07979204363386272
HB-01090,Non-private (tuned),0.3743237043540393
HB-01091,Non-private (tuned),0.22811688704428507
HB-01092,Non-private (tuned),0.10012888879761889
HB-01093,Non-private (tuned),-0.4972345896788238
HB-01094,Non-private (tuned),0.1513093120543958
HB-01095,Non-private (tuned),-0.4642512698564685
HB-01096,Non-private (tuned),-0.3420012286469899
HB-01097,Non-private (tuned),0.2675134416395401
HB-01100,Non-private (tuned),0.47171539474691926
HB-01101,Non-private (tuned),-0.026109989993506163
HB-01102,Non-private (tuned),0.0688442106767575
HB-01103,Non-private (tuned),-0.3859781899606103
HB-01104,Non-private (tuned),0.09623219514795894
HB-01105,Non-private (tuned),0.38632829740028485
HB-01107,Non-private (tuned),0.23027886847017354
HB-01108,Non-private (tuned),0.0064007112114297104
HB-01109,Non-private (tuned),0.7443195607691315
HB-01110,Non-private (tuned),0.04584681803761648
HB-01111,Non-private (tuned),-0.7208759297174356
HB-01112,Non-private (tuned),0.08004674683830126
HB-01113,Non-private (tuned),0.19195825464455218
HB-01114,Non-private (tuned),-0.48233749363841677
HB-01115,Non-private (tuned),-0.03379667239486778
HB-01116,Non-private (tuned),-0.10505925452980097
HB-01117,Non-private (tuned),0.04047448204479226
HB-01118,Non-private (tuned),-0.5216015544768111
HB-01119,Non-private (tuned),-0.17807947044250982
HB-01120,Non-private (tuned),0.12408234970259663
HB-01121,Non-private (tuned),-0.016289265912658446
HB-01122,Non-private (tuned),0.4525124374965623
HB-01123,Non-private (tuned),-0.476830030414736
HB-01124,Non-private (tuned),0.1670326034452424
HB-01125,Non-private (tuned),0.030777657687562576
HB-01126,Non-private (tuned),-0.2100916527621508
HB-01127,Non-private (tuned),-0.08635108677188208
HB-01128,Non-private (tuned),0.023509457549283685
HB-01129,Non-private (tuned),0.1802357295867995
HB-01130,Non-private (tuned),0.3845003275537666
HB-01131,Non-private (tuned),0.125239567892856
HB-01132,Non-private (tuned),0.09323139717612428
HB-01133,Non-private (tuned),0.15729483303475694
HB-01134,Non-private (tuned),0.29202807316570295
HB-01135,Non-private (tuned),-0.2526034734884337
HB-01137,Non-private (tuned),-0.03386988756592274
HB-01138,Non-private (tuned),-0.421085610790361
HB-01139,Non-private (tuned),0.08439485166002425
HB-01140,Non-private (tuned),-0.19245744966592837
HB-01141,Non-private (tuned),-0.35632364579652304
HB-01142,Non-private (tuned),-0.2710158218113693
HB-01143,Non-private (tuned),-0.02386702402220392
HB-01144,Non-private (tuned),0.135513765097508
HB-01145,Non-private (tuned),0.1671516502729816
HB-01146,Non-private (tuned),-1.0173307043744944
HB-01147,Non-private (tuned),-0.6709673315462852
HB-01148,Non-private (tuned),0.10252485833379033
HB-01149,Non-private (tuned),-0.0840682136753777
HB-01150,Non-private (tuned),0.23197911005458538
HB-01151,Non-private (tuned),0.4762468340973861
HB-01153,Non-private (tuned),1.4969617172197505
HB-01155,Non-private (tuned),0.3379595134275247
HB-01156,Non-private (tuned),-0.2458825589461467
HB-01157,Non-private (tuned),0.4491777083917758
HB-01158,Non-private (tuned),0.007583280021864869
HB-01159,Non-private (tuned),-0.4327496424574251
HB-01160,Non-private (tuned),0.0323497009196233
HB-01161,Non-private (tuned),0.058484202766512006
HB-01162,Non-private (tuned),0.3007801754830705
HB-01163,Non-private (tuned),-0.19259832732568177
HB-01164,Non-private (tuned),0.04725015399625282
HB-01166,Non-private (tuned),-0.09230551949090596
HB-01167,Non-private (tuned),0.20943128197334973
HB-01169,Non-private (tuned),-0.8554010514850316
HB-01170,Non-private (tuned),0.2221440530507921
HB-01171,Non-private (tuned),-0.0447531580925008
HB-01172,Non-private (tuned),-0.3380533765948558
HB-01173,Non-private (tuned),-0.26799610760269627
HB-01174,Non-private (tuned),-0.03652952014804506
HB-01175,Non-private (tuned),0.02287686030134034
HB-01176,Non-private (tuned),0.22831301337556018
HB-01177,Non-private (tuned),0.14570831847245636
HB-01178,Non-private (tuned),0.09887583275222134
HB-01179,Non-private (tuned),0.015600354998762972
HB-01180,Non-private (tuned),0.048057297185831294
HB-01181,Non-private (tuned),-0.119453732895481
HB-01182,Non-private (tuned),-0.004267560556059424
HB-01183,Non-private (tuned),-0.24600491171369798
HB-01184,Non-private (tuned),0.022390842119301924
HB-01185,Non-private (tuned),-0.37079404023238255
HB-01186,Non-private (tuned),0.2617730856784054
HB-01187,Non-private (tuned),0.05573253404501771
HB-01188,Non-private (tuned),-0.22604680882330833
HB-01189,Non-private (tuned),0.13662302415171956
HB-01190,Non-private (tuned),-0.7075488593435254
HB-01191,Non-private (tuned),0.24021542409047472
HB-01192,Non-private (tuned),-0.5807657912888983
HB-01193,Non-private (tuned),0.34732973430652214
HB-01194,Non-private (tuned),-0.3371873873675597
HB-01195,Non-private (tuned),0.2530616414845992
HB-01196,Non-private (tuned),-0.3303516916469344
HB-01197,Non-private (tuned),-0.011398388699705275
HB-01198,Non-private (tuned),0.24173013912766317
HB-01200,Non-private (tuned),0.06239696589256516
HB-01201,Non-private (tuned),-0.3184722124167713
HB-01202,Non-private (tuned),-0.08334269091288482
HB-01203,Non-private (tuned),0.05146943781906205
HB-01204,Non-private (tuned),-0.05954133191987565
HB-01205,Non-private (tuned),0.09651038929053973
HB-01206,Non-private (tuned),0.12349412202459231
HB-01207,Non-private (tuned),0.15012359672001035
HB-01210,Non-private (tuned),0.1385643327696356
HB-01211,Non-private (tuned),0.1623839512623128
HB-01212,Non-private (tuned),0.07083684858005657
HB-01213,Non-private (tuned),-0.5827139751649826
HB-01215,Non-private (tuned),0.3259398477240274
HB-01216,Non-private (tuned),0.7133878622885473
HB-01217,Non-private (tuned),0.46787297145236467
HB-01218,Non-private (tuned),-0.04024252933454853
HB-01219,Non-private (tuned),0.0988381542357516
HB-01220,Non-private (tuned),-0.20471306773428696
HB-01221,Non-private (tuned),0.5217186980896612
HB-01222,Non-private (tuned),0.1403019153990388
HB-01223,Non-private (tuned),-0.25332606528708035
HB-01224,Non-private (tuned),-0.08609710634034354
HB-01225,Non-private (tuned),-0.14633619693427746
HB-01226,Non-private (tuned),-0.48989719633144024
HB-01227,Non-private (tuned),0.07744144897174604
HB-01228,Non-private (tuned),-0.1668730242331507
HB-01229,Non-private (tuned),0.4182060444286085
HB-01230,Non-private (tuned),0.021519614057321168
HB-01231,Non-private (tuned),0.1351120835973984
HB-01232,Non-private (tuned),0.28769330670041804
HB-01233,Non-private (tuned),-0.036582109980238975
HB-01234,Non-private (tuned),-1.8070505314109404
HB-01235,Non-private (tuned),0.1622807015530825
HB-01236,Non-private (tuned),0.4367062136444877
HB-01237,Non-private (tuned),0.06469581962334242
HB-01240,Non-private (tuned),0.2536573160313404
HB-01241,Non-private (tuned),0.01160992048837528
HB-01242,Non-private (tuned),-0.07849214150368294
HB-01243,Non-private (tuned),-0.002831357121636291
HB-01244,Non-private (tuned),0.20316544071479842
HB-01245,Non-private (tuned),0.25111019943823437
HB-01246,Non-private (tuned),-1.2082834600941612
HB-01247,Non-private (tuned),0.8268603486823839
HB-01248,Non-private (tuned),0.039082624924849985
HB-01249,Non-private (tuned),0.8059688787823339
HB-01250,Non-private (tuned),0.28631363970549606
HB-01251,Non-private (tuned),0.3269978826473434
HB-01252,Non-private (tuned),0.029779534419160147
HB-01253,Non-private (tuned),0.03395208626955626
HB-01254,Non-private (tuned),-0.014009366624429698
HB-01255,Non-private (tuned),-0.21328912704040223
HB-01256,Non-private (tuned),-0.3820584024068681
HB-01257,Non-private (tuned),-0.026050534615884857
HB-01258,Non-private (tuned),-0.1802872059278634
HB-01259,Non-private (tuned),-0.2521963330274356
HB-01260,Non-private (tuned),-0.1912904545910714
HB-01261,Non-private (tuned),-0.09226110305119695
HB-01262,Non-private (tuned),-0.2552615977708731
HB-01264,Non-private (tuned),-0.21833450180457992
HB-01265,Non-private (tuned),0.05970010618597105
HB-01266,Non-private (tuned),-0.1516986054684455
HB-01267,Non-private (tuned),0.0026108848515106198
HB-01268,Non-private (tuned),-0.055662419291836185
HB-01269,Non-private (tuned),-0.11986793140745616
HB-01270,Non-private (tuned),-0.3848454304792028
HB-01271,Non-private (tuned),0.282330444773218
HB-01272,Non-private (tuned),0.412396601235857
HB-01274,Non-private (tuned),0.12062138901741593
HB-01275,Non-private (tuned),0.2577331615640812
HB-01276,Non-private (tuned),0.22685332482226594
HB-01280,Non-private (tuned),0.35554742164788017
HB-01281,Non-private (tuned),-0.13200160544993964
HB-01282,Non-private (tuned),-1.9107745151390991
HB-01283,Non-private (tuned),-0.0905405455384255
HB-01284,Non-private (tuned),0.37375132193013133
HB-01285,Non-private (tuned),0.17450951652258628
HB-01286,Non-private (tuned),-0.20522601329768836
HB-01287,Non-private (tuned),-0.3001489559351758
HB-01289,Non-private (tuned),0.29963411755121744
HB-01290,Non-private (tuned),-0.15789639481250262
HB-01291,Non-private (tuned),0.5386081902594636
HB-01292,Non-private (tuned),0.009158138576258412
HB-01293,Non-private (tuned),0.007217803147509305
HB-01294,Non-private (tuned),0.4134244915709018
HB-01295,Non-private (tuned),-0.06994933610727705
HB-01296,Non-private (tuned),-0.26123383874324746
HB-01297,Non-private (tuned),0.09772671275899047
HB-01300,Non-private (tuned),-0.04057980462086286
HB-01301,Non-private (tuned),0.19561571450830284
HB-01302,Non-private (tuned),-0.26424604974369426
HB-01303,Non-private (tuned),-0.10257525281860275
HB-01304,Non-private (tuned),0.2977056652031505
HB-01305,Non-private (tuned),0.4681060151864334
HB-01306,Non-private (tuned),-0.34691130847101803
HB-01307,Non-private (tuned),0.1099873955000003
HB-01308,Non-private (tuned),0.17376498952746927
HB-01309,Non-private (tuned),-0.44969049885421825
HB-01310,Non-private (tuned),-0.5833189678986666
HB-01311,Non-private (tuned),0.21310450867874842
HB-01312,Non-private (tuned),0.08647755609717617
HB-01313,Non-private (tuned),0.20599989507050287
HB-01314,Non-private (tuned),0.02379212173419165
HB-01315,Non-private (tuned),-0.031501672667876734
HB-01316,Non-private (tuned),0.6559027156666861
HB-01317,Non-private (tuned),-0.18949396312250455
HB-01318,Non-private (tuned),0.5534057228178237
HB-01319,Non-private (tuned),-0.07474345654336689
HB-01320,Non-private (tuned),-0.06634047382666652
HB-01321,Non-private (tuned),-0.041564116158683995
HB-01322,Non-private (tuned),-0.10968968198640766
HB-01323,Non-private (tuned),0.09082554279377653
HB-01324,Non-private (tuned),0.5285606014641127
HB-01325,Non-private (tuned),0.24971259668600823
HB-01326,Non-private (tuned),-0.22319317578429365
HB-01327,Non-private (tuned),0.2863918803421571
HB-01329,Non-private (tuned),0.6599284523772575
HB-01331,Non-private (tuned),-0.14871365272112025
HB-01332,Non-private (tuned),-0.07835885367298678
HB-01333,Non-private (tuned),0.00517501658262165
HB-01334,Non-private (tuned),0.15303203159029555
HB-01335,Non-private (tuned),0.21014431618794882
HB-01336,Non-private (tuned),0.39465488509130325
HB-01337,Non-private (tuned),0.061202183110728337
HB-01338,Non-private (tuned),0.07759211556840018
HB-01339,Non-private (tuned),0.026332656088805556
HB-01340,Non-private (tuned),-0.0678538625643712
HB-01341,Non-private (tuned),-0.2371783298775486
HB-01342,Non-private (tuned),0.030458321441609343
HB-01343,Non-private (tuned),-0.22023278502011123
HB-01344,Non-private (tuned),0.35143443048943435
HB-01345,Non-private (tuned),-0.23660786276783036
HB-01346,Non-private (tuned),0.0036182296512448087
HB-01347,Non-private (tuned),-0.40427380890006787
HB-01348,Non-private (tuned),-0.2570291583830808
HB-01349,Non-private (tuned),0.08285348484728056
HB-01350,Non-private (tuned),0.027353838666009392
HB-01351,Non-private (tuned),0.10597249322452656
HB-01353,Non-private (tuned),-0.10454738435922845
HB-01355,Non-private (tuned),0.5350168711472596
HB-01356,Non-private (tuned),-0.12470394969545495
HB-01357,Non-private (tuned),-0.03368795386283063
HB-01358,Non-private (tuned),0.1236090946550018
HB-01359,Non-private (tuned),0.15649818730846735
HB-01360,Non-private (tuned),-0.20152479426240097
HB-01361,Non-private (tuned),-0.14866256177136417
HB-01363,Non-private (tuned),-0.24013784087988965
HB-01364,Non-private (tuned),-0.24416373958622095
HB-01365,Non-private (tuned),0.1551899994208661
HB-01366,Non-private (tuned),0.34739034132280766
HB-01367,Non-private (tuned),-0.0688135929115129
HB-01368,Non-private (tuned),0.046742904849286004
HB-01369,Non-private (tuned),0.15109105381896354
HB-01370,Non-private (tuned),0.3187799050442976
HB-01371,Non-private (tuned),0.21510801954630365
HB-01372,Non-private (tuned),0.1696694248743305
HB-01373,Non-private (tuned),0.09412668255111797
HB-01374,Non-private (tuned),-0.23919478218582546
HB-01376,Non-private (tuned),0.22161804965312598
HB-01377,Non-private (tuned),0.15467409822164352
HB-01378,Non-private (tuned),0.20980481752368796
HB-01379,Non-private (tuned),0.1600949194228662
HB-01380,Non-private (tuned),0.016854148214670517
HB-01381,Non-private (tuned),-0.07229065920925104
HB-01382,Non-private (tuned),0.2786979262020556
HB-01383,Non-private (tuned),0.12241301943775945
HB-01384,Non-private (tuned),0.02538844921882194
HB-01386,Non-private (tuned),-0.27354318966385965
HB-01387,Non-private (tuned),0.015550977648230935
HB-01388,Non-private (tuned),-0.007855317804786155
HB-01389,Non-private (tuned),-0.0977778970454774
HB-01390,Non-private (tuned),-0.44620302714812676
HB-01391,Non-private (tuned),0.20893125012386415
HB-01392,Non-private (tuned),-0.1663439094693483
HB-01393,Non-private (tuned),-0.1667760038865368
HB-01394,Non-private (tuned),0.3204383071097897
HB-01395,Non-private (tuned),0.23479385161037153
HB-01396,Non-private (tuned),-0.0305719508286455
HB-01397,Non-private (tuned),0.11194280723127009
HB-01398,Non-private (tuned),0.029960071425037704
HB-01399,Non-private (tuned),0.050055612728469145
HB-01401,Non-private (tuned),-0.24150569512585862
HB-01402,Non-private (tuned),0.029468175668933172
HB-01403,Non-private (tuned),-0.18160019269586924
HB-01404,Non-private (tuned),-0.31171118101010653
HB-01405,Non-private (tuned),-0.5726921340750717
HB-01407,Non-private (tuned),-0.4031896315347892
HB-01408,Non-private (tuned),0.19076866002303527
HB-01409,Non-private (tuned),0.20145902390257014
HB-01410,Non-private (tuned),-0.295247202641334
HB-01411,Non-private (tuned),0.16885604676911803
HB-01412,Non-private (tuned),0.07196094498001454
HB-01413,Non-private (tuned),0.012530284618093579
HB-01415,Non-private (tuned),-0.5507177271776806
HB-01416,Non-private (tuned),-0.16773502932757
HB-01417,Non-private (tuned),-0.12562720251944176
HB-01418,Non-private (tuned),0.05744501270621066
HB-01420,Non-private (tuned),-0.06140606462383005
HB-01421,Non-private (tuned),-0.13688056948260788
HB-01423,Non-private (tuned),0.11271375030060793
HB-01424,Non-private (tuned),-0.06664803685389603
HB-01425,Non-private (tuned),-0.08623894417292821
HB-01426,Non-private (tuned),-0.12410103014701312
HB-01427,Non-private (tuned),-0.24068272762785128
HB-01428,Non-private (tuned),0.02702689994713381
HB-01429,Non-private (tuned),0.29393447356414254
HB-01430,Non-private (tuned),-0.21966035989111216
HB-01431,Non-private (tuned),-0.5618887793039928
HB-01433,Non-private (tuned),0.11238299149573638
HB-01434,Non-private (tuned),-0.10231070112637247
HB-01435,Non-private (tuned),0.06963251117887159
HB-01436,Non-private (tuned),-0.14703565769866134
HB-01437,Non-private (tuned),-0.44836357878036015
HB-01438,Non-private (tuned),-0.053147702328526725
HB-01439,Non-private (tuned),-0.26152277051072603
HB-01440,Non-private (tuned),0.3042570141338532
HB-01441,Non-private (tuned),0.051696654710785994
HB-01442,Non-private (tuned),-0.1515572163471306
HB-01443,Non-private (tuned),-0.13586191649825896
HB-01444,Non-private (tuned),-0.3649037830797642
HB-01446,Non-private (tuned),-0.128589919864454
HB-01448,Non-private (tuned),0.13382401519083964
HB-01449,Non-private (tuned),0.20212661282918243
HB-01450,Non-private (tuned),-0.27521999717563456
HB-01451,Non-private (tuned),0.14358428065995976
HB-01452,Non-private (tuned),0.057874132207708706
HB-01453,Non-private (tuned),0.1497440285479732
HB-01454,Non-private (tuned),-0.1351500331275443
HB-01455,Non-private (tuned),0.08915929065724543
HB-01456,Non-private (tuned),-0.2839983680221631
HB-01458,Non-private (tuned),0.19212136381944628
HB-01459,Non-private (tuned),0.7991390606202682
HB-01460,Non-private (tuned),-0.026057529348731234
HB-01461,Non-private (tuned),0.22094164005923744
HB-01462,Non-private (tuned),0.17663986314130298
HB-01463,Non-private (tuned),-0.9624596908704512
HB-01464,Non-private (tuned),0.04662873664041067
HB-01465,Non-private (tuned),-0.22334777252787918
HB-01466,Non-private (tuned),-0.013150050637980415
HB-01467,Non-private (tuned),-0.45846122003007383
HB-01468,Non-private (tuned),-0.09256164291790892
HB-01469,Non-private (tuned),-0.08321733796443609
HB-01470,Non-private (tuned),-0.15561102146700578
HB-01471,Non-private (tuned),0.1218475277854732
HB-01472,Non-private (tuned),-0.06825518731527286
HB-01473,Non-private (tuned),-0.31945885803097196
HB-01474,Non-private (tuned),-0.11997888615408087
HB-01475,Non-private (tuned),-0.26460908643083436
HB-01476,Non-private (tuned),-0.06625511154574071
HB-01477,Non-private (tuned),0.15229516764132747
HB-01478,Non-private (tuned),0.09596845533062581
HB-01479,Non-private (tuned),0.2051504508330455
HB-01480,Non-private (tuned),-0.1678857964416206
HB-01481,Non-private (tuned),0.3118807514607623
HB-01482,Non-private (tuned),-0.12476495722027414
HB-01483,Non-private (tuned),-0.009337058409049026
HB-01484,Non-private (tuned),-0.11909110177783105
HB-01485,Non-private (tuned),-0.26814821498823205
HB-01486,Non-private (tuned),-0.22023644246793733
HB-01487,Non-private (tuned),-0.1803914737475213
HB-01488,Non-private (tuned),0.4067760326790702
HB-01490,Non-private (tuned),0.35740419256494327
HB-01491,Non-private (tuned),-0.3200468175248596
HB-01492,Non-private (tuned),0.055403676401497126
HB-01493,Non-private (tuned),-0.19797010042427907
HB-01494,Non-private (tuned),0.1310103987377657
HB-01495,Non-private (tuned),-0.08226702389600703
HB-01496,Non-private (tuned),-0.001380230268969107
HB-01498,Non-private (tuned),-0.13092757547876788
HB-01500,Non-private (tuned),-0.19402849082693152
HB-01501,Non-private (tuned),0.40551859347756347
HB-01502,Non-private (tuned),-0.8381930596826226
HB-01503,Non-private (tuned),-0.3181090250760088
HB-01504,Non-private (tuned),0.510984338944836
HB-01505,Non-private (tuned),1.1588212701646026
HB-01506,Non-private (tuned),0.30011636809753384
HB-01507,Non-private (tuned),0.16723027257695233
HB-01508,Non-private (tuned),-0.08655556466969763
HB-01509,Non-private (tuned),0.37494285071322453
HB-01510,Non-private (tuned),-0.18210848062862722
HB-01511,Non-private (tuned),-0.003958121196694919
HB-01514,Non-private (tuned),-0.3526213892586494
HB-01515,Non-private (tuned),0.5974623600702837
HB-01516,Non-private (tuned),-0.22953007625221244
HB-01517,Non-private (tuned),0.23181433281003605
HB-01518,Non-private (tuned),0.31004252527631904
HB-01519,Non-private (tuned),-0.11745397850527761
HB-01520,Non-private (tuned),0.09261074828133481
HB-01521,Non-private (tuned),0.2502384005312005
HB-01523,Non-private (tuned),-0.18934825739295758
HB-01524,Non-private (tuned),0.10463765989913612
HB-01525,Non-private (tuned),-0.09270212414981538
HB-01526,Non-private (tuned),-1.1364123815598868
HB-01527,Non-private (tuned),-0.33627911052078574
HB-01528,Non-private (tuned),0.19704517729819893
HB-01529,Non-private (tuned),0.13237773545017334
HB-01530,Non-private (tuned),-0.20057302839303004
HB-01531,Non-private (tuned),0.40439892631266205
HB-01532,Non-private (tuned),0.5399202679945886
HB-01533,Non-private (tuned),-0.425896297773961
HB-01534,Non-private (tuned),-0.2240621234701603
HB-01535,Non-private (tuned),0.15568694154598745
HB-01536,Non-private (tuned),-0.22319158641575498
HB-01537,Non-private (tuned),0.025746153999603116
HB-01538,Non-private (tuned),0.06568429467480563
HB-01539,Non-private (tuned),0.16393061466560177
HB-01540,Non-private (tuned),-0.028689521750827673
HB-01541,Non-private (tuned),-0.35927159856938484
HB-01542,Non-private (tuned),-0.21129408298536997
HB-01543,Non-private (tuned),0.006643072970359404
HB-01544,Non-private (tuned),0.9959152227815025
HB-01546,Non-private (tuned),-0.014151399921595642
HB-01547,Non-private (tuned),-0.033742192416880645
HB-01549,Non-private (tuned),0.0495548643452661
HB-01550,Non-private (tuned),-0.35421506299875744
HB-01551,Non-private (tuned),-0.032163923237290504
HB-01552,Non-private (tuned),-0.025216898949073474
HB-01553,Non-private (tuned),0.20590109692693756
HB-01554,Non-private (tuned),0.40873114583289066
HB-01556,Non-private (tuned),-0.15922189530929085
HB-01557,Non-private (tuned),-0.15250516425825822
HB-01558,Non-private (tuned),-0.25139191559492
HB-01559,Non-private (tuned),-0.07026896098309621
HB-01560,Non-private (tuned),0.007795984902188302
HB-01563,Non-private (tuned),0.12751643965328135
HB-01564,Non-private (tuned),-0.4455614268495168
HB-01565,Non-private (tuned),-0.1462208304654255
HB-01566,Non-private (tuned),0.11323870708262701
HB-01567,Non-private (tuned),-0.14326781693748875
HB-01568,Non-private (tuned),-0.029845577676533952
HB-01569,Non-private (tuned),0.32428497022539293
HB-01570,Non-private (tuned),0.45115207747959707
HB-01571,Non-private (tuned),-0.13650251363826094
HB-01572,Non-private (tuned),-0.1377309406895036
HB-01573,Non-private (tuned),0.07298210215549716
HB-01574,Non-private (tuned),-0.17388902563490088
HB-01575,Non-private (tuned),-0.24465853653997624
HB-01576,Non-private (tuned),0.0026068018963950057
HB-01577,Non-private (tuned),0.29230695427609793
HB-01578,Non-private (tuned),-0.5423788297685127
HB-01579,Non-private (tuned),0.011409419062645532
HB-01580,Non-private (tuned),-0.44291542232879216
HB-01581,Non-private (tuned),-0.26347180951917387
HB-01582,Non-private (tuned),0.13961223856196192
HB-01583,Non-private (tuned),-0.05900969416736407
HB-01584,Non-private (tuned),0.6374399712122552
HB-01585,Non-private (tuned),-0.11467521812737277
HB-01586,Non-private (tuned),0.6128217584558662
HB-01587,Non-private (tuned),-0.7876555916592505
HB-01588,Non-private (tuned),-0.30313556732247837
HB-01589,Non-private (tuned),-0.02331839643116579
HB-01590,Non-private (tuned),0.20871763917139646
HB-01591,Non-private (tuned),0.17955757444790743
HB-01592,Non-private (tuned),0.234879709586929
HB-01593,Non-private (tuned),-0.31919935191231447
HB-01594,Non-private (tuned),0.26376307545166267
HB-01595,Non-private (tuned),0.16087046988164827
HB-01596,Non-private (tuned),0.3356094368904384
HB-01597,Non-private (tuned),-0.29423318463471926
HB-01598,Non-private (tuned),0.282783739985757
HB-01599,Non-private (tuned),0.14137547234531134
HB-01600,Non-private (tuned),-0.0626476688333718
HB-01601,Non-private (tuned),0.013818604483713443
HB-01602,Non-private (tuned),-0.5494538380521714
HB-01603,Non-private (tuned),-0.14456425712408355
HB-01604,Non-private (tuned),-0.140512625400738
HB-01605,Non-private (tuned),0.1935011506793618
HB-01606,Non-private (tuned),-0.2819297947149262
HB-01607,Non-private (tuned),-0.2622123519356413
HB-01608,Non-private (tuned),0.06640954295239193
HB-01609,Non-private (tuned),0.04798084586668039
HB-01610,Non-private (tuned),-0.24158297121018585
HB-01611,Non-private (tuned),0.051756269631238694
HB-01612,Non-private (tuned),-0.3637690110044244
HB-01613,Non-private (tuned),-0.18426410232040474
HB-01614,Non-private (tuned),-0.05999395721266715
HB-01615,Non-private (tuned),-0.028547990556860747
HB-01616,Non-private (tuned),-0.4737996254726767
HB-01617,Non-private (tuned),0.17743500062068562
HB-01618,Non-private (tuned),-0.24597465568096316
HB-01619,Non-private (tuned),-0.01636001014847077
HB-01620,Non-private (tuned),-0.3089818362765107
HB-01621,Non-private (tuned),-0.026651916168760836
HB-01622,Non-private (tuned),0.06844183532246975
HB-01623,Non-private (tuned),-0.20506424176251736
HB-01624,Non-private (tuned),0.16599616984760496
HB-01625,Non-private (tuned),-0.12367105126615946
HB-01626,Non-private (tuned),0.23870542424815766
HB-01627,Non-private (tuned),-0.3373767401425889
HB-01628,Non-private (tuned),0.021321184174324187
HB-01629,Non-private (tuned),-0.008464170428257423
HB-01630,Non-private (tuned),0.10380740574205027
HB-01631,Non-private (tuned),-0.2831614476771469
HB-01632,Non-private (tuned),-0.38193954932396573
HB-01633,Non-private (tuned),-0.38834521044409925
HB-01635,Non-private (tuned),-0.1193123112322968
HB-01636,Non-private (tuned),-0.06931335853628756
HB-01637,Non-private (tuned),0.4065444447557016
HB-01638,Non-private (tuned),0.2054903706150909
HB-01640,Non-private (tuned),-0.10340737292616642
HB-01641,Non-private (tuned),0.29343550505209404
HB-01642,Non-private (tuned),0.9467459754387587
HB-01643,Non-private (tuned),-0.35816636123181156
HB-01644,Non-private (tuned),0.18896741624705815
HB-01645,Non-private (tuned),-0.15027871132269316
HB-01646,Non-private (tuned),0.03939038072708512
HB-01647,Non-private (tuned),-0.1598820571466999
HB-01648,Non-private (tuned),0.35021611588928847
HB-01649,Non-private (tuned),0.12501609139044
HB-01650,Non-private (tuned),0.390985730600685
HB-01651,Non-private (tuned),0.39070096428104195
HB-01654,Non-private (tuned),0.2987967556748774
HB-01655,Non-private (tuned),-0.20547070580995352
HB-01656,Non-private (tuned),-0.1440889216426913
HB-01657,Non-private (tuned),0.04661423349238608
HB-01658,Non-private (tuned),0.1346701874415588
HB-01659,Non-private (tuned),-0.27302165526821
HB-01660,Non-private (tuned),0.5445541428214309
HB-01661,Non-private (tuned),-0.17917266042044971
HB-01662,Non-private (tuned),-0.2557996573047277
HB-01663,Non-private (tuned),-0.40553965938352615
HB-01664,Non-private (tuned),0.3700056436777773
HB-01665,Non-private (tuned),-0.09905953378589227
HB-01666,Non-private (tuned),-0.262960748389484
HB-01667,Non-private (tuned),-0.15546334500638237
HB-01668,Non-private (tuned),-0.24402539916986393
HB-01669,Non-private (tuned),0.02628053419736409
HB-01670,Non-private (tuned),0.3557591251868487
HB-01671,Non-private (tuned),0.2646910455503238
HB-01672,Non-private (tuned),-0.20669384354653186
HB-01673,Non-private (tuned),0.015469657278791404
HB-01674,Non-private (tuned),0.2315118262828479
HB-01675,Non-private (tuned),0.2677682700363529
HB-01677,Non-private (tuned),0.3103759745452478
HB-01678,Non-private (tuned),-0.06949454400054056
HB-01679,Non-private (tuned),-0.1939409982990113
HB-01681,Non-private (tuned),-0.3595055060181557
HB-01682,Non-private (tuned),-0.49569212458944123
HB-01683,Non-private (tuned),-0.38939982437469667
HB-01684,Non-private (tuned),0.2082790220285624
HB-01685,Non-private (tuned),-0.1204904968128862
HB-01686,Non-private (tuned),-0.14477725005730097
HB-01687,Non-private (tuned),0.250842755641324
HB-01688,Non-private (tuned),0.2714483314025676
HB-01689,Non-private (tuned),0.1420616199748534
HB-01690,Non-private (tuned),0.3208683898394813
HB-01691,Non-private (tuned),0.16334804455240304
HB-01692,Non-private (tuned),0.0634844561811263
HB-01693,Non-private (tuned),0.18349509153368898
HB-01694,Non-private (tuned),-0.1760935276269372
HB-01695,Non-private (tuned),-0.2196718711545629
HB-01696,Non-private (tuned),-0.26920740974618795
HB-01697,Non-private (tuned),-0.07182425390558488
HB-01698,Non-private (tuned),-0.06798715642249037
HB-01699,Non-private (tuned),0.23747059272104237
HB-01700,Non-private (tuned),0.14065552384860125
HB-01701,Non-private (tuned),-0.3254999429801009
HB-01702,Non-private (tuned),0.41822293912151537
HB-01703,Non-private (tuned),-0.06360695686569262
HB-01704,Non-private (tuned),0.19502234096978938
HB-01705,Non-private (tuned),0.010801650263100149
HB-01706,Non-private (tuned),-0.3184238735994835
HB-01707,Non-private (tuned),-0.5259076531108323
HB-01708,Non-private (tuned),0.05144016200049528
HB-01709,Non-private (tuned),0.22601730693166577
HB-01710,Non-private (tuned),-0.1566554275498918
HB-01712,Non-private (tuned),0.03915226961382601
HB-01713,Non-private (tuned),0.19731811709071273
HB-01714,Non-private (tuned),-0.2456196408525338
HB-01715,Non-private (tuned),-1.7233311957161512
HB-01716,Non-private (tuned),-0.003496009785540821
HB-01717,Non-private (tuned),-0.291045601820742
HB-01718,Non-private (tuned),0.06056323388960131
HB-01719,Non-private (tuned),-0.5050552919611121
HB-01720,Non-private (tuned),-0.4216265604756344
HB-01721,Non-private (tuned),-0.06417004525064052
HB-01722,Non-private (tuned),0.1287855831391156
HB-01723,Non-private (tuned),0.01770539519844294
HB-01725,Non-private (tuned),-0.1851695632000832
HB-01726,Non-private (tuned),-0.2812440319745133
HB-01727,Non-private (tuned),0.04936822553191489
HB-01728,Non-private (tuned),-0.28826832870891994
HB-01730,Non-private (tuned),0.7942476049731502
HB-01731,Non-private (tuned),-0.10254639240057078
HB-01733,Non-private (tuned),-0.3798824653305728
HB-01734,Non-private (tuned),1.0971212156530017
HB-01735,Non-private (tuned),-0.22153918228684866
HB-01736,Non-private (tuned),0.014020090521525641
HB-01737,Non-private (tuned),0.35478551123345187
HB-01738,Non-private (tuned),0.026413072024440598
HB-01739,Non-private (tuned),0.3728913734090659
HB-01740,Non-private (tuned),-0.036024854274874896
HB-01741,Non-private (tuned),0.15638691788282885
HB-01742,Non-private (tuned),0.4897417202642584
HB-01743,Non-private (tuned),-0.14765314410692787
HB-01744,Non-private (tuned),0.42546045863048615
HB-01745,Non-private (tuned),-0.14044802373130078
HB-01746,Non-private (tuned),0.23748412654413653
HB-01747,Non-private (tuned),0.13991588496502644
HB-01748,Non-private (tuned),-0.6881401921861503
HB-01749,Non-private (tuned),0.6597113730046631
HB-01750,Non-private (tuned),0.1838925205895291
HB-01751,Non-private (tuned),-0.07554678305910328
HB-01753,Non-private (tuned),0.21202247831165022
HB-01754,Non-private (tuned),-0.15933425983935295
HB-01756,Non-private (tuned),-0.019225201054611396
HB-01757,Non-private (tuned),0.08359734136701225
HB-01758,Non-private (tuned),-0.19913353649161047
HB-01760,Non-private (tuned),0.23731393868705325
HB-01761,Non-private (tuned),0.24787529053789498
HB-01762,Non-private (tuned),-0.13946061722984615
HB-01763,Non-private (tuned),0.6053237973437092
HB-01764,Non-private (tuned),0.3068722650184241
HB-01765,Non-private (tuned),0.23517127138894445
HB-01766,Non-private (tuned),0.022821513399124416
HB-01767,Non-private (tuned),-0.32454733586389184
HB-01769,Non-private (tuned),-0.5291425754896877
HB-01770,Non-private (tuned),-0.08111160213749086
HB-01771,Non-private (tuned),0.10744501734092526
HB-01775,Non-private (tuned),0.28008616441369316
HB-01776,Non-private (tuned),-0.06583520322345598
HB-01777,Non-private (tuned),0.42384312575233524
HB-01778,Non-private (tuned),-0.06903221775088325
HB-01780,Non-private (tuned),0.10188670938023392
HB-01781,Non-private (tuned),0.3757775060478172
HB-01782,Non-private (tuned),-0.22015170573403825
HB-01783,Non-private (tuned),-0.05759027705402603
HB-01784,Non-private (tuned),0.2651930739703694
HB-01785,Non-private (tuned),-0.6202920275616586
HB-01786,Non-private (tuned),0.24615997663847278
HB-01787,Non-private (tuned),0.23532259998379024
HB-01788,Non-private (tuned),-0.27497534048020206
HB-01789,Non-private (tuned),-0.13425612835135298
HB-01790,Non-private (tuned),-0.15814640775957056
HB-01792,Non-private (tuned),0.12837613484499372
HB-01793,Non-private (tuned),-0.3072924016840921
HB-01794,Non-private (tuned),0.07661280134870291
HB-01795,Non-private (tuned),0.18500447319017277
HB-01797,Non-private (tuned),-0.41226349685467945
HB-01798,Non-private (tuned),0.04755368558947526
HB-01799,Non-private (tuned),0.1400569396369683
HB-01800,Non-private (tuned),0.24880788110047958
HB-01801,Non-private (tuned),0.28495457212203146
HB-01802,Non-private (tuned),-0.07066984458613113
HB-01803,Non-private (tuned),-0.5434845851942007
HB-01804,Non-private (tuned),-0.13695047388216114
HB-01805,Non-private (tuned),0.17420968497778389
HB-01807,Non-private (tuned),0.657546948057782
HB-01808,Non-private (tuned),0.20750710987648407
HB-01809,Non-private (tuned),0.48059881576644997
HB-01811,Non-private (tuned),-0.06080606020693169
HB-01812,Non-private (tuned),0.005171667168992866
HB-01813,Non-private (tuned),-0.10530426359837913
HB-01815,Non-private (tuned),0.104360177872594
HB-01817,Non-private (tuned),0.2611383295914111
HB-01818,Non-private (tuned),0.20506131259093707
HB-01819,Non-private (tuned),-0.010601625478333765
HB-01820,Non-private (tuned),-0.1551409570118331
HB-01821,Non-private (tuned),0.5889615103219821
HB-01822,Non-private (tuned),0.6513763421234329
HB-01823,Non-private (tuned),-0.10414495792821826
HB-01824,Non-private (tuned),-0.14445366176519928
HB-01825,Non-private (tuned),-0.08247912935879323
HB-01827,Non-private (tuned),-0.17860923944903384
HB-01828,Non-private (tuned),0.045848399505838605
HB-01829,Non-private (tuned),0.15364477529898135
HB-01830,Non-private (tuned),0.14250529597707295
HB-01831,Non-private (tuned),0.02852157012639933
HB-01832,Non-private (tuned),-0.20783039279090887
HB-01833,Non-private (tuned),-0.12508425649899574
HB-01834,Non-private (tuned),0.2083048962011096
HB-01835,Non-private (tuned),0.14190073522306432
HB-01836,Non-private (tuned),0.15708340885013844
HB-01837,Non-private (tuned),-0.3828840232075722
HB-01838,Non-private (tuned),-0.03241576907543092
HB-01839,Non-private (tuned),-0.03905064258115504
HB-01840,Non-private (tuned),-0.08152039083789606
HB-01841,Non-private (tuned),-0.12895356132396707
HB-01842,Non-private (tuned),0.13670419613313617
HB-01843,Non-private (tuned),-0.10771457781959293
HB-01844,Non-private (tuned),0.07097941421915516
HB-01845,Non-private (tuned),-0.5105312985719995
HB-01846,Non-private (tuned),-0.16119305626435415
HB-01847,Non-private (tuned),-0.15891054246652492
HB-01848,Non-private (tuned),0.10189052263275755
HB-01850,Non-private (tuned),-0.2153769778198084
HB-01851,Non-private (tuned),-0.22898327569611931
HB-01852,Non-private (tuned),-0.04230765534230391
HB-01853,Non-private (tuned),0.4334608048056328
HB-01855,Non-private (tuned),-0.03205333815297973
HB-01856,Non-private (tuned),0.9039407258760948
HB-01857,Non-private (tuned),-0.5159061471325546
HB-01858,Non-private (tuned),0.11057135895043571
HB-01859,Non-private (tuned),0.3326628831036842
HB-01861,Non-private (tuned),-0.23153712959558942
HB-01862,Non-private (tuned),-0.28024685796389953
HB-01863,Non-private (tuned),0.4242365050607123
HB-01864,Non-private (tuned),-0.019207011295309495
HB-01865,Non-private (tuned),0.7731735288777238
HB-01866,Non-private (tuned),-0.5188392808746628
HB-01867,Non-private (tuned),0.3704273398679988
HB-01868,Non-private (tuned),-0.10633931637469102
HB-01869,Non-private (tuned),0.19723194083388634
HB-01870,Non-private (tuned),-0.014148315042557924
HB-01871,Non-private (tuned),-0.27249317905692
HB-01872,Non-private (tuned),-0.3116302719599534
HB-01873,Non-private (tuned),-0.5526143332642964
HB-01874,Non-private (tuned),-0.027708984210913168
HB-01875,Non-private (tuned),0.07966420669698927
HB-01877,Non-private (tuned),-0.2462930477856583
HB-01878,Non-private (tuned),-0.27165579068227885
HB-01879,Non-private (tuned),0.10100727205867899
HB-01880,Non-private (tuned),-0.05557771463482816
HB-01881,Non-private (tuned),0.6432988030857881
HB-01882,Non-private (tuned),-0.35775201506843013
HB-01884,Non-private (tuned),0.6549106886514678
HB-01885,Non-private (tuned),-0.39679767715016806
HB-01886,Non-private (tuned),-0.07896637256966643
HB-01887,Non-private (tuned),0.08402306860820996
HB-01888,Non-private (tuned),0.1944895302658607
HB-01889,Non-private (tuned),0.1704620563861507
HB-01890,Non-private (tuned),-0.16600754549243657
HB-01891,Non-private (tuned),0.7853154892434719
HB-01893,Non-private (tuned),-0.1560358559970411
HB-01894,Non-private (tuned),-0.3508863150041266
HB-01895,Non-private (tuned),1.2593676508147797
HB-01896,Non-private (tuned),-0.240198102859265
HB-01897,Non-private (tuned),0.08776863509901695
HB-01898,Non-private (tuned),-0.36637923864205035
HB-01899,Non-private (tuned),0.1256194711029346
HB-01900,Non-private (tuned),0.48849710217268105
HB-01901,Non-private (tuned),0.0887279452539474
HB-01902,Non-private (tuned),0.09631606534276521
HB-01903,Non-private (tuned),0.642084034662942
HB-01904,Non-private (tuned),0.16837450237410778
HB-01905,Non-private (tuned),0.19270194887825554
HB-01906,Non-private (tuned),-0.09350895671889015
HB-01907,Non-private (tuned),-0.23572675275204308
HB-01908,Non-private (tuned),-0.08265718586415666
HB-01909,Non-private (tuned),-0.014240993796669155
HB-01910,Non-private (tuned),-0.1533888452600934
HB-01911,Non-private (tuned),0.24023364548975873
HB-01912,Non-private (tuned),0.29739271669286044
HB-01913,Non-private (tuned),-0.029837633459940685
HB-01914,Non-private (tuned),0.20560260814395603
HB-01915,Non-private (tuned),0.1169376879219442
HB-01917,Non-private (tuned),0.048359691250284165
HB-01918,Non-private (tuned),-0.16042643347087382
HB-01919,Non-private (tuned),0.2040674563458654
HB-01920,Non-private (tuned),0.4825898114131158
HB-01921,Non-private (tuned),0.047813300494845334
HB-01922,Non-private (tuned),-0.10952490598319276
HB-01923,Non-private (tuned),0.3526439180768952
HB-01924,Non-private (tuned),0.27255720750924706
HB-01925,Non-private (tuned),-0.01765591431653135
HB-01928,Non-private (tuned),-0.39476439440494804
HB-01929,Non-private (tuned),0.163117440391238
HB-01930,Non-private (tuned),-0.08254863566795953
HB-01931,Non-private (tuned),-0.006424491249237607
HB-01932,Non-private (tuned),-0.04563643355844291
HB-01933,Non-private (tuned),-0.21803986292555105
HB-01934,Non-private (tuned),0.018283531881378157
HB-01935,Non-private (tuned),-0.10518768086196523
HB-01937,Non-private (tuned),0.6461347738514701
HB-01938,Non-private (tuned),0.0661075419504984
HB-01939,Non-private (tuned),0.5495479627819406
HB-01940,Non-private (tuned),-0.12373699049113535
HB-01941,Non-private (tuned),-0.3791985426422584
HB-01942,Non-private (tuned),0.0309258988099487
HB-01943,Non-private (tuned),-0.08125054835171266
HB-01944,Non-private (tuned),0.26238247423482775
HB-01945,Non-private (tuned),-0.021599769748622544
HB-01946,Non-private (tuned),0.03616786167859509
HB-01948,Non-private (tuned),-0.507260990399638
HB-01950,Non-private (tuned),-0.17111692468840095
HB-01951,Non-private (tuned),0.08396591630457084
HB-01952,Non-private (tuned),0.00617597677129722
HB-01953,Non-private (tuned),0.24053119223943548
HB-01954,Non-private (tuned),0.20583918611253002
HB-01955,Non-private (tuned),-0.3286961569407013
HB-01956,Non-private (tuned),0.48331762128514505
HB-01957,Non-private (tuned),0.472277443176055
HB-01958,Non-private (tuned),0.1674024131757582
HB-01959,Non-private (tuned),0.1941458660575413
HB-01960,Non-private (tuned),0.09160708952532359
HB-01962,Non-private (tuned),-0.0020188741567527813
HB-01963,Non-private (tuned),-0.009791708182389947
HB-01964,Non-private (tuned),0.04013774031142736
HB-01965,Non-private (tuned),-0.062005174926137774
HB-01966,Non-private (tuned),-0.1406137835478758
HB-01967,Non-private (tuned),-0.09278498934078139
HB-01968,Non-private (tuned),0.7239226285300606
HB-01969,Non-private (tuned),-0.5053812843135537
HB-01970,Non-private (tuned),-0.9197345769594267
HB-01971,Non-private (tuned),-0.5507392727691633
HB-01972,Non-private (tuned),0.5528654897895163
HB-01973,Non-private (tuned),0.22639970867065146
HB-01976,Non-private (tuned),0.1881163409350637
HB-01977,Non-private (tuned),-0.9712028463274527
HB-01978,Non-private (tuned),-0.2568995630590818
HB-01979,Non-private (tuned),-0.1427086927465389
HB-01980,Non-private (tuned),-0.4600665847312513
HB-01981,Non-private (tuned),0.10313328522785453
HB-01982,Non-private (tuned),0.07563801886757063
HB-01983,Non-private (tuned),-0.04618600272765641
HB-01984,Non-private (tuned),0.17161399821417592
HB-01985,Non-private (tuned),0.3622950185770115
HB-01986,Non-private (tuned),-0.33291278419693116
HB-01987,Non-private (tuned),0.12767402586196597
HB-01988,Non-private (tuned),-0.21449785109402497
HB-01989,Non-private (tuned),-0.3755515888343395
HB-01990,Non-private (tuned),-0.033861151227952635
HB-01991,Non-private (tuned),-0.031232149939304232
HB-01993,Non-private (tuned),-0.17216417964033487
HB-01994,Non-private (tuned),-0.12489391093468433
HB-01995,Non-private (tuned),0.49973783700487634
HB-01996,Non-private (tuned),0.14960747342841202
HB-01997,Non-private (tuned),-0.23608622418602582
HB-01998,Non-private (tuned),0.13019389860220332
HB-01999,Non-private (tuned),0.12287538000219272
HB-02000,Non-private (tuned),-0.2864183269393215
HB-02001,Non-private (tuned),0.0766778327083224
HB-02002,Non-private (tuned),0.24128086888837263
HB-02003,Non-private (tuned),0.12073764221357802
HB-02004,Non-private (tuned),-0.4732871375895062
HB-02006,Non-private (tuned),0.2323355670323236
HB-02007,Non-private (tuned),-0.10459210006605757
HB-02008,Non-private (tuned),-0.304005422327583
HB-02009,Non-private (tuned),-0.03865192824800856
HB-02010,Non-private (tuned),-0.15131727085556107
HB-02011,Non-private (tuned),0.06666612603138206
HB-02012,Non-private (tuned),0.5484956093601505
HB-02013,Non-private (tuned),-0.5491505016241274
HB-02015,Non-private (tuned),0.3490903047687842
HB-02016,Non-private (tuned),0.03223310670006929
HB-02017,Non-private (tuned),-0.040553587057031826
HB-02018,Non-private (tuned),0.29919317659055344
HB-02019,Non-private (tuned),0.15617792730554592
HB-02021,Non-private (tuned),0.2846615876571257
HB-02022,Non-private (tuned),-0.43521843237896873
HB-02023,Non-private (tuned),0.13334478508295056
HB-02024,Non-private (tuned),0.3295494449810794
HB-02025,Non-private (tuned),-0.22394483643470645
HB-02026,Non-private (tuned),-0.9991406992334853
HB-02027,Non-private (tuned),0.45057355290073264
HB-02028,Non-private (tuned),-0.18528484190819
HB-02029,Non-private (tuned),0.21787293382948258
HB-02030,Non-private (tuned),-0.3643677235167969
HB-02031,Non-private (tuned),0.14056961895666062
HB-02032,Non-private (tuned),0.03132503422599786
HB-02033,Non-private (tuned),0.04713177193534135
HB-02034,Non-private (tuned),0.17052343009749366
HB-02035,Non-private (tuned),-0.3678063296823775
HB-02036,Non-private (tuned),0.03676910119656751
HB-02037,Non-private (tuned),0.17375938914399008
HB-02038,Non-private (tuned),-0.05294457974525979
HB-02039,Non-private (tuned),0.0669371820812733
HB-02040,Non-private (tuned),-0.1897493081366562
HB-02041,Non-private (tuned),0.03573652598697838
HB-02043,Non-private (tuned),-0.12907055151466962
HB-02044,Non-private (tuned),0.12431671653966597
HB-02045,Non-private (tuned),-0.46649051860231766
HB-02046,Non-private (tuned),-0.025967253407407798
HB-02047,Non-private (tuned),0.007078711691443362
HB-02048,Non-private (tuned),-0.060695581307962654
HB-02050,Non-private (tuned),-0.19858421484822597
HB-02051,Non-private (tuned),-0.3386087709542041
HB-02053,Non-private (tuned),-0.2397117377697761
HB-02054,Non-private (tuned),-0.18431108214753772
HB-02055,Non-private (tuned),-0.16069000012324758
HB-02056,Non-private (tuned),-0.02576547370615051
HB-02057,Non-private (tuned),-0.1740047430966863
HB-02058,Non-private (tuned),-0.04851017795319512
HB-02060,Non-private (tuned),-0.020621784133348642
HB-02061,Non-private (tuned),-0.33314119108630524
HB-02062,Non-private (tuned),-0.3117452015670777
HB-02063,Non-private (tuned),-0.10457422320967086
HB-02064,Non-private (tuned),-0.20130340899168037
HB-02065,Non-private (tuned),-0.3597496042284858
HB-02066,Non-private (tuned),-0.16216098712546212
HB-02067,Non-private (tuned),-0.3559242756705239
HB-02068,Non-private (tuned),0.32027033528612436
HB-02069,Non-private (tuned),0.43340809430622096
HB-02070,Non-private (tuned),-0.0008941098939811432
HB-02071,Non-private (tuned),-0.5073918363338652
HB-02072,Non-private (tuned),-0.06405833973292148
HB-02073,Non-private (tuned),0.20680659068131535
HB-02074,Non-private (tuned),0.291124285687549
HB-02075,Non-private (tuned),0.05721077877429226
HB-02076,Non-private (tuned),-0.12445648046308122
HB-02077,Non-private (tuned),0.47451062070923294
HB-02078,Non-private (tuned),-0.18691812779927225
HB-02079,Non-private (tuned),0.16108454761106344
HB-02080,Non-private (tuned),0.11663936289439075
HB-02081,Non-private (tuned),-0.26034080491625927
HB-02082,Non-private (tuned),0.007639320588669951
HB-02083,Non-private (tuned),0.35994364236984666
HB-02084,Non-private (tuned),-0.057366888694233675
HB-02085,Non-private (tuned),0.03664885718429023
HB-02086,Non-private (tuned),-0.1395865936057757
HB-02087,Non-private (tuned),0.33779508585936496
HB-02088,Non-private (tuned),0.2363668363981446
HB-02089,Non-private (tuned),-0.37769372422941216
HB-02090,Non-private (tuned),0.1501579787334934
HB-02091,Non-private (tuned),0.36691888606258216
HB-02092,Non-private (tuned),-0.5020400203297675
HB-02093,Non-private (tuned),0.3444450831714282
HB-02094,Non-private (tuned),0.4505452947487466
HB-02096,Non-private (tuned),0.1292054298062918
HB-02098,Non-private (tuned),0.14056204153061985
HB-02099,Non-private (tuned),0.1185036162312654
HB-02100,Non-private (tuned),-0.036673048453765456
HB-02101,Non-private (tuned),-0.10533239601875638
HB-02103,Non-private (tuned),-0.3358347765789777
HB-02105,Non-private (tuned),0.1704533780442114
HB-02106,Non-private (tuned),-0.2973875725089119
HB-02108,Non-private (tuned),0.31298478706093985
HB-02110,Non-private (tuned),0.31463240317432
HB-02111,Non-private (tuned),-0.053145100640626164
HB-02112,Non-private (tuned),0.15610330220766308
HB-02113,Non-private (tuned),0.026794662059458907
HB-02114,Non-private (tuned),-0.028951812271246213
HB-02115,Non-private (tuned),-0.43267442929512845
HB-02116,Non-private (tuned),0.2045142233341527
HB-02117,Non-private (tuned),-0.1832422926114421
HB-02119,Non-private (tuned),0.2549012010750695
HB-02120,Non-private (tuned),-0.6419120484200933
HB-02121,Non-private (tuned),0.19245971736590006
HB-02123,Non-private (tuned),-0.21601887332115888
HB-02124,Non-private (tuned),-0.561888752556718
HB-02125,Non-private (tuned),-0.08660956494987682
HB-02126,Non-private (tuned),-0.057968681509325604
HB-02127,Non-private (tuned),-0.07373509948070026
HB-02128,Non-private (tuned),-0.0073082918472091585
HB-02129,Non-private (tuned),-0.43856942659962805
HB-02130,Non-private (tuned),-0.31985595658435145
HB-02131,Non-private (tuned),0.14091070408119222
HB-02132,Non-private (tuned),0.36165994572186233
HB-02134,Non-private (tuned),0.009283167091965305
HB-02135,Non-private (tuned),0.16853339685636176
HB-02136,Non-private (tuned),-0.07159058347570557
HB-02137,Non-private (tuned),0.5058342175076513
HB-02138,Non-private (tuned),-0.2548077225278843
HB-02140,Non-private (tuned),-0.047746264224768714
HB-02141,Non-private (tuned),0.5028080189514059
HB-02142,Non-private (tuned),0.037941095720661455
HB-02143,Non-private (tuned),0.20364568819740933
HB-02144,Non-private (tuned),-0.04273864672212015
HB-02146,Non-private (tuned),0.32478825224130886
HB-02147,Non-private (tuned),0.1828955033111479
HB-02148,Non-private (tuned),-0.045658634520406305
HB-02149,Non-private (tuned),0.20891049140291806
HB-02150,Non-private (tuned),0.015925261166552518
HB-02152,Non-private (tuned),-0.1823257109152735
HB-02153,Non-private (tuned),0.7621405583482719
HB-02154,Non-private (tuned),-1.3934026357914566
HB-02155,Non-private (tuned),0.07278235670986688
HB-02156,Non-private (tuned),-0.06275781970035144
HB-02157,Non-private (tuned),-0.43253735411486766
HB-02158,Non-private (tuned),0.5029387958008091
HB-02159,Non-private (tuned),0.37073941517784853
HB-02160,Non-private (tuned),0.31593341975848643
HB-02161,Non-private (tuned),-0.3893281818535629
HB-02162,Non-private (tuned),0.3315254603199292
HB-02163,Non-private (tuned),0.7190513620914516
HB-02164,Non-private (tuned),-0.3188773361525757
HB-02165,Non-private (tuned),-0.025698800160305568
HB-02166,Non-private (tuned),0.10845564322321871
HB-02167,Non-private (tuned),0.2283167935312902
HB-02168,Non-private (tuned),0.10544569935851211
HB-02170,Non-private (tuned),-0.195103087635904
HB-02171,Non-private (tuned),0.13883904281895865
HB-02172,Non-private (tuned),0.1389107964972197
HB-02173,Non-private (tuned),-0.08087934431415911
HB-02174,Non-private (tuned),-0.07766106211133567
HB-02175,Non-private (tuned),-0.16431629041810225
HB-02176,Non-private (tuned),0.10763685009394708
HB-02177,Non-private (tuned),-0.7222853149286955
HB-02178,Non-private (tuned),-0.2678182239015629
HB-02179,Non-private (tuned),0.054091919892695906
HB-02180,Non-private (tuned),-0.10619480874736165
HB-02181,Non-private (tuned),-0.11596171422807239
HB-02182,Non-private (tuned),-0.5345490335022441
HB-02183,Non-private (tuned),-0.08396407518202614
HB-02185,Non-private (tuned),-0.07719322739836898
HB-02186,Non-private (tuned),0.04377518112895343
HB-02187,Non-private (tuned),-0.14578657338999262
HB-02188,Non-private (tuned),-0.4424969948319783
HB-02189,Non-private (tuned),-0.4232122013902865
HB-02190,Non-private (tuned),0.14036229953273244
HB-02191,Non-private (tuned),0.10874621098141696
HB-02192,Non-private (tuned),-0.09059072899134621
HB-02193,Non-private (tuned),0.009336690227882805
HB-02194,Non-private (tuned),-0.012216072667908418
HB-02195,Non-private (tuned),0.45291499813640856
HB-02196,Non-private (tuned),-0.6060779428255616
HB-02197,Non-private (tuned),-0.12323487565818297
HB-02198,Non-private (tuned),0.47778873832954916
HB-02199,Non-private (tuned),-0.9781145808290812
HB-02200,Non-private (tuned),0.17171633627732996
HB-02201,Non-private (tuned),-0.06242280299235159
HB-02203,Non-private (tuned),0.21592478149036354
HB-02204,Non-private (tuned),0.15457586393089706
HB-02205,Non-private (tuned),-0.1743091314627
HB-02206,Non-private (tuned),-0.08973524408877881
HB-02207,Non-private (tuned),0.10435463789458149
HB-02208,Non-private (tuned),-0.22786130169048757
HB-02209,Non-private (tuned),0.11276829551896
HB-02210,Non-private (tuned),-0.4295976056243187
HB-02211,Non-private (tuned),-0.03885725410841201
HB-02212,Non-private (tuned),0.31562012462953604
HB-02215,Non-private (tuned),0.2748408275969952
HB-02216,Non-private (tuned),-0.2898970587482
HB-02217,Non-private (tuned),-0.7017607515348963
HB-02218,Non-private (tuned),0.2254328279596814
HB-02219,Non-private (tuned),-0.22199912103579625
HB-02220,Non-private (tuned),-0.8618108130916289
HB-02221,Non-private (tuned),-0.2816291353440345
HB-02222,Non-private (tuned),0.22512426214160192
HB-02223,Non-private (tuned),-0.20108464293167647
HB-02224,Non-private (tuned),-0.6520120066374115
HB-02225,Non-private (tuned),-0.16491291241473377
HB-02226,Non-private (tuned),0.32602584366638393
HB-02227,Non-private (tuned),0.13533810448311817
HB-02228,Non-private (tuned),-0.6847978225388844
HB-02229,Non-private (tuned),0.201190175349158
HB-02230,Non-private (tuned),-0.13966620663016327
HB-02231,Non-private (tuned),0.013310015023255961
HB-02232,Non-private (tuned),0.21370959339383971
HB-02233,Non-private (tuned),0.06451879982371533
HB-02234,Non-private (tuned),0.19387173930809776
HB-02235,Non-private (tuned),0.04647270682790983
HB-02237,Non-private (tuned),0.10142379269615448
HB-02238,Non-private (tuned),-0.003290620742186723
HB-02239,Non-private (tuned),0.10930308118441967
HB-02240,Non-private (tuned),-0.08594893498374317
HB-02241,Non-private (tuned),-0.7164924048960564
HB-02243,Non-private (tuned),-0.15331037222017796
HB-02244,Non-private (tuned),0.03175569991770627
HB-02246,Non-private (tuned),-0.09556846104971028
HB-02247,Non-private (tuned),0.14316494309449995
HB-02248,Non-private (tuned),-0.052261271109439955
HB-02249,Non-private (tuned),-0.17762759998473976
HB-02250,Non-private (tuned),0.2628626373545262
HB-02251,Non-private (tuned),-0.0036113262055747497
HB-02252,Non-private (tuned),0.013598966257352019
HB-02253,Non-private (tuned),0.011773275719181464
HB-02255,Non-private (tuned),-0.0859016496136763
HB-02256,Non-private (tuned),0.2497489438526092
HB-02257,Non-private (tuned),0.17313348624640285
HB-02258,Non-private (tuned),0.23380015390251768
HB-02259,Non-private (tuned),0.09261208518130443
HB-02260,Non-private (tuned),-0.12192875312885154
HB-02261,Non-private (tuned),0.0582403665719734
HB-02262,Non-private (tuned),-0.3358808158267489
HB-02263,Non-private (tuned),0.4545155745840692
HB-02264,Non-private (tuned),0.18649100488627662
HB-02265,Non-private (tuned),-0.07670500463931057
HB-02266,Non-private (tuned),0.7339918966703595
HB-02267,Non-private (tuned),0.031039733637664657
HB-02268,Non-private (tuned),0.074020670519996
HB-02270,Non-private (tuned),0.12595924372613787
HB-02271,Non-private (tuned),-0.07673435777143023
HB-02272,Non-private (tuned),0.16597189707382315
HB-02273,Non-private (tuned),0.3892898327244489
HB-02274,Non-private (tuned),-0.07522104944712493
HB-02275,Non-private (tuned),-0.17510221392291603
HB-02276,Non-private (tuned),-0.06683491720461332
HB-02277,Non-private (tuned),0.16156641320790488
HB-02278,Non-private (tuned),0.10568079203391645
HB-02279,Non-private (tuned),-0.3817247151590193
HB-02280,Non-private (tuned),-0.16819437109790153
HB-02281,Non-private (tuned),0.3095438557570506
HB-02282,Non-private (tuned),0.18496932830531826
HB-02285,Non-private (tuned),-0.19697534592960586
HB-02287,Non-private (tuned),0.045736026342939606
HB-02288,Non-private (tuned),0.0013489400265173646
HB-02289,Non-private (tuned),0.1948890220657611
HB-02290,Non-private (tuned),0.1649138668338453
HB-02291,Non-private (tuned),-0.33440823303743983
HB-02292,Non-private (tuned),0.10475550033338005
HB-02293,Non-private (tuned),0.12709884786348602
HB-02295,Non-private (tuned),-0.025040313284555582
HB-02296,Non-private (tuned),0.6524596291330307
HB-02297,Non-private (tuned),-0.08302266397718966
HB-02298,Non-private (tuned),0.08339183814226242
HB-02299,Non-private (tuned),0.08903870197668973
HB-02300,Non-private (tuned),-0.4871848246626937
HB-02301,Non-private (tuned),-0.09598168332516127
HB-02302,Non-private (tuned),0.14558593706366865
HB-02303,Non-private (tuned),0.6277855189235358
HB-02304,Non-private (tuned),-0.3119381051075115
HB-02305,Non-private (tuned),0.2829840504362706
HB-02306,Non-private (tuned),0.5170359064691759
HB-02307,Non-private (tuned),0.39895394141531376
HB-02308,Non-private (tuned),-0.339937791414307
HB-02309,Non-private (tuned),-0.2609452616033498
HB-02310,Non-private (tuned),0.20338318334045508
HB-02311,Non-private (tuned),0.09836917840210596
HB-02312,Non-private (tuned),-0.2873033262071986
HB-02313,Non-private (tuned),-4.193229962695614
HB-02314,Non-private (tuned),0.5338749814546229
HB-02315,Non-private (tuned),-0.46542617787175034
HB-02316,Non-private (tuned),0.050985872311116565
HB-02317,Non-private (tuned),0.05385874006911301
HB-02318,Non-private (tuned),-1.2783254458737465
HB-02319,Non-private (tuned),0.014184420887795368
HB-02320,Non-private (tuned),-0.32772898867376493
HB-02322,Non-private (tuned),0.10293852134168219
HB-02323,Non-private (tuned),-0.44494431754890057
HB-02324,Non-private (tuned),0.26057098084303937
HB-02325,Non-private (tuned),-0.09621196802411436
HB-02326,Non-private (tuned),-0.4534207298494247
HB-02327,Non-private (tuned),0.032592075294822
HB-02328,Non-private (tuned),0.20777825156800345
HB-02329,Non-private (tuned),0.2538657617292792
HB-02330,Non-private (tuned),-0.08679779288729894
HB-02331,Non-private (tuned),-0.02387860546207876
HB-02332,Non-private (tuned),-0.37731443674270315
HB-02333,Non-private (tuned),0.2524553096824545
HB-02334,Non-private (tuned),0.020173142244317765
HB-02336,Non-private (tuned),0.43466836273617154
HB-02337,Non-private (tuned),0.2535200171694786
HB-02338,Non-private (tuned),-0.10826800900762368
HB-02339,Non-private (tuned),-0.044982653416702545
HB-02340,Non-private (tuned),-0.1623344968869247
HB-02341,Non-private (tuned),-0.08119649561208231
HB-02342,Non-private (tuned),0.12193486099408396
HB-02343,Non-private (tuned),-0.5461265409463826
HB-02344,Non-private (tuned),-0.017537614573988114
HB-02345,Non-private (tuned),0.16884420793862204
HB-02346,Non-private (tuned),-0.144266618337141
HB-02347,Non-private (tuned),0.4489929634965104
HB-02348,Non-private (tuned),0.1839960025947131
HB-02349,Non-private (tuned),-0.081743690954453
HB-02350,Non-private (tuned),-0.07208914354850193
HB-02351,Non-private (tuned),-0.227237839993436
HB-02352,Non-private (tuned),0.18862815287939733
HB-02353,Non-private (tuned),-0.09103490503051798
HB-02354,Non-private (tuned),-0.5896364918571496
HB-02355,Non-private (tuned),0.3938696605023264
HB-02356,Non-private (tuned),-0.2304190358763712
HB-02358,Non-private (tuned),0.07133498844034752
HB-02359,Non-private (tuned),0.3967206082370476
HB-02360,Non-private (tuned),-0.16447527091893432
HB-02361,Non-private (tuned),-0.09753325564347848
HB-02362,Non-private (tuned),-0.5316829238299275
HB-02363,Non-private (tuned),0.0983880584941379
HB-02364,Non-private (tuned),0.2756289149620552
HB-02367,Non-private (tuned),-0.06453629177709808
HB-02368,Non-private (tuned),0.22724242468325828
HB-02369,Non-private (tuned),-0.11185886700127506
HB-02370,Non-private (tuned),-0.418646141228763
HB-02371,Non-private (tuned),0.28513039874855495
HB-02372,Non-private (tuned),-0.15210700789474582
HB-02373,Non-private (tuned),-0.5194230438558918
HB-02374,Non-private (tuned),0.6655358766230448
HB-02375,Non-private (tuned),0.37789304976002364
HB-02376,Non-private (tuned),-0.23810797630127573
HB-02377,Non-private (tuned),0.059611904278977224
HB-02378,Non-private (tuned),-0.09898546159246047
HB-02380,Non-private (tuned),-0.345134972950737
HB-02381,Non-private (tuned),-0.5978355599642388
HB-02382,Non-private (tuned),-0.22804450476772364
HB-02384,Non-private (tuned),0.10763466598809424
HB-02385,Non-private (tuned),0.3130516205955207
HB-02387,Non-private (tuned),0.046353171126532866
HB-02388,Non-private (tuned),-0.07714677745856835
HB-02389,Non-private (tuned),-0.18074178025493048
HB-02390,Non-private (tuned),0.07488302897427973
HB-02392,Non-private (tuned),-0.11094451562261
HB-02393,Non-private (tuned),0.14703409416619473
HB-02394,Non-private (tuned),0.09188511054563026
HB-02395,Non-private (tuned),0.18383408314345462
HB-02396,Non-private (tuned),0.029253399321025775
HB-02397,Non-private (tuned),0.5771040268104646
HB-02399,Non-private (tuned),-0.1404342453893841
HB-02401,Non-private (tuned),-0.2512057297766769
HB-02402,Non-private (tuned),0.24877965264248275
HB-02403,Non-private (tuned),-0.3084602775037735
HB-02404,Non-private (tuned),-0.10708104046845232
HB-02405,Non-private (tuned),-0.13901398912310844
HB-02406,Non-private (tuned),-0.2874432662560001
HB-02407,Non-private (tuned),-0.2948587428697469
HB-02408,Non-private (tuned),-0.2131571945571964
HB-02409,Non-private (tuned),0.07600604648561049
HB-02410,Non-private (tuned),-0.1211202993332885
HB-02411,Non-private (tuned),-0.11996239641068501
HB-02412,Non-private (tuned),-0.17918684637026233
HB-02413,Non-private (tuned),0.33321207480952975
HB-02414,Non-private (tuned),0.07837145598214551
HB-02415,Non-private (tuned),-0.22092292599274788
HB-02416,Non-private (tuned),-0.3552957683189451
HB-02417,Non-private (tuned),-0.055812764378636026
HB-02418,Non-private (tuned),1.0532020812201188
HB-02419,Non-private (tuned),-0.023116948667405213
HB-02420,Non-private (tuned),-0.5986722106731845
HB-02421,Non-private (tuned),0.23921581439880046
HB-02422,Non-private (tuned),0.5371929848062933
HB-02423,Non-private (tuned),0.15640615253710388
HB-02424,Non-private (tuned),-0.5791270069417033
HB-02425,Non-private (tuned),-0.0033194892940032195
HB-02426,Non-private (tuned),-0.4487151524823172
HB-02427,Non-private (tuned),0.21383549670192314
HB-02429,Non-private (tuned),-0.01089339943504547
HB-02430,Non-private (tuned),-0.24267326470196254
HB-02431,Non-private (tuned),-0.026560296950352558
HB-02432,Non-private (tuned),0.5525469366998016
HB-02433,Non-private (tuned),0.2311374658904934
HB-02435,Non-private (tuned),0.3320881386803351
HB-02436,Non-private (tuned),-0.1784491097086783
HB-02437,Non-private (tuned),-0.3046623885079326
HB-02438,Non-private (tuned),-0.357960103891495
HB-02439,Non-private (tuned),0.10225518165683617
HB-02440,Non-private (tuned),-0.18440020281816366
HB-02441,Non-private (tuned),-0.17570603533008328
HB-02442,Non-private (tuned),-0.5697325808710698
HB-02443,Non-private (tuned),-0.21504037824573596
HB-02445,Non-private (tuned),0.5375595268501963
HB-02446,Non-private (tuned),-0.1476181102479419
HB-02447,Non-private (tuned),0.14706235633803855
HB-02449,Non-private (tuned),0.0327954480269855
HB-02451,Non-private (tuned),-0.26805037890763705
HB-02452,Non-private (tuned),-0.29760102965725455
HB-02454,Non-private (tuned),0.5325932093322957
HB-02455,Non-private (tuned),-0.07290174249466674
HB-02457,Non-private (tuned),0.04287226167811098
HB-02458,Non-private (tuned),-0.006834410801256352
HB-02459,Non-private (tuned),0.06865872189903788
HB-02460,Non-private (tuned),0.3497114658974112
HB-02461,Non-private (tuned),0.22660551124306688
HB-02464,Non-private (tuned),-0.11374696187863637
HB-02465,Non-private (tuned),0.35734192476374116
HB-02466,Non-private (tuned),-0.015727312929429083
HB-02467,Non-private (tuned),-0.3193019204952764
HB-02468,Non-private (tuned),0.01220200708700192
HB-02471,Non-private (tuned),-0.6369925937204606
HB-02472,Non-private (tuned),0.15634700889688025
HB-02473,Non-private (tuned),-0.2683325562920493
HB-02474,Non-private (tuned),0.17861949973854224
HB-02476,Non-private (tuned),-0.050079771675111295
HB-02477,Non-private (tuned),0.0654100863995461
HB-02478,Non-private (tuned),-0.7898070505944232
HB-02480,Non-private (tuned),0.09180089111335499
HB-02482,Non-private (tuned),-0.6534934822264443
HB-02483,Non-private (tuned),-0.07688463599231685
HB-02484,Non-private (tuned),0.49384060433985016
HB-02485,Non-private (tuned),1.0111153680473874
HB-02486,Non-private (tuned),-0.43029587151246707
HB-02487,Non-private (tuned),0.07914618735856271
HB-02488,Non-private (tuned),-0.08349632808711896
HB-02489,Non-private (tuned),0.36362128067732674
HB-02491,Non-private (tuned),-0.3002213023058513
HB-02492,Non-private (tuned),0.2585333159553195
HB-02494,Non-private (tuned),0.43110303809709155
HB-02495,Non-private (tuned),-0.3209251473882743
HB-02496,Non-private (tuned),-0.0026502802075285548
HB-02497,Non-private (tuned),0.06874697024722859
HB-02498,Non-private (tuned),0.43341069060870113
HB-02499,Non-private (tuned),0.15348387813551195
HB-02500,Non-private (tuned),0.2302830845352246
HB-02501,Non-private (tuned),-0.3748689590531267
HB-02503,Non-private (tuned),1.1106745658771633
HB-02504,Non-private (tuned),0.27480120922131784
HB-02505,Non-private (tuned),-0.055823633836888265
HB-02506,Non-private (tuned),-0.15664776882445475
HB-02507,Non-private (tuned),0.2005964639817462
HB-02509,Non-private (tuned),-0.23584414270182535
HB-02510,Non-private (tuned),0.004038413190273704
HB-02511,Non-private (tuned),0.3165734488849513
HB-02513,Non-private (tuned),0.02233770113628253
HB-02514,Non-private (tuned),0.3083057879891463
HB-02515,Non-private (tuned),0.048982163001722034
HB-02516,Non-private (tuned),0.43525337264499775
HB-02517,Non-private (tuned),-0.3131113628729386
HB-02518,Non-private (tuned),-0.14531217769268834
HB-02519,Non-private (tuned),-0.7353049398033593
HB-02520,Non-private (tuned),0.011233472080777351
HB-02521,Non-private (tuned),0.0015940672117057408
HB-02522,Non-private (tuned),0.14231160586179858
HB-02523,Non-private (tuned),-0.1677822894426288
HB-02524,Non-private (tuned),0.24258685411624942
HB-02525,Non-private (tuned),-0.2624094749433242
HB-02526,Non-private (tuned),0.10025347835710885
HB-02527,Non-private (tuned),0.17709846891095096
HB-02528,Non-private (tuned),-0.200120620764352
HB-02529,Non-private (tuned),0.1859935444551628
HB-02530,Non-private (tuned),-0.003115641989459045
HB-02531,Non-private (tuned),0.044829803119892264
HB-02532,Non-private (tuned),0.0764001475790238
HB-02534,Non-private (tuned),-0.2759831416950868
HB-02535,Non-private (tuned),0.4723150280607017
HB-02536,Non-private (tuned),-0.16535634667385452
HB-02537,Non-private (tuned),0.1975281334195542
HB-02538,Non-private (tuned),0.18537178884742173
HB-02539,Non-private (tuned),-0.10573216619572168
HB-02540,Non-private (tuned),-0.059693082293788335
HB-02541,Non-private (tuned),-0.3157948529524083
HB-02543,Non-private (tuned),0.20889422083123688
HB-02544,Non-private (tuned),-0.1894242916796205
HB-02545,Non-private (tuned),0.04627167408523447
HB-02546,Non-private (tuned),0.7140529022788521
HB-02547,Non-private (tuned),-0.20937610197670986
HB-02549,Non-private (tuned),0.580598996988454
HB-02550,Non-private (tuned),0.2246702785752152
HB-02552,Non-private (tuned),0.4895060597710412
HB-02553,Non-private (tuned),-0.02174305868121934
HB-02555,Non-private (tuned),-0.21948560312019733
HB-02557,Non-private (tuned),0.4423916225268655
HB-02558,Non-private (tuned),-0.265593766415822
HB-02559,Non-private (tuned),-0.15111344772257185
HB-02560,Non-private (tuned),0.41096539779685437
HB-02562,Non-private (tuned),-0.3043053977461642
HB-02563,Non-private (tuned),-0.026201134703131013
HB-02564,Non-private (tuned),-0.028493394654832693
HB-02565,Non-private (tuned),0.1061537669993502
HB-02566,Non-private (tuned),0.7705693898617527
HB-02567,Non-private (tuned),-0.040595884407449045
HB-02568,Non-private (tuned),0.8001119499226
HB-02570,Non-private (tuned),-0.14363145198789967
HB-02571,Non-private (tuned),-0.020313365797191674
HB-02572,Non-private (tuned),0.35840220756590957
HB-02573,Non-private (tuned),-0.17798189060843486
HB-02574,Non-private (tuned),-0.20227376234253286
HB-02575,Non-private (tuned),0.10775901181288364
HB-02576,Non-private (tuned),-0.08191992998441155
HB-02577,Non-private (tuned),0.29242119541710454
HB-02578,Non-private (tuned),-0.036144464997267534
HB-02579,Non-private (tuned),-1.3756558932210545
HB-02580,Non-private (tuned),-0.42761726892073226
HB-02581,Non-private (tuned),-0.22794176274141836
HB-02582,Non-private (tuned),0.3222796076472444
HB-02583,Non-private (tuned),-0.5146444333583581
HB-02584,Non-private (tuned),0.08340896477930682
HB-02585,Non-private (tuned),-0.08465518906384861
HB-02586,Non-private (tuned),0.07571487213459663
HB-02587,Non-private (tuned),-0.5981193905606188
HB-02588,Non-private (tuned),-0.20248385605752767
HB-02589,Non-private (tuned),-0.2779307543077234
HB-02590,Non-private (tuned),-0.24393187364641344
HB-02591,Non-private (tuned),-0.12192711620396013
HB-02592,Non-private (tuned),1.0203171660085364
HB-02593,Non-private (tuned),0.44443379056396987
HB-02594,Non-private (tuned),-0.8704030559844741
HB-02595,Non-private (tuned),-0.07684495253529633
HB-02596,Non-private (tuned),-0.6185438840459736
HB-02597,Non-private (tuned),-0.24183164066954516
HB-02598,Non-private (tuned),-0.3454368828638153
HB-02599,Non-private (tuned),0.07241596373192005
HB-02600,Non-private (tuned),0.0005315989828067469
HB-02601,Non-private (tuned),0.11401468688806371
HB-02602,Non-private (tuned),0.1123932730414342
HB-02603,Non-private (tuned),0.4455898512323264
HB-02604,Non-private (tuned),-0.2233881634915186
HB-02605,Non-private (tuned),-0.6339122860247239
HB-02606,Non-private (tuned),-0.4219369685172504
HB-02607,Non-private (tuned),0.36310401800560627
HB-02608,Non-private (tuned),0.5003929683615737
HB-02609,Non-private (tuned),0.1450638956293519
HB-02610,Non-private (tuned),0.020248459971138
HB-02611,Non-private (tuned),-0.5322790609344048
HB-02612,Non-private (tuned),-0.004275001241352938
HB-02613,Non-private (tuned),-0.7872202501369794
HB-02614,Non-private (tuned),-0.1134318186481984
HB-02615,Non-private (tuned),-0.17112718151620038
HB-02616,Non-private (tuned),0.1632012374690901
HB-02617,Non-private (tuned),0.02256582191299783
HB-02618,Non-private (tuned),0.3449070158284692
HB-02619,Non-private (tuned),-0.28786688392823484
HB-02621,Non-private (tuned),0.06850890360046563
HB-02622,Non-private (tuned),-0.05380036209158179
HB-02623,Non-private (tuned),-0.23338683060396545
HB-02624,Non-private (tuned),-0.3585164003314929
HB-02625,Non-private (tuned),0.2932648720208078
HB-02626,Non-private (tuned),0.1681492006032762
HB-02627,Non-private (tuned),-0.38391693744742905
HB-02628,Non-private (tuned),-0.013174931820578023
HB-02629,Non-private (tuned),-0.13570551187198907
HB-02630,Non-private (tuned),0.14918169462361164
HB-02631,Non-private (tuned),-0.36445904353314523
HB-02632,Non-private (tuned),-0.05377745694263464
HB-02633,Non-private (tuned),0.06354602380590507
HB-02634,Non-private (tuned),0.018140947604700308
HB-02635,Non-private (tuned),-0.25944090554055654
HB-02637,Non-private (tuned),-0.011823305411903628
HB-02638,Non-private (tuned),-0.16227951713603855
HB-02639,Non-private (tuned),-0.14631111236121228
HB-02640,Non-private (tuned),-0.03751940152724348
HB-02641,Non-private (tuned),-0.1847389193441496
HB-02643,Non-private (tuned),-0.4433380008122194
HB-02644,Non-private (tuned),-0.17438293064058213
HB-02645,Non-private (tuned),-0.06565289323130663
HB-02646,Non-private (tuned),-0.06881094289669704
HB-02647,Non-private (tuned),0.39275744817036395
HB-02648,Non-private (tuned),-0.1598040323826475
HB-02649,Non-private (tuned),0.13215045446262091
HB-02650,Non-private (tuned),0.45903073290566265
HB-02651,Non-private (tuned),0.30583556531435163
HB-02652,Non-private (tuned),-1.1150565882245296
HB-02653,Non-private (tuned),-0.11338068093313924
HB-02654,Non-private (tuned),-0.21424812134210136
HB-02655,Non-private (tuned),0.3265951198384038
HB-02656,Non-private (tuned),0.0027236934667986545
HB-02657,Non-private (tuned),0.03097104604973802
HB-02658,Non-private (tuned),-0.06255464629279323
HB-02659,Non-private (tuned),-0.10773049360903336
HB-02660,Non-private (tuned),-0.2877411964504292
HB-02661,Non-private (tuned),0.14429811056952813
HB-02662,Non-private (tuned),-0.18884210764663092
HB-02663,Non-private (tuned),-0.025683833870002504
HB-02664,Non-private (tuned),0.7998349254289885
HB-02665,Non-private (tuned),0.15244045770948
HB-02666,Non-private (tuned),0.06575792726615781
HB-02667,Non-private (tuned),0.04864151849946449
HB-02668,Non-private (tuned),0.08184227419508935
HB-02669,Non-private (tuned),0.5325165724607357
HB-02670,Non-private (tuned),0.48426016319216125
HB-02671,Non-private (tuned),0.20474353338573997
HB-02672,Non-private (tuned),0.030781530865628348
HB-02674,Non-private (tuned),-0.10995967897691433
HB-02676,Non-private (tuned),0.1997160496951429
HB-02678,Non-private (tuned),0.580363473187236
HB-02680,Non-private (tuned),-0.10515886058890278
HB-02681,Non-private (tuned),0.4678948796493911
HB-02683,Non-private (tuned),0.06027527843385461
HB-02684,Non-private (tuned),0.10093901290381213
HB-02685,Non-private (tuned),0.11134392669312715
HB-02686,Non-private (tuned),-0.2506985192838869
HB-02688,Non-private (tuned),0.17275566493909883
HB-02689,Non-private (tuned),0.21782042696146045
HB-02690,Non-private (tuned),-0.5439494582971526
HB-02691,Non-private (tuned),0.4043439324763666
HB-02692,Non-private (tuned),-0.08380085558947636
HB-02693,Non-private (tuned),-0.07845428721111047
HB-02694,Non-private (tuned),0.3013194539869059
HB-02695,Non-private (tuned),-0.29094610719110614
HB-02696,Non-private (tuned),-0.055729865989365024
HB-02697,Non-private (tuned),0.04246656159692125
HB-02698,Non-private (tuned),0.8296001434608198
HB-02699,Non-private (tuned),-0.21135385826565073
HB-02700,Non-private (tuned),0.20623547682298454
HB-02701,Non-private (tuned),0.18386806544919937
HB-02702,Non-private (tuned),-0.28582653085479803
HB-02704,Non-private (tuned),0.29254104800685665
HB-02705,Non-private (tuned),0.2570327108322704
HB-02706,Non-private (tuned),-0.03168887525541636
HB-02707,Non-private (tuned),-0.2009586625569455
HB-02708,Non-private (tuned),-0.21037940229758578
HB-02709,Non-private (tuned),0.09071081498675271
HB-02710,Non-private (tuned),-0.07672928391136946
HB-02711,Non-private (tuned),-0.23933547040930925
HB-02712,Non-private (tuned),-0.11292064479356168
HB-02713,Non-private (tuned),0.3914341984913008
HB-02715,Non-private (tuned),-0.34362174819969044
HB-02717,Non-private (tuned),0.039654164659590596
HB-02719,Non-private (tuned),-0.19740613636010873
HB-02721,Non-private (tuned),0.14046545009529787
HB-02722,Non-private (tuned),-0.012522166929901768
HB-02723,Non-private (tuned),-0.149152949385462
HB-02724,Non-private (tuned),-0.03069419181004157
HB-02725,Non-private (tuned),-0.1983817982512734
HB-02726,Non-private (tuned),0.12053319371252069
HB-02727,Non-private (tuned),-0.19707944868183938
HB-02729,Non-private (tuned),0.2984076527919306
HB-02730,Non-private (tuned),-0.0615398219870642
HB-02731,Non-private (tuned),0.07960156883829933
HB-02732,Non-private (tuned),-0.012544981459365917
HB-02733,Non-private (tuned),-0.06378874285515762
HB-02734,Non-private (tuned),-0.07533131596508602
HB-02735,Non-private (tuned),0.21302969104218888
HB-02736,Non-private (tuned),0.1413090606316508
HB-02737,Non-private (tuned),-0.7832310881455604
HB-02738,Non-private (tuned),-0.15845505007859234
HB-02739,Non-private (tuned),-0.04981428193465631
HB-02740,Non-private (tuned),0.18196509490625581
HB-02741,Non-private (tuned),-0.1473143957873344
HB-02743,Non-private (tuned),0.18839798102845456
HB-02744,Non-private (tuned),-0.13450120129406645
HB-02746,Non-private (tuned),-0.05007526416573649
HB-02747,Non-private (tuned),-0.553198782524447
HB-02749,Non-private (tuned),-0.19504741160233313
HB-02750,Non-private (tuned),0.7833957278507299
HB-02751,Non-private (tuned),-0.34746600171236397
HB-02752,Non-private (tuned),-0.16135287023743772
HB-02753,Non-private (tuned),-0.09039941654999595
HB-02755,Non-private (tuned),0.16888908034019823
HB-02756,Non-private (tuned),-0.006466375228511345
HB-02757,Non-private (tuned),-0.14706452852595797
HB-02758,Non-private (tuned),-0.2471238660943594
HB-02759,Non-private (tuned),-0.22662814848153673
HB-02761,Non-private (tuned),0.007016812269905304
HB-02762,Non-private (tuned),-0.16109522924940056
HB-02763,Non-private (tuned),-0.22792253637359666
HB-02764,Non-private (tuned),0.07163579677401749
HB-02766,Non-private (tuned),-0.30645743037429035
HB-02767,Non-private (tuned),0.13362418321250652
HB-02768,Non-private (tuned),-0.35687820435704887
HB-02769,Non-private (tuned),-1.0825540733234802
HB-02770,Non-private (tuned),-0.08225130922253981
HB-02771,Non-private (tuned),-0.19073622517240207
HB-02772,Non-private (tuned),0.16344056484567926
HB-02773,Non-private (tuned),-0.3568455673954358
HB-02774,Non-private (tuned),0.3424323260989128
HB-02775,Non-private (tuned),0.1892006620246922
HB-02776,Non-private (tuned),-4.3163784055927366
HB-02777,Non-private (tuned),0.0442154501310284
HB-02778,Non-private (tuned),-0.103916709091742
HB-02779,Non-private (tuned),-0.3287519783005863
HB-02780,Non-private (tuned),-0.3638777206529006
HB-02781,Non-private (tuned),0.22374563489061294
HB-02782,Non-private (tuned),0.2059601137516762
HB-02783,Non-private (tuned),0.10121162085494112
HB-02784,Non-private (tuned),0.568436224000317
HB-02785,Non-private (tuned),-0.5288772722049491
HB-02786,Non-private (tuned),-0.1251628346583341
HB-02787,Non-private (tuned),0.25100293429201953
HB-02788,Non-private (tuned),-0.06279257757511536
HB-02789,Non-private (tuned),0.027364899984071822
HB-02790,Non-private (tuned),0.19918492741666916
HB-02791,Non-private (tuned),-0.23929291453692447
HB-02792,Non-private (tuned),0.02948371568646191
HB-02793,Non-private (tuned),-0.2852700483450503
HB-02794,Non-private (tuned),0.5885230738770387
HB-02795,Non-private (tuned),0.5698024876399513
HB-02796,Non-private (tuned),-0.1749953029512935
HB-02798,Non-private (tuned),-0.2084217151598276
HB-02799,Non-private (tuned),-0.24813771771239812
HB-02800,Non-private (tuned),0.3853669370279895
HB-02801,Non-private (tuned),0.023089292038414366
HB-02802,Non-private (tuned),0.10018764062993646
HB-02803,Non-private (tuned),-0.3094981593068187
HB-02804,Non-private (tuned),0.12920262449397635
HB-02805,Non-private (tuned),-0.15999281843779178
HB-02806,Non-private (tuned),0.002665772940160571
HB-02808,Non-private (tuned),-0.11680975156347395
HB-02810,Non-private (tuned),-0.0009303021009703372
HB-02811,Non-private (tuned),-0.3737479808656139
HB-02812,Non-private (tuned),-0.42855648340344044
HB-02814,Non-private (tuned),0.8240304553752857
HB-02815,Non-private (tuned),0.3125489293259439
HB-02816,Non-private (tuned),-0.08428176878847365
HB-02817,Non-private (tuned),-0.015882667158716668
HB-02818,Non-private (tuned),0.16892830905710599
HB-02819,Non-private (tuned),0.1297185557835948
HB-02820,Non-private (tuned),0.11022326335774868
HB-02821,Non-private (tuned),0.17175785761535411
HB-02822,Non-private (tuned),-0.2475248623461631
HB-02823,Non-private (tuned),-0.0478371043186836
HB-02824,Non-private (tuned),0.5156345369452469
HB-02825,Non-private (tuned),-0.17079802457080176
HB-02826,Non-private (tuned),0.2670163232896316
HB-02827,Non-private (tuned),0.011905938685653483
HB-02828,Non-private (tuned),-0.47625273531608736
HB-02829,Non-private (tuned),-0.0013371534995067838
HB-02830,Non-private (tuned),-0.29783101879792684
HB-02831,Non-private (tuned),0.37598596275327395
HB-02832,Non-private (tuned),0.7817573823689639
HB-02833,Non-private (tuned),0.01690807685575968
HB-02834,Non-private (tuned),0.3292855334493463
HB-02835,Non-private (tuned),-0.0677697662584188
HB-02836,Non-private (tuned),-0.4048234335834224
HB-02837,Non-private (tuned),0.22431757185119985
HB-02838,Non-private (tuned),0.26546836984338706
HB-02839,Non-private (tuned),-0.41689670295837195
HB-02840,Non-private (tuned),0.09632392011852242
HB-02842,Non-private (tuned),-0.10305257758948082
HB-02843,Non-private (tuned),-0.5685245022759587
HB-02844,Non-private (tuned),-0.19099218149542674
HB-02845,Non-private (tuned),0.03907896690750623
HB-02846,Non-private (tuned),-0.595448788224163
HB-02847,Non-private (tuned),0.32794311450918234
HB-02848,Non-private (tuned),-0.44624570789846985
HB-02849,Non-private (tuned),0.29761991476608374
HB-02850,Non-private (tuned),-0.165239500623643
HB-02851,Non-private (tuned),0.4564737254076621
HB-02853,Non-private (tuned),-0.5444624353461861
HB-02855,Non-private (tuned),0.024890540240841585
HB-02856,Non-private (tuned),0.14735794349953396
HB-02857,Non-private (tuned),0.18924527857218776
HB-02858,Non-private (tuned),-0.07319422000481195
HB-02859,Non-private (tuned),0.3101777152180444
HB-02860,Non-private (tuned),0.629095747554935
HB-02861,Non-private (tuned),-0.4407692750461977
HB-02862,Non-private (tuned),0.7942001707670583
HB-02863,Non-private (tuned),0.2743491746685224
HB-02864,Non-private (tuned),-0.12665891815428132
HB-02866,Non-private (tuned),0.27519157349795376
HB-02867,Non-private (tuned),0.12483283619642016
HB-02868,Non-private (tuned),-0.3613502877107999
HB-02869,Non-private (tuned),-0.3564684436234583
HB-02870,Non-private (tuned),0.30755638709851346
HB-02871,Non-private (tuned),-0.21921802731899098
HB-02872,Non-private (tuned),-0.37652790458821384
HB-02873,Non-private (tuned),0.22269991425768942
HB-02874,Non-private (tuned),0.7602695926457537
HB-02875,Non-private (tuned),-0.34560525767736516
HB-02876,Non-private (tuned),-0.3454744380550547
HB-02877,Non-private (tuned),0.1562781776277953
HB-02878,Non-private (tuned),-0.12415079982989383
HB-02879,Non-private (tuned),-0.4271245643279158
HB-02880,Non-private (tuned),-1.6816596468550968
HB-02881,Non-private (tuned),0.3682311457818633
HB-02882,Non-private (tuned),0.4860000042659552
HB-02883,Non-private (tuned),-0.17108272488600573
HB-02884,Non-private (tuned),0.1662011153128351
HB-02886,Non-private (tuned),-0.04582906476643292
HB-02887,Non-private (tuned),-0.17950467265356357
HB-02888,Non-private (tuned),-0.8388373773225579
HB-02889,Non-private (tuned),0.09877546642652396
HB-02890,Non-private (tuned),0.008930838656377171
HB-02891,Non-private (tuned),-0.12215306477848764
HB-02892,Non-private (tuned),-0.09791132197486588
HB-02893,Non-private (tuned),0.2618859097993683
HB-02894,Non-private (tuned),-0.17427263158260964
HB-02895,Non-private (tuned),0.4388537157286986
HB-02896,Non-private (tuned),0.4589655093085478
HB-02897,Non-private (tuned),0.18837516795856485
HB-02898,Non-private (tuned),-0.14305883616098572
HB-02899,Non-private (tuned),0.13725218806983275
HB-02900,Non-private (tuned),0.17211220452378895
HB-02901,Non-private (tuned),0.07571470320309442
HB-02902,Non-private (tuned),-0.036606284486033036
HB-02903,Non-private (tuned),0.050119859747301265
HB-02904,Non-private (tuned),-0.037441200194194835
HB-02905,Non-private (tuned),0.1039627936478846
HB-02906,Non-private (tuned),-0.010905860514919374
HB-02907,Non-private (tuned),-0.29274509868510634
HB-02908,Non-private (tuned),-0.15479335258920174
HB-02909,Non-private (tuned),-0.16587338657302833
HB-02910,Non-private (tuned),0.18449419421242352
HB-02911,Non-private (tuned),0.1484673761548405
HB-02912,Non-private (tuned),0.06371224793033584
HB-02913,Non-private (tuned),0.39810115946139313
HB-02914,Non-private (tuned),0.9274698315930526
HB-02915,Non-private (tuned),0.45818537822296845
HB-02916,Non-private (tuned),-0.14312880201545397
HB-02918,Non-private (tuned),0.33451324891419343
HB-02919,Non-private (tuned),0.17680472622813126
HB-02920,Non-private (tuned),0.22449438883534373
HB-02921,Non-private (tuned),0.1876894184663555
HB-02922,Non-private (tuned),-0.11225532427217214
HB-02923,Non-private (tuned),-0.9793499163328193
HB-02924,Non-private (tuned),-0.006688045424066147
HB-02925,Non-private (tuned),-0.5060418182301561
HB-02926,Non-private (tuned),-0.4654881715000679
HB-02927,Non-private (tuned),0.543134913157485
HB-02928,Non-private (tuned),-0.0766373125778661
HB-02929,Non-private (tuned),0.1611585304138337
HB-02930,Non-private (tuned),0.06891230113242008
HB-02931,Non-private (tuned),0.03091594286622712
HB-02932,Non-private (tuned),-0.21572564572089203
HB-02933,Non-private (tuned),-0.047939247611206465
HB-02934,Non-private (tuned),0.29113673950939556
HB-02935,Non-private (tuned),-0.0284255724746586
HB-02936,Non-private (tuned),0.10354628768217194
HB-02937,Non-private (tuned),0.031060568463214477
HB-02938,Non-private (tuned),0.4067878323061124
HB-02940,Non-private (tuned),0.19395450996874852
HB-02941,Non-private (tuned),-0.08939602746607302
HB-02942,Non-private (tuned),0.4490565820675427
HB-02943,Non-private (tuned),0.17252038368648176
HB-02944,Non-private (tuned),0.38050883974034694
HB-02945,Non-private (tuned),-0.5342696888703209
HB-02946,Non-private (tuned),-0.10096818431924692
HB-02947,Non-private (tuned),-0.24587602896475136
HB-02948,Non-private (tuned),2.545648789823468
HB-02949,Non-private (tuned),-0.35620307593918155
HB-02950,Non-private (tuned),0.5539254444112373
HB-02951,Non-private (tuned),0.07837243655082665
HB-02952,Non-private (tuned),0.021605485529451574
HB-02953,Non-private (tuned),0.1716146499152184
HB-02954,Non-private (tuned),0.16305413976750655
HB-02955,Non-private (tuned),-0.24018565426681993
HB-02956,Non-private (tuned),-0.10224923595773042
HB-02957,Non-private (tuned),-0.27980184325203356
HB-02959,Non-private (tuned),0.37081001682972503
HB-02960,Non-private (tuned),0.42368652182102773
HB-02961,Non-private (tuned),-0.2182623620557011
HB-02962,Non-private (tuned),-0.1929459893489852
HB-02963,Non-private (tuned),0.2346068267833772
HB-02964,Non-private (tuned),0.43186302266189897
HB-02965,Non-private (tuned),-0.7128511470366854
HB-02966,Non-private (tuned),-0.5224357225949268
HB-02967,Non-private (tuned),-0.006401868462168003
HB-02968,Non-private (tuned),0.4570533570006714
HB-02969,Non-private (tuned),-0.29899571599991653
HB-02970,Non-private (tuned),0.2902861058568752
HB-02971,Non-private (tuned),0.13931320326215257
HB-02972,Non-private (tuned),-0.57704799526563
HB-02973,Non-private (tuned),0.11673269380413276
HB-02974,Non-private (tuned),-0.1006220181935597
HB-02975,Non-private (tuned),0.0048841919880531215
HB-02976,Non-private (tuned),0.5009480141518797
HB-02977,Non-private (tuned),-0.5404555546331394
HB-02978,Non-private (tuned),-0.2027387597531194
HB-02979,Non-private (tuned),0.010133133032284247
HB-02980,Non-private (tuned),0.18563387094876505
HB-02981,Non-private (tuned),-0.10666890755315628
HB-02982,Non-private (tuned),-0.19983074128947187
HB-02983,Non-private (tuned),-0.0015426444777223436
HB-02984,Non-private (tuned),0.37643833073729704
HB-02985,Non-private (tuned),0.1187911779386715
HB-02986,Non-private (tuned),0.22669350160072482
HB-02987,Non-private (tuned),0.14241783831577204
HB-02988,Non-private (tuned),0.1038106036142018
HB-02989,Non-private (tuned),0.15980879388179658
HB-02990,Non-private (tuned),-0.1934828903497342
HB-02991,Non-private (tuned),0.23557594859152908
HB-02992,Non-private (tuned),0.06785335943598597
HB-02993,Non-private (tuned),0.0226572168365059
HB-02994,Non-private (tuned),0.009096788673924217
HB-02995,Non-private (tuned),0.06923443651752076
HB-02996,Non-private (tuned),0.10559137354506082
HB-02997,Non-private (tuned),-0.5738005594372384
HB-02998,Non-private (tuned),-0.41936219411941633
HB-02999,Non-private (tuned),-0.18341941923683075
HB-03000,Non-private (tuned),0.3995523114219742
