seed,target,attack,fpr,tpr
2,Non-private (overfit),confidence,0.00031622776601683794,0.0003952847075210474
2,Non-private (overfit),confidence,0.00033838551534282334,0.0004229818941785292
2,Non-private (overfit),confidence,0.0003620958350245917,0.0004526197937807396
2,Non-private (overfit),confidence,0.0003874675120456132,0.0004843343900570165
2,Non-private (overfit),confidence,0.0004146169559796819,0.0005182711949746024
2,Non-private (overfit),confidence,0.0004436687330978611,0.0005545859163723263
2,Non-private (overfit),confidence,0.00047475613789974203,0.0005934451723746775
2,Non-private (overfit),confidence,0.0005080218046913023,0.0006350272558641279
2,Non-private (overfit),confidence,0.0005436183620153838,0.0006795229525192297
2,Non-private (overfit),confidence,0.0005817091329374358,0.0007271364161717948
2,Non-private (overfit),confidence,0.000622468884399544,0.00077808610549943
2,Non-private (overfit),confidence,0.0006660846290809161,0.0008326057863511452
2,Non-private (overfit),confidence,0.0007127564834438914,0.0008909456043048643
2,Non-private (overfit),confidence,0.0007626985859023443,0.0009533732323779305
2,Non-private (overfit),confidence,0.0008161400793251826,0.0010201750991564783
2,Non-private (overfit),confidence,0.0008733261623828437,0.0010916577029785547
2,Non-private (overfit),confidence,0.0009345192145605374,0.0011681490182006717
2,Non-private (overfit),confidence,0.001,0.00125
2,Non-private (overfit),confidence,0.0010700689556931745,0.00125
2,Non-private (overfit),confidence,0.0011450475699382812,0.00125
2,Non-private (overfit),confidence,0.0012252798573828651,0.00125
2,Non-private (overfit),confidence,0.0013111339374215643,0.00125
2,Non-private (overfit),confidence,0.0014030037231905735,0.00125
2,Non-private (overfit),confidence,0.0015013107289081743,0.00125
2,Non-private (overfit),confidence,0.0016065060038537287,0.00125
2,Non-private (overfit),confidence,0.0017190722018585747,0.0013810138379797697
2,Non-private (overfit),confidence,0.0018395257958039712,0.0016821478228432611
2,Non-private (overfit),confidence,0.0019684194472866113,0.0020043819515498614
2,Non-private (overfit),confidence,0.00210634454232412,0.002216264011238483
2,Non-private (overfit),confidence,0.002253933904734791,0.002400750714251822
2,Non-private (overfit),confidence,0.002411864699640997,0.002916666666666667
2,Non-private (overfit),confidence,0.0025808615404180743,0.002916666666666667
2,Non-private (overfit),confidence,0.002761699813343849,0.004166666666666667
2,Non-private (overfit),confidence,0.002955209235202888,0.004166666666666667
2,Non-private (overfit),confidence,0.0031622776601683794,0.005
2,Non-private (overfit),confidence,0.003383855153428233,0.00625
2,Non-private (overfit),confidence,0.0036209583502459165,0.00625
2,Non-private (overfit),confidence,0.0038746751204561283,0.00625
2,Non-private (overfit),confidence,0.004146169559796819,0.007083333333333333
2,Non-private (overfit),confidence,0.004436687330978612,0.007083333333333333
2,Non-private (overfit),confidence,0.004747561378997425,0.007083333333333333
2,Non-private (overfit),confidence,0.005080218046913023,0.0075
2,Non-private (overfit),confidence,0.005436183620153837,0.007916666666666667
2,Non-private (overfit),confidence,0.005817091329374358,0.007916666666666667
2,Non-private (overfit),confidence,0.006224688843995439,0.007916666666666667
2,Non-private (overfit),confidence,0.006660846290809154,0.008333333333333333
2,Non-private (overfit),confidence,0.007127564834438914,0.008333333333333333
2,Non-private (overfit),confidence,0.007626985859023444,0.008333333333333333
2,Non-private (overfit),confidence,0.008161400793251826,0.008333333333333333
2,Non-private (overfit),confidence,0.008733261623828438,0.00875
2,Non-private (overfit),confidence,0.009345192145605374,0.009583333333333333
2,Non-private (overfit),confidence,0.01,0.010416666666666666
2,Non-private (overfit),confidence,0.010700689556931747,0.010416666666666666
2,Non-private (overfit),confidence,0.011450475699382817,0.010833333333333334
2,Non-private (overfit),confidence,0.012252798573828645,0.010833333333333334
2,Non-private (overfit),confidence,0.013111339374215644,0.012916666666666667
2,Non-private (overfit),confidence,0.014030037231905735,0.01375
2,Non-private (overfit),confidence,0.015013107289081735,0.014166666666666666
2,Non-private (overfit),confidence,0.01606506003853728,0.014166666666666666
2,Non-private (overfit),confidence,0.017190722018585746,0.014583333333333334
2,Non-private (overfit),confidence,0.01839525795803971,0.015
2,Non-private (overfit),confidence,0.019684194472866123,0.016666666666666666
2,Non-private (overfit),confidence,0.02106344542324121,0.017083333333333332
2,Non-private (overfit),confidence,0.022539339047347912,0.018333333333333333
2,Non-private (overfit),confidence,0.024118646996409972,0.022916666666666665
2,Non-private (overfit),confidence,0.02580861540418074,0.025416666666666667
2,Non-private (overfit),confidence,0.02761699813343848,0.02666666666666667
2,Non-private (overfit),confidence,0.029552092352028863,0.028333333333333332
2,Non-private (overfit),confidence,0.03162277660168379,0.029166666666666667
2,Non-private (overfit),confidence,0.033838551534282335,0.03125
2,Non-private (overfit),confidence,0.03620958350245917,0.032916666666666664
2,Non-private (overfit),confidence,0.03874675120456132,0.035
2,Non-private (overfit),confidence,0.04146169559796819,0.03666666666666667
2,Non-private (overfit),confidence,0.044366873309786115,0.0375
2,Non-private (overfit),confidence,0.047475613789974204,0.041666666666666664
2,Non-private (overfit),confidence,0.05080218046913023,0.04541666666666667
2,Non-private (overfit),confidence,0.05436183620153837,0.049166666666666664
2,Non-private (overfit),confidence,0.058170913293743576,0.05333333333333334
2,Non-private (overfit),confidence,0.0622468884399544,0.058333333333333334
2,Non-private (overfit),confidence,0.06660846290809161,0.06541666666666666
2,Non-private (overfit),confidence,0.07127564834438914,0.06958333333333333
2,Non-private (overfit),confidence,0.07626985859023444,0.075
2,Non-private (overfit),confidence,0.08161400793251826,0.0825
2,Non-private (overfit),confidence,0.08733261623828428,0.085
2,Non-private (overfit),confidence,0.09345192145605374,0.09
2,Non-private (overfit),confidence,0.1,0.09833333333333333
2,Non-private (overfit),confidence,0.10700689556931746,0.1025
2,Non-private (overfit),confidence,0.11450475699382812,0.11333333333333333
2,Non-private (overfit),confidence,0.12252798573828651,0.12041666666666667
2,Non-private (overfit),confidence,0.13111339374215644,0.12791666666666668
2,Non-private (overfit),confidence,0.14030037231905734,0.13625
2,Non-private (overfit),confidence,0.15013107289081729,0.14916666666666667
2,Non-private (overfit),confidence,0.16065060038537288,0.15666666666666668
2,Non-private (overfit),confidence,0.17190722018585747,0.16916666666666666
2,Non-private (overfit),confidence,0.18395257958039712,0.18083333333333335
2,Non-private (overfit),confidence,0.19684194472866112,0.195
2,Non-private (overfit),confidence,0.210634454232412,0.20291666666666666
2,Non-private (overfit),confidence,0.22539339047347912,0.21375
2,Non-private (overfit),confidence,0.24118646996409973,0.22625
2,Non-private (overfit),confidence,0.2580861540418074,0.24166666666666667
2,Non-private (overfit),confidence,0.27616998133438464,0.25708333333333333
2,Non-private (overfit),confidence,0.2955209235202888,0.27791666666666665
2,Non-private (overfit),confidence,0.31622776601683794,0.29541666666666666
2,Non-private (overfit),confidence,0.33838551534282335,0.3175
2,Non-private (overfit),confidence,0.36209583502459164,0.3416666666666667
2,Non-private (overfit),confidence,0.3874675120456132,0.36541666666666667
2,Non-private (overfit),confidence,0.4146169559796819,0.3904166666666667
2,Non-private (overfit),confidence,0.44366873309786115,0.4191666666666667
2,Non-private (overfit),confidence,0.474756137899742,0.45958333333333334
2,Non-private (overfit),confidence,0.5080218046913023,0.49625
2,Non-private (overfit),confidence,0.5436183620153837,0.53625
2,Non-private (overfit),confidence,0.5817091329374358,0.5770833333333333
2,Non-private (overfit),confidence,0.622468884399544,0.62
2,Non-private (overfit),confidence,0.6660846290809154,0.6595833333333333
2,Non-private (overfit),confidence,0.7127564834438914,0.70375
2,Non-private (overfit),confidence,0.7626985859023444,0.7520833333333333
2,Non-private (overfit),confidence,0.8161400793251826,0.8079166666666666
2,Non-private (overfit),confidence,0.8733261623828429,0.8608333333333333
2,Non-private (overfit),confidence,0.9345192145605374,0.93125
2,Non-private (overfit),confidence,1.0,1.0
2,Non-private (overfit),neg_entropy,0.00031622776601683794,0.0003952847075210474
2,Non-private (overfit),neg_entropy,0.00033838551534282334,0.0004229818941785292
2,Non-private (overfit),neg_entropy,0.0003620958350245917,0.0004526197937807396
2,Non-private (overfit),neg_entropy,0.0003874675120456132,0.0004843343900570165
2,Non-private (overfit),neg_entropy,0.0004146169559796819,0.0005182711949746024
2,Non-private (overfit),neg_entropy,0.0004436687330978611,0.0005545859163723263
2,Non-private (overfit),neg_entropy,0.00047475613789974203,0.0005934451723746775
2,Non-private (overfit),neg_entropy,0.0005080218046913023,0.0006350272558641279
2,Non-private (overfit),neg_entropy,0.0005436183620153838,0.0006795229525192297
2,Non-private (overfit),neg_entropy,0.0005817091329374358,0.0007271364161717948
2,Non-private (overfit),neg_entropy,0.000622468884399544,0.00077808610549943
2,Non-private (overfit),neg_entropy,0.0006660846290809161,0.0008326057863511452
2,Non-private (overfit),neg_entropy,0.0007127564834438914,0.0008909456043048643
2,Non-private (overfit),neg_entropy,0.0007626985859023443,0.0009533732323779305
2,Non-private (overfit),neg_entropy,0.0008161400793251826,0.0010201750991564783
2,Non-private (overfit),neg_entropy,0.0008733261623828437,0.0010916577029785547
2,Non-private (overfit),neg_entropy,0.0009345192145605374,0.0011681490182006717
2,Non-private (overfit),neg_entropy,0.001,0.00125
2,Non-private (overfit),neg_entropy,0.0010700689556931745,0.00125
2,Non-private (overfit),neg_entropy,0.0011450475699382812,0.00125
2,Non-private (overfit),neg_entropy,0.0012252798573828651,0.00125
2,Non-private (overfit),neg_entropy,0.0013111339374215643,0.00125
2,Non-private (overfit),neg_entropy,0.0014030037231905735,0.00125
2,Non-private (overfit),neg_entropy,0.0015013107289081743,0.00125
2,Non-private (overfit),neg_entropy,0.0016065060038537287,0.00125
2,Non-private (overfit),neg_entropy,0.0017190722018585747,0.0013810138379797697
2,Non-private (overfit),neg_entropy,0.0018395257958039712,0.0016821478228432611
2,Non-private (overfit),neg_entropy,0.0019684194472866113,0.0020043819515498614
2,Non-private (overfit),neg_entropy,0.00210634454232412,0.002216264011238483
2,Non-private (overfit),neg_entropy,0.002253933904734791,0.002400750714251822
2,Non-private (overfit),neg_entropy,0.002411864699640997,0.002916666666666667
2,Non-private (overfit),neg_entropy,0.0025808615404180743,0.002916666666666667
2,Non-private (overfit),neg_entropy,0.002761699813343849,0.004166666666666667
2,Non-private (overfit),neg_entropy,0.002955209235202888,0.004166666666666667
2,Non-private (overfit),neg_entropy,0.0031622776601683794,0.005
2,Non-private (overfit),neg_entropy,0.003383855153428233,0.00625
2,Non-private (overfit),neg_entropy,0.0036209583502459165,0.00625
2,Non-private (overfit),neg_entropy,0.0038746751204561283,0.00625
2,Non-private (overfit),neg_entropy,0.004146169559796819,0.007083333333333333
2,Non-private (overfit),neg_entropy,0.004436687330978612,0.007083333333333333
2,Non-private (overfit),neg_entropy,0.004747561378997425,0.007083333333333333
2,Non-private (overfit),neg_entropy,0.005080218046913023,0.0075
2,Non-private (overfit),neg_entropy,0.005436183620153837,0.007916666666666667
2,Non-private (overfit),neg_entropy,0.005817091329374358,0.007916666666666667
2,Non-private (overfit),neg_entropy,0.006224688843995439,0.007916666666666667
2,Non-private (overfit),neg_entropy,0.006660846290809154,0.008333333333333333
2,Non-private (overfit),neg_entropy,0.007127564834438914,0.008333333333333333
2,Non-private (overfit),neg_entropy,0.007626985859023444,0.008333333333333333
2,Non-private (overfit),neg_entropy,0.008161400793251826,0.008333333333333333
2,Non-private (overfit),neg_entropy,0.008733261623828438,0.00875
2,Non-private (overfit),neg_entropy,0.009345192145605374,0.009583333333333333
2,Non-private (overfit),neg_entropy,0.01,0.010416666666666666
2,Non-private (overfit),neg_entropy,0.010700689556931747,0.010416666666666666
2,Non-private (overfit),neg_entropy,0.011450475699382817,0.010833333333333334
2,Non-private (overfit),neg_entropy,0.012252798573828645,0.010833333333333334
2,Non-private (overfit),neg_entropy,0.013111339374215644,0.012916666666666667
2,Non-private (overfit),neg_entropy,0.014030037231905735,0.01375
2,Non-private (overfit),neg_entropy,0.015013107289081735,0.014166666666666666
2,Non-private (overfit),neg_entropy,0.01606506003853728,0.014166666666666666
2,Non-private (overfit),neg_entropy,0.017190722018585746,0.014583333333333334
2,Non-private (overfit),neg_entropy,0.01839525795803971,0.015
2,Non-private (overfit),neg_entropy,0.019684194472866123,0.016666666666666666
2,Non-private (overfit),neg_entropy,0.02106344542324121,0.017083333333333332
2,Non-private (overfit),neg_entropy,0.022539339047347912,0.018333333333333333
2,Non-private (overfit),neg_entropy,0.024118646996409972,0.022916666666666665
2,Non-private (overfit),neg_entropy,0.02580861540418074,0.025416666666666667
2,Non-private (overfit),neg_entropy,0.02761699813343848,0.02666666666666667
2,Non-private (overfit),neg_entropy,0.029552092352028863,0.028333333333333332
2,Non-private (overfit),neg_entropy,0.03162277660168379,0.029166666666666667
2,Non-private (overfit),neg_entropy,0.033838551534282335,0.03125
2,Non-private (overfit),neg_entropy,0.03620958350245917,0.032916666666666664
2,Non-private (overfit),neg_entropy,0.03874675120456132,0.035
2,Non-private (overfit),neg_entropy,0.04146169559796819,0.03666666666666667
2,Non-private (overfit),neg_entropy,0.044366873309786115,0.0375
2,Non-private (overfit),neg_entropy,0.047475613789974204,0.041666666666666664
2,Non-private (overfit),neg_entropy,0.05080218046913023,0.04541666666666667
2,Non-private (overfit),neg_entropy,0.05436183620153837,0.049166666666666664
2,Non-private (overfit),neg_entropy,0.058170913293743576,0.05333333333333334
2,Non-private (overfit),neg_entropy,0.0622468884399544,0.058333333333333334
2,Non-private (overfit),neg_entropy,0.06660846290809161,0.06541666666666666
2,Non-private (overfit),neg_entropy,0.07127564834438914,0.06958333333333333
2,Non-private (overfit),neg_entropy,0.07626985859023444,0.075
2,Non-private (overfit),neg_entropy,0.08161400793251826,0.0825
2,Non-private (overfit),neg_entropy,0.08733261623828428,0.085
2,Non-private (overfit),neg_entropy,0.09345192145605374,0.09
2,Non-private (overfit),neg_entropy,0.1,0.09833333333333333
2,Non-private (overfit),neg_entropy,0.10700689556931746,0.1025
2,Non-private (overfit),neg_entropy,0.11450475699382812,0.11333333333333333
2,Non-private (overfit),neg_entropy,0.12252798573828651,0.12041666666666667
2,Non-private (overfit),neg_entropy,0.13111339374215644,0.12791666666666668
2,Non-private (overfit),neg_entropy,0.14030037231905734,0.13625
2,Non-private (overfit),neg_entropy,0.15013107289081729,0.14916666666666667
2,Non-private (overfit),neg_entropy,0.16065060038537288,0.15666666666666668
2,Non-private (overfit),neg_entropy,0.17190722018585747,0.16916666666666666
2,Non-private (overfit),neg_entropy,0.18395257958039712,0.18083333333333335
2,Non-private (overfit),neg_entropy,0.19684194472866112,0.195
2,Non-private (overfit),neg_entropy,0.210634454232412,0.20291666666666666
2,Non-private (overfit),neg_entropy,0.22539339047347912,0.21375
2,Non-private (overfit),neg_entropy,0.24118646996409973,0.22625
2,Non-private (overfit),neg_entropy,0.2580861540418074,0.24166666666666667
2,Non-private (overfit),neg_entropy,0.27616998133438464,0.25708333333333333
2,Non-private (overfit),neg_entropy,0.2955209235202888,0.27791666666666665
2,Non-private (overfit),neg_entropy,0.31622776601683794,0.29541666666666666
2,Non-private (overfit),neg_entropy,0.33838551534282335,0.3175
2,Non-private (overfit),neg_entropy,0.36209583502459164,0.3416666666666667
2,Non-private (overfit),neg_entropy,0.3874675120456132,0.36541666666666667
2,Non-private (overfit),neg_entropy,0.4146169559796819,0.3904166666666667
2,Non-private (overfit),neg_entropy,0.44366873309786115,0.4191666666666667
2,Non-private (overfit),neg_entropy,0.474756137899742,0.45958333333333334
2,Non-private (overfit),neg_entropy,0.5080218046913023,0.49625
2,Non-private (overfit),neg_entropy,0.5436183620153837,0.53625
2,Non-private (overfit),neg_entropy,0.5817091329374358,0.5770833333333333
2,Non-private (overfit),neg_entropy,0.622468884399544,0.62
2,Non-private (overfit),neg_entropy,0.6660846290809154,0.6595833333333333
2,Non-private (overfit),neg_entropy,0.7127564834438914,0.70375
2,Non-private (overfit),neg_entropy,0.7626985859023444,0.7520833333333333
2,Non-private (overfit),neg_entropy,0.8161400793251826,0.8079166666666666
2,Non-private (overfit),neg_entropy,0.8733261623828429,0.8608333333333333
2,Non-private (overfit),neg_entropy,0.9345192145605374,0.93125
2,Non-private (overfit),neg_entropy,1.0,1.0
2,Non-private (overfit),yeom_neg_loss,0.00031622776601683794,0.0
2,Non-private (overfit),yeom_neg_loss,0.00033838551534282334,0.0004166666666666667
2,Non-private (overfit),yeom_neg_loss,0.0003620958350245917,0.0004166666666666667
2,Non-private (overfit),yeom_neg_loss,0.0003874675120456132,0.0004166666666666667
2,Non-private (overfit),yeom_neg_loss,0.0004146169559796819,0.0004166666666666667
2,Non-private (overfit),yeom_neg_loss,0.0004436687330978611,0.0004166666666666667
2,Non-private (overfit),yeom_neg_loss,0.00047475613789974203,0.0004166666666666667
2,Non-private (overfit),yeom_neg_loss,0.0005080218046913023,0.0004166666666666667
2,Non-private (overfit),yeom_neg_loss,0.0005436183620153838,0.0004166666666666667
2,Non-private (overfit),yeom_neg_loss,0.0005817091329374358,0.0004166666666666667
2,Non-private (overfit),yeom_neg_loss,0.000622468884399544,0.0004166666666666667
2,Non-private (overfit),yeom_neg_loss,0.0006660846290809161,0.0004166666666666667
2,Non-private (overfit),yeom_neg_loss,0.0007127564834438914,0.0004166666666666667
2,Non-private (overfit),yeom_neg_loss,0.0007626985859023443,0.0004166666666666667
2,Non-private (overfit),yeom_neg_loss,0.0008161400793251826,0.0004166666666666667
2,Non-private (overfit),yeom_neg_loss,0.0008733261623828437,0.0004166666666666667
2,Non-private (overfit),yeom_neg_loss,0.0009345192145605374,0.0004166666666666667
2,Non-private (overfit),yeom_neg_loss,0.001,0.0008333333333333334
2,Non-private (overfit),yeom_neg_loss,0.0010700689556931745,0.0008333333333333334
2,Non-private (overfit),yeom_neg_loss,0.0011450475699382812,0.0008333333333333334
2,Non-private (overfit),yeom_neg_loss,0.0012252798573828651,0.0008333333333333334
2,Non-private (overfit),yeom_neg_loss,0.0013111339374215643,0.0008333333333333334
2,Non-private (overfit),yeom_neg_loss,0.0014030037231905735,0.0020833333333333333
2,Non-private (overfit),yeom_neg_loss,0.0015013107289081743,0.0020833333333333333
2,Non-private (overfit),yeom_neg_loss,0.0016065060038537287,0.0020833333333333333
2,Non-private (overfit),yeom_neg_loss,0.0017190722018585747,0.0025
2,Non-private (overfit),yeom_neg_loss,0.0018395257958039712,0.0025
2,Non-private (overfit),yeom_neg_loss,0.0019684194472866113,0.0025
2,Non-private (overfit),yeom_neg_loss,0.00210634454232412,0.00375
2,Non-private (overfit),yeom_neg_loss,0.002253933904734791,0.00375
2,Non-private (overfit),yeom_neg_loss,0.002411864699640997,0.004166666666666667
2,Non-private (overfit),yeom_neg_loss,0.0025808615404180743,0.004166666666666667
2,Non-private (overfit),yeom_neg_loss,0.002761699813343849,0.005
2,Non-private (overfit),yeom_neg_loss,0.002955209235202888,0.005
2,Non-private (overfit),yeom_neg_loss,0.0031622776601683794,0.00625
2,Non-private (overfit),yeom_neg_loss,0.003383855153428233,0.00625
2,Non-private (overfit),yeom_neg_loss,0.0036209583502459165,0.00625
2,Non-private (overfit),yeom_neg_loss,0.0038746751204561283,0.007083333333333333
2,Non-private (overfit),yeom_neg_loss,0.004146169559796819,0.007083333333333333
2,Non-private (overfit),yeom_neg_loss,0.004436687330978612,0.007083333333333333
2,Non-private (overfit),yeom_neg_loss,0.004747561378997425,0.0075
2,Non-private (overfit),yeom_neg_loss,0.005080218046913023,0.007916666666666667
2,Non-private (overfit),yeom_neg_loss,0.005436183620153837,0.007916666666666667
2,Non-private (overfit),yeom_neg_loss,0.005817091329374358,0.007916666666666667
2,Non-private (overfit),yeom_neg_loss,0.006224688843995439,0.008333333333333333
2,Non-private (overfit),yeom_neg_loss,0.006660846290809154,0.008333333333333333
2,Non-private (overfit),yeom_neg_loss,0.007127564834438914,0.008333333333333333
2,Non-private (overfit),yeom_neg_loss,0.007626985859023444,0.00875
2,Non-private (overfit),yeom_neg_loss,0.008161400793251826,0.00875
2,Non-private (overfit),yeom_neg_loss,0.008733261623828438,0.010416666666666666
2,Non-private (overfit),yeom_neg_loss,0.009345192145605374,0.010416666666666666
2,Non-private (overfit),yeom_neg_loss,0.01,0.010416666666666666
2,Non-private (overfit),yeom_neg_loss,0.010700689556931747,0.010833333333333334
2,Non-private (overfit),yeom_neg_loss,0.011450475699382817,0.0125
2,Non-private (overfit),yeom_neg_loss,0.012252798573828645,0.012916666666666667
2,Non-private (overfit),yeom_neg_loss,0.013111339374215644,0.014166666666666666
2,Non-private (overfit),yeom_neg_loss,0.014030037231905735,0.014166666666666666
2,Non-private (overfit),yeom_neg_loss,0.015013107289081735,0.014583333333333334
2,Non-private (overfit),yeom_neg_loss,0.01606506003853728,0.016666666666666666
2,Non-private (overfit),yeom_neg_loss,0.017190722018585746,0.017083333333333332
2,Non-private (overfit),yeom_neg_loss,0.01839525795803971,0.017916666666666668
2,Non-private (overfit),yeom_neg_loss,0.019684194472866123,0.022083333333333333
2,Non-private (overfit),yeom_neg_loss,0.02106344542324121,0.023333333333333334
2,Non-private (overfit),yeom_neg_loss,0.022539339047347912,0.025833333333333333
2,Non-private (overfit),yeom_neg_loss,0.024118646996409972,0.02666666666666667
2,Non-private (overfit),yeom_neg_loss,0.02580861540418074,0.02875
2,Non-private (overfit),yeom_neg_loss,0.02761699813343848,0.03166666666666667
2,Non-private (overfit),yeom_neg_loss,0.029552092352028863,0.035
2,Non-private (overfit),yeom_neg_loss,0.03162277660168379,0.03625
2,Non-private (overfit),yeom_neg_loss,0.033838551534282335,0.0375
2,Non-private (overfit),yeom_neg_loss,0.03620958350245917,0.03833333333333333
2,Non-private (overfit),yeom_neg_loss,0.03874675120456132,0.04375
2,Non-private (overfit),yeom_neg_loss,0.04146169559796819,0.04708333333333333
2,Non-private (overfit),yeom_neg_loss,0.044366873309786115,0.05125
2,Non-private (overfit),yeom_neg_loss,0.047475613789974204,0.056666666666666664
2,Non-private (overfit),yeom_neg_loss,0.05080218046913023,0.06125
2,Non-private (overfit),yeom_neg_loss,0.05436183620153837,0.06583333333333333
2,Non-private (overfit),yeom_neg_loss,0.058170913293743576,0.07291666666666667
2,Non-private (overfit),yeom_neg_loss,0.0622468884399544,0.07833333333333334
2,Non-private (overfit),yeom_neg_loss,0.06660846290809161,0.08375
2,Non-private (overfit),yeom_neg_loss,0.07127564834438914,0.08666666666666667
2,Non-private (overfit),yeom_neg_loss,0.07626985859023444,0.09375
2,Non-private (overfit),yeom_neg_loss,0.08161400793251826,0.09958333333333333
2,Non-private (overfit),yeom_neg_loss,0.08733261623828428,0.1025
2,Non-private (overfit),yeom_neg_loss,0.09345192145605374,0.11333333333333333
2,Non-private (overfit),yeom_neg_loss,0.1,0.12208333333333334
2,Non-private (overfit),yeom_neg_loss,0.10700689556931746,0.13083333333333333
2,Non-private (overfit),yeom_neg_loss,0.11450475699382812,0.13791666666666666
2,Non-private (overfit),yeom_neg_loss,0.12252798573828651,0.14916666666666667
2,Non-private (overfit),yeom_neg_loss,0.13111339374215644,0.15625
2,Non-private (overfit),yeom_neg_loss,0.14030037231905734,0.16708333333333333
2,Non-private (overfit),yeom_neg_loss,0.15013107289081729,0.18041666666666667
2,Non-private (overfit),yeom_neg_loss,0.16065060038537288,0.19458333333333333
2,Non-private (overfit),yeom_neg_loss,0.17190722018585747,0.20208333333333334
2,Non-private (overfit),yeom_neg_loss,0.18395257958039712,0.21291666666666667
2,Non-private (overfit),yeom_neg_loss,0.19684194472866112,0.22583333333333333
2,Non-private (overfit),yeom_neg_loss,0.210634454232412,0.23875
2,Non-private (overfit),yeom_neg_loss,0.22539339047347912,0.25625
2,Non-private (overfit),yeom_neg_loss,0.24118646996409973,0.2733333333333333
2,Non-private (overfit),yeom_neg_loss,0.2580861540418074,0.29333333333333333
2,Non-private (overfit),yeom_neg_loss,0.27616998133438464,0.3145833333333333
2,Non-private (overfit),yeom_neg_loss,0.2955209235202888,0.3358333333333333
2,Non-private (overfit),yeom_neg_loss,0.31622776601683794,0.36125
2,Non-private (overfit),yeom_neg_loss,0.33838551534282335,0.38416666666666666
2,Non-private (overfit),yeom_neg_loss,0.36209583502459164,0.41583333333333333
2,Non-private (overfit),yeom_neg_loss,0.3874675120456132,0.4483333333333333
2,Non-private (overfit),yeom_neg_loss,0.4146169559796819,0.4891666666666667
2,Non-private (overfit),yeom_neg_loss,0.44366873309786115,0.53625
2,Non-private (overfit),yeom_neg_loss,0.474756137899742,0.5766666666666667
2,Non-private (overfit),yeom_neg_loss,0.5080218046913023,0.6166666666666667
2,Non-private (overfit),yeom_neg_loss,0.5436183620153837,0.6525
2,Non-private (overfit),yeom_neg_loss,0.5817091329374358,0.6925
2,Non-private (overfit),yeom_neg_loss,0.622468884399544,0.7325
2,Non-private (overfit),yeom_neg_loss,0.6660846290809154,0.7733333333333333
2,Non-private (overfit),yeom_neg_loss,0.7127564834438914,0.8375
2,Non-private (overfit),yeom_neg_loss,0.7626985859023444,0.8833333333333333
2,Non-private (overfit),yeom_neg_loss,0.8161400793251826,0.9379166666666666
2,Non-private (overfit),yeom_neg_loss,0.8733261623828429,0.9708333333333333
2,Non-private (overfit),yeom_neg_loss,0.9345192145605374,0.995
2,Non-private (overfit),yeom_neg_loss,1.0,1.0
2,Non-private (overfit),modified_entropy,0.00031622776601683794,0.0003952847075210474
2,Non-private (overfit),modified_entropy,0.00033838551534282334,0.0004229818941785292
2,Non-private (overfit),modified_entropy,0.0003620958350245917,0.0004526197937807396
2,Non-private (overfit),modified_entropy,0.0003874675120456132,0.0004843343900570165
2,Non-private (overfit),modified_entropy,0.0004146169559796819,0.0005182711949746024
2,Non-private (overfit),modified_entropy,0.0004436687330978611,0.0005545859163723263
2,Non-private (overfit),modified_entropy,0.00047475613789974203,0.0005934451723746775
2,Non-private (overfit),modified_entropy,0.0005080218046913023,0.0006350272558641279
2,Non-private (overfit),modified_entropy,0.0005436183620153838,0.0006795229525192297
2,Non-private (overfit),modified_entropy,0.0005817091329374358,0.0007271364161717948
2,Non-private (overfit),modified_entropy,0.000622468884399544,0.00077808610549943
2,Non-private (overfit),modified_entropy,0.0006660846290809161,0.0008326057863511452
2,Non-private (overfit),modified_entropy,0.0007127564834438914,0.0008909456043048643
2,Non-private (overfit),modified_entropy,0.0007626985859023443,0.0009533732323779305
2,Non-private (overfit),modified_entropy,0.0008161400793251826,0.0010201750991564783
2,Non-private (overfit),modified_entropy,0.0008733261623828437,0.0010916577029785547
2,Non-private (overfit),modified_entropy,0.0009345192145605374,0.0011681490182006717
2,Non-private (overfit),modified_entropy,0.001,0.00125
2,Non-private (overfit),modified_entropy,0.0010700689556931745,0.00125
2,Non-private (overfit),modified_entropy,0.0011450475699382812,0.00125
2,Non-private (overfit),modified_entropy,0.0012252798573828651,0.00125
2,Non-private (overfit),modified_entropy,0.0013111339374215643,0.00125
2,Non-private (overfit),modified_entropy,0.0014030037231905735,0.0014241759746431006
2,Non-private (overfit),modified_entropy,0.0015013107289081743,0.0016699434889371023
2,Non-private (overfit),modified_entropy,0.0016065060038537287,0.0019329316763009882
2,Non-private (overfit),modified_entropy,0.0017190722018585747,0.0021488402523232183
2,Non-private (overfit),modified_entropy,0.0018395257958039712,0.002299407244754964
2,Non-private (overfit),modified_entropy,0.0019684194472866113,0.002460524309108264
2,Non-private (overfit),modified_entropy,0.00210634454232412,0.002916666666666667
2,Non-private (overfit),modified_entropy,0.002253933904734791,0.002916666666666667
2,Non-private (overfit),modified_entropy,0.002411864699640997,0.004166666666666667
2,Non-private (overfit),modified_entropy,0.0025808615404180743,0.004166666666666667
2,Non-private (overfit),modified_entropy,0.002761699813343849,0.005
2,Non-private (overfit),modified_entropy,0.002955209235202888,0.005
2,Non-private (overfit),modified_entropy,0.0031622776601683794,0.00625
2,Non-private (overfit),modified_entropy,0.003383855153428233,0.00625
2,Non-private (overfit),modified_entropy,0.0036209583502459165,0.00625
2,Non-private (overfit),modified_entropy,0.0038746751204561283,0.007083333333333333
2,Non-private (overfit),modified_entropy,0.004146169559796819,0.007083333333333333
2,Non-private (overfit),modified_entropy,0.004436687330978612,0.007083333333333333
2,Non-private (overfit),modified_entropy,0.004747561378997425,0.0075
2,Non-private (overfit),modified_entropy,0.005080218046913023,0.007916666666666667
2,Non-private (overfit),modified_entropy,0.005436183620153837,0.007916666666666667
2,Non-private (overfit),modified_entropy,0.005817091329374358,0.007916666666666667
2,Non-private (overfit),modified_entropy,0.006224688843995439,0.008333333333333333
2,Non-private (overfit),modified_entropy,0.006660846290809154,0.008333333333333333
2,Non-private (overfit),modified_entropy,0.007127564834438914,0.008333333333333333
2,Non-private (overfit),modified_entropy,0.007626985859023444,0.00875
2,Non-private (overfit),modified_entropy,0.008161400793251826,0.00875
2,Non-private (overfit),modified_entropy,0.008733261623828438,0.010416666666666666
2,Non-private (overfit),modified_entropy,0.009345192145605374,0.010416666666666666
2,Non-private (overfit),modified_entropy,0.01,0.010416666666666666
2,Non-private (overfit),modified_entropy,0.010700689556931747,0.010833333333333334
2,Non-private (overfit),modified_entropy,0.011450475699382817,0.0125
2,Non-private (overfit),modified_entropy,0.012252798573828645,0.012916666666666667
2,Non-private (overfit),modified_entropy,0.013111339374215644,0.014166666666666666
2,Non-private (overfit),modified_entropy,0.014030037231905735,0.014166666666666666
2,Non-private (overfit),modified_entropy,0.015013107289081735,0.014583333333333334
2,Non-private (overfit),modified_entropy,0.01606506003853728,0.016666666666666666
2,Non-private (overfit),modified_entropy,0.017190722018585746,0.017083333333333332
2,Non-private (overfit),modified_entropy,0.01839525795803971,0.017916666666666668
2,Non-private (overfit),modified_entropy,0.019684194472866123,0.022083333333333333
2,Non-private (overfit),modified_entropy,0.02106344542324121,0.023333333333333334
2,Non-private (overfit),modified_entropy,0.022539339047347912,0.025833333333333333
2,Non-private (overfit),modified_entropy,0.024118646996409972,0.02666666666666667
2,Non-private (overfit),modified_entropy,0.02580861540418074,0.02875
2,Non-private (overfit),modified_entropy,0.02761699813343848,0.03166666666666667
2,Non-private (overfit),modified_entropy,0.029552092352028863,0.035
2,Non-private (overfit),modified_entropy,0.03162277660168379,0.03625
2,Non-private (overfit),modified_entropy,0.033838551534282335,0.0375
2,Non-private (overfit),modified_entropy,0.03620958350245917,0.03833333333333333
2,Non-private (overfit),modified_entropy,0.03874675120456132,0.04375
2,Non-private (overfit),modified_entropy,0.04146169559796819,0.04708333333333333
2,Non-private (overfit),modified_entropy,0.044366873309786115,0.05125
2,Non-private (overfit),modified_entropy,0.047475613789974204,0.056666666666666664
2,Non-private (overfit),modified_entropy,0.05080218046913023,0.06125
2,Non-private (overfit),modified_entropy,0.05436183620153837,0.06583333333333333
2,Non-private (overfit),modified_entropy,0.058170913293743576,0.07291666666666667
2,Non-private (overfit),modified_entropy,0.0622468884399544,0.07833333333333334
2,Non-private (overfit),modified_entropy,0.06660846290809161,0.08375
2,Non-private (overfit),modified_entropy,0.07127564834438914,0.08666666666666667
2,Non-private (overfit),modified_entropy,0.07626985859023444,0.09375
2,Non-private (overfit),modified_entropy,0.08161400793251826,0.09958333333333333
2,Non-private (overfit),modified_entropy,0.08733261623828428,0.1025
2,Non-private (overfit),modified_entropy,0.09345192145605374,0.11333333333333333
2,Non-private (overfit),modified_entropy,0.1,0.12208333333333334
2,Non-private (overfit),modified_entropy,0.10700689556931746,0.13083333333333333
2,Non-private (overfit),modified_entropy,0.11450475699382812,0.13791666666666666
2,Non-private (overfit),modified_entropy,0.12252798573828651,0.14916666666666667
2,Non-private (overfit),modified_entropy,0.13111339374215644,0.15625
2,Non-private (overfit),modified_entropy,0.14030037231905734,0.16708333333333333
2,Non-private (overfit),modified_entropy,0.15013107289081729,0.18041666666666667
2,Non-private (overfit),modified_entropy,0.16065060038537288,0.19458333333333333
2,Non-private (overfit),modified_entropy,0.17190722018585747,0.20208333333333334
2,Non-private (overfit),modified_entropy,0.18395257958039712,0.21291666666666667
2,Non-private (overfit),modified_entropy,0.19684194472866112,0.22583333333333333
2,Non-private (overfit),modified_entropy,0.210634454232412,0.23875
2,Non-private (overfit),modified_entropy,0.22539339047347912,0.25625
2,Non-private (overfit),modified_entropy,0.24118646996409973,0.2733333333333333
2,Non-private (overfit),modified_entropy,0.2580861540418074,0.29333333333333333
2,Non-private (overfit),modified_entropy,0.27616998133438464,0.3145833333333333
2,Non-private (overfit),modified_entropy,0.2955209235202888,0.3358333333333333
2,Non-private (overfit),modified_entropy,0.31622776601683794,0.36125
2,Non-private (overfit),modified_entropy,0.33838551534282335,0.38416666666666666
2,Non-private (overfit),modified_entropy,0.36209583502459164,0.41583333333333333
2,Non-private (overfit),modified_entropy,0.3874675120456132,0.4483333333333333
2,Non-private (overfit),modified_entropy,0.4146169559796819,0.4891666666666667
2,Non-private (overfit),modified_entropy,0.44366873309786115,0.53625
2,Non-private (overfit),modified_entropy,0.474756137899742,0.5766666666666667
2,Non-private (overfit),modified_entropy,0.5080218046913023,0.6166666666666667
2,Non-private (overfit),modified_entropy,0.5436183620153837,0.6525
2,Non-private (overfit),modified_entropy,0.5817091329374358,0.6925
2,Non-private (overfit),modified_entropy,0.622468884399544,0.7325
2,Non-private (overfit),modified_entropy,0.6660846290809154,0.7733333333333333
2,Non-private (overfit),modified_entropy,0.7127564834438914,0.8375
2,Non-private (overfit),modified_entropy,0.7626985859023444,0.8833333333333333
2,Non-private (overfit),modified_entropy,0.8161400793251826,0.9379166666666666
2,Non-private (overfit),modified_entropy,0.8733261623828429,0.9708333333333333
2,Non-private (overfit),modified_entropy,0.9345192145605374,0.995
2,Non-private (overfit),modified_entropy,1.0,1.0
2,Non-private (overfit),class_calibrated_loss,0.00031622776601683794,0.0004166666666666667
2,Non-private (overfit),class_calibrated_loss,0.00033838551534282334,0.0020833333333333333
2,Non-private (overfit),class_calibrated_loss,0.0003620958350245917,0.0020833333333333333
2,Non-private (overfit),class_calibrated_loss,0.0003874675120456132,0.0020833333333333333
2,Non-private (overfit),class_calibrated_loss,0.0004146169559796819,0.0020833333333333333
2,Non-private (overfit),class_calibrated_loss,0.0004436687330978611,0.0020833333333333333
2,Non-private (overfit),class_calibrated_loss,0.00047475613789974203,0.0020833333333333333
2,Non-private (overfit),class_calibrated_loss,0.0005080218046913023,0.0020833333333333333
2,Non-private (overfit),class_calibrated_loss,0.0005436183620153838,0.0020833333333333333
2,Non-private (overfit),class_calibrated_loss,0.0005817091329374358,0.0020833333333333333
2,Non-private (overfit),class_calibrated_loss,0.000622468884399544,0.0020833333333333333
2,Non-private (overfit),class_calibrated_loss,0.0006660846290809161,0.0020833333333333333
2,Non-private (overfit),class_calibrated_loss,0.0007127564834438914,0.0025
2,Non-private (overfit),class_calibrated_loss,0.0007626985859023443,0.0025
2,Non-private (overfit),class_calibrated_loss,0.0008161400793251826,0.0025
2,Non-private (overfit),class_calibrated_loss,0.0008733261623828437,0.0025
2,Non-private (overfit),class_calibrated_loss,0.0009345192145605374,0.0025
2,Non-private (overfit),class_calibrated_loss,0.001,0.004166666666666667
2,Non-private (overfit),class_calibrated_loss,0.0010700689556931745,0.004166666666666667
2,Non-private (overfit),class_calibrated_loss,0.0011450475699382812,0.004166666666666667
2,Non-private (overfit),class_calibrated_loss,0.0012252798573828651,0.004166666666666667
2,Non-private (overfit),class_calibrated_loss,0.0013111339374215643,0.004166666666666667
2,Non-private (overfit),class_calibrated_loss,0.0014030037231905735,0.004583333333333333
2,Non-private (overfit),class_calibrated_loss,0.0015013107289081743,0.004583333333333333
2,Non-private (overfit),class_calibrated_loss,0.0016065060038537287,0.004583333333333333
2,Non-private (overfit),class_calibrated_loss,0.0017190722018585747,0.004583333333333333
2,Non-private (overfit),class_calibrated_loss,0.0018395257958039712,0.004583333333333333
2,Non-private (overfit),class_calibrated_loss,0.0019684194472866113,0.004583333333333333
2,Non-private (overfit),class_calibrated_loss,0.00210634454232412,0.004583333333333333
2,Non-private (overfit),class_calibrated_loss,0.002253933904734791,0.004583333333333333
2,Non-private (overfit),class_calibrated_loss,0.002411864699640997,0.005
2,Non-private (overfit),class_calibrated_loss,0.0025808615404180743,0.005
2,Non-private (overfit),class_calibrated_loss,0.002761699813343849,0.005
2,Non-private (overfit),class_calibrated_loss,0.002955209235202888,0.005
2,Non-private (overfit),class_calibrated_loss,0.0031622776601683794,0.005
2,Non-private (overfit),class_calibrated_loss,0.003383855153428233,0.005416666666666667
2,Non-private (overfit),class_calibrated_loss,0.0036209583502459165,0.005416666666666667
2,Non-private (overfit),class_calibrated_loss,0.0038746751204561283,0.005416666666666667
2,Non-private (overfit),class_calibrated_loss,0.004146169559796819,0.005416666666666667
2,Non-private (overfit),class_calibrated_loss,0.004436687330978612,0.005833333333333334
2,Non-private (overfit),class_calibrated_loss,0.004747561378997425,0.005833333333333334
2,Non-private (overfit),class_calibrated_loss,0.005080218046913023,0.005833333333333334
2,Non-private (overfit),class_calibrated_loss,0.005436183620153837,0.005833333333333334
2,Non-private (overfit),class_calibrated_loss,0.005817091329374358,0.00625
2,Non-private (overfit),class_calibrated_loss,0.006224688843995439,0.00625
2,Non-private (overfit),class_calibrated_loss,0.006660846290809154,0.007083333333333333
2,Non-private (overfit),class_calibrated_loss,0.007127564834438914,0.007916666666666667
2,Non-private (overfit),class_calibrated_loss,0.007626985859023444,0.007916666666666667
2,Non-private (overfit),class_calibrated_loss,0.008161400793251826,0.007916666666666667
2,Non-private (overfit),class_calibrated_loss,0.008733261623828438,0.009166666666666667
2,Non-private (overfit),class_calibrated_loss,0.009345192145605374,0.010416666666666666
2,Non-private (overfit),class_calibrated_loss,0.01,0.01125
2,Non-private (overfit),class_calibrated_loss,0.010700689556931747,0.011666666666666667
2,Non-private (overfit),class_calibrated_loss,0.011450475699382817,0.013333333333333334
2,Non-private (overfit),class_calibrated_loss,0.012252798573828645,0.013333333333333334
2,Non-private (overfit),class_calibrated_loss,0.013111339374215644,0.014583333333333334
2,Non-private (overfit),class_calibrated_loss,0.014030037231905735,0.015416666666666667
2,Non-private (overfit),class_calibrated_loss,0.015013107289081735,0.01625
2,Non-private (overfit),class_calibrated_loss,0.01606506003853728,0.01875
2,Non-private (overfit),class_calibrated_loss,0.017190722018585746,0.02375
2,Non-private (overfit),class_calibrated_loss,0.01839525795803971,0.02625
2,Non-private (overfit),class_calibrated_loss,0.019684194472866123,0.027083333333333334
2,Non-private (overfit),class_calibrated_loss,0.02106344542324121,0.029166666666666667
2,Non-private (overfit),class_calibrated_loss,0.022539339047347912,0.03125
2,Non-private (overfit),class_calibrated_loss,0.024118646996409972,0.032916666666666664
2,Non-private (overfit),class_calibrated_loss,0.02580861540418074,0.035416666666666666
2,Non-private (overfit),class_calibrated_loss,0.02761699813343848,0.03833333333333333
2,Non-private (overfit),class_calibrated_loss,0.029552092352028863,0.04083333333333333
2,Non-private (overfit),class_calibrated_loss,0.03162277660168379,0.043333333333333335
2,Non-private (overfit),class_calibrated_loss,0.033838551534282335,0.0475
2,Non-private (overfit),class_calibrated_loss,0.03620958350245917,0.049166666666666664
2,Non-private (overfit),class_calibrated_loss,0.03874675120456132,0.05333333333333334
2,Non-private (overfit),class_calibrated_loss,0.04146169559796819,0.05583333333333333
2,Non-private (overfit),class_calibrated_loss,0.044366873309786115,0.06
2,Non-private (overfit),class_calibrated_loss,0.047475613789974204,0.06375
2,Non-private (overfit),class_calibrated_loss,0.05080218046913023,0.06833333333333333
2,Non-private (overfit),class_calibrated_loss,0.05436183620153837,0.07208333333333333
2,Non-private (overfit),class_calibrated_loss,0.058170913293743576,0.07958333333333334
2,Non-private (overfit),class_calibrated_loss,0.0622468884399544,0.08583333333333333
2,Non-private (overfit),class_calibrated_loss,0.06660846290809161,0.09583333333333334
2,Non-private (overfit),class_calibrated_loss,0.07127564834438914,0.10708333333333334
2,Non-private (overfit),class_calibrated_loss,0.07626985859023444,0.11583333333333333
2,Non-private (overfit),class_calibrated_loss,0.08161400793251826,0.125
2,Non-private (overfit),class_calibrated_loss,0.08733261623828428,0.13208333333333333
2,Non-private (overfit),class_calibrated_loss,0.09345192145605374,0.14375
2,Non-private (overfit),class_calibrated_loss,0.1,0.15583333333333332
2,Non-private (overfit),class_calibrated_loss,0.10700689556931746,0.16416666666666666
2,Non-private (overfit),class_calibrated_loss,0.11450475699382812,0.17
2,Non-private (overfit),class_calibrated_loss,0.12252798573828651,0.17916666666666667
2,Non-private (overfit),class_calibrated_loss,0.13111339374215644,0.1875
2,Non-private (overfit),class_calibrated_loss,0.14030037231905734,0.19916666666666666
2,Non-private (overfit),class_calibrated_loss,0.15013107289081729,0.21
2,Non-private (overfit),class_calibrated_loss,0.16065060038537288,0.22083333333333333
2,Non-private (overfit),class_calibrated_loss,0.17190722018585747,0.23541666666666666
2,Non-private (overfit),class_calibrated_loss,0.18395257958039712,0.25
2,Non-private (overfit),class_calibrated_loss,0.19684194472866112,0.26416666666666666
2,Non-private (overfit),class_calibrated_loss,0.210634454232412,0.28
2,Non-private (overfit),class_calibrated_loss,0.22539339047347912,0.29875
2,Non-private (overfit),class_calibrated_loss,0.24118646996409973,0.30791666666666667
2,Non-private (overfit),class_calibrated_loss,0.2580861540418074,0.32375
2,Non-private (overfit),class_calibrated_loss,0.27616998133438464,0.3425
2,Non-private (overfit),class_calibrated_loss,0.2955209235202888,0.3641666666666667
2,Non-private (overfit),class_calibrated_loss,0.31622776601683794,0.3858333333333333
2,Non-private (overfit),class_calibrated_loss,0.33838551534282335,0.40958333333333335
2,Non-private (overfit),class_calibrated_loss,0.36209583502459164,0.4354166666666667
2,Non-private (overfit),class_calibrated_loss,0.3874675120456132,0.46166666666666667
2,Non-private (overfit),class_calibrated_loss,0.4146169559796819,0.4970833333333333
2,Non-private (overfit),class_calibrated_loss,0.44366873309786115,0.5375
2,Non-private (overfit),class_calibrated_loss,0.474756137899742,0.5779166666666666
2,Non-private (overfit),class_calibrated_loss,0.5080218046913023,0.6225
2,Non-private (overfit),class_calibrated_loss,0.5436183620153837,0.6658333333333334
2,Non-private (overfit),class_calibrated_loss,0.5817091329374358,0.71
2,Non-private (overfit),class_calibrated_loss,0.622468884399544,0.7520833333333333
2,Non-private (overfit),class_calibrated_loss,0.6660846290809154,0.7908333333333334
2,Non-private (overfit),class_calibrated_loss,0.7127564834438914,0.8345833333333333
2,Non-private (overfit),class_calibrated_loss,0.7626985859023444,0.8908333333333334
2,Non-private (overfit),class_calibrated_loss,0.8161400793251826,0.9283333333333333
2,Non-private (overfit),class_calibrated_loss,0.8733261623828429,0.9691666666666666
2,Non-private (overfit),class_calibrated_loss,0.9345192145605374,0.9945833333333334
2,Non-private (overfit),class_calibrated_loss,1.0,1.0
2,Non-private (overfit),learned_ensemble,0.00031622776601683794,0.0
2,Non-private (overfit),learned_ensemble,0.00033838551534282334,0.0
2,Non-private (overfit),learned_ensemble,0.0003620958350245917,0.0
2,Non-private (overfit),learned_ensemble,0.0003874675120456132,0.0
2,Non-private (overfit),learned_ensemble,0.0004146169559796819,0.0
2,Non-private (overfit),learned_ensemble,0.0004436687330978611,0.0
2,Non-private (overfit),learned_ensemble,0.00047475613789974203,0.0
2,Non-private (overfit),learned_ensemble,0.0005080218046913023,0.0
2,Non-private (overfit),learned_ensemble,0.0005436183620153838,0.0
2,Non-private (overfit),learned_ensemble,0.0005817091329374358,0.0
2,Non-private (overfit),learned_ensemble,0.000622468884399544,0.0
2,Non-private (overfit),learned_ensemble,0.0006660846290809161,0.0
2,Non-private (overfit),learned_ensemble,0.0007127564834438914,5.7612270971530956e-05
2,Non-private (overfit),learned_ensemble,0.0007626985859023443,0.00012003989904459713
2,Non-private (overfit),learned_ensemble,0.0008161400793251826,0.00018684176582314498
2,Non-private (overfit),learned_ensemble,0.0008733261623828437,0.0002583243696452213
2,Non-private (overfit),learned_ensemble,0.0009345192145605374,0.00033481568486733843
2,Non-private (overfit),learned_ensemble,0.001,0.0008333333333333334
2,Non-private (overfit),learned_ensemble,0.0010700689556931745,0.0009209195279498016
2,Non-private (overfit),learned_ensemble,0.0011450475699382812,0.001014642795756185
2,Non-private (overfit),learned_ensemble,0.0012252798573828651,0.001114933155061915
2,Non-private (overfit),learned_ensemble,0.0013111339374215643,0.0012222507551102888
2,Non-private (overfit),learned_ensemble,0.0014030037231905735,0.00125
2,Non-private (overfit),learned_ensemble,0.0015013107289081743,0.00125
2,Non-private (overfit),learned_ensemble,0.0016065060038537287,0.00125
2,Non-private (overfit),learned_ensemble,0.0017190722018585747,0.00125
2,Non-private (overfit),learned_ensemble,0.0018395257958039712,0.00125
2,Non-private (overfit),learned_ensemble,0.0019684194472866113,0.00125
2,Non-private (overfit),learned_ensemble,0.00210634454232412,0.00125
2,Non-private (overfit),learned_ensemble,0.002253933904734791,0.00125
2,Non-private (overfit),learned_ensemble,0.002411864699640997,0.001961159290320406
2,Non-private (overfit),learned_ensemble,0.0025808615404180743,0.0025948974432344453
2,Non-private (overfit),learned_ensemble,0.002761699813343849,0.003035458100013145
2,Non-private (overfit),learned_ensemble,0.002955209235202888,0.0032773448773369433
2,Non-private (overfit),learned_ensemble,0.0031622776601683794,0.003414472163417523
2,Non-private (overfit),learned_ensemble,0.003383855153428233,0.00352526091004745
2,Non-private (overfit),learned_ensemble,0.0036209583502459165,0.0036438125084562916
2,Non-private (overfit),learned_ensemble,0.0038746751204561283,0.0037706708935613975
2,Non-private (overfit),learned_ensemble,0.004146169559796819,0.003906418113231743
2,Non-private (overfit),learned_ensemble,0.004436687330978612,0.004051676998822639
2,Non-private (overfit),learned_ensemble,0.004747561378997425,0.0043689034474935625
2,Non-private (overfit),learned_ensemble,0.005080218046913023,0.0051002725586412785
2,Non-private (overfit),learned_ensemble,0.005436183620153837,0.005480948095929482
2,Non-private (overfit),learned_ensemble,0.005817091329374358,0.005719015414192307
2,Non-private (overfit),learned_ensemble,0.006224688843995439,0.0059269536849981
2,Non-private (overfit),learned_ensemble,0.006660846290809154,0.0061086859545038145
2,Non-private (overfit),learned_ensemble,0.007127564834438914,0.00625
2,Non-private (overfit),learned_ensemble,0.007626985859023444,0.006984131314225277
2,Non-private (overfit),learned_ensemble,0.008161400793251826,0.009046044145578623
2,Non-private (overfit),learned_ensemble,0.008733261623828438,0.009583333333333333
2,Non-private (overfit),learned_ensemble,0.009345192145605374,0.011257411757670024
2,Non-private (overfit),learned_ensemble,0.01,0.011666666666666665
2,Non-private (overfit),learned_ensemble,0.010700689556931747,0.012104597639749009
2,Non-private (overfit),learned_ensemble,0.011450475699382817,0.0125
2,Non-private (overfit),learned_ensemble,0.012252798573828645,0.015796991977786126
2,Non-private (overfit),learned_ensemble,0.013111339374215644,0.017139149761008356
2,Non-private (overfit),learned_ensemble,0.014030037231905735,0.018189090169797032
2,Non-private (overfit),learned_ensemble,0.015013107289081735,0.019312598806569603
2,Non-private (overfit),learned_ensemble,0.01606506003853728,0.020514830520233084
2,Non-private (overfit),learned_ensemble,0.017190722018585746,0.021801301354574185
2,Non-private (overfit),learned_ensemble,0.01839525795803971,0.02317791385680729
2,Non-private (overfit),learned_ensemble,0.019684194472866123,0.024650984159466045
2,Non-private (overfit),learned_ensemble,0.02106344542324121,0.026227270959894716
2,Non-private (overfit),learned_ensemble,0.022539339047347912,0.027914006530302377
2,Non-private (overfit),learned_ensemble,0.024118646996409972,0.029776134702499537
2,Non-private (overfit),learned_ensemble,0.02580861540418074,0.03252233336512703
2,Non-private (overfit),learned_ensemble,0.02761699813343848,0.03546095530017086
2,Non-private (overfit),learned_ensemble,0.029552092352028863,0.03860548340538023
2,Non-private (overfit),learned_ensemble,0.03162277660168379,0.04322360817087615
2,Non-private (overfit),learned_ensemble,0.033838551534282335,0.045919275767141166
2,Non-private (overfit),learned_ensemble,0.03620958350245917,0.04708333333333333
2,Non-private (overfit),learned_ensemble,0.03874675120456132,0.05149350240912265
2,Non-private (overfit),learned_ensemble,0.04146169559796819,0.05448084779898409
2,Non-private (overfit),learned_ensemble,0.044366873309786115,0.056291924970565975
2,Non-private (overfit),learned_ensemble,0.047475613789974204,0.06327836885640128
2,Non-private (overfit),learned_ensemble,0.05080218046913023,0.06819261508697269
2,Non-private (overfit),learned_ensemble,0.05436183620153837,0.07314281429262816
2,Non-private (overfit),learned_ensemble,0.058170913293743576,0.07923566918508874
2,Non-private (overfit),learned_ensemble,0.0622468884399544,0.0853574526748955
2,Non-private (overfit),learned_ensemble,0.06660846290809161,0.09159391196844784
2,Non-private (overfit),learned_ensemble,0.07127564834438914,0.09902245419430619
2,Non-private (overfit),learned_ensemble,0.07626985859023444,0.10525797980891943
2,Non-private (overfit),learned_ensemble,0.08161400793251826,0.11148389549932076
2,Non-private (overfit),learned_ensemble,0.08733261623828428,0.1210494385432997
2,Non-private (overfit),learned_ensemble,0.09345192145605374,0.13036398024440388
2,Non-private (overfit),learned_ensemble,0.1,0.1379166666666667
2,Non-private (overfit),learned_ensemble,0.10700689556931746,0.14875
2,Non-private (overfit),learned_ensemble,0.11450475699382812,0.1598560527932114
2,Non-private (overfit),learned_ensemble,0.12252798573828651,0.17032999108642907
2,Non-private (overfit),learned_ensemble,0.13111339374215644,0.18260630663327165
2,Non-private (overfit),learned_ensemble,0.14030037231905734,0.19240598992778915
2,Non-private (overfit),learned_ensemble,0.15013107289081729,0.20273820157032896
2,Non-private (overfit),learned_ensemble,0.16065060038537288,0.21948882760117813
2,Non-private (overfit),learned_ensemble,0.17190722018585747,0.23461491045807928
2,Non-private (overfit),learned_ensemble,0.18395257958039712,0.25080086214449193
2,Non-private (overfit),learned_ensemble,0.19684194472866112,0.2681209465624717
2,Non-private (overfit),learned_ensemble,0.210634454232412,0.28112132398464673
2,Non-private (overfit),learned_ensemble,0.22539339047347912,0.2948842994104088
2,Non-private (overfit),learned_ensemble,0.24118646996409973,0.3101997892472497
2,Non-private (overfit),learned_ensemble,0.2580861540418074,0.32685496522172525
2,Non-private (overfit),learned_ensemble,0.27616998133438464,0.3442737772816355
2,Non-private (overfit),learned_ensemble,0.2955209235202888,0.36815115440036106
2,Non-private (overfit),learned_ensemble,0.31622776601683794,0.391787177963621
2,Non-private (overfit),learned_ensemble,0.33838551534282335,0.4185769417972911
2,Non-private (overfit),learned_ensemble,0.36209583502459164,0.44904861392987494
2,Non-private (overfit),learned_ensemble,0.3874675120456132,0.4832142681641988
2,Non-private (overfit),learned_ensemble,0.4146169559796819,0.5103593081816842
2,Non-private (overfit),learned_ensemble,0.44366873309786115,0.5437510875953655
2,Non-private (overfit),learned_ensemble,0.474756137899742,0.5830745585351591
2,Non-private (overfit),learned_ensemble,0.5080218046913023,0.6222417420616644
2,Non-private (overfit),learned_ensemble,0.5436183620153837,0.6592154842537383
2,Non-private (overfit),learned_ensemble,0.5817091329374358,0.7028611592685896
2,Non-private (overfit),learned_ensemble,0.622468884399544,0.7440319400352664
2,Non-private (overfit),learned_ensemble,0.6660846290809154,0.7855221938682945
2,Non-private (overfit),learned_ensemble,0.7127564834438914,0.8319225797266148
2,Non-private (overfit),learned_ensemble,0.7626985859023444,0.8794161616317897
2,Non-private (overfit),learned_ensemble,0.8161400793251826,0.9270833333333334
2,Non-private (overfit),learned_ensemble,0.8733261623828429,0.9654166666666667
2,Non-private (overfit),learned_ensemble,0.9345192145605374,0.9920229258770265
2,Non-private (overfit),learned_ensemble,1.0,1.0
2,Non-private (overfit),lira,0.00031622776601683794,0.0
2,Non-private (overfit),lira,0.00033838551534282334,0.0004166666666666667
2,Non-private (overfit),lira,0.0003620958350245917,0.0004166666666666667
2,Non-private (overfit),lira,0.0003874675120456132,0.0004166666666666667
2,Non-private (overfit),lira,0.0004146169559796819,0.0004166666666666667
2,Non-private (overfit),lira,0.0004436687330978611,0.0004166666666666667
2,Non-private (overfit),lira,0.00047475613789974203,0.0004166666666666667
2,Non-private (overfit),lira,0.0005080218046913023,0.0004166666666666667
2,Non-private (overfit),lira,0.0005436183620153838,0.0004166666666666667
2,Non-private (overfit),lira,0.0005817091329374358,0.0004166666666666667
2,Non-private (overfit),lira,0.000622468884399544,0.0004166666666666667
2,Non-private (overfit),lira,0.0006660846290809161,0.0004166666666666667
2,Non-private (overfit),lira,0.0007127564834438914,0.0008333333333333334
2,Non-private (overfit),lira,0.0007626985859023443,0.0008333333333333334
2,Non-private (overfit),lira,0.0008161400793251826,0.0008333333333333334
2,Non-private (overfit),lira,0.0008733261623828437,0.0008333333333333334
2,Non-private (overfit),lira,0.0009345192145605374,0.0008333333333333334
2,Non-private (overfit),lira,0.001,0.0008333333333333334
2,Non-private (overfit),lira,0.0010700689556931745,0.0008333333333333334
2,Non-private (overfit),lira,0.0011450475699382812,0.0008333333333333334
2,Non-private (overfit),lira,0.0012252798573828651,0.0008333333333333334
2,Non-private (overfit),lira,0.0013111339374215643,0.0008333333333333334
2,Non-private (overfit),lira,0.0014030037231905735,0.00125
2,Non-private (overfit),lira,0.0015013107289081743,0.00125
2,Non-private (overfit),lira,0.0016065060038537287,0.00125
2,Non-private (overfit),lira,0.0017190722018585747,0.0020833333333333333
2,Non-private (overfit),lira,0.0018395257958039712,0.0020833333333333333
2,Non-private (overfit),lira,0.0019684194472866113,0.0020833333333333333
2,Non-private (overfit),lira,0.00210634454232412,0.0020833333333333333
2,Non-private (overfit),lira,0.002253933904734791,0.0020833333333333333
2,Non-private (overfit),lira,0.002411864699640997,0.0020833333333333333
2,Non-private (overfit),lira,0.0025808615404180743,0.0020833333333333333
2,Non-private (overfit),lira,0.002761699813343849,0.0033333333333333335
2,Non-private (overfit),lira,0.002955209235202888,0.0033333333333333335
2,Non-private (overfit),lira,0.0031622776601683794,0.0033333333333333335
2,Non-private (overfit),lira,0.003383855153428233,0.00375
2,Non-private (overfit),lira,0.0036209583502459165,0.00375
2,Non-private (overfit),lira,0.0038746751204561283,0.004166666666666667
2,Non-private (overfit),lira,0.004146169559796819,0.0075
2,Non-private (overfit),lira,0.004436687330978612,0.007916666666666667
2,Non-private (overfit),lira,0.004747561378997425,0.007916666666666667
2,Non-private (overfit),lira,0.005080218046913023,0.008333333333333333
2,Non-private (overfit),lira,0.005436183620153837,0.008333333333333333
2,Non-private (overfit),lira,0.005817091329374358,0.008333333333333333
2,Non-private (overfit),lira,0.006224688843995439,0.009166666666666667
2,Non-private (overfit),lira,0.006660846290809154,0.009583333333333333
2,Non-private (overfit),lira,0.007127564834438914,0.010833333333333334
2,Non-private (overfit),lira,0.007626985859023444,0.013333333333333334
2,Non-private (overfit),lira,0.008161400793251826,0.014166666666666666
2,Non-private (overfit),lira,0.008733261623828438,0.017083333333333332
2,Non-private (overfit),lira,0.009345192145605374,0.017083333333333332
2,Non-private (overfit),lira,0.01,0.020416666666666666
2,Non-private (overfit),lira,0.010700689556931747,0.02375
2,Non-private (overfit),lira,0.011450475699382817,0.025416666666666667
2,Non-private (overfit),lira,0.012252798573828645,0.02625
2,Non-private (overfit),lira,0.013111339374215644,0.02875
2,Non-private (overfit),lira,0.014030037231905735,0.03208333333333333
2,Non-private (overfit),lira,0.015013107289081735,0.03333333333333333
2,Non-private (overfit),lira,0.01606506003853728,0.03625
2,Non-private (overfit),lira,0.017190722018585746,0.04
2,Non-private (overfit),lira,0.01839525795803971,0.042083333333333334
2,Non-private (overfit),lira,0.019684194472866123,0.04375
2,Non-private (overfit),lira,0.02106344542324121,0.04791666666666667
2,Non-private (overfit),lira,0.022539339047347912,0.049166666666666664
2,Non-private (overfit),lira,0.024118646996409972,0.05125
2,Non-private (overfit),lira,0.02580861540418074,0.051666666666666666
2,Non-private (overfit),lira,0.02761699813343848,0.05875
2,Non-private (overfit),lira,0.029552092352028863,0.0625
2,Non-private (overfit),lira,0.03162277660168379,0.06375
2,Non-private (overfit),lira,0.033838551534282335,0.06458333333333334
2,Non-private (overfit),lira,0.03620958350245917,0.07125
2,Non-private (overfit),lira,0.03874675120456132,0.07708333333333334
2,Non-private (overfit),lira,0.04146169559796819,0.08166666666666667
2,Non-private (overfit),lira,0.044366873309786115,0.0875
2,Non-private (overfit),lira,0.047475613789974204,0.08916666666666667
2,Non-private (overfit),lira,0.05080218046913023,0.09541666666666666
2,Non-private (overfit),lira,0.05436183620153837,0.10291666666666667
2,Non-private (overfit),lira,0.058170913293743576,0.10625
2,Non-private (overfit),lira,0.0622468884399544,0.10916666666666666
2,Non-private (overfit),lira,0.06660846290809161,0.11666666666666667
2,Non-private (overfit),lira,0.07127564834438914,0.12375
2,Non-private (overfit),lira,0.07626985859023444,0.13291666666666666
2,Non-private (overfit),lira,0.08161400793251826,0.13666666666666666
2,Non-private (overfit),lira,0.08733261623828428,0.14541666666666667
2,Non-private (overfit),lira,0.09345192145605374,0.15333333333333332
2,Non-private (overfit),lira,0.1,0.15666666666666668
2,Non-private (overfit),lira,0.10700689556931746,0.16708333333333333
2,Non-private (overfit),lira,0.11450475699382812,0.18166666666666667
2,Non-private (overfit),lira,0.12252798573828651,0.19125
2,Non-private (overfit),lira,0.13111339374215644,0.20333333333333334
2,Non-private (overfit),lira,0.14030037231905734,0.21625
2,Non-private (overfit),lira,0.15013107289081729,0.22375
2,Non-private (overfit),lira,0.16065060038537288,0.23333333333333334
2,Non-private (overfit),lira,0.17190722018585747,0.2504166666666667
2,Non-private (overfit),lira,0.18395257958039712,0.26208333333333333
2,Non-private (overfit),lira,0.19684194472866112,0.28125
2,Non-private (overfit),lira,0.210634454232412,0.29583333333333334
2,Non-private (overfit),lira,0.22539339047347912,0.3154166666666667
2,Non-private (overfit),lira,0.24118646996409973,0.3358333333333333
2,Non-private (overfit),lira,0.2580861540418074,0.35625
2,Non-private (overfit),lira,0.27616998133438464,0.37583333333333335
2,Non-private (overfit),lira,0.2955209235202888,0.40125
2,Non-private (overfit),lira,0.31622776601683794,0.42125
2,Non-private (overfit),lira,0.33838551534282335,0.44166666666666665
2,Non-private (overfit),lira,0.36209583502459164,0.46291666666666664
2,Non-private (overfit),lira,0.3874675120456132,0.4895833333333333
2,Non-private (overfit),lira,0.4146169559796819,0.5158333333333334
2,Non-private (overfit),lira,0.44366873309786115,0.5479166666666667
2,Non-private (overfit),lira,0.474756137899742,0.5804166666666667
2,Non-private (overfit),lira,0.5080218046913023,0.62125
2,Non-private (overfit),lira,0.5436183620153837,0.6629166666666667
2,Non-private (overfit),lira,0.5817091329374358,0.7129166666666666
2,Non-private (overfit),lira,0.622468884399544,0.7470833333333333
2,Non-private (overfit),lira,0.6660846290809154,0.7816666666666666
2,Non-private (overfit),lira,0.7127564834438914,0.8170833333333334
2,Non-private (overfit),lira,0.7626985859023444,0.86625
2,Non-private (overfit),lira,0.8161400793251826,0.90875
2,Non-private (overfit),lira,0.8733261623828429,0.9545833333333333
2,Non-private (overfit),lira,0.9345192145605374,0.9791666666666666
2,Non-private (overfit),lira,1.0,1.0
2,Non-private (tuned),confidence,0.00031622776601683794,0.0
2,Non-private (tuned),confidence,0.00033838551534282334,0.0020833333333333333
2,Non-private (tuned),confidence,0.0003620958350245917,0.0020833333333333333
2,Non-private (tuned),confidence,0.0003874675120456132,0.0020833333333333333
2,Non-private (tuned),confidence,0.0004146169559796819,0.0020833333333333333
2,Non-private (tuned),confidence,0.0004436687330978611,0.0020833333333333333
2,Non-private (tuned),confidence,0.00047475613789974203,0.0020833333333333333
2,Non-private (tuned),confidence,0.0005080218046913023,0.0020833333333333333
2,Non-private (tuned),confidence,0.0005436183620153838,0.0020833333333333333
2,Non-private (tuned),confidence,0.0005817091329374358,0.0020833333333333333
2,Non-private (tuned),confidence,0.000622468884399544,0.0020833333333333333
2,Non-private (tuned),confidence,0.0006660846290809161,0.0020833333333333333
2,Non-private (tuned),confidence,0.0007127564834438914,0.0020833333333333333
2,Non-private (tuned),confidence,0.0007626985859023443,0.0020833333333333333
2,Non-private (tuned),confidence,0.0008161400793251826,0.0020833333333333333
2,Non-private (tuned),confidence,0.0008733261623828437,0.0020833333333333333
2,Non-private (tuned),confidence,0.0009345192145605374,0.0020833333333333333
2,Non-private (tuned),confidence,0.001,0.0020833333333333333
2,Non-private (tuned),confidence,0.0010700689556931745,0.0020833333333333333
2,Non-private (tuned),confidence,0.0011450475699382812,0.0020833333333333333
2,Non-private (tuned),confidence,0.0012252798573828651,0.0020833333333333333
2,Non-private (tuned),confidence,0.0013111339374215643,0.0020833333333333333
2,Non-private (tuned),confidence,0.0014030037231905735,0.0025
2,Non-private (tuned),confidence,0.0015013107289081743,0.0025
2,Non-private (tuned),confidence,0.0016065060038537287,0.0025
2,Non-private (tuned),confidence,0.0017190722018585747,0.0025
2,Non-private (tuned),confidence,0.0018395257958039712,0.0025
2,Non-private (tuned),confidence,0.0019684194472866113,0.0025
2,Non-private (tuned),confidence,0.00210634454232412,0.0033333333333333335
2,Non-private (tuned),confidence,0.002253933904734791,0.0033333333333333335
2,Non-private (tuned),confidence,0.002411864699640997,0.0033333333333333335
2,Non-private (tuned),confidence,0.0025808615404180743,0.0033333333333333335
2,Non-private (tuned),confidence,0.002761699813343849,0.0033333333333333335
2,Non-private (tuned),confidence,0.002955209235202888,0.0033333333333333335
2,Non-private (tuned),confidence,0.0031622776601683794,0.0033333333333333335
2,Non-private (tuned),confidence,0.003383855153428233,0.0033333333333333335
2,Non-private (tuned),confidence,0.0036209583502459165,0.0033333333333333335
2,Non-private (tuned),confidence,0.0038746751204561283,0.00375
2,Non-private (tuned),confidence,0.004146169559796819,0.00375
2,Non-private (tuned),confidence,0.004436687330978612,0.00375
2,Non-private (tuned),confidence,0.004747561378997425,0.00375
2,Non-private (tuned),confidence,0.005080218046913023,0.00375
2,Non-private (tuned),confidence,0.005436183620153837,0.00375
2,Non-private (tuned),confidence,0.005817091329374358,0.004166666666666667
2,Non-private (tuned),confidence,0.006224688843995439,0.005
2,Non-private (tuned),confidence,0.006660846290809154,0.005
2,Non-private (tuned),confidence,0.007127564834438914,0.0075
2,Non-private (tuned),confidence,0.007626985859023444,0.0075
2,Non-private (tuned),confidence,0.008161400793251826,0.007916666666666667
2,Non-private (tuned),confidence,0.008733261623828438,0.009583333333333333
2,Non-private (tuned),confidence,0.009345192145605374,0.010833333333333334
2,Non-private (tuned),confidence,0.01,0.01125
2,Non-private (tuned),confidence,0.010700689556931747,0.012916666666666667
2,Non-private (tuned),confidence,0.011450475699382817,0.013333333333333334
2,Non-private (tuned),confidence,0.012252798573828645,0.013333333333333334
2,Non-private (tuned),confidence,0.013111339374215644,0.01375
2,Non-private (tuned),confidence,0.014030037231905735,0.015
2,Non-private (tuned),confidence,0.015013107289081735,0.015
2,Non-private (tuned),confidence,0.01606506003853728,0.015833333333333335
2,Non-private (tuned),confidence,0.017190722018585746,0.015833333333333335
2,Non-private (tuned),confidence,0.01839525795803971,0.019583333333333335
2,Non-private (tuned),confidence,0.019684194472866123,0.020416666666666666
2,Non-private (tuned),confidence,0.02106344542324121,0.020833333333333332
2,Non-private (tuned),confidence,0.022539339047347912,0.0225
2,Non-private (tuned),confidence,0.024118646996409972,0.024166666666666666
2,Non-private (tuned),confidence,0.02580861540418074,0.02625
2,Non-private (tuned),confidence,0.02761699813343848,0.02666666666666667
2,Non-private (tuned),confidence,0.029552092352028863,0.0275
2,Non-private (tuned),confidence,0.03162277660168379,0.030416666666666668
2,Non-private (tuned),confidence,0.033838551534282335,0.032916666666666664
2,Non-private (tuned),confidence,0.03620958350245917,0.035833333333333335
2,Non-private (tuned),confidence,0.03874675120456132,0.03958333333333333
2,Non-private (tuned),confidence,0.04146169559796819,0.043333333333333335
2,Non-private (tuned),confidence,0.044366873309786115,0.04583333333333333
2,Non-private (tuned),confidence,0.047475613789974204,0.049166666666666664
2,Non-private (tuned),confidence,0.05080218046913023,0.05125
2,Non-private (tuned),confidence,0.05436183620153837,0.05541666666666667
2,Non-private (tuned),confidence,0.058170913293743576,0.060833333333333336
2,Non-private (tuned),confidence,0.0622468884399544,0.06541666666666666
2,Non-private (tuned),confidence,0.06660846290809161,0.06833333333333333
2,Non-private (tuned),confidence,0.07127564834438914,0.07375
2,Non-private (tuned),confidence,0.07626985859023444,0.07833333333333334
2,Non-private (tuned),confidence,0.08161400793251826,0.085
2,Non-private (tuned),confidence,0.08733261623828428,0.08875
2,Non-private (tuned),confidence,0.09345192145605374,0.09833333333333333
2,Non-private (tuned),confidence,0.1,0.10416666666666667
2,Non-private (tuned),confidence,0.10700689556931746,0.11041666666666666
2,Non-private (tuned),confidence,0.11450475699382812,0.11708333333333333
2,Non-private (tuned),confidence,0.12252798573828651,0.12416666666666666
2,Non-private (tuned),confidence,0.13111339374215644,0.13166666666666665
2,Non-private (tuned),confidence,0.14030037231905734,0.13791666666666666
2,Non-private (tuned),confidence,0.15013107289081729,0.1475
2,Non-private (tuned),confidence,0.16065060038537288,0.15875
2,Non-private (tuned),confidence,0.17190722018585747,0.17666666666666667
2,Non-private (tuned),confidence,0.18395257958039712,0.1875
2,Non-private (tuned),confidence,0.19684194472866112,0.19333333333333333
2,Non-private (tuned),confidence,0.210634454232412,0.19833333333333333
2,Non-private (tuned),confidence,0.22539339047347912,0.21083333333333334
2,Non-private (tuned),confidence,0.24118646996409973,0.22958333333333333
2,Non-private (tuned),confidence,0.2580861540418074,0.24625
2,Non-private (tuned),confidence,0.27616998133438464,0.27125
2,Non-private (tuned),confidence,0.2955209235202888,0.29
2,Non-private (tuned),confidence,0.31622776601683794,0.31333333333333335
2,Non-private (tuned),confidence,0.33838551534282335,0.33
2,Non-private (tuned),confidence,0.36209583502459164,0.3491666666666667
2,Non-private (tuned),confidence,0.3874675120456132,0.38083333333333336
2,Non-private (tuned),confidence,0.4146169559796819,0.40458333333333335
2,Non-private (tuned),confidence,0.44366873309786115,0.4345833333333333
2,Non-private (tuned),confidence,0.474756137899742,0.4708333333333333
2,Non-private (tuned),confidence,0.5080218046913023,0.4995833333333333
2,Non-private (tuned),confidence,0.5436183620153837,0.54125
2,Non-private (tuned),confidence,0.5817091329374358,0.5858333333333333
2,Non-private (tuned),confidence,0.622468884399544,0.6229166666666667
2,Non-private (tuned),confidence,0.6660846290809154,0.67125
2,Non-private (tuned),confidence,0.7127564834438914,0.7179166666666666
2,Non-private (tuned),confidence,0.7626985859023444,0.7670833333333333
2,Non-private (tuned),confidence,0.8161400793251826,0.8225
2,Non-private (tuned),confidence,0.8733261623828429,0.8783333333333333
2,Non-private (tuned),confidence,0.9345192145605374,0.9375
2,Non-private (tuned),confidence,1.0,1.0
2,Non-private (tuned),neg_entropy,0.00031622776601683794,0.0
2,Non-private (tuned),neg_entropy,0.00033838551534282334,0.0020833333333333333
2,Non-private (tuned),neg_entropy,0.0003620958350245917,0.0020833333333333333
2,Non-private (tuned),neg_entropy,0.0003874675120456132,0.0020833333333333333
2,Non-private (tuned),neg_entropy,0.0004146169559796819,0.0020833333333333333
2,Non-private (tuned),neg_entropy,0.0004436687330978611,0.0020833333333333333
2,Non-private (tuned),neg_entropy,0.00047475613789974203,0.0020833333333333333
2,Non-private (tuned),neg_entropy,0.0005080218046913023,0.0020833333333333333
2,Non-private (tuned),neg_entropy,0.0005436183620153838,0.0020833333333333333
2,Non-private (tuned),neg_entropy,0.0005817091329374358,0.0020833333333333333
2,Non-private (tuned),neg_entropy,0.000622468884399544,0.0020833333333333333
2,Non-private (tuned),neg_entropy,0.0006660846290809161,0.0020833333333333333
2,Non-private (tuned),neg_entropy,0.0007127564834438914,0.0020833333333333333
2,Non-private (tuned),neg_entropy,0.0007626985859023443,0.0020833333333333333
2,Non-private (tuned),neg_entropy,0.0008161400793251826,0.0020833333333333333
2,Non-private (tuned),neg_entropy,0.0008733261623828437,0.0020833333333333333
2,Non-private (tuned),neg_entropy,0.0009345192145605374,0.0020833333333333333
2,Non-private (tuned),neg_entropy,0.001,0.0020833333333333333
2,Non-private (tuned),neg_entropy,0.0010700689556931745,0.0020833333333333333
2,Non-private (tuned),neg_entropy,0.0011450475699382812,0.0020833333333333333
2,Non-private (tuned),neg_entropy,0.0012252798573828651,0.0020833333333333333
2,Non-private (tuned),neg_entropy,0.0013111339374215643,0.0020833333333333333
2,Non-private (tuned),neg_entropy,0.0014030037231905735,0.0025
2,Non-private (tuned),neg_entropy,0.0015013107289081743,0.0025
2,Non-private (tuned),neg_entropy,0.0016065060038537287,0.0025
2,Non-private (tuned),neg_entropy,0.0017190722018585747,0.0025
2,Non-private (tuned),neg_entropy,0.0018395257958039712,0.0025
2,Non-private (tuned),neg_entropy,0.0019684194472866113,0.0025
2,Non-private (tuned),neg_entropy,0.00210634454232412,0.0033333333333333335
2,Non-private (tuned),neg_entropy,0.002253933904734791,0.0033333333333333335
2,Non-private (tuned),neg_entropy,0.002411864699640997,0.0033333333333333335
2,Non-private (tuned),neg_entropy,0.0025808615404180743,0.0033333333333333335
2,Non-private (tuned),neg_entropy,0.002761699813343849,0.0033333333333333335
2,Non-private (tuned),neg_entropy,0.002955209235202888,0.0033333333333333335
2,Non-private (tuned),neg_entropy,0.0031622776601683794,0.0033333333333333335
2,Non-private (tuned),neg_entropy,0.003383855153428233,0.0033333333333333335
2,Non-private (tuned),neg_entropy,0.0036209583502459165,0.0033333333333333335
2,Non-private (tuned),neg_entropy,0.0038746751204561283,0.00375
2,Non-private (tuned),neg_entropy,0.004146169559796819,0.00375
2,Non-private (tuned),neg_entropy,0.004436687330978612,0.00375
2,Non-private (tuned),neg_entropy,0.004747561378997425,0.00375
2,Non-private (tuned),neg_entropy,0.005080218046913023,0.00375
2,Non-private (tuned),neg_entropy,0.005436183620153837,0.00375
2,Non-private (tuned),neg_entropy,0.005817091329374358,0.004166666666666667
2,Non-private (tuned),neg_entropy,0.006224688843995439,0.005
2,Non-private (tuned),neg_entropy,0.006660846290809154,0.005
2,Non-private (tuned),neg_entropy,0.007127564834438914,0.0075
2,Non-private (tuned),neg_entropy,0.007626985859023444,0.0075
2,Non-private (tuned),neg_entropy,0.008161400793251826,0.007916666666666667
2,Non-private (tuned),neg_entropy,0.008733261623828438,0.009583333333333333
2,Non-private (tuned),neg_entropy,0.009345192145605374,0.010833333333333334
2,Non-private (tuned),neg_entropy,0.01,0.01125
2,Non-private (tuned),neg_entropy,0.010700689556931747,0.012916666666666667
2,Non-private (tuned),neg_entropy,0.011450475699382817,0.013333333333333334
2,Non-private (tuned),neg_entropy,0.012252798573828645,0.013333333333333334
2,Non-private (tuned),neg_entropy,0.013111339374215644,0.01375
2,Non-private (tuned),neg_entropy,0.014030037231905735,0.015
2,Non-private (tuned),neg_entropy,0.015013107289081735,0.015
2,Non-private (tuned),neg_entropy,0.01606506003853728,0.015833333333333335
2,Non-private (tuned),neg_entropy,0.017190722018585746,0.015833333333333335
2,Non-private (tuned),neg_entropy,0.01839525795803971,0.019583333333333335
2,Non-private (tuned),neg_entropy,0.019684194472866123,0.020416666666666666
2,Non-private (tuned),neg_entropy,0.02106344542324121,0.020833333333333332
2,Non-private (tuned),neg_entropy,0.022539339047347912,0.0225
2,Non-private (tuned),neg_entropy,0.024118646996409972,0.024166666666666666
2,Non-private (tuned),neg_entropy,0.02580861540418074,0.02625
2,Non-private (tuned),neg_entropy,0.02761699813343848,0.02666666666666667
2,Non-private (tuned),neg_entropy,0.029552092352028863,0.0275
2,Non-private (tuned),neg_entropy,0.03162277660168379,0.030416666666666668
2,Non-private (tuned),neg_entropy,0.033838551534282335,0.032916666666666664
2,Non-private (tuned),neg_entropy,0.03620958350245917,0.035833333333333335
2,Non-private (tuned),neg_entropy,0.03874675120456132,0.03958333333333333
2,Non-private (tuned),neg_entropy,0.04146169559796819,0.043333333333333335
2,Non-private (tuned),neg_entropy,0.044366873309786115,0.04583333333333333
2,Non-private (tuned),neg_entropy,0.047475613789974204,0.049166666666666664
2,Non-private (tuned),neg_entropy,0.05080218046913023,0.05125
2,Non-private (tuned),neg_entropy,0.05436183620153837,0.05541666666666667
2,Non-private (tuned),neg_entropy,0.058170913293743576,0.060833333333333336
2,Non-private (tuned),neg_entropy,0.0622468884399544,0.06541666666666666
2,Non-private (tuned),neg_entropy,0.06660846290809161,0.06833333333333333
2,Non-private (tuned),neg_entropy,0.07127564834438914,0.07375
2,Non-private (tuned),neg_entropy,0.07626985859023444,0.07833333333333334
2,Non-private (tuned),neg_entropy,0.08161400793251826,0.085
2,Non-private (tuned),neg_entropy,0.08733261623828428,0.08875
2,Non-private (tuned),neg_entropy,0.09345192145605374,0.09833333333333333
2,Non-private (tuned),neg_entropy,0.1,0.10416666666666667
2,Non-private (tuned),neg_entropy,0.10700689556931746,0.11041666666666666
2,Non-private (tuned),neg_entropy,0.11450475699382812,0.11708333333333333
2,Non-private (tuned),neg_entropy,0.12252798573828651,0.12416666666666666
2,Non-private (tuned),neg_entropy,0.13111339374215644,0.13166666666666665
2,Non-private (tuned),neg_entropy,0.14030037231905734,0.13791666666666666
2,Non-private (tuned),neg_entropy,0.15013107289081729,0.1475
2,Non-private (tuned),neg_entropy,0.16065060038537288,0.15875
2,Non-private (tuned),neg_entropy,0.17190722018585747,0.17666666666666667
2,Non-private (tuned),neg_entropy,0.18395257958039712,0.1875
2,Non-private (tuned),neg_entropy,0.19684194472866112,0.19333333333333333
2,Non-private (tuned),neg_entropy,0.210634454232412,0.19833333333333333
2,Non-private (tuned),neg_entropy,0.22539339047347912,0.21083333333333334
2,Non-private (tuned),neg_entropy,0.24118646996409973,0.22958333333333333
2,Non-private (tuned),neg_entropy,0.2580861540418074,0.24625
2,Non-private (tuned),neg_entropy,0.27616998133438464,0.27125
2,Non-private (tuned),neg_entropy,0.2955209235202888,0.29
2,Non-private (tuned),neg_entropy,0.31622776601683794,0.31333333333333335
2,Non-private (tuned),neg_entropy,0.33838551534282335,0.33
2,Non-private (tuned),neg_entropy,0.36209583502459164,0.3491666666666667
2,Non-private (tuned),neg_entropy,0.3874675120456132,0.38083333333333336
2,Non-private (tuned),neg_entropy,0.4146169559796819,0.40458333333333335
2,Non-private (tuned),neg_entropy,0.44366873309786115,0.4345833333333333
2,Non-private (tuned),neg_entropy,0.474756137899742,0.4708333333333333
2,Non-private (tuned),neg_entropy,0.5080218046913023,0.4995833333333333
2,Non-private (tuned),neg_entropy,0.5436183620153837,0.54125
2,Non-private (tuned),neg_entropy,0.5817091329374358,0.5858333333333333
2,Non-private (tuned),neg_entropy,0.622468884399544,0.6229166666666667
2,Non-private (tuned),neg_entropy,0.6660846290809154,0.67125
2,Non-private (tuned),neg_entropy,0.7127564834438914,0.7179166666666666
2,Non-private (tuned),neg_entropy,0.7626985859023444,0.7670833333333333
2,Non-private (tuned),neg_entropy,0.8161400793251826,0.8225
2,Non-private (tuned),neg_entropy,0.8733261623828429,0.8783333333333333
2,Non-private (tuned),neg_entropy,0.9345192145605374,0.9375
2,Non-private (tuned),neg_entropy,1.0,1.0
2,Non-private (tuned),yeom_neg_loss,0.00031622776601683794,0.0
2,Non-private (tuned),yeom_neg_loss,0.00033838551534282334,0.0020833333333333333
2,Non-private (tuned),yeom_neg_loss,0.0003620958350245917,0.0020833333333333333
2,Non-private (tuned),yeom_neg_loss,0.0003874675120456132,0.0020833333333333333
2,Non-private (tuned),yeom_neg_loss,0.0004146169559796819,0.0020833333333333333
2,Non-private (tuned),yeom_neg_loss,0.0004436687330978611,0.0020833333333333333
2,Non-private (tuned),yeom_neg_loss,0.00047475613789974203,0.0020833333333333333
2,Non-private (tuned),yeom_neg_loss,0.0005080218046913023,0.0020833333333333333
2,Non-private (tuned),yeom_neg_loss,0.0005436183620153838,0.0020833333333333333
2,Non-private (tuned),yeom_neg_loss,0.0005817091329374358,0.0020833333333333333
2,Non-private (tuned),yeom_neg_loss,0.000622468884399544,0.0020833333333333333
2,Non-private (tuned),yeom_neg_loss,0.0006660846290809161,0.0020833333333333333
2,Non-private (tuned),yeom_neg_loss,0.0007127564834438914,0.0020833333333333333
2,Non-private (tuned),yeom_neg_loss,0.0007626985859023443,0.0020833333333333333
2,Non-private (tuned),yeom_neg_loss,0.0008161400793251826,0.0020833333333333333
2,Non-private (tuned),yeom_neg_loss,0.0008733261623828437,0.0020833333333333333
2,Non-private (tuned),yeom_neg_loss,0.0009345192145605374,0.0020833333333333333
2,Non-private (tuned),yeom_neg_loss,0.001,0.0020833333333333333
2,Non-private (tuned),yeom_neg_loss,0.0010700689556931745,0.0020833333333333333
2,Non-private (tuned),yeom_neg_loss,0.0011450475699382812,0.0020833333333333333
2,Non-private (tuned),yeom_neg_loss,0.0012252798573828651,0.0020833333333333333
2,Non-private (tuned),yeom_neg_loss,0.0013111339374215643,0.0020833333333333333
2,Non-private (tuned),yeom_neg_loss,0.0014030037231905735,0.0025
2,Non-private (tuned),yeom_neg_loss,0.0015013107289081743,0.0025
2,Non-private (tuned),yeom_neg_loss,0.0016065060038537287,0.0025
2,Non-private (tuned),yeom_neg_loss,0.0017190722018585747,0.0025
2,Non-private (tuned),yeom_neg_loss,0.0018395257958039712,0.0025
2,Non-private (tuned),yeom_neg_loss,0.0019684194472866113,0.0025
2,Non-private (tuned),yeom_neg_loss,0.00210634454232412,0.0033333333333333335
2,Non-private (tuned),yeom_neg_loss,0.002253933904734791,0.0033333333333333335
2,Non-private (tuned),yeom_neg_loss,0.002411864699640997,0.0033333333333333335
2,Non-private (tuned),yeom_neg_loss,0.0025808615404180743,0.0033333333333333335
2,Non-private (tuned),yeom_neg_loss,0.002761699813343849,0.0033333333333333335
2,Non-private (tuned),yeom_neg_loss,0.002955209235202888,0.0033333333333333335
2,Non-private (tuned),yeom_neg_loss,0.0031622776601683794,0.0033333333333333335
2,Non-private (tuned),yeom_neg_loss,0.003383855153428233,0.0033333333333333335
2,Non-private (tuned),yeom_neg_loss,0.0036209583502459165,0.0033333333333333335
2,Non-private (tuned),yeom_neg_loss,0.0038746751204561283,0.00375
2,Non-private (tuned),yeom_neg_loss,0.004146169559796819,0.00375
2,Non-private (tuned),yeom_neg_loss,0.004436687330978612,0.00375
2,Non-private (tuned),yeom_neg_loss,0.004747561378997425,0.00375
2,Non-private (tuned),yeom_neg_loss,0.005080218046913023,0.00375
2,Non-private (tuned),yeom_neg_loss,0.005436183620153837,0.00375
2,Non-private (tuned),yeom_neg_loss,0.005817091329374358,0.004166666666666667
2,Non-private (tuned),yeom_neg_loss,0.006224688843995439,0.005
2,Non-private (tuned),yeom_neg_loss,0.006660846290809154,0.005
2,Non-private (tuned),yeom_neg_loss,0.007127564834438914,0.0075
2,Non-private (tuned),yeom_neg_loss,0.007626985859023444,0.0075
2,Non-private (tuned),yeom_neg_loss,0.008161400793251826,0.007916666666666667
2,Non-private (tuned),yeom_neg_loss,0.008733261623828438,0.009583333333333333
2,Non-private (tuned),yeom_neg_loss,0.009345192145605374,0.010416666666666666
2,Non-private (tuned),yeom_neg_loss,0.01,0.010833333333333334
2,Non-private (tuned),yeom_neg_loss,0.010700689556931747,0.012083333333333333
2,Non-private (tuned),yeom_neg_loss,0.011450475699382817,0.0125
2,Non-private (tuned),yeom_neg_loss,0.012252798573828645,0.0125
2,Non-private (tuned),yeom_neg_loss,0.013111339374215644,0.0125
2,Non-private (tuned),yeom_neg_loss,0.014030037231905735,0.01375
2,Non-private (tuned),yeom_neg_loss,0.015013107289081735,0.014166666666666666
2,Non-private (tuned),yeom_neg_loss,0.01606506003853728,0.014583333333333334
2,Non-private (tuned),yeom_neg_loss,0.017190722018585746,0.0175
2,Non-private (tuned),yeom_neg_loss,0.01839525795803971,0.018333333333333333
2,Non-private (tuned),yeom_neg_loss,0.019684194472866123,0.01875
2,Non-private (tuned),yeom_neg_loss,0.02106344542324121,0.019583333333333335
2,Non-private (tuned),yeom_neg_loss,0.022539339047347912,0.02
2,Non-private (tuned),yeom_neg_loss,0.024118646996409972,0.0225
2,Non-private (tuned),yeom_neg_loss,0.02580861540418074,0.02375
2,Non-private (tuned),yeom_neg_loss,0.02761699813343848,0.024583333333333332
2,Non-private (tuned),yeom_neg_loss,0.029552092352028863,0.025416666666666667
2,Non-private (tuned),yeom_neg_loss,0.03162277660168379,0.02875
2,Non-private (tuned),yeom_neg_loss,0.033838551534282335,0.03166666666666667
2,Non-private (tuned),yeom_neg_loss,0.03620958350245917,0.035
2,Non-private (tuned),yeom_neg_loss,0.03874675120456132,0.03833333333333333
2,Non-private (tuned),yeom_neg_loss,0.04146169559796819,0.04083333333333333
2,Non-private (tuned),yeom_neg_loss,0.044366873309786115,0.04375
2,Non-private (tuned),yeom_neg_loss,0.047475613789974204,0.045
2,Non-private (tuned),yeom_neg_loss,0.05080218046913023,0.05125
2,Non-private (tuned),yeom_neg_loss,0.05436183620153837,0.05625
2,Non-private (tuned),yeom_neg_loss,0.058170913293743576,0.057916666666666665
2,Non-private (tuned),yeom_neg_loss,0.0622468884399544,0.06125
2,Non-private (tuned),yeom_neg_loss,0.06660846290809161,0.06666666666666667
2,Non-private (tuned),yeom_neg_loss,0.07127564834438914,0.07
2,Non-private (tuned),yeom_neg_loss,0.07626985859023444,0.07583333333333334
2,Non-private (tuned),yeom_neg_loss,0.08161400793251826,0.08
2,Non-private (tuned),yeom_neg_loss,0.08733261623828428,0.08916666666666667
2,Non-private (tuned),yeom_neg_loss,0.09345192145605374,0.09458333333333334
2,Non-private (tuned),yeom_neg_loss,0.1,0.09833333333333333
2,Non-private (tuned),yeom_neg_loss,0.10700689556931746,0.10541666666666667
2,Non-private (tuned),yeom_neg_loss,0.11450475699382812,0.11416666666666667
2,Non-private (tuned),yeom_neg_loss,0.12252798573828651,0.11958333333333333
2,Non-private (tuned),yeom_neg_loss,0.13111339374215644,0.1275
2,Non-private (tuned),yeom_neg_loss,0.14030037231905734,0.13708333333333333
2,Non-private (tuned),yeom_neg_loss,0.15013107289081729,0.14958333333333335
2,Non-private (tuned),yeom_neg_loss,0.16065060038537288,0.16083333333333333
2,Non-private (tuned),yeom_neg_loss,0.17190722018585747,0.16625
2,Non-private (tuned),yeom_neg_loss,0.18395257958039712,0.17333333333333334
2,Non-private (tuned),yeom_neg_loss,0.19684194472866112,0.18083333333333335
2,Non-private (tuned),yeom_neg_loss,0.210634454232412,0.19791666666666666
2,Non-private (tuned),yeom_neg_loss,0.22539339047347912,0.21291666666666667
2,Non-private (tuned),yeom_neg_loss,0.24118646996409973,0.22958333333333333
2,Non-private (tuned),yeom_neg_loss,0.2580861540418074,0.2529166666666667
2,Non-private (tuned),yeom_neg_loss,0.27616998133438464,0.27416666666666667
2,Non-private (tuned),yeom_neg_loss,0.2955209235202888,0.29083333333333333
2,Non-private (tuned),yeom_neg_loss,0.31622776601683794,0.30916666666666665
2,Non-private (tuned),yeom_neg_loss,0.33838551534282335,0.33375
2,Non-private (tuned),yeom_neg_loss,0.36209583502459164,0.35375
2,Non-private (tuned),yeom_neg_loss,0.3874675120456132,0.38125
2,Non-private (tuned),yeom_neg_loss,0.4146169559796819,0.4066666666666667
2,Non-private (tuned),yeom_neg_loss,0.44366873309786115,0.43833333333333335
2,Non-private (tuned),yeom_neg_loss,0.474756137899742,0.47791666666666666
2,Non-private (tuned),yeom_neg_loss,0.5080218046913023,0.5145833333333333
2,Non-private (tuned),yeom_neg_loss,0.5436183620153837,0.55125
2,Non-private (tuned),yeom_neg_loss,0.5817091329374358,0.5920833333333333
2,Non-private (tuned),yeom_neg_loss,0.622468884399544,0.6316666666666667
2,Non-private (tuned),yeom_neg_loss,0.6660846290809154,0.6733333333333333
2,Non-private (tuned),yeom_neg_loss,0.7127564834438914,0.7195833333333334
2,Non-private (tuned),yeom_neg_loss,0.7626985859023444,0.7658333333333334
2,Non-private (tuned),yeom_neg_loss,0.8161400793251826,0.8216666666666667
2,Non-private (tuned),yeom_neg_loss,0.8733261623828429,0.8775
2,Non-private (tuned),yeom_neg_loss,0.9345192145605374,0.9329166666666666
2,Non-private (tuned),yeom_neg_loss,1.0,1.0
2,Non-private (tuned),modified_entropy,0.00031622776601683794,0.0
2,Non-private (tuned),modified_entropy,0.00033838551534282334,0.0020833333333333333
2,Non-private (tuned),modified_entropy,0.0003620958350245917,0.0020833333333333333
2,Non-private (tuned),modified_entropy,0.0003874675120456132,0.0020833333333333333
2,Non-private (tuned),modified_entropy,0.0004146169559796819,0.0020833333333333333
2,Non-private (tuned),modified_entropy,0.0004436687330978611,0.0020833333333333333
2,Non-private (tuned),modified_entropy,0.00047475613789974203,0.0020833333333333333
2,Non-private (tuned),modified_entropy,0.0005080218046913023,0.0020833333333333333
2,Non-private (tuned),modified_entropy,0.0005436183620153838,0.0020833333333333333
2,Non-private (tuned),modified_entropy,0.0005817091329374358,0.0020833333333333333
2,Non-private (tuned),modified_entropy,0.000622468884399544,0.0020833333333333333
2,Non-private (tuned),modified_entropy,0.0006660846290809161,0.0020833333333333333
2,Non-private (tuned),modified_entropy,0.0007127564834438914,0.0020833333333333333
2,Non-private (tuned),modified_entropy,0.0007626985859023443,0.0020833333333333333
2,Non-private (tuned),modified_entropy,0.0008161400793251826,0.0020833333333333333
2,Non-private (tuned),modified_entropy,0.0008733261623828437,0.0020833333333333333
2,Non-private (tuned),modified_entropy,0.0009345192145605374,0.0020833333333333333
2,Non-private (tuned),modified_entropy,0.001,0.0020833333333333333
2,Non-private (tuned),modified_entropy,0.0010700689556931745,0.0020833333333333333
2,Non-private (tuned),modified_entropy,0.0011450475699382812,0.0020833333333333333
2,Non-private (tuned),modified_entropy,0.0012252798573828651,0.0020833333333333333
2,Non-private (tuned),modified_entropy,0.0013111339374215643,0.0020833333333333333
2,Non-private (tuned),modified_entropy,0.0014030037231905735,0.0025
2,Non-private (tuned),modified_entropy,0.0015013107289081743,0.0025
2,Non-private (tuned),modified_entropy,0.0016065060038537287,0.0025
2,Non-private (tuned),modified_entropy,0.0017190722018585747,0.0025
2,Non-private (tuned),modified_entropy,0.0018395257958039712,0.0025
2,Non-private (tuned),modified_entropy,0.0019684194472866113,0.0025
2,Non-private (tuned),modified_entropy,0.00210634454232412,0.0033333333333333335
2,Non-private (tuned),modified_entropy,0.002253933904734791,0.0033333333333333335
2,Non-private (tuned),modified_entropy,0.002411864699640997,0.0033333333333333335
2,Non-private (tuned),modified_entropy,0.0025808615404180743,0.0033333333333333335
2,Non-private (tuned),modified_entropy,0.002761699813343849,0.0033333333333333335
2,Non-private (tuned),modified_entropy,0.002955209235202888,0.0033333333333333335
2,Non-private (tuned),modified_entropy,0.0031622776601683794,0.0033333333333333335
2,Non-private (tuned),modified_entropy,0.003383855153428233,0.0033333333333333335
2,Non-private (tuned),modified_entropy,0.0036209583502459165,0.0033333333333333335
2,Non-private (tuned),modified_entropy,0.0038746751204561283,0.00375
2,Non-private (tuned),modified_entropy,0.004146169559796819,0.00375
2,Non-private (tuned),modified_entropy,0.004436687330978612,0.00375
2,Non-private (tuned),modified_entropy,0.004747561378997425,0.00375
2,Non-private (tuned),modified_entropy,0.005080218046913023,0.00375
2,Non-private (tuned),modified_entropy,0.005436183620153837,0.00375
2,Non-private (tuned),modified_entropy,0.005817091329374358,0.004166666666666667
2,Non-private (tuned),modified_entropy,0.006224688843995439,0.005
2,Non-private (tuned),modified_entropy,0.006660846290809154,0.005
2,Non-private (tuned),modified_entropy,0.007127564834438914,0.0075
2,Non-private (tuned),modified_entropy,0.007626985859023444,0.0075
2,Non-private (tuned),modified_entropy,0.008161400793251826,0.007916666666666667
2,Non-private (tuned),modified_entropy,0.008733261623828438,0.009583333333333333
2,Non-private (tuned),modified_entropy,0.009345192145605374,0.010416666666666666
2,Non-private (tuned),modified_entropy,0.01,0.010833333333333334
2,Non-private (tuned),modified_entropy,0.010700689556931747,0.012083333333333333
2,Non-private (tuned),modified_entropy,0.011450475699382817,0.0125
2,Non-private (tuned),modified_entropy,0.012252798573828645,0.0125
2,Non-private (tuned),modified_entropy,0.013111339374215644,0.0125
2,Non-private (tuned),modified_entropy,0.014030037231905735,0.01375
2,Non-private (tuned),modified_entropy,0.015013107289081735,0.014166666666666666
2,Non-private (tuned),modified_entropy,0.01606506003853728,0.014583333333333334
2,Non-private (tuned),modified_entropy,0.017190722018585746,0.0175
2,Non-private (tuned),modified_entropy,0.01839525795803971,0.018333333333333333
2,Non-private (tuned),modified_entropy,0.019684194472866123,0.01875
2,Non-private (tuned),modified_entropy,0.02106344542324121,0.019583333333333335
2,Non-private (tuned),modified_entropy,0.022539339047347912,0.02
2,Non-private (tuned),modified_entropy,0.024118646996409972,0.0225
2,Non-private (tuned),modified_entropy,0.02580861540418074,0.02375
2,Non-private (tuned),modified_entropy,0.02761699813343848,0.024583333333333332
2,Non-private (tuned),modified_entropy,0.029552092352028863,0.025416666666666667
2,Non-private (tuned),modified_entropy,0.03162277660168379,0.02875
2,Non-private (tuned),modified_entropy,0.033838551534282335,0.03166666666666667
2,Non-private (tuned),modified_entropy,0.03620958350245917,0.035
2,Non-private (tuned),modified_entropy,0.03874675120456132,0.03833333333333333
2,Non-private (tuned),modified_entropy,0.04146169559796819,0.04083333333333333
2,Non-private (tuned),modified_entropy,0.044366873309786115,0.04375
2,Non-private (tuned),modified_entropy,0.047475613789974204,0.045
2,Non-private (tuned),modified_entropy,0.05080218046913023,0.05125
2,Non-private (tuned),modified_entropy,0.05436183620153837,0.05625
2,Non-private (tuned),modified_entropy,0.058170913293743576,0.057916666666666665
2,Non-private (tuned),modified_entropy,0.0622468884399544,0.06125
2,Non-private (tuned),modified_entropy,0.06660846290809161,0.06666666666666667
2,Non-private (tuned),modified_entropy,0.07127564834438914,0.07
2,Non-private (tuned),modified_entropy,0.07626985859023444,0.07583333333333334
2,Non-private (tuned),modified_entropy,0.08161400793251826,0.08
2,Non-private (tuned),modified_entropy,0.08733261623828428,0.08916666666666667
2,Non-private (tuned),modified_entropy,0.09345192145605374,0.09458333333333334
2,Non-private (tuned),modified_entropy,0.1,0.09833333333333333
2,Non-private (tuned),modified_entropy,0.10700689556931746,0.10541666666666667
2,Non-private (tuned),modified_entropy,0.11450475699382812,0.11416666666666667
2,Non-private (tuned),modified_entropy,0.12252798573828651,0.11958333333333333
2,Non-private (tuned),modified_entropy,0.13111339374215644,0.1275
2,Non-private (tuned),modified_entropy,0.14030037231905734,0.13708333333333333
2,Non-private (tuned),modified_entropy,0.15013107289081729,0.14958333333333335
2,Non-private (tuned),modified_entropy,0.16065060038537288,0.16083333333333333
2,Non-private (tuned),modified_entropy,0.17190722018585747,0.16625
2,Non-private (tuned),modified_entropy,0.18395257958039712,0.17333333333333334
2,Non-private (tuned),modified_entropy,0.19684194472866112,0.18083333333333335
2,Non-private (tuned),modified_entropy,0.210634454232412,0.19791666666666666
2,Non-private (tuned),modified_entropy,0.22539339047347912,0.21291666666666667
2,Non-private (tuned),modified_entropy,0.24118646996409973,0.22958333333333333
2,Non-private (tuned),modified_entropy,0.2580861540418074,0.2529166666666667
2,Non-private (tuned),modified_entropy,0.27616998133438464,0.27416666666666667
2,Non-private (tuned),modified_entropy,0.2955209235202888,0.29083333333333333
2,Non-private (tuned),modified_entropy,0.31622776601683794,0.30916666666666665
2,Non-private (tuned),modified_entropy,0.33838551534282335,0.33375
2,Non-private (tuned),modified_entropy,0.36209583502459164,0.35375
2,Non-private (tuned),modified_entropy,0.3874675120456132,0.38125
2,Non-private (tuned),modified_entropy,0.4146169559796819,0.4066666666666667
2,Non-private (tuned),modified_entropy,0.44366873309786115,0.43833333333333335
2,Non-private (tuned),modified_entropy,0.474756137899742,0.47791666666666666
2,Non-private (tuned),modified_entropy,0.5080218046913023,0.5145833333333333
2,Non-private (tuned),modified_entropy,0.5436183620153837,0.55125
2,Non-private (tuned),modified_entropy,0.5817091329374358,0.5920833333333333
2,Non-private (tuned),modified_entropy,0.622468884399544,0.6316666666666667
2,Non-private (tuned),modified_entropy,0.6660846290809154,0.6733333333333333
2,Non-private (tuned),modified_entropy,0.7127564834438914,0.7195833333333334
2,Non-private (tuned),modified_entropy,0.7626985859023444,0.7658333333333334
2,Non-private (tuned),modified_entropy,0.8161400793251826,0.8216666666666667
2,Non-private (tuned),modified_entropy,0.8733261623828429,0.8775
2,Non-private (tuned),modified_entropy,0.9345192145605374,0.9329166666666666
2,Non-private (tuned),modified_entropy,1.0,1.0
2,Non-private (tuned),class_calibrated_loss,0.00031622776601683794,0.0
2,Non-private (tuned),class_calibrated_loss,0.00033838551534282334,0.0016666666666666668
2,Non-private (tuned),class_calibrated_loss,0.0003620958350245917,0.0016666666666666668
2,Non-private (tuned),class_calibrated_loss,0.0003874675120456132,0.0016666666666666668
2,Non-private (tuned),class_calibrated_loss,0.0004146169559796819,0.0016666666666666668
2,Non-private (tuned),class_calibrated_loss,0.0004436687330978611,0.0016666666666666668
2,Non-private (tuned),class_calibrated_loss,0.00047475613789974203,0.0016666666666666668
2,Non-private (tuned),class_calibrated_loss,0.0005080218046913023,0.0016666666666666668
2,Non-private (tuned),class_calibrated_loss,0.0005436183620153838,0.0016666666666666668
2,Non-private (tuned),class_calibrated_loss,0.0005817091329374358,0.0016666666666666668
2,Non-private (tuned),class_calibrated_loss,0.000622468884399544,0.0016666666666666668
2,Non-private (tuned),class_calibrated_loss,0.0006660846290809161,0.0016666666666666668
2,Non-private (tuned),class_calibrated_loss,0.0007127564834438914,0.0020833333333333333
2,Non-private (tuned),class_calibrated_loss,0.0007626985859023443,0.0020833333333333333
2,Non-private (tuned),class_calibrated_loss,0.0008161400793251826,0.0020833333333333333
2,Non-private (tuned),class_calibrated_loss,0.0008733261623828437,0.0020833333333333333
2,Non-private (tuned),class_calibrated_loss,0.0009345192145605374,0.0020833333333333333
2,Non-private (tuned),class_calibrated_loss,0.001,0.0025
2,Non-private (tuned),class_calibrated_loss,0.0010700689556931745,0.0025
2,Non-private (tuned),class_calibrated_loss,0.0011450475699382812,0.0025
2,Non-private (tuned),class_calibrated_loss,0.0012252798573828651,0.0025
2,Non-private (tuned),class_calibrated_loss,0.0013111339374215643,0.0025
2,Non-private (tuned),class_calibrated_loss,0.0014030037231905735,0.0025
2,Non-private (tuned),class_calibrated_loss,0.0015013107289081743,0.0025
2,Non-private (tuned),class_calibrated_loss,0.0016065060038537287,0.0025
2,Non-private (tuned),class_calibrated_loss,0.0017190722018585747,0.002916666666666667
2,Non-private (tuned),class_calibrated_loss,0.0018395257958039712,0.002916666666666667
2,Non-private (tuned),class_calibrated_loss,0.0019684194472866113,0.002916666666666667
2,Non-private (tuned),class_calibrated_loss,0.00210634454232412,0.002916666666666667
2,Non-private (tuned),class_calibrated_loss,0.002253933904734791,0.002916666666666667
2,Non-private (tuned),class_calibrated_loss,0.002411864699640997,0.002916666666666667
2,Non-private (tuned),class_calibrated_loss,0.0025808615404180743,0.002916666666666667
2,Non-private (tuned),class_calibrated_loss,0.002761699813343849,0.002916666666666667
2,Non-private (tuned),class_calibrated_loss,0.002955209235202888,0.002916666666666667
2,Non-private (tuned),class_calibrated_loss,0.0031622776601683794,0.0033333333333333335
2,Non-private (tuned),class_calibrated_loss,0.003383855153428233,0.0033333333333333335
2,Non-private (tuned),class_calibrated_loss,0.0036209583502459165,0.0033333333333333335
2,Non-private (tuned),class_calibrated_loss,0.0038746751204561283,0.004166666666666667
2,Non-private (tuned),class_calibrated_loss,0.004146169559796819,0.004166666666666667
2,Non-private (tuned),class_calibrated_loss,0.004436687330978612,0.004166666666666667
2,Non-private (tuned),class_calibrated_loss,0.004747561378997425,0.004166666666666667
2,Non-private (tuned),class_calibrated_loss,0.005080218046913023,0.004583333333333333
2,Non-private (tuned),class_calibrated_loss,0.005436183620153837,0.004583333333333333
2,Non-private (tuned),class_calibrated_loss,0.005817091329374358,0.005416666666666667
2,Non-private (tuned),class_calibrated_loss,0.006224688843995439,0.005833333333333334
2,Non-private (tuned),class_calibrated_loss,0.006660846290809154,0.005833333333333334
2,Non-private (tuned),class_calibrated_loss,0.007127564834438914,0.006666666666666667
2,Non-private (tuned),class_calibrated_loss,0.007626985859023444,0.006666666666666667
2,Non-private (tuned),class_calibrated_loss,0.008161400793251826,0.008333333333333333
2,Non-private (tuned),class_calibrated_loss,0.008733261623828438,0.008333333333333333
2,Non-private (tuned),class_calibrated_loss,0.009345192145605374,0.010416666666666666
2,Non-private (tuned),class_calibrated_loss,0.01,0.01125
2,Non-private (tuned),class_calibrated_loss,0.010700689556931747,0.01125
2,Non-private (tuned),class_calibrated_loss,0.011450475699382817,0.0125
2,Non-private (tuned),class_calibrated_loss,0.012252798573828645,0.0125
2,Non-private (tuned),class_calibrated_loss,0.013111339374215644,0.0125
2,Non-private (tuned),class_calibrated_loss,0.014030037231905735,0.014166666666666666
2,Non-private (tuned),class_calibrated_loss,0.015013107289081735,0.014583333333333334
2,Non-private (tuned),class_calibrated_loss,0.01606506003853728,0.014583333333333334
2,Non-private (tuned),class_calibrated_loss,0.017190722018585746,0.015416666666666667
2,Non-private (tuned),class_calibrated_loss,0.01839525795803971,0.01625
2,Non-private (tuned),class_calibrated_loss,0.019684194472866123,0.017083333333333332
2,Non-private (tuned),class_calibrated_loss,0.02106344542324121,0.017916666666666668
2,Non-private (tuned),class_calibrated_loss,0.022539339047347912,0.01875
2,Non-private (tuned),class_calibrated_loss,0.024118646996409972,0.023333333333333334
2,Non-private (tuned),class_calibrated_loss,0.02580861540418074,0.02375
2,Non-private (tuned),class_calibrated_loss,0.02761699813343848,0.025416666666666667
2,Non-private (tuned),class_calibrated_loss,0.029552092352028863,0.02625
2,Non-private (tuned),class_calibrated_loss,0.03162277660168379,0.027916666666666666
2,Non-private (tuned),class_calibrated_loss,0.033838551534282335,0.028333333333333332
2,Non-private (tuned),class_calibrated_loss,0.03620958350245917,0.030833333333333334
2,Non-private (tuned),class_calibrated_loss,0.03874675120456132,0.034583333333333334
2,Non-private (tuned),class_calibrated_loss,0.04146169559796819,0.0375
2,Non-private (tuned),class_calibrated_loss,0.044366873309786115,0.03791666666666667
2,Non-private (tuned),class_calibrated_loss,0.047475613789974204,0.03958333333333333
2,Non-private (tuned),class_calibrated_loss,0.05080218046913023,0.04625
2,Non-private (tuned),class_calibrated_loss,0.05436183620153837,0.050416666666666665
2,Non-private (tuned),class_calibrated_loss,0.058170913293743576,0.05375
2,Non-private (tuned),class_calibrated_loss,0.0622468884399544,0.05708333333333333
2,Non-private (tuned),class_calibrated_loss,0.06660846290809161,0.0625
2,Non-private (tuned),class_calibrated_loss,0.07127564834438914,0.0675
2,Non-private (tuned),class_calibrated_loss,0.07626985859023444,0.07625
2,Non-private (tuned),class_calibrated_loss,0.08161400793251826,0.08333333333333333
2,Non-private (tuned),class_calibrated_loss,0.08733261623828428,0.09083333333333334
2,Non-private (tuned),class_calibrated_loss,0.09345192145605374,0.09333333333333334
2,Non-private (tuned),class_calibrated_loss,0.1,0.09833333333333333
2,Non-private (tuned),class_calibrated_loss,0.10700689556931746,0.10583333333333333
2,Non-private (tuned),class_calibrated_loss,0.11450475699382812,0.11375
2,Non-private (tuned),class_calibrated_loss,0.12252798573828651,0.12333333333333334
2,Non-private (tuned),class_calibrated_loss,0.13111339374215644,0.13458333333333333
2,Non-private (tuned),class_calibrated_loss,0.14030037231905734,0.1425
2,Non-private (tuned),class_calibrated_loss,0.15013107289081729,0.15041666666666667
2,Non-private (tuned),class_calibrated_loss,0.16065060038537288,0.16083333333333333
2,Non-private (tuned),class_calibrated_loss,0.17190722018585747,0.1725
2,Non-private (tuned),class_calibrated_loss,0.18395257958039712,0.17958333333333334
2,Non-private (tuned),class_calibrated_loss,0.19684194472866112,0.18916666666666668
2,Non-private (tuned),class_calibrated_loss,0.210634454232412,0.20333333333333334
2,Non-private (tuned),class_calibrated_loss,0.22539339047347912,0.2225
2,Non-private (tuned),class_calibrated_loss,0.24118646996409973,0.23458333333333334
2,Non-private (tuned),class_calibrated_loss,0.2580861540418074,0.24583333333333332
2,Non-private (tuned),class_calibrated_loss,0.27616998133438464,0.26458333333333334
2,Non-private (tuned),class_calibrated_loss,0.2955209235202888,0.28625
2,Non-private (tuned),class_calibrated_loss,0.31622776601683794,0.3129166666666667
2,Non-private (tuned),class_calibrated_loss,0.33838551534282335,0.3325
2,Non-private (tuned),class_calibrated_loss,0.36209583502459164,0.35625
2,Non-private (tuned),class_calibrated_loss,0.3874675120456132,0.3883333333333333
2,Non-private (tuned),class_calibrated_loss,0.4146169559796819,0.41541666666666666
2,Non-private (tuned),class_calibrated_loss,0.44366873309786115,0.4479166666666667
2,Non-private (tuned),class_calibrated_loss,0.474756137899742,0.47708333333333336
2,Non-private (tuned),class_calibrated_loss,0.5080218046913023,0.5204166666666666
2,Non-private (tuned),class_calibrated_loss,0.5436183620153837,0.5495833333333333
2,Non-private (tuned),class_calibrated_loss,0.5817091329374358,0.5833333333333334
2,Non-private (tuned),class_calibrated_loss,0.622468884399544,0.6225
2,Non-private (tuned),class_calibrated_loss,0.6660846290809154,0.6716666666666666
2,Non-private (tuned),class_calibrated_loss,0.7127564834438914,0.71625
2,Non-private (tuned),class_calibrated_loss,0.7626985859023444,0.7704166666666666
2,Non-private (tuned),class_calibrated_loss,0.8161400793251826,0.82625
2,Non-private (tuned),class_calibrated_loss,0.8733261623828429,0.8758333333333334
2,Non-private (tuned),class_calibrated_loss,0.9345192145605374,0.935
2,Non-private (tuned),class_calibrated_loss,1.0,1.0
2,Non-private (tuned),learned_ensemble,0.00031622776601683794,0.0004166666666666667
2,Non-private (tuned),learned_ensemble,0.00033838551534282334,0.00041877174250395423
2,Non-private (tuned),learned_ensemble,0.0003620958350245917,0.00042865104237135767
2,Non-private (tuned),learned_ensemble,0.0003874675120456132,0.00043922257446344997
2,Non-private (tuned),learned_ensemble,0.0004146169559796819,0.00045053484276931196
2,Non-private (tuned),learned_ensemble,0.0004436687330978611,0.0004626397499018866
2,Non-private (tuned),learned_ensemble,0.00047475613789974203,0.0004755928352360037
2,Non-private (tuned),learned_ensemble,0.0005080218046913023,0.0004894535297324871
2,Non-private (tuned),learned_ensemble,0.0005436183620153838,0.0005042854286175211
2,Non-private (tuned),learned_ensemble,0.0005817091329374358,0.000520156583168376
2,Non-private (tuned),learned_ensemble,0.000622468884399544,0.0005371398129442545
2,Non-private (tuned),learned_ensemble,0.0006660846290809161,0.0005553130398948261
2,Non-private (tuned),learned_ensemble,0.0007127564834438914,0.0005747596458793992
2,Non-private (tuned),learned_ensemble,0.0007626985859023443,0.000595568855237088
2,Non-private (tuned),learned_ensemble,0.0008161400793251826,0.0006178361441632706
2,Non-private (tuned),learned_ensemble,0.0008733261623828437,0.0006416636787706293
2,Non-private (tuned),learned_ensemble,0.0009345192145605374,0.0006671607838446684
2,Non-private (tuned),learned_ensemble,0.001,0.0006944444444444445
2,Non-private (tuned),learned_ensemble,0.0010700689556931745,0.0007236398426499339
2,Non-private (tuned),learned_ensemble,0.0011450475699382812,0.0007548809319187283
2,Non-private (tuned),learned_ensemble,0.0012252798573828651,0.0007883110516873049
2,Non-private (tuned),learned_ensemble,0.0013111339374215643,0.0008240835850367629
2,Non-private (tuned),learned_ensemble,0.0014030037231905735,0.0008623626624405167
2,Non-private (tuned),learned_ensemble,0.0015013107289081743,0.0009033239148228504
2,Non-private (tuned),learned_ensemble,0.0016065060038537287,0.000947155279383498
2,Non-private (tuned),learned_ensemble,0.0017190722018585747,0.0009940578618855172
2,Non-private (tuned),learned_ensemble,0.0018395257958039712,0.0010442468593627658
2,Non-private (tuned),learned_ensemble,0.0019684194472866113,0.0010979525474805324
2,Non-private (tuned),learned_ensemble,0.00210634454232412,0.0011554213370794945
2,Non-private (tuned),learned_ensemble,0.002253933904734791,0.0012169169047506073
2,Non-private (tuned),learned_ensemble,0.002411864699640997,0.00125
2,Non-private (tuned),learned_ensemble,0.0025808615404180743,0.00125
2,Non-private (tuned),learned_ensemble,0.002761699813343849,0.00125
2,Non-private (tuned),learned_ensemble,0.002955209235202888,0.00125
2,Non-private (tuned),learned_ensemble,0.0031622776601683794,0.00125
2,Non-private (tuned),learned_ensemble,0.003383855153428233,0.00125
2,Non-private (tuned),learned_ensemble,0.0036209583502459165,0.00125
2,Non-private (tuned),learned_ensemble,0.0038746751204561283,0.00125
2,Non-private (tuned),learned_ensemble,0.004146169559796819,0.0017981358492380715
2,Non-private (tuned),learned_ensemble,0.004436687330978612,0.0033333333333333335
2,Non-private (tuned),learned_ensemble,0.004747561378997425,0.0035355701141602295
2,Non-private (tuned),learned_ensemble,0.005080218046913023,0.005200545117282557
2,Non-private (tuned),learned_ensemble,0.005436183620153837,0.006090459050384592
2,Non-private (tuned),learned_ensemble,0.005817091329374358,0.00685469749505128
2,Non-private (tuned),learned_ensemble,0.006224688843995439,0.007364194388327632
2,Non-private (tuned),learned_ensemble,0.006660846290809154,0.008728173590534329
2,Non-private (tuned),learned_ensemble,0.007127564834438914,0.009219818681016213
2,Non-private (tuned),learned_ensemble,0.007626985859023444,0.009427910774593101
2,Non-private (tuned),learned_ensemble,0.008161400793251826,0.009785084324898115
2,Non-private (tuned),learned_ensemble,0.008733261623828438,0.01131243277233916
2,Non-private (tuned),learned_ensemble,0.009345192145605374,0.011886117636505038
2,Non-private (tuned),learned_ensemble,0.01,0.0125
2,Non-private (tuned),learned_ensemble,0.010700689556931747,0.015459195279498017
2,Non-private (tuned),learned_ensemble,0.011450475699382817,0.015833333333333335
2,Non-private (tuned),learned_ensemble,0.012252798573828645,0.01625
2,Non-private (tuned),learned_ensemble,0.013111339374215644,0.017870845918504814
2,Non-private (tuned),learned_ensemble,0.014030037231905735,0.019911173164287334
2,Non-private (tuned),learned_ensemble,0.015013107289081735,0.020424858722342752
2,Non-private (tuned),learned_ensemble,0.01606506003853728,0.02174799171483827
2,Non-private (tuned),learned_ensemble,0.017190722018585746,0.022261955976094254
2,Non-private (tuned),learned_ensemble,0.01839525795803971,0.023333333333333334
2,Non-private (tuned),learned_ensemble,0.019684194472866123,0.024605243091082654
2,Non-private (tuned),learned_ensemble,0.02106344542324121,0.02630287118603434
2,Non-private (tuned),learned_ensemble,0.022539339047347912,0.027532782539456593
2,Non-private (tuned),learned_ensemble,0.024118646996409972,0.028848872497008307
2,Non-private (tuned),learned_ensemble,0.02580861540418074,0.03005914530729753
2,Non-private (tuned),learned_ensemble,0.02761699813343848,0.031604581000131436
2,Non-private (tuned),learned_ensemble,0.029552092352028863,0.033385425685362194
2,Non-private (tuned),learned_ensemble,0.03162277660168379,0.035456109935017126
2,Non-private (tuned),learned_ensemble,0.033838551534282335,0.0374259517194914
2,Non-private (tuned),learned_ensemble,0.03620958350245917,0.040224553752634826
2,Non-private (tuned),learned_ensemble,0.03874675120456132,0.043533544678069976
2,Non-private (tuned),learned_ensemble,0.04146169559796819,0.04985075471798928
2,Non-private (tuned),learned_ensemble,0.044366873309786115,0.05375
2,Non-private (tuned),learned_ensemble,0.047475613789974204,0.055892358087477674
2,Non-private (tuned),learned_ensemble,0.05080218046913023,0.05877111771367039
2,Non-private (tuned),learned_ensemble,0.05436183620153837,0.06185158902056205
2,Non-private (tuned),learned_ensemble,0.058170913293743576,0.0652403468193269
2,Non-private (tuned),learned_ensemble,0.0622468884399544,0.07097218686868587
2,Non-private (tuned),learned_ensemble,0.06660846290809161,0.07664285410493639
2,Non-private (tuned),learned_ensemble,0.07127564834438914,0.08201122709715308
2,Non-private (tuned),learned_ensemble,0.07626985859023444,0.08721826262845056
2,Non-private (tuned),learned_ensemble,0.08161400793251826,0.09057563243673587
2,Non-private (tuned),learned_ensemble,0.08733261623828428,0.09708183938531448
2,Non-private (tuned),learned_ensemble,0.09345192145605374,0.10278245091003359
2,Non-private (tuned),learned_ensemble,0.1,0.10666666666666667
2,Non-private (tuned),learned_ensemble,0.10700689556931746,0.11186822574889779
2,Non-private (tuned),learned_ensemble,0.11450475699382812,0.1183714729028101
2,Non-private (tuned),learned_ensemble,0.12252798573828651,0.1249422162798416
2,Non-private (tuned),learned_ensemble,0.13111339374215644,0.13088200737030187
2,Non-private (tuned),learned_ensemble,0.14030037231905734,0.13872321917590077
2,Non-private (tuned),learned_ensemble,0.15013107289081729,0.15140867858428725
2,Non-private (tuned),learned_ensemble,0.16065060038537288,0.16240989068560968
2,Non-private (tuned),learned_ensemble,0.17190722018585747,0.17380899934432825
2,Non-private (tuned),learned_ensemble,0.18395257958039712,0.1861998437869585
2,Non-private (tuned),learned_ensemble,0.19684194472866112,0.20030992104094447
2,Non-private (tuned),learned_ensemble,0.210634454232412,0.21440753436352764
2,Non-private (tuned),learned_ensemble,0.22539339047347912,0.2283151961744369
2,Non-private (tuned),learned_ensemble,0.24118646996409973,0.24360779075162237
2,Non-private (tuned),learned_ensemble,0.2580861540418074,0.258442416990383
2,Non-private (tuned),learned_ensemble,0.27616998133438464,0.2755089119057006
2,Non-private (tuned),learned_ensemble,0.2955209235202888,0.2936637764684647
2,Non-private (tuned),learned_ensemble,0.31622776601683794,0.31142109779544724
2,Non-private (tuned),learned_ensemble,0.33838551534282335,0.3321281772477388
2,Non-private (tuned),learned_ensemble,0.36209583502459164,0.35479913247509953
2,Non-private (tuned),learned_ensemble,0.3874675120456132,0.3832673527545922
2,Non-private (tuned),learned_ensemble,0.4146169559796819,0.41345028931301525
2,Non-private (tuned),learned_ensemble,0.44366873309786115,0.443283510159119
2,Non-private (tuned),learned_ensemble,0.474756137899742,0.47352832743938233
2,Non-private (tuned),learned_ensemble,0.5080218046913023,0.5057877477184196
2,Non-private (tuned),learned_ensemble,0.5436183620153837,0.5414523586600041
2,Non-private (tuned),learned_ensemble,0.5817091329374358,0.5885574043377289
2,Non-private (tuned),learned_ensemble,0.622468884399544,0.6271692757641694
2,Non-private (tuned),learned_ensemble,0.6660846290809154,0.6784819165657827
2,Non-private (tuned),learned_ensemble,0.7127564834438914,0.7312257434881146
2,Non-private (tuned),learned_ensemble,0.7626985859023444,0.7838747334896292
2,Non-private (tuned),learned_ensemble,0.8161400793251826,0.8333333333333334
2,Non-private (tuned),learned_ensemble,0.8733261623828429,0.8895416288486987
2,Non-private (tuned),learned_ensemble,0.9345192145605374,0.9420298224883671
2,Non-private (tuned),learned_ensemble,1.0,1.0
2,Non-private (tuned),lira,0.00031622776601683794,0.0004166666666666667
2,Non-private (tuned),lira,0.00033838551534282334,0.0004166666666666667
2,Non-private (tuned),lira,0.0003620958350245917,0.0004166666666666667
2,Non-private (tuned),lira,0.0003874675120456132,0.0004166666666666667
2,Non-private (tuned),lira,0.0004146169559796819,0.0004166666666666667
2,Non-private (tuned),lira,0.0004436687330978611,0.0004166666666666667
2,Non-private (tuned),lira,0.00047475613789974203,0.0004166666666666667
2,Non-private (tuned),lira,0.0005080218046913023,0.0004166666666666667
2,Non-private (tuned),lira,0.0005436183620153838,0.0004166666666666667
2,Non-private (tuned),lira,0.0005817091329374358,0.0004166666666666667
2,Non-private (tuned),lira,0.000622468884399544,0.0004166666666666667
2,Non-private (tuned),lira,0.0006660846290809161,0.0004166666666666667
2,Non-private (tuned),lira,0.0007127564834438914,0.0004166666666666667
2,Non-private (tuned),lira,0.0007626985859023443,0.0004166666666666667
2,Non-private (tuned),lira,0.0008161400793251826,0.0004166666666666667
2,Non-private (tuned),lira,0.0008733261623828437,0.0004166666666666667
2,Non-private (tuned),lira,0.0009345192145605374,0.0004166666666666667
2,Non-private (tuned),lira,0.001,0.0004166666666666667
2,Non-private (tuned),lira,0.0010700689556931745,0.0004166666666666667
2,Non-private (tuned),lira,0.0011450475699382812,0.0004166666666666667
2,Non-private (tuned),lira,0.0012252798573828651,0.0004166666666666667
2,Non-private (tuned),lira,0.0013111339374215643,0.0004166666666666667
2,Non-private (tuned),lira,0.0014030037231905735,0.00125
2,Non-private (tuned),lira,0.0015013107289081743,0.00125
2,Non-private (tuned),lira,0.0016065060038537287,0.00125
2,Non-private (tuned),lira,0.0017190722018585747,0.00125
2,Non-private (tuned),lira,0.0018395257958039712,0.00125
2,Non-private (tuned),lira,0.0019684194472866113,0.00125
2,Non-private (tuned),lira,0.00210634454232412,0.00125
2,Non-private (tuned),lira,0.002253933904734791,0.00125
2,Non-private (tuned),lira,0.002411864699640997,0.00125
2,Non-private (tuned),lira,0.0025808615404180743,0.00125
2,Non-private (tuned),lira,0.002761699813343849,0.00125
2,Non-private (tuned),lira,0.002955209235202888,0.00125
2,Non-private (tuned),lira,0.0031622776601683794,0.00125
2,Non-private (tuned),lira,0.003383855153428233,0.0016666666666666668
2,Non-private (tuned),lira,0.0036209583502459165,0.0016666666666666668
2,Non-private (tuned),lira,0.0038746751204561283,0.0016666666666666668
2,Non-private (tuned),lira,0.004146169559796819,0.0025
2,Non-private (tuned),lira,0.004436687330978612,0.0025
2,Non-private (tuned),lira,0.004747561378997425,0.0025
2,Non-private (tuned),lira,0.005080218046913023,0.002916666666666667
2,Non-private (tuned),lira,0.005436183620153837,0.0033333333333333335
2,Non-private (tuned),lira,0.005817091329374358,0.004583333333333333
2,Non-private (tuned),lira,0.006224688843995439,0.005416666666666667
2,Non-private (tuned),lira,0.006660846290809154,0.005833333333333334
2,Non-private (tuned),lira,0.007127564834438914,0.00625
2,Non-private (tuned),lira,0.007626985859023444,0.00625
2,Non-private (tuned),lira,0.008161400793251826,0.007083333333333333
2,Non-private (tuned),lira,0.008733261623828438,0.007083333333333333
2,Non-private (tuned),lira,0.009345192145605374,0.008333333333333333
2,Non-private (tuned),lira,0.01,0.00875
2,Non-private (tuned),lira,0.010700689556931747,0.010416666666666666
2,Non-private (tuned),lira,0.011450475699382817,0.010833333333333334
2,Non-private (tuned),lira,0.012252798573828645,0.01125
2,Non-private (tuned),lira,0.013111339374215644,0.01125
2,Non-private (tuned),lira,0.014030037231905735,0.012916666666666667
2,Non-private (tuned),lira,0.015013107289081735,0.01375
2,Non-private (tuned),lira,0.01606506003853728,0.014166666666666666
2,Non-private (tuned),lira,0.017190722018585746,0.015
2,Non-private (tuned),lira,0.01839525795803971,0.015
2,Non-private (tuned),lira,0.019684194472866123,0.018333333333333333
2,Non-private (tuned),lira,0.02106344542324121,0.019166666666666665
2,Non-private (tuned),lira,0.022539339047347912,0.020416666666666666
2,Non-private (tuned),lira,0.024118646996409972,0.023333333333333334
2,Non-private (tuned),lira,0.02580861540418074,0.023333333333333334
2,Non-private (tuned),lira,0.02761699813343848,0.02666666666666667
2,Non-private (tuned),lira,0.029552092352028863,0.030416666666666668
2,Non-private (tuned),lira,0.03162277660168379,0.03208333333333333
2,Non-private (tuned),lira,0.033838551534282335,0.032916666666666664
2,Non-private (tuned),lira,0.03620958350245917,0.03625
2,Non-private (tuned),lira,0.03874675120456132,0.042916666666666665
2,Non-private (tuned),lira,0.04146169559796819,0.043333333333333335
2,Non-private (tuned),lira,0.044366873309786115,0.04833333333333333
2,Non-private (tuned),lira,0.047475613789974204,0.05333333333333334
2,Non-private (tuned),lira,0.05080218046913023,0.059166666666666666
2,Non-private (tuned),lira,0.05436183620153837,0.06041666666666667
2,Non-private (tuned),lira,0.058170913293743576,0.06416666666666666
2,Non-private (tuned),lira,0.0622468884399544,0.06875
2,Non-private (tuned),lira,0.06660846290809161,0.07416666666666667
2,Non-private (tuned),lira,0.07127564834438914,0.07916666666666666
2,Non-private (tuned),lira,0.07626985859023444,0.08375
2,Non-private (tuned),lira,0.08161400793251826,0.09041666666666667
2,Non-private (tuned),lira,0.08733261623828428,0.09458333333333334
2,Non-private (tuned),lira,0.09345192145605374,0.09875
2,Non-private (tuned),lira,0.1,0.1075
2,Non-private (tuned),lira,0.10700689556931746,0.11125
2,Non-private (tuned),lira,0.11450475699382812,0.12333333333333334
2,Non-private (tuned),lira,0.12252798573828651,0.13166666666666665
2,Non-private (tuned),lira,0.13111339374215644,0.13958333333333334
2,Non-private (tuned),lira,0.14030037231905734,0.15041666666666667
2,Non-private (tuned),lira,0.15013107289081729,0.16208333333333333
2,Non-private (tuned),lira,0.16065060038537288,0.17041666666666666
2,Non-private (tuned),lira,0.17190722018585747,0.17833333333333334
2,Non-private (tuned),lira,0.18395257958039712,0.19333333333333333
2,Non-private (tuned),lira,0.19684194472866112,0.20416666666666666
2,Non-private (tuned),lira,0.210634454232412,0.21666666666666667
2,Non-private (tuned),lira,0.22539339047347912,0.23125
2,Non-private (tuned),lira,0.24118646996409973,0.24666666666666667
2,Non-private (tuned),lira,0.2580861540418074,0.2654166666666667
2,Non-private (tuned),lira,0.27616998133438464,0.2841666666666667
2,Non-private (tuned),lira,0.2955209235202888,0.30083333333333334
2,Non-private (tuned),lira,0.31622776601683794,0.32666666666666666
2,Non-private (tuned),lira,0.33838551534282335,0.3566666666666667
2,Non-private (tuned),lira,0.36209583502459164,0.38625
2,Non-private (tuned),lira,0.3874675120456132,0.40958333333333335
2,Non-private (tuned),lira,0.4146169559796819,0.43125
2,Non-private (tuned),lira,0.44366873309786115,0.45458333333333334
2,Non-private (tuned),lira,0.474756137899742,0.48375
2,Non-private (tuned),lira,0.5080218046913023,0.5129166666666667
2,Non-private (tuned),lira,0.5436183620153837,0.56
2,Non-private (tuned),lira,0.5817091329374358,0.5970833333333333
2,Non-private (tuned),lira,0.622468884399544,0.6425
2,Non-private (tuned),lira,0.6660846290809154,0.6845833333333333
2,Non-private (tuned),lira,0.7127564834438914,0.71875
2,Non-private (tuned),lira,0.7626985859023444,0.7679166666666667
2,Non-private (tuned),lira,0.8161400793251826,0.8204166666666667
2,Non-private (tuned),lira,0.8733261623828429,0.8695833333333334
2,Non-private (tuned),lira,0.9345192145605374,0.9366666666666666
2,Non-private (tuned),lira,1.0,1.0
2,DP eps=8,confidence,0.00031622776601683794,0.0004166666666666667
2,DP eps=8,confidence,0.00033838551534282334,0.0016666666666666668
2,DP eps=8,confidence,0.0003620958350245917,0.0016666666666666668
2,DP eps=8,confidence,0.0003874675120456132,0.0016666666666666668
2,DP eps=8,confidence,0.0004146169559796819,0.0016666666666666668
2,DP eps=8,confidence,0.0004436687330978611,0.0016666666666666668
2,DP eps=8,confidence,0.00047475613789974203,0.0016666666666666668
2,DP eps=8,confidence,0.0005080218046913023,0.0016666666666666668
2,DP eps=8,confidence,0.0005436183620153838,0.0016666666666666668
2,DP eps=8,confidence,0.0005817091329374358,0.0016666666666666668
2,DP eps=8,confidence,0.000622468884399544,0.0016666666666666668
2,DP eps=8,confidence,0.0006660846290809161,0.0016666666666666668
2,DP eps=8,confidence,0.0007127564834438914,0.0016666666666666668
2,DP eps=8,confidence,0.0007626985859023443,0.0016666666666666668
2,DP eps=8,confidence,0.0008161400793251826,0.0016666666666666668
2,DP eps=8,confidence,0.0008733261623828437,0.0016666666666666668
2,DP eps=8,confidence,0.0009345192145605374,0.0016666666666666668
2,DP eps=8,confidence,0.001,0.0025
2,DP eps=8,confidence,0.0010700689556931745,0.0025
2,DP eps=8,confidence,0.0011450475699382812,0.0025
2,DP eps=8,confidence,0.0012252798573828651,0.0025
2,DP eps=8,confidence,0.0013111339374215643,0.0025
2,DP eps=8,confidence,0.0014030037231905735,0.002916666666666667
2,DP eps=8,confidence,0.0015013107289081743,0.002916666666666667
2,DP eps=8,confidence,0.0016065060038537287,0.002916666666666667
2,DP eps=8,confidence,0.0017190722018585747,0.002916666666666667
2,DP eps=8,confidence,0.0018395257958039712,0.002916666666666667
2,DP eps=8,confidence,0.0019684194472866113,0.002916666666666667
2,DP eps=8,confidence,0.00210634454232412,0.002916666666666667
2,DP eps=8,confidence,0.002253933904734791,0.002916666666666667
2,DP eps=8,confidence,0.002411864699640997,0.002916666666666667
2,DP eps=8,confidence,0.0025808615404180743,0.002916666666666667
2,DP eps=8,confidence,0.002761699813343849,0.002916666666666667
2,DP eps=8,confidence,0.002955209235202888,0.002916666666666667
2,DP eps=8,confidence,0.0031622776601683794,0.002916666666666667
2,DP eps=8,confidence,0.003383855153428233,0.0033333333333333335
2,DP eps=8,confidence,0.0036209583502459165,0.0033333333333333335
2,DP eps=8,confidence,0.0038746751204561283,0.00375
2,DP eps=8,confidence,0.004146169559796819,0.00375
2,DP eps=8,confidence,0.004436687330978612,0.00375
2,DP eps=8,confidence,0.004747561378997425,0.005
2,DP eps=8,confidence,0.005080218046913023,0.005
2,DP eps=8,confidence,0.005436183620153837,0.005416666666666667
2,DP eps=8,confidence,0.005817091329374358,0.005416666666666667
2,DP eps=8,confidence,0.006224688843995439,0.005833333333333334
2,DP eps=8,confidence,0.006660846290809154,0.005833333333333334
2,DP eps=8,confidence,0.007127564834438914,0.00625
2,DP eps=8,confidence,0.007626985859023444,0.006666666666666667
2,DP eps=8,confidence,0.008161400793251826,0.007916666666666667
2,DP eps=8,confidence,0.008733261623828438,0.008333333333333333
2,DP eps=8,confidence,0.009345192145605374,0.00875
2,DP eps=8,confidence,0.01,0.011666666666666667
2,DP eps=8,confidence,0.010700689556931747,0.011666666666666667
2,DP eps=8,confidence,0.011450475699382817,0.012083333333333333
2,DP eps=8,confidence,0.012252798573828645,0.012083333333333333
2,DP eps=8,confidence,0.013111339374215644,0.0125
2,DP eps=8,confidence,0.014030037231905735,0.014166666666666666
2,DP eps=8,confidence,0.015013107289081735,0.015
2,DP eps=8,confidence,0.01606506003853728,0.015833333333333335
2,DP eps=8,confidence,0.017190722018585746,0.015833333333333335
2,DP eps=8,confidence,0.01839525795803971,0.0175
2,DP eps=8,confidence,0.019684194472866123,0.019166666666666665
2,DP eps=8,confidence,0.02106344542324121,0.020833333333333332
2,DP eps=8,confidence,0.022539339047347912,0.024166666666666666
2,DP eps=8,confidence,0.024118646996409972,0.025833333333333333
2,DP eps=8,confidence,0.02580861540418074,0.02875
2,DP eps=8,confidence,0.02761699813343848,0.0325
2,DP eps=8,confidence,0.029552092352028863,0.034166666666666665
2,DP eps=8,confidence,0.03162277660168379,0.03666666666666667
2,DP eps=8,confidence,0.033838551534282335,0.03833333333333333
2,DP eps=8,confidence,0.03620958350245917,0.041666666666666664
2,DP eps=8,confidence,0.03874675120456132,0.045
2,DP eps=8,confidence,0.04146169559796819,0.04625
2,DP eps=8,confidence,0.044366873309786115,0.04791666666666667
2,DP eps=8,confidence,0.047475613789974204,0.05125
2,DP eps=8,confidence,0.05080218046913023,0.05291666666666667
2,DP eps=8,confidence,0.05436183620153837,0.05583333333333333
2,DP eps=8,confidence,0.058170913293743576,0.06
2,DP eps=8,confidence,0.0622468884399544,0.065
2,DP eps=8,confidence,0.06660846290809161,0.06708333333333333
2,DP eps=8,confidence,0.07127564834438914,0.06958333333333333
2,DP eps=8,confidence,0.07626985859023444,0.07208333333333333
2,DP eps=8,confidence,0.08161400793251826,0.07875
2,DP eps=8,confidence,0.08733261623828428,0.08291666666666667
2,DP eps=8,confidence,0.09345192145605374,0.09083333333333334
2,DP eps=8,confidence,0.1,0.0975
2,DP eps=8,confidence,0.10700689556931746,0.105
2,DP eps=8,confidence,0.11450475699382812,0.11208333333333333
2,DP eps=8,confidence,0.12252798573828651,0.11833333333333333
2,DP eps=8,confidence,0.13111339374215644,0.125
2,DP eps=8,confidence,0.14030037231905734,0.14041666666666666
2,DP eps=8,confidence,0.15013107289081729,0.14875
2,DP eps=8,confidence,0.16065060038537288,0.15583333333333332
2,DP eps=8,confidence,0.17190722018585747,0.17
2,DP eps=8,confidence,0.18395257958039712,0.17916666666666667
2,DP eps=8,confidence,0.19684194472866112,0.19458333333333333
2,DP eps=8,confidence,0.210634454232412,0.20541666666666666
2,DP eps=8,confidence,0.22539339047347912,0.225
2,DP eps=8,confidence,0.24118646996409973,0.23791666666666667
2,DP eps=8,confidence,0.2580861540418074,0.24916666666666668
2,DP eps=8,confidence,0.27616998133438464,0.265
2,DP eps=8,confidence,0.2955209235202888,0.28541666666666665
2,DP eps=8,confidence,0.31622776601683794,0.31
2,DP eps=8,confidence,0.33838551534282335,0.33625
2,DP eps=8,confidence,0.36209583502459164,0.3595833333333333
2,DP eps=8,confidence,0.3874675120456132,0.385
2,DP eps=8,confidence,0.4146169559796819,0.4170833333333333
2,DP eps=8,confidence,0.44366873309786115,0.4483333333333333
2,DP eps=8,confidence,0.474756137899742,0.48583333333333334
2,DP eps=8,confidence,0.5080218046913023,0.5179166666666667
2,DP eps=8,confidence,0.5436183620153837,0.5541666666666667
2,DP eps=8,confidence,0.5817091329374358,0.5854166666666667
2,DP eps=8,confidence,0.622468884399544,0.6279166666666667
2,DP eps=8,confidence,0.6660846290809154,0.6725
2,DP eps=8,confidence,0.7127564834438914,0.7258333333333333
2,DP eps=8,confidence,0.7626985859023444,0.765
2,DP eps=8,confidence,0.8161400793251826,0.81625
2,DP eps=8,confidence,0.8733261623828429,0.8608333333333333
2,DP eps=8,confidence,0.9345192145605374,0.9329166666666666
2,DP eps=8,confidence,1.0,1.0
2,DP eps=8,neg_entropy,0.00031622776601683794,0.0004166666666666667
2,DP eps=8,neg_entropy,0.00033838551534282334,0.0016666666666666668
2,DP eps=8,neg_entropy,0.0003620958350245917,0.0016666666666666668
2,DP eps=8,neg_entropy,0.0003874675120456132,0.0016666666666666668
2,DP eps=8,neg_entropy,0.0004146169559796819,0.0016666666666666668
2,DP eps=8,neg_entropy,0.0004436687330978611,0.0016666666666666668
2,DP eps=8,neg_entropy,0.00047475613789974203,0.0016666666666666668
2,DP eps=8,neg_entropy,0.0005080218046913023,0.0016666666666666668
2,DP eps=8,neg_entropy,0.0005436183620153838,0.0016666666666666668
2,DP eps=8,neg_entropy,0.0005817091329374358,0.0016666666666666668
2,DP eps=8,neg_entropy,0.000622468884399544,0.0016666666666666668
2,DP eps=8,neg_entropy,0.0006660846290809161,0.0016666666666666668
2,DP eps=8,neg_entropy,0.0007127564834438914,0.0016666666666666668
2,DP eps=8,neg_entropy,0.0007626985859023443,0.0016666666666666668
2,DP eps=8,neg_entropy,0.0008161400793251826,0.0016666666666666668
2,DP eps=8,neg_entropy,0.0008733261623828437,0.0016666666666666668
2,DP eps=8,neg_entropy,0.0009345192145605374,0.0016666666666666668
2,DP eps=8,neg_entropy,0.001,0.0025
2,DP eps=8,neg_entropy,0.0010700689556931745,0.0025
2,DP eps=8,neg_entropy,0.0011450475699382812,0.0025
2,DP eps=8,neg_entropy,0.0012252798573828651,0.0025
2,DP eps=8,neg_entropy,0.0013111339374215643,0.0025
2,DP eps=8,neg_entropy,0.0014030037231905735,0.002916666666666667
2,DP eps=8,neg_entropy,0.0015013107289081743,0.002916666666666667
2,DP eps=8,neg_entropy,0.0016065060038537287,0.002916666666666667
2,DP eps=8,neg_entropy,0.0017190722018585747,0.002916666666666667
2,DP eps=8,neg_entropy,0.0018395257958039712,0.002916666666666667
2,DP eps=8,neg_entropy,0.0019684194472866113,0.002916666666666667
2,DP eps=8,neg_entropy,0.00210634454232412,0.002916666666666667
2,DP eps=8,neg_entropy,0.002253933904734791,0.002916666666666667
2,DP eps=8,neg_entropy,0.002411864699640997,0.002916666666666667
2,DP eps=8,neg_entropy,0.0025808615404180743,0.002916666666666667
2,DP eps=8,neg_entropy,0.002761699813343849,0.002916666666666667
2,DP eps=8,neg_entropy,0.002955209235202888,0.002916666666666667
2,DP eps=8,neg_entropy,0.0031622776601683794,0.002916666666666667
2,DP eps=8,neg_entropy,0.003383855153428233,0.0033333333333333335
2,DP eps=8,neg_entropy,0.0036209583502459165,0.0033333333333333335
2,DP eps=8,neg_entropy,0.0038746751204561283,0.00375
2,DP eps=8,neg_entropy,0.004146169559796819,0.00375
2,DP eps=8,neg_entropy,0.004436687330978612,0.00375
2,DP eps=8,neg_entropy,0.004747561378997425,0.005
2,DP eps=8,neg_entropy,0.005080218046913023,0.005
2,DP eps=8,neg_entropy,0.005436183620153837,0.005416666666666667
2,DP eps=8,neg_entropy,0.005817091329374358,0.005416666666666667
2,DP eps=8,neg_entropy,0.006224688843995439,0.005833333333333334
2,DP eps=8,neg_entropy,0.006660846290809154,0.005833333333333334
2,DP eps=8,neg_entropy,0.007127564834438914,0.00625
2,DP eps=8,neg_entropy,0.007626985859023444,0.006666666666666667
2,DP eps=8,neg_entropy,0.008161400793251826,0.007916666666666667
2,DP eps=8,neg_entropy,0.008733261623828438,0.008333333333333333
2,DP eps=8,neg_entropy,0.009345192145605374,0.00875
2,DP eps=8,neg_entropy,0.01,0.011666666666666667
2,DP eps=8,neg_entropy,0.010700689556931747,0.011666666666666667
2,DP eps=8,neg_entropy,0.011450475699382817,0.012083333333333333
2,DP eps=8,neg_entropy,0.012252798573828645,0.012083333333333333
2,DP eps=8,neg_entropy,0.013111339374215644,0.0125
2,DP eps=8,neg_entropy,0.014030037231905735,0.014166666666666666
2,DP eps=8,neg_entropy,0.015013107289081735,0.015
2,DP eps=8,neg_entropy,0.01606506003853728,0.015833333333333335
2,DP eps=8,neg_entropy,0.017190722018585746,0.015833333333333335
2,DP eps=8,neg_entropy,0.01839525795803971,0.0175
2,DP eps=8,neg_entropy,0.019684194472866123,0.019166666666666665
2,DP eps=8,neg_entropy,0.02106344542324121,0.020833333333333332
2,DP eps=8,neg_entropy,0.022539339047347912,0.024166666666666666
2,DP eps=8,neg_entropy,0.024118646996409972,0.025833333333333333
2,DP eps=8,neg_entropy,0.02580861540418074,0.02875
2,DP eps=8,neg_entropy,0.02761699813343848,0.0325
2,DP eps=8,neg_entropy,0.029552092352028863,0.034166666666666665
2,DP eps=8,neg_entropy,0.03162277660168379,0.03666666666666667
2,DP eps=8,neg_entropy,0.033838551534282335,0.03833333333333333
2,DP eps=8,neg_entropy,0.03620958350245917,0.041666666666666664
2,DP eps=8,neg_entropy,0.03874675120456132,0.045
2,DP eps=8,neg_entropy,0.04146169559796819,0.04625
2,DP eps=8,neg_entropy,0.044366873309786115,0.04791666666666667
2,DP eps=8,neg_entropy,0.047475613789974204,0.05125
2,DP eps=8,neg_entropy,0.05080218046913023,0.05291666666666667
2,DP eps=8,neg_entropy,0.05436183620153837,0.05583333333333333
2,DP eps=8,neg_entropy,0.058170913293743576,0.06
2,DP eps=8,neg_entropy,0.0622468884399544,0.065
2,DP eps=8,neg_entropy,0.06660846290809161,0.06708333333333333
2,DP eps=8,neg_entropy,0.07127564834438914,0.06958333333333333
2,DP eps=8,neg_entropy,0.07626985859023444,0.07208333333333333
2,DP eps=8,neg_entropy,0.08161400793251826,0.07875
2,DP eps=8,neg_entropy,0.08733261623828428,0.08291666666666667
2,DP eps=8,neg_entropy,0.09345192145605374,0.09083333333333334
2,DP eps=8,neg_entropy,0.1,0.0975
2,DP eps=8,neg_entropy,0.10700689556931746,0.105
2,DP eps=8,neg_entropy,0.11450475699382812,0.11208333333333333
2,DP eps=8,neg_entropy,0.12252798573828651,0.11833333333333333
2,DP eps=8,neg_entropy,0.13111339374215644,0.125
2,DP eps=8,neg_entropy,0.14030037231905734,0.14041666666666666
2,DP eps=8,neg_entropy,0.15013107289081729,0.14875
2,DP eps=8,neg_entropy,0.16065060038537288,0.15583333333333332
2,DP eps=8,neg_entropy,0.17190722018585747,0.17
2,DP eps=8,neg_entropy,0.18395257958039712,0.17916666666666667
2,DP eps=8,neg_entropy,0.19684194472866112,0.19458333333333333
2,DP eps=8,neg_entropy,0.210634454232412,0.20541666666666666
2,DP eps=8,neg_entropy,0.22539339047347912,0.225
2,DP eps=8,neg_entropy,0.24118646996409973,0.23791666666666667
2,DP eps=8,neg_entropy,0.2580861540418074,0.24916666666666668
2,DP eps=8,neg_entropy,0.27616998133438464,0.265
2,DP eps=8,neg_entropy,0.2955209235202888,0.28541666666666665
2,DP eps=8,neg_entropy,0.31622776601683794,0.31
2,DP eps=8,neg_entropy,0.33838551534282335,0.33625
2,DP eps=8,neg_entropy,0.36209583502459164,0.3595833333333333
2,DP eps=8,neg_entropy,0.3874675120456132,0.385
2,DP eps=8,neg_entropy,0.4146169559796819,0.4170833333333333
2,DP eps=8,neg_entropy,0.44366873309786115,0.4483333333333333
2,DP eps=8,neg_entropy,0.474756137899742,0.48583333333333334
2,DP eps=8,neg_entropy,0.5080218046913023,0.5179166666666667
2,DP eps=8,neg_entropy,0.5436183620153837,0.5541666666666667
2,DP eps=8,neg_entropy,0.5817091329374358,0.5854166666666667
2,DP eps=8,neg_entropy,0.622468884399544,0.6279166666666667
2,DP eps=8,neg_entropy,0.6660846290809154,0.6725
2,DP eps=8,neg_entropy,0.7127564834438914,0.7258333333333333
2,DP eps=8,neg_entropy,0.7626985859023444,0.765
2,DP eps=8,neg_entropy,0.8161400793251826,0.81625
2,DP eps=8,neg_entropy,0.8733261623828429,0.8608333333333333
2,DP eps=8,neg_entropy,0.9345192145605374,0.9329166666666666
2,DP eps=8,neg_entropy,1.0,1.0
2,DP eps=8,yeom_neg_loss,0.00031622776601683794,0.0004166666666666667
2,DP eps=8,yeom_neg_loss,0.00033838551534282334,0.0012563152275118625
2,DP eps=8,yeom_neg_loss,0.0003620958350245917,0.001285953127114073
2,DP eps=8,yeom_neg_loss,0.0003874675120456132,0.00131766772339035
2,DP eps=8,yeom_neg_loss,0.0004146169559796819,0.0013516045283079358
2,DP eps=8,yeom_neg_loss,0.0004436687330978611,0.0013879192497056598
2,DP eps=8,yeom_neg_loss,0.00047475613789974203,0.001426778505708011
2,DP eps=8,yeom_neg_loss,0.0005080218046913023,0.0014683605891974614
2,DP eps=8,yeom_neg_loss,0.0005436183620153838,0.0015128562858525631
2,DP eps=8,yeom_neg_loss,0.0005817091329374358,0.0015604697495051282
2,DP eps=8,yeom_neg_loss,0.000622468884399544,0.0016114194388327633
2,DP eps=8,yeom_neg_loss,0.0006660846290809161,0.0016659391196844787
2,DP eps=8,yeom_neg_loss,0.0007127564834438914,0.0016666666666666668
2,DP eps=8,yeom_neg_loss,0.0007626985859023443,0.0016666666666666668
2,DP eps=8,yeom_neg_loss,0.0008161400793251826,0.0016666666666666668
2,DP eps=8,yeom_neg_loss,0.0008733261623828437,0.0016666666666666668
2,DP eps=8,yeom_neg_loss,0.0009345192145605374,0.0016666666666666668
2,DP eps=8,yeom_neg_loss,0.001,0.0025
2,DP eps=8,yeom_neg_loss,0.0010700689556931745,0.0025
2,DP eps=8,yeom_neg_loss,0.0011450475699382812,0.0025
2,DP eps=8,yeom_neg_loss,0.0012252798573828651,0.0025
2,DP eps=8,yeom_neg_loss,0.0013111339374215643,0.0025
2,DP eps=8,yeom_neg_loss,0.0014030037231905735,0.002916666666666667
2,DP eps=8,yeom_neg_loss,0.0015013107289081743,0.002916666666666667
2,DP eps=8,yeom_neg_loss,0.0016065060038537287,0.002916666666666667
2,DP eps=8,yeom_neg_loss,0.0017190722018585747,0.002916666666666667
2,DP eps=8,yeom_neg_loss,0.0018395257958039712,0.002916666666666667
2,DP eps=8,yeom_neg_loss,0.0019684194472866113,0.002916666666666667
2,DP eps=8,yeom_neg_loss,0.00210634454232412,0.002916666666666667
2,DP eps=8,yeom_neg_loss,0.002253933904734791,0.002916666666666667
2,DP eps=8,yeom_neg_loss,0.002411864699640997,0.002916666666666667
2,DP eps=8,yeom_neg_loss,0.0025808615404180743,0.002916666666666667
2,DP eps=8,yeom_neg_loss,0.002761699813343849,0.002916666666666667
2,DP eps=8,yeom_neg_loss,0.002955209235202888,0.002916666666666667
2,DP eps=8,yeom_neg_loss,0.0031622776601683794,0.002916666666666667
2,DP eps=8,yeom_neg_loss,0.003383855153428233,0.0033333333333333335
2,DP eps=8,yeom_neg_loss,0.0036209583502459165,0.0033333333333333335
2,DP eps=8,yeom_neg_loss,0.0038746751204561283,0.00375
2,DP eps=8,yeom_neg_loss,0.004146169559796819,0.00375
2,DP eps=8,yeom_neg_loss,0.004436687330978612,0.0038791924970565978
2,DP eps=8,yeom_neg_loss,0.004747561378997425,0.005
2,DP eps=8,yeom_neg_loss,0.005080218046913023,0.005
2,DP eps=8,yeom_neg_loss,0.005436183620153837,0.005416666666666667
2,DP eps=8,yeom_neg_loss,0.005817091329374358,0.005416666666666667
2,DP eps=8,yeom_neg_loss,0.006224688843995439,0.005833333333333334
2,DP eps=8,yeom_neg_loss,0.006660846290809154,0.005833333333333334
2,DP eps=8,yeom_neg_loss,0.007127564834438914,0.006409456043048643
2,DP eps=8,yeom_neg_loss,0.007626985859023444,0.006666666666666667
2,DP eps=8,yeom_neg_loss,0.008161400793251826,0.007916666666666667
2,DP eps=8,yeom_neg_loss,0.008733261623828438,0.008333333333333333
2,DP eps=8,yeom_neg_loss,0.009345192145605374,0.00876482351534005
2,DP eps=8,yeom_neg_loss,0.01,0.010833333333333334
2,DP eps=8,yeom_neg_loss,0.010700689556931747,0.010833333333333334
2,DP eps=8,yeom_neg_loss,0.011450475699382817,0.01125
2,DP eps=8,yeom_neg_loss,0.012252798573828645,0.01125
2,DP eps=8,yeom_neg_loss,0.013111339374215644,0.011666666666666667
2,DP eps=8,yeom_neg_loss,0.014030037231905735,0.013333333333333334
2,DP eps=8,yeom_neg_loss,0.015013107289081735,0.014166666666666666
2,DP eps=8,yeom_neg_loss,0.01606506003853728,0.015
2,DP eps=8,yeom_neg_loss,0.017190722018585746,0.015
2,DP eps=8,yeom_neg_loss,0.01839525795803971,0.016327405780882973
2,DP eps=8,yeom_neg_loss,0.019684194472866123,0.017916666666666668
2,DP eps=8,yeom_neg_loss,0.02106344542324121,0.019583333333333335
2,DP eps=8,yeom_neg_loss,0.022539339047347912,0.02317417380918489
2,DP eps=8,yeom_neg_loss,0.024118646996409972,0.02556497541217913
2,DP eps=8,yeom_neg_loss,0.02580861540418074,0.027380384627612966
2,DP eps=8,yeom_neg_loss,0.02761699813343848,0.03125
2,DP eps=8,yeom_neg_loss,0.029552092352028863,0.032916666666666664
2,DP eps=8,yeom_neg_loss,0.03162277660168379,0.03661180408543807
2,DP eps=8,yeom_neg_loss,0.033838551534282335,0.03875
2,DP eps=8,yeom_neg_loss,0.03620958350245917,0.04
2,DP eps=8,yeom_neg_loss,0.03874675120456132,0.042916666666666665
2,DP eps=8,yeom_neg_loss,0.04146169559796819,0.045
2,DP eps=8,yeom_neg_loss,0.044366873309786115,0.04670859163723264
2,DP eps=8,yeom_neg_loss,0.047475613789974204,0.049166666666666664
2,DP eps=8,yeom_neg_loss,0.05080218046913023,0.051666666666666666
2,DP eps=8,yeom_neg_loss,0.05436183620153837,0.05375
2,DP eps=8,yeom_neg_loss,0.058170913293743576,0.060833333333333336
2,DP eps=8,yeom_neg_loss,0.0622468884399544,0.06291666666666666
2,DP eps=8,yeom_neg_loss,0.06660846290809161,0.06458333333333334
2,DP eps=8,yeom_neg_loss,0.07127564834438914,0.06708333333333333
2,DP eps=8,yeom_neg_loss,0.07626985859023444,0.07283732323779304
2,DP eps=8,yeom_neg_loss,0.08161400793251826,0.07666666666666666
2,DP eps=8,yeom_neg_loss,0.08733261623828428,0.08416666666666667
2,DP eps=8,yeom_neg_loss,0.09345192145605374,0.09041666666666667
2,DP eps=8,yeom_neg_loss,0.1,0.09875
2,DP eps=8,yeom_neg_loss,0.10700689556931746,0.10416666666666667
2,DP eps=8,yeom_neg_loss,0.11450475699382812,0.11041666666666666
2,DP eps=8,yeom_neg_loss,0.12252798573828651,0.11666666666666667
2,DP eps=8,yeom_neg_loss,0.13111339374215644,0.13014174217769556
2,DP eps=8,yeom_neg_loss,0.14030037231905734,0.1375
2,DP eps=8,yeom_neg_loss,0.15013107289081729,0.14583333333333334
2,DP eps=8,yeom_neg_loss,0.16065060038537288,0.15916666666666668
2,DP eps=8,yeom_neg_loss,0.17190722018585747,0.16833333333333333
2,DP eps=8,yeom_neg_loss,0.18395257958039712,0.18458333333333332
2,DP eps=8,yeom_neg_loss,0.19684194472866112,0.19333333333333333
2,DP eps=8,yeom_neg_loss,0.210634454232412,0.21166666666666667
2,DP eps=8,yeom_neg_loss,0.22539339047347912,0.22875
2,DP eps=8,yeom_neg_loss,0.24118646996409973,0.23583333333333334
2,DP eps=8,yeom_neg_loss,0.2580861540418074,0.24916666666666668
2,DP eps=8,yeom_neg_loss,0.27616998133438464,0.27
2,DP eps=8,yeom_neg_loss,0.2955209235202888,0.2945833333333333
2,DP eps=8,yeom_neg_loss,0.31622776601683794,0.3175
2,DP eps=8,yeom_neg_loss,0.33838551534282335,0.3383333333333333
2,DP eps=8,yeom_neg_loss,0.36209583502459164,0.3570833333333333
2,DP eps=8,yeom_neg_loss,0.3874675120456132,0.38916666666666666
2,DP eps=8,yeom_neg_loss,0.4146169559796819,0.4166666666666667
2,DP eps=8,yeom_neg_loss,0.44366873309786115,0.45125
2,DP eps=8,yeom_neg_loss,0.474756137899742,0.48041666666666666
2,DP eps=8,yeom_neg_loss,0.5080218046913023,0.5129166666666667
2,DP eps=8,yeom_neg_loss,0.5436183620153837,0.54875
2,DP eps=8,yeom_neg_loss,0.5817091329374358,0.5920833333333333
2,DP eps=8,yeom_neg_loss,0.622468884399544,0.625
2,DP eps=8,yeom_neg_loss,0.6660846290809154,0.6625
2,DP eps=8,yeom_neg_loss,0.7127564834438914,0.7079166666666666
2,DP eps=8,yeom_neg_loss,0.7626985859023444,0.75875
2,DP eps=8,yeom_neg_loss,0.8161400793251826,0.81875
2,DP eps=8,yeom_neg_loss,0.8733261623828429,0.87
2,DP eps=8,yeom_neg_loss,0.9345192145605374,0.9329166666666666
2,DP eps=8,yeom_neg_loss,1.0,1.0
2,DP eps=8,modified_entropy,0.00031622776601683794,0.0004166666666666667
2,DP eps=8,modified_entropy,0.00033838551534282334,0.0016666666666666668
2,DP eps=8,modified_entropy,0.0003620958350245917,0.0016666666666666668
2,DP eps=8,modified_entropy,0.0003874675120456132,0.0016666666666666668
2,DP eps=8,modified_entropy,0.0004146169559796819,0.0016666666666666668
2,DP eps=8,modified_entropy,0.0004436687330978611,0.0016666666666666668
2,DP eps=8,modified_entropy,0.00047475613789974203,0.0016666666666666668
2,DP eps=8,modified_entropy,0.0005080218046913023,0.0016666666666666668
2,DP eps=8,modified_entropy,0.0005436183620153838,0.0016666666666666668
2,DP eps=8,modified_entropy,0.0005817091329374358,0.0016666666666666668
2,DP eps=8,modified_entropy,0.000622468884399544,0.0016666666666666668
2,DP eps=8,modified_entropy,0.0006660846290809161,0.0016666666666666668
2,DP eps=8,modified_entropy,0.0007127564834438914,0.0016666666666666668
2,DP eps=8,modified_entropy,0.0007626985859023443,0.0016666666666666668
2,DP eps=8,modified_entropy,0.0008161400793251826,0.0016666666666666668
2,DP eps=8,modified_entropy,0.0008733261623828437,0.0016666666666666668
2,DP eps=8,modified_entropy,0.0009345192145605374,0.0016666666666666668
2,DP eps=8,modified_entropy,0.001,0.0025
2,DP eps=8,modified_entropy,0.0010700689556931745,0.0025
2,DP eps=8,modified_entropy,0.0011450475699382812,0.0025
2,DP eps=8,modified_entropy,0.0012252798573828651,0.0025
2,DP eps=8,modified_entropy,0.0013111339374215643,0.0025
2,DP eps=8,modified_entropy,0.0014030037231905735,0.002916666666666667
2,DP eps=8,modified_entropy,0.0015013107289081743,0.002916666666666667
2,DP eps=8,modified_entropy,0.0016065060038537287,0.002916666666666667
2,DP eps=8,modified_entropy,0.0017190722018585747,0.002916666666666667
2,DP eps=8,modified_entropy,0.0018395257958039712,0.002916666666666667
2,DP eps=8,modified_entropy,0.0019684194472866113,0.002916666666666667
2,DP eps=8,modified_entropy,0.00210634454232412,0.002916666666666667
2,DP eps=8,modified_entropy,0.002253933904734791,0.002916666666666667
2,DP eps=8,modified_entropy,0.002411864699640997,0.002916666666666667
2,DP eps=8,modified_entropy,0.0025808615404180743,0.002916666666666667
2,DP eps=8,modified_entropy,0.002761699813343849,0.002916666666666667
2,DP eps=8,modified_entropy,0.002955209235202888,0.002916666666666667
2,DP eps=8,modified_entropy,0.0031622776601683794,0.002916666666666667
2,DP eps=8,modified_entropy,0.003383855153428233,0.0033333333333333335
2,DP eps=8,modified_entropy,0.0036209583502459165,0.0033333333333333335
2,DP eps=8,modified_entropy,0.0038746751204561283,0.00375
2,DP eps=8,modified_entropy,0.004146169559796819,0.00375
2,DP eps=8,modified_entropy,0.004436687330978612,0.00375
2,DP eps=8,modified_entropy,0.004747561378997425,0.005
2,DP eps=8,modified_entropy,0.005080218046913023,0.005
2,DP eps=8,modified_entropy,0.005436183620153837,0.005416666666666667
2,DP eps=8,modified_entropy,0.005817091329374358,0.005416666666666667
2,DP eps=8,modified_entropy,0.006224688843995439,0.005833333333333334
2,DP eps=8,modified_entropy,0.006660846290809154,0.005833333333333334
2,DP eps=8,modified_entropy,0.007127564834438914,0.00625
2,DP eps=8,modified_entropy,0.007626985859023444,0.006666666666666667
2,DP eps=8,modified_entropy,0.008161400793251826,0.007916666666666667
2,DP eps=8,modified_entropy,0.008733261623828438,0.008333333333333333
2,DP eps=8,modified_entropy,0.009345192145605374,0.00875
2,DP eps=8,modified_entropy,0.01,0.010833333333333334
2,DP eps=8,modified_entropy,0.010700689556931747,0.010833333333333334
2,DP eps=8,modified_entropy,0.011450475699382817,0.01125
2,DP eps=8,modified_entropy,0.012252798573828645,0.01125
2,DP eps=8,modified_entropy,0.013111339374215644,0.011666666666666667
2,DP eps=8,modified_entropy,0.014030037231905735,0.013333333333333334
2,DP eps=8,modified_entropy,0.015013107289081735,0.014166666666666666
2,DP eps=8,modified_entropy,0.01606506003853728,0.015
2,DP eps=8,modified_entropy,0.017190722018585746,0.015
2,DP eps=8,modified_entropy,0.01839525795803971,0.016666666666666666
2,DP eps=8,modified_entropy,0.019684194472866123,0.017916666666666668
2,DP eps=8,modified_entropy,0.02106344542324121,0.019583333333333335
2,DP eps=8,modified_entropy,0.022539339047347912,0.022916666666666665
2,DP eps=8,modified_entropy,0.024118646996409972,0.025416666666666667
2,DP eps=8,modified_entropy,0.02580861540418074,0.0275
2,DP eps=8,modified_entropy,0.02761699813343848,0.03125
2,DP eps=8,modified_entropy,0.029552092352028863,0.032916666666666664
2,DP eps=8,modified_entropy,0.03162277660168379,0.03625
2,DP eps=8,modified_entropy,0.033838551534282335,0.03875
2,DP eps=8,modified_entropy,0.03620958350245917,0.04
2,DP eps=8,modified_entropy,0.03874675120456132,0.042916666666666665
2,DP eps=8,modified_entropy,0.04146169559796819,0.045
2,DP eps=8,modified_entropy,0.044366873309786115,0.04708333333333333
2,DP eps=8,modified_entropy,0.047475613789974204,0.049166666666666664
2,DP eps=8,modified_entropy,0.05080218046913023,0.051666666666666666
2,DP eps=8,modified_entropy,0.05436183620153837,0.05375
2,DP eps=8,modified_entropy,0.058170913293743576,0.060833333333333336
2,DP eps=8,modified_entropy,0.0622468884399544,0.06291666666666666
2,DP eps=8,modified_entropy,0.06660846290809161,0.06458333333333334
2,DP eps=8,modified_entropy,0.07127564834438914,0.06708333333333333
2,DP eps=8,modified_entropy,0.07626985859023444,0.0725
2,DP eps=8,modified_entropy,0.08161400793251826,0.07666666666666666
2,DP eps=8,modified_entropy,0.08733261623828428,0.08416666666666667
2,DP eps=8,modified_entropy,0.09345192145605374,0.09041666666666667
2,DP eps=8,modified_entropy,0.1,0.09875
2,DP eps=8,modified_entropy,0.10700689556931746,0.10416666666666667
2,DP eps=8,modified_entropy,0.11450475699382812,0.11041666666666666
2,DP eps=8,modified_entropy,0.12252798573828651,0.11666666666666667
2,DP eps=8,modified_entropy,0.13111339374215644,0.13041666666666665
2,DP eps=8,modified_entropy,0.14030037231905734,0.1375
2,DP eps=8,modified_entropy,0.15013107289081729,0.14583333333333334
2,DP eps=8,modified_entropy,0.16065060038537288,0.15916666666666668
2,DP eps=8,modified_entropy,0.17190722018585747,0.16833333333333333
2,DP eps=8,modified_entropy,0.18395257958039712,0.18458333333333332
2,DP eps=8,modified_entropy,0.19684194472866112,0.19333333333333333
2,DP eps=8,modified_entropy,0.210634454232412,0.21166666666666667
2,DP eps=8,modified_entropy,0.22539339047347912,0.22875
2,DP eps=8,modified_entropy,0.24118646996409973,0.23583333333333334
2,DP eps=8,modified_entropy,0.2580861540418074,0.24916666666666668
2,DP eps=8,modified_entropy,0.27616998133438464,0.27
2,DP eps=8,modified_entropy,0.2955209235202888,0.2945833333333333
2,DP eps=8,modified_entropy,0.31622776601683794,0.3175
2,DP eps=8,modified_entropy,0.33838551534282335,0.3383333333333333
2,DP eps=8,modified_entropy,0.36209583502459164,0.3570833333333333
2,DP eps=8,modified_entropy,0.3874675120456132,0.38916666666666666
2,DP eps=8,modified_entropy,0.4146169559796819,0.4166666666666667
2,DP eps=8,modified_entropy,0.44366873309786115,0.45125
2,DP eps=8,modified_entropy,0.474756137899742,0.48041666666666666
2,DP eps=8,modified_entropy,0.5080218046913023,0.5129166666666667
2,DP eps=8,modified_entropy,0.5436183620153837,0.54875
2,DP eps=8,modified_entropy,0.5817091329374358,0.5920833333333333
2,DP eps=8,modified_entropy,0.622468884399544,0.625
2,DP eps=8,modified_entropy,0.6660846290809154,0.6625
2,DP eps=8,modified_entropy,0.7127564834438914,0.7079166666666666
2,DP eps=8,modified_entropy,0.7626985859023444,0.75875
2,DP eps=8,modified_entropy,0.8161400793251826,0.81875
2,DP eps=8,modified_entropy,0.8733261623828429,0.87
2,DP eps=8,modified_entropy,0.9345192145605374,0.9329166666666666
2,DP eps=8,modified_entropy,1.0,1.0
2,DP eps=8,class_calibrated_loss,0.00031622776601683794,0.0
2,DP eps=8,class_calibrated_loss,0.00033838551534282334,0.00125
2,DP eps=8,class_calibrated_loss,0.0003620958350245917,0.00125
2,DP eps=8,class_calibrated_loss,0.0003874675120456132,0.00125
2,DP eps=8,class_calibrated_loss,0.0004146169559796819,0.00125
2,DP eps=8,class_calibrated_loss,0.0004436687330978611,0.00125
2,DP eps=8,class_calibrated_loss,0.00047475613789974203,0.00125
2,DP eps=8,class_calibrated_loss,0.0005080218046913023,0.00125
2,DP eps=8,class_calibrated_loss,0.0005436183620153838,0.00125
2,DP eps=8,class_calibrated_loss,0.0005817091329374358,0.00125
2,DP eps=8,class_calibrated_loss,0.000622468884399544,0.00125
2,DP eps=8,class_calibrated_loss,0.0006660846290809161,0.00125
2,DP eps=8,class_calibrated_loss,0.0007127564834438914,0.0020833333333333333
2,DP eps=8,class_calibrated_loss,0.0007626985859023443,0.0020833333333333333
2,DP eps=8,class_calibrated_loss,0.0008161400793251826,0.0020833333333333333
2,DP eps=8,class_calibrated_loss,0.0008733261623828437,0.0020833333333333333
2,DP eps=8,class_calibrated_loss,0.0009345192145605374,0.0020833333333333333
2,DP eps=8,class_calibrated_loss,0.001,0.0025
2,DP eps=8,class_calibrated_loss,0.0010700689556931745,0.0025
2,DP eps=8,class_calibrated_loss,0.0011450475699382812,0.0025
2,DP eps=8,class_calibrated_loss,0.0012252798573828651,0.0025
2,DP eps=8,class_calibrated_loss,0.0013111339374215643,0.0025
2,DP eps=8,class_calibrated_loss,0.0014030037231905735,0.0025
2,DP eps=8,class_calibrated_loss,0.0015013107289081743,0.0025
2,DP eps=8,class_calibrated_loss,0.0016065060038537287,0.0025
2,DP eps=8,class_calibrated_loss,0.0017190722018585747,0.0025
2,DP eps=8,class_calibrated_loss,0.0018395257958039712,0.0025
2,DP eps=8,class_calibrated_loss,0.0019684194472866113,0.0025
2,DP eps=8,class_calibrated_loss,0.00210634454232412,0.0025
2,DP eps=8,class_calibrated_loss,0.002253933904734791,0.0025
2,DP eps=8,class_calibrated_loss,0.002411864699640997,0.0025
2,DP eps=8,class_calibrated_loss,0.0025808615404180743,0.0025
2,DP eps=8,class_calibrated_loss,0.002761699813343849,0.002916666666666667
2,DP eps=8,class_calibrated_loss,0.002955209235202888,0.002916666666666667
2,DP eps=8,class_calibrated_loss,0.0031622776601683794,0.0033333333333333335
2,DP eps=8,class_calibrated_loss,0.003383855153428233,0.00375
2,DP eps=8,class_calibrated_loss,0.0036209583502459165,0.00375
2,DP eps=8,class_calibrated_loss,0.0038746751204561283,0.00375
2,DP eps=8,class_calibrated_loss,0.004146169559796819,0.00375
2,DP eps=8,class_calibrated_loss,0.004436687330978612,0.00375
2,DP eps=8,class_calibrated_loss,0.004747561378997425,0.00375
2,DP eps=8,class_calibrated_loss,0.005080218046913023,0.00375
2,DP eps=8,class_calibrated_loss,0.005436183620153837,0.004166666666666667
2,DP eps=8,class_calibrated_loss,0.005817091329374358,0.004583333333333333
2,DP eps=8,class_calibrated_loss,0.006224688843995439,0.005416666666666667
2,DP eps=8,class_calibrated_loss,0.006660846290809154,0.005833333333333334
2,DP eps=8,class_calibrated_loss,0.007127564834438914,0.007916666666666667
2,DP eps=8,class_calibrated_loss,0.007626985859023444,0.008333333333333333
2,DP eps=8,class_calibrated_loss,0.008161400793251826,0.009166666666666667
2,DP eps=8,class_calibrated_loss,0.008733261623828438,0.009166666666666667
2,DP eps=8,class_calibrated_loss,0.009345192145605374,0.009583333333333333
2,DP eps=8,class_calibrated_loss,0.01,0.009583333333333333
2,DP eps=8,class_calibrated_loss,0.010700689556931747,0.01
2,DP eps=8,class_calibrated_loss,0.011450475699382817,0.010416666666666666
2,DP eps=8,class_calibrated_loss,0.012252798573828645,0.010416666666666666
2,DP eps=8,class_calibrated_loss,0.013111339374215644,0.012083333333333333
2,DP eps=8,class_calibrated_loss,0.014030037231905735,0.012916666666666667
2,DP eps=8,class_calibrated_loss,0.015013107289081735,0.012916666666666667
2,DP eps=8,class_calibrated_loss,0.01606506003853728,0.01375
2,DP eps=8,class_calibrated_loss,0.017190722018585746,0.015416666666666667
2,DP eps=8,class_calibrated_loss,0.01839525795803971,0.015416666666666667
2,DP eps=8,class_calibrated_loss,0.019684194472866123,0.015416666666666667
2,DP eps=8,class_calibrated_loss,0.02106344542324121,0.015833333333333335
2,DP eps=8,class_calibrated_loss,0.022539339047347912,0.018333333333333333
2,DP eps=8,class_calibrated_loss,0.024118646996409972,0.019166666666666665
2,DP eps=8,class_calibrated_loss,0.02580861540418074,0.022083333333333333
2,DP eps=8,class_calibrated_loss,0.02761699813343848,0.022083333333333333
2,DP eps=8,class_calibrated_loss,0.029552092352028863,0.023333333333333334
2,DP eps=8,class_calibrated_loss,0.03162277660168379,0.024166666666666666
2,DP eps=8,class_calibrated_loss,0.033838551534282335,0.025833333333333333
2,DP eps=8,class_calibrated_loss,0.03620958350245917,0.027916666666666666
2,DP eps=8,class_calibrated_loss,0.03874675120456132,0.029583333333333333
2,DP eps=8,class_calibrated_loss,0.04146169559796819,0.03333333333333333
2,DP eps=8,class_calibrated_loss,0.044366873309786115,0.037083333333333336
2,DP eps=8,class_calibrated_loss,0.047475613789974204,0.03875
2,DP eps=8,class_calibrated_loss,0.05080218046913023,0.04416666666666667
2,DP eps=8,class_calibrated_loss,0.05436183620153837,0.04666666666666667
2,DP eps=8,class_calibrated_loss,0.058170913293743576,0.05
2,DP eps=8,class_calibrated_loss,0.0622468884399544,0.0525
2,DP eps=8,class_calibrated_loss,0.06660846290809161,0.05875
2,DP eps=8,class_calibrated_loss,0.07127564834438914,0.06333333333333334
2,DP eps=8,class_calibrated_loss,0.07626985859023444,0.07375
2,DP eps=8,class_calibrated_loss,0.08161400793251826,0.0775
2,DP eps=8,class_calibrated_loss,0.08733261623828428,0.08791666666666667
2,DP eps=8,class_calibrated_loss,0.09345192145605374,0.09458333333333334
2,DP eps=8,class_calibrated_loss,0.1,0.10416666666666667
2,DP eps=8,class_calibrated_loss,0.10700689556931746,0.11125
2,DP eps=8,class_calibrated_loss,0.11450475699382812,0.12291666666666666
2,DP eps=8,class_calibrated_loss,0.12252798573828651,0.12708333333333333
2,DP eps=8,class_calibrated_loss,0.13111339374215644,0.13291666666666666
2,DP eps=8,class_calibrated_loss,0.14030037231905734,0.14
2,DP eps=8,class_calibrated_loss,0.15013107289081729,0.14791666666666667
2,DP eps=8,class_calibrated_loss,0.16065060038537288,0.15958333333333333
2,DP eps=8,class_calibrated_loss,0.17190722018585747,0.16583333333333333
2,DP eps=8,class_calibrated_loss,0.18395257958039712,0.17708333333333334
2,DP eps=8,class_calibrated_loss,0.19684194472866112,0.1925
2,DP eps=8,class_calibrated_loss,0.210634454232412,0.20541666666666666
2,DP eps=8,class_calibrated_loss,0.22539339047347912,0.22625
2,DP eps=8,class_calibrated_loss,0.24118646996409973,0.23916666666666667
2,DP eps=8,class_calibrated_loss,0.2580861540418074,0.25708333333333333
2,DP eps=8,class_calibrated_loss,0.27616998133438464,0.2733333333333333
2,DP eps=8,class_calibrated_loss,0.2955209235202888,0.28981782106702764
2,DP eps=8,class_calibrated_loss,0.31622776601683794,0.30875
2,DP eps=8,class_calibrated_loss,0.33838551534282335,0.335
2,DP eps=8,class_calibrated_loss,0.36209583502459164,0.35833333333333334
2,DP eps=8,class_calibrated_loss,0.3874675120456132,0.38458333333333333
2,DP eps=8,class_calibrated_loss,0.4146169559796819,0.40375
2,DP eps=8,class_calibrated_loss,0.44366873309786115,0.44458333333333333
2,DP eps=8,class_calibrated_loss,0.474756137899742,0.47333333333333333
2,DP eps=8,class_calibrated_loss,0.5080218046913023,0.50875
2,DP eps=8,class_calibrated_loss,0.5436183620153837,0.5475
2,DP eps=8,class_calibrated_loss,0.5817091329374358,0.5879166666666666
2,DP eps=8,class_calibrated_loss,0.622468884399544,0.6233333333333333
2,DP eps=8,class_calibrated_loss,0.6660846290809154,0.6670833333333334
2,DP eps=8,class_calibrated_loss,0.7127564834438914,0.7254166666666667
2,DP eps=8,class_calibrated_loss,0.7626985859023444,0.7683333333333333
2,DP eps=8,class_calibrated_loss,0.8161400793251826,0.8183333333333334
2,DP eps=8,class_calibrated_loss,0.8733261623828429,0.8704166666666666
2,DP eps=8,class_calibrated_loss,0.9345192145605374,0.9275
2,DP eps=8,class_calibrated_loss,1.0,1.0
2,DP eps=8,learned_ensemble,0.00031622776601683794,0.00031622776601683794
2,DP eps=8,learned_ensemble,0.00033838551534282334,0.00033838551534282334
2,DP eps=8,learned_ensemble,0.0003620958350245917,0.0003620958350245917
2,DP eps=8,learned_ensemble,0.0003874675120456132,0.0003874675120456132
2,DP eps=8,learned_ensemble,0.0004146169559796819,0.0004146169559796819
2,DP eps=8,learned_ensemble,0.0004436687330978611,0.0004436687330978611
2,DP eps=8,learned_ensemble,0.00047475613789974203,0.00047475613789974203
2,DP eps=8,learned_ensemble,0.0005080218046913023,0.0005080218046913023
2,DP eps=8,learned_ensemble,0.0005436183620153838,0.0005436183620153838
2,DP eps=8,learned_ensemble,0.0005817091329374358,0.0005817091329374358
2,DP eps=8,learned_ensemble,0.000622468884399544,0.000622468884399544
2,DP eps=8,learned_ensemble,0.0006660846290809161,0.0006660846290809161
2,DP eps=8,learned_ensemble,0.0007127564834438914,0.0007127564834438914
2,DP eps=8,learned_ensemble,0.0007626985859023443,0.0007626985859023443
2,DP eps=8,learned_ensemble,0.0008161400793251826,0.0008161400793251826
2,DP eps=8,learned_ensemble,0.0008733261623828437,0.0008733261623828437
2,DP eps=8,learned_ensemble,0.0009345192145605374,0.0009345192145605374
2,DP eps=8,learned_ensemble,0.001,0.001
2,DP eps=8,learned_ensemble,0.0010700689556931745,0.0010700689556931745
2,DP eps=8,learned_ensemble,0.0011450475699382812,0.0011450475699382812
2,DP eps=8,learned_ensemble,0.0012252798573828651,0.0012252798573828651
2,DP eps=8,learned_ensemble,0.0013111339374215643,0.0013111339374215643
2,DP eps=8,learned_ensemble,0.0014030037231905735,0.0014030037231905735
2,DP eps=8,learned_ensemble,0.0015013107289081743,0.0015013107289081743
2,DP eps=8,learned_ensemble,0.0016065060038537287,0.0016065060038537287
2,DP eps=8,learned_ensemble,0.0017190722018585747,0.0016947410605194747
2,DP eps=8,learned_ensemble,0.0018395257958039712,0.0017592697715616513
2,DP eps=8,learned_ensemble,0.0019684194472866113,0.0018283199419987799
2,DP eps=8,learned_ensemble,0.00210634454232412,0.001902208385768874
2,DP eps=8,learned_ensemble,0.002253933904734791,0.0019812741156317332
2,DP eps=8,learned_ensemble,0.002411864699640997,0.002065879898617201
2,DP eps=8,learned_ensemble,0.0025808615404180743,0.0021564139204620636
2,DP eps=8,learned_ensemble,0.002761699813343849,0.0022532915666723004
2,DP eps=8,learned_ensemble,0.002955209235202888,0.0023569573283825
2,DP eps=8,learned_ensemble,0.0031622776601683794,0.0024678868417568702
2,DP eps=8,learned_ensemble,0.003383855153428233,0.0025865890702889346
2,DP eps=8,learned_ensemble,0.0036209583502459165,0.002713608640012694
2,DP eps=8,learned_ensemble,0.0038746751204561283,0.002849528338339593
2,DP eps=8,learned_ensemble,0.004146169559796819,0.003698757232825381
2,DP eps=8,learned_ensemble,0.004436687330978612,0.004198964790930816
2,DP eps=8,learned_ensemble,0.004747561378997425,0.004296112930936695
2,DP eps=8,learned_ensemble,0.005080218046913023,0.00440006813966032
2,DP eps=8,learned_ensemble,0.005436183620153837,0.004511307381298074
2,DP eps=8,learned_ensemble,0.005817091329374358,0.0047086872189230754
2,DP eps=8,learned_ensemble,0.006224688843995439,0.005048351814440644
2,DP eps=8,learned_ensemble,0.006660846290809154,0.005411816353452073
2,DP eps=8,learned_ensemble,0.007127564834438914,0.007568338304163704
2,DP eps=8,learned_ensemble,0.007626985859023444,0.007835885281619702
2,DP eps=8,learned_ensemble,0.008161400793251826,0.008122178996384908
2,DP eps=8,learned_ensemble,0.008733261623828438,0.008428533012765235
2,DP eps=8,learned_ensemble,0.009345192145605374,0.008757411757670025
2,DP eps=8,learned_ensemble,0.01,0.009166666666666667
2,DP eps=8,learned_ensemble,0.010700689556931747,0.010501723892329366
2,DP eps=8,learned_ensemble,0.011450475699382817,0.012376189248457042
2,DP eps=8,learned_ensemble,0.012252798573828645,0.013125999490653087
2,DP eps=8,learned_ensemble,0.013111339374215644,0.013432621205077015
2,DP eps=8,learned_ensemble,0.014030037231905735,0.013862639619646504
2,DP eps=8,learned_ensemble,0.015013107289081735,0.01625
2,DP eps=8,learned_ensemble,0.01606506003853728,0.0162906625240858
2,DP eps=8,learned_ensemble,0.017190722018585746,0.01699420126161609
2,DP eps=8,learned_ensemble,0.01839525795803971,0.018798378613051857
2,DP eps=8,learned_ensemble,0.019684194472866123,0.019805360265259992
2,DP eps=8,learned_ensemble,0.02106344542324121,0.020833333333333332
2,DP eps=8,learned_ensemble,0.022539339047347912,0.022340840475851557
2,DP eps=8,learned_ensemble,0.024118646996409972,0.02463276958183749
2,DP eps=8,learned_ensemble,0.02580861540418074,0.025577582431557673
2,DP eps=8,learned_ensemble,0.02761699813343848,0.026843957166732383
2,DP eps=8,learned_ensemble,0.029552092352028863,0.029166666666666667
2,DP eps=8,learned_ensemble,0.03162277660168379,0.03208333333333333
2,DP eps=8,learned_ensemble,0.033838551534282335,0.03432780873005636
2,DP eps=8,learned_ensemble,0.03620958350245917,0.0382173178668888
2,DP eps=8,learned_ensemble,0.03874675120456132,0.04193796524708923
2,DP eps=8,learned_ensemble,0.04146169559796819,0.044714612922164436
2,DP eps=8,learned_ensemble,0.044366873309786115,0.04768581740016004
2,DP eps=8,learned_ensemble,0.047475613789974204,0.04867039463471148
2,DP eps=8,learned_ensemble,0.05080218046913023,0.05491984651748158
2,DP eps=8,learned_ensemble,0.05436183620153837,0.05999809598239636
2,DP eps=8,learned_ensemble,0.058170913293743576,0.06402692752222879
2,DP eps=8,learned_ensemble,0.0622468884399544,0.06726007529843821
2,DP eps=8,learned_ensemble,0.06660846290809161,0.07172077645903309
2,DP eps=8,learned_ensemble,0.07127564834438914,0.076970732266063
2,DP eps=8,learned_ensemble,0.07626985859023444,0.08221019390790964
2,DP eps=8,learned_ensemble,0.08161400793251826,0.08781677915539489
2,DP eps=8,learned_ensemble,0.08733261623828428,0.0938162119761762
2,DP eps=8,learned_ensemble,0.09345192145605374,0.10348156848673384
2,DP eps=8,learned_ensemble,0.1,0.10854166666666668
2,DP eps=8,learned_ensemble,0.10700689556931746,0.11511063126290179
2,DP eps=8,learned_ensemble,0.11450475699382812,0.124902374199847
2,DP eps=8,learned_ensemble,0.12252798573828651,0.13768553178603307
2,DP eps=8,learned_ensemble,0.13111339374215644,0.14283418931997532
2,DP eps=8,learned_ensemble,0.14030037231905734,0.151208798732155
2,DP eps=8,learned_ensemble,0.15013107289081729,0.1598033579031094
2,DP eps=8,learned_ensemble,0.16065060038537288,0.16997991714838276
2,DP eps=8,learned_ensemble,0.17190722018585747,0.18459708180605977
2,DP eps=8,learned_ensemble,0.18395257958039712,0.20006773197251337
2,DP eps=8,learned_ensemble,0.19684194472866112,0.2107362943418535
2,DP eps=8,learned_ensemble,0.210634454232412,0.2215925238048535
2,DP eps=8,learned_ensemble,0.22539339047347912,0.2357285179318496
2,DP eps=8,learned_ensemble,0.24118646996409973,0.24955841575899235
2,DP eps=8,learned_ensemble,0.2580861540418074,0.26557222930036856
2,DP eps=8,learned_ensemble,0.27616998133438464,0.28254953518003
2,DP eps=8,learned_ensemble,0.2955209235202888,0.30034120723111957
2,DP eps=8,learned_ensemble,0.31622776601683794,0.32069173320964534
2,DP eps=8,learned_ensemble,0.33838551534282335,0.3419710208846851
2,DP eps=8,learned_ensemble,0.36209583502459164,0.3611520850537513
2,DP eps=8,learned_ensemble,0.3874675120456132,0.38696120478203183
2,DP eps=8,learned_ensemble,0.4146169559796819,0.4145851077479914
2,DP eps=8,learned_ensemble,0.44366873309786115,0.44415283172755904
2,DP eps=8,learned_ensemble,0.474756137899742,0.4722578199012062
2,DP eps=8,learned_ensemble,0.5080218046913023,0.5052298921009769
2,DP eps=8,learned_ensemble,0.5436183620153837,0.5402803673864466
2,DP eps=8,learned_ensemble,0.5817091329374358,0.574285541281127
2,DP eps=8,learned_ensemble,0.622468884399544,0.6205761258257485
2,DP eps=8,learned_ensemble,0.6660846290809154,0.6710112703270086
2,DP eps=8,learned_ensemble,0.7127564834438914,0.7144931318385427
2,DP eps=8,learned_ensemble,0.7626985859023444,0.7618074856100324
2,DP eps=8,learned_ensemble,0.8161400793251826,0.8146796378693965
2,DP eps=8,learned_ensemble,0.8733261623828429,0.8727014068470641
2,DP eps=8,learned_ensemble,0.9345192145605374,0.9373617636505038
2,DP eps=8,learned_ensemble,1.0,1.0
2,DP eps=3,confidence,0.00031622776601683794,0.00125
2,DP eps=3,confidence,0.00033838551534282334,0.0016666666666666668
2,DP eps=3,confidence,0.0003620958350245917,0.0016666666666666668
2,DP eps=3,confidence,0.0003874675120456132,0.0016666666666666668
2,DP eps=3,confidence,0.0004146169559796819,0.0016666666666666668
2,DP eps=3,confidence,0.0004436687330978611,0.0016666666666666668
2,DP eps=3,confidence,0.00047475613789974203,0.0016666666666666668
2,DP eps=3,confidence,0.0005080218046913023,0.0016666666666666668
2,DP eps=3,confidence,0.0005436183620153838,0.0016666666666666668
2,DP eps=3,confidence,0.0005817091329374358,0.0016666666666666668
2,DP eps=3,confidence,0.000622468884399544,0.0016666666666666668
2,DP eps=3,confidence,0.0006660846290809161,0.0016666666666666668
2,DP eps=3,confidence,0.0007127564834438914,0.0016666666666666668
2,DP eps=3,confidence,0.0007626985859023443,0.0016666666666666668
2,DP eps=3,confidence,0.0008161400793251826,0.0016666666666666668
2,DP eps=3,confidence,0.0008733261623828437,0.0016666666666666668
2,DP eps=3,confidence,0.0009345192145605374,0.0016666666666666668
2,DP eps=3,confidence,0.001,0.0020833333333333333
2,DP eps=3,confidence,0.0010700689556931745,0.0020833333333333333
2,DP eps=3,confidence,0.0011450475699382812,0.0020833333333333333
2,DP eps=3,confidence,0.0012252798573828651,0.0020833333333333333
2,DP eps=3,confidence,0.0013111339374215643,0.0020833333333333333
2,DP eps=3,confidence,0.0014030037231905735,0.00375
2,DP eps=3,confidence,0.0015013107289081743,0.00375
2,DP eps=3,confidence,0.0016065060038537287,0.00375
2,DP eps=3,confidence,0.0017190722018585747,0.00375
2,DP eps=3,confidence,0.0018395257958039712,0.00375
2,DP eps=3,confidence,0.0019684194472866113,0.00375
2,DP eps=3,confidence,0.00210634454232412,0.00375
2,DP eps=3,confidence,0.002253933904734791,0.00375
2,DP eps=3,confidence,0.002411864699640997,0.004583333333333333
2,DP eps=3,confidence,0.0025808615404180743,0.004583333333333333
2,DP eps=3,confidence,0.002761699813343849,0.004583333333333333
2,DP eps=3,confidence,0.002955209235202888,0.004583333333333333
2,DP eps=3,confidence,0.0031622776601683794,0.005
2,DP eps=3,confidence,0.003383855153428233,0.005
2,DP eps=3,confidence,0.0036209583502459165,0.005
2,DP eps=3,confidence,0.0038746751204561283,0.005416666666666667
2,DP eps=3,confidence,0.004146169559796819,0.005833333333333334
2,DP eps=3,confidence,0.004436687330978612,0.005833333333333334
2,DP eps=3,confidence,0.004747561378997425,0.005833333333333334
2,DP eps=3,confidence,0.005080218046913023,0.005833333333333334
2,DP eps=3,confidence,0.005436183620153837,0.006666666666666667
2,DP eps=3,confidence,0.005817091329374358,0.006666666666666667
2,DP eps=3,confidence,0.006224688843995439,0.006666666666666667
2,DP eps=3,confidence,0.006660846290809154,0.006666666666666667
2,DP eps=3,confidence,0.007127564834438914,0.0075
2,DP eps=3,confidence,0.007626985859023444,0.0075
2,DP eps=3,confidence,0.008161400793251826,0.0075
2,DP eps=3,confidence,0.008733261623828438,0.007916666666666667
2,DP eps=3,confidence,0.009345192145605374,0.00875
2,DP eps=3,confidence,0.01,0.009166666666666667
2,DP eps=3,confidence,0.010700689556931747,0.009166666666666667
2,DP eps=3,confidence,0.011450475699382817,0.01
2,DP eps=3,confidence,0.012252798573828645,0.01125
2,DP eps=3,confidence,0.013111339374215644,0.0125
2,DP eps=3,confidence,0.014030037231905735,0.013333333333333334
2,DP eps=3,confidence,0.015013107289081735,0.015
2,DP eps=3,confidence,0.01606506003853728,0.015
2,DP eps=3,confidence,0.017190722018585746,0.015
2,DP eps=3,confidence,0.01839525795803971,0.017083333333333332
2,DP eps=3,confidence,0.019684194472866123,0.017916666666666668
2,DP eps=3,confidence,0.02106344542324121,0.020833333333333332
2,DP eps=3,confidence,0.022539339047347912,0.0225
2,DP eps=3,confidence,0.024118646996409972,0.022916666666666665
2,DP eps=3,confidence,0.02580861540418074,0.024583333333333332
2,DP eps=3,confidence,0.02761699813343848,0.02666666666666667
2,DP eps=3,confidence,0.029552092352028863,0.02875
2,DP eps=3,confidence,0.03162277660168379,0.034583333333333334
2,DP eps=3,confidence,0.033838551534282335,0.037083333333333336
2,DP eps=3,confidence,0.03620958350245917,0.03875
2,DP eps=3,confidence,0.03874675120456132,0.041666666666666664
2,DP eps=3,confidence,0.04146169559796819,0.043333333333333335
2,DP eps=3,confidence,0.044366873309786115,0.04416666666666667
2,DP eps=3,confidence,0.047475613789974204,0.04833333333333333
2,DP eps=3,confidence,0.05080218046913023,0.05416666666666667
2,DP eps=3,confidence,0.05436183620153837,0.056666666666666664
2,DP eps=3,confidence,0.058170913293743576,0.05875
2,DP eps=3,confidence,0.0622468884399544,0.06
2,DP eps=3,confidence,0.06660846290809161,0.065
2,DP eps=3,confidence,0.07127564834438914,0.06916666666666667
2,DP eps=3,confidence,0.07626985859023444,0.07166666666666667
2,DP eps=3,confidence,0.08161400793251826,0.0775
2,DP eps=3,confidence,0.08733261623828428,0.08291666666666667
2,DP eps=3,confidence,0.09345192145605374,0.08541666666666667
2,DP eps=3,confidence,0.1,0.09125
2,DP eps=3,confidence,0.10700689556931746,0.1
2,DP eps=3,confidence,0.11450475699382812,0.10708333333333334
2,DP eps=3,confidence,0.12252798573828651,0.12083333333333333
2,DP eps=3,confidence,0.13111339374215644,0.12916666666666668
2,DP eps=3,confidence,0.14030037231905734,0.13791666666666666
2,DP eps=3,confidence,0.15013107289081729,0.15083333333333335
2,DP eps=3,confidence,0.16065060038537288,0.16333333333333333
2,DP eps=3,confidence,0.17190722018585747,0.1725
2,DP eps=3,confidence,0.18395257958039712,0.18541666666666667
2,DP eps=3,confidence,0.19684194472866112,0.19791666666666666
2,DP eps=3,confidence,0.210634454232412,0.21375
2,DP eps=3,confidence,0.22539339047347912,0.22416666666666665
2,DP eps=3,confidence,0.24118646996409973,0.23958333333333334
2,DP eps=3,confidence,0.2580861540418074,0.25583333333333336
2,DP eps=3,confidence,0.27616998133438464,0.2679166666666667
2,DP eps=3,confidence,0.2955209235202888,0.28791666666666665
2,DP eps=3,confidence,0.31622776601683794,0.3095833333333333
2,DP eps=3,confidence,0.33838551534282335,0.34291666666666665
2,DP eps=3,confidence,0.36209583502459164,0.36541666666666667
2,DP eps=3,confidence,0.3874675120456132,0.39125
2,DP eps=3,confidence,0.4146169559796819,0.415
2,DP eps=3,confidence,0.44366873309786115,0.4479166666666667
2,DP eps=3,confidence,0.474756137899742,0.4795833333333333
2,DP eps=3,confidence,0.5080218046913023,0.5129166666666667
2,DP eps=3,confidence,0.5436183620153837,0.5466666666666666
2,DP eps=3,confidence,0.5817091329374358,0.5870833333333333
2,DP eps=3,confidence,0.622468884399544,0.6241666666666666
2,DP eps=3,confidence,0.6660846290809154,0.6766666666666666
2,DP eps=3,confidence,0.7127564834438914,0.7225
2,DP eps=3,confidence,0.7626985859023444,0.7708333333333334
2,DP eps=3,confidence,0.8161400793251826,0.8116666666666666
2,DP eps=3,confidence,0.8733261623828429,0.8804166666666666
2,DP eps=3,confidence,0.9345192145605374,0.9425
2,DP eps=3,confidence,1.0,1.0
2,DP eps=3,neg_entropy,0.00031622776601683794,0.00125
2,DP eps=3,neg_entropy,0.00033838551534282334,0.0016666666666666668
2,DP eps=3,neg_entropy,0.0003620958350245917,0.0016666666666666668
2,DP eps=3,neg_entropy,0.0003874675120456132,0.0016666666666666668
2,DP eps=3,neg_entropy,0.0004146169559796819,0.0016666666666666668
2,DP eps=3,neg_entropy,0.0004436687330978611,0.0016666666666666668
2,DP eps=3,neg_entropy,0.00047475613789974203,0.0016666666666666668
2,DP eps=3,neg_entropy,0.0005080218046913023,0.0016666666666666668
2,DP eps=3,neg_entropy,0.0005436183620153838,0.0016666666666666668
2,DP eps=3,neg_entropy,0.0005817091329374358,0.0016666666666666668
2,DP eps=3,neg_entropy,0.000622468884399544,0.0016666666666666668
2,DP eps=3,neg_entropy,0.0006660846290809161,0.0016666666666666668
2,DP eps=3,neg_entropy,0.0007127564834438914,0.0016666666666666668
2,DP eps=3,neg_entropy,0.0007626985859023443,0.0016666666666666668
2,DP eps=3,neg_entropy,0.0008161400793251826,0.0016666666666666668
2,DP eps=3,neg_entropy,0.0008733261623828437,0.0016666666666666668
2,DP eps=3,neg_entropy,0.0009345192145605374,0.0016666666666666668
2,DP eps=3,neg_entropy,0.001,0.0020833333333333333
2,DP eps=3,neg_entropy,0.0010700689556931745,0.0020833333333333333
2,DP eps=3,neg_entropy,0.0011450475699382812,0.0020833333333333333
2,DP eps=3,neg_entropy,0.0012252798573828651,0.0020833333333333333
2,DP eps=3,neg_entropy,0.0013111339374215643,0.0020833333333333333
2,DP eps=3,neg_entropy,0.0014030037231905735,0.00375
2,DP eps=3,neg_entropy,0.0015013107289081743,0.00375
2,DP eps=3,neg_entropy,0.0016065060038537287,0.00375
2,DP eps=3,neg_entropy,0.0017190722018585747,0.00375
2,DP eps=3,neg_entropy,0.0018395257958039712,0.00375
2,DP eps=3,neg_entropy,0.0019684194472866113,0.00375
2,DP eps=3,neg_entropy,0.00210634454232412,0.00375
2,DP eps=3,neg_entropy,0.002253933904734791,0.00375
2,DP eps=3,neg_entropy,0.002411864699640997,0.004583333333333333
2,DP eps=3,neg_entropy,0.0025808615404180743,0.004583333333333333
2,DP eps=3,neg_entropy,0.002761699813343849,0.004583333333333333
2,DP eps=3,neg_entropy,0.002955209235202888,0.004583333333333333
2,DP eps=3,neg_entropy,0.0031622776601683794,0.005
2,DP eps=3,neg_entropy,0.003383855153428233,0.005
2,DP eps=3,neg_entropy,0.0036209583502459165,0.005
2,DP eps=3,neg_entropy,0.0038746751204561283,0.005416666666666667
2,DP eps=3,neg_entropy,0.004146169559796819,0.005833333333333334
2,DP eps=3,neg_entropy,0.004436687330978612,0.005833333333333334
2,DP eps=3,neg_entropy,0.004747561378997425,0.005833333333333334
2,DP eps=3,neg_entropy,0.005080218046913023,0.005833333333333334
2,DP eps=3,neg_entropy,0.005436183620153837,0.006666666666666667
2,DP eps=3,neg_entropy,0.005817091329374358,0.006666666666666667
2,DP eps=3,neg_entropy,0.006224688843995439,0.006666666666666667
2,DP eps=3,neg_entropy,0.006660846290809154,0.006666666666666667
2,DP eps=3,neg_entropy,0.007127564834438914,0.0075
2,DP eps=3,neg_entropy,0.007626985859023444,0.0075
2,DP eps=3,neg_entropy,0.008161400793251826,0.0075
2,DP eps=3,neg_entropy,0.008733261623828438,0.007916666666666667
2,DP eps=3,neg_entropy,0.009345192145605374,0.00875
2,DP eps=3,neg_entropy,0.01,0.009166666666666667
2,DP eps=3,neg_entropy,0.010700689556931747,0.009166666666666667
2,DP eps=3,neg_entropy,0.011450475699382817,0.01
2,DP eps=3,neg_entropy,0.012252798573828645,0.01125
2,DP eps=3,neg_entropy,0.013111339374215644,0.0125
2,DP eps=3,neg_entropy,0.014030037231905735,0.013333333333333334
2,DP eps=3,neg_entropy,0.015013107289081735,0.015
2,DP eps=3,neg_entropy,0.01606506003853728,0.015
2,DP eps=3,neg_entropy,0.017190722018585746,0.015
2,DP eps=3,neg_entropy,0.01839525795803971,0.017083333333333332
2,DP eps=3,neg_entropy,0.019684194472866123,0.017916666666666668
2,DP eps=3,neg_entropy,0.02106344542324121,0.020833333333333332
2,DP eps=3,neg_entropy,0.022539339047347912,0.0225
2,DP eps=3,neg_entropy,0.024118646996409972,0.022916666666666665
2,DP eps=3,neg_entropy,0.02580861540418074,0.024583333333333332
2,DP eps=3,neg_entropy,0.02761699813343848,0.02666666666666667
2,DP eps=3,neg_entropy,0.029552092352028863,0.02875
2,DP eps=3,neg_entropy,0.03162277660168379,0.034583333333333334
2,DP eps=3,neg_entropy,0.033838551534282335,0.037083333333333336
2,DP eps=3,neg_entropy,0.03620958350245917,0.03875
2,DP eps=3,neg_entropy,0.03874675120456132,0.041666666666666664
2,DP eps=3,neg_entropy,0.04146169559796819,0.043333333333333335
2,DP eps=3,neg_entropy,0.044366873309786115,0.04416666666666667
2,DP eps=3,neg_entropy,0.047475613789974204,0.04833333333333333
2,DP eps=3,neg_entropy,0.05080218046913023,0.05416666666666667
2,DP eps=3,neg_entropy,0.05436183620153837,0.056666666666666664
2,DP eps=3,neg_entropy,0.058170913293743576,0.05875
2,DP eps=3,neg_entropy,0.0622468884399544,0.06
2,DP eps=3,neg_entropy,0.06660846290809161,0.065
2,DP eps=3,neg_entropy,0.07127564834438914,0.06916666666666667
2,DP eps=3,neg_entropy,0.07626985859023444,0.07166666666666667
2,DP eps=3,neg_entropy,0.08161400793251826,0.0775
2,DP eps=3,neg_entropy,0.08733261623828428,0.08291666666666667
2,DP eps=3,neg_entropy,0.09345192145605374,0.08541666666666667
2,DP eps=3,neg_entropy,0.1,0.09125
2,DP eps=3,neg_entropy,0.10700689556931746,0.1
2,DP eps=3,neg_entropy,0.11450475699382812,0.10708333333333334
2,DP eps=3,neg_entropy,0.12252798573828651,0.12083333333333333
2,DP eps=3,neg_entropy,0.13111339374215644,0.12916666666666668
2,DP eps=3,neg_entropy,0.14030037231905734,0.13791666666666666
2,DP eps=3,neg_entropy,0.15013107289081729,0.15083333333333335
2,DP eps=3,neg_entropy,0.16065060038537288,0.16333333333333333
2,DP eps=3,neg_entropy,0.17190722018585747,0.1725
2,DP eps=3,neg_entropy,0.18395257958039712,0.18541666666666667
2,DP eps=3,neg_entropy,0.19684194472866112,0.19791666666666666
2,DP eps=3,neg_entropy,0.210634454232412,0.21375
2,DP eps=3,neg_entropy,0.22539339047347912,0.22416666666666665
2,DP eps=3,neg_entropy,0.24118646996409973,0.23958333333333334
2,DP eps=3,neg_entropy,0.2580861540418074,0.25583333333333336
2,DP eps=3,neg_entropy,0.27616998133438464,0.2679166666666667
2,DP eps=3,neg_entropy,0.2955209235202888,0.28791666666666665
2,DP eps=3,neg_entropy,0.31622776601683794,0.3095833333333333
2,DP eps=3,neg_entropy,0.33838551534282335,0.34291666666666665
2,DP eps=3,neg_entropy,0.36209583502459164,0.36541666666666667
2,DP eps=3,neg_entropy,0.3874675120456132,0.39125
2,DP eps=3,neg_entropy,0.4146169559796819,0.415
2,DP eps=3,neg_entropy,0.44366873309786115,0.4479166666666667
2,DP eps=3,neg_entropy,0.474756137899742,0.4795833333333333
2,DP eps=3,neg_entropy,0.5080218046913023,0.5129166666666667
2,DP eps=3,neg_entropy,0.5436183620153837,0.5466666666666666
2,DP eps=3,neg_entropy,0.5817091329374358,0.5870833333333333
2,DP eps=3,neg_entropy,0.622468884399544,0.6241666666666666
2,DP eps=3,neg_entropy,0.6660846290809154,0.6766666666666666
2,DP eps=3,neg_entropy,0.7127564834438914,0.7225
2,DP eps=3,neg_entropy,0.7626985859023444,0.7708333333333334
2,DP eps=3,neg_entropy,0.8161400793251826,0.8116666666666666
2,DP eps=3,neg_entropy,0.8733261623828429,0.8804166666666666
2,DP eps=3,neg_entropy,0.9345192145605374,0.9425
2,DP eps=3,neg_entropy,1.0,1.0
2,DP eps=3,yeom_neg_loss,0.00031622776601683794,0.00125
2,DP eps=3,yeom_neg_loss,0.00033838551534282334,0.0016666666666666668
2,DP eps=3,yeom_neg_loss,0.0003620958350245917,0.0016666666666666668
2,DP eps=3,yeom_neg_loss,0.0003874675120456132,0.0016666666666666668
2,DP eps=3,yeom_neg_loss,0.0004146169559796819,0.0016666666666666668
2,DP eps=3,yeom_neg_loss,0.0004436687330978611,0.0016666666666666668
2,DP eps=3,yeom_neg_loss,0.00047475613789974203,0.0016666666666666668
2,DP eps=3,yeom_neg_loss,0.0005080218046913023,0.0016666666666666668
2,DP eps=3,yeom_neg_loss,0.0005436183620153838,0.0016666666666666668
2,DP eps=3,yeom_neg_loss,0.0005817091329374358,0.0016666666666666668
2,DP eps=3,yeom_neg_loss,0.000622468884399544,0.0016666666666666668
2,DP eps=3,yeom_neg_loss,0.0006660846290809161,0.0016666666666666668
2,DP eps=3,yeom_neg_loss,0.0007127564834438914,0.0016666666666666668
2,DP eps=3,yeom_neg_loss,0.0007626985859023443,0.0016666666666666668
2,DP eps=3,yeom_neg_loss,0.0008161400793251826,0.0016666666666666668
2,DP eps=3,yeom_neg_loss,0.0008733261623828437,0.0016666666666666668
2,DP eps=3,yeom_neg_loss,0.0009345192145605374,0.0016666666666666668
2,DP eps=3,yeom_neg_loss,0.001,0.0020833333333333333
2,DP eps=3,yeom_neg_loss,0.0010700689556931745,0.0020833333333333333
2,DP eps=3,yeom_neg_loss,0.0011450475699382812,0.0020833333333333333
2,DP eps=3,yeom_neg_loss,0.0012252798573828651,0.0020833333333333333
2,DP eps=3,yeom_neg_loss,0.0013111339374215643,0.0020833333333333333
2,DP eps=3,yeom_neg_loss,0.0014030037231905735,0.00375
2,DP eps=3,yeom_neg_loss,0.0015013107289081743,0.00375
2,DP eps=3,yeom_neg_loss,0.0016065060038537287,0.00375
2,DP eps=3,yeom_neg_loss,0.0017190722018585747,0.00375
2,DP eps=3,yeom_neg_loss,0.0018395257958039712,0.00375
2,DP eps=3,yeom_neg_loss,0.0019684194472866113,0.00375
2,DP eps=3,yeom_neg_loss,0.00210634454232412,0.00375
2,DP eps=3,yeom_neg_loss,0.002253933904734791,0.00375
2,DP eps=3,yeom_neg_loss,0.002411864699640997,0.004583333333333333
2,DP eps=3,yeom_neg_loss,0.0025808615404180743,0.004583333333333333
2,DP eps=3,yeom_neg_loss,0.002761699813343849,0.004583333333333333
2,DP eps=3,yeom_neg_loss,0.002955209235202888,0.004583333333333333
2,DP eps=3,yeom_neg_loss,0.0031622776601683794,0.005
2,DP eps=3,yeom_neg_loss,0.003383855153428233,0.005
2,DP eps=3,yeom_neg_loss,0.0036209583502459165,0.005
2,DP eps=3,yeom_neg_loss,0.0038746751204561283,0.005260010567236827
2,DP eps=3,yeom_neg_loss,0.004146169559796819,0.005833333333333334
2,DP eps=3,yeom_neg_loss,0.004436687330978612,0.005833333333333334
2,DP eps=3,yeom_neg_loss,0.004747561378997425,0.005833333333333334
2,DP eps=3,yeom_neg_loss,0.005080218046913023,0.005833333333333334
2,DP eps=3,yeom_neg_loss,0.005436183620153837,0.006666666666666667
2,DP eps=3,yeom_neg_loss,0.005817091329374358,0.006666666666666667
2,DP eps=3,yeom_neg_loss,0.006224688843995439,0.006666666666666667
2,DP eps=3,yeom_neg_loss,0.006660846290809154,0.006666666666666667
2,DP eps=3,yeom_neg_loss,0.007127564834438914,0.007083333333333333
2,DP eps=3,yeom_neg_loss,0.007626985859023444,0.007083333333333333
2,DP eps=3,yeom_neg_loss,0.008161400793251826,0.007083333333333333
2,DP eps=3,yeom_neg_loss,0.008733261623828438,0.0075
2,DP eps=3,yeom_neg_loss,0.009345192145605374,0.008333333333333333
2,DP eps=3,yeom_neg_loss,0.01,0.00875
2,DP eps=3,yeom_neg_loss,0.010700689556931747,0.00875
2,DP eps=3,yeom_neg_loss,0.011450475699382817,0.009583333333333333
2,DP eps=3,yeom_neg_loss,0.012252798573828645,0.010833333333333334
2,DP eps=3,yeom_neg_loss,0.013111339374215644,0.012083333333333333
2,DP eps=3,yeom_neg_loss,0.014030037231905735,0.012916666666666667
2,DP eps=3,yeom_neg_loss,0.015013107289081735,0.014166666666666666
2,DP eps=3,yeom_neg_loss,0.01606506003853728,0.014166666666666666
2,DP eps=3,yeom_neg_loss,0.017190722018585746,0.014583333333333334
2,DP eps=3,yeom_neg_loss,0.01839525795803971,0.01625
2,DP eps=3,yeom_neg_loss,0.019684194472866123,0.017083333333333332
2,DP eps=3,yeom_neg_loss,0.02106344542324121,0.019166666666666665
2,DP eps=3,yeom_neg_loss,0.022539339047347912,0.020833333333333332
2,DP eps=3,yeom_neg_loss,0.024118646996409972,0.021666666666666667
2,DP eps=3,yeom_neg_loss,0.02580861540418074,0.022916666666666665
2,DP eps=3,yeom_neg_loss,0.02761699813343848,0.025833333333333333
2,DP eps=3,yeom_neg_loss,0.029552092352028863,0.02875
2,DP eps=3,yeom_neg_loss,0.03162277660168379,0.034166666666666665
2,DP eps=3,yeom_neg_loss,0.033838551534282335,0.035
2,DP eps=3,yeom_neg_loss,0.03620958350245917,0.03875
2,DP eps=3,yeom_neg_loss,0.03874675120456132,0.04041666666666666
2,DP eps=3,yeom_neg_loss,0.04146169559796819,0.041666666666666664
2,DP eps=3,yeom_neg_loss,0.044366873309786115,0.04375
2,DP eps=3,yeom_neg_loss,0.047475613789974204,0.05125
2,DP eps=3,yeom_neg_loss,0.05080218046913023,0.05291666666666667
2,DP eps=3,yeom_neg_loss,0.05436183620153837,0.05458333333333333
2,DP eps=3,yeom_neg_loss,0.058170913293743576,0.05583333333333333
2,DP eps=3,yeom_neg_loss,0.0622468884399544,0.059583333333333335
2,DP eps=3,yeom_neg_loss,0.06660846290809161,0.06291666666666666
2,DP eps=3,yeom_neg_loss,0.07127564834438914,0.06666666666666667
2,DP eps=3,yeom_neg_loss,0.07626985859023444,0.07208333333333333
2,DP eps=3,yeom_neg_loss,0.08161400793251826,0.0775
2,DP eps=3,yeom_neg_loss,0.08733261623828428,0.08
2,DP eps=3,yeom_neg_loss,0.09345192145605374,0.08416666666666667
2,DP eps=3,yeom_neg_loss,0.1,0.09208333333333334
2,DP eps=3,yeom_neg_loss,0.10700689556931746,0.1
2,DP eps=3,yeom_neg_loss,0.11450475699382812,0.11541666666666667
2,DP eps=3,yeom_neg_loss,0.12252798573828651,0.12166666666666667
2,DP eps=3,yeom_neg_loss,0.13111339374215644,0.13
2,DP eps=3,yeom_neg_loss,0.14030037231905734,0.14125
2,DP eps=3,yeom_neg_loss,0.15013107289081729,0.15375
2,DP eps=3,yeom_neg_loss,0.16065060038537288,0.16125
2,DP eps=3,yeom_neg_loss,0.17190722018585747,0.17333333333333334
2,DP eps=3,yeom_neg_loss,0.18395257958039712,0.18541666666666667
2,DP eps=3,yeom_neg_loss,0.19684194472866112,0.20083333333333334
2,DP eps=3,yeom_neg_loss,0.210634454232412,0.20875
2,DP eps=3,yeom_neg_loss,0.22539339047347912,0.22416666666666665
2,DP eps=3,yeom_neg_loss,0.24118646996409973,0.24
2,DP eps=3,yeom_neg_loss,0.2580861540418074,0.25375
2,DP eps=3,yeom_neg_loss,0.27616998133438464,0.2704166666666667
2,DP eps=3,yeom_neg_loss,0.2955209235202888,0.2920833333333333
2,DP eps=3,yeom_neg_loss,0.31622776601683794,0.32
2,DP eps=3,yeom_neg_loss,0.33838551534282335,0.34458333333333335
2,DP eps=3,yeom_neg_loss,0.36209583502459164,0.3625
2,DP eps=3,yeom_neg_loss,0.3874675120456132,0.3929166666666667
2,DP eps=3,yeom_neg_loss,0.4146169559796819,0.4170833333333333
2,DP eps=3,yeom_neg_loss,0.44366873309786115,0.4454166666666667
2,DP eps=3,yeom_neg_loss,0.474756137899742,0.4741666666666667
2,DP eps=3,yeom_neg_loss,0.5080218046913023,0.5079166666666667
2,DP eps=3,yeom_neg_loss,0.5436183620153837,0.5466666666666666
2,DP eps=3,yeom_neg_loss,0.5817091329374358,0.5904166666666667
2,DP eps=3,yeom_neg_loss,0.622468884399544,0.62875
2,DP eps=3,yeom_neg_loss,0.6660846290809154,0.6658333333333334
2,DP eps=3,yeom_neg_loss,0.7127564834438914,0.7104166666666667
2,DP eps=3,yeom_neg_loss,0.7626985859023444,0.7495833333333334
2,DP eps=3,yeom_neg_loss,0.8161400793251826,0.82
2,DP eps=3,yeom_neg_loss,0.8733261623828429,0.8716666666666667
2,DP eps=3,yeom_neg_loss,0.9345192145605374,0.9304166666666667
2,DP eps=3,yeom_neg_loss,1.0,1.0
2,DP eps=3,modified_entropy,0.00031622776601683794,0.00125
2,DP eps=3,modified_entropy,0.00033838551534282334,0.0016666666666666668
2,DP eps=3,modified_entropy,0.0003620958350245917,0.0016666666666666668
2,DP eps=3,modified_entropy,0.0003874675120456132,0.0016666666666666668
2,DP eps=3,modified_entropy,0.0004146169559796819,0.0016666666666666668
2,DP eps=3,modified_entropy,0.0004436687330978611,0.0016666666666666668
2,DP eps=3,modified_entropy,0.00047475613789974203,0.0016666666666666668
2,DP eps=3,modified_entropy,0.0005080218046913023,0.0016666666666666668
2,DP eps=3,modified_entropy,0.0005436183620153838,0.0016666666666666668
2,DP eps=3,modified_entropy,0.0005817091329374358,0.0016666666666666668
2,DP eps=3,modified_entropy,0.000622468884399544,0.0016666666666666668
2,DP eps=3,modified_entropy,0.0006660846290809161,0.0016666666666666668
2,DP eps=3,modified_entropy,0.0007127564834438914,0.0016666666666666668
2,DP eps=3,modified_entropy,0.0007626985859023443,0.0016666666666666668
2,DP eps=3,modified_entropy,0.0008161400793251826,0.0016666666666666668
2,DP eps=3,modified_entropy,0.0008733261623828437,0.0016666666666666668
2,DP eps=3,modified_entropy,0.0009345192145605374,0.0016666666666666668
2,DP eps=3,modified_entropy,0.001,0.0020833333333333333
2,DP eps=3,modified_entropy,0.0010700689556931745,0.0020833333333333333
2,DP eps=3,modified_entropy,0.0011450475699382812,0.0020833333333333333
2,DP eps=3,modified_entropy,0.0012252798573828651,0.0020833333333333333
2,DP eps=3,modified_entropy,0.0013111339374215643,0.0020833333333333333
2,DP eps=3,modified_entropy,0.0014030037231905735,0.00375
2,DP eps=3,modified_entropy,0.0015013107289081743,0.00375
2,DP eps=3,modified_entropy,0.0016065060038537287,0.00375
2,DP eps=3,modified_entropy,0.0017190722018585747,0.00375
2,DP eps=3,modified_entropy,0.0018395257958039712,0.00375
2,DP eps=3,modified_entropy,0.0019684194472866113,0.00375
2,DP eps=3,modified_entropy,0.00210634454232412,0.00375
2,DP eps=3,modified_entropy,0.002253933904734791,0.00375
2,DP eps=3,modified_entropy,0.002411864699640997,0.004583333333333333
2,DP eps=3,modified_entropy,0.0025808615404180743,0.004583333333333333
2,DP eps=3,modified_entropy,0.002761699813343849,0.004583333333333333
2,DP eps=3,modified_entropy,0.002955209235202888,0.004583333333333333
2,DP eps=3,modified_entropy,0.0031622776601683794,0.005
2,DP eps=3,modified_entropy,0.003383855153428233,0.005
2,DP eps=3,modified_entropy,0.0036209583502459165,0.005
2,DP eps=3,modified_entropy,0.0038746751204561283,0.005416666666666667
2,DP eps=3,modified_entropy,0.004146169559796819,0.005833333333333334
2,DP eps=3,modified_entropy,0.004436687330978612,0.005833333333333334
2,DP eps=3,modified_entropy,0.004747561378997425,0.005833333333333334
2,DP eps=3,modified_entropy,0.005080218046913023,0.005833333333333334
2,DP eps=3,modified_entropy,0.005436183620153837,0.006666666666666667
2,DP eps=3,modified_entropy,0.005817091329374358,0.006666666666666667
2,DP eps=3,modified_entropy,0.006224688843995439,0.006666666666666667
2,DP eps=3,modified_entropy,0.006660846290809154,0.006666666666666667
2,DP eps=3,modified_entropy,0.007127564834438914,0.007083333333333333
2,DP eps=3,modified_entropy,0.007626985859023444,0.007083333333333333
2,DP eps=3,modified_entropy,0.008161400793251826,0.007083333333333333
2,DP eps=3,modified_entropy,0.008733261623828438,0.0075
2,DP eps=3,modified_entropy,0.009345192145605374,0.008333333333333333
2,DP eps=3,modified_entropy,0.01,0.00875
2,DP eps=3,modified_entropy,0.010700689556931747,0.00875
2,DP eps=3,modified_entropy,0.011450475699382817,0.009583333333333333
2,DP eps=3,modified_entropy,0.012252798573828645,0.010833333333333334
2,DP eps=3,modified_entropy,0.013111339374215644,0.012083333333333333
2,DP eps=3,modified_entropy,0.014030037231905735,0.012916666666666667
2,DP eps=3,modified_entropy,0.015013107289081735,0.014166666666666666
2,DP eps=3,modified_entropy,0.01606506003853728,0.014166666666666666
2,DP eps=3,modified_entropy,0.017190722018585746,0.014583333333333334
2,DP eps=3,modified_entropy,0.01839525795803971,0.01625
2,DP eps=3,modified_entropy,0.019684194472866123,0.017083333333333332
2,DP eps=3,modified_entropy,0.02106344542324121,0.019166666666666665
2,DP eps=3,modified_entropy,0.022539339047347912,0.020833333333333332
2,DP eps=3,modified_entropy,0.024118646996409972,0.021666666666666667
2,DP eps=3,modified_entropy,0.02580861540418074,0.022916666666666665
2,DP eps=3,modified_entropy,0.02761699813343848,0.025833333333333333
2,DP eps=3,modified_entropy,0.029552092352028863,0.02875
2,DP eps=3,modified_entropy,0.03162277660168379,0.034166666666666665
2,DP eps=3,modified_entropy,0.033838551534282335,0.035
2,DP eps=3,modified_entropy,0.03620958350245917,0.03875
2,DP eps=3,modified_entropy,0.03874675120456132,0.04041666666666666
2,DP eps=3,modified_entropy,0.04146169559796819,0.041666666666666664
2,DP eps=3,modified_entropy,0.044366873309786115,0.04375
2,DP eps=3,modified_entropy,0.047475613789974204,0.05125
2,DP eps=3,modified_entropy,0.05080218046913023,0.05291666666666667
2,DP eps=3,modified_entropy,0.05436183620153837,0.05458333333333333
2,DP eps=3,modified_entropy,0.058170913293743576,0.05583333333333333
2,DP eps=3,modified_entropy,0.0622468884399544,0.059583333333333335
2,DP eps=3,modified_entropy,0.06660846290809161,0.06291666666666666
2,DP eps=3,modified_entropy,0.07127564834438914,0.06666666666666667
2,DP eps=3,modified_entropy,0.07626985859023444,0.07208333333333333
2,DP eps=3,modified_entropy,0.08161400793251826,0.0775
2,DP eps=3,modified_entropy,0.08733261623828428,0.08
2,DP eps=3,modified_entropy,0.09345192145605374,0.08416666666666667
2,DP eps=3,modified_entropy,0.1,0.09208333333333334
2,DP eps=3,modified_entropy,0.10700689556931746,0.1
2,DP eps=3,modified_entropy,0.11450475699382812,0.11541666666666667
2,DP eps=3,modified_entropy,0.12252798573828651,0.12166666666666667
2,DP eps=3,modified_entropy,0.13111339374215644,0.13
2,DP eps=3,modified_entropy,0.14030037231905734,0.14125
2,DP eps=3,modified_entropy,0.15013107289081729,0.15375
2,DP eps=3,modified_entropy,0.16065060038537288,0.16125
2,DP eps=3,modified_entropy,0.17190722018585747,0.17333333333333334
2,DP eps=3,modified_entropy,0.18395257958039712,0.18541666666666667
2,DP eps=3,modified_entropy,0.19684194472866112,0.20083333333333334
2,DP eps=3,modified_entropy,0.210634454232412,0.20875
2,DP eps=3,modified_entropy,0.22539339047347912,0.22416666666666665
2,DP eps=3,modified_entropy,0.24118646996409973,0.24
2,DP eps=3,modified_entropy,0.2580861540418074,0.25375
2,DP eps=3,modified_entropy,0.27616998133438464,0.2704166666666667
2,DP eps=3,modified_entropy,0.2955209235202888,0.2920833333333333
2,DP eps=3,modified_entropy,0.31622776601683794,0.32
2,DP eps=3,modified_entropy,0.33838551534282335,0.34458333333333335
2,DP eps=3,modified_entropy,0.36209583502459164,0.3625
2,DP eps=3,modified_entropy,0.3874675120456132,0.3929166666666667
2,DP eps=3,modified_entropy,0.4146169559796819,0.4170833333333333
2,DP eps=3,modified_entropy,0.44366873309786115,0.4454166666666667
2,DP eps=3,modified_entropy,0.474756137899742,0.4741666666666667
2,DP eps=3,modified_entropy,0.5080218046913023,0.5079166666666667
2,DP eps=3,modified_entropy,0.5436183620153837,0.5466666666666666
2,DP eps=3,modified_entropy,0.5817091329374358,0.5904166666666667
2,DP eps=3,modified_entropy,0.622468884399544,0.62875
2,DP eps=3,modified_entropy,0.6660846290809154,0.6658333333333334
2,DP eps=3,modified_entropy,0.7127564834438914,0.7104166666666667
2,DP eps=3,modified_entropy,0.7626985859023444,0.7495833333333334
2,DP eps=3,modified_entropy,0.8161400793251826,0.82
2,DP eps=3,modified_entropy,0.8733261623828429,0.8716666666666667
2,DP eps=3,modified_entropy,0.9345192145605374,0.9304166666666667
2,DP eps=3,modified_entropy,1.0,1.0
2,DP eps=3,class_calibrated_loss,0.00031622776601683794,0.0
2,DP eps=3,class_calibrated_loss,0.00033838551534282334,0.0
2,DP eps=3,class_calibrated_loss,0.0003620958350245917,0.0
2,DP eps=3,class_calibrated_loss,0.0003874675120456132,0.0
2,DP eps=3,class_calibrated_loss,0.0004146169559796819,0.0
2,DP eps=3,class_calibrated_loss,0.0004436687330978611,0.0
2,DP eps=3,class_calibrated_loss,0.00047475613789974203,0.0
2,DP eps=3,class_calibrated_loss,0.0005080218046913023,0.0
2,DP eps=3,class_calibrated_loss,0.0005436183620153838,0.0
2,DP eps=3,class_calibrated_loss,0.0005817091329374358,0.0
2,DP eps=3,class_calibrated_loss,0.000622468884399544,0.0
2,DP eps=3,class_calibrated_loss,0.0006660846290809161,0.0
2,DP eps=3,class_calibrated_loss,0.0007127564834438914,0.0
2,DP eps=3,class_calibrated_loss,0.0007626985859023443,0.0
2,DP eps=3,class_calibrated_loss,0.0008161400793251826,0.0
2,DP eps=3,class_calibrated_loss,0.0008733261623828437,0.0
2,DP eps=3,class_calibrated_loss,0.0009345192145605374,0.0
2,DP eps=3,class_calibrated_loss,0.001,0.0008333333333333334
2,DP eps=3,class_calibrated_loss,0.0010700689556931745,0.0008333333333333334
2,DP eps=3,class_calibrated_loss,0.0011450475699382812,0.0008333333333333334
2,DP eps=3,class_calibrated_loss,0.0012252798573828651,0.0008333333333333334
2,DP eps=3,class_calibrated_loss,0.0013111339374215643,0.0008333333333333334
2,DP eps=3,class_calibrated_loss,0.0014030037231905735,0.00125
2,DP eps=3,class_calibrated_loss,0.0015013107289081743,0.00125
2,DP eps=3,class_calibrated_loss,0.0016065060038537287,0.00125
2,DP eps=3,class_calibrated_loss,0.0017190722018585747,0.0016666666666666668
2,DP eps=3,class_calibrated_loss,0.0018395257958039712,0.0016666666666666668
2,DP eps=3,class_calibrated_loss,0.0019684194472866113,0.0016666666666666668
2,DP eps=3,class_calibrated_loss,0.00210634454232412,0.002916666666666667
2,DP eps=3,class_calibrated_loss,0.002253933904734791,0.002916666666666667
2,DP eps=3,class_calibrated_loss,0.002411864699640997,0.00375
2,DP eps=3,class_calibrated_loss,0.0025808615404180743,0.00375
2,DP eps=3,class_calibrated_loss,0.002761699813343849,0.00375
2,DP eps=3,class_calibrated_loss,0.002955209235202888,0.00375
2,DP eps=3,class_calibrated_loss,0.0031622776601683794,0.00375
2,DP eps=3,class_calibrated_loss,0.003383855153428233,0.00375
2,DP eps=3,class_calibrated_loss,0.0036209583502459165,0.00375
2,DP eps=3,class_calibrated_loss,0.0038746751204561283,0.005416666666666667
2,DP eps=3,class_calibrated_loss,0.004146169559796819,0.005416666666666667
2,DP eps=3,class_calibrated_loss,0.004436687330978612,0.005833333333333334
2,DP eps=3,class_calibrated_loss,0.004747561378997425,0.005833333333333334
2,DP eps=3,class_calibrated_loss,0.005080218046913023,0.005833333333333334
2,DP eps=3,class_calibrated_loss,0.005436183620153837,0.005833333333333334
2,DP eps=3,class_calibrated_loss,0.005817091329374358,0.005833333333333334
2,DP eps=3,class_calibrated_loss,0.006224688843995439,0.006666666666666667
2,DP eps=3,class_calibrated_loss,0.006660846290809154,0.006666666666666667
2,DP eps=3,class_calibrated_loss,0.007127564834438914,0.0075
2,DP eps=3,class_calibrated_loss,0.007626985859023444,0.007916666666666667
2,DP eps=3,class_calibrated_loss,0.008161400793251826,0.00875
2,DP eps=3,class_calibrated_loss,0.008733261623828438,0.009166666666666667
2,DP eps=3,class_calibrated_loss,0.009345192145605374,0.009583333333333333
2,DP eps=3,class_calibrated_loss,0.01,0.010416666666666666
2,DP eps=3,class_calibrated_loss,0.010700689556931747,0.01125
2,DP eps=3,class_calibrated_loss,0.011450475699382817,0.012083333333333333
2,DP eps=3,class_calibrated_loss,0.012252798573828645,0.012916666666666667
2,DP eps=3,class_calibrated_loss,0.013111339374215644,0.014583333333333334
2,DP eps=3,class_calibrated_loss,0.014030037231905735,0.015416666666666667
2,DP eps=3,class_calibrated_loss,0.015013107289081735,0.01625
2,DP eps=3,class_calibrated_loss,0.01606506003853728,0.01625
2,DP eps=3,class_calibrated_loss,0.017190722018585746,0.016666666666666666
2,DP eps=3,class_calibrated_loss,0.01839525795803971,0.017916666666666668
2,DP eps=3,class_calibrated_loss,0.019684194472866123,0.019166666666666665
2,DP eps=3,class_calibrated_loss,0.02106344542324121,0.019166666666666665
2,DP eps=3,class_calibrated_loss,0.022539339047347912,0.019166666666666665
2,DP eps=3,class_calibrated_loss,0.024118646996409972,0.020416666666666666
2,DP eps=3,class_calibrated_loss,0.02580861540418074,0.02125
2,DP eps=3,class_calibrated_loss,0.02761699813343848,0.022083333333333333
2,DP eps=3,class_calibrated_loss,0.029552092352028863,0.023333333333333334
2,DP eps=3,class_calibrated_loss,0.03162277660168379,0.024583333333333332
2,DP eps=3,class_calibrated_loss,0.033838551534282335,0.025833333333333333
2,DP eps=3,class_calibrated_loss,0.03620958350245917,0.027083333333333334
2,DP eps=3,class_calibrated_loss,0.03874675120456132,0.027916666666666666
2,DP eps=3,class_calibrated_loss,0.04146169559796819,0.03208333333333333
2,DP eps=3,class_calibrated_loss,0.044366873309786115,0.0325
2,DP eps=3,class_calibrated_loss,0.047475613789974204,0.03666666666666667
2,DP eps=3,class_calibrated_loss,0.05080218046913023,0.0425
2,DP eps=3,class_calibrated_loss,0.05436183620153837,0.04541666666666667
2,DP eps=3,class_calibrated_loss,0.058170913293743576,0.05125
2,DP eps=3,class_calibrated_loss,0.0622468884399544,0.052083333333333336
2,DP eps=3,class_calibrated_loss,0.06660846290809161,0.059166666666666666
2,DP eps=3,class_calibrated_loss,0.07127564834438914,0.06458333333333334
2,DP eps=3,class_calibrated_loss,0.07626985859023444,0.07125
2,DP eps=3,class_calibrated_loss,0.08161400793251826,0.07458333333333333
2,DP eps=3,class_calibrated_loss,0.08733261623828428,0.08208333333333333
2,DP eps=3,class_calibrated_loss,0.09345192145605374,0.09208333333333334
2,DP eps=3,class_calibrated_loss,0.1,0.10375
2,DP eps=3,class_calibrated_loss,0.10700689556931746,0.11
2,DP eps=3,class_calibrated_loss,0.11450475699382812,0.12041666666666667
2,DP eps=3,class_calibrated_loss,0.12252798573828651,0.12791666666666668
2,DP eps=3,class_calibrated_loss,0.13111339374215644,0.13375
2,DP eps=3,class_calibrated_loss,0.14030037231905734,0.14
2,DP eps=3,class_calibrated_loss,0.15013107289081729,0.14541666666666667
2,DP eps=3,class_calibrated_loss,0.16065060038537288,0.15833333333333333
2,DP eps=3,class_calibrated_loss,0.17190722018585747,0.16625
2,DP eps=3,class_calibrated_loss,0.18395257958039712,0.17666666666666667
2,DP eps=3,class_calibrated_loss,0.19684194472866112,0.19291666666666665
2,DP eps=3,class_calibrated_loss,0.210634454232412,0.20666666666666667
2,DP eps=3,class_calibrated_loss,0.22539339047347912,0.22333333333333333
2,DP eps=3,class_calibrated_loss,0.24118646996409973,0.24333333333333335
2,DP eps=3,class_calibrated_loss,0.2580861540418074,0.25416666666666665
2,DP eps=3,class_calibrated_loss,0.27616998133438464,0.26875
2,DP eps=3,class_calibrated_loss,0.2955209235202888,0.28958333333333336
2,DP eps=3,class_calibrated_loss,0.31622776601683794,0.32
2,DP eps=3,class_calibrated_loss,0.33838551534282335,0.33375
2,DP eps=3,class_calibrated_loss,0.36209583502459164,0.35791666666666666
2,DP eps=3,class_calibrated_loss,0.3874675120456132,0.3804166666666667
2,DP eps=3,class_calibrated_loss,0.4146169559796819,0.40875
2,DP eps=3,class_calibrated_loss,0.44366873309786115,0.44208333333333333
2,DP eps=3,class_calibrated_loss,0.474756137899742,0.47875
2,DP eps=3,class_calibrated_loss,0.5080218046913023,0.5058333333333334
2,DP eps=3,class_calibrated_loss,0.5436183620153837,0.5454166666666667
2,DP eps=3,class_calibrated_loss,0.5817091329374358,0.5816666666666667
2,DP eps=3,class_calibrated_loss,0.622468884399544,0.6179166666666667
2,DP eps=3,class_calibrated_loss,0.6660846290809154,0.66625
2,DP eps=3,class_calibrated_loss,0.7127564834438914,0.715
2,DP eps=3,class_calibrated_loss,0.7626985859023444,0.7683333333333333
2,DP eps=3,class_calibrated_loss,0.8161400793251826,0.8158333333333333
2,DP eps=3,class_calibrated_loss,0.8733261623828429,0.86375
2,DP eps=3,class_calibrated_loss,0.9345192145605374,0.9316666666666666
2,DP eps=3,class_calibrated_loss,1.0,1.0
2,DP eps=3,learned_ensemble,0.00031622776601683794,0.0003952847075210475
2,DP eps=3,learned_ensemble,0.00033838551534282334,0.00042298189417852924
2,DP eps=3,learned_ensemble,0.0003620958350245917,0.0004526197937807397
2,DP eps=3,learned_ensemble,0.0003874675120456132,0.00048433439005701664
2,DP eps=3,learned_ensemble,0.0004146169559796819,0.0005182711949746025
2,DP eps=3,learned_ensemble,0.0004436687330978611,0.0005545859163723265
2,DP eps=3,learned_ensemble,0.00047475613789974203,0.0005934451723746776
2,DP eps=3,learned_ensemble,0.0005080218046913023,0.000635027255864128
2,DP eps=3,learned_ensemble,0.0005436183620153838,0.0006795229525192298
2,DP eps=3,learned_ensemble,0.0005817091329374358,0.0007271364161717949
2,DP eps=3,learned_ensemble,0.000622468884399544,0.0007780861054994301
2,DP eps=3,learned_ensemble,0.0006660846290809161,0.0008326057863511453
2,DP eps=3,learned_ensemble,0.0007127564834438914,0.0008909456043048644
2,DP eps=3,learned_ensemble,0.0007626985859023443,0.0009533732323779306
2,DP eps=3,learned_ensemble,0.0008161400793251826,0.0010201750991564785
2,DP eps=3,learned_ensemble,0.0008733261623828437,0.001091657702978555
2,DP eps=3,learned_ensemble,0.0009345192145605374,0.001168149018200672
2,DP eps=3,learned_ensemble,0.001,0.0012500000000000002
2,DP eps=3,learned_ensemble,0.0010700689556931745,0.0013375861946164683
2,DP eps=3,learned_ensemble,0.0011450475699382812,0.0014313094624228517
2,DP eps=3,learned_ensemble,0.0012252798573828651,0.0015315998217285817
2,DP eps=3,learned_ensemble,0.0013111339374215643,0.0016389174217769557
2,DP eps=3,learned_ensemble,0.0014030037231905735,0.0016666666666666668
2,DP eps=3,learned_ensemble,0.0015013107289081743,0.0016666666666666668
2,DP eps=3,learned_ensemble,0.0016065060038537287,0.0016666666666666668
2,DP eps=3,learned_ensemble,0.0017190722018585747,0.0017321735856565515
2,DP eps=3,learned_ensemble,0.0018395257958039712,0.0018827405780882972
2,DP eps=3,learned_ensemble,0.0019684194472866113,0.0020438576424415974
2,DP eps=3,learned_ensemble,0.00210634454232412,0.0025
2,DP eps=3,learned_ensemble,0.002253933904734791,0.0025
2,DP eps=3,learned_ensemble,0.002411864699640997,0.0025654428052563866
2,DP eps=3,learned_ensemble,0.0025808615404180743,0.0027062735059039506
2,DP eps=3,learned_ensemble,0.002761699813343849,0.0028569720666754297
2,DP eps=3,learned_ensemble,0.002955209235202888,0.003018229918224629
2,DP eps=3,learned_ensemble,0.0031622776601683794,0.0031907869390292052
2,DP eps=3,learned_ensemble,0.003383855153428233,0.004182454735446322
2,DP eps=3,learned_ensemble,0.0036209583502459165,0.0042565494844518485
2,DP eps=3,learned_ensemble,0.0038746751204561283,0.00433583597514254
2,DP eps=3,learned_ensemble,0.004146169559796819,0.004420677987436505
2,DP eps=3,learned_ensemble,0.004436687330978612,0.004511464790930816
2,DP eps=3,learned_ensemble,0.004747561378997425,0.005467225861873391
2,DP eps=3,learned_ensemble,0.005080218046913023,0.005675136279320639
2,DP eps=3,learned_ensemble,0.005436183620153837,0.005833333333333334
2,DP eps=3,learned_ensemble,0.005817091329374358,0.006021364161717947
2,DP eps=3,learned_ensemble,0.006224688843995439,0.00625
2,DP eps=3,learned_ensemble,0.006660846290809154,0.0065775129574758215
2,DP eps=3,learned_ensemble,0.007127564834438914,0.007044231501105581
2,DP eps=3,learned_ensemble,0.007626985859023444,0.007543652525690111
2,DP eps=3,learned_ensemble,0.008161400793251826,0.008017542162449058
2,DP eps=3,learned_ensemble,0.008733261623828438,0.008374955181559441
2,DP eps=3,learned_ensemble,0.009345192145605374,0.008759882343560033
2,DP eps=3,learned_ensemble,0.01,0.009305555555555555
2,DP eps=3,learned_ensemble,0.010700689556931747,0.010501723892329368
2,DP eps=3,learned_ensemble,0.011450475699382817,0.01215654731211426
2,DP eps=3,learned_ensemble,0.012252798573828645,0.012657999108642903
2,DP eps=3,learned_ensemble,0.013111339374215644,0.013194587108884779
2,DP eps=3,learned_ensemble,0.014030037231905735,0.01398649323824496
2,DP eps=3,learned_ensemble,0.015013107289081735,0.015416666666666667
2,DP eps=3,learned_ensemble,0.01606506003853728,0.0156453312620429
2,DP eps=3,learned_ensemble,0.017190722018585746,0.01639482121038949
2,DP eps=3,learned_ensemble,0.01839525795803971,0.017685395431233025
2,DP eps=3,learned_ensemble,0.019684194472866123,0.018974765651645326
2,DP eps=3,learned_ensemble,0.02106344542324121,0.019948389378287273
2,DP eps=3,learned_ensemble,0.022539339047347912,0.020919169047506073
2,DP eps=3,learned_ensemble,0.024118646996409972,0.022068035065704834
2,DP eps=3,learned_ensemble,0.02580861540418074,0.024225811973964197
2,DP eps=3,learned_ensemble,0.02761699813343848,0.025375276222309843
2,DP eps=3,learned_ensemble,0.029552092352028863,0.02698785473780183
2,DP eps=3,learned_ensemble,0.03162277660168379,0.029111804085438075
2,DP eps=3,learned_ensemble,0.033838551534282335,0.03163738007043299
2,DP eps=3,learned_ensemble,0.03620958350245917,0.03410720503728386
2,DP eps=3,learned_ensemble,0.03874675120456132,0.036766772339034984
2,DP eps=3,learned_ensemble,0.04146169559796819,0.03823725314488092
2,DP eps=3,learned_ensemble,0.044366873309786115,0.04420859163723264
2,DP eps=3,learned_ensemble,0.047475613789974204,0.04666666666666667
2,DP eps=3,learned_ensemble,0.05080218046913023,0.04825881466049066
2,DP eps=3,learned_ensemble,0.05436183620153837,0.05474985002419852
2,DP eps=3,learned_ensemble,0.058170913293743576,0.06104485163697435
2,DP eps=3,learned_ensemble,0.0622468884399544,0.06442072382555657
2,DP eps=3,learned_ensemble,0.06660846290809161,0.06812027359763723
2,DP eps=3,learned_ensemble,0.07127564834438914,0.07187340292495853
2,DP eps=3,learned_ensemble,0.07626985859023444,0.07561906060934251
2,DP eps=3,learned_ensemble,0.08161400793251826,0.07962717261605537
2,DP eps=3,learned_ensemble,0.08733261623828428,0.08358297478580881
2,DP eps=3,learned_ensemble,0.09345192145605374,0.08748683463338132
2,DP eps=3,learned_ensemble,0.1,0.09391025641025642
2,DP eps=3,learned_ensemble,0.10700689556931746,0.10104884955137236
2,DP eps=3,learned_ensemble,0.11450475699382812,0.10916798805384115
2,DP eps=3,learned_ensemble,0.12252798573828651,0.11266880138990103
2,DP eps=3,learned_ensemble,0.13111339374215644,0.12218891107161164
2,DP eps=3,learned_ensemble,0.14030037231905734,0.1323760848968042
2,DP eps=3,learned_ensemble,0.15013107289081729,0.14463107289081728
2,DP eps=3,learned_ensemble,0.16065060038537288,0.15505165628692
2,DP eps=3,learned_ensemble,0.17190722018585747,0.17061365389225397
2,DP eps=3,learned_ensemble,0.18395257958039712,0.17983545131788048
2,DP eps=3,learned_ensemble,0.19684194472866112,0.19250717616277316
2,DP eps=3,learned_ensemble,0.210634454232412,0.2068125141172609
2,DP eps=3,learned_ensemble,0.22539339047347912,0.21784055418543907
2,DP eps=3,learned_ensemble,0.24118646996409973,0.22807205830341643
2,DP eps=3,learned_ensemble,0.2580861540418074,0.24263958353204398
2,DP eps=3,learned_ensemble,0.27616998133438464,0.2615434833740641
2,DP eps=3,learned_ensemble,0.2955209235202888,0.2808368334701292
2,DP eps=3,learned_ensemble,0.31622776601683794,0.30148204845924814
2,DP eps=3,learned_ensemble,0.33838551534282335,0.32631522751186254
2,DP eps=3,learned_ensemble,0.36209583502459164,0.3446648085106867
2,DP eps=3,learned_ensemble,0.3874675120456132,0.367795527249922
2,DP eps=3,learned_ensemble,0.4146169559796819,0.391566240826557
2,DP eps=3,learned_ensemble,0.44366873309786115,0.4166679581861632
2,DP eps=3,learned_ensemble,0.474756137899742,0.44451221673200464
2,DP eps=3,learned_ensemble,0.5080218046913023,0.4760200959216774
2,DP eps=3,learned_ensemble,0.5436183620153837,0.5129169783207292
2,DP eps=3,learned_ensemble,0.5817091329374358,0.546988833032107
2,DP eps=3,learned_ensemble,0.622468884399544,0.5902524256453345
2,DP eps=3,learned_ensemble,0.6660846290809154,0.6381380108295155
2,DP eps=3,learned_ensemble,0.7127564834438914,0.6926769318334697
2,DP eps=3,learned_ensemble,0.7626985859023444,0.7444780848153794
2,DP eps=3,learned_ensemble,0.8161400793251826,0.8005073393892804
2,DP eps=3,learned_ensemble,0.8733261623828429,0.869786064361596
2,DP eps=3,learned_ensemble,0.9345192145605374,0.9396726993079507
2,DP eps=3,learned_ensemble,1.0,1.0
2,DP eps=1,confidence,0.00031622776601683794,0.0016666666666666668
2,DP eps=1,confidence,0.00033838551534282334,0.0016666666666666668
2,DP eps=1,confidence,0.0003620958350245917,0.0016666666666666668
2,DP eps=1,confidence,0.0003874675120456132,0.0016666666666666668
2,DP eps=1,confidence,0.0004146169559796819,0.0016666666666666668
2,DP eps=1,confidence,0.0004436687330978611,0.0016666666666666668
2,DP eps=1,confidence,0.00047475613789974203,0.0016666666666666668
2,DP eps=1,confidence,0.0005080218046913023,0.0016666666666666668
2,DP eps=1,confidence,0.0005436183620153838,0.0016666666666666668
2,DP eps=1,confidence,0.0005817091329374358,0.0016666666666666668
2,DP eps=1,confidence,0.000622468884399544,0.0016666666666666668
2,DP eps=1,confidence,0.0006660846290809161,0.0016666666666666668
2,DP eps=1,confidence,0.0007127564834438914,0.0020833333333333333
2,DP eps=1,confidence,0.0007626985859023443,0.0020833333333333333
2,DP eps=1,confidence,0.0008161400793251826,0.0020833333333333333
2,DP eps=1,confidence,0.0008733261623828437,0.0020833333333333333
2,DP eps=1,confidence,0.0009345192145605374,0.0020833333333333333
2,DP eps=1,confidence,0.001,0.0025
2,DP eps=1,confidence,0.0010700689556931745,0.0025
2,DP eps=1,confidence,0.0011450475699382812,0.0025
2,DP eps=1,confidence,0.0012252798573828651,0.0025
2,DP eps=1,confidence,0.0013111339374215643,0.0025
2,DP eps=1,confidence,0.0014030037231905735,0.002916666666666667
2,DP eps=1,confidence,0.0015013107289081743,0.002916666666666667
2,DP eps=1,confidence,0.0016065060038537287,0.002916666666666667
2,DP eps=1,confidence,0.0017190722018585747,0.0033333333333333335
2,DP eps=1,confidence,0.0018395257958039712,0.0033333333333333335
2,DP eps=1,confidence,0.0019684194472866113,0.0033333333333333335
2,DP eps=1,confidence,0.00210634454232412,0.004166666666666667
2,DP eps=1,confidence,0.002253933904734791,0.004166666666666667
2,DP eps=1,confidence,0.002411864699640997,0.004166666666666667
2,DP eps=1,confidence,0.0025808615404180743,0.004166666666666667
2,DP eps=1,confidence,0.002761699813343849,0.004166666666666667
2,DP eps=1,confidence,0.002955209235202888,0.004166666666666667
2,DP eps=1,confidence,0.0031622776601683794,0.004166666666666667
2,DP eps=1,confidence,0.003383855153428233,0.004166666666666667
2,DP eps=1,confidence,0.0036209583502459165,0.004166666666666667
2,DP eps=1,confidence,0.0038746751204561283,0.004166666666666667
2,DP eps=1,confidence,0.004146169559796819,0.004583333333333333
2,DP eps=1,confidence,0.004436687330978612,0.004583333333333333
2,DP eps=1,confidence,0.004747561378997425,0.004583333333333333
2,DP eps=1,confidence,0.005080218046913023,0.005
2,DP eps=1,confidence,0.005436183620153837,0.005416666666666667
2,DP eps=1,confidence,0.005817091329374358,0.005416666666666667
2,DP eps=1,confidence,0.006224688843995439,0.005416666666666667
2,DP eps=1,confidence,0.006660846290809154,0.005416666666666667
2,DP eps=1,confidence,0.007127564834438914,0.00625
2,DP eps=1,confidence,0.007626985859023444,0.00625
2,DP eps=1,confidence,0.008161400793251826,0.00625
2,DP eps=1,confidence,0.008733261623828438,0.007083333333333333
2,DP eps=1,confidence,0.009345192145605374,0.007916666666666667
2,DP eps=1,confidence,0.01,0.008333333333333333
2,DP eps=1,confidence,0.010700689556931747,0.008333333333333333
2,DP eps=1,confidence,0.011450475699382817,0.00875
2,DP eps=1,confidence,0.012252798573828645,0.009583333333333333
2,DP eps=1,confidence,0.013111339374215644,0.01
2,DP eps=1,confidence,0.014030037231905735,0.010833333333333334
2,DP eps=1,confidence,0.015013107289081735,0.0125
2,DP eps=1,confidence,0.01606506003853728,0.012916666666666667
2,DP eps=1,confidence,0.017190722018585746,0.015
2,DP eps=1,confidence,0.01839525795803971,0.017083333333333332
2,DP eps=1,confidence,0.019684194472866123,0.019583333333333335
2,DP eps=1,confidence,0.02106344542324121,0.02
2,DP eps=1,confidence,0.022539339047347912,0.021666666666666667
2,DP eps=1,confidence,0.024118646996409972,0.023333333333333334
2,DP eps=1,confidence,0.02580861540418074,0.024583333333333332
2,DP eps=1,confidence,0.02761699813343848,0.025833333333333333
2,DP eps=1,confidence,0.029552092352028863,0.025833333333333333
2,DP eps=1,confidence,0.03162277660168379,0.027083333333333334
2,DP eps=1,confidence,0.033838551534282335,0.029583333333333333
2,DP eps=1,confidence,0.03620958350245917,0.03333333333333333
2,DP eps=1,confidence,0.03874675120456132,0.035
2,DP eps=1,confidence,0.04146169559796819,0.03916666666666667
2,DP eps=1,confidence,0.044366873309786115,0.041666666666666664
2,DP eps=1,confidence,0.047475613789974204,0.04375
2,DP eps=1,confidence,0.05080218046913023,0.04833333333333333
2,DP eps=1,confidence,0.05436183620153837,0.050833333333333335
2,DP eps=1,confidence,0.058170913293743576,0.055
2,DP eps=1,confidence,0.0622468884399544,0.05708333333333333
2,DP eps=1,confidence,0.06660846290809161,0.06291666666666666
2,DP eps=1,confidence,0.07127564834438914,0.06708333333333333
2,DP eps=1,confidence,0.07626985859023444,0.07333333333333333
2,DP eps=1,confidence,0.08161400793251826,0.08083333333333333
2,DP eps=1,confidence,0.08733261623828428,0.085
2,DP eps=1,confidence,0.09345192145605374,0.08916666666666667
2,DP eps=1,confidence,0.1,0.0975
2,DP eps=1,confidence,0.10700689556931746,0.1075
2,DP eps=1,confidence,0.11450475699382812,0.11208333333333333
2,DP eps=1,confidence,0.12252798573828651,0.12333333333333334
2,DP eps=1,confidence,0.13111339374215644,0.13291666666666666
2,DP eps=1,confidence,0.14030037231905734,0.14083333333333334
2,DP eps=1,confidence,0.15013107289081729,0.15333333333333332
2,DP eps=1,confidence,0.16065060038537288,0.16416666666666666
2,DP eps=1,confidence,0.17190722018585747,0.1725
2,DP eps=1,confidence,0.18395257958039712,0.18833333333333332
2,DP eps=1,confidence,0.19684194472866112,0.20125
2,DP eps=1,confidence,0.210634454232412,0.21458333333333332
2,DP eps=1,confidence,0.22539339047347912,0.2275
2,DP eps=1,confidence,0.24118646996409973,0.2425
2,DP eps=1,confidence,0.2580861540418074,0.2575
2,DP eps=1,confidence,0.27616998133438464,0.27625
2,DP eps=1,confidence,0.2955209235202888,0.29541666666666666
2,DP eps=1,confidence,0.31622776601683794,0.31833333333333336
2,DP eps=1,confidence,0.33838551534282335,0.34125
2,DP eps=1,confidence,0.36209583502459164,0.36333333333333334
2,DP eps=1,confidence,0.3874675120456132,0.3858333333333333
2,DP eps=1,confidence,0.4146169559796819,0.41
2,DP eps=1,confidence,0.44366873309786115,0.44333333333333336
2,DP eps=1,confidence,0.474756137899742,0.47625
2,DP eps=1,confidence,0.5080218046913023,0.5070833333333333
2,DP eps=1,confidence,0.5436183620153837,0.5458333333333333
2,DP eps=1,confidence,0.5817091329374358,0.5879166666666666
2,DP eps=1,confidence,0.622468884399544,0.6283333333333333
2,DP eps=1,confidence,0.6660846290809154,0.6704166666666667
2,DP eps=1,confidence,0.7127564834438914,0.7108333333333333
2,DP eps=1,confidence,0.7626985859023444,0.765
2,DP eps=1,confidence,0.8161400793251826,0.8254166666666667
2,DP eps=1,confidence,0.8733261623828429,0.8758333333333334
2,DP eps=1,confidence,0.9345192145605374,0.9395833333333333
2,DP eps=1,confidence,1.0,1.0
2,DP eps=1,neg_entropy,0.00031622776601683794,0.0016666666666666668
2,DP eps=1,neg_entropy,0.00033838551534282334,0.0016666666666666668
2,DP eps=1,neg_entropy,0.0003620958350245917,0.0016666666666666668
2,DP eps=1,neg_entropy,0.0003874675120456132,0.0016666666666666668
2,DP eps=1,neg_entropy,0.0004146169559796819,0.0016666666666666668
2,DP eps=1,neg_entropy,0.0004436687330978611,0.0016666666666666668
2,DP eps=1,neg_entropy,0.00047475613789974203,0.0016666666666666668
2,DP eps=1,neg_entropy,0.0005080218046913023,0.0016666666666666668
2,DP eps=1,neg_entropy,0.0005436183620153838,0.0016666666666666668
2,DP eps=1,neg_entropy,0.0005817091329374358,0.0016666666666666668
2,DP eps=1,neg_entropy,0.000622468884399544,0.0016666666666666668
2,DP eps=1,neg_entropy,0.0006660846290809161,0.0016666666666666668
2,DP eps=1,neg_entropy,0.0007127564834438914,0.0020833333333333333
2,DP eps=1,neg_entropy,0.0007626985859023443,0.0020833333333333333
2,DP eps=1,neg_entropy,0.0008161400793251826,0.0020833333333333333
2,DP eps=1,neg_entropy,0.0008733261623828437,0.0020833333333333333
2,DP eps=1,neg_entropy,0.0009345192145605374,0.0020833333333333333
2,DP eps=1,neg_entropy,0.001,0.0025
2,DP eps=1,neg_entropy,0.0010700689556931745,0.0025
2,DP eps=1,neg_entropy,0.0011450475699382812,0.0025
2,DP eps=1,neg_entropy,0.0012252798573828651,0.0025
2,DP eps=1,neg_entropy,0.0013111339374215643,0.0025
2,DP eps=1,neg_entropy,0.0014030037231905735,0.002916666666666667
2,DP eps=1,neg_entropy,0.0015013107289081743,0.002916666666666667
2,DP eps=1,neg_entropy,0.0016065060038537287,0.002916666666666667
2,DP eps=1,neg_entropy,0.0017190722018585747,0.0033333333333333335
2,DP eps=1,neg_entropy,0.0018395257958039712,0.0033333333333333335
2,DP eps=1,neg_entropy,0.0019684194472866113,0.0033333333333333335
2,DP eps=1,neg_entropy,0.00210634454232412,0.004166666666666667
2,DP eps=1,neg_entropy,0.002253933904734791,0.004166666666666667
2,DP eps=1,neg_entropy,0.002411864699640997,0.004166666666666667
2,DP eps=1,neg_entropy,0.0025808615404180743,0.004166666666666667
2,DP eps=1,neg_entropy,0.002761699813343849,0.004166666666666667
2,DP eps=1,neg_entropy,0.002955209235202888,0.004166666666666667
2,DP eps=1,neg_entropy,0.0031622776601683794,0.004166666666666667
2,DP eps=1,neg_entropy,0.003383855153428233,0.004166666666666667
2,DP eps=1,neg_entropy,0.0036209583502459165,0.004166666666666667
2,DP eps=1,neg_entropy,0.0038746751204561283,0.004166666666666667
2,DP eps=1,neg_entropy,0.004146169559796819,0.004583333333333333
2,DP eps=1,neg_entropy,0.004436687330978612,0.004583333333333333
2,DP eps=1,neg_entropy,0.004747561378997425,0.004583333333333333
2,DP eps=1,neg_entropy,0.005080218046913023,0.005
2,DP eps=1,neg_entropy,0.005436183620153837,0.005416666666666667
2,DP eps=1,neg_entropy,0.005817091329374358,0.005416666666666667
2,DP eps=1,neg_entropy,0.006224688843995439,0.005416666666666667
2,DP eps=1,neg_entropy,0.006660846290809154,0.005416666666666667
2,DP eps=1,neg_entropy,0.007127564834438914,0.00625
2,DP eps=1,neg_entropy,0.007626985859023444,0.00625
2,DP eps=1,neg_entropy,0.008161400793251826,0.00625
2,DP eps=1,neg_entropy,0.008733261623828438,0.007083333333333333
2,DP eps=1,neg_entropy,0.009345192145605374,0.007916666666666667
2,DP eps=1,neg_entropy,0.01,0.008333333333333333
2,DP eps=1,neg_entropy,0.010700689556931747,0.008333333333333333
2,DP eps=1,neg_entropy,0.011450475699382817,0.00875
2,DP eps=1,neg_entropy,0.012252798573828645,0.009583333333333333
2,DP eps=1,neg_entropy,0.013111339374215644,0.01
2,DP eps=1,neg_entropy,0.014030037231905735,0.010833333333333334
2,DP eps=1,neg_entropy,0.015013107289081735,0.0125
2,DP eps=1,neg_entropy,0.01606506003853728,0.012916666666666667
2,DP eps=1,neg_entropy,0.017190722018585746,0.015
2,DP eps=1,neg_entropy,0.01839525795803971,0.017083333333333332
2,DP eps=1,neg_entropy,0.019684194472866123,0.019583333333333335
2,DP eps=1,neg_entropy,0.02106344542324121,0.02
2,DP eps=1,neg_entropy,0.022539339047347912,0.021666666666666667
2,DP eps=1,neg_entropy,0.024118646996409972,0.023333333333333334
2,DP eps=1,neg_entropy,0.02580861540418074,0.024583333333333332
2,DP eps=1,neg_entropy,0.02761699813343848,0.025833333333333333
2,DP eps=1,neg_entropy,0.029552092352028863,0.025833333333333333
2,DP eps=1,neg_entropy,0.03162277660168379,0.027083333333333334
2,DP eps=1,neg_entropy,0.033838551534282335,0.029583333333333333
2,DP eps=1,neg_entropy,0.03620958350245917,0.03333333333333333
2,DP eps=1,neg_entropy,0.03874675120456132,0.035
2,DP eps=1,neg_entropy,0.04146169559796819,0.03916666666666667
2,DP eps=1,neg_entropy,0.044366873309786115,0.041666666666666664
2,DP eps=1,neg_entropy,0.047475613789974204,0.04375
2,DP eps=1,neg_entropy,0.05080218046913023,0.04833333333333333
2,DP eps=1,neg_entropy,0.05436183620153837,0.050833333333333335
2,DP eps=1,neg_entropy,0.058170913293743576,0.055
2,DP eps=1,neg_entropy,0.0622468884399544,0.05708333333333333
2,DP eps=1,neg_entropy,0.06660846290809161,0.06291666666666666
2,DP eps=1,neg_entropy,0.07127564834438914,0.06708333333333333
2,DP eps=1,neg_entropy,0.07626985859023444,0.07333333333333333
2,DP eps=1,neg_entropy,0.08161400793251826,0.08083333333333333
2,DP eps=1,neg_entropy,0.08733261623828428,0.085
2,DP eps=1,neg_entropy,0.09345192145605374,0.08916666666666667
2,DP eps=1,neg_entropy,0.1,0.0975
2,DP eps=1,neg_entropy,0.10700689556931746,0.1075
2,DP eps=1,neg_entropy,0.11450475699382812,0.11208333333333333
2,DP eps=1,neg_entropy,0.12252798573828651,0.12333333333333334
2,DP eps=1,neg_entropy,0.13111339374215644,0.13291666666666666
2,DP eps=1,neg_entropy,0.14030037231905734,0.14083333333333334
2,DP eps=1,neg_entropy,0.15013107289081729,0.15333333333333332
2,DP eps=1,neg_entropy,0.16065060038537288,0.16416666666666666
2,DP eps=1,neg_entropy,0.17190722018585747,0.1725
2,DP eps=1,neg_entropy,0.18395257958039712,0.18833333333333332
2,DP eps=1,neg_entropy,0.19684194472866112,0.20125
2,DP eps=1,neg_entropy,0.210634454232412,0.21458333333333332
2,DP eps=1,neg_entropy,0.22539339047347912,0.2275
2,DP eps=1,neg_entropy,0.24118646996409973,0.2425
2,DP eps=1,neg_entropy,0.2580861540418074,0.2575
2,DP eps=1,neg_entropy,0.27616998133438464,0.27625
2,DP eps=1,neg_entropy,0.2955209235202888,0.29541666666666666
2,DP eps=1,neg_entropy,0.31622776601683794,0.31833333333333336
2,DP eps=1,neg_entropy,0.33838551534282335,0.34125
2,DP eps=1,neg_entropy,0.36209583502459164,0.36333333333333334
2,DP eps=1,neg_entropy,0.3874675120456132,0.3858333333333333
2,DP eps=1,neg_entropy,0.4146169559796819,0.41
2,DP eps=1,neg_entropy,0.44366873309786115,0.44333333333333336
2,DP eps=1,neg_entropy,0.474756137899742,0.47625
2,DP eps=1,neg_entropy,0.5080218046913023,0.5070833333333333
2,DP eps=1,neg_entropy,0.5436183620153837,0.5458333333333333
2,DP eps=1,neg_entropy,0.5817091329374358,0.5879166666666666
2,DP eps=1,neg_entropy,0.622468884399544,0.6283333333333333
2,DP eps=1,neg_entropy,0.6660846290809154,0.6704166666666667
2,DP eps=1,neg_entropy,0.7127564834438914,0.7108333333333333
2,DP eps=1,neg_entropy,0.7626985859023444,0.765
2,DP eps=1,neg_entropy,0.8161400793251826,0.8254166666666667
2,DP eps=1,neg_entropy,0.8733261623828429,0.8758333333333334
2,DP eps=1,neg_entropy,0.9345192145605374,0.9395833333333333
2,DP eps=1,neg_entropy,1.0,1.0
2,DP eps=1,yeom_neg_loss,0.00031622776601683794,0.0016666666666666668
2,DP eps=1,yeom_neg_loss,0.00033838551534282334,0.0016666666666666668
2,DP eps=1,yeom_neg_loss,0.0003620958350245917,0.0016666666666666668
2,DP eps=1,yeom_neg_loss,0.0003874675120456132,0.0016666666666666668
2,DP eps=1,yeom_neg_loss,0.0004146169559796819,0.0016666666666666668
2,DP eps=1,yeom_neg_loss,0.0004436687330978611,0.0016666666666666668
2,DP eps=1,yeom_neg_loss,0.00047475613789974203,0.0016666666666666668
2,DP eps=1,yeom_neg_loss,0.0005080218046913023,0.0016666666666666668
2,DP eps=1,yeom_neg_loss,0.0005436183620153838,0.0016666666666666668
2,DP eps=1,yeom_neg_loss,0.0005817091329374358,0.0016666666666666668
2,DP eps=1,yeom_neg_loss,0.000622468884399544,0.0016666666666666668
2,DP eps=1,yeom_neg_loss,0.0006660846290809161,0.0016666666666666668
2,DP eps=1,yeom_neg_loss,0.0007127564834438914,0.0020833333333333333
2,DP eps=1,yeom_neg_loss,0.0007626985859023443,0.0020833333333333333
2,DP eps=1,yeom_neg_loss,0.0008161400793251826,0.0020833333333333333
2,DP eps=1,yeom_neg_loss,0.0008733261623828437,0.0020833333333333333
2,DP eps=1,yeom_neg_loss,0.0009345192145605374,0.0020833333333333333
2,DP eps=1,yeom_neg_loss,0.001,0.0025
2,DP eps=1,yeom_neg_loss,0.0010700689556931745,0.0025
2,DP eps=1,yeom_neg_loss,0.0011450475699382812,0.0025
2,DP eps=1,yeom_neg_loss,0.0012252798573828651,0.0025
2,DP eps=1,yeom_neg_loss,0.0013111339374215643,0.0025
2,DP eps=1,yeom_neg_loss,0.0014030037231905735,0.00258708798732155
2,DP eps=1,yeom_neg_loss,0.0015013107289081743,0.0027099717444685513
2,DP eps=1,yeom_neg_loss,0.0016065060038537287,0.0028414658381504944
2,DP eps=1,yeom_neg_loss,0.0017190722018585747,0.0033333333333333335
2,DP eps=1,yeom_neg_loss,0.0018395257958039712,0.0033333333333333335
2,DP eps=1,yeom_neg_loss,0.0019684194472866113,0.0033333333333333335
2,DP eps=1,yeom_neg_loss,0.00210634454232412,0.004166666666666667
2,DP eps=1,yeom_neg_loss,0.002253933904734791,0.004166666666666667
2,DP eps=1,yeom_neg_loss,0.002411864699640997,0.004166666666666667
2,DP eps=1,yeom_neg_loss,0.0025808615404180743,0.004166666666666667
2,DP eps=1,yeom_neg_loss,0.002761699813343849,0.004166666666666667
2,DP eps=1,yeom_neg_loss,0.002955209235202888,0.004166666666666667
2,DP eps=1,yeom_neg_loss,0.0031622776601683794,0.004166666666666667
2,DP eps=1,yeom_neg_loss,0.003383855153428233,0.004166666666666667
2,DP eps=1,yeom_neg_loss,0.0036209583502459165,0.004166666666666667
2,DP eps=1,yeom_neg_loss,0.0038746751204561283,0.004166666666666667
2,DP eps=1,yeom_neg_loss,0.004146169559796819,0.004583333333333333
2,DP eps=1,yeom_neg_loss,0.004436687330978612,0.004583333333333333
2,DP eps=1,yeom_neg_loss,0.004747561378997425,0.004583333333333333
2,DP eps=1,yeom_neg_loss,0.005080218046913023,0.004583333333333333
2,DP eps=1,yeom_neg_loss,0.005436183620153837,0.005
2,DP eps=1,yeom_neg_loss,0.005817091329374358,0.005
2,DP eps=1,yeom_neg_loss,0.006224688843995439,0.005
2,DP eps=1,yeom_neg_loss,0.006660846290809154,0.005
2,DP eps=1,yeom_neg_loss,0.007127564834438914,0.005833333333333334
2,DP eps=1,yeom_neg_loss,0.007626985859023444,0.005833333333333334
2,DP eps=1,yeom_neg_loss,0.008161400793251826,0.005833333333333334
2,DP eps=1,yeom_neg_loss,0.008733261623828438,0.006666666666666667
2,DP eps=1,yeom_neg_loss,0.009345192145605374,0.0075
2,DP eps=1,yeom_neg_loss,0.01,0.0075
2,DP eps=1,yeom_neg_loss,0.010700689556931747,0.0075
2,DP eps=1,yeom_neg_loss,0.011450475699382817,0.007916666666666667
2,DP eps=1,yeom_neg_loss,0.012252798573828645,0.00875
2,DP eps=1,yeom_neg_loss,0.013111339374215644,0.009166666666666667
2,DP eps=1,yeom_neg_loss,0.014030037231905735,0.01
2,DP eps=1,yeom_neg_loss,0.015013107289081735,0.01125
2,DP eps=1,yeom_neg_loss,0.01606506003853728,0.011666666666666667
2,DP eps=1,yeom_neg_loss,0.017190722018585746,0.01375
2,DP eps=1,yeom_neg_loss,0.01839525795803971,0.015833333333333335
2,DP eps=1,yeom_neg_loss,0.019684194472866123,0.018333333333333333
2,DP eps=1,yeom_neg_loss,0.02106344542324121,0.019166666666666665
2,DP eps=1,yeom_neg_loss,0.022539339047347912,0.020416666666666666
2,DP eps=1,yeom_neg_loss,0.024118646996409972,0.022083333333333333
2,DP eps=1,yeom_neg_loss,0.02580861540418074,0.023333333333333334
2,DP eps=1,yeom_neg_loss,0.02761699813343848,0.023333333333333334
2,DP eps=1,yeom_neg_loss,0.029552092352028863,0.024583333333333332
2,DP eps=1,yeom_neg_loss,0.03162277660168379,0.02666666666666667
2,DP eps=1,yeom_neg_loss,0.033838551534282335,0.029583333333333333
2,DP eps=1,yeom_neg_loss,0.03620958350245917,0.03166666666666667
2,DP eps=1,yeom_neg_loss,0.03874675120456132,0.035833333333333335
2,DP eps=1,yeom_neg_loss,0.04146169559796819,0.03833333333333333
2,DP eps=1,yeom_neg_loss,0.044366873309786115,0.04041666666666666
2,DP eps=1,yeom_neg_loss,0.047475613789974204,0.044583333333333336
2,DP eps=1,yeom_neg_loss,0.05080218046913023,0.0475
2,DP eps=1,yeom_neg_loss,0.05436183620153837,0.05
2,DP eps=1,yeom_neg_loss,0.058170913293743576,0.05375
2,DP eps=1,yeom_neg_loss,0.0622468884399544,0.05875
2,DP eps=1,yeom_neg_loss,0.06660846290809161,0.06208333333333333
2,DP eps=1,yeom_neg_loss,0.07127564834438914,0.06833333333333333
2,DP eps=1,yeom_neg_loss,0.07626985859023444,0.07458333333333333
2,DP eps=1,yeom_neg_loss,0.08161400793251826,0.07958333333333334
2,DP eps=1,yeom_neg_loss,0.08733261623828428,0.08416666666666667
2,DP eps=1,yeom_neg_loss,0.09345192145605374,0.09
2,DP eps=1,yeom_neg_loss,0.1,0.10208333333333333
2,DP eps=1,yeom_neg_loss,0.10700689556931746,0.10666666666666667
2,DP eps=1,yeom_neg_loss,0.11450475699382812,0.11458333333333333
2,DP eps=1,yeom_neg_loss,0.12252798573828651,0.12583333333333332
2,DP eps=1,yeom_neg_loss,0.13111339374215644,0.13333333333333333
2,DP eps=1,yeom_neg_loss,0.14030037231905734,0.14375
2,DP eps=1,yeom_neg_loss,0.15013107289081729,0.155
2,DP eps=1,yeom_neg_loss,0.16065060038537288,0.16291666666666665
2,DP eps=1,yeom_neg_loss,0.17190722018585747,0.17583333333333334
2,DP eps=1,yeom_neg_loss,0.18395257958039712,0.18583333333333332
2,DP eps=1,yeom_neg_loss,0.19684194472866112,0.19625
2,DP eps=1,yeom_neg_loss,0.210634454232412,0.21
2,DP eps=1,yeom_neg_loss,0.22539339047347912,0.22166666666666668
2,DP eps=1,yeom_neg_loss,0.24118646996409973,0.24208333333333334
2,DP eps=1,yeom_neg_loss,0.2580861540418074,0.25666666666666665
2,DP eps=1,yeom_neg_loss,0.27616998133438464,0.27375
2,DP eps=1,yeom_neg_loss,0.2955209235202888,0.295
2,DP eps=1,yeom_neg_loss,0.31622776601683794,0.315
2,DP eps=1,yeom_neg_loss,0.33838551534282335,0.335
2,DP eps=1,yeom_neg_loss,0.36209583502459164,0.35833333333333334
2,DP eps=1,yeom_neg_loss,0.3874675120456132,0.3883333333333333
2,DP eps=1,yeom_neg_loss,0.4146169559796819,0.41541666666666666
2,DP eps=1,yeom_neg_loss,0.44366873309786115,0.44125
2,DP eps=1,yeom_neg_loss,0.474756137899742,0.47583333333333333
2,DP eps=1,yeom_neg_loss,0.5080218046913023,0.5108333333333334
2,DP eps=1,yeom_neg_loss,0.5436183620153837,0.54625
2,DP eps=1,yeom_neg_loss,0.5817091329374358,0.58
2,DP eps=1,yeom_neg_loss,0.622468884399544,0.6220833333333333
2,DP eps=1,yeom_neg_loss,0.6660846290809154,0.67125
2,DP eps=1,yeom_neg_loss,0.7127564834438914,0.7091666666666666
2,DP eps=1,yeom_neg_loss,0.7626985859023444,0.75625
2,DP eps=1,yeom_neg_loss,0.8161400793251826,0.81625
2,DP eps=1,yeom_neg_loss,0.8733261623828429,0.87375
2,DP eps=1,yeom_neg_loss,0.9345192145605374,0.93375
2,DP eps=1,yeom_neg_loss,1.0,1.0
2,DP eps=1,modified_entropy,0.00031622776601683794,0.0016666666666666668
2,DP eps=1,modified_entropy,0.00033838551534282334,0.0016666666666666668
2,DP eps=1,modified_entropy,0.0003620958350245917,0.0016666666666666668
2,DP eps=1,modified_entropy,0.0003874675120456132,0.0016666666666666668
2,DP eps=1,modified_entropy,0.0004146169559796819,0.0016666666666666668
2,DP eps=1,modified_entropy,0.0004436687330978611,0.0016666666666666668
2,DP eps=1,modified_entropy,0.00047475613789974203,0.0016666666666666668
2,DP eps=1,modified_entropy,0.0005080218046913023,0.0016666666666666668
2,DP eps=1,modified_entropy,0.0005436183620153838,0.0016666666666666668
2,DP eps=1,modified_entropy,0.0005817091329374358,0.0016666666666666668
2,DP eps=1,modified_entropy,0.000622468884399544,0.0016666666666666668
2,DP eps=1,modified_entropy,0.0006660846290809161,0.0016666666666666668
2,DP eps=1,modified_entropy,0.0007127564834438914,0.0020833333333333333
2,DP eps=1,modified_entropy,0.0007626985859023443,0.0020833333333333333
2,DP eps=1,modified_entropy,0.0008161400793251826,0.0020833333333333333
2,DP eps=1,modified_entropy,0.0008733261623828437,0.0020833333333333333
2,DP eps=1,modified_entropy,0.0009345192145605374,0.0020833333333333333
2,DP eps=1,modified_entropy,0.001,0.0025
2,DP eps=1,modified_entropy,0.0010700689556931745,0.0025
2,DP eps=1,modified_entropy,0.0011450475699382812,0.0025
2,DP eps=1,modified_entropy,0.0012252798573828651,0.0025
2,DP eps=1,modified_entropy,0.0013111339374215643,0.0025
2,DP eps=1,modified_entropy,0.0014030037231905735,0.002916666666666667
2,DP eps=1,modified_entropy,0.0015013107289081743,0.002916666666666667
2,DP eps=1,modified_entropy,0.0016065060038537287,0.002916666666666667
2,DP eps=1,modified_entropy,0.0017190722018585747,0.0033333333333333335
2,DP eps=1,modified_entropy,0.0018395257958039712,0.0033333333333333335
2,DP eps=1,modified_entropy,0.0019684194472866113,0.0033333333333333335
2,DP eps=1,modified_entropy,0.00210634454232412,0.004166666666666667
2,DP eps=1,modified_entropy,0.002253933904734791,0.004166666666666667
2,DP eps=1,modified_entropy,0.002411864699640997,0.004166666666666667
2,DP eps=1,modified_entropy,0.0025808615404180743,0.004166666666666667
2,DP eps=1,modified_entropy,0.002761699813343849,0.004166666666666667
2,DP eps=1,modified_entropy,0.002955209235202888,0.004166666666666667
2,DP eps=1,modified_entropy,0.0031622776601683794,0.004166666666666667
2,DP eps=1,modified_entropy,0.003383855153428233,0.004166666666666667
2,DP eps=1,modified_entropy,0.0036209583502459165,0.004166666666666667
2,DP eps=1,modified_entropy,0.0038746751204561283,0.004166666666666667
2,DP eps=1,modified_entropy,0.004146169559796819,0.004583333333333333
2,DP eps=1,modified_entropy,0.004436687330978612,0.004583333333333333
2,DP eps=1,modified_entropy,0.004747561378997425,0.004583333333333333
2,DP eps=1,modified_entropy,0.005080218046913023,0.004583333333333333
2,DP eps=1,modified_entropy,0.005436183620153837,0.005
2,DP eps=1,modified_entropy,0.005817091329374358,0.005
2,DP eps=1,modified_entropy,0.006224688843995439,0.005
2,DP eps=1,modified_entropy,0.006660846290809154,0.005
2,DP eps=1,modified_entropy,0.007127564834438914,0.005833333333333334
2,DP eps=1,modified_entropy,0.007626985859023444,0.005833333333333334
2,DP eps=1,modified_entropy,0.008161400793251826,0.005833333333333334
2,DP eps=1,modified_entropy,0.008733261623828438,0.006666666666666667
2,DP eps=1,modified_entropy,0.009345192145605374,0.0075
2,DP eps=1,modified_entropy,0.01,0.0075
2,DP eps=1,modified_entropy,0.010700689556931747,0.0075
2,DP eps=1,modified_entropy,0.011450475699382817,0.007916666666666667
2,DP eps=1,modified_entropy,0.012252798573828645,0.00875
2,DP eps=1,modified_entropy,0.013111339374215644,0.009166666666666667
2,DP eps=1,modified_entropy,0.014030037231905735,0.01
2,DP eps=1,modified_entropy,0.015013107289081735,0.01125
2,DP eps=1,modified_entropy,0.01606506003853728,0.011666666666666667
2,DP eps=1,modified_entropy,0.017190722018585746,0.01375
2,DP eps=1,modified_entropy,0.01839525795803971,0.015833333333333335
2,DP eps=1,modified_entropy,0.019684194472866123,0.018333333333333333
2,DP eps=1,modified_entropy,0.02106344542324121,0.019166666666666665
2,DP eps=1,modified_entropy,0.022539339047347912,0.020416666666666666
2,DP eps=1,modified_entropy,0.024118646996409972,0.022083333333333333
2,DP eps=1,modified_entropy,0.02580861540418074,0.023333333333333334
2,DP eps=1,modified_entropy,0.02761699813343848,0.023333333333333334
2,DP eps=1,modified_entropy,0.029552092352028863,0.024583333333333332
2,DP eps=1,modified_entropy,0.03162277660168379,0.02666666666666667
2,DP eps=1,modified_entropy,0.033838551534282335,0.029583333333333333
2,DP eps=1,modified_entropy,0.03620958350245917,0.03166666666666667
2,DP eps=1,modified_entropy,0.03874675120456132,0.035833333333333335
2,DP eps=1,modified_entropy,0.04146169559796819,0.03833333333333333
2,DP eps=1,modified_entropy,0.044366873309786115,0.04041666666666666
2,DP eps=1,modified_entropy,0.047475613789974204,0.044583333333333336
2,DP eps=1,modified_entropy,0.05080218046913023,0.0475
2,DP eps=1,modified_entropy,0.05436183620153837,0.05
2,DP eps=1,modified_entropy,0.058170913293743576,0.05375
2,DP eps=1,modified_entropy,0.0622468884399544,0.05875
2,DP eps=1,modified_entropy,0.06660846290809161,0.06208333333333333
2,DP eps=1,modified_entropy,0.07127564834438914,0.06833333333333333
2,DP eps=1,modified_entropy,0.07626985859023444,0.07458333333333333
2,DP eps=1,modified_entropy,0.08161400793251826,0.07958333333333334
2,DP eps=1,modified_entropy,0.08733261623828428,0.08416666666666667
2,DP eps=1,modified_entropy,0.09345192145605374,0.09
2,DP eps=1,modified_entropy,0.1,0.10208333333333333
2,DP eps=1,modified_entropy,0.10700689556931746,0.10666666666666667
2,DP eps=1,modified_entropy,0.11450475699382812,0.11458333333333333
2,DP eps=1,modified_entropy,0.12252798573828651,0.12583333333333332
2,DP eps=1,modified_entropy,0.13111339374215644,0.13333333333333333
2,DP eps=1,modified_entropy,0.14030037231905734,0.14375
2,DP eps=1,modified_entropy,0.15013107289081729,0.155
2,DP eps=1,modified_entropy,0.16065060038537288,0.16291666666666665
2,DP eps=1,modified_entropy,0.17190722018585747,0.17583333333333334
2,DP eps=1,modified_entropy,0.18395257958039712,0.18583333333333332
2,DP eps=1,modified_entropy,0.19684194472866112,0.19625
2,DP eps=1,modified_entropy,0.210634454232412,0.21
2,DP eps=1,modified_entropy,0.22539339047347912,0.22166666666666668
2,DP eps=1,modified_entropy,0.24118646996409973,0.24208333333333334
2,DP eps=1,modified_entropy,0.2580861540418074,0.25666666666666665
2,DP eps=1,modified_entropy,0.27616998133438464,0.27375
2,DP eps=1,modified_entropy,0.2955209235202888,0.295
2,DP eps=1,modified_entropy,0.31622776601683794,0.315
2,DP eps=1,modified_entropy,0.33838551534282335,0.335
2,DP eps=1,modified_entropy,0.36209583502459164,0.35833333333333334
2,DP eps=1,modified_entropy,0.3874675120456132,0.3883333333333333
2,DP eps=1,modified_entropy,0.4146169559796819,0.41541666666666666
2,DP eps=1,modified_entropy,0.44366873309786115,0.44125
2,DP eps=1,modified_entropy,0.474756137899742,0.47583333333333333
2,DP eps=1,modified_entropy,0.5080218046913023,0.5108333333333334
2,DP eps=1,modified_entropy,0.5436183620153837,0.54625
2,DP eps=1,modified_entropy,0.5817091329374358,0.58
2,DP eps=1,modified_entropy,0.622468884399544,0.6220833333333333
2,DP eps=1,modified_entropy,0.6660846290809154,0.67125
2,DP eps=1,modified_entropy,0.7127564834438914,0.7091666666666666
2,DP eps=1,modified_entropy,0.7626985859023444,0.75625
2,DP eps=1,modified_entropy,0.8161400793251826,0.81625
2,DP eps=1,modified_entropy,0.8733261623828429,0.87375
2,DP eps=1,modified_entropy,0.9345192145605374,0.93375
2,DP eps=1,modified_entropy,1.0,1.0
2,DP eps=1,class_calibrated_loss,0.00031622776601683794,0.0004166666666666667
2,DP eps=1,class_calibrated_loss,0.00033838551534282334,0.00125
2,DP eps=1,class_calibrated_loss,0.0003620958350245917,0.00125
2,DP eps=1,class_calibrated_loss,0.0003874675120456132,0.00125
2,DP eps=1,class_calibrated_loss,0.0004146169559796819,0.00125
2,DP eps=1,class_calibrated_loss,0.0004436687330978611,0.00125
2,DP eps=1,class_calibrated_loss,0.00047475613789974203,0.00125
2,DP eps=1,class_calibrated_loss,0.0005080218046913023,0.00125
2,DP eps=1,class_calibrated_loss,0.0005436183620153838,0.00125
2,DP eps=1,class_calibrated_loss,0.0005817091329374358,0.00125
2,DP eps=1,class_calibrated_loss,0.000622468884399544,0.00125
2,DP eps=1,class_calibrated_loss,0.0006660846290809161,0.00125
2,DP eps=1,class_calibrated_loss,0.0007127564834438914,0.0020833333333333333
2,DP eps=1,class_calibrated_loss,0.0007626985859023443,0.0020833333333333333
2,DP eps=1,class_calibrated_loss,0.0008161400793251826,0.0020833333333333333
2,DP eps=1,class_calibrated_loss,0.0008733261623828437,0.0020833333333333333
2,DP eps=1,class_calibrated_loss,0.0009345192145605374,0.0020833333333333333
2,DP eps=1,class_calibrated_loss,0.001,0.0033333333333333335
2,DP eps=1,class_calibrated_loss,0.0010700689556931745,0.0033333333333333335
2,DP eps=1,class_calibrated_loss,0.0011450475699382812,0.0033333333333333335
2,DP eps=1,class_calibrated_loss,0.0012252798573828651,0.0033333333333333335
2,DP eps=1,class_calibrated_loss,0.0013111339374215643,0.0033333333333333335
2,DP eps=1,class_calibrated_loss,0.0014030037231905735,0.0033333333333333335
2,DP eps=1,class_calibrated_loss,0.0015013107289081743,0.0033333333333333335
2,DP eps=1,class_calibrated_loss,0.0016065060038537287,0.0033333333333333335
2,DP eps=1,class_calibrated_loss,0.0017190722018585747,0.0033333333333333335
2,DP eps=1,class_calibrated_loss,0.0018395257958039712,0.0033333333333333335
2,DP eps=1,class_calibrated_loss,0.0019684194472866113,0.0033333333333333335
2,DP eps=1,class_calibrated_loss,0.00210634454232412,0.0033333333333333335
2,DP eps=1,class_calibrated_loss,0.002253933904734791,0.0033333333333333335
2,DP eps=1,class_calibrated_loss,0.002411864699640997,0.00375
2,DP eps=1,class_calibrated_loss,0.0025808615404180743,0.00375
2,DP eps=1,class_calibrated_loss,0.002761699813343849,0.00375
2,DP eps=1,class_calibrated_loss,0.002955209235202888,0.00375
2,DP eps=1,class_calibrated_loss,0.0031622776601683794,0.00375
2,DP eps=1,class_calibrated_loss,0.003383855153428233,0.004166666666666667
2,DP eps=1,class_calibrated_loss,0.0036209583502459165,0.004166666666666667
2,DP eps=1,class_calibrated_loss,0.0038746751204561283,0.004166666666666667
2,DP eps=1,class_calibrated_loss,0.004146169559796819,0.004166666666666667
2,DP eps=1,class_calibrated_loss,0.004436687330978612,0.004166666666666667
2,DP eps=1,class_calibrated_loss,0.004747561378997425,0.00625
2,DP eps=1,class_calibrated_loss,0.005080218046913023,0.006666666666666667
2,DP eps=1,class_calibrated_loss,0.005436183620153837,0.007916666666666667
2,DP eps=1,class_calibrated_loss,0.005817091329374358,0.007916666666666667
2,DP eps=1,class_calibrated_loss,0.006224688843995439,0.007916666666666667
2,DP eps=1,class_calibrated_loss,0.006660846290809154,0.007916666666666667
2,DP eps=1,class_calibrated_loss,0.007127564834438914,0.00875
2,DP eps=1,class_calibrated_loss,0.007626985859023444,0.00875
2,DP eps=1,class_calibrated_loss,0.008161400793251826,0.00875
2,DP eps=1,class_calibrated_loss,0.008733261623828438,0.009166666666666667
2,DP eps=1,class_calibrated_loss,0.009345192145605374,0.009583333333333333
2,DP eps=1,class_calibrated_loss,0.01,0.009583333333333333
2,DP eps=1,class_calibrated_loss,0.010700689556931747,0.01
2,DP eps=1,class_calibrated_loss,0.011450475699382817,0.01
2,DP eps=1,class_calibrated_loss,0.012252798573828645,0.010416666666666666
2,DP eps=1,class_calibrated_loss,0.013111339374215644,0.01125
2,DP eps=1,class_calibrated_loss,0.014030037231905735,0.0125
2,DP eps=1,class_calibrated_loss,0.015013107289081735,0.012916666666666667
2,DP eps=1,class_calibrated_loss,0.01606506003853728,0.012916666666666667
2,DP eps=1,class_calibrated_loss,0.017190722018585746,0.014166666666666666
2,DP eps=1,class_calibrated_loss,0.01839525795803971,0.014166666666666666
2,DP eps=1,class_calibrated_loss,0.019684194472866123,0.015833333333333335
2,DP eps=1,class_calibrated_loss,0.02106344542324121,0.016666666666666666
2,DP eps=1,class_calibrated_loss,0.022539339047347912,0.018333333333333333
2,DP eps=1,class_calibrated_loss,0.024118646996409972,0.020833333333333332
2,DP eps=1,class_calibrated_loss,0.02580861540418074,0.022916666666666665
2,DP eps=1,class_calibrated_loss,0.02761699813343848,0.022916666666666665
2,DP eps=1,class_calibrated_loss,0.029552092352028863,0.02375
2,DP eps=1,class_calibrated_loss,0.03162277660168379,0.024583333333333332
2,DP eps=1,class_calibrated_loss,0.033838551534282335,0.02625
2,DP eps=1,class_calibrated_loss,0.03620958350245917,0.027916666666666666
2,DP eps=1,class_calibrated_loss,0.03874675120456132,0.03166666666666667
2,DP eps=1,class_calibrated_loss,0.04146169559796819,0.03375
2,DP eps=1,class_calibrated_loss,0.044366873309786115,0.03916666666666667
2,DP eps=1,class_calibrated_loss,0.047475613789974204,0.04125
2,DP eps=1,class_calibrated_loss,0.05080218046913023,0.04416666666666667
2,DP eps=1,class_calibrated_loss,0.05436183620153837,0.04625
2,DP eps=1,class_calibrated_loss,0.058170913293743576,0.04833333333333333
2,DP eps=1,class_calibrated_loss,0.0622468884399544,0.05333333333333334
2,DP eps=1,class_calibrated_loss,0.06660846290809161,0.05708333333333333
2,DP eps=1,class_calibrated_loss,0.07127564834438914,0.06
2,DP eps=1,class_calibrated_loss,0.07626985859023444,0.0675
2,DP eps=1,class_calibrated_loss,0.08161400793251826,0.07791666666666666
2,DP eps=1,class_calibrated_loss,0.08733261623828428,0.08625
2,DP eps=1,class_calibrated_loss,0.09345192145605374,0.09208333333333334
2,DP eps=1,class_calibrated_loss,0.1,0.10125
2,DP eps=1,class_calibrated_loss,0.10700689556931746,0.10625
2,DP eps=1,class_calibrated_loss,0.11450475699382812,0.11041666666666666
2,DP eps=1,class_calibrated_loss,0.12252798573828651,0.12166666666666667
2,DP eps=1,class_calibrated_loss,0.13111339374215644,0.13166666666666665
2,DP eps=1,class_calibrated_loss,0.14030037231905734,0.14041666666666666
2,DP eps=1,class_calibrated_loss,0.15013107289081729,0.145
2,DP eps=1,class_calibrated_loss,0.16065060038537288,0.15625
2,DP eps=1,class_calibrated_loss,0.17190722018585747,0.16416666666666666
2,DP eps=1,class_calibrated_loss,0.18395257958039712,0.17791666666666667
2,DP eps=1,class_calibrated_loss,0.19684194472866112,0.19375
2,DP eps=1,class_calibrated_loss,0.210634454232412,0.20833333333333334
2,DP eps=1,class_calibrated_loss,0.22539339047347912,0.22
2,DP eps=1,class_calibrated_loss,0.24118646996409973,0.23583333333333334
2,DP eps=1,class_calibrated_loss,0.2580861540418074,0.25916666666666666
2,DP eps=1,class_calibrated_loss,0.27616998133438464,0.2725
2,DP eps=1,class_calibrated_loss,0.2955209235202888,0.29791666666666666
2,DP eps=1,class_calibrated_loss,0.31622776601683794,0.31625
2,DP eps=1,class_calibrated_loss,0.33838551534282335,0.33625
2,DP eps=1,class_calibrated_loss,0.36209583502459164,0.35791666666666666
2,DP eps=1,class_calibrated_loss,0.3874675120456132,0.38416666666666666
2,DP eps=1,class_calibrated_loss,0.4146169559796819,0.4116666666666667
2,DP eps=1,class_calibrated_loss,0.44366873309786115,0.4429166666666667
2,DP eps=1,class_calibrated_loss,0.474756137899742,0.47291666666666665
2,DP eps=1,class_calibrated_loss,0.5080218046913023,0.5066666666666667
2,DP eps=1,class_calibrated_loss,0.5436183620153837,0.545
2,DP eps=1,class_calibrated_loss,0.5817091329374358,0.58
2,DP eps=1,class_calibrated_loss,0.622468884399544,0.6229166666666667
2,DP eps=1,class_calibrated_loss,0.6660846290809154,0.6679166666666667
2,DP eps=1,class_calibrated_loss,0.7127564834438914,0.71375
2,DP eps=1,class_calibrated_loss,0.7626985859023444,0.7625
2,DP eps=1,class_calibrated_loss,0.8161400793251826,0.8220833333333334
2,DP eps=1,class_calibrated_loss,0.8733261623828429,0.8691666666666666
2,DP eps=1,class_calibrated_loss,0.9345192145605374,0.9333333333333333
2,DP eps=1,class_calibrated_loss,1.0,1.0
2,DP eps=1,learned_ensemble,0.00031622776601683794,0.00019764235376052374
2,DP eps=1,learned_ensemble,0.00033838551534282334,0.00021149094708926462
2,DP eps=1,learned_ensemble,0.0003620958350245917,0.00022630989689036984
2,DP eps=1,learned_ensemble,0.0003874675120456132,0.00024216719502850832
2,DP eps=1,learned_ensemble,0.0004146169559796819,0.00025913559748730124
2,DP eps=1,learned_ensemble,0.0004436687330978611,0.0002772929581861632
2,DP eps=1,learned_ensemble,0.00047475613789974203,0.0002967225861873388
2,DP eps=1,learned_ensemble,0.0005080218046913023,0.000317513627932064
2,DP eps=1,learned_ensemble,0.0005436183620153838,0.0003397614762596149
2,DP eps=1,learned_ensemble,0.0005817091329374358,0.00036356820808589746
2,DP eps=1,learned_ensemble,0.000622468884399544,0.00038904305274971507
2,DP eps=1,learned_ensemble,0.0006660846290809161,0.00041630289317557263
2,DP eps=1,learned_ensemble,0.0007127564834438914,0.0004742789376381976
2,DP eps=1,learned_ensemble,0.0007626985859023443,0.0005367065657112638
2,DP eps=1,learned_ensemble,0.0008161400793251826,0.0006035084324898116
2,DP eps=1,learned_ensemble,0.0008733261623828437,0.000674991036311888
2,DP eps=1,learned_ensemble,0.0009345192145605374,0.0007514823515340052
2,DP eps=1,learned_ensemble,0.001,0.0008333333333333335
2,DP eps=1,learned_ensemble,0.0010700689556931745,0.0009209195279498016
2,DP eps=1,learned_ensemble,0.0011450475699382812,0.001014642795756185
2,DP eps=1,learned_ensemble,0.0012252798573828651,0.0011149331550619147
2,DP eps=1,learned_ensemble,0.0013111339374215643,0.0012222507551102888
2,DP eps=1,learned_ensemble,0.0014030037231905735,0.0015112639619646508
2,DP eps=1,learned_ensemble,0.0015013107289081743,0.0018799152334056535
2,DP eps=1,learned_ensemble,0.0016065060038537287,0.0022743975144514823
2,DP eps=1,learned_ensemble,0.0017190722018585747,0.003366086792828276
2,DP eps=1,learned_ensemble,0.0018395257958039712,0.003441370289044149
2,DP eps=1,learned_ensemble,0.0019684194472866113,0.0035219288212207985
2,DP eps=1,learned_ensemble,0.00210634454232412,0.0036081320056192416
2,DP eps=1,learned_ensemble,0.002253933904734791,0.003700375357125911
2,DP eps=1,learned_ensemble,0.002411864699640997,0.004362995082435826
2,DP eps=1,learned_ensemble,0.0025808615404180743,0.004785487184378518
2,DP eps=1,learned_ensemble,0.002761699813343849,0.005237582866692956
2,DP eps=1,learned_ensemble,0.002955209235202888,0.005721356421340553
2,DP eps=1,learned_ensemble,0.0031622776601683794,0.006239027483754282
2,DP eps=1,learned_ensemble,0.003383855153428233,0.006761395079344604
2,DP eps=1,learned_ensemble,0.0036209583502459165,0.00720596357337776
2,DP eps=1,learned_ensemble,0.0038746751204561283,0.007681682517521908
2,DP eps=1,learned_ensemble,0.004146169559796819,0.008394237316582008
2,DP eps=1,learned_ensemble,0.004436687330978612,0.008515286387907755
2,DP eps=1,learned_ensemble,0.004747561378997425,0.008644817241248926
2,DP eps=1,learned_ensemble,0.005080218046913023,0.00878342418621376
2,DP eps=1,learned_ensemble,0.005436183620153837,0.008931743175064098
2,DP eps=1,learned_ensemble,0.005817091329374358,0.009090454720572648
2,DP eps=1,learned_ensemble,0.006224688843995439,0.009260287018331433
2,DP eps=1,learned_ensemble,0.006660846290809154,0.009442019287837148
2,DP eps=1,learned_ensemble,0.007127564834438914,0.00968077869297417
2,DP eps=1,learned_ensemble,0.007626985859023444,0.010062280864531797
2,DP eps=1,learned_ensemble,0.008161400793251826,0.010470514494845144
2,DP eps=1,learned_ensemble,0.008733261623828438,0.010907352629313388
2,DP eps=1,learned_ensemble,0.009345192145605374,0.011374799555670771
2,DP eps=1,learned_ensemble,0.01,0.011875
2,DP eps=1,learned_ensemble,0.010700689556931747,0.01241024896710064
2,DP eps=1,learned_ensemble,0.011450475699382817,0.012983002270361874
2,DP eps=1,learned_ensemble,0.012252798573828645,0.013595887799452436
2,DP eps=1,learned_ensemble,0.013111339374215644,0.014236253775551443
2,DP eps=1,learned_ensemble,0.014030037231905735,0.0150225279239293
2,DP eps=1,learned_ensemble,0.015013107289081735,0.0157598304668113
2,DP eps=1,learned_ensemble,0.01606506003853728,0.017083333333333332
2,DP eps=1,learned_ensemble,0.017190722018585746,0.018452534594949423
2,DP eps=1,learned_ensemble,0.01839525795803971,0.019205369557108155
2,DP eps=1,learned_ensemble,0.019684194472866123,0.02001095487887466
2,DP eps=1,learned_ensemble,0.02106344542324121,0.021279740042144318
2,DP eps=1,learned_ensemble,0.022539339047347912,0.021971565178444334
2,DP eps=1,learned_ensemble,0.024118646996409972,0.02394774499401662
2,DP eps=1,learned_ensemble,0.02580861540418074,0.026066446902169048
2,DP eps=1,learned_ensemble,0.02761699813343848,0.027519611595322586
2,DP eps=1,learned_ensemble,0.029552092352028863,0.029074598020975576
2,DP eps=1,learned_ensemble,0.03162277660168379,0.031946176880261835
2,DP eps=1,learned_ensemble,0.033838551534282335,0.03271050758372875
2,DP eps=1,learned_ensemble,0.03620958350245917,0.034949271016552985
2,DP eps=1,learned_ensemble,0.03874675120456132,0.03769786936049699
2,DP eps=1,learned_ensemble,0.04146169559796819,0.039304197664489726
2,DP eps=1,learned_ensemble,0.044366873309786115,0.04210429581861632
2,DP eps=1,learned_ensemble,0.047475613789974204,0.04513538505383911
2,DP eps=1,learned_ensemble,0.05080218046913023,0.048996578520716635
2,DP eps=1,learned_ensemble,0.05436183620153837,0.05567844287788445
2,DP eps=1,learned_ensemble,0.058170913293743576,0.05920939499010256
2,DP eps=1,learned_ensemble,0.0622468884399544,0.061421450305523886
2,DP eps=1,learned_ensemble,0.06660846290809161,0.06659391196844784
2,DP eps=1,learned_ensemble,0.07127564834438914,0.07224543505049885
2,DP eps=1,learned_ensemble,0.07626985859023444,0.0765437307538903
2,DP eps=1,learned_ensemble,0.08161400793251826,0.08114320354847883
2,DP eps=1,learned_ensemble,0.08733261623828428,0.08606495659852335
2,DP eps=1,learned_ensemble,0.09345192145605374,0.09382211313340798
2,DP eps=1,learned_ensemble,0.1,0.10092592592592593
2,DP eps=1,learned_ensemble,0.10700689556931746,0.1077143669564861
2,DP eps=1,learned_ensemble,0.11450475699382812,0.1154206308281901
2,DP eps=1,learned_ensemble,0.12252798573828651,0.12319766720774405
2,DP eps=1,learned_ensemble,0.13111339374215644,0.1285863773656416
2,DP eps=1,learned_ensemble,0.14030037231905734,0.1331591746981981
2,DP eps=1,learned_ensemble,0.15013107289081729,0.14445085513291675
2,DP eps=1,learned_ensemble,0.16065060038537288,0.15540662524085805
2,DP eps=1,learned_ensemble,0.17190722018585747,0.16405069189898852
2,DP eps=1,learned_ensemble,0.18395257958039712,0.17634818121551155
2,DP eps=1,learned_ensemble,0.19684194472866112,0.18833371892959852
2,DP eps=1,learned_ensemble,0.210634454232412,0.20049735215611061
2,DP eps=1,learned_ensemble,0.22539339047347912,0.213541341580434
2,DP eps=1,learned_ensemble,0.24118646996409973,0.22749930972179236
2,DP eps=1,learned_ensemble,0.2580861540418074,0.24243529811441428
2,DP eps=1,learned_ensemble,0.27616998133438464,0.2584178356159526
2,DP eps=1,learned_ensemble,0.2955209235202888,0.275520252829551
2,DP eps=1,learned_ensemble,0.31622776601683794,0.29382101855713494
2,DP eps=1,learned_ensemble,0.33838551534282335,0.31186368386158075
2,DP eps=1,learned_ensemble,0.36209583502459164,0.3314687514093819
2,DP eps=1,learned_ensemble,0.3874675120456132,0.3529086733753455
2,DP eps=1,learned_ensemble,0.4146169559796819,0.383657295599134
2,DP eps=1,learned_ensemble,0.44366873309786115,0.4086965300092611
2,DP eps=1,learned_ensemble,0.474756137899742,0.4433008735162797
2,DP eps=1,learned_ensemble,0.5080218046913023,0.4797102316992726
2,DP eps=1,learned_ensemble,0.5436183620153837,0.5132362806376447
2,DP eps=1,learned_ensemble,0.5817091329374358,0.5491426944562949
2,DP eps=1,learned_ensemble,0.622468884399544,0.5904738349742072
2,DP eps=1,learned_ensemble,0.6660846290809154,0.6303622321142608
2,DP eps=1,learned_ensemble,0.7127564834438914,0.6807564834438915
2,DP eps=1,learned_ensemble,0.7626985859023444,0.7366084105019364
2,DP eps=1,learned_ensemble,0.8161400793251826,0.7938029478002087
2,DP eps=1,learned_ensemble,0.8733261623828429,0.8595743696452203
2,DP eps=1,learned_ensemble,0.9345192145605374,0.9251709131564513
2,DP eps=1,learned_ensemble,1.0,1.0
2,DP eps=0.5,confidence,0.00031622776601683794,0.0004166666666666667
2,DP eps=0.5,confidence,0.00033838551534282334,0.0004166666666666667
2,DP eps=0.5,confidence,0.0003620958350245917,0.0004166666666666667
2,DP eps=0.5,confidence,0.0003874675120456132,0.0004166666666666667
2,DP eps=0.5,confidence,0.0004146169559796819,0.0004166666666666667
2,DP eps=0.5,confidence,0.0004436687330978611,0.0004166666666666667
2,DP eps=0.5,confidence,0.00047475613789974203,0.0004166666666666667
2,DP eps=0.5,confidence,0.0005080218046913023,0.0004166666666666667
2,DP eps=0.5,confidence,0.0005436183620153838,0.0004166666666666667
2,DP eps=0.5,confidence,0.0005817091329374358,0.0004166666666666667
2,DP eps=0.5,confidence,0.000622468884399544,0.0004166666666666667
2,DP eps=0.5,confidence,0.0006660846290809161,0.0004166666666666667
2,DP eps=0.5,confidence,0.0007127564834438914,0.0016666666666666668
2,DP eps=0.5,confidence,0.0007626985859023443,0.0016666666666666668
2,DP eps=0.5,confidence,0.0008161400793251826,0.0016666666666666668
2,DP eps=0.5,confidence,0.0008733261623828437,0.0016666666666666668
2,DP eps=0.5,confidence,0.0009345192145605374,0.0016666666666666668
2,DP eps=0.5,confidence,0.001,0.0016666666666666668
2,DP eps=0.5,confidence,0.0010700689556931745,0.0016666666666666668
2,DP eps=0.5,confidence,0.0011450475699382812,0.0016666666666666668
2,DP eps=0.5,confidence,0.0012252798573828651,0.0016666666666666668
2,DP eps=0.5,confidence,0.0013111339374215643,0.0016666666666666668
2,DP eps=0.5,confidence,0.0014030037231905735,0.0016666666666666668
2,DP eps=0.5,confidence,0.0015013107289081743,0.0016666666666666668
2,DP eps=0.5,confidence,0.0016065060038537287,0.0016666666666666668
2,DP eps=0.5,confidence,0.0017190722018585747,0.0020833333333333333
2,DP eps=0.5,confidence,0.0018395257958039712,0.0020833333333333333
2,DP eps=0.5,confidence,0.0019684194472866113,0.0020833333333333333
2,DP eps=0.5,confidence,0.00210634454232412,0.002916666666666667
2,DP eps=0.5,confidence,0.002253933904734791,0.002916666666666667
2,DP eps=0.5,confidence,0.002411864699640997,0.002916666666666667
2,DP eps=0.5,confidence,0.0025808615404180743,0.002916666666666667
2,DP eps=0.5,confidence,0.002761699813343849,0.0033333333333333335
2,DP eps=0.5,confidence,0.002955209235202888,0.0033333333333333335
2,DP eps=0.5,confidence,0.0031622776601683794,0.0033333333333333335
2,DP eps=0.5,confidence,0.003383855153428233,0.00375
2,DP eps=0.5,confidence,0.0036209583502459165,0.00375
2,DP eps=0.5,confidence,0.0038746751204561283,0.004166666666666667
2,DP eps=0.5,confidence,0.004146169559796819,0.004166666666666667
2,DP eps=0.5,confidence,0.004436687330978612,0.004166666666666667
2,DP eps=0.5,confidence,0.004747561378997425,0.004166666666666667
2,DP eps=0.5,confidence,0.005080218046913023,0.004583333333333333
2,DP eps=0.5,confidence,0.005436183620153837,0.005
2,DP eps=0.5,confidence,0.005817091329374358,0.005
2,DP eps=0.5,confidence,0.006224688843995439,0.005
2,DP eps=0.5,confidence,0.006660846290809154,0.005416666666666667
2,DP eps=0.5,confidence,0.007127564834438914,0.00625
2,DP eps=0.5,confidence,0.007626985859023444,0.007083333333333333
2,DP eps=0.5,confidence,0.008161400793251826,0.0075
2,DP eps=0.5,confidence,0.008733261623828438,0.007916666666666667
2,DP eps=0.5,confidence,0.009345192145605374,0.00875
2,DP eps=0.5,confidence,0.01,0.010416666666666666
2,DP eps=0.5,confidence,0.010700689556931747,0.012916666666666667
2,DP eps=0.5,confidence,0.011450475699382817,0.014166666666666666
2,DP eps=0.5,confidence,0.012252798573828645,0.014583333333333334
2,DP eps=0.5,confidence,0.013111339374215644,0.01625
2,DP eps=0.5,confidence,0.014030037231905735,0.017083333333333332
2,DP eps=0.5,confidence,0.015013107289081735,0.018333333333333333
2,DP eps=0.5,confidence,0.01606506003853728,0.01875
2,DP eps=0.5,confidence,0.017190722018585746,0.02
2,DP eps=0.5,confidence,0.01839525795803971,0.02
2,DP eps=0.5,confidence,0.019684194472866123,0.020416666666666666
2,DP eps=0.5,confidence,0.02106344542324121,0.020833333333333332
2,DP eps=0.5,confidence,0.022539339047347912,0.0225
2,DP eps=0.5,confidence,0.024118646996409972,0.022916666666666665
2,DP eps=0.5,confidence,0.02580861540418074,0.024166666666666666
2,DP eps=0.5,confidence,0.02761699813343848,0.025
2,DP eps=0.5,confidence,0.029552092352028863,0.027083333333333334
2,DP eps=0.5,confidence,0.03162277660168379,0.029583333333333333
2,DP eps=0.5,confidence,0.033838551534282335,0.030833333333333334
2,DP eps=0.5,confidence,0.03620958350245917,0.032916666666666664
2,DP eps=0.5,confidence,0.03874675120456132,0.034583333333333334
2,DP eps=0.5,confidence,0.04146169559796819,0.03666666666666667
2,DP eps=0.5,confidence,0.044366873309786115,0.03916666666666667
2,DP eps=0.5,confidence,0.047475613789974204,0.041666666666666664
2,DP eps=0.5,confidence,0.05080218046913023,0.04791666666666667
2,DP eps=0.5,confidence,0.05436183620153837,0.05
2,DP eps=0.5,confidence,0.058170913293743576,0.05291666666666667
2,DP eps=0.5,confidence,0.0622468884399544,0.05541666666666667
2,DP eps=0.5,confidence,0.06660846290809161,0.06041666666666667
2,DP eps=0.5,confidence,0.07127564834438914,0.06416666666666666
2,DP eps=0.5,confidence,0.07626985859023444,0.06916666666666667
2,DP eps=0.5,confidence,0.08161400793251826,0.07583333333333334
2,DP eps=0.5,confidence,0.08733261623828428,0.08125
2,DP eps=0.5,confidence,0.09345192145605374,0.0875
2,DP eps=0.5,confidence,0.1,0.09333333333333334
2,DP eps=0.5,confidence,0.10700689556931746,0.10583333333333333
2,DP eps=0.5,confidence,0.11450475699382812,0.11666666666666667
2,DP eps=0.5,confidence,0.12252798573828651,0.12541666666666668
2,DP eps=0.5,confidence,0.13111339374215644,0.13375
2,DP eps=0.5,confidence,0.14030037231905734,0.14166666666666666
2,DP eps=0.5,confidence,0.15013107289081729,0.15416666666666667
2,DP eps=0.5,confidence,0.16065060038537288,0.16208333333333333
2,DP eps=0.5,confidence,0.17190722018585747,0.17291666666666666
2,DP eps=0.5,confidence,0.18395257958039712,0.18458333333333332
2,DP eps=0.5,confidence,0.19684194472866112,0.2
2,DP eps=0.5,confidence,0.210634454232412,0.21458333333333332
2,DP eps=0.5,confidence,0.22539339047347912,0.225
2,DP eps=0.5,confidence,0.24118646996409973,0.2425
2,DP eps=0.5,confidence,0.2580861540418074,0.25875
2,DP eps=0.5,confidence,0.27616998133438464,0.28125
2,DP eps=0.5,confidence,0.2955209235202888,0.2966666666666667
2,DP eps=0.5,confidence,0.31622776601683794,0.3179166666666667
2,DP eps=0.5,confidence,0.33838551534282335,0.33708333333333335
2,DP eps=0.5,confidence,0.36209583502459164,0.35791666666666666
2,DP eps=0.5,confidence,0.3874675120456132,0.38458333333333333
2,DP eps=0.5,confidence,0.4146169559796819,0.41375
2,DP eps=0.5,confidence,0.44366873309786115,0.4425
2,DP eps=0.5,confidence,0.474756137899742,0.4708333333333333
2,DP eps=0.5,confidence,0.5080218046913023,0.5041666666666667
2,DP eps=0.5,confidence,0.5436183620153837,0.54375
2,DP eps=0.5,confidence,0.5817091329374358,0.5825
2,DP eps=0.5,confidence,0.622468884399544,0.62125
2,DP eps=0.5,confidence,0.6660846290809154,0.6725
2,DP eps=0.5,confidence,0.7127564834438914,0.7166666666666667
2,DP eps=0.5,confidence,0.7626985859023444,0.76375
2,DP eps=0.5,confidence,0.8161400793251826,0.8125
2,DP eps=0.5,confidence,0.8733261623828429,0.8854166666666666
2,DP eps=0.5,confidence,0.9345192145605374,0.9420833333333334
2,DP eps=0.5,confidence,1.0,1.0
2,DP eps=0.5,neg_entropy,0.00031622776601683794,0.0004166666666666667
2,DP eps=0.5,neg_entropy,0.00033838551534282334,0.0004166666666666667
2,DP eps=0.5,neg_entropy,0.0003620958350245917,0.0004166666666666667
2,DP eps=0.5,neg_entropy,0.0003874675120456132,0.0004166666666666667
2,DP eps=0.5,neg_entropy,0.0004146169559796819,0.0004166666666666667
2,DP eps=0.5,neg_entropy,0.0004436687330978611,0.0004166666666666667
2,DP eps=0.5,neg_entropy,0.00047475613789974203,0.0004166666666666667
2,DP eps=0.5,neg_entropy,0.0005080218046913023,0.0004166666666666667
2,DP eps=0.5,neg_entropy,0.0005436183620153838,0.0004166666666666667
2,DP eps=0.5,neg_entropy,0.0005817091329374358,0.0004166666666666667
2,DP eps=0.5,neg_entropy,0.000622468884399544,0.0004166666666666667
2,DP eps=0.5,neg_entropy,0.0006660846290809161,0.0004166666666666667
2,DP eps=0.5,neg_entropy,0.0007127564834438914,0.0016666666666666668
2,DP eps=0.5,neg_entropy,0.0007626985859023443,0.0016666666666666668
2,DP eps=0.5,neg_entropy,0.0008161400793251826,0.0016666666666666668
2,DP eps=0.5,neg_entropy,0.0008733261623828437,0.0016666666666666668
2,DP eps=0.5,neg_entropy,0.0009345192145605374,0.0016666666666666668
2,DP eps=0.5,neg_entropy,0.001,0.0016666666666666668
2,DP eps=0.5,neg_entropy,0.0010700689556931745,0.0016666666666666668
2,DP eps=0.5,neg_entropy,0.0011450475699382812,0.0016666666666666668
2,DP eps=0.5,neg_entropy,0.0012252798573828651,0.0016666666666666668
2,DP eps=0.5,neg_entropy,0.0013111339374215643,0.0016666666666666668
2,DP eps=0.5,neg_entropy,0.0014030037231905735,0.0016666666666666668
2,DP eps=0.5,neg_entropy,0.0015013107289081743,0.0016666666666666668
2,DP eps=0.5,neg_entropy,0.0016065060038537287,0.0016666666666666668
2,DP eps=0.5,neg_entropy,0.0017190722018585747,0.0020833333333333333
2,DP eps=0.5,neg_entropy,0.0018395257958039712,0.0020833333333333333
2,DP eps=0.5,neg_entropy,0.0019684194472866113,0.0020833333333333333
2,DP eps=0.5,neg_entropy,0.00210634454232412,0.002916666666666667
2,DP eps=0.5,neg_entropy,0.002253933904734791,0.002916666666666667
2,DP eps=0.5,neg_entropy,0.002411864699640997,0.002916666666666667
2,DP eps=0.5,neg_entropy,0.0025808615404180743,0.002916666666666667
2,DP eps=0.5,neg_entropy,0.002761699813343849,0.0033333333333333335
2,DP eps=0.5,neg_entropy,0.002955209235202888,0.0033333333333333335
2,DP eps=0.5,neg_entropy,0.0031622776601683794,0.0033333333333333335
2,DP eps=0.5,neg_entropy,0.003383855153428233,0.00375
2,DP eps=0.5,neg_entropy,0.0036209583502459165,0.00375
2,DP eps=0.5,neg_entropy,0.0038746751204561283,0.004166666666666667
2,DP eps=0.5,neg_entropy,0.004146169559796819,0.004166666666666667
2,DP eps=0.5,neg_entropy,0.004436687330978612,0.004166666666666667
2,DP eps=0.5,neg_entropy,0.004747561378997425,0.004166666666666667
2,DP eps=0.5,neg_entropy,0.005080218046913023,0.004583333333333333
2,DP eps=0.5,neg_entropy,0.005436183620153837,0.005
2,DP eps=0.5,neg_entropy,0.005817091329374358,0.005
2,DP eps=0.5,neg_entropy,0.006224688843995439,0.005
2,DP eps=0.5,neg_entropy,0.006660846290809154,0.005416666666666667
2,DP eps=0.5,neg_entropy,0.007127564834438914,0.00625
2,DP eps=0.5,neg_entropy,0.007626985859023444,0.007083333333333333
2,DP eps=0.5,neg_entropy,0.008161400793251826,0.0075
2,DP eps=0.5,neg_entropy,0.008733261623828438,0.007916666666666667
2,DP eps=0.5,neg_entropy,0.009345192145605374,0.00875
2,DP eps=0.5,neg_entropy,0.01,0.010416666666666666
2,DP eps=0.5,neg_entropy,0.010700689556931747,0.012916666666666667
2,DP eps=0.5,neg_entropy,0.011450475699382817,0.014166666666666666
2,DP eps=0.5,neg_entropy,0.012252798573828645,0.014583333333333334
2,DP eps=0.5,neg_entropy,0.013111339374215644,0.01625
2,DP eps=0.5,neg_entropy,0.014030037231905735,0.017083333333333332
2,DP eps=0.5,neg_entropy,0.015013107289081735,0.018333333333333333
2,DP eps=0.5,neg_entropy,0.01606506003853728,0.01875
2,DP eps=0.5,neg_entropy,0.017190722018585746,0.02
2,DP eps=0.5,neg_entropy,0.01839525795803971,0.02
2,DP eps=0.5,neg_entropy,0.019684194472866123,0.020416666666666666
2,DP eps=0.5,neg_entropy,0.02106344542324121,0.020833333333333332
2,DP eps=0.5,neg_entropy,0.022539339047347912,0.0225
2,DP eps=0.5,neg_entropy,0.024118646996409972,0.022916666666666665
2,DP eps=0.5,neg_entropy,0.02580861540418074,0.024166666666666666
2,DP eps=0.5,neg_entropy,0.02761699813343848,0.025
2,DP eps=0.5,neg_entropy,0.029552092352028863,0.027083333333333334
2,DP eps=0.5,neg_entropy,0.03162277660168379,0.029583333333333333
2,DP eps=0.5,neg_entropy,0.033838551534282335,0.030833333333333334
2,DP eps=0.5,neg_entropy,0.03620958350245917,0.032916666666666664
2,DP eps=0.5,neg_entropy,0.03874675120456132,0.034583333333333334
2,DP eps=0.5,neg_entropy,0.04146169559796819,0.03666666666666667
2,DP eps=0.5,neg_entropy,0.044366873309786115,0.03916666666666667
2,DP eps=0.5,neg_entropy,0.047475613789974204,0.041666666666666664
2,DP eps=0.5,neg_entropy,0.05080218046913023,0.04791666666666667
2,DP eps=0.5,neg_entropy,0.05436183620153837,0.05
2,DP eps=0.5,neg_entropy,0.058170913293743576,0.05291666666666667
2,DP eps=0.5,neg_entropy,0.0622468884399544,0.05541666666666667
2,DP eps=0.5,neg_entropy,0.06660846290809161,0.06041666666666667
2,DP eps=0.5,neg_entropy,0.07127564834438914,0.06416666666666666
2,DP eps=0.5,neg_entropy,0.07626985859023444,0.06916666666666667
2,DP eps=0.5,neg_entropy,0.08161400793251826,0.07583333333333334
2,DP eps=0.5,neg_entropy,0.08733261623828428,0.08125
2,DP eps=0.5,neg_entropy,0.09345192145605374,0.0875
2,DP eps=0.5,neg_entropy,0.1,0.09333333333333334
2,DP eps=0.5,neg_entropy,0.10700689556931746,0.10583333333333333
2,DP eps=0.5,neg_entropy,0.11450475699382812,0.11666666666666667
2,DP eps=0.5,neg_entropy,0.12252798573828651,0.12541666666666668
2,DP eps=0.5,neg_entropy,0.13111339374215644,0.13375
2,DP eps=0.5,neg_entropy,0.14030037231905734,0.14166666666666666
2,DP eps=0.5,neg_entropy,0.15013107289081729,0.15416666666666667
2,DP eps=0.5,neg_entropy,0.16065060038537288,0.16208333333333333
2,DP eps=0.5,neg_entropy,0.17190722018585747,0.17291666666666666
2,DP eps=0.5,neg_entropy,0.18395257958039712,0.18458333333333332
2,DP eps=0.5,neg_entropy,0.19684194472866112,0.2
2,DP eps=0.5,neg_entropy,0.210634454232412,0.21458333333333332
2,DP eps=0.5,neg_entropy,0.22539339047347912,0.225
2,DP eps=0.5,neg_entropy,0.24118646996409973,0.2425
2,DP eps=0.5,neg_entropy,0.2580861540418074,0.25875
2,DP eps=0.5,neg_entropy,0.27616998133438464,0.28125
2,DP eps=0.5,neg_entropy,0.2955209235202888,0.2966666666666667
2,DP eps=0.5,neg_entropy,0.31622776601683794,0.3179166666666667
2,DP eps=0.5,neg_entropy,0.33838551534282335,0.33708333333333335
2,DP eps=0.5,neg_entropy,0.36209583502459164,0.35791666666666666
2,DP eps=0.5,neg_entropy,0.3874675120456132,0.38458333333333333
2,DP eps=0.5,neg_entropy,0.4146169559796819,0.41375
2,DP eps=0.5,neg_entropy,0.44366873309786115,0.4425
2,DP eps=0.5,neg_entropy,0.474756137899742,0.4708333333333333
2,DP eps=0.5,neg_entropy,0.5080218046913023,0.5041666666666667
2,DP eps=0.5,neg_entropy,0.5436183620153837,0.54375
2,DP eps=0.5,neg_entropy,0.5817091329374358,0.5825
2,DP eps=0.5,neg_entropy,0.622468884399544,0.62125
2,DP eps=0.5,neg_entropy,0.6660846290809154,0.6725
2,DP eps=0.5,neg_entropy,0.7127564834438914,0.7166666666666667
2,DP eps=0.5,neg_entropy,0.7626985859023444,0.76375
2,DP eps=0.5,neg_entropy,0.8161400793251826,0.8125
2,DP eps=0.5,neg_entropy,0.8733261623828429,0.8854166666666666
2,DP eps=0.5,neg_entropy,0.9345192145605374,0.9420833333333334
2,DP eps=0.5,neg_entropy,1.0,1.0
2,DP eps=0.5,yeom_neg_loss,0.00031622776601683794,0.0004166666666666667
2,DP eps=0.5,yeom_neg_loss,0.00033838551534282334,0.0004166666666666667
2,DP eps=0.5,yeom_neg_loss,0.0003620958350245917,0.0004166666666666667
2,DP eps=0.5,yeom_neg_loss,0.0003874675120456132,0.0004166666666666667
2,DP eps=0.5,yeom_neg_loss,0.0004146169559796819,0.0004166666666666667
2,DP eps=0.5,yeom_neg_loss,0.0004436687330978611,0.0004166666666666667
2,DP eps=0.5,yeom_neg_loss,0.00047475613789974203,0.0004166666666666667
2,DP eps=0.5,yeom_neg_loss,0.0005080218046913023,0.0004166666666666667
2,DP eps=0.5,yeom_neg_loss,0.0005436183620153838,0.0004166666666666667
2,DP eps=0.5,yeom_neg_loss,0.0005817091329374358,0.0004166666666666667
2,DP eps=0.5,yeom_neg_loss,0.000622468884399544,0.0004166666666666667
2,DP eps=0.5,yeom_neg_loss,0.0006660846290809161,0.0004166666666666667
2,DP eps=0.5,yeom_neg_loss,0.0007127564834438914,0.0016666666666666668
2,DP eps=0.5,yeom_neg_loss,0.0007626985859023443,0.0016666666666666668
2,DP eps=0.5,yeom_neg_loss,0.0008161400793251826,0.0016666666666666668
2,DP eps=0.5,yeom_neg_loss,0.0008733261623828437,0.0016666666666666668
2,DP eps=0.5,yeom_neg_loss,0.0009345192145605374,0.0016666666666666668
2,DP eps=0.5,yeom_neg_loss,0.001,0.0016666666666666668
2,DP eps=0.5,yeom_neg_loss,0.0010700689556931745,0.0016666666666666668
2,DP eps=0.5,yeom_neg_loss,0.0011450475699382812,0.0016666666666666668
2,DP eps=0.5,yeom_neg_loss,0.0012252798573828651,0.0016666666666666668
2,DP eps=0.5,yeom_neg_loss,0.0013111339374215643,0.0016666666666666668
2,DP eps=0.5,yeom_neg_loss,0.0014030037231905735,0.0016666666666666668
2,DP eps=0.5,yeom_neg_loss,0.0015013107289081743,0.0016666666666666668
2,DP eps=0.5,yeom_neg_loss,0.0016065060038537287,0.0016666666666666668
2,DP eps=0.5,yeom_neg_loss,0.0017190722018585747,0.0020833333333333333
2,DP eps=0.5,yeom_neg_loss,0.0018395257958039712,0.0020833333333333333
2,DP eps=0.5,yeom_neg_loss,0.0019684194472866113,0.0020833333333333333
2,DP eps=0.5,yeom_neg_loss,0.00210634454232412,0.002916666666666667
2,DP eps=0.5,yeom_neg_loss,0.002253933904734791,0.002916666666666667
2,DP eps=0.5,yeom_neg_loss,0.002411864699640997,0.002916666666666667
2,DP eps=0.5,yeom_neg_loss,0.0025808615404180743,0.002916666666666667
2,DP eps=0.5,yeom_neg_loss,0.002761699813343849,0.0033333333333333335
2,DP eps=0.5,yeom_neg_loss,0.002955209235202888,0.0033333333333333335
2,DP eps=0.5,yeom_neg_loss,0.0031622776601683794,0.0033333333333333335
2,DP eps=0.5,yeom_neg_loss,0.003383855153428233,0.00375
2,DP eps=0.5,yeom_neg_loss,0.0036209583502459165,0.00375
2,DP eps=0.5,yeom_neg_loss,0.0038746751204561283,0.004166666666666667
2,DP eps=0.5,yeom_neg_loss,0.004146169559796819,0.004166666666666667
2,DP eps=0.5,yeom_neg_loss,0.004436687330978612,0.004166666666666667
2,DP eps=0.5,yeom_neg_loss,0.004747561378997425,0.004166666666666667
2,DP eps=0.5,yeom_neg_loss,0.005080218046913023,0.004583333333333333
2,DP eps=0.5,yeom_neg_loss,0.005436183620153837,0.005
2,DP eps=0.5,yeom_neg_loss,0.005817091329374358,0.005
2,DP eps=0.5,yeom_neg_loss,0.006224688843995439,0.005
2,DP eps=0.5,yeom_neg_loss,0.006660846290809154,0.005416666666666667
2,DP eps=0.5,yeom_neg_loss,0.007127564834438914,0.005416666666666667
2,DP eps=0.5,yeom_neg_loss,0.007626985859023444,0.00625
2,DP eps=0.5,yeom_neg_loss,0.008161400793251826,0.006666666666666667
2,DP eps=0.5,yeom_neg_loss,0.008733261623828438,0.007083333333333333
2,DP eps=0.5,yeom_neg_loss,0.009345192145605374,0.009166666666666667
2,DP eps=0.5,yeom_neg_loss,0.01,0.011666666666666667
2,DP eps=0.5,yeom_neg_loss,0.010700689556931747,0.012083333333333333
2,DP eps=0.5,yeom_neg_loss,0.011450475699382817,0.013333333333333334
2,DP eps=0.5,yeom_neg_loss,0.012252798573828645,0.014166666666666666
2,DP eps=0.5,yeom_neg_loss,0.013111339374215644,0.014583333333333334
2,DP eps=0.5,yeom_neg_loss,0.014030037231905735,0.015416666666666667
2,DP eps=0.5,yeom_neg_loss,0.015013107289081735,0.016666666666666666
2,DP eps=0.5,yeom_neg_loss,0.01606506003853728,0.0175
2,DP eps=0.5,yeom_neg_loss,0.017190722018585746,0.018333333333333333
2,DP eps=0.5,yeom_neg_loss,0.01839525795803971,0.01875
2,DP eps=0.5,yeom_neg_loss,0.019684194472866123,0.01875
2,DP eps=0.5,yeom_neg_loss,0.02106344542324121,0.019583333333333335
2,DP eps=0.5,yeom_neg_loss,0.022539339047347912,0.020833333333333332
2,DP eps=0.5,yeom_neg_loss,0.024118646996409972,0.02125
2,DP eps=0.5,yeom_neg_loss,0.02580861540418074,0.022916666666666665
2,DP eps=0.5,yeom_neg_loss,0.02761699813343848,0.025
2,DP eps=0.5,yeom_neg_loss,0.029552092352028863,0.027916666666666666
2,DP eps=0.5,yeom_neg_loss,0.03162277660168379,0.029166666666666667
2,DP eps=0.5,yeom_neg_loss,0.033838551534282335,0.03
2,DP eps=0.5,yeom_neg_loss,0.03620958350245917,0.03166666666666667
2,DP eps=0.5,yeom_neg_loss,0.03874675120456132,0.03375
2,DP eps=0.5,yeom_neg_loss,0.04146169559796819,0.035833333333333335
2,DP eps=0.5,yeom_neg_loss,0.044366873309786115,0.03791666666666667
2,DP eps=0.5,yeom_neg_loss,0.047475613789974204,0.04375
2,DP eps=0.5,yeom_neg_loss,0.05080218046913023,0.04625
2,DP eps=0.5,yeom_neg_loss,0.05436183620153837,0.049166666666666664
2,DP eps=0.5,yeom_neg_loss,0.058170913293743576,0.051666666666666666
2,DP eps=0.5,yeom_neg_loss,0.0622468884399544,0.05625
2,DP eps=0.5,yeom_neg_loss,0.06660846290809161,0.06041666666666667
2,DP eps=0.5,yeom_neg_loss,0.07127564834438914,0.065
2,DP eps=0.5,yeom_neg_loss,0.07626985859023444,0.07166666666666667
2,DP eps=0.5,yeom_neg_loss,0.08161400793251826,0.075
2,DP eps=0.5,yeom_neg_loss,0.08733261623828428,0.08125
2,DP eps=0.5,yeom_neg_loss,0.09345192145605374,0.08791666666666667
2,DP eps=0.5,yeom_neg_loss,0.1,0.09625
2,DP eps=0.5,yeom_neg_loss,0.10700689556931746,0.11
2,DP eps=0.5,yeom_neg_loss,0.11450475699382812,0.11708333333333333
2,DP eps=0.5,yeom_neg_loss,0.12252798573828651,0.12291666666666666
2,DP eps=0.5,yeom_neg_loss,0.13111339374215644,0.13139174217769556
2,DP eps=0.5,yeom_neg_loss,0.14030037231905734,0.14166666666666666
2,DP eps=0.5,yeom_neg_loss,0.15013107289081729,0.14958333333333335
2,DP eps=0.5,yeom_neg_loss,0.16065060038537288,0.16
2,DP eps=0.5,yeom_neg_loss,0.17190722018585747,0.17083333333333334
2,DP eps=0.5,yeom_neg_loss,0.18395257958039712,0.18416666666666667
2,DP eps=0.5,yeom_neg_loss,0.19684194472866112,0.19708333333333333
2,DP eps=0.5,yeom_neg_loss,0.210634454232412,0.20666666666666667
2,DP eps=0.5,yeom_neg_loss,0.22539339047347912,0.22541666666666665
2,DP eps=0.5,yeom_neg_loss,0.24118646996409973,0.24041666666666667
2,DP eps=0.5,yeom_neg_loss,0.2580861540418074,0.255
2,DP eps=0.5,yeom_neg_loss,0.27616998133438464,0.27625
2,DP eps=0.5,yeom_neg_loss,0.2955209235202888,0.29333333333333333
2,DP eps=0.5,yeom_neg_loss,0.31622776601683794,0.31125
2,DP eps=0.5,yeom_neg_loss,0.33838551534282335,0.335
2,DP eps=0.5,yeom_neg_loss,0.36209583502459164,0.3595833333333333
2,DP eps=0.5,yeom_neg_loss,0.3874675120456132,0.38375
2,DP eps=0.5,yeom_neg_loss,0.4146169559796819,0.41125
2,DP eps=0.5,yeom_neg_loss,0.44366873309786115,0.44375
2,DP eps=0.5,yeom_neg_loss,0.474756137899742,0.47375
2,DP eps=0.5,yeom_neg_loss,0.5080218046913023,0.5058333333333334
2,DP eps=0.5,yeom_neg_loss,0.5436183620153837,0.54625
2,DP eps=0.5,yeom_neg_loss,0.5817091329374358,0.5870833333333333
2,DP eps=0.5,yeom_neg_loss,0.622468884399544,0.62125
2,DP eps=0.5,yeom_neg_loss,0.6660846290809154,0.6716666666666666
2,DP eps=0.5,yeom_neg_loss,0.7127564834438914,0.7075
2,DP eps=0.5,yeom_neg_loss,0.7626985859023444,0.7566666666666667
2,DP eps=0.5,yeom_neg_loss,0.8161400793251826,0.81125
2,DP eps=0.5,yeom_neg_loss,0.8733261623828429,0.875
2,DP eps=0.5,yeom_neg_loss,0.9345192145605374,0.93375
2,DP eps=0.5,yeom_neg_loss,1.0,1.0
2,DP eps=0.5,modified_entropy,0.00031622776601683794,0.0004166666666666667
2,DP eps=0.5,modified_entropy,0.00033838551534282334,0.0004166666666666667
2,DP eps=0.5,modified_entropy,0.0003620958350245917,0.0004166666666666667
2,DP eps=0.5,modified_entropy,0.0003874675120456132,0.0004166666666666667
2,DP eps=0.5,modified_entropy,0.0004146169559796819,0.0004166666666666667
2,DP eps=0.5,modified_entropy,0.0004436687330978611,0.0004166666666666667
2,DP eps=0.5,modified_entropy,0.00047475613789974203,0.0004166666666666667
2,DP eps=0.5,modified_entropy,0.0005080218046913023,0.0004166666666666667
2,DP eps=0.5,modified_entropy,0.0005436183620153838,0.0004166666666666667
2,DP eps=0.5,modified_entropy,0.0005817091329374358,0.0004166666666666667
2,DP eps=0.5,modified_entropy,0.000622468884399544,0.0004166666666666667
2,DP eps=0.5,modified_entropy,0.0006660846290809161,0.0004166666666666667
2,DP eps=0.5,modified_entropy,0.0007127564834438914,0.0016666666666666668
2,DP eps=0.5,modified_entropy,0.0007626985859023443,0.0016666666666666668
2,DP eps=0.5,modified_entropy,0.0008161400793251826,0.0016666666666666668
2,DP eps=0.5,modified_entropy,0.0008733261623828437,0.0016666666666666668
2,DP eps=0.5,modified_entropy,0.0009345192145605374,0.0016666666666666668
2,DP eps=0.5,modified_entropy,0.001,0.0016666666666666668
2,DP eps=0.5,modified_entropy,0.0010700689556931745,0.0016666666666666668
2,DP eps=0.5,modified_entropy,0.0011450475699382812,0.0016666666666666668
2,DP eps=0.5,modified_entropy,0.0012252798573828651,0.0016666666666666668
2,DP eps=0.5,modified_entropy,0.0013111339374215643,0.0016666666666666668
2,DP eps=0.5,modified_entropy,0.0014030037231905735,0.0016666666666666668
2,DP eps=0.5,modified_entropy,0.0015013107289081743,0.0016666666666666668
2,DP eps=0.5,modified_entropy,0.0016065060038537287,0.0016666666666666668
2,DP eps=0.5,modified_entropy,0.0017190722018585747,0.0020833333333333333
2,DP eps=0.5,modified_entropy,0.0018395257958039712,0.0020833333333333333
2,DP eps=0.5,modified_entropy,0.0019684194472866113,0.0020833333333333333
2,DP eps=0.5,modified_entropy,0.00210634454232412,0.002916666666666667
2,DP eps=0.5,modified_entropy,0.002253933904734791,0.002916666666666667
2,DP eps=0.5,modified_entropy,0.002411864699640997,0.002916666666666667
2,DP eps=0.5,modified_entropy,0.0025808615404180743,0.002916666666666667
2,DP eps=0.5,modified_entropy,0.002761699813343849,0.0033333333333333335
2,DP eps=0.5,modified_entropy,0.002955209235202888,0.0033333333333333335
2,DP eps=0.5,modified_entropy,0.0031622776601683794,0.0033333333333333335
2,DP eps=0.5,modified_entropy,0.003383855153428233,0.00375
2,DP eps=0.5,modified_entropy,0.0036209583502459165,0.00375
2,DP eps=0.5,modified_entropy,0.0038746751204561283,0.004166666666666667
2,DP eps=0.5,modified_entropy,0.004146169559796819,0.004166666666666667
2,DP eps=0.5,modified_entropy,0.004436687330978612,0.004166666666666667
2,DP eps=0.5,modified_entropy,0.004747561378997425,0.004166666666666667
2,DP eps=0.5,modified_entropy,0.005080218046913023,0.004583333333333333
2,DP eps=0.5,modified_entropy,0.005436183620153837,0.005
2,DP eps=0.5,modified_entropy,0.005817091329374358,0.005
2,DP eps=0.5,modified_entropy,0.006224688843995439,0.005
2,DP eps=0.5,modified_entropy,0.006660846290809154,0.005416666666666667
2,DP eps=0.5,modified_entropy,0.007127564834438914,0.005416666666666667
2,DP eps=0.5,modified_entropy,0.007626985859023444,0.00625
2,DP eps=0.5,modified_entropy,0.008161400793251826,0.006666666666666667
2,DP eps=0.5,modified_entropy,0.008733261623828438,0.007083333333333333
2,DP eps=0.5,modified_entropy,0.009345192145605374,0.009166666666666667
2,DP eps=0.5,modified_entropy,0.01,0.011666666666666667
2,DP eps=0.5,modified_entropy,0.010700689556931747,0.012083333333333333
2,DP eps=0.5,modified_entropy,0.011450475699382817,0.013333333333333334
2,DP eps=0.5,modified_entropy,0.012252798573828645,0.014166666666666666
2,DP eps=0.5,modified_entropy,0.013111339374215644,0.014583333333333334
2,DP eps=0.5,modified_entropy,0.014030037231905735,0.015416666666666667
2,DP eps=0.5,modified_entropy,0.015013107289081735,0.016666666666666666
2,DP eps=0.5,modified_entropy,0.01606506003853728,0.0175
2,DP eps=0.5,modified_entropy,0.017190722018585746,0.018333333333333333
2,DP eps=0.5,modified_entropy,0.01839525795803971,0.01875
2,DP eps=0.5,modified_entropy,0.019684194472866123,0.01875
2,DP eps=0.5,modified_entropy,0.02106344542324121,0.019583333333333335
2,DP eps=0.5,modified_entropy,0.022539339047347912,0.020833333333333332
2,DP eps=0.5,modified_entropy,0.024118646996409972,0.02125
2,DP eps=0.5,modified_entropy,0.02580861540418074,0.022916666666666665
2,DP eps=0.5,modified_entropy,0.02761699813343848,0.025
2,DP eps=0.5,modified_entropy,0.029552092352028863,0.027916666666666666
2,DP eps=0.5,modified_entropy,0.03162277660168379,0.029166666666666667
2,DP eps=0.5,modified_entropy,0.033838551534282335,0.03
2,DP eps=0.5,modified_entropy,0.03620958350245917,0.03166666666666667
2,DP eps=0.5,modified_entropy,0.03874675120456132,0.03375
2,DP eps=0.5,modified_entropy,0.04146169559796819,0.035833333333333335
2,DP eps=0.5,modified_entropy,0.044366873309786115,0.03791666666666667
2,DP eps=0.5,modified_entropy,0.047475613789974204,0.04375
2,DP eps=0.5,modified_entropy,0.05080218046913023,0.04625
2,DP eps=0.5,modified_entropy,0.05436183620153837,0.049166666666666664
2,DP eps=0.5,modified_entropy,0.058170913293743576,0.051666666666666666
2,DP eps=0.5,modified_entropy,0.0622468884399544,0.05625
2,DP eps=0.5,modified_entropy,0.06660846290809161,0.06041666666666667
2,DP eps=0.5,modified_entropy,0.07127564834438914,0.065
2,DP eps=0.5,modified_entropy,0.07626985859023444,0.07166666666666667
2,DP eps=0.5,modified_entropy,0.08161400793251826,0.075
2,DP eps=0.5,modified_entropy,0.08733261623828428,0.08125
2,DP eps=0.5,modified_entropy,0.09345192145605374,0.08791666666666667
2,DP eps=0.5,modified_entropy,0.1,0.09625
2,DP eps=0.5,modified_entropy,0.10700689556931746,0.11
2,DP eps=0.5,modified_entropy,0.11450475699382812,0.11708333333333333
2,DP eps=0.5,modified_entropy,0.12252798573828651,0.12291666666666666
2,DP eps=0.5,modified_entropy,0.13111339374215644,0.13125
2,DP eps=0.5,modified_entropy,0.14030037231905734,0.14166666666666666
2,DP eps=0.5,modified_entropy,0.15013107289081729,0.14958333333333335
2,DP eps=0.5,modified_entropy,0.16065060038537288,0.16
2,DP eps=0.5,modified_entropy,0.17190722018585747,0.17083333333333334
2,DP eps=0.5,modified_entropy,0.18395257958039712,0.18416666666666667
2,DP eps=0.5,modified_entropy,0.19684194472866112,0.19708333333333333
2,DP eps=0.5,modified_entropy,0.210634454232412,0.20666666666666667
2,DP eps=0.5,modified_entropy,0.22539339047347912,0.22541666666666665
2,DP eps=0.5,modified_entropy,0.24118646996409973,0.24041666666666667
2,DP eps=0.5,modified_entropy,0.2580861540418074,0.255
2,DP eps=0.5,modified_entropy,0.27616998133438464,0.27625
2,DP eps=0.5,modified_entropy,0.2955209235202888,0.29333333333333333
2,DP eps=0.5,modified_entropy,0.31622776601683794,0.31125
2,DP eps=0.5,modified_entropy,0.33838551534282335,0.335
2,DP eps=0.5,modified_entropy,0.36209583502459164,0.3595833333333333
2,DP eps=0.5,modified_entropy,0.3874675120456132,0.38375
2,DP eps=0.5,modified_entropy,0.4146169559796819,0.41125
2,DP eps=0.5,modified_entropy,0.44366873309786115,0.44375
2,DP eps=0.5,modified_entropy,0.474756137899742,0.47375
2,DP eps=0.5,modified_entropy,0.5080218046913023,0.5058333333333334
2,DP eps=0.5,modified_entropy,0.5436183620153837,0.54625
2,DP eps=0.5,modified_entropy,0.5817091329374358,0.5870833333333333
2,DP eps=0.5,modified_entropy,0.622468884399544,0.62125
2,DP eps=0.5,modified_entropy,0.6660846290809154,0.6716666666666666
2,DP eps=0.5,modified_entropy,0.7127564834438914,0.7075
2,DP eps=0.5,modified_entropy,0.7626985859023444,0.7566666666666667
2,DP eps=0.5,modified_entropy,0.8161400793251826,0.81125
2,DP eps=0.5,modified_entropy,0.8733261623828429,0.875
2,DP eps=0.5,modified_entropy,0.9345192145605374,0.93375
2,DP eps=0.5,modified_entropy,1.0,1.0
2,DP eps=0.5,class_calibrated_loss,0.00031622776601683794,0.0020833333333333333
2,DP eps=0.5,class_calibrated_loss,0.00033838551534282334,0.0025
2,DP eps=0.5,class_calibrated_loss,0.0003620958350245917,0.0025
2,DP eps=0.5,class_calibrated_loss,0.0003874675120456132,0.0025
2,DP eps=0.5,class_calibrated_loss,0.0004146169559796819,0.0025
2,DP eps=0.5,class_calibrated_loss,0.0004436687330978611,0.0025
2,DP eps=0.5,class_calibrated_loss,0.00047475613789974203,0.0025
2,DP eps=0.5,class_calibrated_loss,0.0005080218046913023,0.0025
2,DP eps=0.5,class_calibrated_loss,0.0005436183620153838,0.0025
2,DP eps=0.5,class_calibrated_loss,0.0005817091329374358,0.0025
2,DP eps=0.5,class_calibrated_loss,0.000622468884399544,0.0025
2,DP eps=0.5,class_calibrated_loss,0.0006660846290809161,0.0025
2,DP eps=0.5,class_calibrated_loss,0.0007127564834438914,0.0033333333333333335
2,DP eps=0.5,class_calibrated_loss,0.0007626985859023443,0.0033333333333333335
2,DP eps=0.5,class_calibrated_loss,0.0008161400793251826,0.0033333333333333335
2,DP eps=0.5,class_calibrated_loss,0.0008733261623828437,0.0033333333333333335
2,DP eps=0.5,class_calibrated_loss,0.0009345192145605374,0.0033333333333333335
2,DP eps=0.5,class_calibrated_loss,0.001,0.00375
2,DP eps=0.5,class_calibrated_loss,0.0010700689556931745,0.00375
2,DP eps=0.5,class_calibrated_loss,0.0011450475699382812,0.00375
2,DP eps=0.5,class_calibrated_loss,0.0012252798573828651,0.00375
2,DP eps=0.5,class_calibrated_loss,0.0013111339374215643,0.00375
2,DP eps=0.5,class_calibrated_loss,0.0014030037231905735,0.00375
2,DP eps=0.5,class_calibrated_loss,0.0015013107289081743,0.00375
2,DP eps=0.5,class_calibrated_loss,0.0016065060038537287,0.00375
2,DP eps=0.5,class_calibrated_loss,0.0017190722018585747,0.00375
2,DP eps=0.5,class_calibrated_loss,0.0018395257958039712,0.00375
2,DP eps=0.5,class_calibrated_loss,0.0019684194472866113,0.00375
2,DP eps=0.5,class_calibrated_loss,0.00210634454232412,0.00375
2,DP eps=0.5,class_calibrated_loss,0.002253933904734791,0.00375
2,DP eps=0.5,class_calibrated_loss,0.002411864699640997,0.00375
2,DP eps=0.5,class_calibrated_loss,0.0025808615404180743,0.00375
2,DP eps=0.5,class_calibrated_loss,0.002761699813343849,0.00375
2,DP eps=0.5,class_calibrated_loss,0.002955209235202888,0.00375
2,DP eps=0.5,class_calibrated_loss,0.0031622776601683794,0.00375
2,DP eps=0.5,class_calibrated_loss,0.003383855153428233,0.00375
2,DP eps=0.5,class_calibrated_loss,0.0036209583502459165,0.00375
2,DP eps=0.5,class_calibrated_loss,0.0038746751204561283,0.004166666666666667
2,DP eps=0.5,class_calibrated_loss,0.004146169559796819,0.004166666666666667
2,DP eps=0.5,class_calibrated_loss,0.004436687330978612,0.004166666666666667
2,DP eps=0.5,class_calibrated_loss,0.004747561378997425,0.004166666666666667
2,DP eps=0.5,class_calibrated_loss,0.005080218046913023,0.005416666666666667
2,DP eps=0.5,class_calibrated_loss,0.005436183620153837,0.005416666666666667
2,DP eps=0.5,class_calibrated_loss,0.005817091329374358,0.005416666666666667
2,DP eps=0.5,class_calibrated_loss,0.006224688843995439,0.005833333333333334
2,DP eps=0.5,class_calibrated_loss,0.006660846290809154,0.00625
2,DP eps=0.5,class_calibrated_loss,0.007127564834438914,0.00625
2,DP eps=0.5,class_calibrated_loss,0.007626985859023444,0.00625
2,DP eps=0.5,class_calibrated_loss,0.008161400793251826,0.00625
2,DP eps=0.5,class_calibrated_loss,0.008733261623828438,0.0075
2,DP eps=0.5,class_calibrated_loss,0.009345192145605374,0.007916666666666667
2,DP eps=0.5,class_calibrated_loss,0.01,0.007916666666666667
2,DP eps=0.5,class_calibrated_loss,0.010700689556931747,0.008333333333333333
2,DP eps=0.5,class_calibrated_loss,0.011450475699382817,0.009583333333333333
2,DP eps=0.5,class_calibrated_loss,0.012252798573828645,0.01
2,DP eps=0.5,class_calibrated_loss,0.013111339374215644,0.010416666666666666
2,DP eps=0.5,class_calibrated_loss,0.014030037231905735,0.011666666666666667
2,DP eps=0.5,class_calibrated_loss,0.015013107289081735,0.012916666666666667
2,DP eps=0.5,class_calibrated_loss,0.01606506003853728,0.012916666666666667
2,DP eps=0.5,class_calibrated_loss,0.017190722018585746,0.01375
2,DP eps=0.5,class_calibrated_loss,0.01839525795803971,0.014583333333333334
2,DP eps=0.5,class_calibrated_loss,0.019684194472866123,0.015416666666666667
2,DP eps=0.5,class_calibrated_loss,0.02106344542324121,0.01625
2,DP eps=0.5,class_calibrated_loss,0.022539339047347912,0.017083333333333332
2,DP eps=0.5,class_calibrated_loss,0.024118646996409972,0.01875
2,DP eps=0.5,class_calibrated_loss,0.02580861540418074,0.020416666666666666
2,DP eps=0.5,class_calibrated_loss,0.02761699813343848,0.024166666666666666
2,DP eps=0.5,class_calibrated_loss,0.029552092352028863,0.025
2,DP eps=0.5,class_calibrated_loss,0.03162277660168379,0.025833333333333333
2,DP eps=0.5,class_calibrated_loss,0.033838551534282335,0.029583333333333333
2,DP eps=0.5,class_calibrated_loss,0.03620958350245917,0.03166666666666667
2,DP eps=0.5,class_calibrated_loss,0.03874675120456132,0.032916666666666664
2,DP eps=0.5,class_calibrated_loss,0.04146169559796819,0.03666666666666667
2,DP eps=0.5,class_calibrated_loss,0.044366873309786115,0.03833333333333333
2,DP eps=0.5,class_calibrated_loss,0.047475613789974204,0.04
2,DP eps=0.5,class_calibrated_loss,0.05080218046913023,0.042916666666666665
2,DP eps=0.5,class_calibrated_loss,0.05436183620153837,0.04541666666666667
2,DP eps=0.5,class_calibrated_loss,0.058170913293743576,0.049166666666666664
2,DP eps=0.5,class_calibrated_loss,0.0622468884399544,0.05416666666666667
2,DP eps=0.5,class_calibrated_loss,0.06660846290809161,0.06166666666666667
2,DP eps=0.5,class_calibrated_loss,0.07127564834438914,0.06708333333333333
2,DP eps=0.5,class_calibrated_loss,0.07626985859023444,0.07416666666666667
2,DP eps=0.5,class_calibrated_loss,0.08161400793251826,0.07708333333333334
2,DP eps=0.5,class_calibrated_loss,0.08733261623828428,0.08166666666666667
2,DP eps=0.5,class_calibrated_loss,0.09345192145605374,0.08916666666666667
2,DP eps=0.5,class_calibrated_loss,0.1,0.09708333333333333
2,DP eps=0.5,class_calibrated_loss,0.10700689556931746,0.105
2,DP eps=0.5,class_calibrated_loss,0.11450475699382812,0.1175
2,DP eps=0.5,class_calibrated_loss,0.12252798573828651,0.12333333333333334
2,DP eps=0.5,class_calibrated_loss,0.13111339374215644,0.13333333333333333
2,DP eps=0.5,class_calibrated_loss,0.14030037231905734,0.14208333333333334
2,DP eps=0.5,class_calibrated_loss,0.15013107289081729,0.15375
2,DP eps=0.5,class_calibrated_loss,0.16065060038537288,0.16041666666666668
2,DP eps=0.5,class_calibrated_loss,0.17190722018585747,0.17083333333333334
2,DP eps=0.5,class_calibrated_loss,0.18395257958039712,0.18041666666666667
2,DP eps=0.5,class_calibrated_loss,0.19684194472866112,0.19666666666666666
2,DP eps=0.5,class_calibrated_loss,0.210634454232412,0.20791666666666667
2,DP eps=0.5,class_calibrated_loss,0.22539339047347912,0.2225
2,DP eps=0.5,class_calibrated_loss,0.24118646996409973,0.24333333333333335
2,DP eps=0.5,class_calibrated_loss,0.2580861540418074,0.26208333333333333
2,DP eps=0.5,class_calibrated_loss,0.27616998133438464,0.2791666666666667
2,DP eps=0.5,class_calibrated_loss,0.2955209235202888,0.29833333333333334
2,DP eps=0.5,class_calibrated_loss,0.31622776601683794,0.3179166666666667
2,DP eps=0.5,class_calibrated_loss,0.33838551534282335,0.34125
2,DP eps=0.5,class_calibrated_loss,0.36209583502459164,0.36541666666666667
2,DP eps=0.5,class_calibrated_loss,0.3874675120456132,0.38958333333333334
2,DP eps=0.5,class_calibrated_loss,0.4146169559796819,0.41791666666666666
2,DP eps=0.5,class_calibrated_loss,0.44366873309786115,0.44375
2,DP eps=0.5,class_calibrated_loss,0.474756137899742,0.47458333333333336
2,DP eps=0.5,class_calibrated_loss,0.5080218046913023,0.5075
2,DP eps=0.5,class_calibrated_loss,0.5436183620153837,0.5395833333333333
2,DP eps=0.5,class_calibrated_loss,0.5817091329374358,0.5875
2,DP eps=0.5,class_calibrated_loss,0.622468884399544,0.6258333333333334
2,DP eps=0.5,class_calibrated_loss,0.6660846290809154,0.6679166666666667
2,DP eps=0.5,class_calibrated_loss,0.7127564834438914,0.72
2,DP eps=0.5,class_calibrated_loss,0.7626985859023444,0.7679166666666667
2,DP eps=0.5,class_calibrated_loss,0.8161400793251826,0.8225
2,DP eps=0.5,class_calibrated_loss,0.8733261623828429,0.8666666666666667
2,DP eps=0.5,class_calibrated_loss,0.9345192145605374,0.9345833333333333
2,DP eps=0.5,class_calibrated_loss,1.0,1.0
2,DP eps=0.5,learned_ensemble,0.00031622776601683794,0.0
2,DP eps=0.5,learned_ensemble,0.00033838551534282334,0.0
2,DP eps=0.5,learned_ensemble,0.0003620958350245917,0.0
2,DP eps=0.5,learned_ensemble,0.0003874675120456132,0.0
2,DP eps=0.5,learned_ensemble,0.0004146169559796819,0.0
2,DP eps=0.5,learned_ensemble,0.0004436687330978611,0.0
2,DP eps=0.5,learned_ensemble,0.00047475613789974203,0.0
2,DP eps=0.5,learned_ensemble,0.0005080218046913023,0.0
2,DP eps=0.5,learned_ensemble,0.0005436183620153838,0.0
2,DP eps=0.5,learned_ensemble,0.0005817091329374358,0.0
2,DP eps=0.5,learned_ensemble,0.000622468884399544,0.0
2,DP eps=0.5,learned_ensemble,0.0006660846290809161,0.0
2,DP eps=0.5,learned_ensemble,0.0007127564834438914,0.0004742789376381976
2,DP eps=0.5,learned_ensemble,0.0007626985859023443,0.0005367065657112638
2,DP eps=0.5,learned_ensemble,0.0008161400793251826,0.0006035084324898116
2,DP eps=0.5,learned_ensemble,0.0008733261623828437,0.000674991036311888
2,DP eps=0.5,learned_ensemble,0.0009345192145605374,0.0007514823515340052
2,DP eps=0.5,learned_ensemble,0.001,0.004583333333333333
2,DP eps=0.5,learned_ensemble,0.0010700689556931745,0.004612528731538823
2,DP eps=0.5,learned_ensemble,0.0011450475699382812,0.004643769820807617
2,DP eps=0.5,learned_ensemble,0.0012252798573828651,0.004677199940576194
2,DP eps=0.5,learned_ensemble,0.0013111339374215643,0.0047129724739256515
2,DP eps=0.5,learned_ensemble,0.0014030037231905735,0.0047512515513294055
2,DP eps=0.5,learned_ensemble,0.0015013107289081743,0.004792212803711739
2,DP eps=0.5,learned_ensemble,0.0016065060038537287,0.004836044168272387
2,DP eps=0.5,learned_ensemble,0.0017190722018585747,0.004882946750774406
2,DP eps=0.5,learned_ensemble,0.0018395257958039712,0.004933135748251655
2,DP eps=0.5,learned_ensemble,0.0019684194472866113,0.004986841436369421
2,DP eps=0.5,learned_ensemble,0.00210634454232412,0.0050443102259683835
2,DP eps=0.5,learned_ensemble,0.002253933904734791,0.005105805793639497
2,DP eps=0.5,learned_ensemble,0.002411864699640997,0.005171610291517082
2,DP eps=0.5,learned_ensemble,0.0025808615404180743,0.005242025641840864
2,DP eps=0.5,learned_ensemble,0.002761699813343849,0.005317374922226604
2,DP eps=0.5,learned_ensemble,0.002955209235202888,0.005398003848001203
2,DP eps=0.5,learned_ensemble,0.0031622776601683794,0.005518090204271904
2,DP eps=0.5,learned_ensemble,0.003383855153428233,0.005656576137559313
2,DP eps=0.5,learned_ensemble,0.0036209583502459165,0.0058047656355703645
2,DP eps=0.5,learned_ensemble,0.0038746751204561283,0.0062933350945394715
2,DP eps=0.5,learned_ensemble,0.004146169559796819,0.0063498964360687825
2,DP eps=0.5,learned_ensemble,0.004436687330978612,0.006410420971731655
2,DP eps=0.5,learned_ensemble,0.004747561378997425,0.006475186398402242
2,DP eps=0.5,learned_ensemble,0.005080218046913023,0.006544489870884658
2,DP eps=0.5,learned_ensemble,0.005436183620153837,0.006618649365309827
2,DP eps=0.5,learned_ensemble,0.005817091329374358,0.007042728323435893
2,DP eps=0.5,learned_ensemble,0.006224688843995439,0.0077808610549943
2,DP eps=0.5,learned_ensemble,0.006660846290809154,0.008954695598422388
2,DP eps=0.5,learned_ensemble,0.007127564834438914,0.009166666666666667
2,DP eps=0.5,learned_ensemble,0.007626985859023444,0.009411377104741759
2,DP eps=0.5,learned_ensemble,0.008161400793251826,0.00985672288326541
2,DP eps=0.5,learned_ensemble,0.008733261623828438,0.012194324928602953
2,DP eps=0.5,learned_ensemble,0.009345192145605374,0.01321420913156451
2,DP eps=0.5,learned_ensemble,0.01,0.014166666666666666
2,DP eps=0.5,learned_ensemble,0.010700689556931747,0.01504252861283135
2,DP eps=0.5,learned_ensemble,0.011450475699382817,0.01597976129089519
2,DP eps=0.5,learned_ensemble,0.012252798573828645,0.016836131907161978
2,DP eps=0.5,learned_ensemble,0.013111339374215644,0.01769467270754898
2,DP eps=0.5,learned_ensemble,0.014030037231905735,0.017916666666666668
2,DP eps=0.5,learned_ensemble,0.015013107289081735,0.019616101556037675
2,DP eps=0.5,learned_ensemble,0.01606506003853728,0.021566903818533444
2,DP eps=0.5,learned_ensemble,0.017190722018585746,0.022462316757208358
2,DP eps=0.5,learned_ensemble,0.01839525795803971,0.023420470345410376
2,DP eps=0.5,learned_ensemble,0.019684194472866123,0.024583333333333332
2,DP eps=0.5,learned_ensemble,0.02106344542324121,0.024915660028096212
2,DP eps=0.5,learned_ensemble,0.022539339047347912,0.026130630356888666
2,DP eps=0.5,learned_ensemble,0.024118646996409972,0.0282647338043952
2,DP eps=0.5,learned_ensemble,0.02580861540418074,0.030177435921892592
2,DP eps=0.5,learned_ensemble,0.02761699813343848,0.03243791433346476
2,DP eps=0.5,learned_ensemble,0.029552092352028863,0.034583333333333334
2,DP eps=0.5,learned_ensemble,0.03162277660168379,0.035
2,DP eps=0.5,learned_ensemble,0.033838551534282335,0.03529948269081512
2,DP eps=0.5,learned_ensemble,0.03620958350245917,0.03627145841789625
2,DP eps=0.5,learned_ensemble,0.03874675120456132,0.038631761771798154
2,DP eps=0.5,learned_ensemble,0.04146169559796819,0.042109210063618945
2,DP eps=0.5,learned_ensemble,0.044366873309786115,0.04517149719932909
2,DP eps=0.5,learned_ensemble,0.047475613789974204,0.05005928352360037
2,DP eps=0.5,learned_ensemble,0.05080218046913023,0.0536298395032261
2,DP eps=0.5,learned_ensemble,0.05436183620153837,0.05829129343852247
2,DP eps=0.5,learned_ensemble,0.058170913293743576,0.06318017983224358
2,DP eps=0.5,learned_ensemble,0.0622468884399544,0.06608464261664224
2,DP eps=0.5,learned_ensemble,0.06660846290809161,0.0685089270524682
2,DP eps=0.5,learned_ensemble,0.07127564834438914,0.07113421886038557
2,DP eps=0.5,learned_ensemble,0.07626985859023444,0.07394346212367355
2,DP eps=0.5,learned_ensemble,0.08161400793251826,0.0799341765823145
2,DP eps=0.5,learned_ensemble,0.08733261623828428,0.08583243696452202
2,DP eps=0.5,learned_ensemble,0.09345192145605374,0.09337039212168347
2,DP eps=0.5,learned_ensemble,0.1,0.09690104166666666
2,DP eps=0.5,learned_ensemble,0.10700689556931746,0.10264463519665344
2,DP eps=0.5,learned_ensemble,0.11450475699382812,0.10889285305041232
2,DP eps=0.5,learned_ensemble,0.12252798573828651,0.11557887700412764
2,DP eps=0.5,learned_ensemble,0.13111339374215644,0.12332921755453395
2,DP eps=0.5,learned_ensemble,0.14030037231905734,0.13106824842094505
2,DP eps=0.5,learned_ensemble,0.15013107289081729,0.140925947700651
2,DP eps=0.5,learned_ensemble,0.16065060038537288,0.14872505497351893
2,DP eps=0.5,learned_ensemble,0.17190722018585747,0.15778076527216472
2,DP eps=0.5,learned_ensemble,0.18395257958039712,0.17184536223774818
2,DP eps=0.5,learned_ensemble,0.19684194472866112,0.18332031876835658
2,DP eps=0.5,learned_ensemble,0.210634454232412,0.1969939273281096
2,DP eps=0.5,learned_ensemble,0.22539339047347912,0.21049227721015812
2,DP eps=0.5,learned_ensemble,0.24118646996409973,0.2241790212399749
2,DP eps=0.5,learned_ensemble,0.2580861540418074,0.23865112638939306
2,DP eps=0.5,learned_ensemble,0.27616998133438464,0.2541372768333128
2,DP eps=0.5,learned_ensemble,0.2955209235202888,0.27070852566654563
2,DP eps=0.5,learned_ensemble,0.31622776601683794,0.29236804085438073
2,DP eps=0.5,learned_ensemble,0.33838551534282335,0.31800198364499094
2,DP eps=0.5,learned_ensemble,0.36209583502459164,0.3393044884804551
2,DP eps=0.5,learned_ensemble,0.3874675120456132,0.3599273075840841
2,DP eps=0.5,learned_ensemble,0.4146169559796819,0.38690725467004244
2,DP eps=0.5,learned_ensemble,0.44366873309786115,0.410366197732704
2,DP eps=0.5,learned_ensemble,0.474756137899742,0.44273581605805384
2,DP eps=0.5,learned_ensemble,0.5080218046913023,0.4731326838368594
2,DP eps=0.5,learned_ensemble,0.5436183620153837,0.5170399346231963
2,DP eps=0.5,learned_ensemble,0.5817091329374358,0.5526025114502983
2,DP eps=0.5,learned_ensemble,0.622468884399544,0.5941089393939322
2,DP eps=0.5,learned_ensemble,0.6660846290809154,0.6375906740152665
2,DP eps=0.5,learned_ensemble,0.7127564834438914,0.6875962322613122
2,DP eps=0.5,learned_ensemble,0.7626985859023444,0.747103282855632
2,DP eps=0.5,learned_ensemble,0.8161400793251826,0.8070543289608053
2,DP eps=0.5,learned_ensemble,0.8733261623828429,0.862491036311887
2,DP eps=0.5,learned_ensemble,0.9345192145605374,0.9383333333333334
2,DP eps=0.5,learned_ensemble,1.0,1.0
