record_id,entity_id,arm,is_member,true_label,predicted_probability,prediction_loss
HA-00002,Hospital A,overfit,1,0,0.14163914,0.1527307
HA-00003,Hospital A,overfit,1,0,0.21632633,0.24376261
HA-00007,Hospital A,overfit,1,0,0.21536517,0.2425369
HA-00008,Hospital A,overfit,1,0,0.21520342,0.24233067
HA-00015,Hospital A,overfit,1,0,0.32634288,0.39503402
HA-00016,Hospital A,overfit,1,0,0.051794264,0.053183794
HA-00017,Hospital A,overfit,1,0,0.38853952,0.49190497
HA-00021,Hospital A,overfit,1,0,0.3422831,0.41898072
HA-00022,Hospital A,overfit,1,0,0.13608867,0.14628518
HA-00029,Hospital A,overfit,1,1,0.46543765,0.7647771
HA-00030,Hospital A,overfit,1,0,0.29079655,0.3436128
HA-00031,Hospital A,overfit,1,0,0.50508964,0.7033787
HA-00032,Hospital A,overfit,1,0,0.15591688,0.16950428
HA-00033,Hospital A,overfit,1,0,0.068200715,0.07063794
HA-00034,Hospital A,overfit,1,0,0.07476368,0.0777061
HA-00035,Hospital A,overfit,1,0,0.66101956,1.081813
HA-00036,Hospital A,overfit,1,0,0.13763401,0.14807546
HA-00039,Hospital A,overfit,1,0,0.25022277,0.28797913
HA-00040,Hospital A,overfit,1,0,0.2567266,0.2966913
HA-00041,Hospital A,overfit,1,1,0.9093174,0.09506117
HA-00043,Hospital A,overfit,1,0,0.33101782,0.40199792
HA-00045,Hospital A,overfit,1,0,0.06630614,0.068606615
HA-00046,Hospital A,overfit,1,1,0.17946959,1.7177496
HA-00047,Hospital A,overfit,1,1,0.98385066,0.016281156
HA-00048,Hospital A,overfit,1,0,0.42679232,0.5565072
HA-00049,Hospital A,overfit,1,0,0.074797444,0.07774258
HA-00051,Hospital A,overfit,1,0,0.32115352,0.38736027
HA-00052,Hospital A,overfit,1,0,0.16748264,0.18330121
HA-00058,Hospital A,overfit,1,1,0.880153,0.12765948
HA-00060,Hospital A,overfit,1,0,0.47302428,0.6406008
HA-00062,Hospital A,overfit,1,0,0.30330843,0.36141253
HA-00063,Hospital A,overfit,1,0,0.117183186,0.124637604
HA-00064,Hospital A,overfit,1,0,0.19271092,0.21407342
HA-00065,Hospital A,overfit,1,1,0.19725303,1.623268
HA-00066,Hospital A,overfit,1,0,0.05457884,0.056124687
HA-00068,Hospital A,overfit,1,0,0.03791593,0.038653374
HA-00070,Hospital A,overfit,1,0,0.38006893,0.47814703
HA-00074,Hospital A,overfit,1,0,0.45832372,0.6130867
HA-00075,Hospital A,overfit,1,1,0.865315,0.14466168
HA-00076,Hospital A,overfit,1,0,0.39837447,0.5081201
HA-00080,Hospital A,overfit,1,1,0.26697585,1.3205972
HA-00082,Hospital A,overfit,1,0,0.051454272,0.052825212
HA-00084,Hospital A,overfit,1,0,0.020821733,0.021041632
HA-00087,Hospital A,overfit,1,0,0.3852679,0.48656875
HA-00091,Hospital A,overfit,1,0,0.205364,0.22987115
HA-00094,Hospital A,overfit,1,0,0.1372639,0.14764643
HA-00095,Hospital A,overfit,1,0,0.49124807,0.6757947
HA-00097,Hospital A,overfit,1,0,0.08095637,0.084421635
HA-00099,Hospital A,overfit,1,0,0.25441524,0.29358637
HA-00103,Hospital A,overfit,1,0,0.02817729,0.028581858
HA-00105,Hospital A,overfit,1,0,0.56665826,0.83622855
HA-00107,Hospital A,overfit,1,0,0.418223,0.541668
HA-00109,Hospital A,overfit,1,0,0.5599696,0.8209114
HA-00110,Hospital A,overfit,1,1,0.54380924,0.6091567
HA-00111,Hospital A,overfit,1,1,0.9366675,0.06542688
HA-00112,Hospital A,overfit,1,0,0.08025143,0.08365488
HA-00114,Hospital A,overfit,1,0,0.085011415,0.088843584
HA-00115,Hospital A,overfit,1,0,0.031998258,0.032521486
HA-00117,Hospital A,overfit,1,0,0.20184611,0.22545385
HA-00119,Hospital A,overfit,1,0,0.2120651,0.23833978
HA-00126,Hospital A,overfit,1,0,0.022673806,0.022934914
HA-00132,Hospital A,overfit,1,0,0.06218629,0.06420398
HA-00137,Hospital A,overfit,1,0,0.23145641,0.26325798
HA-00139,Hospital A,overfit,1,1,0.44309115,0.81397974
HA-00140,Hospital A,overfit,1,0,0.20618802,0.23090863
HA-00141,Hospital A,overfit,1,1,0.56157166,0.5770159
HA-00142,Hospital A,overfit,1,0,0.037335977,0.03805089
HA-00143,Hospital A,overfit,1,0,0.012816079,0.012898922
HA-00147,Hospital A,overfit,1,0,0.32175335,0.38824427
HA-00150,Hospital A,overfit,1,0,0.14396636,0.15544558
HA-00152,Hospital A,overfit,1,1,0.2172315,1.5267917
HA-00153,Hospital A,overfit,1,0,0.029025178,0.029454708
HA-00155,Hospital A,overfit,1,0,0.13610336,0.1463021
HA-00157,Hospital A,overfit,1,1,0.3074663,1.1793898
HA-00159,Hospital A,overfit,1,0,0.11009524,0.116640806
HA-00162,Hospital A,overfit,1,0,0.20106053,0.22447014
HA-00164,Hospital A,overfit,1,1,0.3169782,1.1489224
HA-00165,Hospital A,overfit,1,0,0.46139452,0.6187719
HA-00168,Hospital A,overfit,1,0,0.072684065,0.07546091
HA-00169,Hospital A,overfit,1,0,0.023411581,0.023689985
HA-00170,Hospital A,overfit,1,0,0.22873914,0.25972855
HA-00171,Hospital A,overfit,1,0,0.34670362,0.42572445
HA-00173,Hospital A,overfit,1,0,0.22303273,0.25235713
HA-00174,Hospital A,overfit,1,0,0.20268914,0.22651064
HA-00177,Hospital A,overfit,1,1,0.9995615,0.0004386053
HA-00181,Hospital A,overfit,1,0,0.0096909655,0.009738445
HA-00188,Hospital A,overfit,1,0,0.063622735,0.06573677
HA-00190,Hospital A,overfit,1,1,0.5252106,0.643956
HA-00191,Hospital A,overfit,1,0,0.061221376,0.06317568
HA-00192,Hospital A,overfit,1,1,0.24511123,1.4060433
HA-00193,Hospital A,overfit,1,0,0.13389578,0.14375007
HA-00194,Hospital A,overfit,1,0,0.5074321,0.708123
HA-00196,Hospital A,overfit,1,0,0.041286916,0.042163372
HA-00200,Hospital A,overfit,1,0,0.20016229,0.22334647
HA-00201,Hospital A,overfit,1,0,0.067925304,0.0703423
HA-00202,Hospital A,overfit,1,0,0.6682047,1.1032372
HA-00206,Hospital A,overfit,1,0,0.09469912,0.09948802
HA-00208,Hospital A,overfit,1,0,0.028396254,0.028807163
HA-00214,Hospital A,overfit,1,0,0.01536452,0.015483856
HA-00216,Hospital A,overfit,1,1,0.8543906,0.15736681
HA-00217,Hospital A,overfit,1,1,0.9428802,0.0588161
HA-00223,Hospital A,overfit,1,0,0.4498889,0.59763503
HA-00226,Hospital A,overfit,1,0,0.015722154,0.015847206
HA-00227,Hospital A,overfit,1,1,0.95967525,0.04116036
HA-00228,Hospital A,overfit,1,0,0.29955727,0.35604262
HA-00229,Hospital A,overfit,1,0,0.21842931,0.24644971
HA-00233,Hospital A,overfit,1,0,0.1394856,0.15022492
HA-00234,Hospital A,overfit,1,0,0.089053385,0.09327102
HA-00235,Hospital A,overfit,1,0,0.32511026,0.393206
HA-00240,Hospital A,overfit,1,0,0.5511906,0.801157
HA-00241,Hospital A,overfit,1,0,0.054883435,0.05644703
HA-00242,Hospital A,overfit,1,0,0.08382234,0.08754492
HA-00244,Hospital A,overfit,1,0,0.13195042,0.14150655
HA-00246,Hospital A,overfit,1,0,0.27562815,0.32245046
HA-00247,Hospital A,overfit,1,0,0.1482786,0.16049576
HA-00248,Hospital A,overfit,1,1,0.6912635,0.36923414
HA-00253,Hospital A,overfit,1,0,0.2725775,0.31824774
HA-00255,Hospital A,overfit,1,0,0.051630132,0.053010702
HA-00258,Hospital A,overfit,1,0,0.029458284,0.02990079
HA-00262,Hospital A,overfit,1,0,0.1540093,0.16724694
HA-00264,Hospital A,overfit,1,0,0.16082762,0.1753391
HA-00265,Hospital A,overfit,1,0,0.17781743,0.1957928
HA-00268,Hospital A,overfit,1,0,0.08084408,0.084299564
HA-00270,Hospital A,overfit,1,0,0.48889795,0.67118603
HA-00273,Hospital A,overfit,1,0,0.22094506,0.24967372
HA-00275,Hospital A,overfit,1,0,0.63556683,1.0094122
HA-00279,Hospital A,overfit,1,0,0.5472542,0.79242444
HA-00281,Hospital A,overfit,1,0,0.0837148,0.087427616
HA-00286,Hospital A,overfit,1,0,0.3415149,0.4178133
HA-00288,Hospital A,overfit,1,0,0.6731839,1.1183577
HA-00289,Hospital A,overfit,1,0,0.9232373,2.5670364
HA-00291,Hospital A,overfit,1,0,0.053838916,0.055342436
HA-00293,Hospital A,overfit,1,0,0.12602001,0.1346978
HA-00298,Hospital A,overfit,1,0,0.0283672,0.02877736
HA-00300,Hospital A,overfit,1,1,0.43962342,0.8218368
HA-00301,Hospital A,overfit,1,0,0.32243663,0.3892522
HA-00302,Hospital A,overfit,1,0,0.04824141,0.04944396
HA-00303,Hospital A,overfit,1,0,0.32694232,0.3959242
HA-00304,Hospital A,overfit,1,0,0.08841529,0.09257078
HA-00306,Hospital A,overfit,1,0,0.13654982,0.14681911
HA-00309,Hospital A,overfit,1,0,0.35261264,0.43481052
HA-00313,Hospital A,overfit,1,0,0.4093083,0.5264611
HA-00314,Hospital A,overfit,1,0,0.06387349,0.06600475
HA-00315,Hospital A,overfit,1,0,0.18289882,0.20199239
HA-00316,Hospital A,overfit,1,0,0.0022120303,0.0022144318
HA-00319,Hospital A,overfit,1,0,0.73309207,1.3208513
HA-00326,Hospital A,overfit,1,1,0.660278,0.41509423
HA-00327,Hospital A,overfit,1,0,0.022601001,0.022860289
HA-00331,Hospital A,overfit,1,0,0.61554956,0.9559405
HA-00332,Hospital A,overfit,1,0,0.45333213,0.6039139
HA-00338,Hospital A,overfit,1,1,0.4317255,0.8399652
HA-00339,Hospital A,overfit,1,0,0.6717605,1.1140118
HA-00340,Hospital A,overfit,1,0,0.52855957,0.75196254
HA-00341,Hospital A,overfit,1,0,0.01648492,0.016622543
HA-00346,Hospital A,overfit,1,0,0.021375664,0.021607399
HA-00347,Hospital A,overfit,1,0,0.42991382,0.56196773
HA-00348,Hospital A,overfit,1,1,0.34969652,1.0506897
HA-00349,Hospital A,overfit,1,0,0.12851039,0.13755143
HA-00352,Hospital A,overfit,1,0,0.14405458,0.15554869
HA-00353,Hospital A,overfit,1,0,0.20401967,0.22818077
HA-00354,Hospital A,overfit,1,0,0.123509586,0.13182938
HA-00361,Hospital A,overfit,1,0,0.13005781,0.1393286
HA-00362,Hospital A,overfit,1,0,0.118804134,0.12647533
HA-00365,Hospital A,overfit,1,0,0.37978444,0.47768813
HA-00366,Hospital A,overfit,1,0,0.119149975,0.12686777
HA-00370,Hospital A,overfit,1,1,0.3934788,0.93272805
HA-00372,Hospital A,overfit,1,0,0.3002211,0.35699075
HA-00376,Hospital A,overfit,1,1,0.773949,0.25624928
HA-00378,Hospital A,overfit,1,0,0.12819822,0.1371932
HA-00380,Hospital A,overfit,1,0,0.17043035,0.18684816
HA-00385,Hospital A,overfit,1,0,0.04914487,0.05039358
HA-00387,Hospital A,overfit,1,1,0.18859266,1.6681659
HA-00389,Hospital A,overfit,1,0,0.10476469,0.11066866
HA-00397,Hospital A,overfit,1,1,0.9908909,0.009150771
HA-00400,Hospital A,overfit,1,0,0.042057797,0.042967796
HA-00402,Hospital A,overfit,1,0,0.053508587,0.05499339
HA-00403,Hospital A,overfit,1,0,0.41087863,0.52912307
HA-00405,Hospital A,overfit,1,0,0.04847176,0.049685955
HA-00409,Hospital A,overfit,1,0,0.016464792,0.01660204
HA-00410,Hospital A,overfit,1,0,0.025021188,0.025339603
HA-00411,Hospital A,overfit,1,0,0.2498423,0.2874719
HA-00413,Hospital A,overfit,1,0,0.1002448,0.10563254
HA-00416,Hospital A,overfit,1,0,0.11899708,0.12669444
HA-00421,Hospital A,overfit,1,1,0.5451227,0.60674447
HA-00422,Hospital A,overfit,1,0,0.013744305,0.013839722
HA-00426,Hospital A,overfit,1,0,0.49395478,0.6811292
HA-00427,Hospital A,overfit,1,0,0.51937073,0.732659
HA-00429,Hospital A,overfit,1,0,0.11815656,0.12574077
HA-00435,Hospital A,overfit,1,0,0.16766465,0.18351984
HA-00436,Hospital A,overfit,1,0,0.07703068,0.08015919
HA-00441,Hospital A,overfit,1,0,0.1885015,0.2088728
HA-00445,Hospital A,overfit,1,0,0.04540117,0.046464205
HA-00446,Hospital A,overfit,1,0,0.025433134,0.025762081
HA-00451,Hospital A,overfit,1,0,0.09133593,0.095779896
HA-00454,Hospital A,overfit,1,0,0.15143561,0.16420925
HA-00456,Hospital A,overfit,1,0,0.6448869,1.0353191
HA-00458,Hospital A,overfit,1,0,0.025493616,0.025824308
HA-00459,Hospital A,overfit,1,0,0.6718661,1.1143336
HA-00460,Hospital A,overfit,1,0,0.21622375,0.24363172
HA-00462,Hospital A,overfit,1,0,0.22634524,0.2566296
HA-00466,Hospital A,overfit,1,0,0.071724825,0.07442713
HA-00472,Hospital A,overfit,1,0,0.49348086,0.6801931
HA-00473,Hospital A,overfit,1,0,0.03646014,0.037141323
HA-00476,Hospital A,overfit,1,0,0.22078842,0.24947262
HA-00478,Hospital A,overfit,1,1,0.22568868,1.4885988
HA-00479,Hospital A,overfit,1,0,0.50726473,0.70778316
HA-00480,Hospital A,overfit,1,0,0.37531576,0.470509
HA-00483,Hospital A,overfit,1,0,0.09714327,0.10219145
HA-00488,Hospital A,overfit,1,1,0.8471139,0.16592011
HA-00492,Hospital A,overfit,1,0,0.620127,0.9679184
HA-00494,Hospital A,overfit,1,0,0.08868606,0.09286785
HA-00496,Hospital A,overfit,1,0,0.20321795,0.22717416
HA-00497,Hospital A,overfit,1,0,0.04135781,0.04223728
HA-00499,Hospital A,overfit,1,0,0.07791351,0.0811162
HA-00500,Hospital A,overfit,1,0,0.12251115,0.13069093
HA-00503,Hospital A,overfit,1,0,0.13551024,0.14561582
HA-00504,Hospital A,overfit,1,0,0.17334428,0.19036698
HA-00505,Hospital A,overfit,1,0,0.19401523,0.2156905
HA-00506,Hospital A,overfit,1,0,0.02639445,0.026749134
HA-00513,Hospital A,overfit,1,1,0.7933765,0.23145737
HA-00514,Hospital A,overfit,1,1,0.8656912,0.144227
HA-00517,Hospital A,overfit,1,0,0.2877632,0.33934486
HA-00519,Hospital A,overfit,1,1,0.1758534,1.7381046
HA-00522,Hospital A,overfit,1,0,0.03706533,0.037769794
HA-00526,Hospital A,overfit,1,0,0.035473987,0.036118507
HA-00527,Hospital A,overfit,1,0,0.285601,0.3363136
HA-00530,Hospital A,overfit,1,0,0.3231518,0.39030826
HA-00532,Hospital A,overfit,1,0,0.037597246,0.03832221
HA-00535,Hospital A,overfit,1,0,0.0069735395,0.006998062
HA-00536,Hospital A,overfit,1,0,0.10286249,0.10854602
HA-00538,Hospital A,overfit,1,0,0.31757843,0.38210762
HA-00540,Hospital A,overfit,1,0,0.034307357,0.034909725
HA-00549,Hospital A,overfit,1,0,0.6142697,0.9526168
HA-00551,Hospital A,overfit,1,0,0.023506891,0.023787498
HA-00552,Hospital A,overfit,1,1,0.8923109,0.11394063
HA-00560,Hospital A,overfit,1,0,0.060814388,0.06274223
HA-00562,Hospital A,overfit,1,0,0.20585026,0.23048317
HA-00564,Hospital A,overfit,1,0,0.06697106,0.06931901
HA-00570,Hospital A,overfit,1,1,0.46075982,0.7748784
HA-00571,Hospital A,overfit,1,0,0.039110027,0.039895296
HA-00573,Hospital A,overfit,1,0,0.133359,0.14313054
HA-00574,Hospital A,overfit,1,0,0.03701431,0.037716627
HA-00577,Hospital A,overfit,1,1,0.8951732,0.11073807
HA-00580,Hospital A,overfit,1,1,0.60612303,0.50067234
HA-00583,Hospital A,overfit,1,0,0.4459518,0.5905036
HA-00585,Hospital A,overfit,1,0,0.29806516,0.35391474
HA-00587,Hospital A,overfit,1,1,0.80138284,0.2214165
HA-00588,Hospital A,overfit,1,0,0.26192603,0.30371118
HA-00592,Hospital A,overfit,1,0,0.29272446,0.34633493
HA-00593,Hospital A,overfit,1,0,0.1602639,0.1746676
HA-00594,Hospital A,overfit,1,0,0.0884863,0.092648745
HA-00599,Hospital A,overfit,1,1,0.49545956,0.7022696
HA-00600,Hospital A,overfit,1,0,0.02295758,0.023225307
HA-00601,Hospital A,overfit,1,0,0.28280407,0.33240622
HA-00602,Hospital A,overfit,1,0,0.059933506,0.06180477
HA-00605,Hospital A,overfit,1,0,0.023089204,0.023360014
HA-00606,Hospital A,overfit,1,0,0.54256356,0.78211737
HA-00607,Hospital A,overfit,1,0,0.2786158,0.32658333
HA-00611,Hospital A,overfit,1,0,0.12330641,0.13159776
HA-00612,Hospital A,overfit,1,0,0.3421595,0.41879272
HA-00615,Hospital A,overfit,1,0,0.0144480225,0.014553547
HA-00619,Hospital A,overfit,1,0,0.19512892,0.2170732
HA-00621,Hospital A,overfit,1,0,0.042427737,0.043354034
HA-00623,Hospital A,overfit,1,0,0.14462583,0.15621626
HA-00626,Hospital A,overfit,1,0,0.124616995,0.13309371
HA-00629,Hospital A,overfit,1,0,0.051520348,0.05289483
HA-00632,Hospital A,overfit,1,0,0.27759436,0.3251685
HA-00633,Hospital A,overfit,1,0,0.021423241,0.021656036
HA-00634,Hospital A,overfit,1,0,0.028070113,0.028471708
HA-00635,Hospital A,overfit,1,0,0.30875587,0.36926228
HA-00639,Hospital A,overfit,1,0,0.26106405,0.302544
HA-00640,Hospital A,overfit,1,0,0.32781032,0.39721477
HA-00641,Hospital A,overfit,1,0,0.33225343,0.40384656
HA-00643,Hospital A,overfit,1,0,0.67807704,1.1334431
HA-00646,Hospital A,overfit,1,0,0.117902815,0.125453
HA-00647,Hospital A,overfit,1,0,0.68777233,1.1640227
HA-00649,Hospital A,overfit,1,0,0.0769847,0.08010936
HA-00650,Hospital A,overfit,1,0,0.1181612,0.12574601
HA-00651,Hospital A,overfit,1,0,0.48753873,0.66853017
HA-00654,Hospital A,overfit,1,0,0.048683383,0.0499084
HA-00656,Hospital A,overfit,1,0,0.048979677,0.050219774
HA-00657,Hospital A,overfit,1,0,0.27765206,0.32524836
HA-00659,Hospital A,overfit,1,0,0.41923222,0.5434043
HA-00660,Hospital A,overfit,1,0,0.25188836,0.2902031
HA-00662,Hospital A,overfit,1,0,0.20802677,0.23322773
HA-00670,Hospital A,overfit,1,0,0.04879687,0.05002761
HA-00671,Hospital A,overfit,1,1,0.4353673,0.83156526
HA-00672,Hospital A,overfit,1,0,0.09069598,0.095075846
HA-00673,Hospital A,overfit,1,0,0.18223447,0.20117962
HA-00674,Hospital A,overfit,1,0,0.023143206,0.023415327
HA-00677,Hospital A,overfit,1,1,0.70661783,0.3472653
HA-00680,Hospital A,overfit,1,0,0.024102855,0.024398088
HA-00684,Hospital A,overfit,1,1,0.98642856,0.013664439
HA-00686,Hospital A,overfit,1,0,0.2654847,0.3085444
HA-00688,Hospital A,overfit,1,1,0.20090179,1.604939
HA-00691,Hospital A,overfit,1,0,0.029177906,0.029612064
HA-00697,Hospital A,overfit,1,1,0.18004943,1.7145239
HA-00698,Hospital A,overfit,1,0,0.1331987,0.14294541
HA-00701,Hospital A,overfit,1,0,0.50496715,0.7031311
HA-00702,Hospital A,overfit,1,0,0.42831331,0.55916417
HA-00703,Hospital A,overfit,1,1,0.4628509,0.7703503
HA-00705,Hospital A,overfit,1,0,0.18185827,0.20071971
HA-00709,Hospital A,overfit,1,1,0.33016878,1.1081513
HA-00710,Hospital A,overfit,1,0,0.030287825,0.030755997
HA-00717,Hospital A,overfit,1,1,0.47545594,0.74348104
HA-00719,Hospital A,overfit,1,0,0.086433455,0.09039903
HA-00721,Hospital A,overfit,1,0,0.055230208,0.056813955
HA-00723,Hospital A,overfit,1,0,0.050041385,0.051336765
HA-00724,Hospital A,overfit,1,0,0.0018512442,0.0018529892
HA-00730,Hospital A,overfit,1,0,0.1443095,0.1558466
HA-00732,Hospital A,overfit,1,0,0.07505679,0.07802296
HA-00736,Hospital A,overfit,1,0,0.3088862,0.36945075
HA-00737,Hospital A,overfit,1,0,0.35725042,0.44200015
HA-00738,Hospital A,overfit,1,0,0.24162638,0.27657914
HA-00740,Hospital A,overfit,1,0,0.07636316,0.0794363
HA-00744,Hospital A,overfit,1,0,0.16868365,0.18474483
HA-00747,Hospital A,overfit,1,1,0.63774127,0.44982263
HA-00748,Hospital A,overfit,1,0,0.23512381,0.26804125
HA-00752,Hospital A,overfit,1,1,0.120550446,2.115687
HA-00753,Hospital A,overfit,1,0,0.024530519,0.024836302
HA-00754,Hospital A,overfit,1,1,0.9986259,0.0013750956
HA-00758,Hospital A,overfit,1,0,0.29457155,0.3489499
HA-00759,Hospital A,overfit,1,0,0.26754582,0.31135452
HA-00764,Hospital A,overfit,1,1,0.892292,0.113961786
HA-00769,Hospital A,overfit,1,0,0.12105688,0.12903512
HA-00772,Hospital A,overfit,1,0,0.19687828,0.21924901
HA-00779,Hospital A,overfit,1,0,0.17837337,0.19646919
HA-00785,Hospital A,overfit,1,0,0.23273745,0.2649262
HA-00787,Hospital A,overfit,1,0,0.261213,0.30274558
HA-00788,Hospital A,overfit,1,0,0.14689583,0.15887368
HA-00790,Hospital A,overfit,1,1,0.953422,0.04769764
HA-00791,Hospital A,overfit,1,0,0.030227087,0.030693293
HA-00792,Hospital A,overfit,1,0,0.32050475,0.386405
HA-00793,Hospital A,overfit,1,0,0.09946567,0.104767084
HA-00794,Hospital A,overfit,1,0,0.23663774,0.2700225
HA-00797,Hospital A,overfit,1,1,0.95837396,0.042517204
HA-00799,Hospital A,overfit,1,0,0.23657586,0.26994145
HA-00804,Hospital A,overfit,1,0,0.1434192,0.15480661
HA-00808,Hospital A,overfit,1,0,0.024541127,0.024847269
HA-00809,Hospital A,overfit,1,0,0.32499817,0.39303982
HA-00810,Hospital A,overfit,1,0,0.29424018,0.34848022
HA-00812,Hospital A,overfit,1,0,0.29824153,0.35416603
HA-00817,Hospital A,overfit,1,0,0.11698288,0.12441063
HA-00818,Hospital A,overfit,1,0,0.16602394,0.18155062
HA-00820,Hospital A,overfit,1,0,0.26873404,0.31297803
HA-00821,Hospital A,overfit,1,0,0.03440639,0.035012245
HA-00822,Hospital A,overfit,1,1,0.94675905,0.05471062
HA-00824,Hospital A,overfit,1,0,0.025588797,0.025921822
HA-00828,Hospital A,overfit,1,0,0.1668282,0.18251538
HA-00834,Hospital A,overfit,1,1,0.89554965,0.11031767
HA-00835,Hospital A,overfit,1,0,0.0075128633,0.0075411797
HA-00841,Hospital A,overfit,1,0,0.28461006,0.33492756
HA-00842,Hospital A,overfit,1,0,0.131879,0.14142406
HA-00845,Hospital A,overfit,1,0,0.2661554,0.3094579
HA-00846,Hospital A,overfit,1,0,0.27877304,0.32680142
HA-00849,Hospital A,overfit,1,1,0.05233842,2.9500246
HA-00850,Hospital A,overfit,1,1,0.6601645,0.41526622
HA-00857,Hospital A,overfit,1,0,0.080945544,0.08440995
HA-00859,Hospital A,overfit,1,0,0.020460702,0.020673037
HA-00860,Hospital A,overfit,1,0,0.059508137,0.061352253
HA-00864,Hospital A,overfit,1,0,0.05304077,0.05449915
HA-00868,Hospital A,overfit,1,0,0.112843804,0.11973429
HA-00870,Hospital A,overfit,1,0,0.39361915,0.50024706
HA-00876,Hospital A,overfit,1,0,0.015188313,0.015305042
HA-00877,Hospital A,overfit,1,0,0.31447452,0.37756968
HA-00879,Hospital A,overfit,1,0,0.06885333,0.071338415
HA-00881,Hospital A,overfit,1,0,0.26244456,0.30441403
HA-00883,Hospital A,overfit,1,0,0.0013231655,0.0013241768
HA-00887,Hospital A,overfit,1,0,0.6012574,0.919439
HA-00891,Hospital A,overfit,1,0,0.12928735,0.13844335
HA-00892,Hospital A,overfit,1,0,0.2067383,0.23160207
HA-00894,Hospital A,overfit,1,0,0.122419424,0.1305865
HA-00898,Hospital A,overfit,1,1,0.7979638,0.22569208
HA-00900,Hospital A,overfit,1,0,0.009836579,0.009885311
HA-00901,Hospital A,overfit,1,0,0.5136458,0.72081816
HA-00902,Hospital A,overfit,1,0,0.2011843,0.22462499
HA-00905,Hospital A,overfit,1,0,0.09173844,0.09622288
HA-00907,Hospital A,overfit,1,0,0.16919786,0.18536365
HA-00908,Hospital A,overfit,1,0,0.26434153,0.3069893
HA-00909,Hospital A,overfit,1,0,0.004820611,0.0048322678
HA-00911,Hospital A,overfit,1,0,0.12918347,0.13832402
HA-00916,Hospital A,overfit,1,0,0.027084848,0.02745843
HA-00921,Hospital A,overfit,1,1,0.24665679,1.3997574
HA-00922,Hospital A,overfit,1,0,0.06980753,0.07236385
HA-00923,Hospital A,overfit,1,0,0.1410519,0.1520468
HA-00927,Hospital A,overfit,1,0,0.1847974,0.20431864
HA-00931,Hospital A,overfit,1,0,0.058745753,0.06054187
HA-00932,Hospital A,overfit,1,1,0.9304101,0.072129846
HA-00933,Hospital A,overfit,1,0,0.4696849,0.6342839
HA-00936,Hospital A,overfit,1,1,0.86141354,0.14918058
HA-00939,Hospital A,overfit,1,0,0.6285933,0.99045765
HA-00940,Hospital A,overfit,1,0,0.56855595,0.8406174
HA-00942,Hospital A,overfit,1,0,0.08532107,0.08918214
HA-00944,Hospital A,overfit,1,1,0.9993426,0.0006576048
HA-00945,Hospital A,overfit,1,1,0.99546635,0.004543953
HA-00946,Hospital A,overfit,1,0,0.057017915,0.058707952
HA-00947,Hospital A,overfit,1,0,0.032376517,0.032912254
HA-00952,Hospital A,overfit,1,0,0.062501535,0.06454015
HA-00953,Hospital A,overfit,1,0,0.39003867,0.49435973
HA-00954,Hospital A,overfit,1,0,0.015471722,0.015592575
HA-00957,Hospital A,overfit,1,0,0.035719533,0.03637314
HA-00962,Hospital A,overfit,1,0,0.13114472,0.14057863
HA-00964,Hospital A,overfit,1,0,0.06671069,0.06904006
HA-00967,Hospital A,overfit,1,1,0.5059991,0.68122035
HA-00968,Hospital A,overfit,1,0,0.20591305,0.23056233
HA-00975,Hospital A,overfit,1,0,0.0230681,0.023338318
HA-00985,Hospital A,overfit,1,0,0.07070872,0.073333025
HA-00987,Hospital A,overfit,1,0,0.37974343,0.47762197
HA-00990,Hospital A,overfit,1,0,0.1285694,0.13761902
HA-00992,Hospital A,overfit,1,1,0.9004009,0.104915254
HA-00996,Hospital A,overfit,1,0,0.07703488,0.080163956
HA-00998,Hospital A,overfit,1,0,0.48844868,0.6703074
HA-01002,Hospital A,overfit,1,0,0.09758173,0.10267711
HA-01005,Hospital A,overfit,1,0,0.24039735,0.2749598
HA-01006,Hospital A,overfit,1,0,0.1363411,0.14657736
HA-01007,Hospital A,overfit,1,0,0.2303561,0.26182735
HA-01008,Hospital A,overfit,1,0,0.20443521,0.22870302
HA-01009,Hospital A,overfit,1,0,0.25484154,0.29415834
HA-01012,Hospital A,overfit,1,0,0.36472565,0.45369828
HA-01013,Hospital A,overfit,1,0,0.0466384,0.047760963
HA-01014,Hospital A,overfit,1,0,0.017175768,0.017324924
HA-01022,Hospital A,overfit,1,0,0.16186121,0.17657161
HA-01024,Hospital A,overfit,1,0,0.11993861,0.12776351
HA-01027,Hospital A,overfit,1,0,0.075289115,0.07827425
HA-01029,Hospital A,overfit,1,0,0.30998215,0.37103784
HA-01032,Hospital A,overfit,1,1,0.7500178,0.28765833
HA-01033,Hospital A,overfit,1,0,0.027846456,0.028241634
HA-01034,Hospital A,overfit,1,1,0.8526588,0.15939586
HA-01036,Hospital A,overfit,1,0,0.3036441,0.36189437
HA-01042,Hospital A,overfit,1,0,0.33460557,0.40737534
HA-01047,Hospital A,overfit,1,0,0.05153517,0.052910566
HA-01048,Hospital A,overfit,1,0,0.04348859,0.04446268
HA-01050,Hospital A,overfit,1,0,0.0925313,0.097096205
HA-01053,Hospital A,overfit,1,1,0.17039023,1.769664
HA-01055,Hospital A,overfit,1,0,0.2520424,0.29040897
HA-01059,Hospital A,overfit,1,1,0.7058181,0.34839773
HA-01062,Hospital A,overfit,1,1,0.89391583,0.11214367
HA-01064,Hospital A,overfit,1,0,0.059130017,0.06095028
HA-01065,Hospital A,overfit,1,0,0.075418726,0.0784142
HA-01066,Hospital A,overfit,1,0,0.04684682,0.047979593
HA-01068,Hospital A,overfit,1,0,0.19659714,0.21889901
HA-01069,Hospital A,overfit,1,1,0.9233115,0.07978863
HA-01072,Hospital A,overfit,1,0,0.018164622,0.018331528
HA-01076,Hospital A,overfit,1,0,0.06277084,0.06482744
HA-01077,Hospital A,overfit,1,0,0.34871277,0.42880452
HA-01078,Hospital A,overfit,1,1,0.4989686,0.6952122
HA-01085,Hospital A,overfit,1,0,0.09574739,0.100646496
HA-01086,Hospital A,overfit,1,0,0.04219917,0.043115377
HA-01087,Hospital A,overfit,1,0,0.13201964,0.14158618
HA-01091,Hospital A,overfit,1,0,0.0064290925,0.0064496994
HA-01093,Hospital A,overfit,1,0,0.5479725,0.79401225
HA-01105,Hospital A,overfit,1,0,0.017980104,0.018143654
HA-01113,Hospital A,overfit,1,0,0.071599744,0.07429242
HA-01114,Hospital A,overfit,1,0,0.028155146,0.028559208
HA-01115,Hospital A,overfit,1,0,0.5854455,0.88055086
HA-01118,Hospital A,overfit,1,0,0.33944348,0.41467255
HA-01120,Hospital A,overfit,1,1,0.91979736,0.08360192
HA-01121,Hospital A,overfit,1,0,0.16051677,0.17496884
HA-01124,Hospital A,overfit,1,0,0.10574451,0.111763716
HA-01129,Hospital A,overfit,1,0,0.11551926,0.122754574
HA-01130,Hospital A,overfit,1,0,0.10039062,0.10579467
HA-01132,Hospital A,overfit,1,0,0.041993946,0.042901278
HA-01135,Hospital A,overfit,1,1,0.80964416,0.21116048
HA-01136,Hospital A,overfit,1,0,0.060584363,0.062497377
HA-01137,Hospital A,overfit,1,0,0.6246311,0.97984606
HA-01142,Hospital A,overfit,1,0,0.060008787,0.06188464
HA-01144,Hospital A,overfit,1,0,0.020219374,0.020426512
HA-01145,Hospital A,overfit,1,0,0.17340364,0.19043875
HA-01146,Hospital A,overfit,1,0,0.030483495,0.030957699
HA-01148,Hospital A,overfit,1,0,0.064395756,0.06656265
HA-01149,Hospital A,overfit,1,0,0.5129282,0.7193437
HA-01150,Hospital A,overfit,1,0,0.37146232,0.46435928
HA-01154,Hospital A,overfit,1,0,0.15185496,0.16470361
HA-01157,Hospital A,overfit,1,0,0.0718414,0.074552536
HA-01162,Hospital A,overfit,1,0,0.37942085,0.4771021
HA-01165,Hospital A,overfit,1,0,0.51145154,0.7163166
HA-01166,Hospital A,overfit,1,0,0.27475196,0.32124156
HA-01167,Hospital A,overfit,1,1,0.7575501,0.2776656
HA-01173,Hospital A,overfit,1,0,0.10375758,0.10954428
HA-01183,Hospital A,overfit,1,1,0.43144476,0.84061587
HA-01184,Hospital A,overfit,1,0,0.035677385,0.03632927
HA-01185,Hospital A,overfit,1,0,0.1851504,0.20475173
HA-01187,Hospital A,overfit,1,0,0.47506347,0.64447796
HA-01190,Hospital A,overfit,1,0,0.05373071,0.055227995
HA-01191,Hospital A,overfit,1,1,0.7691418,0.2624799
HA-01193,Hospital A,overfit,1,1,0.7463129,0.29261035
HA-01199,Hospital A,overfit,1,1,0.9110116,0.09319967
HA-01200,Hospital A,overfit,1,1,0.9870363,0.013048515
HA-01202,Hospital A,overfit,1,1,0.42124572,0.86453897
HA-01204,Hospital A,overfit,1,1,0.37320644,0.9856236
HA-01212,Hospital A,overfit,1,1,0.20744719,1.5728786
HA-01216,Hospital A,overfit,1,0,0.016017968,0.016147614
HA-01218,Hospital A,overfit,1,0,0.21553616,0.24275482
HA-01219,Hospital A,overfit,1,0,0.11469787,0.12182641
HA-01227,Hospital A,overfit,1,0,0.8678874,2.0241003
HA-01228,Hospital A,overfit,1,0,0.016852805,0.016996384
HA-01229,Hospital A,overfit,1,0,0.077874444,0.081074
HA-01232,Hospital A,overfit,1,0,0.008185831,0.008219719
HA-01237,Hospital A,overfit,1,0,0.13881494,0.14944589
HA-01241,Hospital A,overfit,1,0,0.7999139,1.6090072
HA-01243,Hospital A,overfit,1,1,0.38336086,0.95877856
HA-01252,Hospital A,overfit,1,0,0.16525874,0.18063343
HA-01253,Hospital A,overfit,1,0,0.011507532,0.011574268
HA-01261,Hospital A,overfit,1,0,0.60522586,0.9294415
HA-01262,Hospital A,overfit,1,0,0.12558673,0.13420224
HA-01265,Hospital A,overfit,1,0,0.23239572,0.26448095
HA-01268,Hospital A,overfit,1,0,0.683299,1.1497974
HA-01272,Hospital A,overfit,1,0,0.51219517,0.71783996
HA-01274,Hospital A,overfit,1,0,0.24249525,0.27772546
HA-01278,Hospital A,overfit,1,0,0.20199129,0.22563577
HA-01285,Hospital A,overfit,1,0,0.052978676,0.054433584
HA-01287,Hospital A,overfit,1,0,0.020559417,0.02077365
HA-01297,Hospital A,overfit,1,0,0.083684646,0.087394714
HA-01298,Hospital A,overfit,1,0,0.06186241,0.06385875
HA-01300,Hospital A,overfit,1,0,0.2543222,0.29346168
HA-01301,Hospital A,overfit,1,0,0.066644,0.068968534
HA-01302,Hospital A,overfit,1,0,0.018328225,0.018498182
HA-01305,Hospital A,overfit,1,0,0.045250066,0.046305895
HA-01307,Hospital A,overfit,1,1,0.3651113,1.007553
HA-01308,Hospital A,overfit,1,0,0.056708016,0.05837941
HA-01313,Hospital A,overfit,1,1,0.973335,0.027026957
HA-01318,Hospital A,overfit,1,0,0.44466943,0.58819175
HA-01321,Hospital A,overfit,1,0,0.35914016,0.4449445
HA-01322,Hospital A,overfit,1,0,0.035633765,0.03628421
HA-01324,Hospital A,overfit,1,0,0.02243054,0.022686005
HA-01326,Hospital A,overfit,1,1,0.96380377,0.03686755
HA-01328,Hospital A,overfit,1,0,0.034168668,0.03476596
HA-01329,Hospital A,overfit,1,0,0.026431378,0.026787043
HA-01331,Hospital A,overfit,1,0,0.09555565,0.10043454
HA-01335,Hospital A,overfit,1,0,0.31117094,0.37276214
HA-01336,Hospital A,overfit,1,0,0.47171372,0.638117
HA-01341,Hospital A,overfit,1,0,0.08218477,0.08575916
HA-01342,Hospital A,overfit,1,0,0.08957883,0.09384799
HA-01344,Hospital A,overfit,1,0,0.04168736,0.04258132
HA-01345,Hospital A,overfit,1,0,0.16220334,0.1769799
HA-01347,Hospital A,overfit,1,1,0.8107526,0.20979233
HA-01349,Hospital A,overfit,1,0,0.15665287,0.17037666
HA-01351,Hospital A,overfit,1,0,0.2145493,0.24149764
HA-01353,Hospital A,overfit,1,0,0.053158034,0.054623127
HA-01354,Hospital A,overfit,1,0,0.28643173,0.3374772
HA-01356,Hospital A,overfit,1,1,0.8963449,0.10942999
HA-01357,Hospital A,overfit,1,1,0.94103235,0.060777772
HA-01358,Hospital A,overfit,1,0,0.07792962,0.081133604
HA-01361,Hospital A,overfit,1,0,0.8560483,1.9382774
HA-01363,Hospital A,overfit,1,0,0.15452413,0.16785562
HA-01367,Hospital A,overfit,1,0,0.012809673,0.012892246
HA-01369,Hospital A,overfit,1,1,0.67431647,0.39405575
HA-01374,Hospital A,overfit,1,0,0.007870598,0.007901669
HA-01375,Hospital A,overfit,1,0,0.20708464,0.23203874
HA-01378,Hospital A,overfit,1,0,0.0633491,0.06544471
HA-01380,Hospital A,overfit,1,0,0.31108174,0.37263262
HA-01385,Hospital A,overfit,1,1,0.11991929,2.1209364
HA-01386,Hospital A,overfit,1,0,0.18482298,0.20435
HA-01387,Hospital A,overfit,1,0,0.8765313,2.0917673
HA-01389,Hospital A,overfit,1,1,0.6161846,0.48420864
HA-01390,Hospital A,overfit,1,0,0.071375996,0.07405138
HA-01391,Hospital A,overfit,1,0,0.095573515,0.10045433
HA-01393,Hospital A,overfit,1,0,0.01877759,0.018956184
HA-01394,Hospital A,overfit,1,0,0.45503408,0.60703206
HA-01396,Hospital A,overfit,1,0,0.77803445,1.505233
HA-01399,Hospital A,overfit,1,0,0.0924634,0.09702134
HA-01401,Hospital A,overfit,1,1,0.95947015,0.041374136
HA-01404,Hospital A,overfit,1,0,0.13188006,0.14142549
HA-01408,Hospital A,overfit,1,0,0.78434014,1.5340528
HA-01413,Hospital A,overfit,1,0,0.033456665,0.034029245
HA-01415,Hospital A,overfit,1,0,0.4515138,0.6005932
HA-01420,Hospital A,overfit,1,0,0.14678642,0.15874541
HA-01423,Hospital A,overfit,1,0,0.3825029,0.48208094
HA-01424,Hospital A,overfit,1,0,0.43797138,0.5762025
HA-01425,Hospital A,overfit,1,0,0.05705173,0.058743954
HA-01431,Hospital A,overfit,1,0,0.15891105,0.17305791
HA-01433,Hospital A,overfit,1,1,0.97243464,0.027952421
HA-01434,Hospital A,overfit,1,0,0.03973211,0.04054308
HA-01440,Hospital A,overfit,1,0,0.026488386,0.026845455
HA-01441,Hospital A,overfit,1,0,0.23725787,0.27083528
HA-01442,Hospital A,overfit,1,0,0.17918147,0.19745326
HA-01443,Hospital A,overfit,1,0,0.47031236,0.6354679
HA-01444,Hospital A,overfit,1,0,0.29142144,0.34449434
HA-01445,Hospital A,overfit,1,0,0.47400206,0.6424579
HA-01446,Hospital A,overfit,1,0,0.18862508,0.20902503
HA-01447,Hospital A,overfit,1,1,0.62004346,0.4779657
HA-01451,Hospital A,overfit,1,0,0.011738664,0.011807919
HA-01454,Hospital A,overfit,1,0,0.24179591,0.27680266
HA-01456,Hospital A,overfit,1,0,0.14322092,0.15457511
HA-01457,Hospital A,overfit,1,0,0.35885412,0.44449824
HA-01459,Hospital A,overfit,1,0,0.3109708,0.3724717
HA-01461,Hospital A,overfit,1,0,0.0020188496,0.0020208359
HA-01463,Hospital A,overfit,1,0,0.07649759,0.079581976
HA-01464,Hospital A,overfit,1,0,0.44560984,0.5898866
HA-01469,Hospital A,overfit,1,0,0.25214133,0.2905413
HA-01470,Hospital A,overfit,1,0,0.20761083,0.23270261
HA-01472,Hospital A,overfit,1,1,0.98917973,0.010879277
HA-01473,Hospital A,overfit,1,0,0.15699902,0.17078722
HA-01475,Hospital A,overfit,1,0,0.17722654,0.19507432
HA-01476,Hospital A,overfit,1,0,0.12472502,0.13321722
HA-01478,Hospital A,overfit,1,0,0.018450024,0.018622398
HA-01479,Hospital A,overfit,1,0,0.21972145,0.24810421
HA-01480,Hospital A,overfit,1,0,0.11619272,0.12351632
HA-01483,Hospital A,overfit,1,0,0.1363688,0.14660943
HA-01488,Hospital A,overfit,1,0,0.12554279,0.13415182
HA-01490,Hospital A,overfit,1,0,0.118265785,0.1258645
HA-01493,Hospital A,overfit,1,0,0.011763415,0.011833191
HA-01495,Hospital A,overfit,1,0,0.037805613,0.038538694
HA-01498,Hospital A,overfit,1,1,0.10425776,2.260889
HA-01500,Hospital A,overfit,1,0,0.14124648,0.1522733
HA-01501,Hospital A,overfit,1,0,0.019338327,0.019527674
HA-01504,Hospital A,overfit,1,0,0.33037734,0.4010409
HA-01507,Hospital A,overfit,1,0,0.083561435,0.08726025
HA-01509,Hospital A,overfit,1,0,0.5093207,0.7119644
HA-01512,Hospital A,overfit,1,1,0.28031266,1.2718496
HA-01515,Hospital A,overfit,1,0,0.05959472,0.061444283
HA-01520,Hospital A,overfit,1,0,0.057982188,0.059731007
HA-01521,Hospital A,overfit,1,0,0.05113311,0.052486658
HA-01523,Hospital A,overfit,1,0,0.19167039,0.21278536
HA-01531,Hospital A,overfit,1,0,0.059082653,0.060899973
HA-01532,Hospital A,overfit,1,0,0.13118239,0.14062214
HA-01534,Hospital A,overfit,1,0,0.121871695,0.12996256
HA-01535,Hospital A,overfit,1,0,0.11614602,0.12346339
HA-01538,Hospital A,overfit,1,0,0.057371713,0.059083223
HA-01539,Hospital A,overfit,1,0,0.16259117,0.17744291
HA-01540,Hospital A,overfit,1,1,0.58494216,0.5362423
HA-01543,Hospital A,overfit,1,0,0.50234044,0.697839
HA-01545,Hospital A,overfit,1,1,0.5915186,0.5250622
HA-01549,Hospital A,overfit,1,1,0.5924548,0.5234807
HA-01550,Hospital A,overfit,1,0,0.18218286,0.20111656
HA-01551,Hospital A,overfit,1,0,0.024232922,0.024531364
HA-01553,Hospital A,overfit,1,0,0.15998939,0.17434072
HA-01554,Hospital A,overfit,1,0,0.1420956,0.15326262
HA-01562,Hospital A,overfit,1,1,0.4347257,0.83304
HA-01564,Hospital A,overfit,1,0,0.1996715,0.22273302
HA-01568,Hospital A,overfit,1,1,0.9941637,0.005853433
HA-01569,Hospital A,overfit,1,1,0.55337685,0.591716
HA-01571,Hospital A,overfit,1,0,0.16194588,0.17667258
HA-01573,Hospital A,overfit,1,1,0.63172626,0.4592991
HA-01575,Hospital A,overfit,1,0,0.010157003,0.010209084
HA-01576,Hospital A,overfit,1,0,0.49563965,0.6844643
HA-01578,Hospital A,overfit,1,0,0.43466803,0.5703422
HA-01579,Hospital A,overfit,1,0,0.16936842,0.18556893
HA-01582,Hospital A,overfit,1,0,0.04596209,0.047051907
HA-01583,Hospital A,overfit,1,0,0.29805908,0.35390598
HA-01584,Hospital A,overfit,1,0,0.16369127,0.17875743
HA-01592,Hospital A,overfit,1,0,0.008166195,0.008199692
HA-01596,Hospital A,overfit,1,0,0.26215693,0.3040241
HA-01600,Hospital A,overfit,1,0,0.042406444,0.04333186
HA-01603,Hospital A,overfit,1,0,0.8642227,1.9967394
HA-01604,Hospital A,overfit,1,0,0.12914364,0.13827813
HA-01609,Hospital A,overfit,1,0,0.2648967,0.30774426
HA-01610,Hospital A,overfit,1,0,0.06424727,0.066404104
HA-01612,Hospital A,overfit,1,1,0.37157622,0.9900013
HA-01613,Hospital A,overfit,1,0,0.09752934,0.10261917
HA-01615,Hospital A,overfit,1,0,0.047171373,0.048320293
HA-01620,Hospital A,overfit,1,0,0.032868084,0.033420324
HA-01621,Hospital A,overfit,1,0,0.049547028,0.050816536
HA-01626,Hospital A,overfit,1,0,0.41627723,0.5383291
HA-01629,Hospital A,overfit,1,0,0.6286776,0.9906846
HA-01630,Hospital A,overfit,1,1,0.8115819,0.20876996
HA-01631,Hospital A,overfit,1,0,0.022615114,0.022874832
HA-01634,Hospital A,overfit,1,0,0.40214643,0.5144094
HA-01636,Hospital A,overfit,1,0,0.41620886,0.538212
HA-01638,Hospital A,overfit,1,0,0.23667389,0.27006996
HA-01639,Hospital A,overfit,1,0,0.11510053,0.12228131
HA-01640,Hospital A,overfit,1,0,0.11971554,0.12751019
HA-01642,Hospital A,overfit,1,0,0.02645394,0.02681017
HA-01643,Hospital A,overfit,1,0,0.035375703,0.036016703
HA-01644,Hospital A,overfit,1,0,0.012728148,0.012809753
HA-01645,Hospital A,overfit,1,0,0.034630217,0.035243988
HA-01647,Hospital A,overfit,1,0,0.25548074,0.29501653
HA-01648,Hospital A,overfit,1,1,0.4285965,0.8472394
HA-01649,Hospital A,overfit,1,0,0.3359385,0.40938056
HA-01650,Hospital A,overfit,1,0,0.05881512,0.060615778
HA-01651,Hospital A,overfit,1,0,0.13510197,0.14514363
HA-01652,Hospital A,overfit,1,0,0.43897218,0.57798475
HA-01653,Hospital A,overfit,1,0,0.3215488,0.38794273
HA-01655,Hospital A,overfit,1,0,0.25812757,0.29857802
HA-01656,Hospital A,overfit,1,0,0.14700174,0.15899777
HA-01658,Hospital A,overfit,1,0,0.016344268,0.016479492
HA-01659,Hospital A,overfit,1,0,0.35547656,0.43924415
HA-01661,Hospital A,overfit,1,0,0.65403426,1.0614154
HA-01663,Hospital A,overfit,1,0,0.3782583,0.47523052
HA-01664,Hospital A,overfit,1,1,0.8567961,0.15455525
HA-01671,Hospital A,overfit,1,0,0.045053665,0.04610014
HA-01674,Hospital A,overfit,1,0,0.2336894,0.26616776
HA-01675,Hospital A,overfit,1,0,0.010800965,0.010859489
HA-01679,Hospital A,overfit,1,0,0.4149858,0.53611916
HA-01681,Hospital A,overfit,1,0,0.21889487,0.24704552
HA-01682,Hospital A,overfit,1,0,0.07258348,0.07535243
HA-01683,Hospital A,overfit,1,0,0.3980447,0.50757205
HA-01684,Hospital A,overfit,1,0,0.7491861,1.383044
HA-01685,Hospital A,overfit,1,1,0.54413176,0.6085639
HA-01686,Hospital A,overfit,1,0,0.08661709,0.090600014
HA-01689,Hospital A,overfit,1,0,0.02034652,0.02055645
HA-01690,Hospital A,overfit,1,0,0.21262139,0.2390461
HA-01693,Hospital A,overfit,1,0,0.030287748,0.030755997
HA-01695,Hospital A,overfit,1,0,0.033970427,0.03456092
HA-01696,Hospital A,overfit,1,1,0.9708524,0.029580837
HA-01697,Hospital A,overfit,1,0,0.14566444,0.15743124
HA-01700,Hospital A,overfit,1,0,0.38851458,0.49186414
HA-01701,Hospital A,overfit,1,0,0.14617045,0.15802372
HA-01702,Hospital A,overfit,1,1,0.8945707,0.11141127
HA-01710,Hospital A,overfit,1,0,0.1267022,0.13547862
HA-01712,Hospital A,overfit,1,0,0.24914607,0.2865442
HA-01716,Hospital A,overfit,1,0,0.38198975,0.48125023
HA-01717,Hospital A,overfit,1,0,0.08046446,0.08388662
HA-01719,Hospital A,overfit,1,0,0.2473961,0.28421617
HA-01722,Hospital A,overfit,1,0,0.12292113,0.13115847
HA-01724,Hospital A,overfit,1,0,0.1966974,0.21902382
HA-01726,Hospital A,overfit,1,1,0.42443565,0.85699487
HA-01727,Hospital A,overfit,1,0,0.097703636,0.10281229
HA-01728,Hospital A,overfit,1,0,0.26985973,0.31451857
HA-01729,Hospital A,overfit,1,0,0.015819363,0.015945911
HA-01730,Hospital A,overfit,1,0,0.32339585,0.3906688
HA-01733,Hospital A,overfit,1,0,0.03417084,0.034768343
HA-01734,Hospital A,overfit,1,0,0.03437628,0.034981012
HA-01736,Hospital A,overfit,1,0,0.25588682,0.29556215
HA-01739,Hospital A,overfit,1,0,0.026957678,0.027327776
HA-01741,Hospital A,overfit,1,0,0.21758844,0.24537432
HA-01746,Hospital A,overfit,1,0,0.2242875,0.25397325
HA-01751,Hospital A,overfit,1,0,0.18926449,0.20981336
HA-01754,Hospital A,overfit,1,0,0.39619485,0.5045037
HA-01757,Hospital A,overfit,1,0,0.43835762,0.57689005
HA-01758,Hospital A,overfit,1,1,0.98224705,0.017912436
HA-01763,Hospital A,overfit,1,0,0.027127778,0.027502537
HA-01765,Hospital A,overfit,1,0,0.19015726,0.21091521
HA-01766,Hospital A,overfit,1,0,0.7294606,1.3073376
HA-01769,Hospital A,overfit,1,1,0.30651882,1.182476
HA-01773,Hospital A,overfit,1,0,0.026623964,0.026984692
HA-01774,Hospital A,overfit,1,1,0.6021375,0.5072694
HA-01775,Hospital A,overfit,1,0,0.04867826,0.049902916
HA-01781,Hospital A,overfit,1,1,0.3430444,1.0698954
HA-01783,Hospital A,overfit,1,0,0.2583449,0.29887092
HA-01784,Hospital A,overfit,1,0,0.33733597,0.41148722
HA-01785,Hospital A,overfit,1,1,0.40651366,0.9001377
HA-01788,Hospital A,overfit,1,0,0.043509245,0.04448414
HA-01789,Hospital A,overfit,1,1,0.45534146,0.78670776
HA-01792,Hospital A,overfit,1,0,0.15325077,0.16635072
HA-01795,Hospital A,overfit,1,0,0.1326297,0.14228916
HA-01798,Hospital A,overfit,1,0,0.04241026,0.043335915
HA-01802,Hospital A,overfit,1,0,0.13723905,0.14761758
HA-01803,Hospital A,overfit,1,0,0.6639277,1.0904288
HA-01804,Hospital A,overfit,1,0,0.17615324,0.19377077
HA-01810,Hospital A,overfit,1,0,0.24316624,0.27861166
HA-01815,Hospital A,overfit,1,0,0.008934648,0.008975029
HA-01819,Hospital A,overfit,1,0,0.12870029,0.13776922
HA-01821,Hospital A,overfit,1,0,0.0549986,0.05656886
HA-01822,Hospital A,overfit,1,0,0.2688941,0.31319702
HA-01824,Hospital A,overfit,1,1,0.3219348,1.1334062
HA-01828,Hospital A,overfit,1,1,0.9783337,0.021904437
HA-01829,Hospital A,overfit,1,0,0.2147859,0.24179888
HA-01830,Hospital A,overfit,1,0,0.08915893,0.09338689
HA-01831,Hospital A,overfit,1,0,0.1924183,0.21371102
HA-01833,Hospital A,overfit,1,0,0.019225486,0.019412756
HA-01835,Hospital A,overfit,1,1,0.36504826,1.0077257
HA-01836,Hospital A,overfit,1,0,0.2104486,0.23629034
HA-01838,Hospital A,overfit,1,0,0.3723808,0.46582162
HA-01839,Hospital A,overfit,1,1,0.5083246,0.676635
HA-01843,Hospital A,overfit,1,1,0.40979257,0.8921042
HA-01845,Hospital A,overfit,1,0,0.026436962,0.026792765
HA-01854,Hospital A,overfit,1,0,0.12904075,0.13815999
HA-01856,Hospital A,overfit,1,1,0.7526353,0.2841745
HA-01863,Hospital A,overfit,1,0,0.19874254,0.221573
HA-01864,Hospital A,overfit,1,0,0.21968067,0.248052
HA-01868,Hospital A,overfit,1,0,0.11320771,0.120144606
HA-01872,Hospital A,overfit,1,0,0.069708556,0.07225728
HA-01873,Hospital A,overfit,1,0,0.08563435,0.089524746
HA-01874,Hospital A,overfit,1,0,0.011723858,0.011793137
HA-01875,Hospital A,overfit,1,0,0.07521832,0.07819748
HA-01880,Hospital A,overfit,1,1,0.059893653,2.8151848
HA-01884,Hospital A,overfit,1,0,0.016839214,0.016982555
HA-01885,Hospital A,overfit,1,0,0.050729066,0.05206108
HA-01886,Hospital A,overfit,1,0,0.57487714,0.855377
HA-01889,Hospital A,overfit,1,0,0.05738962,0.059102297
HA-01890,Hospital A,overfit,1,0,0.14661993,0.15855026
HA-01893,Hospital A,overfit,1,0,0.12669581,0.13547122
HA-01895,Hospital A,overfit,1,0,0.019812528,0.020011425
HA-01896,Hospital A,overfit,1,0,0.18806677,0.20833719
HA-01897,Hospital A,overfit,1,0,0.18443416,0.20387316
HA-01898,Hospital A,overfit,1,0,0.04724486,0.048397303
HA-01900,Hospital A,overfit,1,0,0.21076153,0.2366867
HA-01901,Hospital A,overfit,1,0,0.07337094,0.076201916
HA-01905,Hospital A,overfit,1,0,0.39270297,0.49873728
HA-01906,Hospital A,overfit,1,0,0.03644745,0.03712821
HA-01909,Hospital A,overfit,1,0,0.12359207,0.13192356
HA-01910,Hospital A,overfit,1,0,0.0669113,0.06925511
HA-01912,Hospital A,overfit,1,0,0.218591,0.24665654
HA-01915,Hospital A,overfit,1,0,0.3724076,0.4658643
HA-01916,Hospital A,overfit,1,0,0.012843945,0.012927055
HA-01918,Hospital A,overfit,1,0,0.016935581,0.017080784
HA-01921,Hospital A,overfit,1,0,0.10555897,0.11155629
HA-01924,Hospital A,overfit,1,0,0.7236162,1.2859647
HA-01929,Hospital A,overfit,1,0,0.17727423,0.19513237
HA-01930,Hospital A,overfit,1,0,0.30991808,0.37094504
HA-01931,Hospital A,overfit,1,0,0.17605977,0.19365728
HA-01933,Hospital A,overfit,1,0,0.30155393,0.35889727
HA-01934,Hospital A,overfit,1,0,0.3346953,0.40751022
HA-01936,Hospital A,overfit,1,0,0.46642828,0.6281618
HA-01937,Hospital A,overfit,1,0,0.59874314,0.9131535
HA-01939,Hospital A,overfit,1,0,0.020398753,0.020609617
HA-01942,Hospital A,overfit,1,1,0.99975604,0.00024399307
HA-01943,Hospital A,overfit,1,0,0.120125204,0.12797558
HA-01945,Hospital A,overfit,1,1,0.5951466,0.51894754
HA-01948,Hospital A,overfit,1,1,0.12852314,2.0516462
HA-01952,Hospital A,overfit,1,0,0.33049554,0.4012174
HA-01953,Hospital A,overfit,1,0,0.026325898,0.026678562
HA-01954,Hospital A,overfit,1,0,0.065568775,0.06781721
HA-01955,Hospital A,overfit,1,0,0.2695227,0.3140571
HA-01958,Hospital A,overfit,1,0,0.024644187,0.024952888
HA-01959,Hospital A,overfit,1,1,0.3586211,1.025489
HA-01971,Hospital A,overfit,1,0,0.3179391,0.38263637
HA-01972,Hospital A,overfit,1,0,0.06417099,0.066322565
HA-01976,Hospital A,overfit,1,0,0.28039113,0.32904744
HA-01980,Hospital A,overfit,1,0,0.13680708,0.14711702
HA-01981,Hospital A,overfit,1,0,0.017406441,0.017559528
HA-01983,Hospital A,overfit,1,0,0.07474664,0.07768774
HA-01985,Hospital A,overfit,1,0,0.06364829,0.06576419
HA-01987,Hospital A,overfit,1,0,0.083681904,0.087391615
HA-01992,Hospital A,overfit,1,0,0.22504811,0.25495434
HA-01993,Hospital A,overfit,1,0,0.6433771,1.0310766
HA-01994,Hospital A,overfit,1,1,0.53319937,0.6288598
HA-01997,Hospital A,overfit,1,1,0.68826383,0.37358302
HA-01998,Hospital A,overfit,1,0,0.117785156,0.12531972
HA-02002,Hospital A,overfit,1,0,0.24893054,0.28625715
HA-02003,Hospital A,overfit,1,0,0.031181527,0.03167796
HA-02008,Hospital A,overfit,1,0,0.11884518,0.12652183
HA-02011,Hospital A,overfit,1,1,0.23088194,1.4658488
HA-02012,Hospital A,overfit,1,0,0.45010033,0.5980195
HA-02014,Hospital A,overfit,1,0,0.21718371,0.24485719
HA-02016,Hospital A,overfit,1,0,0.29421416,0.3484434
HA-02019,Hospital A,overfit,1,0,0.4069877,0.52254015
HA-02020,Hospital A,overfit,1,0,0.69262636,1.1796913
HA-02029,Hospital A,overfit,1,0,0.090002075,0.094312906
HA-02031,Hospital A,overfit,1,1,0.31568426,1.1530128
HA-02033,Hospital A,overfit,1,0,0.047249533,0.04840231
HA-02036,Hospital A,overfit,1,1,0.40787256,0.8968005
HA-02037,Hospital A,overfit,1,0,0.041079815,0.041947365
HA-02040,Hospital A,overfit,1,0,0.6055817,0.9303433
HA-02043,Hospital A,overfit,1,0,0.25729814,0.29746056
HA-02044,Hospital A,overfit,1,0,0.059800953,0.061663628
HA-02046,Hospital A,overfit,1,0,0.04165276,0.04254508
HA-02049,Hospital A,overfit,1,0,0.64712715,1.0416474
HA-02051,Hospital A,overfit,1,1,0.83079207,0.18537572
HA-02053,Hospital A,overfit,1,1,0.6264684,0.46765682
HA-02054,Hospital A,overfit,1,1,0.7814685,0.24658048
HA-02056,Hospital A,overfit,1,0,0.08887007,0.09306979
HA-02062,Hospital A,overfit,1,0,0.05734877,0.059058905
HA-02065,Hospital A,overfit,1,0,0.096294746,0.10125208
HA-02067,Hospital A,overfit,1,0,0.26335415,0.30564797
HA-02069,Hospital A,overfit,1,0,0.573041,0.85106736
HA-02072,Hospital A,overfit,1,0,0.052346725,0.05376649
HA-02075,Hospital A,overfit,1,0,0.28104377,0.3299548
HA-02077,Hospital A,overfit,1,1,0.43648222,0.8290076
HA-02080,Hospital A,overfit,1,1,0.44467607,0.8104092
HA-02081,Hospital A,overfit,1,0,0.038950697,0.039729595
HA-02082,Hospital A,overfit,1,0,0.40665618,0.5219813
HA-02087,Hospital A,overfit,1,0,0.45745558,0.6114853
HA-02093,Hospital A,overfit,1,0,0.12915054,0.13828611
HA-02095,Hospital A,overfit,1,0,0.059558567,0.061405897
HA-02097,Hospital A,overfit,1,0,0.5241339,0.7426188
HA-02099,Hospital A,overfit,1,0,0.009021465,0.00906229
HA-02100,Hospital A,overfit,1,0,0.060964875,0.06290245
HA-02106,Hospital A,overfit,1,0,0.44873542,0.5955405
HA-02110,Hospital A,overfit,1,1,0.41388112,0.8821765
HA-02111,Hospital A,overfit,1,1,0.54079753,0.61471033
HA-02112,Hospital A,overfit,1,0,0.4139757,0.534394
HA-02115,Hospital A,overfit,1,0,0.18121648,0.19993556
HA-02117,Hospital A,overfit,1,0,0.10446914,0.11033869
HA-02118,Hospital A,overfit,1,0,0.16210768,0.1768657
HA-02119,Hospital A,overfit,1,1,0.99847585,0.001525266
HA-02123,Hospital A,overfit,1,0,0.4370049,0.57448435
HA-02126,Hospital A,overfit,1,0,0.48653305,0.66656965
HA-02128,Hospital A,overfit,1,0,0.50908375,0.71148175
HA-02131,Hospital A,overfit,1,0,0.07132892,0.0740006
HA-02132,Hospital A,overfit,1,0,0.046346836,0.04745531
HA-02135,Hospital A,overfit,1,0,0.26509753,0.3080175
HA-02137,Hospital A,overfit,1,1,0.2894094,1.239913
HA-02139,Hospital A,overfit,1,0,0.18076684,0.1993866
HA-02142,Hospital A,overfit,1,0,0.09672215,0.1017251
HA-02151,Hospital A,overfit,1,1,0.39076123,0.9396586
HA-02155,Hospital A,overfit,1,0,0.53011674,0.75527096
HA-02158,Hospital A,overfit,1,0,0.15446948,0.16779101
HA-02167,Hospital A,overfit,1,1,0.9535276,0.047586907
HA-02168,Hospital A,overfit,1,0,0.04764136,0.04881358
HA-02171,Hospital A,overfit,1,0,0.07069679,0.07332015
HA-02175,Hospital A,overfit,1,0,0.028030181,0.028430462
HA-02176,Hospital A,overfit,1,0,0.0035246727,0.0035309792
HA-02181,Hospital A,overfit,1,0,0.2788792,0.32694858
HA-02182,Hospital A,overfit,1,0,0.35601097,0.44007367
HA-02190,Hospital A,overfit,1,0,0.407539,0.5234703
HA-02191,Hospital A,overfit,1,0,0.33638674,0.41005576
HA-02192,Hospital A,overfit,1,0,0.0237997,0.024087429
HA-02194,Hospital A,overfit,1,0,0.084874615,0.088694096
HA-02197,Hospital A,overfit,1,1,0.6952297,0.36351302
HA-02198,Hospital A,overfit,1,0,0.16428387,0.17946625
HA-02199,Hospital A,overfit,1,0,0.15713137,0.17094421
HA-02202,Hospital A,overfit,1,0,0.09011334,0.094435215
HA-02206,Hospital A,overfit,1,0,0.33692232,0.41086316
HA-02209,Hospital A,overfit,1,1,0.3252168,1.1232634
HA-02211,Hospital A,overfit,1,0,0.3772285,0.4735756
HA-02213,Hospital A,overfit,1,0,0.6052108,0.92940325
HA-02215,Hospital A,overfit,1,0,0.30585876,0.36507976
HA-02216,Hospital A,overfit,1,0,0.09288914,0.09749055
HA-02221,Hospital A,overfit,1,0,0.06370511,0.06582475
HA-02222,Hospital A,overfit,1,0,0.5133027,0.72011286
HA-02223,Hospital A,overfit,1,0,0.26275775,0.30483878
HA-02224,Hospital A,overfit,1,0,0.01379694,0.013893127
HA-02230,Hospital A,overfit,1,0,0.22221163,0.2513008
HA-02238,Hospital A,overfit,1,0,0.01729579,0.017446995
HA-02240,Hospital A,overfit,1,0,0.22674914,0.25715172
HA-02241,Hospital A,overfit,1,0,0.48950344,0.6723714
HA-02242,Hospital A,overfit,1,0,0.09072941,0.09511256
HA-02250,Hospital A,overfit,1,1,0.36565864,1.0060551
HA-02251,Hospital A,overfit,1,0,0.020631798,0.020847559
HA-02253,Hospital A,overfit,1,0,0.18316214,0.20231462
HA-02254,Hospital A,overfit,1,0,0.006498024,0.0065193176
HA-02263,Hospital A,overfit,1,0,0.200546,0.22382629
HA-02264,Hospital A,overfit,1,0,0.0911722,0.09559965
HA-02267,Hospital A,overfit,1,0,0.15993795,0.17427957
HA-02270,Hospital A,overfit,1,0,0.05318487,0.0546515
HA-02273,Hospital A,overfit,1,0,0.15723193,0.17106342
HA-02275,Hospital A,overfit,1,1,0.3373173,1.0867313
HA-02276,Hospital A,overfit,1,0,0.18246697,0.20146394
HA-02277,Hospital A,overfit,1,0,0.025634408,0.02596879
HA-02280,Hospital A,overfit,1,0,0.00867175,0.008709431
HA-02287,Hospital A,overfit,1,0,0.3906603,0.4953794
HA-02290,Hospital A,overfit,1,0,0.052609615,0.05404401
HA-02291,Hospital A,overfit,1,1,0.37849447,0.9715538
HA-02293,Hospital A,overfit,1,0,0.15214479,0.16504538
HA-02297,Hospital A,overfit,1,0,0.029543197,0.029988289
HA-02300,Hospital A,overfit,1,0,0.2357582,0.26887107
HA-02304,Hospital A,overfit,1,0,0.35922673,0.44507962
HA-02309,Hospital A,overfit,1,0,0.51903385,0.7319584
HA-02312,Hospital A,overfit,1,0,0.2428149,0.27814758
HA-02316,Hospital A,overfit,1,0,0.33055916,0.40131247
HA-02319,Hospital A,overfit,1,1,0.9944916,0.005523663
HA-02320,Hospital A,overfit,1,0,0.48507422,0.66373247
HA-02321,Hospital A,overfit,1,0,0.07686163,0.07997608
HA-02322,Hospital A,overfit,1,0,0.64628136,1.0392535
HA-02324,Hospital A,overfit,1,0,0.080171,0.08356738
HA-02326,Hospital A,overfit,1,0,0.015993329,0.016122818
HA-02327,Hospital A,overfit,1,0,0.02981032,0.030263662
HA-02328,Hospital A,overfit,1,0,0.58089834,0.8696417
HA-02329,Hospital A,overfit,1,0,0.0132920295,0.013381004
HA-02330,Hospital A,overfit,1,0,0.35363445,0.43639004
HA-02336,Hospital A,overfit,1,1,0.9998969,0.0001031094
HA-02341,Hospital A,overfit,1,0,0.6645989,1.0924281
HA-02343,Hospital A,overfit,1,0,0.095714904,0.100610495
HA-02345,Hospital A,overfit,1,1,0.18599787,1.6820201
HA-02347,Hospital A,overfit,1,0,0.2239207,0.25350058
HA-02348,Hospital A,overfit,1,0,0.037024796,0.037727594
HA-02350,Hospital A,overfit,1,1,0.4546226,0.78828764
HA-02351,Hospital A,overfit,1,0,0.3755799,0.47093195
HA-02352,Hospital A,overfit,1,1,0.6490921,0.43218064
HA-02354,Hospital A,overfit,1,0,0.35189465,0.43370205
HA-02355,Hospital A,overfit,1,0,0.030658048,0.031137943
HA-02356,Hospital A,overfit,1,0,0.24385403,0.27952087
HA-02357,Hospital A,overfit,1,0,0.5211018,0.7362672
HA-02360,Hospital A,overfit,1,1,0.6059306,0.50098974
HA-02361,Hospital A,overfit,1,0,0.91610205,2.4781542
HA-02363,Hospital A,overfit,1,0,0.121006,0.12897718
HA-02364,Hospital A,overfit,1,0,0.24160819,0.27655518
HA-02365,Hospital A,overfit,1,0,0.24868686,0.28593278
HA-02370,Hospital A,overfit,1,0,0.0992179,0.10449195
HA-02372,Hospital A,overfit,1,0,0.14031835,0.15119314
HA-02375,Hospital A,overfit,1,0,0.851541,1.9074465
HA-02379,Hospital A,overfit,1,0,0.18653059,0.206447
HA-02380,Hospital A,overfit,1,1,0.48494816,0.7237132
HA-02381,Hospital A,overfit,1,0,0.15154183,0.16433454
HA-02384,Hospital A,overfit,1,0,0.09295859,0.09756708
HA-02386,Hospital A,overfit,1,0,0.26954395,0.31408626
HA-02388,Hospital A,overfit,1,0,0.1949616,0.2168653
HA-02390,Hospital A,overfit,1,0,0.02732815,0.02770853
HA-02391,Hospital A,overfit,1,0,0.14681391,0.1587776
HA-02393,Hospital A,overfit,1,0,0.14753397,0.15962195
HA-02396,Hospital A,overfit,1,0,0.08357897,0.08727932
HA-02397,Hospital A,overfit,1,0,0.32090777,0.3869983
HA-02398,Hospital A,overfit,1,1,0.037867047,3.273674
HA-02399,Hospital A,overfit,1,1,0.6804417,0.3850132
HA-02400,Hospital A,overfit,1,0,0.2826753,0.3322267
HA-02401,Hospital A,overfit,1,1,0.09158151,2.3905258
HA-02404,Hospital A,overfit,1,0,0.16405931,0.17919767
HA-02405,Hospital A,overfit,1,0,0.005395806,0.0054101944
HA-02406,Hospital A,overfit,1,0,0.094145305,0.09887648
HA-02411,Hospital A,overfit,1,0,0.18828626,0.20860755
HA-02414,Hospital A,overfit,1,0,0.0139792925,0.01407814
HA-02415,Hospital A,overfit,1,0,0.5940541,0.90153545
HA-02416,Hospital A,overfit,1,0,0.5868699,0.8839927
HA-02417,Hospital A,overfit,1,1,0.5934823,0.5217478
HA-02419,Hospital A,overfit,1,0,0.060120743,0.06200385
HA-02423,Hospital A,overfit,1,0,0.38733783,0.4899416
HA-02425,Hospital A,overfit,1,0,0.2297884,0.26108992
HA-02427,Hospital A,overfit,1,0,0.15974727,0.1740526
HA-02438,Hospital A,overfit,1,0,0.23929247,0.27350628
HA-02440,Hospital A,overfit,1,0,0.10851193,0.11486316
HA-02443,Hospital A,overfit,1,0,0.042179167,0.043094635
HA-02446,Hospital A,overfit,1,0,0.13172282,0.14124417
HA-02451,Hospital A,overfit,1,0,0.2745287,0.32093382
HA-02453,Hospital A,overfit,1,0,0.44478822,0.58840567
HA-02454,Hospital A,overfit,1,0,0.11509129,0.12227082
HA-02458,Hospital A,overfit,1,0,0.056639213,0.058306456
HA-02461,Hospital A,overfit,1,0,0.1741976,0.19139981
HA-02463,Hospital A,overfit,1,0,0.05926139,0.061089993
HA-02464,Hospital A,overfit,1,0,0.03691726,0.037616014
HA-02465,Hospital A,overfit,1,0,0.46937165,0.6336934
HA-02467,Hospital A,overfit,1,0,0.09945814,0.10475874
HA-02469,Hospital A,overfit,1,1,0.7421393,0.2982184
HA-02472,Hospital A,overfit,1,0,0.020539723,0.020753622
HA-02476,Hospital A,overfit,1,0,0.08382685,0.087549925
HA-02478,Hospital A,overfit,1,0,0.01458438,0.01469183
HA-02479,Hospital A,overfit,1,0,0.35192427,0.43374777
HA-02480,Hospital A,overfit,1,0,0.1692905,0.18547511
HA-02481,Hospital A,overfit,1,0,0.38405144,0.48459178
HA-02483,Hospital A,overfit,1,0,0.20412451,0.22831249
HA-02484,Hospital A,overfit,1,0,0.48857683,0.6705579
HA-02489,Hospital A,overfit,1,1,0.6577245,0.41896912
HA-02493,Hospital A,overfit,1,0,0.06201548,0.064021826
HA-02494,Hospital A,overfit,1,0,0.21916997,0.24739778
HA-02502,Hospital A,overfit,1,0,0.16287406,0.17778075
HA-02504,Hospital A,overfit,1,0,0.34614855,0.42487508
HA-02506,Hospital A,overfit,1,1,0.77513915,0.25471267
HA-02507,Hospital A,overfit,1,0,0.5373301,0.77074146
HA-02508,Hospital A,overfit,1,0,0.06827117,0.07071352
HA-02512,Hospital A,overfit,1,1,0.41510165,0.87923187
HA-02515,Hospital A,overfit,1,0,0.0016695283,0.0016708374
HA-02516,Hospital A,overfit,1,0,0.08123272,0.08472252
HA-02522,Hospital A,overfit,1,0,0.110133834,0.1166842
HA-02523,Hospital A,overfit,1,0,0.04885442,0.050088167
HA-02526,Hospital A,overfit,1,1,0.59201026,0.52423126
HA-02528,Hospital A,overfit,1,0,0.13687778,0.14719892
HA-02529,Hospital A,overfit,1,0,0.02615361,0.026501656
HA-02542,Hospital A,overfit,1,0,0.20852448,0.23385632
HA-02544,Hospital A,overfit,1,1,0.26425436,1.3308431
HA-02551,Hospital A,overfit,1,0,0.16253732,0.17737854
HA-02552,Hospital A,overfit,1,0,0.08104507,0.084518194
HA-02554,Hospital A,overfit,1,0,0.071399376,0.07407665
HA-02555,Hospital A,overfit,1,0,0.07359833,0.07644725
HA-02559,Hospital A,overfit,1,0,0.81359595,1.6798387
HA-02560,Hospital A,overfit,1,1,0.6122158,0.4906704
HA-02562,Hospital A,overfit,1,0,0.03414116,0.034737587
HA-02570,Hospital A,overfit,1,0,0.35552004,0.4393115
HA-02573,Hospital A,overfit,1,0,0.08624074,0.09018803
HA-02575,Hospital A,overfit,1,0,0.08921128,0.09344435
HA-02577,Hospital A,overfit,1,0,0.1892801,0.20983267
HA-02578,Hospital A,overfit,1,0,0.23026568,0.2617098
HA-02584,Hospital A,overfit,1,0,0.094854236,0.099659204
HA-02588,Hospital A,overfit,1,0,0.31139886,0.373093
HA-02594,Hospital A,overfit,1,1,0.2688432,1.313627
HA-02596,Hospital A,overfit,1,0,0.034597818,0.03521061
HA-02600,Hospital A,overfit,1,0,0.10837965,0.11471486
HA-02602,Hospital A,overfit,1,1,0.388657,0.94505805
HA-02604,Hospital A,overfit,1,0,0.049050603,0.0502944
HA-02606,Hospital A,overfit,1,0,0.22978021,0.26107943
HA-02608,Hospital A,overfit,1,0,0.49902654,0.6912021
HA-02611,Hospital A,overfit,1,0,0.28156874,0.33068526
HA-02612,Hospital A,overfit,1,0,0.8591732,1.9602242
HA-02613,Hospital A,overfit,1,0,0.027041739,0.027414083
HA-02614,Hospital A,overfit,1,0,0.12771174,0.1366353
HA-02615,Hospital A,overfit,1,0,0.0065081962,0.006529331
HA-02621,Hospital A,overfit,1,0,0.10186908,0.10743952
HA-02622,Hospital A,overfit,1,0,0.32726184,0.39639914
HA-02623,Hospital A,overfit,1,0,0.5723946,0.8495545
HA-02625,Hospital A,overfit,1,1,0.6321619,0.4586097
HA-02628,Hospital A,overfit,1,0,0.23099242,0.26265442
HA-02632,Hospital A,overfit,1,0,0.25868955,0.29933584
HA-02638,Hospital A,overfit,1,0,0.1673318,0.18312001
HA-02639,Hospital A,overfit,1,0,0.48501086,0.6636095
HA-02642,Hospital A,overfit,1,1,0.31089184,1.1683102
HA-02644,Hospital A,overfit,1,1,0.041334815,3.1860502
HA-02645,Hospital A,overfit,1,0,0.7144774,1.2534341
HA-02646,Hospital A,overfit,1,0,0.28337345,0.33320045
HA-02649,Hospital A,overfit,1,0,0.062840216,0.06490159
HA-02653,Hospital A,overfit,1,0,0.45394847,0.60504186
HA-02655,Hospital A,overfit,1,1,0.29132804,1.2333053
HA-02658,Hospital A,overfit,1,0,0.33623746,0.4098308
HA-02661,Hospital A,overfit,1,0,0.15175028,0.16458023
HA-02664,Hospital A,overfit,1,0,0.18663405,0.2065742
HA-02670,Hospital A,overfit,1,0,0.024578363,0.024885416
HA-02671,Hospital A,overfit,1,0,0.0847146,0.088519335
HA-02673,Hospital A,overfit,1,0,0.020103224,0.020308018
HA-02682,Hospital A,overfit,1,0,0.31913123,0.38438565
HA-02686,Hospital A,overfit,1,0,0.2725456,0.318204
HA-02688,Hospital A,overfit,1,0,0.08524467,0.08909869
HA-02691,Hospital A,overfit,1,0,0.034038004,0.034630775
HA-02693,Hospital A,overfit,1,1,0.24191342,1.4191754
HA-02698,Hospital A,overfit,1,0,0.123401694,0.13170636
HA-02700,Hospital A,overfit,1,1,0.52181613,0.65044
HA-02701,Hospital A,overfit,1,0,0.3127188,0.3750118
HA-02703,Hospital A,overfit,1,0,0.3742583,0.46881765
HA-02708,Hospital A,overfit,1,0,0.06525567,0.06748223
HA-02709,Hospital A,overfit,1,0,0.011783216,0.011853218
HA-02711,Hospital A,overfit,1,0,0.023077808,0.023348331
HA-02712,Hospital A,overfit,1,0,0.39833054,0.50804704
HA-02713,Hospital A,overfit,1,0,0.17822967,0.19629431
HA-02718,Hospital A,overfit,1,1,0.3395525,1.0801268
HA-02720,Hospital A,overfit,1,0,0.3153766,0.37888646
HA-02725,Hospital A,overfit,1,0,0.24825536,0.28535867
HA-02727,Hospital A,overfit,1,0,0.04826837,0.049472094
HA-02733,Hospital A,overfit,1,0,0.2456407,0.28188646
HA-02734,Hospital A,overfit,1,0,0.03141569,0.031919718
HA-02736,Hospital A,overfit,1,0,0.3931796,0.49952245
HA-02737,Hospital A,overfit,1,1,0.23379764,1.4532993
HA-02738,Hospital A,overfit,1,0,0.1428544,0.1541475
HA-02739,Hospital A,overfit,1,0,0.6131004,0.94959015
HA-02744,Hospital A,overfit,1,0,0.04772078,0.048897028
HA-02748,Hospital A,overfit,1,0,0.038847525,0.039622307
HA-02750,Hospital A,overfit,1,0,0.044850774,0.04588771
HA-02754,Hospital A,overfit,1,0,0.0113388775,0.011403561
HA-02757,Hospital A,overfit,1,0,0.66654325,1.098242
HA-02758,Hospital A,overfit,1,0,0.66453314,1.0922321
HA-02762,Hospital A,overfit,1,0,0.036763065,0.037455797
HA-02763,Hospital A,overfit,1,0,0.24278797,0.27811193
HA-02765,Hospital A,overfit,1,1,0.7714234,0.25951788
HA-02767,Hospital A,overfit,1,0,0.01705299,0.017199993
HA-02771,Hospital A,overfit,1,0,0.43046427,0.56293374
HA-02772,Hospital A,overfit,1,1,0.7362497,0.306186
HA-02779,Hospital A,overfit,1,0,0.349928,0.4306721
HA-02783,Hospital A,overfit,1,1,0.9991264,0.0008740275
HA-02790,Hospital A,overfit,1,0,0.26030272,0.30151427
HA-02793,Hospital A,overfit,1,1,0.29284912,1.2280978
HA-02795,Hospital A,overfit,1,0,0.5344853,0.7646115
HA-02800,Hospital A,overfit,1,0,0.03473342,0.035351038
HA-02805,Hospital A,overfit,1,0,0.056910142,0.05859375
HA-02812,Hospital A,overfit,1,0,0.08871922,0.09290433
HA-02813,Hospital A,overfit,1,0,0.3135068,0.37615895
HA-02814,Hospital A,overfit,1,0,0.12884675,0.13793743
HA-02815,Hospital A,overfit,1,0,0.016113764,0.016244888
HA-02816,Hospital A,overfit,1,0,0.26523778,0.30820835
HA-02819,Hospital A,overfit,1,0,0.12947792,0.13866222
HA-02820,Hospital A,overfit,1,0,0.28928795,0.34148794
HA-02824,Hospital A,overfit,1,0,0.03578904,0.03644514
HA-02829,Hospital A,overfit,1,0,0.015102352,0.015217781
HA-02830,Hospital A,overfit,1,1,0.99268955,0.0073373155
HA-02836,Hospital A,overfit,1,0,0.34728998,0.4266224
HA-02838,Hospital A,overfit,1,0,0.06928595,0.07180309
HA-02841,Hospital A,overfit,1,0,0.04573844,0.04681754
HA-02842,Hospital A,overfit,1,1,0.23172627,1.4621984
HA-02844,Hospital A,overfit,1,0,0.41325566,0.5331661
HA-02846,Hospital A,overfit,1,0,0.12601145,0.13468802
HA-02848,Hospital A,overfit,1,0,0.29602504,0.35101247
HA-02850,Hospital A,overfit,1,0,0.6545516,1.062912
HA-02854,Hospital A,overfit,1,0,0.46710443,0.6294298
HA-02857,Hospital A,overfit,1,0,0.462988,0.6217348
HA-02859,Hospital A,overfit,1,0,0.42661685,0.55620116
HA-02863,Hospital A,overfit,1,0,0.020780146,0.020999193
HA-02864,Hospital A,overfit,1,0,0.31342942,0.37604624
HA-02866,Hospital A,overfit,1,0,0.009116006,0.009157658
HA-02869,Hospital A,overfit,1,0,0.5398154,0.77612776
HA-02874,Hospital A,overfit,1,0,0.18411864,0.20348632
HA-02877,Hospital A,overfit,1,0,0.044775784,0.04580927
HA-02879,Hospital A,overfit,1,0,0.027087618,0.02746129
HA-02880,Hospital A,overfit,1,0,0.10199386,0.10757828
HA-02885,Hospital A,overfit,1,0,0.14773265,0.15985501
HA-02887,Hospital A,overfit,1,0,0.8006462,1.612674
HA-02889,Hospital A,overfit,1,0,0.2178474,0.24570537
HA-02890,Hospital A,overfit,1,0,0.11545793,0.122685194
HA-02893,Hospital A,overfit,1,0,0.05652373,0.058184147
HA-02895,Hospital A,overfit,1,1,0.3453711,1.0631359
HA-02896,Hospital A,overfit,1,0,0.082824744,0.086456776
HA-02897,Hospital A,overfit,1,0,0.35793844,0.44307107
HA-02900,Hospital A,overfit,1,0,0.5197287,0.7334042
HA-02902,Hospital A,overfit,1,0,0.0023046087,0.002307415
HA-02903,Hospital A,overfit,1,0,0.09397402,0.09868741
HA-02904,Hospital A,overfit,1,0,0.16943641,0.18565083
HA-02907,Hospital A,overfit,1,0,0.54944205,0.7972686
HA-02909,Hospital A,overfit,1,0,0.042704806,0.043643475
HA-02912,Hospital A,overfit,1,0,0.92638,2.6088386
HA-02914,Hospital A,overfit,1,0,0.028501574,0.028915644
HA-02915,Hospital A,overfit,1,0,0.01961806,0.01981306
HA-02916,Hospital A,overfit,1,1,0.99096245,0.009078676
HA-02917,Hospital A,overfit,1,0,0.30063453,0.3575819
HA-02919,Hospital A,overfit,1,0,0.10998481,0.11651683
HA-02922,Hospital A,overfit,1,0,0.5356399,0.76709485
HA-02923,Hospital A,overfit,1,0,0.13047567,0.1398089
HA-02931,Hospital A,overfit,1,0,0.025353871,0.02568078
HA-02934,Hospital A,overfit,1,0,0.52156144,0.73722756
HA-02935,Hospital A,overfit,1,0,0.18393596,0.20326245
HA-02937,Hospital A,overfit,1,0,0.36792457,0.4587465
HA-02938,Hospital A,overfit,1,0,0.18331997,0.20250797
HA-02939,Hospital A,overfit,1,1,0.74473363,0.29472864
HA-02940,Hospital A,overfit,1,0,0.05410483,0.05562353
HA-02942,Hospital A,overfit,1,0,0.66318923,1.088234
HA-02943,Hospital A,overfit,1,0,0.21413448,0.24096966
HA-02946,Hospital A,overfit,1,0,0.5390191,0.7743987
HA-02948,Hospital A,overfit,1,0,0.19666393,0.2189821
HA-02952,Hospital A,overfit,1,0,0.41199034,0.53101194
HA-02954,Hospital A,overfit,1,0,0.43053705,0.5630616
HA-02957,Hospital A,overfit,1,1,0.5088227,0.6756558
HA-02959,Hospital A,overfit,1,0,0.20419873,0.22840583
HA-02962,Hospital A,overfit,1,1,0.54939204,0.598943
HA-02963,Hospital A,overfit,1,0,0.55333257,0.805941
HA-02966,Hospital A,overfit,1,1,0.26690122,1.3208766
HA-02970,Hospital A,overfit,1,0,0.59403604,0.90149087
HA-02972,Hospital A,overfit,1,0,0.5207718,0.7355784
HA-02974,Hospital A,overfit,1,0,0.074932255,0.07788825
HA-02978,Hospital A,overfit,1,0,0.8913837,2.2199337
HA-02986,Hospital A,overfit,1,0,0.2744207,0.320785
HA-02988,Hospital A,overfit,1,0,0.01382213,0.0139184
HA-02989,Hospital A,overfit,1,0,0.29871997,0.35484803
HA-02994,Hospital A,overfit,1,0,0.18102746,0.19970477
HA-02995,Hospital A,overfit,1,1,0.7999295,0.22323172
HA-02996,Hospital A,overfit,1,0,0.18983625,0.21051896
HA-03000,Hospital A,overfit,1,0,0.028200477,0.0286057
HB-00001,Hospital B,overfit,1,0,0.6634655,1.0890546
HB-00002,Hospital B,overfit,1,1,0.99442506,0.0055904635
HB-00003,Hospital B,overfit,1,1,1.0,9.951853e-10
HB-00006,Hospital B,overfit,1,1,0.6435215,0.44079977
HB-00007,Hospital B,overfit,1,1,0.98816305,0.011907589
HB-00009,Hospital B,overfit,1,0,0.43459624,0.57021517
HB-00011,Hospital B,overfit,1,1,0.44832182,0.80224395
HB-00016,Hospital B,overfit,1,1,1.0,4.2840957e-09
HB-00019,Hospital B,overfit,1,0,0.6366881,1.0124937
HB-00023,Hospital B,overfit,1,0,0.30580404,0.36500102
HB-00025,Hospital B,overfit,1,1,0.9967393,0.0032659462
HB-00028,Hospital B,overfit,1,1,0.6836398,0.38032407
HB-00032,Hospital B,overfit,1,0,0.43206155,0.5657422
HB-00039,Hospital B,overfit,1,0,0.69554555,1.189234
HB-00043,Hospital B,overfit,1,0,0.40595827,0.5208057
HB-00048,Hospital B,overfit,1,1,0.5223801,0.64935976
HB-00049,Hospital B,overfit,1,1,1.0,4.196967e-08
HB-00053,Hospital B,overfit,1,1,0.95688623,0.04407086
HB-00056,Hospital B,overfit,1,1,0.6799786,0.38569397
HB-00062,Hospital B,overfit,1,1,0.5005044,0.692139
HB-00064,Hospital B,overfit,1,1,0.6457199,0.43738946
HB-00067,Hospital B,overfit,1,1,0.9296358,0.07296238
HB-00069,Hospital B,overfit,1,0,0.4076087,0.5235879
HB-00070,Hospital B,overfit,1,0,0.34705016,0.42625493
HB-00075,Hospital B,overfit,1,1,0.97553533,0.024768865
HB-00077,Hospital B,overfit,1,1,0.8856841,0.12139501
HB-00078,Hospital B,overfit,1,0,0.05452917,0.056072235
HB-00079,Hospital B,overfit,1,0,0.6293908,0.992607
HB-00081,Hospital B,overfit,1,0,0.3327423,0.40457892
HB-00084,Hospital B,overfit,1,1,0.5909125,0.52608734
HB-00086,Hospital B,overfit,1,0,0.5734868,0.85211194
HB-00089,Hospital B,overfit,1,0,0.09118108,0.09560943
HB-00091,Hospital B,overfit,1,0,0.26597562,0.30921304
HB-00092,Hospital B,overfit,1,0,0.8434742,1.8545344
HB-00094,Hospital B,overfit,1,1,0.88562554,0.121461034
HB-00096,Hospital B,overfit,1,1,0.6583298,0.41804925
HB-00099,Hospital B,overfit,1,0,0.1035535,0.10931659
HB-00100,Hospital B,overfit,1,0,0.4465338,0.5915546
HB-00101,Hospital B,overfit,1,0,0.57707375,0.8605574
HB-00107,Hospital B,overfit,1,0,0.10372542,0.109508514
HB-00109,Hospital B,overfit,1,0,0.46222615,0.6203172
HB-00114,Hospital B,overfit,1,1,0.44664615,0.80598855
HB-00115,Hospital B,overfit,1,0,0.14145832,0.15252006
HB-00116,Hospital B,overfit,1,1,0.9975733,0.0024295917
HB-00119,Hospital B,overfit,1,0,0.6087397,0.93838215
HB-00120,Hospital B,overfit,1,0,0.31239662,0.37454307
HB-00125,Hospital B,overfit,1,1,0.9987993,0.0012014118
HB-00127,Hospital B,overfit,1,0,0.75385374,1.4018295
HB-00131,Hospital B,overfit,1,0,0.4940158,0.6812499
HB-00132,Hospital B,overfit,1,1,1.0,3.034967e-08
HB-00133,Hospital B,overfit,1,0,0.75980204,1.4262918
HB-00134,Hospital B,overfit,1,1,0.64227694,0.44273573
HB-00135,Hospital B,overfit,1,1,0.6242263,0.47124237
HB-00142,Hospital B,overfit,1,0,0.58692837,0.88413435
HB-00144,Hospital B,overfit,1,1,0.31753194,1.1471769
HB-00145,Hospital B,overfit,1,0,0.03510124,0.03573203
HB-00146,Hospital B,overfit,1,0,0.29822043,0.35413587
HB-00147,Hospital B,overfit,1,0,0.54160947,0.7800337
HB-00148,Hospital B,overfit,1,0,0.059145186,0.06096649
HB-00150,Hospital B,overfit,1,1,0.9952427,0.004768708
HB-00152,Hospital B,overfit,1,0,0.2779816,0.3257047
HB-00157,Hospital B,overfit,1,1,0.9869539,0.013131933
HB-00162,Hospital B,overfit,1,1,0.9999994,6.2542335e-07
HB-00163,Hospital B,overfit,1,0,0.17859575,0.19673991
HB-00165,Hospital B,overfit,1,1,0.16183168,1.8211985
HB-00169,Hospital B,overfit,1,1,0.88476014,0.12243875
HB-00170,Hospital B,overfit,1,1,0.4325466,0.8380652
HB-00171,Hospital B,overfit,1,0,0.4213188,0.5470035
HB-00173,Hospital B,overfit,1,0,0.7681841,1.4618118
HB-00179,Hospital B,overfit,1,0,0.8001704,1.6102902
HB-00181,Hospital B,overfit,1,1,0.97998846,0.020214492
HB-00182,Hospital B,overfit,1,0,0.76304734,1.439895
HB-00184,Hospital B,overfit,1,0,0.46810213,0.6313037
HB-00185,Hospital B,overfit,1,0,0.68500787,1.1552076
HB-00189,Hospital B,overfit,1,0,0.1468188,0.15878332
HB-00193,Hospital B,overfit,1,0,0.0045400737,0.004550457
HB-00195,Hospital B,overfit,1,0,0.25150543,0.28969133
HB-00201,Hospital B,overfit,1,0,0.5590912,0.8189172
HB-00205,Hospital B,overfit,1,1,0.989238,0.0108202975
HB-00207,Hospital B,overfit,1,0,0.574221,0.853835
HB-00209,Hospital B,overfit,1,0,0.52286285,0.73995125
HB-00210,Hospital B,overfit,1,0,0.037081927,0.03778696
HB-00215,Hospital B,overfit,1,1,0.9999205,7.949692e-05
HB-00216,Hospital B,overfit,1,1,0.78956586,0.23627204
HB-00220,Hospital B,overfit,1,1,0.98938984,0.0106668845
HB-00221,Hospital B,overfit,1,1,0.39348748,0.932706
HB-00222,Hospital B,overfit,1,1,0.9995889,0.00041122144
HB-00223,Hospital B,overfit,1,0,0.4770579,0.64828455
HB-00227,Hospital B,overfit,1,0,0.4328722,0.5671706
HB-00230,Hospital B,overfit,1,0,0.55157965,0.8020242
HB-00231,Hospital B,overfit,1,0,0.17548715,0.19296253
HB-00235,Hospital B,overfit,1,1,0.23735833,1.4381844
HB-00237,Hospital B,overfit,1,0,0.5231882,0.7406335
HB-00238,Hospital B,overfit,1,0,0.8160614,1.6931531
HB-00240,Hospital B,overfit,1,0,0.3345977,0.40736347
HB-00243,Hospital B,overfit,1,0,0.08982,0.09411287
HB-00245,Hospital B,overfit,1,1,0.4625646,0.77096903
HB-00246,Hospital B,overfit,1,0,0.07115161,0.07380986
HB-00247,Hospital B,overfit,1,0,0.031052046,0.031544447
HB-00248,Hospital B,overfit,1,1,0.8820344,0.12552416
HB-00252,Hospital B,overfit,1,1,0.94020796,0.06165418
HB-00254,Hospital B,overfit,1,0,0.3569835,0.44158494
HB-00258,Hospital B,overfit,1,0,0.4407236,0.58111143
HB-00260,Hospital B,overfit,1,0,0.62914795,0.991952
HB-00263,Hospital B,overfit,1,0,0.17317162,0.19015813
HB-00269,Hospital B,overfit,1,0,0.71551406,1.2570715
HB-00270,Hospital B,overfit,1,0,0.6394738,1.0201905
HB-00271,Hospital B,overfit,1,1,0.6095659,0.49500826
HB-00274,Hospital B,overfit,1,0,0.67429626,1.1217669
HB-00275,Hospital B,overfit,1,0,0.7450844,1.3668227
HB-00276,Hospital B,overfit,1,1,0.9340726,0.06820116
HB-00278,Hospital B,overfit,1,0,0.09229844,0.09683967
HB-00279,Hospital B,overfit,1,0,0.41549525,0.5369904
HB-00284,Hospital B,overfit,1,1,0.53676224,0.6222
HB-00287,Hospital B,overfit,1,1,0.48120782,0.7314561
HB-00291,Hospital B,overfit,1,1,0.7290281,0.31604296
HB-00292,Hospital B,overfit,1,1,0.963512,0.03717037
HB-00298,Hospital B,overfit,1,0,0.5070002,0.7072464
HB-00300,Hospital B,overfit,1,0,0.23856159,0.27254605
HB-00301,Hospital B,overfit,1,1,0.76586616,0.26674783
HB-00302,Hospital B,overfit,1,0,0.58957833,0.8905701
HB-00303,Hospital B,overfit,1,0,0.9475924,2.9487033
HB-00304,Hospital B,overfit,1,0,0.89873403,2.2900045
HB-00308,Hospital B,overfit,1,0,0.48124066,0.6563152
HB-00309,Hospital B,overfit,1,0,0.090279095,0.09461737
HB-00315,Hospital B,overfit,1,0,0.44281796,0.58486325
HB-00319,Hospital B,overfit,1,1,0.32869545,1.1126237
HB-00320,Hospital B,overfit,1,1,0.9988643,0.0011364173
HB-00323,Hospital B,overfit,1,0,0.215315,0.24247289
HB-00329,Hospital B,overfit,1,1,0.71771294,0.3316856
HB-00330,Hospital B,overfit,1,0,0.028695015,0.029114723
HB-00333,Hospital B,overfit,1,0,0.25049177,0.28833795
HB-00336,Hospital B,overfit,1,0,0.39407173,0.50099367
HB-00339,Hospital B,overfit,1,0,0.6290437,0.99167097
HB-00343,Hospital B,overfit,1,1,0.9993229,0.0006774065
HB-00346,Hospital B,overfit,1,1,0.46450266,0.76678795
HB-00348,Hospital B,overfit,1,0,0.094936475,0.09975004
HB-00349,Hospital B,overfit,1,0,0.48285484,0.6594316
HB-00350,Hospital B,overfit,1,1,0.68712527,0.37523866
HB-00353,Hospital B,overfit,1,1,0.4161877,0.8766189
HB-00357,Hospital B,overfit,1,0,0.14632154,0.15820062
HB-00359,Hospital B,overfit,1,0,0.5228979,0.7400247
HB-00366,Hospital B,overfit,1,1,0.76964486,0.2618261
HB-00368,Hospital B,overfit,1,0,0.26679096,0.31032443
HB-00372,Hospital B,overfit,1,1,0.7318635,0.31216118
HB-00375,Hospital B,overfit,1,1,0.99996734,3.2616903e-05
HB-00378,Hospital B,overfit,1,1,0.8047492,0.21722467
HB-00379,Hospital B,overfit,1,1,0.8436585,0.17000751
HB-00382,Hospital B,overfit,1,0,0.1679261,0.18383408
HB-00385,Hospital B,overfit,1,1,0.72968477,0.3151427
HB-00387,Hospital B,overfit,1,0,0.035774775,0.03643036
HB-00388,Hospital B,overfit,1,0,0.44346115,0.5860183
HB-00389,Hospital B,overfit,1,0,0.3255843,0.39390862
HB-00390,Hospital B,overfit,1,0,0.009756054,0.009803772
HB-00392,Hospital B,overfit,1,0,0.49407086,0.68135875
HB-00395,Hospital B,overfit,1,0,0.11961247,0.12739313
HB-00399,Hospital B,overfit,1,1,0.9358041,0.066349156
HB-00400,Hospital B,overfit,1,0,0.45586506,0.60855794
HB-00403,Hospital B,overfit,1,0,0.26013237,0.30128396
HB-00407,Hospital B,overfit,1,1,0.73480195,0.3081542
HB-00410,Hospital B,overfit,1,0,0.23881805,0.27288294
HB-00413,Hospital B,overfit,1,0,0.6055069,0.9301536
HB-00417,Hospital B,overfit,1,1,0.7931691,0.23171881
HB-00418,Hospital B,overfit,1,1,0.99292964,0.007095487
HB-00419,Hospital B,overfit,1,1,0.63783264,0.44967937
HB-00420,Hospital B,overfit,1,0,0.49491003,0.6830187
HB-00422,Hospital B,overfit,1,1,0.63019884,0.46171987
HB-00424,Hospital B,overfit,1,1,0.8997883,0.10559572
HB-00425,Hospital B,overfit,1,1,0.9027506,0.10230897
HB-00427,Hospital B,overfit,1,1,0.37491345,0.98106015
HB-00428,Hospital B,overfit,1,0,0.8452969,1.8662474
HB-00431,Hospital B,overfit,1,0,0.12522823,0.13379228
HB-00432,Hospital B,overfit,1,0,0.026100134,0.02644682
HB-00433,Hospital B,overfit,1,1,0.27033702,1.3080859
HB-00434,Hospital B,overfit,1,1,0.44362763,0.8127698
HB-00442,Hospital B,overfit,1,1,0.0702949,2.655056
HB-00450,Hospital B,overfit,1,0,0.3465621,0.42550778
HB-00453,Hospital B,overfit,1,0,0.2716563,0.31698233
HB-00455,Hospital B,overfit,1,0,0.2881559,0.33989644
HB-00461,Hospital B,overfit,1,0,0.98170245,4.0009894
HB-00462,Hospital B,overfit,1,1,0.73457783,0.30845928
HB-00464,Hospital B,overfit,1,0,0.6565574,1.0687352
HB-00468,Hospital B,overfit,1,1,0.67657346,0.39071435
HB-00469,Hospital B,overfit,1,0,0.16111496,0.17568159
HB-00471,Hospital B,overfit,1,0,0.23566768,0.26875257
HB-00475,Hospital B,overfit,1,0,0.5134001,0.720313
HB-00481,Hospital B,overfit,1,1,0.9545822,0.046481512
HB-00486,Hospital B,overfit,1,1,0.6723558,0.39696768
HB-00490,Hospital B,overfit,1,1,0.19095294,1.6557282
HB-00498,Hospital B,overfit,1,1,0.9832644,0.01687723
HB-00502,Hospital B,overfit,1,0,0.3260725,0.39463282
HB-00503,Hospital B,overfit,1,0,0.026837077,0.027203798
HB-00508,Hospital B,overfit,1,1,0.88082176,0.12689996
HB-00509,Hospital B,overfit,1,1,0.98519796,0.014912668
HB-00510,Hospital B,overfit,1,0,0.1681793,0.18413842
HB-00511,Hospital B,overfit,1,0,0.6193334,0.9658312
HB-00513,Hospital B,overfit,1,1,0.9818149,0.01835242
HB-00515,Hospital B,overfit,1,0,0.17921758,0.19749725
HB-00518,Hospital B,overfit,1,1,0.99997747,2.252977e-05
HB-00521,Hospital B,overfit,1,0,0.29057422,0.34329945
HB-00524,Hospital B,overfit,1,0,0.6318315,0.99921465
HB-00525,Hospital B,overfit,1,0,0.16133064,0.17593873
HB-00526,Hospital B,overfit,1,1,0.924835,0.07813988
HB-00527,Hospital B,overfit,1,1,0.9572675,0.04367237
HB-00534,Hospital B,overfit,1,1,0.64134,0.44419548
HB-00537,Hospital B,overfit,1,0,0.6181995,0.9628572
HB-00538,Hospital B,overfit,1,0,0.121363945,0.1293844
HB-00540,Hospital B,overfit,1,1,0.8709215,0.13820337
HB-00541,Hospital B,overfit,1,1,0.99827623,0.0017252546
HB-00543,Hospital B,overfit,1,0,0.11767341,0.12519312
HB-00544,Hospital B,overfit,1,0,0.019752339,0.019949913
HB-00546,Hospital B,overfit,1,1,0.991924,0.008108827
HB-00551,Hospital B,overfit,1,0,0.693132,1.1813376
HB-00558,Hospital B,overfit,1,0,0.12233416,0.13048923
HB-00563,Hospital B,overfit,1,1,0.9877202,0.012355771
HB-00566,Hospital B,overfit,1,0,0.20945668,0.23503482
HB-00573,Hospital B,overfit,1,0,0.36401674,0.45258307
HB-00576,Hospital B,overfit,1,0,0.35653558,0.44088858
HB-00577,Hospital B,overfit,1,0,0.16911286,0.18526137
HB-00579,Hospital B,overfit,1,0,0.29929224,0.35566443
HB-00582,Hospital B,overfit,1,0,0.047716748,0.048892736
HB-00583,Hospital B,overfit,1,1,0.9432127,0.05846354
HB-00584,Hospital B,overfit,1,1,0.96086115,0.039925374
HB-00586,Hospital B,overfit,1,1,0.7466958,0.29209736
HB-00589,Hospital B,overfit,1,0,0.5537029,0.80677044
HB-00592,Hospital B,overfit,1,1,0.9493969,0.05192832
HB-00593,Hospital B,overfit,1,0,0.5251371,0.7447292
HB-00596,Hospital B,overfit,1,0,0.4091149,0.52613366
HB-00600,Hospital B,overfit,1,0,0.18749015,0.2076273
HB-00601,Hospital B,overfit,1,1,0.9644576,0.036189422
HB-00603,Hospital B,overfit,1,0,0.47179258,0.63826627
HB-00604,Hospital B,overfit,1,0,0.36446348,0.45328575
HB-00605,Hospital B,overfit,1,1,0.97862965,0.02160203
HB-00607,Hospital B,overfit,1,1,0.9420177,0.059731208
HB-00609,Hospital B,overfit,1,0,0.01999524,0.020197868
HB-00610,Hospital B,overfit,1,0,0.62278575,0.9749421
HB-00612,Hospital B,overfit,1,0,0.62737316,0.98717785
HB-00613,Hospital B,overfit,1,1,0.9992679,0.0007324243
HB-00614,Hospital B,overfit,1,0,0.6521285,1.0559222
HB-00625,Hospital B,overfit,1,1,0.9020104,0.10312925
HB-00628,Hospital B,overfit,1,1,0.99961555,0.00038455328
HB-00630,Hospital B,overfit,1,0,0.23676394,0.27018797
HB-00634,Hospital B,overfit,1,1,0.9661548,0.034431253
HB-00639,Hospital B,overfit,1,0,0.06869684,0.07117033
HB-00640,Hospital B,overfit,1,0,0.10998298,0.11651468
HB-00642,Hospital B,overfit,1,1,0.99427754,0.005738891
HB-00644,Hospital B,overfit,1,0,0.48949608,0.6723569
HB-00645,Hospital B,overfit,1,1,0.35702732,1.029943
HB-00646,Hospital B,overfit,1,1,0.4329075,0.8372313
HB-00651,Hospital B,overfit,1,0,0.21799095,0.24588895
HB-00657,Hospital B,overfit,1,1,0.51452434,0.66451246
HB-00660,Hospital B,overfit,1,1,0.97725725,0.02300541
HB-00661,Hospital B,overfit,1,0,0.19535357,0.21735227
HB-00663,Hospital B,overfit,1,0,0.0857855,0.08968997
HB-00666,Hospital B,overfit,1,0,0.010228472,0.010281086
HB-00670,Hospital B,overfit,1,0,0.22865446,0.25961888
HB-00671,Hospital B,overfit,1,0,0.12508199,0.13362503
HB-00673,Hospital B,overfit,1,1,0.39138326,0.938068
HB-00674,Hospital B,overfit,1,0,0.3383268,0.41298348
HB-00675,Hospital B,overfit,1,1,0.92025125,0.083108544
HB-00680,Hospital B,overfit,1,1,0.996967,0.003037613
HB-00684,Hospital B,overfit,1,1,0.9959525,0.004055689
HB-00688,Hospital B,overfit,1,1,0.9463782,0.05511307
HB-00689,Hospital B,overfit,1,0,0.018225407,0.018393517
HB-00690,Hospital B,overfit,1,0,0.09599587,0.10092139
HB-00691,Hospital B,overfit,1,0,0.88913345,2.1994278
HB-00692,Hospital B,overfit,1,0,0.69747436,1.1955894
HB-00693,Hospital B,overfit,1,1,1.0,1.4338261e-10
HB-00694,Hospital B,overfit,1,1,0.75742036,0.27783686
HB-00697,Hospital B,overfit,1,1,0.7200827,0.32838917
HB-00705,Hospital B,overfit,1,0,0.062633544,0.06468105
HB-00706,Hospital B,overfit,1,1,0.7456871,0.2934492
HB-00707,Hospital B,overfit,1,0,0.13842444,0.14899254
HB-00708,Hospital B,overfit,1,1,0.48934805,0.7146812
HB-00710,Hospital B,overfit,1,0,0.39368638,0.50035787
HB-00713,Hospital B,overfit,1,0,0.3393311,0.4145025
HB-00716,Hospital B,overfit,1,0,0.09879451,0.104022026
HB-00717,Hospital B,overfit,1,1,1.0,4.0535117e-08
HB-00718,Hospital B,overfit,1,0,0.06864681,0.071116686
HB-00726,Hospital B,overfit,1,0,0.02409723,0.024392366
HB-00734,Hospital B,overfit,1,1,0.5986363,0.513101
HB-00737,Hospital B,overfit,1,1,0.7134755,0.33760712
HB-00739,Hospital B,overfit,1,1,0.55704784,0.5851041
HB-00740,Hospital B,overfit,1,0,0.5856006,0.880925
HB-00741,Hospital B,overfit,1,0,0.52608854,0.7467347
HB-00743,Hospital B,overfit,1,1,0.67930454,0.3866858
HB-00749,Hospital B,overfit,1,0,0.6751397,1.1243602
HB-00751,Hospital B,overfit,1,1,0.9346585,0.06757404
HB-00756,Hospital B,overfit,1,0,0.14459153,0.15617621
HB-00761,Hospital B,overfit,1,0,0.5964967,0.9075707
HB-00762,Hospital B,overfit,1,1,0.9999994,5.526721e-07
HB-00763,Hospital B,overfit,1,1,0.6170101,0.48286986
HB-00769,Hospital B,overfit,1,0,0.051501106,0.052874565
HB-00770,Hospital B,overfit,1,0,0.20910577,0.234591
HB-00771,Hospital B,overfit,1,0,0.7537894,1.401568
HB-00773,Hospital B,overfit,1,0,0.14677215,0.1587286
HB-00774,Hospital B,overfit,1,0,0.41801238,0.54130614
HB-00775,Hospital B,overfit,1,0,0.74250555,1.3567572
HB-00776,Hospital B,overfit,1,0,0.017317103,0.01746893
HB-00778,Hospital B,overfit,1,1,0.95498496,0.046059646
HB-00779,Hospital B,overfit,1,1,0.97229034,0.0281008
HB-00783,Hospital B,overfit,1,0,0.12336194,0.13166118
HB-00784,Hospital B,overfit,1,1,0.97449183,0.025839094
HB-00785,Hospital B,overfit,1,0,0.65639836,1.0682721
HB-00787,Hospital B,overfit,1,0,0.8792685,2.1141868
HB-00789,Hospital B,overfit,1,0,0.25432596,0.2934667
HB-00797,Hospital B,overfit,1,1,0.8516935,0.16052857
HB-00799,Hospital B,overfit,1,0,0.7032544,1.2148801
HB-00803,Hospital B,overfit,1,0,0.46134928,0.6186879
HB-00806,Hospital B,overfit,1,1,0.6150267,0.48608956
HB-00808,Hospital B,overfit,1,1,0.73912525,0.30228788
HB-00809,Hospital B,overfit,1,1,0.95170355,0.04950172
HB-00816,Hospital B,overfit,1,1,0.6510483,0.42917147
HB-00818,Hospital B,overfit,1,0,0.23130283,0.2630582
HB-00822,Hospital B,overfit,1,0,0.2106202,0.23650765
HB-00823,Hospital B,overfit,1,1,0.97615993,0.024128834
HB-00824,Hospital B,overfit,1,0,0.34532815,0.42362118
HB-00829,Hospital B,overfit,1,0,0.08606421,0.08999491
HB-00830,Hospital B,overfit,1,1,0.69722706,0.36064413
HB-00832,Hospital B,overfit,1,0,0.018462114,0.018634558
HB-00835,Hospital B,overfit,1,1,0.75118566,0.28610247
HB-00837,Hospital B,overfit,1,1,0.9555856,0.04543094
HB-00839,Hospital B,overfit,1,0,0.79836273,1.6012847
HB-00842,Hospital B,overfit,1,1,0.72611994,0.32004014
HB-00843,Hospital B,overfit,1,0,0.085653454,0.08954573
HB-00849,Hospital B,overfit,1,0,0.2805602,0.32928234
HB-00851,Hospital B,overfit,1,0,0.42554653,0.55433625
HB-00854,Hospital B,overfit,1,0,0.31157154,0.37334383
HB-00855,Hospital B,overfit,1,0,0.35466138,0.43798006
HB-00857,Hospital B,overfit,1,0,0.32697576,0.39597398
HB-00858,Hospital B,overfit,1,0,0.16770014,0.18356252
HB-00860,Hospital B,overfit,1,1,0.90289724,0.10214647
HB-00863,Hospital B,overfit,1,1,0.9320801,0.07033656
HB-00864,Hospital B,overfit,1,1,0.32990596,1.1089475
HB-00867,Hospital B,overfit,1,0,0.08202627,0.08558655
HB-00869,Hospital B,overfit,1,0,0.24617624,0.2825967
HB-00871,Hospital B,overfit,1,1,0.99126774,0.008770628
HB-00873,Hospital B,overfit,1,1,0.52997285,0.6349295
HB-00874,Hospital B,overfit,1,1,0.99127954,0.008758714
HB-00877,Hospital B,overfit,1,0,0.4642486,0.62408495
HB-00879,Hospital B,overfit,1,0,0.67536455,1.1250525
HB-00881,Hospital B,overfit,1,0,0.14599426,0.15781736
HB-00883,Hospital B,overfit,1,1,0.8877255,0.11909278
HB-00884,Hospital B,overfit,1,0,0.45125458,0.60012066
HB-00890,Hospital B,overfit,1,1,0.89803135,0.10755023
HB-00895,Hospital B,overfit,1,0,0.061994642,0.06399965
HB-00896,Hospital B,overfit,1,0,0.088104516,0.09222984
HB-00899,Hospital B,overfit,1,0,0.6721251,1.1151233
HB-00900,Hospital B,overfit,1,0,0.0155234495,0.015645027
HB-00903,Hospital B,overfit,1,1,0.83947504,0.17497855
HB-00908,Hospital B,overfit,1,0,0.6224415,0.97402966
HB-00913,Hospital B,overfit,1,0,0.27037203,0.31522048
HB-00915,Hospital B,overfit,1,1,0.9999976,2.37416e-06
HB-00917,Hospital B,overfit,1,0,0.14560945,0.15736687
HB-00931,Hospital B,overfit,1,1,0.93134266,0.07112797
HB-00934,Hospital B,overfit,1,1,0.56858057,0.56461227
HB-00935,Hospital B,overfit,1,0,0.42234322,0.5487754
HB-00936,Hospital B,overfit,1,0,0.13152751,0.14101934
HB-00941,Hospital B,overfit,1,1,0.9241004,0.07893459
HB-00942,Hospital B,overfit,1,0,0.36109227,0.4479952
HB-00945,Hospital B,overfit,1,1,0.74197644,0.29843783
HB-00947,Hospital B,overfit,1,0,0.16401201,0.17914104
HB-00948,Hospital B,overfit,1,1,0.9999018,9.81834e-05
HB-00954,Hospital B,overfit,1,0,0.13504203,0.14507425
HB-00956,Hospital B,overfit,1,1,0.4532918,0.7912192
HB-00959,Hospital B,overfit,1,1,1.0,8.4955016e-17
HB-00960,Hospital B,overfit,1,0,0.25691652,0.29694688
HB-00961,Hospital B,overfit,1,0,0.2147395,0.24173975
HB-00963,Hospital B,overfit,1,1,0.92458063,0.078415036
HB-00967,Hospital B,overfit,1,0,0.14374484,0.15518689
HB-00968,Hospital B,overfit,1,0,0.116287895,0.12362385
HB-00969,Hospital B,overfit,1,1,0.9307407,0.07177456
HB-00973,Hospital B,overfit,1,0,0.33019578,0.40076977
HB-00974,Hospital B,overfit,1,1,0.99992037,7.96679e-05
HB-00975,Hospital B,overfit,1,1,0.6895365,0.37173566
HB-00976,Hospital B,overfit,1,0,0.06685076,0.069190025
HB-00977,Hospital B,overfit,1,1,0.9028577,0.102190375
HB-00978,Hospital B,overfit,1,1,0.91780806,0.085766956
HB-00979,Hospital B,overfit,1,0,0.13840912,0.14897478
HB-00980,Hospital B,overfit,1,0,0.2661546,0.30945694
HB-00982,Hospital B,overfit,1,0,0.06441388,0.066581964
HB-00983,Hospital B,overfit,1,1,0.92728853,0.07549051
HB-00984,Hospital B,overfit,1,1,0.98292404,0.017223459
HB-00987,Hospital B,overfit,1,1,0.89645606,0.109306
HB-00988,Hospital B,overfit,1,1,0.46567965,0.7642574
HB-00989,Hospital B,overfit,1,0,0.17840981,0.19651353
HB-00991,Hospital B,overfit,1,1,0.55936694,0.58094966
HB-00994,Hospital B,overfit,1,1,0.9609293,0.039854452
HB-00998,Hospital B,overfit,1,0,0.06393077,0.06606579
HB-01001,Hospital B,overfit,1,1,0.9462982,0.055197585
HB-01002,Hospital B,overfit,1,0,0.48918438,0.67174655
HB-01003,Hospital B,overfit,1,0,0.036703505,0.037394047
HB-01005,Hospital B,overfit,1,0,0.117765896,0.12529778
HB-01006,Hospital B,overfit,1,1,0.35325792,1.0405569
HB-01007,Hospital B,overfit,1,1,0.8073701,0.21397306
HB-01011,Hospital B,overfit,1,0,0.56080556,0.82281303
HB-01014,Hospital B,overfit,1,0,0.092100285,0.096621275
HB-01016,Hospital B,overfit,1,0,0.43918508,0.5783643
HB-01018,Hospital B,overfit,1,0,0.4279244,0.55848414
HB-01019,Hospital B,overfit,1,0,0.5470476,0.7919682
HB-01020,Hospital B,overfit,1,0,0.84885365,1.8895066
HB-01024,Hospital B,overfit,1,0,0.22690839,0.25735772
HB-01027,Hospital B,overfit,1,0,0.06029736,0.062191725
HB-01028,Hospital B,overfit,1,0,0.23558873,0.26864934
HB-01030,Hospital B,overfit,1,1,0.27738985,1.2823313
HB-01031,Hospital B,overfit,1,0,0.70479345,1.22008
HB-01032,Hospital B,overfit,1,0,0.16594246,0.18145287
HB-01033,Hospital B,overfit,1,1,0.23424627,1.4513824
HB-01034,Hospital B,overfit,1,0,0.14631857,0.15819716
HB-01041,Hospital B,overfit,1,1,0.97563815,0.024663484
HB-01042,Hospital B,overfit,1,1,0.97918576,0.02103397
HB-01044,Hospital B,overfit,1,0,0.25523442,0.29468584
HB-01045,Hospital B,overfit,1,1,0.93275356,0.06961431
HB-01046,Hospital B,overfit,1,1,0.7690411,0.26261088
HB-01048,Hospital B,overfit,1,0,0.16786182,0.18375671
HB-01050,Hospital B,overfit,1,1,0.74239844,0.2978692
HB-01057,Hospital B,overfit,1,0,0.5950329,0.90394944
HB-01058,Hospital B,overfit,1,1,0.92554116,0.07737669
HB-01062,Hospital B,overfit,1,1,0.8109874,0.20950276
HB-01064,Hospital B,overfit,1,0,0.44915658,0.5963046
HB-01065,Hospital B,overfit,1,0,0.8206615,1.71848
HB-01067,Hospital B,overfit,1,0,0.065800466,0.06806517
HB-01069,Hospital B,overfit,1,0,0.4075814,0.5235418
HB-01070,Hospital B,overfit,1,0,0.5115629,0.7165445
HB-01075,Hospital B,overfit,1,0,0.69549125,1.1890556
HB-01077,Hospital B,overfit,1,0,0.14912646,0.16149175
HB-01079,Hospital B,overfit,1,0,0.078402646,0.08164692
HB-01082,Hospital B,overfit,1,0,0.21950442,0.24782622
HB-01083,Hospital B,overfit,1,1,0.76131463,0.27270854
HB-01087,Hospital B,overfit,1,1,0.9998733,0.00012669044
HB-01088,Hospital B,overfit,1,1,0.99971634,0.00028362765
HB-01091,Hospital B,overfit,1,1,0.48134947,0.73116165
HB-01092,Hospital B,overfit,1,0,0.041586302,0.0424757
HB-01094,Hospital B,overfit,1,0,0.5311485,0.75746924
HB-01095,Hospital B,overfit,1,1,0.20532736,1.5831498
HB-01096,Hospital B,overfit,1,0,0.45596772,0.6087467
HB-01099,Hospital B,overfit,1,1,0.959357,0.041491967
HB-01110,Hospital B,overfit,1,0,0.8246047,1.740713
HB-01113,Hospital B,overfit,1,1,0.9614437,0.039319236
HB-01114,Hospital B,overfit,1,0,0.21277687,0.2392435
HB-01115,Hospital B,overfit,1,0,0.43668008,0.5739076
HB-01118,Hospital B,overfit,1,0,0.37512815,0.47020864
HB-01119,Hospital B,overfit,1,1,0.99998415,1.585135e-05
HB-01121,Hospital B,overfit,1,0,0.33796468,0.41243643
HB-01123,Hospital B,overfit,1,0,0.70530653,1.2218196
HB-01129,Hospital B,overfit,1,0,0.054640114,0.056189537
HB-01131,Hospital B,overfit,1,0,0.69486386,1.1869973
HB-01132,Hospital B,overfit,1,0,0.19434994,0.21610582
HB-01140,Hospital B,overfit,1,1,0.9886559,0.011408925
HB-01141,Hospital B,overfit,1,0,0.16430737,0.17949438
HB-01145,Hospital B,overfit,1,0,0.39866218,0.5085984
HB-01146,Hospital B,overfit,1,1,0.95571494,0.045295663
HB-01147,Hospital B,overfit,1,1,0.90844613,0.09601968
HB-01148,Hospital B,overfit,1,1,0.7353131,0.30745882
HB-01150,Hospital B,overfit,1,0,0.33760738,0.41189688
HB-01151,Hospital B,overfit,1,1,0.9993382,0.0006620313
HB-01154,Hospital B,overfit,1,1,0.24020953,1.4262437
HB-01155,Hospital B,overfit,1,0,0.11237374,0.11920452
HB-01160,Hospital B,overfit,1,0,0.10558837,0.11158919
HB-01161,Hospital B,overfit,1,1,0.5685378,0.5646875
HB-01162,Hospital B,overfit,1,0,0.56533015,0.83316845
HB-01163,Hospital B,overfit,1,0,0.22625981,0.2565192
HB-01164,Hospital B,overfit,1,1,0.5593157,0.5810413
HB-01168,Hospital B,overfit,1,0,0.61792344,0.9621343
HB-01170,Hospital B,overfit,1,1,0.30443332,1.1893032
HB-01171,Hospital B,overfit,1,0,0.68654424,1.1600971
HB-01172,Hospital B,overfit,1,0,0.03261744,0.033161163
HB-01176,Hospital B,overfit,1,0,0.1541578,0.16742241
HB-01177,Hospital B,overfit,1,0,0.08917357,0.09340286
HB-01178,Hospital B,overfit,1,0,0.3192282,0.38452816
HB-01180,Hospital B,overfit,1,0,0.24174011,0.2767291
HB-01181,Hospital B,overfit,1,0,0.24063751,0.27527606
HB-01186,Hospital B,overfit,1,1,0.6147022,0.48661733
HB-01187,Hospital B,overfit,1,0,0.89308536,2.235725
HB-01188,Hospital B,overfit,1,1,0.6573651,0.41951573
HB-01191,Hospital B,overfit,1,0,0.087140046,0.091172695
HB-01193,Hospital B,overfit,1,0,0.2372059,0.2707672
HB-01197,Hospital B,overfit,1,1,0.88684016,0.12009049
HB-01198,Hospital B,overfit,1,1,0.6578345,0.41880196
HB-01199,Hospital B,overfit,1,0,0.9327858,2.6998708
HB-01201,Hospital B,overfit,1,1,1.0,8.234172e-09
HB-01203,Hospital B,overfit,1,0,0.039065965,0.03984952
HB-01207,Hospital B,overfit,1,0,0.42365903,0.5510558
HB-01208,Hospital B,overfit,1,0,0.3160411,0.37985742
HB-01213,Hospital B,overfit,1,0,0.29729092,0.3528123
HB-01214,Hospital B,overfit,1,1,1.0,1.11026845e-17
HB-01217,Hospital B,overfit,1,0,0.51424724,0.72205555
HB-01218,Hospital B,overfit,1,0,0.24712136,0.28385127
HB-01220,Hospital B,overfit,1,0,0.047392774,0.048552513
HB-01221,Hospital B,overfit,1,0,0.17218582,0.18896651
HB-01223,Hospital B,overfit,1,1,0.58151144,0.5421247
HB-01224,Hospital B,overfit,1,1,0.963675,0.0370011
HB-01225,Hospital B,overfit,1,0,0.9478472,2.9535766
HB-01226,Hospital B,overfit,1,1,0.9188098,0.08467622
HB-01236,Hospital B,overfit,1,1,0.99992585,7.4119256e-05
HB-01239,Hospital B,overfit,1,0,0.0955375,0.100414515
HB-01245,Hospital B,overfit,1,0,0.1415005,0.15256917
HB-01248,Hospital B,overfit,1,0,0.036730085,0.037421703
HB-01249,Hospital B,overfit,1,1,0.9036952,0.101263136
HB-01251,Hospital B,overfit,1,0,0.78730136,1.547879
HB-01252,Hospital B,overfit,1,1,0.40722126,0.89839864
HB-01253,Hospital B,overfit,1,0,0.38764063,0.49043596
HB-01254,Hospital B,overfit,1,1,0.5918793,0.52445257
HB-01255,Hospital B,overfit,1,0,0.2822668,0.3316574
HB-01259,Hospital B,overfit,1,0,0.46865094,0.6323361
HB-01260,Hospital B,overfit,1,1,0.9869752,0.013110371
HB-01263,Hospital B,overfit,1,0,0.1904148,0.21123326
HB-01265,Hospital B,overfit,1,0,0.2866707,0.33781213
HB-01267,Hospital B,overfit,1,1,0.79018253,0.23549126
HB-01269,Hospital B,overfit,1,0,0.10125832,0.10675955
HB-01270,Hospital B,overfit,1,1,0.7957427,0.22847936
HB-01273,Hospital B,overfit,1,1,0.7804503,0.24788424
HB-01274,Hospital B,overfit,1,0,0.14215021,0.15332627
HB-01275,Hospital B,overfit,1,0,0.03013923,0.030602694
HB-01279,Hospital B,overfit,1,1,0.7201072,0.3283552
HB-01281,Hospital B,overfit,1,0,0.5488454,0.7959452
HB-01282,Hospital B,overfit,1,0,0.6837796,1.1513158
HB-01285,Hospital B,overfit,1,0,0.0902403,0.09457469
HB-01286,Hospital B,overfit,1,0,0.04173134,0.042627096
HB-01287,Hospital B,overfit,1,0,0.17635527,0.19401598
HB-01292,Hospital B,overfit,1,1,0.5601338,0.5795795
HB-01294,Hospital B,overfit,1,1,0.9853645,0.014743686
HB-01296,Hospital B,overfit,1,1,0.99881256,0.0011881749
HB-01297,Hospital B,overfit,1,0,0.34996504,0.4307291
HB-01298,Hospital B,overfit,1,1,0.66722566,0.40462697
HB-01300,Hospital B,overfit,1,1,0.85347337,0.15844095
HB-01302,Hospital B,overfit,1,0,0.16751838,0.18334413
HB-01304,Hospital B,overfit,1,0,0.5393379,0.77509046
HB-01306,Hospital B,overfit,1,0,0.19838174,0.22112274
HB-01308,Hospital B,overfit,1,1,0.06466152,2.738589
HB-01310,Hospital B,overfit,1,0,0.76142627,1.4330769
HB-01312,Hospital B,overfit,1,0,0.89092237,2.2156956
HB-01313,Hospital B,overfit,1,0,0.11841647,0.12603545
HB-01314,Hospital B,overfit,1,1,0.80191374,0.22075418
HB-01317,Hospital B,overfit,1,0,0.056388192,0.05804038
HB-01318,Hospital B,overfit,1,0,0.44452575,0.58793306
HB-01323,Hospital B,overfit,1,0,0.39392352,0.5007491
HB-01325,Hospital B,overfit,1,1,0.93355006,0.06876068
HB-01328,Hospital B,overfit,1,0,0.31723538,0.38160515
HB-01332,Hospital B,overfit,1,0,0.011465013,0.011531353
HB-01333,Hospital B,overfit,1,1,0.6966151,0.36152223
HB-01338,Hospital B,overfit,1,0,0.69435275,1.1853235
HB-01340,Hospital B,overfit,1,0,0.027841771,0.028236628
HB-01342,Hospital B,overfit,1,1,0.9998098,0.00019027825
HB-01344,Hospital B,overfit,1,0,0.05669751,0.058368206
HB-01346,Hospital B,overfit,1,1,0.7866187,0.24001165
HB-01347,Hospital B,overfit,1,1,0.3405935,1.0770655
HB-01349,Hospital B,overfit,1,0,0.4840176,0.6616826
HB-01351,Hospital B,overfit,1,0,0.58842885,0.8877734
HB-01352,Hospital B,overfit,1,0,0.41045117,0.5283977
HB-01358,Hospital B,overfit,1,0,0.16772048,0.18358696
HB-01360,Hospital B,overfit,1,0,0.120789684,0.12873113
HB-01363,Hospital B,overfit,1,0,0.33842427,0.41313082
HB-01365,Hospital B,overfit,1,0,0.14686272,0.15883482
HB-01370,Hospital B,overfit,1,0,0.17280698,0.18971717
HB-01371,Hospital B,overfit,1,0,0.24288476,0.27823985
HB-01373,Hospital B,overfit,1,1,0.5043019,0.68458027
HB-01375,Hospital B,overfit,1,0,0.05573267,0.057345867
HB-01381,Hospital B,overfit,1,1,0.7013754,0.35471198
HB-01385,Hospital B,overfit,1,0,0.54109305,0.7789078
HB-01389,Hospital B,overfit,1,0,0.47947472,0.6529168
HB-01392,Hospital B,overfit,1,0,0.37026998,0.4624641
HB-01394,Hospital B,overfit,1,1,0.711662,0.34015226
HB-01399,Hospital B,overfit,1,0,0.6334625,1.0036545
HB-01401,Hospital B,overfit,1,0,0.3046484,0.36333764
HB-01407,Hospital B,overfit,1,0,0.28930768,0.34151572
HB-01408,Hospital B,overfit,1,0,0.97404873,3.6515336
HB-01410,Hospital B,overfit,1,1,0.7864777,0.24019092
HB-01414,Hospital B,overfit,1,0,0.11130092,0.11799669
HB-01415,Hospital B,overfit,1,0,0.5268358,0.7483128
HB-01416,Hospital B,overfit,1,1,0.95298517,0.048155993
HB-01418,Hospital B,overfit,1,0,0.24013332,0.2746123
HB-01420,Hospital B,overfit,1,0,0.19401565,0.21569097
HB-01421,Hospital B,overfit,1,0,0.22940814,0.2605965
HB-01423,Hospital B,overfit,1,0,0.4116136,0.5303714
HB-01424,Hospital B,overfit,1,1,0.5512672,0.5955357
HB-01429,Hospital B,overfit,1,1,0.9691032,0.03138414
HB-01451,Hospital B,overfit,1,1,0.6837805,0.38011834
HB-01453,Hospital B,overfit,1,1,1.0,1.2021946e-19
HB-01454,Hospital B,overfit,1,0,0.32565778,0.39401764
HB-01458,Hospital B,overfit,1,1,0.8967653,0.10896112
HB-01462,Hospital B,overfit,1,1,0.6358001,0.45287102
HB-01469,Hospital B,overfit,1,0,0.58932877,0.8899623
HB-01470,Hospital B,overfit,1,0,0.35057205,0.4316634
HB-01471,Hospital B,overfit,1,0,0.19385408,0.21549046
HB-01473,Hospital B,overfit,1,0,0.015723975,0.015849113
HB-01474,Hospital B,overfit,1,1,0.85687065,0.15446822
HB-01477,Hospital B,overfit,1,0,0.13625991,0.14648342
HB-01482,Hospital B,overfit,1,0,0.23403823,0.26662302
HB-01487,Hospital B,overfit,1,0,0.33413383,0.40666658
HB-01493,Hospital B,overfit,1,0,0.043195173,0.044155836
HB-01495,Hospital B,overfit,1,1,0.9695417,0.030931693
HB-01497,Hospital B,overfit,1,1,0.999979,2.1018526e-05
HB-01501,Hospital B,overfit,1,0,0.082184985,0.0857594
HB-01502,Hospital B,overfit,1,1,1.0,5.4344135e-10
HB-01503,Hospital B,overfit,1,0,0.27073702,0.31572092
HB-01504,Hospital B,overfit,1,1,0.8728408,0.136002
HB-01505,Hospital B,overfit,1,1,0.9999982,1.8426047e-06
HB-01507,Hospital B,overfit,1,0,0.18204138,0.20094347
HB-01509,Hospital B,overfit,1,0,0.21769547,0.24551117
HB-01512,Hospital B,overfit,1,0,0.44412094,0.5872046
HB-01516,Hospital B,overfit,1,0,0.06274148,0.06479621
HB-01520,Hospital B,overfit,1,0,0.33875814,0.4136356
HB-01523,Hospital B,overfit,1,1,0.80065,0.22233133
HB-01524,Hospital B,overfit,1,1,0.9848342,0.015281932
HB-01528,Hospital B,overfit,1,1,0.9903646,0.009682162
HB-01529,Hospital B,overfit,1,0,0.18834904,0.20868492
HB-01535,Hospital B,overfit,1,1,0.9907924,0.009250243
HB-01536,Hospital B,overfit,1,0,0.02932409,0.029762745
HB-01537,Hospital B,overfit,1,0,0.55723095,0.8147069
HB-01542,Hospital B,overfit,1,0,0.32076815,0.38679278
HB-01546,Hospital B,overfit,1,0,0.33549803,0.40871745
HB-01547,Hospital B,overfit,1,0,0.32976305,0.40012395
HB-01552,Hospital B,overfit,1,0,0.35581532,0.43976974
HB-01553,Hospital B,overfit,1,0,0.10212976,0.10772967
HB-01556,Hospital B,overfit,1,0,0.120542906,0.1284504
HB-01557,Hospital B,overfit,1,0,0.4673809,0.62994885
HB-01559,Hospital B,overfit,1,1,0.95492727,0.046120074
HB-01561,Hospital B,overfit,1,1,0.6439004,0.44021124
HB-01562,Hospital B,overfit,1,1,0.8586225,0.15242589
HB-01563,Hospital B,overfit,1,0,0.33472067,0.4075483
HB-01564,Hospital B,overfit,1,0,0.059484366,0.06132698
HB-01567,Hospital B,overfit,1,0,0.083275504,0.086948395
HB-01569,Hospital B,overfit,1,0,0.19077398,0.21167707
HB-01570,Hospital B,overfit,1,0,0.39541823,0.50321835
HB-01577,Hospital B,overfit,1,0,0.3055934,0.36469758
HB-01579,Hospital B,overfit,1,1,0.64490634,0.43865013
HB-01581,Hospital B,overfit,1,0,0.041049734,0.041916132
HB-01584,Hospital B,overfit,1,0,0.5120415,0.717525
HB-01585,Hospital B,overfit,1,0,0.50620645,0.70563775
HB-01586,Hospital B,overfit,1,0,0.0040231966,0.0040311813
HB-01587,Hospital B,overfit,1,0,0.09550038,0.10037351
HB-01589,Hospital B,overfit,1,0,0.120425425,0.12831688
HB-01591,Hospital B,overfit,1,1,0.12401994,2.0873127
HB-01592,Hospital B,overfit,1,0,0.25053474,0.2883953
HB-01595,Hospital B,overfit,1,0,0.46503314,0.6255505
HB-01604,Hospital B,overfit,1,0,0.0906409,0.09501529
HB-01605,Hospital B,overfit,1,0,0.84519553,1.8655925
HB-01606,Hospital B,overfit,1,0,0.32202047,0.38863814
HB-01610,Hospital B,overfit,1,0,0.78982764,1.5598274
HB-01611,Hospital B,overfit,1,1,0.9007261,0.10455402
HB-01613,Hospital B,overfit,1,1,0.59377956,0.52124715
HB-01614,Hospital B,overfit,1,0,0.13306378,0.14278996
HB-01615,Hospital B,overfit,1,1,0.99999917,7.786169e-07
HB-01617,Hospital B,overfit,1,1,0.39581442,0.92680985
HB-01619,Hospital B,overfit,1,0,0.40825245,0.52467513
HB-01621,Hospital B,overfit,1,1,0.8597364,0.15112941
HB-01622,Hospital B,overfit,1,0,0.046131574,0.04722953
HB-01623,Hospital B,overfit,1,1,0.98992366,0.010127433
HB-01625,Hospital B,overfit,1,1,0.81363523,0.20624313
HB-01627,Hospital B,overfit,1,0,0.48844722,0.6703045
HB-01629,Hospital B,overfit,1,0,0.17971608,0.19810474
HB-01630,Hospital B,overfit,1,1,0.88512844,0.122022495
HB-01632,Hospital B,overfit,1,1,0.93517596,0.067020535
HB-01634,Hospital B,overfit,1,1,0.97949445,0.020718731
HB-01635,Hospital B,overfit,1,0,0.07602273,0.07906771
HB-01638,Hospital B,overfit,1,0,0.70342946,1.2154702
HB-01642,Hospital B,overfit,1,0,0.18797825,0.20822811
HB-01646,Hospital B,overfit,1,0,0.37245822,0.46594507
HB-01647,Hospital B,overfit,1,0,0.012468527,0.012547016
HB-01651,Hospital B,overfit,1,1,0.41567346,0.87785536
HB-01653,Hospital B,overfit,1,1,0.97214115,0.02825431
HB-01658,Hospital B,overfit,1,0,0.18571009,0.20543885
HB-01660,Hospital B,overfit,1,1,0.95182663,0.04937242
HB-01662,Hospital B,overfit,1,0,0.26992595,0.3146093
HB-01665,Hospital B,overfit,1,0,0.11136207,0.11806536
HB-01667,Hospital B,overfit,1,0,0.20979042,0.23545706
HB-01668,Hospital B,overfit,1,0,0.31186655,0.37377256
HB-01669,Hospital B,overfit,1,1,0.84723276,0.16577989
HB-01672,Hospital B,overfit,1,0,0.6356587,1.0096642
HB-01673,Hospital B,overfit,1,0,0.09038034,0.09472871
HB-01676,Hospital B,overfit,1,1,0.6414326,0.44405118
HB-01677,Hospital B,overfit,1,0,0.093620874,0.098297596
HB-01678,Hospital B,overfit,1,1,0.6929301,0.36682612
HB-01679,Hospital B,overfit,1,0,0.021535976,0.021771193
HB-01685,Hospital B,overfit,1,0,0.37642032,0.47227865
HB-01689,Hospital B,overfit,1,0,0.26979223,0.31442618
HB-01690,Hospital B,overfit,1,0,0.09090054,0.095300674
HB-01692,Hospital B,overfit,1,1,0.9991221,0.0008783511
HB-01695,Hospital B,overfit,1,0,0.42850628,0.5595018
HB-01700,Hospital B,overfit,1,1,1.0,1.0285758e-08
HB-01702,Hospital B,overfit,1,1,0.7198335,0.3287353
HB-01710,Hospital B,overfit,1,0,0.08986386,0.09416103
HB-01711,Hospital B,overfit,1,1,0.38561553,0.95291436
HB-01713,Hospital B,overfit,1,0,0.15112509,0.1638434
HB-01716,Hospital B,overfit,1,1,0.48533776,0.7229102
HB-01717,Hospital B,overfit,1,0,0.5157563,0.7251669
HB-01724,Hospital B,overfit,1,1,0.99174714,0.0082871495
HB-01725,Hospital B,overfit,1,1,0.9178419,0.08573008
HB-01728,Hospital B,overfit,1,0,0.36611333,0.45588517
HB-01731,Hospital B,overfit,1,1,0.5859312,0.5345529
HB-01736,Hospital B,overfit,1,0,0.38662866,0.4887848
HB-01739,Hospital B,overfit,1,0,0.04652826,0.04764557
HB-01741,Hospital B,overfit,1,0,0.13057685,0.13992524
HB-01745,Hospital B,overfit,1,0,0.084323086,0.08809161
HB-01746,Hospital B,overfit,1,1,0.59085405,0.5261862
HB-01754,Hospital B,overfit,1,0,0.11418312,0.121245146
HB-01756,Hospital B,overfit,1,1,0.9888143,0.01124869
HB-01760,Hospital B,overfit,1,1,0.70627475,0.34775096
HB-01762,Hospital B,overfit,1,0,0.19121689,0.21222448
HB-01763,Hospital B,overfit,1,0,0.9763931,3.746214
HB-01766,Hospital B,overfit,1,0,0.11492006,0.12207723
HB-01767,Hospital B,overfit,1,0,0.02070172,0.020919085
HB-01768,Hospital B,overfit,1,1,0.79436755,0.23020898
HB-01769,Hospital B,overfit,1,0,0.46389994,0.6234345
HB-01770,Hospital B,overfit,1,0,0.02232294,0.022575855
HB-01772,Hospital B,overfit,1,0,0.4047903,0.5188415
HB-01774,Hospital B,overfit,1,0,0.10628524,0.11236858
HB-01777,Hospital B,overfit,1,0,0.40988204,0.5274328
HB-01781,Hospital B,overfit,1,0,0.033257533,0.03382325
HB-01784,Hospital B,overfit,1,1,0.9825753,0.0175783
HB-01787,Hospital B,overfit,1,0,0.49410963,0.6814353
HB-01790,Hospital B,overfit,1,1,0.915084,0.088739425
HB-01791,Hospital B,overfit,1,0,0.39293835,0.49912488
HB-01794,Hospital B,overfit,1,0,0.39707905,0.50596917
HB-01795,Hospital B,overfit,1,1,0.66945624,0.40128943
HB-01796,Hospital B,overfit,1,0,0.20858043,0.23392701
HB-01797,Hospital B,overfit,1,1,0.7376088,0.30434167
HB-01802,Hospital B,overfit,1,0,0.06861384,0.0710814
HB-01803,Hospital B,overfit,1,1,0.99680954,0.0031955265
HB-01806,Hospital B,overfit,1,1,0.61302733,0.48934573
HB-01811,Hospital B,overfit,1,0,0.11332008,0.120271206
HB-01813,Hospital B,overfit,1,0,0.2571033,0.2971983
HB-01820,Hospital B,overfit,1,0,0.5897484,0.8909846
HB-01821,Hospital B,overfit,1,1,0.84911317,0.16356276
HB-01822,Hospital B,overfit,1,1,0.7034111,0.35181376
HB-01827,Hospital B,overfit,1,1,0.9990689,0.00093152217
HB-01833,Hospital B,overfit,1,1,0.8999748,0.10538841
HB-01837,Hospital B,overfit,1,0,0.7759211,1.495757
HB-01838,Hospital B,overfit,1,1,0.8838758,0.12343874
HB-01841,Hospital B,overfit,1,0,0.24585624,0.2821722
HB-01842,Hospital B,overfit,1,0,0.76656455,1.4548497
HB-01843,Hospital B,overfit,1,0,0.029036444,0.02946639
HB-01848,Hospital B,overfit,1,0,0.4839364,0.66152537
HB-01850,Hospital B,overfit,1,0,0.55252206,0.80412805
HB-01852,Hospital B,overfit,1,0,0.13197184,0.14153111
HB-01853,Hospital B,overfit,1,1,0.9853359,0.014772683
HB-01856,Hospital B,overfit,1,1,0.99684405,0.0031609796
HB-01860,Hospital B,overfit,1,1,0.8412102,0.1729137
HB-01863,Hospital B,overfit,1,0,0.11892144,0.12660837
HB-01865,Hospital B,overfit,1,0,0.7364811,1.3336302
HB-01867,Hospital B,overfit,1,0,0.41545364,0.5369192
HB-01868,Hospital B,overfit,1,0,0.20228992,0.22601008
HB-01869,Hospital B,overfit,1,1,0.7974223,0.22637089
HB-01871,Hospital B,overfit,1,0,0.36542553,0.4548006
HB-01874,Hospital B,overfit,1,1,0.63604826,0.45248076
HB-01875,Hospital B,overfit,1,0,0.36045277,0.44699472
HB-01876,Hospital B,overfit,1,0,0.037017588,0.037720203
HB-01880,Hospital B,overfit,1,1,0.9461046,0.055402193
HB-01881,Hospital B,overfit,1,0,0.07969285,0.08304787
HB-01882,Hospital B,overfit,1,0,0.6887756,1.1672412
HB-01884,Hospital B,overfit,1,0,0.38770333,0.49053836
HB-01887,Hospital B,overfit,1,0,0.061674774,0.063658714
HB-01890,Hospital B,overfit,1,0,0.11664035,0.12402296
HB-01893,Hospital B,overfit,1,0,0.044171695,0.045176983
HB-01895,Hospital B,overfit,1,1,1.0,5.9090145e-20
HB-01896,Hospital B,overfit,1,1,1.0,7.6781886e-11
HB-01900,Hospital B,overfit,1,1,0.99866927,0.0013316586
HB-01903,Hospital B,overfit,1,1,0.99997294,2.7056636e-05
HB-01907,Hospital B,overfit,1,0,0.55712533,0.8144685
HB-01908,Hospital B,overfit,1,0,0.4033375,0.51640373
HB-01910,Hospital B,overfit,1,1,0.7501576,0.287472
HB-01912,Hospital B,overfit,1,0,0.59542066,0.90490746
HB-01914,Hospital B,overfit,1,0,0.09674587,0.10175133
HB-01923,Hospital B,overfit,1,0,0.43227997,0.5661269
HB-01924,Hospital B,overfit,1,0,0.2585267,0.29911613
HB-01928,Hospital B,overfit,1,0,0.28472316,0.3350857
HB-01931,Hospital B,overfit,1,0,0.7910927,1.5658649
HB-01933,Hospital B,overfit,1,1,0.79682344,0.2271222
HB-01936,Hospital B,overfit,1,0,0.21528408,0.24243355
HB-01939,Hospital B,overfit,1,0,0.3069921,0.36671394
HB-01943,Hospital B,overfit,1,1,0.95181715,0.049382363
HB-01946,Hospital B,overfit,1,0,0.7183996,1.267266
HB-01948,Hospital B,overfit,1,0,0.2512568,0.2893592
HB-01950,Hospital B,overfit,1,1,0.98467654,0.015442094
HB-01952,Hospital B,overfit,1,1,0.549603,0.59855914
HB-01953,Hospital B,overfit,1,0,0.42825913,0.55906945
HB-01960,Hospital B,overfit,1,0,0.16789936,0.18380189
HB-01961,Hospital B,overfit,1,1,0.97713566,0.023129748
HB-01974,Hospital B,overfit,1,0,0.006441868,0.006462574
HB-01976,Hospital B,overfit,1,0,0.594909,0.90364355
HB-01979,Hospital B,overfit,1,0,0.5256732,0.7458587
HB-01980,Hospital B,overfit,1,1,0.85754883,0.15367714
HB-01986,Hospital B,overfit,1,0,0.8662551,2.0118206
HB-01989,Hospital B,overfit,1,0,0.4125727,0.53200275
HB-01990,Hospital B,overfit,1,0,0.28275073,0.33233184
HB-01991,Hospital B,overfit,1,0,0.28117013,0.33013058
HB-01993,Hospital B,overfit,1,0,0.34892294,0.42912728
HB-01995,Hospital B,overfit,1,1,0.27401057,1.2945886
HB-01999,Hospital B,overfit,1,1,0.7830015,0.24462068
HB-02001,Hospital B,overfit,1,0,0.047619328,0.048790455
HB-02003,Hospital B,overfit,1,0,0.023198778,0.02347207
HB-02004,Hospital B,overfit,1,0,0.18122579,0.19994688
HB-02007,Hospital B,overfit,1,0,0.18603812,0.20584178
HB-02009,Hospital B,overfit,1,0,0.60811037,0.936775
HB-02011,Hospital B,overfit,1,0,0.76886916,1.4647714
HB-02012,Hospital B,overfit,1,1,0.9858301,0.014271213
HB-02014,Hospital B,overfit,1,1,0.99628496,0.0037219333
HB-02021,Hospital B,overfit,1,0,0.15354532,0.16669858
HB-02023,Hospital B,overfit,1,1,0.5382643,0.6194056
HB-02028,Hospital B,overfit,1,0,0.1351192,0.14516354
HB-02030,Hospital B,overfit,1,0,0.37883157,0.47615296
HB-02033,Hospital B,overfit,1,1,0.698307,0.35909647
HB-02034,Hospital B,overfit,1,0,0.21773997,0.24556804
HB-02037,Hospital B,overfit,1,1,0.44033527,0.82021886
HB-02039,Hospital B,overfit,1,1,0.85106266,0.16126947
HB-02040,Hospital B,overfit,1,0,0.40835008,0.5248401
HB-02042,Hospital B,overfit,1,0,0.62505454,0.9809747
HB-02047,Hospital B,overfit,1,0,0.6147928,0.9539739
HB-02051,Hospital B,overfit,1,1,0.99598217,0.0040258993
HB-02052,Hospital B,overfit,1,1,1.0,3.726429e-08
HB-02053,Hospital B,overfit,1,1,0.22243634,1.5031143
HB-02054,Hospital B,overfit,1,0,0.03437243,0.03497696
HB-02056,Hospital B,overfit,1,1,0.8943138,0.11169855
HB-02058,Hospital B,overfit,1,0,0.12903452,0.13815296
HB-02059,Hospital B,overfit,1,0,0.54086304,0.7784067
HB-02060,Hospital B,overfit,1,0,0.31835142,0.383241
HB-02062,Hospital B,overfit,1,1,0.5282914,0.63810724
HB-02066,Hospital B,overfit,1,0,0.021469418,0.021703243
HB-02068,Hospital B,overfit,1,0,0.2923529,0.34580976
HB-02076,Hospital B,overfit,1,1,0.40470383,0.9045997
HB-02078,Hospital B,overfit,1,1,0.868567,0.14091052
HB-02079,Hospital B,overfit,1,1,0.3273632,1.1166849
HB-02080,Hospital B,overfit,1,1,0.46191686,0.77237034
HB-02089,Hospital B,overfit,1,1,1.0,4.4650006e-11
HB-02090,Hospital B,overfit,1,1,0.9951681,0.0048435996
HB-02091,Hospital B,overfit,1,1,0.8731371,0.13566269
HB-02095,Hospital B,overfit,1,0,0.087383755,0.091439724
HB-02102,Hospital B,overfit,1,0,0.2713236,0.31652558
HB-02103,Hospital B,overfit,1,0,0.2004234,0.22367299
HB-02104,Hospital B,overfit,1,1,0.7640218,0.26915896
HB-02105,Hospital B,overfit,1,0,0.39099458,0.4959281
HB-02106,Hospital B,overfit,1,1,0.62996256,0.4620949
HB-02108,Hospital B,overfit,1,0,0.19115466,0.2121476
HB-02111,Hospital B,overfit,1,0,0.6309678,0.99687135
HB-02112,Hospital B,overfit,1,0,0.12989219,0.1391381
HB-02113,Hospital B,overfit,1,1,0.97059715,0.029843783
HB-02117,Hospital B,overfit,1,0,0.14448074,0.15604663
HB-02119,Hospital B,overfit,1,1,0.99341786,0.0066038673
HB-02122,Hospital B,overfit,1,0,0.204436,0.22870398
HB-02124,Hospital B,overfit,1,0,0.4568771,0.6104197
HB-02127,Hospital B,overfit,1,0,0.03668736,0.037377357
HB-02128,Hospital B,overfit,1,0,0.5306095,0.7563201
HB-02129,Hospital B,overfit,1,1,0.86961204,0.13970807
HB-02135,Hospital B,overfit,1,0,0.25533,0.2948141
HB-02136,Hospital B,overfit,1,0,0.022519264,0.022776604
HB-02137,Hospital B,overfit,1,1,0.9373666,0.06468089
HB-02139,Hospital B,overfit,1,0,0.33227065,0.40387237
HB-02141,Hospital B,overfit,1,0,0.22327106,0.25266385
HB-02144,Hospital B,overfit,1,1,0.9623133,0.038415246
HB-02147,Hospital B,overfit,1,1,0.63071257,0.46090508
HB-02149,Hospital B,overfit,1,0,0.71015584,1.2384118
HB-02150,Hospital B,overfit,1,0,0.09352612,0.09819317
HB-02151,Hospital B,overfit,1,1,0.9522813,0.04889481
HB-02152,Hospital B,overfit,1,1,0.64096534,0.44477996
HB-02153,Hospital B,overfit,1,1,0.9999651,3.4914516e-05
HB-02155,Hospital B,overfit,1,1,0.9851658,0.014945354
HB-02158,Hospital B,overfit,1,1,0.5729501,0.5569566
HB-02159,Hospital B,overfit,1,0,0.31838182,0.38328564
HB-02168,Hospital B,overfit,1,1,0.4826401,0.72848403
HB-02169,Hospital B,overfit,1,0,0.7346455,1.3266886
HB-02172,Hospital B,overfit,1,0,0.21806599,0.24598491
HB-02174,Hospital B,overfit,1,0,0.11739436,0.12487674
HB-02175,Hospital B,overfit,1,0,0.4301988,0.56246775
HB-02176,Hospital B,overfit,1,0,0.027909532,0.028306484
HB-02182,Hospital B,overfit,1,0,0.24700876,0.28370166
HB-02183,Hospital B,overfit,1,0,0.4736482,0.6417855
HB-02187,Hospital B,overfit,1,0,0.7941524,1.5806193
HB-02188,Hospital B,overfit,1,1,0.51034504,0.6726682
HB-02194,Hospital B,overfit,1,0,0.47313207,0.64080536
HB-02195,Hospital B,overfit,1,0,0.07192087,0.07463837
HB-02197,Hospital B,overfit,1,0,0.46148646,0.6189426
HB-02203,Hospital B,overfit,1,1,0.61561674,0.48513067
HB-02208,Hospital B,overfit,1,0,0.11624604,0.12357664
HB-02213,Hospital B,overfit,1,0,0.68193877,1.1455114
HB-02219,Hospital B,overfit,1,0,0.035137806,0.03576994
HB-02220,Hospital B,overfit,1,1,0.97989446,0.020310452
HB-02225,Hospital B,overfit,1,0,0.86195695,1.9801893
HB-02226,Hospital B,overfit,1,1,0.9187339,0.08475879
HB-02232,Hospital B,overfit,1,0,0.05263259,0.054068327
HB-02236,Hospital B,overfit,1,1,0.9999999,6.623291e-08
HB-02237,Hospital B,overfit,1,0,0.11722919,0.12468958
HB-02238,Hospital B,overfit,1,0,0.64503056,1.0357234
HB-02241,Hospital B,overfit,1,1,0.99113727,0.008902214
HB-02244,Hospital B,overfit,1,0,0.46892056,0.6328436
HB-02245,Hospital B,overfit,1,1,0.6175991,0.4819157
HB-02246,Hospital B,overfit,1,0,0.39687535,0.5056314
HB-02250,Hospital B,overfit,1,0,0.8273624,1.7565612
HB-02253,Hospital B,overfit,1,0,0.51823807,0.73030525
HB-02254,Hospital B,overfit,1,0,0.34686527,0.42597175
HB-02255,Hospital B,overfit,1,1,0.98405796,0.01607049
HB-02256,Hospital B,overfit,1,0,0.33169106,0.40300477
HB-02257,Hospital B,overfit,1,1,1.0,3.8938e-13
HB-02259,Hospital B,overfit,1,0,0.21752177,0.2452892
HB-02260,Hospital B,overfit,1,0,0.9183821,2.5057075
HB-02262,Hospital B,overfit,1,1,0.95753175,0.043396458
HB-02263,Hospital B,overfit,1,0,0.606065,0.9315692
HB-02265,Hospital B,overfit,1,0,0.18835543,0.20869279
HB-02267,Hospital B,overfit,1,1,0.9999542,4.5780318e-05
HB-02271,Hospital B,overfit,1,0,0.52747315,0.74966073
HB-02276,Hospital B,overfit,1,0,0.14740343,0.15946877
HB-02281,Hospital B,overfit,1,0,0.57912296,0.86541456
HB-02282,Hospital B,overfit,1,1,1.0,9.836686e-20
HB-02283,Hospital B,overfit,1,0,0.19980271,0.22289693
HB-02287,Hospital B,overfit,1,0,0.13195878,0.14151609
HB-02288,Hospital B,overfit,1,0,0.2871349,0.33846307
HB-02289,Hospital B,overfit,1,0,0.13610826,0.14630783
HB-02297,Hospital B,overfit,1,0,0.056503598,0.05816269
HB-02303,Hospital B,overfit,1,1,0.9990533,0.0009471104
HB-02304,Hospital B,overfit,1,0,0.10234126,0.10796523
HB-02305,Hospital B,overfit,1,0,0.26046777,0.30173743
HB-02307,Hospital B,overfit,1,0,0.32850188,0.39824402
HB-02313,Hospital B,overfit,1,1,0.897514,0.10812658
HB-02315,Hospital B,overfit,1,0,0.011331198,0.011395931
HB-02317,Hospital B,overfit,1,0,0.3642395,0.45293337
HB-02318,Hospital B,overfit,1,0,0.19791439,0.22053993
HB-02321,Hospital B,overfit,1,0,0.07574245,0.07876444
HB-02325,Hospital B,overfit,1,1,0.88880867,0.117873326
HB-02326,Hospital B,overfit,1,0,0.015332833,0.015451431
HB-02327,Hospital B,overfit,1,0,0.15791932,0.17187941
HB-02333,Hospital B,overfit,1,1,0.9983981,0.001603117
HB-02337,Hospital B,overfit,1,0,0.17318979,0.19018006
HB-02340,Hospital B,overfit,1,1,0.63308436,0.45715156
HB-02341,Hospital B,overfit,1,1,1.0,1.8550653e-15
HB-02343,Hospital B,overfit,1,1,0.51609355,0.6614673
HB-02345,Hospital B,overfit,1,0,0.52143866,0.7369708
HB-02349,Hospital B,overfit,1,1,0.9999714,2.8644601e-05
HB-02350,Hospital B,overfit,1,0,0.5216445,0.73740107
HB-02353,Hospital B,overfit,1,0,0.7777315,1.503869
HB-02356,Hospital B,overfit,1,0,0.6338205,1.0046318
HB-02367,Hospital B,overfit,1,1,0.4373066,0.8271208
HB-02368,Hospital B,overfit,1,0,0.4372655,0.57494736
HB-02370,Hospital B,overfit,1,1,0.99886394,0.0011367694
HB-02372,Hospital B,overfit,1,1,0.91765136,0.08593779
HB-02373,Hospital B,overfit,1,0,0.024648692,0.024957657
HB-02374,Hospital B,overfit,1,1,0.99881554,0.001185171
HB-02375,Hospital B,overfit,1,1,0.62644684,0.46769136
HB-02376,Hospital B,overfit,1,1,1.0,3.3849998e-09
HB-02380,Hospital B,overfit,1,1,0.9638614,0.036807828
HB-02382,Hospital B,overfit,1,0,0.10668474,0.11281562
HB-02384,Hospital B,overfit,1,1,1.0,2.6872443e-18
HB-02385,Hospital B,overfit,1,0,0.6182047,0.9628707
HB-02392,Hospital B,overfit,1,1,0.9199989,0.08338277
HB-02403,Hospital B,overfit,1,0,0.3229025,0.38994002
HB-02405,Hospital B,overfit,1,1,0.39843765,0.92020434
HB-02406,Hospital B,overfit,1,0,0.10614775,0.1122148
HB-02408,Hospital B,overfit,1,0,0.41010547,0.5278115
HB-02416,Hospital B,overfit,1,0,0.41893584,0.5428941
HB-02419,Hospital B,overfit,1,1,0.86656237,0.14322118
HB-02420,Hospital B,overfit,1,0,0.13197805,0.14153838
HB-02423,Hospital B,overfit,1,0,0.9564076,3.1328728
HB-02429,Hospital B,overfit,1,0,0.7855908,1.5398692
HB-02432,Hospital B,overfit,1,1,0.99974483,0.0002552511
HB-02434,Hospital B,overfit,1,1,0.4833718,0.7269691
HB-02435,Hospital B,overfit,1,0,0.16340621,0.17841661
HB-02440,Hospital B,overfit,1,0,0.1814874,0.20026648
HB-02444,Hospital B,overfit,1,0,0.2632352,0.30548656
HB-02445,Hospital B,overfit,1,1,0.99998605,1.3953698e-05
HB-02447,Hospital B,overfit,1,1,0.5773358,0.5493313
HB-02449,Hospital B,overfit,1,1,0.22501631,1.4915824
HB-02451,Hospital B,overfit,1,0,0.39295638,0.49915457
HB-02452,Hospital B,overfit,1,0,0.14956687,0.16200948
HB-02454,Hospital B,overfit,1,1,0.74141765,0.29919124
HB-02456,Hospital B,overfit,1,1,0.7899686,0.23576204
HB-02457,Hospital B,overfit,1,0,0.23129518,0.2630483
HB-02458,Hospital B,overfit,1,1,0.7748165,0.25512913
HB-02460,Hospital B,overfit,1,1,0.64898306,0.43234867
HB-02462,Hospital B,overfit,1,0,0.007957081,0.00798893
HB-02463,Hospital B,overfit,1,1,0.19264561,1.646903
HB-02465,Hospital B,overfit,1,1,0.96990407,0.030558124
HB-02467,Hospital B,overfit,1,1,0.9978249,0.002177476
HB-02468,Hospital B,overfit,1,1,0.56584054,0.569443
HB-02474,Hospital B,overfit,1,1,1.0,9.528671e-33
HB-02479,Hospital B,overfit,1,1,0.37700912,0.9754859
HB-02480,Hospital B,overfit,1,0,0.23741814,0.27104545
HB-02487,Hospital B,overfit,1,1,0.691294,0.3691901
HB-02490,Hospital B,overfit,1,1,0.752784,0.28397697
HB-02492,Hospital B,overfit,1,1,0.99709606,0.002908165
HB-02496,Hospital B,overfit,1,0,0.10211807,0.1077168
HB-02497,Hospital B,overfit,1,0,0.025486166,0.025816679
HB-02500,Hospital B,overfit,1,0,0.76576877,1.4514464
HB-02502,Hospital B,overfit,1,0,0.034187205,0.03478527
HB-02505,Hospital B,overfit,1,1,0.2671544,1.3199285
HB-02511,Hospital B,overfit,1,0,0.2979637,0.35377014
HB-02513,Hospital B,overfit,1,0,0.4290845,0.5605141
HB-02516,Hospital B,overfit,1,1,0.8664023,0.14340593
HB-02519,Hospital B,overfit,1,1,0.96885645,0.03163886
HB-02520,Hospital B,overfit,1,0,0.090374924,0.09472275
HB-02523,Hospital B,overfit,1,1,0.7532336,0.28337988
HB-02524,Hospital B,overfit,1,1,0.7874414,0.2389664
HB-02534,Hospital B,overfit,1,0,0.7331125,1.3209281
HB-02535,Hospital B,overfit,1,0,0.11543532,0.12265968
HB-02536,Hospital B,overfit,1,0,0.08267915,0.08629799
HB-02538,Hospital B,overfit,1,0,0.07038744,0.07298732
HB-02540,Hospital B,overfit,1,0,0.018826673,0.019006252
HB-02544,Hospital B,overfit,1,0,0.5547722,0.8091693
HB-02545,Hospital B,overfit,1,0,0.5698886,0.843711
HB-02546,Hospital B,overfit,1,1,0.8390123,0.17552993
HB-02547,Hospital B,overfit,1,0,0.47106358,0.63688695
HB-02548,Hospital B,overfit,1,1,0.2920116,1.2309618
HB-02550,Hospital B,overfit,1,0,0.12398106,0.13236761
HB-02551,Hospital B,overfit,1,0,0.046480075,0.047595024
HB-02552,Hospital B,overfit,1,0,0.31642866,0.3804242
HB-02553,Hospital B,overfit,1,1,0.9226597,0.08049476
HB-02554,Hospital B,overfit,1,0,0.738863,1.34271
HB-02560,Hospital B,overfit,1,1,1.0,3.6828878e-12
HB-02561,Hospital B,overfit,1,1,0.96545213,0.03515878
HB-02562,Hospital B,overfit,1,0,0.05571906,0.057331562
HB-02565,Hospital B,overfit,1,0,0.013928204,0.014026165
HB-02567,Hospital B,overfit,1,1,0.7152593,0.3351101
HB-02572,Hospital B,overfit,1,0,0.11087188,0.117513895
HB-02573,Hospital B,overfit,1,1,0.9999964,3.6053475e-06
HB-02574,Hospital B,overfit,1,1,0.8881501,0.11861448
HB-02576,Hospital B,overfit,1,0,0.18607199,0.20588338
HB-02578,Hospital B,overfit,1,0,0.6483093,1.0450032
HB-02582,Hospital B,overfit,1,1,0.61132663,0.49212393
HB-02583,Hospital B,overfit,1,1,0.7835158,0.24396402
HB-02586,Hospital B,overfit,1,1,0.32535765,1.1228302
HB-02587,Hospital B,overfit,1,1,0.7490982,0.2888853
HB-02590,Hospital B,overfit,1,0,0.6113602,0.94510233
HB-02591,Hospital B,overfit,1,1,0.99659556,0.0034102516
HB-02593,Hospital B,overfit,1,0,0.0789354,0.082225084
HB-02594,Hospital B,overfit,1,0,0.5449665,0.78738433
HB-02595,Hospital B,overfit,1,0,0.3986308,0.50854623
HB-02596,Hospital B,overfit,1,0,0.15418412,0.16745353
HB-02597,Hospital B,overfit,1,1,0.999997,2.927002e-06
HB-02599,Hospital B,overfit,1,0,0.011373825,0.011438847
HB-02602,Hospital B,overfit,1,1,0.17687665,1.7323027
HB-02604,Hospital B,overfit,1,0,0.50968283,0.7127028
HB-02606,Hospital B,overfit,1,0,0.6352406,1.0085174
HB-02607,Hospital B,overfit,1,1,0.55198646,0.5942318
HB-02615,Hospital B,overfit,1,0,0.48973215,0.67281955
HB-02618,Hospital B,overfit,1,0,0.4377488,0.5758065
HB-02619,Hospital B,overfit,1,1,0.9986596,0.0013412597
HB-02620,Hospital B,overfit,1,0,0.68132097,1.1435709
HB-02621,Hospital B,overfit,1,1,0.74056566,0.300341
HB-02623,Hospital B,overfit,1,0,0.3275454,0.39682066
HB-02624,Hospital B,overfit,1,0,0.094916806,0.099728346
HB-02627,Hospital B,overfit,1,0,0.043810897,0.044799566
HB-02631,Hospital B,overfit,1,0,0.29671153,0.3519882
HB-02634,Hospital B,overfit,1,0,0.7325146,1.3186903
HB-02637,Hospital B,overfit,1,1,0.8980259,0.107556336
HB-02639,Hospital B,overfit,1,0,0.10899044,0.115400076
HB-02640,Hospital B,overfit,1,0,0.389782,0.49393898
HB-02641,Hospital B,overfit,1,0,0.3885002,0.49184066
HB-02644,Hospital B,overfit,1,0,0.40688697,0.5223703
HB-02645,Hospital B,overfit,1,0,0.24879155,0.28607213
HB-02649,Hospital B,overfit,1,1,0.96267784,0.038036432
HB-02651,Hospital B,overfit,1,0,0.06240613,0.06443834
HB-02652,Hospital B,overfit,1,0,0.30496284,0.36378992
HB-02653,Hospital B,overfit,1,1,0.99949276,0.00050734787
HB-02657,Hospital B,overfit,1,0,0.30186215,0.35933876
HB-02658,Hospital B,overfit,1,1,0.9814974,0.018675884
HB-02660,Hospital B,overfit,1,1,0.98593,0.014169903
HB-02661,Hospital B,overfit,1,0,0.05784106,0.05958128
HB-02662,Hospital B,overfit,1,0,0.56297326,0.82776093
HB-02667,Hospital B,overfit,1,1,0.9991146,0.0008858376
HB-02670,Hospital B,overfit,1,0,0.69425076,1.1849902
HB-02675,Hospital B,overfit,1,0,0.4537708,0.60471654
HB-02676,Hospital B,overfit,1,0,0.095051825,0.099877596
HB-02677,Hospital B,overfit,1,1,0.8253433,0.1919558
HB-02678,Hospital B,overfit,1,1,0.67719185,0.38980064
HB-02685,Hospital B,overfit,1,0,0.9858242,4.256222
HB-02692,Hospital B,overfit,1,0,0.096332,0.101293325
HB-02697,Hospital B,overfit,1,0,0.37435803,0.46897703
HB-02699,Hospital B,overfit,1,1,0.91411114,0.08980304
HB-02706,Hospital B,overfit,1,1,0.4502907,0.79786193
HB-02707,Hospital B,overfit,1,1,0.9872126,0.012869912
HB-02709,Hospital B,overfit,1,1,0.93327296,0.06905762
HB-02710,Hospital B,overfit,1,0,0.46482873,0.62516844
HB-02715,Hospital B,overfit,1,0,0.63527656,1.0086159
HB-02716,Hospital B,overfit,1,1,1.0,3.8449897e-08
HB-02718,Hospital B,overfit,1,1,0.4670438,0.7613323
HB-02721,Hospital B,overfit,1,0,0.5941753,0.90183395
HB-02722,Hospital B,overfit,1,0,0.61723834,0.9603428
HB-02723,Hospital B,overfit,1,1,0.9617569,0.038993623
HB-02724,Hospital B,overfit,1,0,0.275746,0.32261306
HB-02727,Hospital B,overfit,1,0,0.020473579,0.02068615
HB-02728,Hospital B,overfit,1,0,0.25082076,0.288777
HB-02729,Hospital B,overfit,1,1,0.7220506,0.32566002
HB-02731,Hospital B,overfit,1,0,0.6673848,1.1007692
HB-02733,Hospital B,overfit,1,0,0.20699611,0.23192716
HB-02734,Hospital B,overfit,1,1,0.85178906,0.16041632
HB-02735,Hospital B,overfit,1,0,0.64056885,1.0232327
HB-02736,Hospital B,overfit,1,0,0.13762286,0.14806259
HB-02737,Hospital B,overfit,1,1,0.90793,0.09658798
HB-02738,Hospital B,overfit,1,0,0.7302163,1.3101349
HB-02740,Hospital B,overfit,1,0,0.17394699,0.1910963
HB-02742,Hospital B,overfit,1,0,0.4805695,0.65502226
HB-02744,Hospital B,overfit,1,0,0.37640482,0.47225386
HB-02745,Hospital B,overfit,1,1,0.9869884,0.013096957
HB-02746,Hospital B,overfit,1,0,0.3455208,0.42391545
HB-02750,Hospital B,overfit,1,1,1.0,3.477329e-13
HB-02751,Hospital B,overfit,1,0,0.30004045,0.35673273
HB-02754,Hospital B,overfit,1,0,0.31861284,0.38362467
HB-02755,Hospital B,overfit,1,1,0.41549698,0.87828
HB-02756,Hospital B,overfit,1,0,0.27444893,0.32082385
HB-02760,Hospital B,overfit,1,0,0.35094202,0.4322332
HB-02764,Hospital B,overfit,1,1,0.8054812,0.21631543
HB-02765,Hospital B,overfit,1,0,0.26028034,0.301484
HB-02766,Hospital B,overfit,1,0,0.17121173,0.18779051
HB-02767,Hospital B,overfit,1,0,0.043557648,0.044534683
HB-02769,Hospital B,overfit,1,1,0.7860422,0.2407448
HB-02775,Hospital B,overfit,1,0,0.15636726,0.17003798
HB-02776,Hospital B,overfit,1,0,0.41707423,0.5396954
HB-02777,Hospital B,overfit,1,0,0.015135711,0.0152516365
HB-02778,Hospital B,overfit,1,0,0.583717,0.87639
HB-02779,Hospital B,overfit,1,1,0.99058455,0.009460027
HB-02780,Hospital B,overfit,1,1,0.96347547,0.037208255
HB-02781,Hospital B,overfit,1,1,0.99540174,0.0046088155
HB-02783,Hospital B,overfit,1,0,0.29567394,0.35051394
HB-02784,Hospital B,overfit,1,1,0.9407612,0.061065927
HB-02785,Hospital B,overfit,1,0,0.06823029,0.07066965
HB-02787,Hospital B,overfit,1,1,0.8826821,0.12479016
HB-02793,Hospital B,overfit,1,1,0.5968634,0.516067
HB-02796,Hospital B,overfit,1,0,0.45030522,0.5983921
HB-02800,Hospital B,overfit,1,0,0.32123893,0.3874861
HB-02801,Hospital B,overfit,1,0,0.21706277,0.24470282
HB-02803,Hospital B,overfit,1,0,0.06953858,0.07207465
HB-02806,Hospital B,overfit,1,0,0.35132983,0.4328308
HB-02808,Hospital B,overfit,1,0,0.2468426,0.283481
HB-02810,Hospital B,overfit,1,0,0.4178585,0.54104173
HB-02811,Hospital B,overfit,1,0,0.25247243,0.29098403
HB-02812,Hospital B,overfit,1,1,0.9721257,0.02827015
HB-02813,Hospital B,overfit,1,1,0.3660807,1.0049015
HB-02817,Hospital B,overfit,1,0,0.19095518,0.21190095
HB-02819,Hospital B,overfit,1,1,0.29919928,1.2066454
HB-02830,Hospital B,overfit,1,0,0.40763435,0.52363116
HB-02831,Hospital B,overfit,1,1,0.7957702,0.22844478
HB-02832,Hospital B,overfit,1,1,0.48461342,0.72440386
HB-02836,Hospital B,overfit,1,0,0.32330486,0.3905344
HB-02837,Hospital B,overfit,1,0,0.4799217,0.65377593
HB-02838,Hospital B,overfit,1,1,0.83184206,0.18411271
HB-02842,Hospital B,overfit,1,0,0.13621767,0.14643443
HB-02847,Hospital B,overfit,1,0,0.45341718,0.6040695
HB-02849,Hospital B,overfit,1,0,0.2668139,0.31035578
HB-02850,Hospital B,overfit,1,1,0.71977603,0.32881516
HB-02852,Hospital B,overfit,1,0,0.5588748,0.81842667
HB-02853,Hospital B,overfit,1,0,0.78473586,1.5358891
HB-02858,Hospital B,overfit,1,1,0.99798656,0.002015474
HB-02859,Hospital B,overfit,1,0,0.022476774,0.022733212
HB-02863,Hospital B,overfit,1,0,0.7169511,1.2621355
HB-02869,Hospital B,overfit,1,0,0.35386127,0.4367411
HB-02870,Hospital B,overfit,1,1,0.97840995,0.021826496
HB-02871,Hospital B,overfit,1,1,0.4765713,0.74113786
HB-02874,Hospital B,overfit,1,1,0.9326546,0.06972038
HB-02876,Hospital B,overfit,1,1,0.8456691,0.1676271
HB-02879,Hospital B,overfit,1,0,0.29778728,0.3535189
HB-02881,Hospital B,overfit,1,0,0.22095545,0.24968708
HB-02883,Hospital B,overfit,1,1,0.635012,0.4541114
HB-02884,Hospital B,overfit,1,1,0.62457705,0.4706806
HB-02889,Hospital B,overfit,1,0,0.009057408,0.00909853
HB-02890,Hospital B,overfit,1,0,0.4044608,0.5182881
HB-02894,Hospital B,overfit,1,0,0.34254673,0.41938162
HB-02895,Hospital B,overfit,1,1,0.644251,0.43966684
HB-02899,Hospital B,overfit,1,1,0.85460496,0.157116
HB-02905,Hospital B,overfit,1,1,0.96324545,0.037446983
HB-02909,Hospital B,overfit,1,1,0.99999964,3.6679648e-07
HB-02910,Hospital B,overfit,1,0,0.049273364,0.050528765
HB-02913,Hospital B,overfit,1,0,0.1903156,0.21111071
HB-02917,Hospital B,overfit,1,1,0.96829695,0.032216452
HB-02918,Hospital B,overfit,1,1,0.8249919,0.19238181
HB-02920,Hospital B,overfit,1,0,0.5152381,0.72409743
HB-02922,Hospital B,overfit,1,0,0.1968736,0.21924317
HB-02925,Hospital B,overfit,1,0,0.002825211,0.0028290749
HB-02929,Hospital B,overfit,1,0,0.072149396,0.07488465
HB-02932,Hospital B,overfit,1,0,0.6773672,1.1312406
HB-02938,Hospital B,overfit,1,0,0.8547038,1.9289805
HB-02940,Hospital B,overfit,1,1,0.7384978,0.30313718
HB-02945,Hospital B,overfit,1,0,0.18533278,0.2049756
HB-02946,Hospital B,overfit,1,1,0.93490887,0.06730629
HB-02947,Hospital B,overfit,1,1,0.61801445,0.4812434
HB-02950,Hospital B,overfit,1,1,0.6236643,0.47214302
HB-02951,Hospital B,overfit,1,1,0.99087405,0.009167848
HB-02952,Hospital B,overfit,1,0,0.19351551,0.2150706
HB-02954,Hospital B,overfit,1,0,0.010977035,0.011037827
HB-02956,Hospital B,overfit,1,0,0.49861607,0.6903831
HB-02958,Hospital B,overfit,1,0,0.1811085,0.19980371
HB-02959,Hospital B,overfit,1,1,0.98860884,0.0114565445
HB-02960,Hospital B,overfit,1,0,0.49722233,0.6876073
HB-02965,Hospital B,overfit,1,1,0.9983736,0.0016276693
HB-02966,Hospital B,overfit,1,1,0.940536,0.061305273
HB-02967,Hospital B,overfit,1,0,0.8466313,1.8749101
HB-02968,Hospital B,overfit,1,1,0.38709325,0.9490897
HB-02969,Hospital B,overfit,1,1,0.9554511,0.045571726
HB-02970,Hospital B,overfit,1,0,0.007961321,0.007993221
HB-02973,Hospital B,overfit,1,1,0.24123263,1.4219935
HB-02975,Hospital B,overfit,1,1,0.40531945,0.9030798
HB-02976,Hospital B,overfit,1,1,0.89325434,0.11288393
HB-02977,Hospital B,overfit,1,1,0.9550663,0.045974556
HB-02978,Hospital B,overfit,1,0,0.585581,0.8808778
HB-02980,Hospital B,overfit,1,0,0.0637667,0.06589055
HB-02981,Hospital B,overfit,1,0,0.33319482,0.40525734
HB-02984,Hospital B,overfit,1,0,0.033566512,0.034142733
HB-02986,Hospital B,overfit,1,0,0.51186687,0.71716714
HB-02987,Hospital B,overfit,1,1,0.9513027,0.04992298
HB-02990,Hospital B,overfit,1,1,0.95212036,0.04906381
HB-02993,Hospital B,overfit,1,0,0.2589717,0.29971647
HB-02995,Hospital B,overfit,1,0,0.1471362,0.15915537
HB-02999,Hospital B,overfit,1,1,0.9999999,1.6134699e-07
HA-00001,Hospital A,overfit,0,0,0.22292084,0.25221312
HA-00004,Hospital A,overfit,0,0,0.46732786,0.62984914
HA-00006,Hospital A,overfit,0,0,0.4351427,0.5711822
HA-00009,Hospital A,overfit,0,0,0.09470321,0.09949255
HA-00010,Hospital A,overfit,0,0,0.17657134,0.19427836
HA-00011,Hospital A,overfit,0,0,0.14164768,0.1527406
HA-00012,Hospital A,overfit,0,1,0.87031835,0.13889618
HA-00013,Hospital A,overfit,0,0,0.24284685,0.27818966
HA-00018,Hospital A,overfit,0,0,0.0387971,0.039569855
HA-00019,Hospital A,overfit,0,0,0.8866498,2.1772733
HA-00020,Hospital A,overfit,0,0,0.055948216,0.057574272
HA-00023,Hospital A,overfit,0,1,0.9462982,0.055197522
HA-00024,Hospital A,overfit,0,0,0.06687166,0.06921244
HA-00026,Hospital A,overfit,0,0,0.015405562,0.015525341
HA-00027,Hospital A,overfit,0,0,0.17717911,0.19501674
HA-00028,Hospital A,overfit,0,0,0.077680446,0.080863476
HA-00042,Hospital A,overfit,0,0,0.44233415,0.58399534
HA-00044,Hospital A,overfit,0,0,0.15200835,0.16488457
HA-00050,Hospital A,overfit,0,0,0.13201305,0.14157856
HA-00053,Hospital A,overfit,0,0,0.00670641,0.006729126
HA-00054,Hospital A,overfit,0,0,0.43124944,0.5643133
HA-00055,Hospital A,overfit,0,0,0.11252643,0.11937666
HA-00056,Hospital A,overfit,0,1,0.016335998,4.114384
HA-00059,Hospital A,overfit,0,0,0.436999,0.57447386
HA-00061,Hospital A,overfit,0,0,0.12849742,0.13753653
HA-00069,Hospital A,overfit,0,0,0.84610987,1.8715163
HA-00071,Hospital A,overfit,0,0,0.059034746,0.06084895
HA-00072,Hospital A,overfit,0,0,0.32920268,0.39928824
HA-00073,Hospital A,overfit,0,0,0.022436654,0.022692204
HA-00078,Hospital A,overfit,0,0,0.09913778,0.10440302
HA-00079,Hospital A,overfit,0,0,0.3056535,0.36478424
HA-00081,Hospital A,overfit,0,0,0.75445765,1.4042858
HA-00085,Hospital A,overfit,0,0,0.11712096,0.12456703
HA-00086,Hospital A,overfit,0,1,0.1557924,1.8592309
HA-00088,Hospital A,overfit,0,0,0.17016791,0.1865319
HA-00089,Hospital A,overfit,0,0,0.26536247,0.3083781
HA-00090,Hospital A,overfit,0,0,0.07768584,0.080869436
HA-00093,Hospital A,overfit,0,0,0.06954281,0.07207918
HA-00096,Hospital A,overfit,0,0,0.28174534,0.33093113
HA-00098,Hospital A,overfit,0,0,0.32373452,0.39116955
HA-00100,Hospital A,overfit,0,0,0.44379538,0.586619
HA-00102,Hospital A,overfit,0,0,0.56303257,0.8278967
HA-00104,Hospital A,overfit,0,0,0.13409486,0.1439799
HA-00106,Hospital A,overfit,0,0,0.3994809,0.5099609
HA-00108,Hospital A,overfit,0,1,0.1808707,1.7099729
HA-00116,Hospital A,overfit,0,0,0.10315182,0.1088686
HA-00118,Hospital A,overfit,0,0,0.11347464,0.12044549
HA-00120,Hospital A,overfit,0,0,0.7282478,1.3028647
HA-00122,Hospital A,overfit,0,1,0.31252998,1.1630548
HA-00123,Hospital A,overfit,0,0,0.015391572,0.015511036
HA-00125,Hospital A,overfit,0,0,0.44832695,0.59479976
HA-00127,Hospital A,overfit,0,0,0.6581069,1.0732573
HA-00128,Hospital A,overfit,0,0,0.013588304,0.013681412
HA-00129,Hospital A,overfit,0,0,0.02245484,0.0227108
HA-00130,Hospital A,overfit,0,0,0.033055406,0.03361416
HA-00131,Hospital A,overfit,0,0,0.3652755,0.45456427
HA-00133,Hospital A,overfit,0,0,0.8953161,2.2568104
HA-00135,Hospital A,overfit,0,0,0.49117982,0.67566067
HA-00138,Hospital A,overfit,0,0,0.05118811,0.052544832
HA-00144,Hospital A,overfit,0,0,0.05250101,0.05392933
HA-00145,Hospital A,overfit,0,0,0.014073912,0.0141739845
HA-00146,Hospital A,overfit,0,1,0.5500795,0.5976925
HA-00148,Hospital A,overfit,0,0,0.12512365,0.13367271
HA-00151,Hospital A,overfit,0,0,0.44661972,0.5917098
HA-00154,Hospital A,overfit,0,0,0.3520588,0.43395537
HA-00156,Hospital A,overfit,0,0,0.31682724,0.38100743
HA-00158,Hospital A,overfit,0,0,0.31274325,0.3750474
HA-00160,Hospital A,overfit,0,0,0.110031694,0.11656952
HA-00161,Hospital A,overfit,0,0,0.035784975,0.03644085
HA-00163,Hospital A,overfit,0,0,0.18295054,0.2020557
HA-00166,Hospital A,overfit,0,0,0.08487697,0.08869672
HA-00167,Hospital A,overfit,0,0,0.28909382,0.34121484
HA-00172,Hospital A,overfit,0,0,0.43657815,0.5737266
HA-00175,Hospital A,overfit,0,0,0.32890242,0.39884073
HA-00176,Hospital A,overfit,0,0,0.707987,1.2309569
HA-00178,Hospital A,overfit,0,1,0.3677507,1.00035
HA-00179,Hospital A,overfit,0,0,0.00898728,0.009027958
HA-00180,Hospital A,overfit,0,0,0.05009869,0.051397085
HA-00182,Hospital A,overfit,0,0,0.1765066,0.1941998
HA-00183,Hospital A,overfit,0,0,0.024378791,0.024680853
HA-00186,Hospital A,overfit,0,0,0.35403162,0.43700475
HA-00187,Hospital A,overfit,0,1,0.1602362,1.8311063
HA-00189,Hospital A,overfit,0,0,0.16844393,0.18445659
HA-00195,Hospital A,overfit,0,0,0.011862077,0.01193285
HA-00197,Hospital A,overfit,0,0,0.8639006,1.99437
HA-00198,Hospital A,overfit,0,0,0.059853494,0.061719656
HA-00199,Hospital A,overfit,0,0,0.18986857,0.21055877
HA-00203,Hospital A,overfit,0,0,0.99679345,5.7425623
HA-00204,Hospital A,overfit,0,0,0.027289264,0.027668476
HA-00207,Hospital A,overfit,0,1,0.010825488,4.5258517
HA-00210,Hospital A,overfit,0,0,0.044380616,0.045395613
HA-00212,Hospital A,overfit,0,0,0.016109977,0.016241074
HA-00213,Hospital A,overfit,0,1,0.31773067,1.1465513
HA-00215,Hospital A,overfit,0,0,0.10625631,0.11233616
HA-00219,Hospital A,overfit,0,0,0.21567686,0.24293411
HA-00220,Hospital A,overfit,0,0,0.23660965,0.2699858
HA-00221,Hospital A,overfit,0,0,0.24031259,0.27484822
HA-00222,Hospital A,overfit,0,0,0.09120336,0.09563398
HA-00224,Hospital A,overfit,0,0,0.024954272,0.025270939
HA-00230,Hospital A,overfit,0,0,0.08405106,0.08779454
HA-00232,Hospital A,overfit,0,0,0.042156942,0.04307127
HA-00236,Hospital A,overfit,0,0,0.13662758,0.14690912
HA-00238,Hospital A,overfit,0,0,0.010706018,0.010763645
HA-00245,Hospital A,overfit,0,1,0.45089164,0.7965283
HA-00249,Hospital A,overfit,0,0,0.049191657,0.050442696
HA-00250,Hospital A,overfit,0,0,0.03297831,0.03353429
HA-00251,Hospital A,overfit,0,0,0.018158631,0.018325567
HA-00252,Hospital A,overfit,0,0,0.04531915,0.046378136
HA-00256,Hospital A,overfit,0,1,0.2075966,1.5721586
HA-00257,Hospital A,overfit,0,0,0.18832187,0.20865142
HA-00260,Hospital A,overfit,0,0,0.055622056,0.057228804
HA-00261,Hospital A,overfit,0,1,0.40790287,0.8967262
HA-00263,Hospital A,overfit,0,1,0.61765414,0.4818266
HA-00266,Hospital A,overfit,0,0,0.1652149,0.18058097
HA-00267,Hospital A,overfit,0,0,0.45142177,0.6004254
HA-00269,Hospital A,overfit,0,0,0.024278406,0.024578094
HA-00271,Hospital A,overfit,0,0,0.10686002,0.113012075
HA-00272,Hospital A,overfit,0,0,0.049679745,0.05095625
HA-00277,Hospital A,overfit,0,0,0.16516699,0.18052351
HA-00278,Hospital A,overfit,0,0,0.054447807,0.055986166
HA-00280,Hospital A,overfit,0,0,0.020601584,0.020816803
HA-00282,Hospital A,overfit,0,0,0.014893604,0.0150055885
HA-00283,Hospital A,overfit,0,0,0.41557,0.53711826
HA-00284,Hospital A,overfit,0,1,0.20684077,1.5758059
HA-00285,Hospital A,overfit,0,0,0.045204796,0.04625845
HA-00287,Hospital A,overfit,0,0,0.28618738,0.33713472
HA-00290,Hospital A,overfit,0,0,0.13403149,0.14390671
HA-00294,Hospital A,overfit,0,0,0.07587702,0.07891011
HA-00295,Hospital A,overfit,0,0,0.11468848,0.12181568
HA-00296,Hospital A,overfit,0,0,0.03688121,0.037578583
HA-00299,Hospital A,overfit,0,0,0.24110322,0.27588952
HA-00305,Hospital A,overfit,0,0,0.15076415,0.16341841
HA-00307,Hospital A,overfit,0,0,0.042859238,0.043804884
HA-00308,Hospital A,overfit,0,0,0.41427094,0.5348979
HA-00310,Hospital A,overfit,0,0,0.2734929,0.319507
HA-00311,Hospital A,overfit,0,1,0.2499173,1.3866252
HA-00312,Hospital A,overfit,0,0,0.60651624,0.9327156
HA-00317,Hospital A,overfit,0,0,0.34852466,0.42851573
HA-00318,Hospital A,overfit,0,0,0.045627072,0.046700716
HA-00321,Hospital A,overfit,0,0,0.0558767,0.057498455
HA-00322,Hospital A,overfit,0,0,0.0653993,0.06763601
HA-00323,Hospital A,overfit,0,0,0.37635723,0.47217757
HA-00324,Hospital A,overfit,0,0,0.3125576,0.37477726
HA-00325,Hospital A,overfit,0,0,0.9031919,2.335024
HA-00329,Hospital A,overfit,0,0,0.24979435,0.28740788
HA-00330,Hospital A,overfit,0,0,0.015815265,0.01594162
HA-00334,Hospital A,overfit,0,0,0.0931501,0.09777832
HA-00335,Hospital A,overfit,0,0,0.11824376,0.12583971
HA-00336,Hospital A,overfit,0,0,0.01980345,0.020002127
HA-00337,Hospital A,overfit,0,0,0.9358743,2.7469103
HA-00342,Hospital A,overfit,0,1,0.92293686,0.08019444
HA-00343,Hospital A,overfit,0,0,0.3413514,0.4175651
HA-00344,Hospital A,overfit,0,0,0.18651374,0.20642626
HA-00350,Hospital A,overfit,0,0,0.39949355,0.50998193
HA-00355,Hospital A,overfit,0,0,0.54887766,0.7960167
HA-00356,Hospital A,overfit,0,0,0.38719982,0.48971635
HA-00357,Hospital A,overfit,0,0,0.32075125,0.38676786
HA-00358,Hospital A,overfit,0,0,0.32586467,0.39432442
HA-00359,Hospital A,overfit,0,1,0.034049198,3.3799489
HA-00360,Hospital A,overfit,0,0,0.15840253,0.1724534
HA-00363,Hospital A,overfit,0,0,0.47437358,0.6431645
HA-00364,Hospital A,overfit,0,0,0.16325633,0.17823756
HA-00367,Hospital A,overfit,0,0,0.010847712,0.010907173
HA-00368,Hospital A,overfit,0,0,0.14412606,0.15563214
HA-00369,Hospital A,overfit,0,0,0.049079847,0.050325155
HA-00371,Hospital A,overfit,0,0,0.1184386,0.12606072
HA-00373,Hospital A,overfit,0,0,0.29951522,0.35598266
HA-00374,Hospital A,overfit,0,0,0.39898926,0.50914246
HA-00377,Hospital A,overfit,0,1,0.26973853,1.3103023
HA-00381,Hospital A,overfit,0,0,0.022237647,0.022488594
HA-00382,Hospital A,overfit,0,1,0.26505563,1.3278155
HA-00383,Hospital A,overfit,0,1,0.18615226,1.6811903
HA-00384,Hospital A,overfit,0,0,0.10327764,0.10900903
HA-00386,Hospital A,overfit,0,0,0.2047519,0.22910106
HA-00388,Hospital A,overfit,0,0,0.7205354,1.2748796
HA-00390,Hospital A,overfit,0,0,0.12576173,0.13440228
HA-00391,Hospital A,overfit,0,0,0.1650089,0.18033421
HA-00392,Hospital A,overfit,0,0,0.0137232365,0.013818264
HA-00393,Hospital A,overfit,0,0,0.12899752,0.13811052
HA-00395,Hospital A,overfit,0,1,0.30977136,1.1719208
HA-00396,Hospital A,overfit,0,0,0.3927902,0.49888086
HA-00399,Hospital A,overfit,0,0,0.047721114,0.048897266
HA-00401,Hospital A,overfit,0,1,0.82714134,0.18977967
HA-00404,Hospital A,overfit,0,0,0.016661758,0.016802311
HA-00406,Hospital A,overfit,0,0,0.057260204,0.058964968
HA-00408,Hospital A,overfit,0,1,0.57321453,0.5564952
HA-00412,Hospital A,overfit,0,0,0.019687874,0.019884348
HA-00414,Hospital A,overfit,0,0,0.32573375,0.39413023
HA-00415,Hospital A,overfit,0,0,0.3419968,0.41854542
HA-00417,Hospital A,overfit,0,0,0.33960074,0.41491067
HA-00418,Hospital A,overfit,0,0,0.08355994,0.08725858
HA-00419,Hospital A,overfit,0,1,0.35981175,1.0221744
HA-00420,Hospital A,overfit,0,0,0.11014559,0.11669731
HA-00423,Hospital A,overfit,0,1,0.35906154,1.0242615
HA-00424,Hospital A,overfit,0,0,0.014992424,0.015105724
HA-00428,Hospital A,overfit,0,0,0.6440365,1.032927
HA-00431,Hospital A,overfit,0,0,0.4248225,0.5530766
HA-00433,Hospital A,overfit,0,0,0.2540499,0.29309654
HA-00434,Hospital A,overfit,0,0,0.20227313,0.22598898
HA-00437,Hospital A,overfit,0,0,0.09767678,0.10278249
HA-00439,Hospital A,overfit,0,0,0.5987048,0.91305804
HA-00440,Hospital A,overfit,0,0,0.4869188,0.6673212
HA-00443,Hospital A,overfit,0,0,0.3020817,0.3596533
HA-00444,Hospital A,overfit,0,0,0.062710054,0.06476259
HA-00447,Hospital A,overfit,0,0,0.04258155,0.04351473
HA-00452,Hospital A,overfit,0,0,0.30399033,0.3623917
HA-00453,Hospital A,overfit,0,0,0.2177455,0.24557519
HA-00455,Hospital A,overfit,0,0,0.28658214,0.33768797
HA-00457,Hospital A,overfit,0,0,0.26663697,0.31011438
HA-00461,Hospital A,overfit,0,1,0.70962095,0.34302434
HA-00463,Hospital A,overfit,0,0,0.040503263,0.04134631
HA-00464,Hospital A,overfit,0,0,0.07547118,0.078470945
HA-00467,Hospital A,overfit,0,0,0.25552157,0.29507136
HA-00468,Hospital A,overfit,0,0,0.7059323,1.2239454
HA-00469,Hospital A,overfit,0,0,0.13289928,0.14260018
HA-00470,Hospital A,overfit,0,0,0.5498727,0.7982248
HA-00471,Hospital A,overfit,0,0,0.078893326,0.08217931
HA-00474,Hospital A,overfit,0,0,0.075227894,0.07820797
HA-00475,Hospital A,overfit,0,0,0.19101748,0.21197796
HA-00477,Hospital A,overfit,0,0,0.49886128,0.69087243
HA-00481,Hospital A,overfit,0,0,0.24530602,0.28144288
HA-00482,Hospital A,overfit,0,0,0.10788981,0.114165545
HA-00484,Hospital A,overfit,0,1,0.030729663,3.4825268
HA-00485,Hospital A,overfit,0,0,0.02414917,0.024445534
HA-00486,Hospital A,overfit,0,0,0.4758,0.64588195
HA-00487,Hospital A,overfit,0,0,0.010040466,0.010091305
HA-00489,Hospital A,overfit,0,0,0.41977954,0.5443471
HA-00490,Hospital A,overfit,0,1,0.010981955,4.511502
HA-00491,Hospital A,overfit,0,0,0.06294202,0.06501007
HA-00493,Hospital A,overfit,0,0,0.44733527,0.5930037
HA-00495,Hospital A,overfit,0,1,0.14223363,1.9502844
HA-00498,Hospital A,overfit,0,0,0.55194163,0.80283177
HA-00501,Hospital A,overfit,0,0,0.5686979,0.8409466
HA-00502,Hospital A,overfit,0,0,0.44737568,0.5930768
HA-00507,Hospital A,overfit,0,0,0.99864155,6.601413
HA-00508,Hospital A,overfit,0,0,0.4374629,0.5752982
HA-00510,Hospital A,overfit,0,0,0.023386678,0.023664474
HA-00511,Hospital A,overfit,0,1,0.30874825,1.1752291
HA-00512,Hospital A,overfit,0,0,0.20650268,0.23130512
HA-00515,Hospital A,overfit,0,0,0.35902852,0.44477034
HA-00516,Hospital A,overfit,0,0,0.3691655,0.46071172
HA-00518,Hospital A,overfit,0,0,0.002042581,0.0020446777
HA-00521,Hospital A,overfit,0,0,0.17670111,0.19443595
HA-00523,Hospital A,overfit,0,0,0.4271655,0.55715847
HA-00524,Hospital A,overfit,0,0,0.6505083,1.0512754
HA-00528,Hospital A,overfit,0,1,0.31096506,1.1680747
HA-00529,Hospital A,overfit,0,0,0.6622375,1.0854124
HA-00531,Hospital A,overfit,0,0,0.034448862,0.035056114
HA-00533,Hospital A,overfit,0,0,0.1853272,0.20496869
HA-00537,Hospital A,overfit,0,1,0.31962183,1.1406168
HA-00541,Hospital A,overfit,0,0,0.02116169,0.02138877
HA-00542,Hospital A,overfit,0,0,0.013339241,0.013429165
HA-00543,Hospital A,overfit,0,0,0.239358,0.27359247
HA-00545,Hospital A,overfit,0,0,0.25037438,0.28818142
HA-00546,Hospital A,overfit,0,0,0.45391643,0.60498327
HA-00547,Hospital A,overfit,0,0,0.09411703,0.09884524
HA-00548,Hospital A,overfit,0,0,0.05975234,0.06161189
HA-00550,Hospital A,overfit,0,0,0.31409788,0.37702036
HA-00555,Hospital A,overfit,0,0,0.67688483,1.1297466
HA-00556,Hospital A,overfit,0,0,0.6450839,1.035874
HA-00558,Hospital A,overfit,0,0,0.025111532,0.02543211
HA-00559,Hospital A,overfit,0,0,0.01616815,0.016300201
HA-00561,Hospital A,overfit,0,0,0.029298484,0.02973628
HA-00563,Hospital A,overfit,0,1,0.9399849,0.061891433
HA-00565,Hospital A,overfit,0,0,0.9805068,3.9376905
HA-00566,Hospital A,overfit,0,0,0.18921377,0.20975089
HA-00567,Hospital A,overfit,0,1,0.4193608,0.86902374
HA-00569,Hospital A,overfit,0,0,0.18242408,0.20141149
HA-00572,Hospital A,overfit,0,0,0.12870887,0.13777924
HA-00575,Hospital A,overfit,0,0,0.7400264,1.3471755
HA-00576,Hospital A,overfit,0,1,0.7909775,0.23448579
HA-00578,Hospital A,overfit,0,0,0.43082693,0.56357074
HA-00579,Hospital A,overfit,0,0,0.51486593,0.72333
HA-00581,Hospital A,overfit,0,0,0.17067635,0.18714476
HA-00582,Hospital A,overfit,0,0,0.020125926,0.020331144
HA-00584,Hospital A,overfit,0,0,0.35976416,0.44591862
HA-00586,Hospital A,overfit,0,0,0.33618727,0.4097553
HA-00589,Hospital A,overfit,0,0,0.6663231,1.0975822
HA-00590,Hospital A,overfit,0,0,0.5208054,0.7356486
HA-00591,Hospital A,overfit,0,0,0.09994688,0.10530138
HA-00595,Hospital A,overfit,0,0,0.06956643,0.07210469
HA-00597,Hospital A,overfit,0,0,0.376656,0.47265673
HA-00598,Hospital A,overfit,0,0,0.3704989,0.46282768
HA-00604,Hospital A,overfit,0,0,0.076143004,0.07919788
HA-00609,Hospital A,overfit,0,0,0.2607217,0.30208087
HA-00613,Hospital A,overfit,0,0,0.03654288,0.037227392
HA-00614,Hospital A,overfit,0,0,0.0625409,0.06458211
HA-00616,Hospital A,overfit,0,1,0.20751819,1.5725362
HA-00617,Hospital A,overfit,0,0,0.7273043,1.2993984
HA-00618,Hospital A,overfit,0,0,0.18144546,0.20021522
HA-00620,Hospital A,overfit,0,0,0.99998033,10.8368635
HA-00622,Hospital A,overfit,0,1,0.108628415,2.2198222
HA-00624,Hospital A,overfit,0,1,0.48878053,0.71584165
HA-00625,Hospital A,overfit,0,0,0.17062537,0.18708336
HA-00627,Hospital A,overfit,0,0,0.35580578,0.43975502
HA-00628,Hospital A,overfit,0,0,0.48917934,0.6717368
HA-00630,Hospital A,overfit,0,0,0.098816045,0.10404587
HA-00631,Hospital A,overfit,0,0,0.42807487,0.55874705
HA-00636,Hospital A,overfit,0,0,0.11983049,0.12764084
HA-00637,Hospital A,overfit,0,0,0.40812367,0.5244576
HA-00642,Hospital A,overfit,0,0,0.14457212,0.15615344
HA-00644,Hospital A,overfit,0,1,0.2009937,1.6044817
HA-00645,Hospital A,overfit,0,0,0.34961346,0.43018848
HA-00648,Hospital A,overfit,0,0,0.18862681,0.20902717
HA-00653,Hospital A,overfit,0,0,0.43726054,0.57493854
HA-00655,Hospital A,overfit,0,0,0.46199563,0.6198886
HA-00658,Hospital A,overfit,0,1,0.04271561,3.1531909
HA-00663,Hospital A,overfit,0,0,0.051261492,0.05262208
HA-00665,Hospital A,overfit,0,0,0.9671795,3.416702
HA-00667,Hospital A,overfit,0,1,0.59167045,0.5248054
HA-00669,Hospital A,overfit,0,0,0.30795458,0.36810368
HA-00675,Hospital A,overfit,0,0,0.12804039,0.13701212
HA-00676,Hospital A,overfit,0,0,0.41788077,0.54108
HA-00678,Hospital A,overfit,0,0,0.64174145,1.0265002
HA-00679,Hospital A,overfit,0,0,0.7095484,1.2363186
HA-00682,Hospital A,overfit,0,0,0.063501075,0.06560683
HA-00683,Hospital A,overfit,0,1,0.32876703,1.1124058
HA-00685,Hospital A,overfit,0,0,0.009017275,0.009057999
HA-00687,Hospital A,overfit,0,1,0.5538874,0.5907938
HA-00689,Hospital A,overfit,0,0,0.047767974,0.04894662
HA-00690,Hospital A,overfit,0,0,0.45800576,0.61249995
HA-00692,Hospital A,overfit,0,0,0.1391216,0.14980209
HA-00693,Hospital A,overfit,0,0,0.33531994,0.40844947
HA-00694,Hospital A,overfit,0,0,0.04118859,0.042060852
HA-00695,Hospital A,overfit,0,0,0.11107859,0.11774635
HA-00696,Hospital A,overfit,0,0,0.053096622,0.054558277
HA-00699,Hospital A,overfit,0,0,0.019962568,0.02016449
HA-00700,Hospital A,overfit,0,0,0.12035535,0.12823737
HA-00706,Hospital A,overfit,0,0,0.052881747,0.054331303
HA-00707,Hospital A,overfit,0,0,0.012717827,0.012799263
HA-00711,Hospital A,overfit,0,0,0.2865764,0.33767992
HA-00712,Hospital A,overfit,0,0,0.49117023,0.6756418
HA-00713,Hospital A,overfit,0,0,0.067496955,0.06988287
HA-00714,Hospital A,overfit,0,0,0.024223581,0.024521828
HA-00715,Hospital A,overfit,0,0,0.078529924,0.08178496
HA-00716,Hospital A,overfit,0,0,0.07268652,0.07546353
HA-00718,Hospital A,overfit,0,1,0.43691173,0.8280241
HA-00722,Hospital A,overfit,0,0,0.1325174,0.14215982
HA-00726,Hospital A,overfit,0,1,0.0043504443,5.437477
HA-00727,Hospital A,overfit,0,0,0.043680556,0.04466319
HA-00729,Hospital A,overfit,0,0,0.018944733,0.019126415
HA-00731,Hospital A,overfit,0,0,0.096341506,0.101303816
HA-00735,Hospital A,overfit,0,0,0.30974725,0.37069744
HA-00739,Hospital A,overfit,0,0,0.11091381,0.1175611
HA-00741,Hospital A,overfit,0,0,0.70176476,1.2098727
HA-00742,Hospital A,overfit,0,0,0.048009694,0.049200535
HA-00743,Hospital A,overfit,0,1,0.068559036,2.6800601
HA-00746,Hospital A,overfit,0,0,0.12956175,0.13875854
HA-00749,Hospital A,overfit,0,0,0.3609768,0.44781446
HA-00750,Hospital A,overfit,0,0,0.044127483,0.04513073
HA-00751,Hospital A,overfit,0,0,0.21721959,0.24490309
HA-00755,Hospital A,overfit,0,1,0.99995005,4.9991093e-05
HA-00756,Hospital A,overfit,0,0,0.21813713,0.24607599
HA-00757,Hospital A,overfit,0,1,0.7972412,0.22659798
HA-00760,Hospital A,overfit,0,0,0.20346846,0.22748852
HA-00761,Hospital A,overfit,0,0,0.2429134,0.27827764
HA-00762,Hospital A,overfit,0,0,0.2073076,0.23232007
HA-00763,Hospital A,overfit,0,0,0.12258902,0.13077986
HA-00765,Hospital A,overfit,0,0,0.99989617,9.173016
HA-00766,Hospital A,overfit,0,0,0.17504619,0.19242787
HA-00767,Hospital A,overfit,0,0,0.2749888,0.3215682
HA-00768,Hospital A,overfit,0,1,0.44385827,0.81225
HA-00771,Hospital A,overfit,0,0,0.3356385,0.40892875
HA-00773,Hospital A,overfit,0,0,0.1268592,0.13565838
HA-00774,Hospital A,overfit,0,1,0.6429128,0.44174612
HA-00775,Hospital A,overfit,0,0,0.033435363,0.034007072
HA-00776,Hospital A,overfit,0,0,0.24345653,0.27899528
HA-00777,Hospital A,overfit,0,0,0.04152048,0.042407036
HA-00778,Hospital A,overfit,0,1,0.24973005,1.3873746
HA-00780,Hospital A,overfit,0,0,0.037982445,0.038722515
HA-00781,Hospital A,overfit,0,0,0.90397114,2.3431065
HA-00782,Hospital A,overfit,0,1,0.09235003,2.3821692
HA-00783,Hospital A,overfit,0,0,0.71568245,1.2576636
HA-00784,Hospital A,overfit,0,1,0.3178502,1.1461751
HA-00786,Hospital A,overfit,0,0,0.2327383,0.2649274
HA-00789,Hospital A,overfit,0,1,0.23291616,1.4570767
HA-00795,Hospital A,overfit,0,0,0.061072815,0.06301737
HA-00796,Hospital A,overfit,0,0,0.05586847,0.057489872
HA-00798,Hospital A,overfit,0,0,0.0737233,0.07658219
HA-00800,Hospital A,overfit,0,1,0.16449183,1.8048943
HA-00801,Hospital A,overfit,0,0,0.10325886,0.10898805
HA-00802,Hospital A,overfit,0,0,0.16673693,0.18240595
HA-00803,Hospital A,overfit,0,0,0.0010680167,0.0010685921
HA-00805,Hospital A,overfit,0,1,0.42423862,0.8574591
HA-00806,Hospital A,overfit,0,0,0.18163453,0.20044625
HA-00807,Hospital A,overfit,0,0,0.11890995,0.1265955
HA-00811,Hospital A,overfit,0,0,0.17790869,0.19590378
HA-00814,Hospital A,overfit,0,1,0.80035156,0.22270417
HA-00815,Hospital A,overfit,0,0,0.3984713,0.50828105
HA-00816,Hospital A,overfit,0,0,0.3381978,0.4127885
HA-00819,Hospital A,overfit,0,1,0.5537615,0.5910212
HA-00823,Hospital A,overfit,0,0,0.049083218,0.05032873
HA-00825,Hospital A,overfit,0,0,0.19634067,0.21857977
HA-00826,Hospital A,overfit,0,0,0.122080244,0.13020003
HA-00827,Hospital A,overfit,0,0,0.17493965,0.19229877
HA-00829,Hospital A,overfit,0,0,0.13411224,0.14399993
HA-00830,Hospital A,overfit,0,0,0.016595403,0.0167346
HA-00831,Hospital A,overfit,0,0,0.6808779,1.1421814
HA-00832,Hospital A,overfit,0,0,0.6564542,1.0684348
HA-00833,Hospital A,overfit,0,0,0.01517499,0.015291214
HA-00836,Hospital A,overfit,0,0,0.34361154,0.4210025
HA-00837,Hospital A,overfit,0,1,0.7549165,0.28114814
HA-00838,Hospital A,overfit,0,0,0.46580994,0.62700355
HA-00839,Hospital A,overfit,0,1,0.30739307,1.1796279
HA-00840,Hospital A,overfit,0,0,0.12940082,0.13857353
HA-00843,Hospital A,overfit,0,0,0.81905204,1.7095456
HA-00844,Hospital A,overfit,0,0,0.06897266,0.071466684
HA-00847,Hospital A,overfit,0,0,0.40218797,0.51447886
HA-00848,Hospital A,overfit,0,0,0.3076836,0.36771214
HA-00851,Hospital A,overfit,0,0,0.037242163,0.037953377
HA-00854,Hospital A,overfit,0,0,0.1475098,0.15959358
HA-00855,Hospital A,overfit,0,0,0.290998,0.34389693
HA-00856,Hospital A,overfit,0,0,0.30286118,0.3607707
HA-00858,Hospital A,overfit,0,1,0.5753218,0.5528258
HA-00861,Hospital A,overfit,0,0,0.0518026,0.053192616
HA-00862,Hospital A,overfit,0,0,0.11269603,0.11956763
HA-00863,Hospital A,overfit,0,0,0.19720283,0.21965325
HA-00865,Hospital A,overfit,0,0,0.05669973,0.05837059
HA-00866,Hospital A,overfit,0,0,0.82884914,1.7652097
HA-00867,Hospital A,overfit,0,1,0.022385208,3.7993548
HA-00869,Hospital A,overfit,0,0,0.29228857,0.34571886
HA-00871,Hospital A,overfit,0,1,0.04881657,3.0196855
HA-00872,Hospital A,overfit,0,0,0.020586057,0.020800829
HA-00873,Hospital A,overfit,0,0,0.13694894,0.14728141
HA-00874,Hospital A,overfit,0,0,0.56993365,0.8438157
HA-00878,Hospital A,overfit,0,0,0.38439718,0.48515332
HA-00882,Hospital A,overfit,0,0,0.04987232,0.051158905
HA-00884,Hospital A,overfit,0,0,0.018337743,0.018507957
HA-00885,Hospital A,overfit,0,0,0.017987806,0.018151522
HA-00886,Hospital A,overfit,0,0,0.28814042,0.33987457
HA-00888,Hospital A,overfit,0,0,0.91242605,2.435272
HA-00890,Hospital A,overfit,0,0,0.019432105,0.01962328
HA-00893,Hospital A,overfit,0,0,0.20497559,0.2293824
HA-00895,Hospital A,overfit,0,1,0.2749034,1.2913356
HA-00897,Hospital A,overfit,0,0,0.113995574,0.12103343
HA-00899,Hospital A,overfit,0,0,0.084792025,0.08860397
HA-00903,Hospital A,overfit,0,0,0.055162605,0.05674243
HA-00906,Hospital A,overfit,0,1,0.9995597,0.00044041625
HA-00910,Hospital A,overfit,0,0,0.098302364,0.10347605
HA-00912,Hospital A,overfit,0,1,0.7833491,0.24417686
HA-00913,Hospital A,overfit,0,0,0.06628121,0.06857991
HA-00914,Hospital A,overfit,0,0,0.20553656,0.23008835
HA-00915,Hospital A,overfit,0,0,0.43584335,0.57242334
HA-00917,Hospital A,overfit,0,0,0.44466195,0.5881782
HA-00918,Hospital A,overfit,0,0,0.44150475,0.5825091
HA-00919,Hospital A,overfit,0,0,0.041176688,0.042048454
HA-00924,Hospital A,overfit,0,0,0.03464985,0.035264492
HA-00925,Hospital A,overfit,0,0,0.34128916,0.41747063
HA-00926,Hospital A,overfit,0,0,0.38885137,0.49241507
HA-00928,Hospital A,overfit,0,0,0.29812402,0.35399854
HA-00929,Hospital A,overfit,0,0,0.442003,0.58340174
HA-00930,Hospital A,overfit,0,0,0.0950667,0.09989405
HA-00934,Hospital A,overfit,0,0,0.6880276,1.1648406
HA-00935,Hospital A,overfit,0,0,0.08451546,0.0883019
HA-00937,Hospital A,overfit,0,0,0.13697352,0.1473099
HA-00938,Hospital A,overfit,0,0,0.16200298,0.17674077
HA-00941,Hospital A,overfit,0,0,0.99035114,4.640911
HA-00948,Hospital A,overfit,0,0,0.108563334,0.114920855
HA-00949,Hospital A,overfit,0,0,0.018929593,0.019111156
HA-00951,Hospital A,overfit,0,0,0.31522843,0.37867004
HA-00955,Hospital A,overfit,0,0,0.11574979,0.123015165
HA-00956,Hospital A,overfit,0,0,0.5168434,0.7274144
HA-00958,Hospital A,overfit,0,1,0.708138,0.3451163
HA-00959,Hospital A,overfit,0,1,0.048439123,3.0274475
HA-00960,Hospital A,overfit,0,0,0.33191183,0.4033351
HA-00961,Hospital A,overfit,0,1,0.99654526,0.0034607013
HA-00963,Hospital A,overfit,0,0,0.3275059,0.3967619
HA-00970,Hospital A,overfit,0,1,0.24659379,1.400013
HA-00971,Hospital A,overfit,0,0,0.09575517,0.10065508
HA-00972,Hospital A,overfit,0,0,0.11928375,0.12701988
HA-00973,Hospital A,overfit,0,1,0.1504008,1.8944515
HA-00974,Hospital A,overfit,0,0,0.015960762,0.01608944
HA-00976,Hospital A,overfit,0,0,0.08107019,0.08454561
HA-00977,Hospital A,overfit,0,0,0.041367725,0.042247772
HA-00978,Hospital A,overfit,0,1,0.63209283,0.45871893
HA-00980,Hospital A,overfit,0,1,0.6321966,0.45855486
HA-00982,Hospital A,overfit,0,0,0.0048361113,0.0048480034
HA-00984,Hospital A,overfit,0,0,0.3828111,0.48258013
HA-00986,Hospital A,overfit,0,0,0.49981242,0.69277203
HA-00988,Hospital A,overfit,0,0,0.035000958,0.03562808
HA-00989,Hospital A,overfit,0,0,0.11511632,0.122299194
HA-00991,Hospital A,overfit,0,0,0.39440843,0.5015495
HA-00993,Hospital A,overfit,0,1,0.4654375,0.7647774
HA-00994,Hospital A,overfit,0,0,0.65482134,1.063693
HA-00995,Hospital A,overfit,0,1,0.21068722,1.5573807
HA-00997,Hospital A,overfit,0,0,0.3412171,0.41736114
HA-00999,Hospital A,overfit,0,0,0.27230784,0.3178771
HA-01000,Hospital A,overfit,0,0,0.20085931,0.22421825
HA-01001,Hospital A,overfit,0,0,0.2847205,0.33508193
HA-01003,Hospital A,overfit,0,1,0.14652418,1.9205649
HA-01004,Hospital A,overfit,0,1,0.49531353,0.7025643
HA-01010,Hospital A,overfit,0,0,0.03452409,0.035134077
HA-01011,Hospital A,overfit,0,0,0.07904053,0.08233929
HA-01016,Hospital A,overfit,0,0,0.06462502,0.06680775
HA-01017,Hospital A,overfit,0,0,0.354593,0.43787414
HA-01018,Hospital A,overfit,0,0,0.2642476,0.30686164
HA-01020,Hospital A,overfit,0,0,0.43710026,0.57465374
HA-01021,Hospital A,overfit,0,0,0.31108278,0.37263423
HA-01023,Hospital A,overfit,0,0,0.43440518,0.56987727
HA-01026,Hospital A,overfit,0,0,0.009281215,0.009324551
HA-01030,Hospital A,overfit,0,1,0.5041736,0.6848347
HA-01035,Hospital A,overfit,0,0,0.17737836,0.19525898
HA-01037,Hospital A,overfit,0,1,0.5087276,0.6758426
HA-01038,Hospital A,overfit,0,0,0.13189924,0.14144754
HA-01039,Hospital A,overfit,0,1,0.3665746,1.0035532
HA-01040,Hospital A,overfit,0,1,0.8265718,0.19046843
HA-01041,Hospital A,overfit,0,0,0.032260735,0.03279257
HA-01043,Hospital A,overfit,0,0,0.27544934,0.32220364
HA-01046,Hospital A,overfit,0,0,0.03987526,0.04069209
HA-01049,Hospital A,overfit,0,0,0.0734767,0.07631612
HA-01051,Hospital A,overfit,0,0,0.3643681,0.4531356
HA-01052,Hospital A,overfit,0,0,0.027482955,0.027867794
HA-01057,Hospital A,overfit,0,0,0.0685971,0.07106328
HA-01058,Hospital A,overfit,0,0,0.62783957,0.9884302
HA-01060,Hospital A,overfit,0,0,0.09606095,0.100993395
HA-01061,Hospital A,overfit,0,0,0.1826409,0.20167673
HA-01063,Hospital A,overfit,0,0,0.18275444,0.20181572
HA-01067,Hospital A,overfit,0,0,0.043929417,0.044923544
HA-01070,Hospital A,overfit,0,0,0.27616587,0.32319307
HA-01071,Hospital A,overfit,0,0,0.036443744,0.037124395
HA-01073,Hospital A,overfit,0,1,0.17195293,1.7605345
HA-01074,Hospital A,overfit,0,0,0.035554558,0.036201954
HA-01075,Hospital A,overfit,0,0,0.13287137,0.14256799
HA-01079,Hospital A,overfit,0,0,0.2735983,0.31965214
HA-01080,Hospital A,overfit,0,0,0.3516658,0.433349
HA-01081,Hospital A,overfit,0,0,0.3944005,0.5015364
HA-01082,Hospital A,overfit,0,0,0.666779,1.0989494
HA-01083,Hospital A,overfit,0,0,0.14903948,0.16138959
HA-01084,Hospital A,overfit,0,0,0.026482895,0.026839972
HA-01089,Hospital A,overfit,0,0,0.3024752,0.36021727
HA-01090,Hospital A,overfit,0,0,0.025364993,0.025692225
HA-01092,Hospital A,overfit,0,0,0.24304684,0.27845395
HA-01094,Hospital A,overfit,0,0,0.15487805,0.1682744
HA-01096,Hospital A,overfit,0,0,0.41872668,0.5425342
HA-01097,Hospital A,overfit,0,0,0.4009472,0.5124055
HA-01098,Hospital A,overfit,0,0,0.13123725,0.14068532
HA-01099,Hospital A,overfit,0,1,0.6117425,0.49144384
HA-01100,Hospital A,overfit,0,0,0.64871645,1.0461614
HA-01102,Hospital A,overfit,0,0,0.34994942,0.43070507
HA-01103,Hospital A,overfit,0,0,0.14202932,0.15318537
HA-01104,Hospital A,overfit,0,0,0.041807696,0.042706728
HA-01106,Hospital A,overfit,0,0,0.103496365,0.10925293
HA-01107,Hospital A,overfit,0,0,0.056886703,0.058568954
HA-01108,Hospital A,overfit,0,0,0.8801589,2.1215885
HA-01109,Hospital A,overfit,0,1,0.6403295,0.44577244
HA-01112,Hospital A,overfit,0,1,0.0044818465,5.40772
HA-01116,Hospital A,overfit,0,0,0.22495483,0.25483394
HA-01117,Hospital A,overfit,0,0,0.3497783,0.43044192
HA-01119,Hospital A,overfit,0,0,0.23770426,0.2714206
HA-01122,Hospital A,overfit,0,0,0.071311586,0.073982
HA-01123,Hospital A,overfit,0,1,0.039939135,3.2203987
HA-01125,Hospital A,overfit,0,0,0.025655206,0.02599001
HA-01126,Hospital A,overfit,0,0,0.745372,1.3679515
HA-01127,Hospital A,overfit,0,1,1.0,5.3042872e-09
HA-01128,Hospital A,overfit,0,0,0.26893222,0.3132491
HA-01131,Hospital A,overfit,0,0,0.048715282,0.04994178
HA-01133,Hospital A,overfit,0,0,0.100974575,0.10644388
HA-01134,Hospital A,overfit,0,0,0.6489307,1.0467716
HA-01139,Hospital A,overfit,0,1,0.14904894,1.9034805
HA-01140,Hospital A,overfit,0,0,0.10354179,0.10930371
HA-01141,Hospital A,overfit,0,0,0.5721428,0.84896576
HA-01143,Hospital A,overfit,0,0,0.13150157,0.14098942
HA-01147,Hospital A,overfit,0,0,0.48440903,0.6624415
HA-01151,Hospital A,overfit,0,1,0.99719363,0.0028103555
HA-01152,Hospital A,overfit,0,0,0.44285068,0.5849221
HA-01155,Hospital A,overfit,0,1,0.40869513,0.8947858
HA-01156,Hospital A,overfit,0,0,0.15174028,0.16456842
HA-01159,Hospital A,overfit,0,0,0.0062036174,0.006222725
HA-01160,Hospital A,overfit,0,0,0.07617317,0.07923055
HA-01161,Hospital A,overfit,0,0,0.110255904,0.11682129
HA-01163,Hospital A,overfit,0,0,0.02054208,0.020756006
HA-01164,Hospital A,overfit,0,1,0.5328714,0.6294751
HA-01168,Hospital A,overfit,0,0,0.41620553,0.5382063
HA-01169,Hospital A,overfit,0,0,0.12161451,0.12966979
HA-01170,Hospital A,overfit,0,0,0.3916256,0.4969648
HA-01171,Hospital A,overfit,0,0,0.043852404,0.04484296
HA-01172,Hospital A,overfit,0,0,0.029480254,0.029923439
HA-01174,Hospital A,overfit,0,0,0.06741189,0.069791555
HA-01175,Hospital A,overfit,0,0,0.3166022,0.38067812
HA-01176,Hospital A,overfit,0,1,0.030226555,3.4990344
HA-01177,Hospital A,overfit,0,0,0.025545059,0.025876999
HA-01178,Hospital A,overfit,0,0,0.23093742,0.2625829
HA-01179,Hospital A,overfit,0,1,0.28702012,1.248203
HA-01180,Hospital A,overfit,0,0,0.12163656,0.12969482
HA-01181,Hospital A,overfit,0,0,0.066432685,0.068742275
HA-01182,Hospital A,overfit,0,0,0.23293702,0.2651863
HA-01189,Hospital A,overfit,0,1,0.06686812,2.7050328
HA-01194,Hospital A,overfit,0,0,0.54397607,0.78521
HA-01195,Hospital A,overfit,0,0,0.40651312,0.52174014
HA-01196,Hospital A,overfit,0,0,0.45981485,0.6158433
HA-01198,Hospital A,overfit,0,0,0.32815734,0.39773107
HA-01201,Hospital A,overfit,0,0,0.03081592,0.031300783
HA-01203,Hospital A,overfit,0,0,0.57619584,0.8584838
HA-01205,Hospital A,overfit,0,0,0.64963007,1.0487658
HA-01206,Hospital A,overfit,0,1,0.3228677,1.1305127
HA-01207,Hospital A,overfit,0,0,0.05047598,0.05179453
HA-01208,Hospital A,overfit,0,0,0.014563604,0.014670849
HA-01209,Hospital A,overfit,0,0,0.3862307,0.48813617
HA-01210,Hospital A,overfit,0,0,0.288791,0.34078896
HA-01211,Hospital A,overfit,0,0,0.047530297,0.048696995
HA-01213,Hospital A,overfit,0,1,0.08342558,2.4838002
HA-01214,Hospital A,overfit,0,0,0.018192388,0.0183599
HA-01215,Hospital A,overfit,0,0,0.07267312,0.07544923
HA-01220,Hospital A,overfit,0,0,0.081548415,0.08506608
HA-01221,Hospital A,overfit,0,0,0.36400834,0.45256984
HA-01222,Hospital A,overfit,0,0,0.6496055,1.0486957
HA-01223,Hospital A,overfit,0,0,0.07891755,0.08220577
HA-01224,Hospital A,overfit,0,0,0.27188453,0.3172956
HA-01225,Hospital A,overfit,0,0,0.37043044,0.4627189
HA-01226,Hospital A,overfit,0,0,0.466825,0.6289056
HA-01230,Hospital A,overfit,0,0,0.22625186,0.25650883
HA-01231,Hospital A,overfit,0,0,0.058003627,0.059753895
HA-01234,Hospital A,overfit,0,1,0.2026293,1.5963771
HA-01235,Hospital A,overfit,0,0,0.029072829,0.029503822
HA-01236,Hospital A,overfit,0,1,0.0271001,3.608218
HA-01238,Hospital A,overfit,0,0,0.15683967,0.17059815
HA-01239,Hospital A,overfit,0,0,0.4213725,0.5470963
HA-01240,Hospital A,overfit,0,0,0.68787974,1.1643667
HA-01244,Hospital A,overfit,0,0,0.01606966,0.016200066
HA-01245,Hospital A,overfit,0,0,0.19331168,0.21481788
HA-01247,Hospital A,overfit,0,0,0.06027765,0.062170744
HA-01250,Hospital A,overfit,0,0,0.02945405,0.029896498
HA-01254,Hospital A,overfit,0,0,0.36262134,0.4503914
HA-01255,Hospital A,overfit,0,0,0.057616122,0.059342623
HA-01256,Hospital A,overfit,0,0,0.011913669,0.011985302
HA-01257,Hospital A,overfit,0,1,0.029446587,3.5251772
HA-01258,Hospital A,overfit,0,0,0.014798674,0.014909267
HA-01259,Hospital A,overfit,0,0,0.6743617,1.121968
HA-01264,Hospital A,overfit,0,1,0.53405344,0.62725943
HA-01266,Hospital A,overfit,0,0,0.09286253,0.09746122
HA-01267,Hospital A,overfit,0,0,0.030335853,0.030805588
HA-01269,Hospital A,overfit,0,0,0.19601852,0.2181791
HA-01270,Hospital A,overfit,0,0,0.036102183,0.036770105
HA-01271,Hospital A,overfit,0,0,0.46475986,0.6250398
HA-01273,Hospital A,overfit,0,0,0.35585323,0.4398287
HA-01275,Hospital A,overfit,0,0,0.0156891,0.01581335
HA-01276,Hospital A,overfit,0,0,0.011804569,0.011874676
HA-01277,Hospital A,overfit,0,0,0.06624062,0.06853652
HA-01279,Hospital A,overfit,0,0,0.08091477,0.084376335
HA-01280,Hospital A,overfit,0,0,0.6756606,1.1259648
HA-01281,Hospital A,overfit,0,1,0.26880968,1.3137517
HA-01282,Hospital A,overfit,0,0,0.011017452,0.011078358
HA-01283,Hospital A,overfit,0,1,0.029471122,3.5243444
HA-01286,Hospital A,overfit,0,0,0.4425205,0.58432955
HA-01288,Hospital A,overfit,0,0,0.042589143,0.043522596
HA-01289,Hospital A,overfit,0,0,0.1856059,0.20531094
HA-01291,Hospital A,overfit,0,1,0.5238619,0.6465272
HA-01292,Hospital A,overfit,0,0,0.047245152,0.04839754
HA-01293,Hospital A,overfit,0,0,0.2406705,0.27531946
HA-01294,Hospital A,overfit,0,0,0.006046023,0.006064415
HA-01295,Hospital A,overfit,0,0,0.13349894,0.14329207
HA-01296,Hospital A,overfit,0,0,0.39966258,0.5102634
HA-01303,Hospital A,overfit,0,1,0.38610587,0.9516437
HA-01304,Hospital A,overfit,0,0,0.16815996,0.18411505
HA-01309,Hospital A,overfit,0,0,0.008323021,0.008358002
HA-01310,Hospital A,overfit,0,0,0.2961678,0.3512153
HA-01312,Hospital A,overfit,0,0,0.008592595,0.008629799
HA-01314,Hospital A,overfit,0,1,0.40336543,0.9079123
HA-01315,Hospital A,overfit,0,0,0.106205784,0.11227965
HA-01316,Hospital A,overfit,0,0,0.22966751,0.26093304
HA-01317,Hospital A,overfit,0,0,0.2273062,0.25787234
HA-01319,Hospital A,overfit,0,0,0.035649467,0.03630042
HA-01320,Hospital A,overfit,0,1,0.7328845,0.31076717
HA-01323,Hospital A,overfit,0,0,0.07067374,0.073295355
HA-01325,Hospital A,overfit,0,0,0.47597176,0.64620966
HA-01330,Hospital A,overfit,0,1,0.4260927,0.8530983
HA-01332,Hospital A,overfit,0,0,0.05338375,0.054861546
HA-01333,Hospital A,overfit,0,1,0.7180161,0.3312633
HA-01334,Hospital A,overfit,0,0,0.21661092,0.24412584
HA-01337,Hospital A,overfit,0,0,0.100257024,0.10564613
HA-01338,Hospital A,overfit,0,0,0.52560866,0.74572265
HA-01339,Hospital A,overfit,0,0,0.9246981,2.5862503
HA-01343,Hospital A,overfit,0,0,0.08305145,0.086704016
HA-01346,Hospital A,overfit,0,0,0.9417761,2.843459
HA-01350,Hospital A,overfit,0,0,0.097049505,0.1020875
HA-01355,Hospital A,overfit,0,0,0.42285264,0.54965764
HA-01359,Hospital A,overfit,0,0,0.27209774,0.3175885
HA-01360,Hospital A,overfit,0,0,0.26430184,0.3069353
HA-01362,Hospital A,overfit,0,0,0.09724337,0.10230231
HA-01364,Hospital A,overfit,0,0,0.2713754,0.31659657
HA-01368,Hospital A,overfit,0,0,0.9567648,3.141101
HA-01370,Hospital A,overfit,0,0,0.07233353,0.07508302
HA-01371,Hospital A,overfit,0,0,0.041831154,0.042731285
HA-01373,Hospital A,overfit,0,0,0.17649812,0.19418943
HA-01376,Hospital A,overfit,0,0,0.20286424,0.22673023
HA-01377,Hospital A,overfit,0,0,0.5212846,0.736649
HA-01379,Hospital A,overfit,0,0,0.29096895,0.34385598
HA-01381,Hospital A,overfit,0,0,0.6512587,1.0534248
HA-01382,Hospital A,overfit,0,0,0.04174616,0.042642593
HA-01383,Hospital A,overfit,0,0,0.110743366,0.11736941
HA-01384,Hospital A,overfit,0,0,0.15876165,0.17288029
HA-01388,Hospital A,overfit,0,0,0.2282528,0.2590983
HA-01392,Hospital A,overfit,0,0,0.99207884,4.838221
HA-01395,Hospital A,overfit,0,0,0.2858364,0.33664322
HA-01398,Hospital A,overfit,0,0,0.16525048,0.18062353
HA-01400,Hospital A,overfit,0,0,0.01914671,0.019332409
HA-01402,Hospital A,overfit,0,0,0.21220995,0.23852372
HA-01405,Hospital A,overfit,0,1,0.7164488,0.3334485
HA-01406,Hospital A,overfit,0,0,0.86668754,2.0150595
HA-01407,Hospital A,overfit,0,0,0.42353198,0.55083543
HA-01409,Hospital A,overfit,0,0,0.23891917,0.27301574
HA-01410,Hospital A,overfit,0,1,0.29598132,1.217459
HA-01412,Hospital A,overfit,0,0,0.98302484,4.076007
HA-01416,Hospital A,overfit,0,0,0.010254345,0.010307312
HA-01417,Hospital A,overfit,0,1,0.406281,0.9007102
HA-01418,Hospital A,overfit,0,0,0.007489107,0.007517338
HA-01419,Hospital A,overfit,0,0,0.4606314,0.6173561
HA-01421,Hospital A,overfit,0,0,0.26141977,0.30302548
HA-01422,Hospital A,overfit,0,0,0.0419699,0.042876005
HA-01427,Hospital A,overfit,0,0,0.655569,1.0658616
HA-01429,Hospital A,overfit,0,1,0.5450073,0.6069562
HA-01430,Hospital A,overfit,0,1,0.26170874,1.3405231
HA-01432,Hospital A,overfit,0,0,0.12965272,0.13886297
HA-01435,Hospital A,overfit,0,1,0.027759932,3.5841615
HA-01436,Hospital A,overfit,0,0,0.1238981,0.13227296
HA-01437,Hospital A,overfit,0,0,0.013866295,0.0139632225
HA-01438,Hospital A,overfit,0,0,0.010540941,0.010596752
HA-01439,Hospital A,overfit,0,0,0.029374965,0.029814959
HA-01448,Hospital A,overfit,0,0,0.21979189,0.24819458
HA-01449,Hospital A,overfit,0,0,0.14908615,0.16144443
HA-01450,Hospital A,overfit,0,0,0.059346527,0.061180353
HA-01453,Hospital A,overfit,0,0,0.079349644,0.08267498
HA-01458,Hospital A,overfit,0,0,0.119588405,0.12736571
HA-01460,Hospital A,overfit,0,0,0.12950759,0.13869631
HA-01466,Hospital A,overfit,0,0,0.35525712,0.43890375
HA-01467,Hospital A,overfit,0,0,0.2386552,0.27266896
HA-01468,Hospital A,overfit,0,1,0.03065683,3.4848998
HA-01471,Hospital A,overfit,0,1,0.10619086,2.2425172
HA-01474,Hospital A,overfit,0,0,0.06839837,0.070849895
HA-01477,Hospital A,overfit,0,0,0.34572855,0.42423296
HA-01481,Hospital A,overfit,0,0,0.5155626,0.724767
HA-01482,Hospital A,overfit,0,0,0.71131384,1.2424151
HA-01484,Hospital A,overfit,0,0,0.83707064,1.8144388
HA-01485,Hospital A,overfit,0,0,0.6412476,1.0251229
HA-01486,Hospital A,overfit,0,0,0.09223305,0.096767664
HA-01489,Hospital A,overfit,0,0,0.5824747,0.87341017
HA-01491,Hospital A,overfit,0,0,0.16346629,0.1784885
HA-01492,Hospital A,overfit,0,0,0.01081574,0.010874748
HA-01496,Hospital A,overfit,0,1,0.06274849,2.7686207
HA-01497,Hospital A,overfit,0,0,0.32827443,0.39790547
HA-01499,Hospital A,overfit,0,0,0.326675,0.39552712
HA-01502,Hospital A,overfit,0,0,0.06005781,0.061936855
HA-01503,Hospital A,overfit,0,1,0.6879724,0.3740065
HA-01505,Hospital A,overfit,0,0,0.14279127,0.15407383
HA-01506,Hospital A,overfit,0,0,0.055602282,0.057207823
HA-01508,Hospital A,overfit,0,0,0.14490287,0.15654027
HA-01511,Hospital A,overfit,0,0,0.04603941,0.04713297
HA-01513,Hospital A,overfit,0,0,0.16484612,0.1801393
HA-01514,Hospital A,overfit,0,0,0.13745259,0.14786518
HA-01516,Hospital A,overfit,0,0,0.10554416,0.11153984
HA-01517,Hospital A,overfit,0,0,0.26862592,0.3128302
HA-01518,Hospital A,overfit,0,1,0.8401358,0.17419176
HA-01519,Hospital A,overfit,0,0,0.051604364,0.052983522
HA-01522,Hospital A,overfit,0,0,0.0049412292,0.0049533844
HA-01524,Hospital A,overfit,0,0,0.0113164475,0.011381149
HA-01525,Hospital A,overfit,0,0,0.05746043,0.0591774
HA-01526,Hospital A,overfit,0,1,0.32563654,1.1219735
HA-01527,Hospital A,overfit,0,0,0.24857341,0.28578174
HA-01528,Hospital A,overfit,0,0,0.26764515,0.31149018
HA-01529,Hospital A,overfit,0,0,0.26666436,0.31015182
HA-01530,Hospital A,overfit,0,1,0.6361484,0.4523234
HA-01533,Hospital A,overfit,0,0,0.11918253,0.12690473
HA-01537,Hospital A,overfit,0,0,0.19572274,0.21781123
HA-01541,Hospital A,overfit,0,0,0.9078462,2.3842964
HA-01542,Hospital A,overfit,0,1,0.60511976,0.50232893
HA-01544,Hospital A,overfit,0,1,0.85932636,0.15160652
HA-01546,Hospital A,overfit,0,0,0.4610617,0.61815417
HA-01547,Hospital A,overfit,0,0,0.36945844,0.46117628
HA-01548,Hospital A,overfit,0,0,0.07445712,0.0773747
HA-01552,Hospital A,overfit,0,0,0.1302377,0.13953531
HA-01555,Hospital A,overfit,0,0,0.010211628,0.01026392
HA-01558,Hospital A,overfit,0,1,0.666792,0.40527716
HA-01559,Hospital A,overfit,0,0,0.057503626,0.059223175
HA-01561,Hospital A,overfit,0,1,0.58676946,0.5331232
HA-01563,Hospital A,overfit,0,0,0.19564496,0.21771455
HA-01565,Hospital A,overfit,0,0,0.013698147,0.013792992
HA-01566,Hospital A,overfit,0,0,0.36846763,0.4596061
HA-01567,Hospital A,overfit,0,0,0.14976807,0.16224611
HA-01570,Hospital A,overfit,0,0,0.042231336,0.043148994
HA-01572,Hospital A,overfit,0,0,0.087225065,0.09126592
HA-01577,Hospital A,overfit,0,0,0.1332112,0.14295995
HA-01580,Hospital A,overfit,0,0,0.23054947,0.26207864
HA-01581,Hospital A,overfit,0,1,0.78113884,0.24700233
HA-01585,Hospital A,overfit,0,0,0.06442817,0.06659746
HA-01586,Hospital A,overfit,0,0,0.3351165,0.40814346
HA-01587,Hospital A,overfit,0,0,0.084713385,0.088517904
HA-01588,Hospital A,overfit,0,0,0.9453422,2.9066632
HA-01590,Hospital A,overfit,0,0,0.023597866,0.02388072
HA-01591,Hospital A,overfit,0,0,0.07531953,0.07830715
HA-01593,Hospital A,overfit,0,0,0.074512854,0.07743502
HA-01594,Hospital A,overfit,0,0,0.04096032,0.04182291
HA-01595,Hospital A,overfit,0,0,0.7646919,1.4468596
HA-01597,Hospital A,overfit,0,0,0.08956744,0.093835354
HA-01598,Hospital A,overfit,0,0,0.08287848,0.08651519
HA-01602,Hospital A,overfit,0,0,0.6423913,1.028316
HA-01605,Hospital A,overfit,0,0,0.114511855,0.121616125
HA-01606,Hospital A,overfit,0,1,0.16185838,1.8210335
HA-01607,Hospital A,overfit,0,0,0.10834304,0.11467385
HA-01608,Hospital A,overfit,0,0,0.59491575,0.9036601
HA-01611,Hospital A,overfit,0,0,0.34993082,0.4306764
HA-01614,Hospital A,overfit,0,0,0.43890882,0.5778719
HA-01616,Hospital A,overfit,0,0,0.34750235,0.42694777
HA-01617,Hospital A,overfit,0,1,0.9784928,0.021741865
HA-01618,Hospital A,overfit,0,0,0.18057723,0.19915509
HA-01619,Hospital A,overfit,0,0,0.28122815,0.33021134
HA-01623,Hospital A,overfit,0,0,0.57524997,0.8562544
HA-01625,Hospital A,overfit,0,0,0.05119566,0.0525527
HA-01627,Hospital A,overfit,0,0,0.009941754,0.009991646
HA-01628,Hospital A,overfit,0,0,0.9853351,4.2222996
HA-01632,Hospital A,overfit,0,0,0.03180609,0.032322884
HA-01633,Hospital A,overfit,0,0,0.29115006,0.34411144
HA-01635,Hospital A,overfit,0,0,0.3241929,0.3918476
HA-01641,Hospital A,overfit,0,0,0.010192946,0.010245323
HA-01646,Hospital A,overfit,0,0,0.1649653,0.180282
HA-01654,Hospital A,overfit,0,0,0.054612488,0.05616045
HA-01657,Hospital A,overfit,0,0,0.24399902,0.27971256
HA-01662,Hospital A,overfit,0,0,0.034354977,0.034959078
HA-01665,Hospital A,overfit,0,1,0.6238571,0.471834
HA-01666,Hospital A,overfit,0,0,0.05269375,0.05413294
HA-01667,Hospital A,overfit,0,0,0.6946323,1.1862385
HA-01669,Hospital A,overfit,0,1,0.061092753,2.795362
HA-01670,Hospital A,overfit,0,0,0.078648366,0.08191347
HA-01673,Hospital A,overfit,0,0,0.63522565,1.0084763
HA-01677,Hospital A,overfit,0,0,0.9653058,3.361185
HA-01678,Hospital A,overfit,0,0,0.17781998,0.1957959
HA-01680,Hospital A,overfit,0,0,0.046580605,0.047700405
HA-01687,Hospital A,overfit,0,0,0.083100274,0.08675718
HA-01688,Hospital A,overfit,0,0,0.29154757,0.34467238
HA-01691,Hospital A,overfit,0,0,0.22206177,0.25110817
HA-01694,Hospital A,overfit,0,0,0.091647595,0.09612298
HA-01698,Hospital A,overfit,0,1,0.6866356,0.3759516
HA-01699,Hospital A,overfit,0,1,0.49412715,0.70496243
HA-01704,Hospital A,overfit,0,0,0.085289486,0.08914757
HA-01705,Hospital A,overfit,0,0,0.525991,0.74652904
HA-01706,Hospital A,overfit,0,1,0.9205851,0.0827458
HA-01707,Hospital A,overfit,0,0,0.10250049,0.108142614
HA-01708,Hospital A,overfit,0,0,0.8387933,1.8250679
HA-01709,Hospital A,overfit,0,0,0.13355272,0.14335406
HA-01713,Hospital A,overfit,0,0,0.17844687,0.19655871
HA-01715,Hospital A,overfit,0,1,0.100461185,2.297984
HA-01718,Hospital A,overfit,0,0,0.0260393,0.026384354
HA-01720,Hospital A,overfit,0,0,0.17733082,0.19520116
HA-01721,Hospital A,overfit,0,0,0.41681865,0.5392571
HA-01723,Hospital A,overfit,0,1,0.1103458,2.2041361
HA-01725,Hospital A,overfit,0,0,0.4747115,0.6438077
HA-01731,Hospital A,overfit,0,1,0.80330783,0.21901727
HA-01735,Hospital A,overfit,0,0,0.024708332,0.025018692
HA-01737,Hospital A,overfit,0,0,0.025545727,0.025877714
HA-01738,Hospital A,overfit,0,0,0.1893302,0.20989442
HA-01740,Hospital A,overfit,0,0,0.28169128,0.33085585
HA-01742,Hospital A,overfit,0,0,0.6240856,0.9783938
HA-01743,Hospital A,overfit,0,1,0.9945589,0.0054559093
HA-01744,Hospital A,overfit,0,0,0.029316321,0.029754639
HA-01745,Hospital A,overfit,0,0,0.17216116,0.18893683
HA-01747,Hospital A,overfit,0,0,0.18715489,0.20721471
HA-01748,Hospital A,overfit,0,0,0.2400433,0.2744938
HA-01750,Hospital A,overfit,0,0,0.1162002,0.123524666
HA-01752,Hospital A,overfit,0,0,0.12958854,0.13878918
HA-01753,Hospital A,overfit,0,0,0.1830725,0.20220494
HA-01755,Hospital A,overfit,0,0,0.16506901,0.18040621
HA-01756,Hospital A,overfit,0,1,0.19553536,1.632014
HA-01759,Hospital A,overfit,0,0,0.16032304,0.17473805
HA-01760,Hospital A,overfit,0,1,0.47701693,0.7402034
HA-01761,Hospital A,overfit,0,0,0.13982345,0.1506176
HA-01762,Hospital A,overfit,0,0,0.2205015,0.2491045
HA-01764,Hospital A,overfit,0,0,0.038488235,0.039248466
HA-01768,Hospital A,overfit,0,0,0.6470557,1.041445
HA-01770,Hospital A,overfit,0,0,0.9527075,3.0514045
HA-01771,Hospital A,overfit,0,0,0.26017544,0.30134225
HA-01772,Hospital A,overfit,0,0,0.1080162,0.1143074
HA-01776,Hospital A,overfit,0,0,0.30666456,0.3662414
HA-01777,Hospital A,overfit,0,0,0.12234203,0.13049841
HA-01778,Hospital A,overfit,0,0,0.7495252,1.3843968
HA-01780,Hospital A,overfit,0,0,0.7490928,1.3826723
HA-01782,Hospital A,overfit,0,0,0.07572925,0.07875013
HA-01786,Hospital A,overfit,0,1,0.6511262,0.4290518
HA-01787,Hospital A,overfit,0,0,0.015545289,0.015667439
HA-01790,Hospital A,overfit,0,0,0.31522685,0.37866765
HA-01791,Hospital A,overfit,0,0,0.1295016,0.1386894
HA-01793,Hospital A,overfit,0,0,0.18018322,0.19867444
HA-01796,Hospital A,overfit,0,0,0.35317296,0.43567634
HA-01797,Hospital A,overfit,0,0,0.0021098151,0.0021119118
HA-01799,Hospital A,overfit,0,0,0.09363222,0.09831023
HA-01800,Hospital A,overfit,0,0,0.03795066,0.038689613
HA-01801,Hospital A,overfit,0,0,0.43224552,0.56606615
HA-01805,Hospital A,overfit,0,1,0.18600023,1.6820073
HA-01806,Hospital A,overfit,0,0,0.061729964,0.063717365
HA-01807,Hospital A,overfit,0,1,0.6044312,0.5034675
HA-01809,Hospital A,overfit,0,0,0.039600585,0.04040599
HA-01812,Hospital A,overfit,0,0,0.014172612,0.01427412
HA-01813,Hospital A,overfit,0,0,0.15269084,0.1656897
HA-01814,Hospital A,overfit,0,0,0.30702436,0.36676043
HA-01816,Hospital A,overfit,0,0,0.93410724,2.719727
HA-01817,Hospital A,overfit,0,0,0.48212415,0.6580197
HA-01818,Hospital A,overfit,0,0,0.13551332,0.14561939
HA-01820,Hospital A,overfit,0,1,0.08793688,2.431136
HA-01823,Hospital A,overfit,0,0,0.6495529,1.0485456
HA-01825,Hospital A,overfit,0,0,0.027973602,0.028372288
HA-01826,Hospital A,overfit,0,0,0.5905005,0.8928196
HA-01827,Hospital A,overfit,0,1,0.77718717,0.25207403
HA-01832,Hospital A,overfit,0,0,0.03941338,0.0402112
HA-01834,Hospital A,overfit,0,1,0.5714047,0.5596576
HA-01837,Hospital A,overfit,0,0,0.48052567,0.6549379
HA-01840,Hospital A,overfit,0,0,0.018779742,0.01895833
HA-01841,Hospital A,overfit,0,0,0.014605125,0.0147128105
HA-01844,Hospital A,overfit,0,0,0.05671514,0.05838704
HA-01846,Hospital A,overfit,0,0,0.09126028,0.09569645
HA-01847,Hospital A,overfit,0,0,0.048672244,0.049896717
HA-01848,Hospital A,overfit,0,1,0.14182208,1.953182
HA-01851,Hospital A,overfit,0,1,0.30258512,1.1953926
HA-01852,Hospital A,overfit,0,1,0.048284553,3.0306437
HA-01853,Hospital A,overfit,0,0,0.39238304,0.4982106
HA-01855,Hospital A,overfit,0,1,0.78687704,0.23968326
HA-01857,Hospital A,overfit,0,0,0.41198793,0.53100777
HA-01858,Hospital A,overfit,0,1,0.14429249,1.935913
HA-01859,Hospital A,overfit,0,0,0.26601896,0.30927205
HA-01860,Hospital A,overfit,0,0,0.06184199,0.06383681
HA-01861,Hospital A,overfit,0,0,0.17474377,0.19206142
HA-01862,Hospital A,overfit,0,0,0.02933083,0.029769659
HA-01865,Hospital A,overfit,0,1,0.19995278,1.6096741
HA-01866,Hospital A,overfit,0,0,0.1409587,0.15193832
HA-01867,Hospital A,overfit,0,0,0.25263548,0.2912022
HA-01869,Hospital A,overfit,0,0,0.016837666,0.016981125
HA-01870,Hospital A,overfit,0,0,0.37471724,0.46955132
HA-01871,Hospital A,overfit,0,0,0.32564205,0.3939942
HA-01876,Hospital A,overfit,0,0,0.27689537,0.32420135
HA-01878,Hospital A,overfit,0,0,0.5319603,0.75920224
HA-01879,Hospital A,overfit,0,1,0.9970752,0.0029290784
HA-01881,Hospital A,overfit,0,1,0.63995636,0.44635534
HA-01883,Hospital A,overfit,0,0,0.36144087,0.44854093
HA-01887,Hospital A,overfit,0,0,0.23755786,0.27122867
HA-01888,Hospital A,overfit,0,0,0.4398847,0.5796126
HA-01894,Hospital A,overfit,0,0,0.12511809,0.13366628
HA-01899,Hospital A,overfit,0,0,0.27844742,0.32634997
HA-01902,Hospital A,overfit,0,1,0.0070947316,4.948403
HA-01903,Hospital A,overfit,0,0,0.21791422,0.24579084
HA-01907,Hospital A,overfit,0,0,0.10486674,0.11078262
HA-01908,Hospital A,overfit,0,0,0.023343887,0.023620605
HA-01913,Hospital A,overfit,0,0,0.38703308,0.48944432
HA-01914,Hospital A,overfit,0,0,0.13154104,0.14103496
HA-01919,Hospital A,overfit,0,0,0.10935492,0.1158092
HA-01920,Hospital A,overfit,0,0,0.27546838,0.32222986
HA-01922,Hospital A,overfit,0,0,0.6359741,1.0105304
HA-01923,Hospital A,overfit,0,0,0.023886869,0.024176836
HA-01925,Hospital A,overfit,0,0,0.7174727,1.2639799
HA-01926,Hospital A,overfit,0,0,0.021314505,0.021544933
HA-01927,Hospital A,overfit,0,0,0.84386593,1.85704
HA-01928,Hospital A,overfit,0,1,0.20988443,1.5611982
HA-01935,Hospital A,overfit,0,0,0.014631983,0.01473999
HA-01940,Hospital A,overfit,0,0,0.10898357,0.11539245
HA-01941,Hospital A,overfit,0,0,0.051663227,0.05304551
HA-01944,Hospital A,overfit,0,1,0.02535469,3.6747916
HA-01947,Hospital A,overfit,0,1,0.040150996,3.2151082
HA-01949,Hospital A,overfit,0,0,0.07989371,0.08326602
HA-01951,Hospital A,overfit,0,0,0.15164731,0.16445887
HA-01957,Hospital A,overfit,0,0,0.09722012,0.10227656
HA-01961,Hospital A,overfit,0,0,0.17991093,0.19834232
HA-01962,Hospital A,overfit,0,0,0.02193689,0.022181034
HA-01963,Hospital A,overfit,0,0,0.23897855,0.2730937
HA-01964,Hospital A,overfit,0,1,0.04885799,3.0188375
HA-01965,Hospital A,overfit,0,0,0.0148645425,0.014976025
HA-01966,Hospital A,overfit,0,0,0.31566414,0.37930644
HA-01967,Hospital A,overfit,0,1,0.9795122,0.02070056
HA-01968,Hospital A,overfit,0,0,0.06266277,0.06471205
HA-01969,Hospital A,overfit,0,0,0.032198884,0.032728672
HA-01970,Hospital A,overfit,0,0,0.12738003,0.13625515
HA-01973,Hospital A,overfit,0,0,0.123970024,0.1323551
HA-01974,Hospital A,overfit,0,0,0.46876916,0.6325586
HA-01977,Hospital A,overfit,0,0,0.028045451,0.028446198
HA-01978,Hospital A,overfit,0,0,0.22979854,0.26110315
HA-01979,Hospital A,overfit,0,0,0.572687,0.85023844
HA-01982,Hospital A,overfit,0,0,0.36860365,0.45982146
HA-01984,Hospital A,overfit,0,0,0.4913835,0.676061
HA-01986,Hospital A,overfit,0,1,0.12346174,2.091824
HA-01988,Hospital A,overfit,0,0,0.44449922,0.58788526
HA-01989,Hospital A,overfit,0,0,0.105857424,0.11189008
HA-01990,Hospital A,overfit,0,0,0.08871837,0.092903376
HA-01991,Hospital A,overfit,0,0,0.19186124,0.21302152
HA-01995,Hospital A,overfit,0,0,0.080249496,0.083652735
HA-01996,Hospital A,overfit,0,0,0.14200835,0.15316093
HA-01999,Hospital A,overfit,0,0,0.53340983,0.76230407
HA-02001,Hospital A,overfit,0,0,0.022276314,0.022528172
HA-02005,Hospital A,overfit,0,0,0.014404537,0.014509201
HA-02006,Hospital A,overfit,0,0,0.65767425,1.0719924
HA-02007,Hospital A,overfit,0,0,0.42742404,0.55760986
HA-02009,Hospital A,overfit,0,0,0.011295793,0.011360168
HA-02010,Hospital A,overfit,0,0,0.19716203,0.21960235
HA-02013,Hospital A,overfit,0,1,0.7278215,0.3176994
HA-02015,Hospital A,overfit,0,0,0.27596945,0.32292163
HA-02017,Hospital A,overfit,0,0,0.22055174,0.24916899
HA-02018,Hospital A,overfit,0,0,0.58440024,0.87803257
HA-02021,Hospital A,overfit,0,0,0.43466532,0.57033736
HA-02022,Hospital A,overfit,0,0,0.3955651,0.50346124
HA-02023,Hospital A,overfit,0,0,0.29102856,0.34394002
HA-02024,Hospital A,overfit,0,0,0.06447182,0.06664395
HA-02025,Hospital A,overfit,0,0,0.1686475,0.18470144
HA-02026,Hospital A,overfit,0,0,0.003486963,0.0034928322
HA-02027,Hospital A,overfit,0,0,0.45790914,0.6123217
HA-02028,Hospital A,overfit,0,0,0.014868202,0.014979839
HA-02030,Hospital A,overfit,0,0,0.12275409,0.13096786
HA-02032,Hospital A,overfit,0,0,0.16208506,0.17683864
HA-02034,Hospital A,overfit,0,0,0.2257821,0.25590193
HA-02035,Hospital A,overfit,0,1,0.2811026,1.2690356
HA-02038,Hospital A,overfit,0,0,0.82712626,1.7551941
HA-02039,Hospital A,overfit,0,0,0.28055552,0.32927597
HA-02041,Hospital A,overfit,0,0,0.11444657,0.121542454
HA-02042,Hospital A,overfit,0,0,0.67803884,1.1333244
HA-02047,Hospital A,overfit,0,0,0.18435256,0.20377302
HA-02048,Hospital A,overfit,0,0,0.18217146,0.20110261
HA-02050,Hospital A,overfit,0,0,0.025696404,0.02603221
HA-02052,Hospital A,overfit,0,0,0.0115237385,0.011590481
HA-02055,Hospital A,overfit,0,0,0.18120205,0.19991791
HA-02057,Hospital A,overfit,0,0,0.11832852,0.1259358
HA-02058,Hospital A,overfit,0,0,0.04849094,0.049705982
HA-02059,Hospital A,overfit,0,0,0.24049081,0.27508283
HA-02060,Hospital A,overfit,0,0,0.13879205,0.14941931
HA-02061,Hospital A,overfit,0,0,0.008311851,0.008346558
HA-02063,Hospital A,overfit,0,0,0.01910692,0.019291878
HA-02064,Hospital A,overfit,0,0,0.050616078,0.05194211
HA-02068,Hospital A,overfit,0,0,0.11523778,0.122436285
HA-02070,Hospital A,overfit,0,0,0.1329992,0.14271533
HA-02071,Hospital A,overfit,0,0,0.262138,0.30399847
HA-02073,Hospital A,overfit,0,0,0.102852814,0.10853529
HA-02074,Hospital A,overfit,0,0,0.48745918,0.6683749
HA-02076,Hospital A,overfit,0,0,0.025010325,0.025328398
HA-02078,Hospital A,overfit,0,0,0.39330187,0.4997239
HA-02079,Hospital A,overfit,0,0,0.13245882,0.14209223
HA-02083,Hospital A,overfit,0,0,0.12098346,0.12895155
HA-02084,Hospital A,overfit,0,0,0.18691082,0.20691454
HA-02085,Hospital A,overfit,0,1,0.9121961,0.091900334
HA-02088,Hospital A,overfit,0,0,0.19140013,0.2124511
HA-02089,Hospital A,overfit,0,0,0.40919185,0.52626395
HA-02091,Hospital A,overfit,0,0,0.10660396,0.11272526
HA-02092,Hospital A,overfit,0,0,0.054629955,0.05617881
HA-02094,Hospital A,overfit,0,1,0.02457591,3.7059886
HA-02096,Hospital A,overfit,0,1,0.32640338,1.1196213
HA-02098,Hospital A,overfit,0,0,0.027541706,0.027928114
HA-02101,Hospital A,overfit,0,0,0.110416576,0.11700201
HA-02102,Hospital A,overfit,0,0,0.0112582,0.0113220215
HA-02103,Hospital A,overfit,0,0,0.0066043246,0.006626129
HA-02104,Hospital A,overfit,0,1,0.9289258,0.073726416
HA-02105,Hospital A,overfit,0,0,0.18520872,0.20482326
HA-02107,Hospital A,overfit,0,1,0.14508039,1.9304672
HA-02109,Hospital A,overfit,0,0,0.21789041,0.24576044
HA-02114,Hospital A,overfit,0,0,0.05966228,0.061516285
HA-02116,Hospital A,overfit,0,1,0.16739675,1.7873886
HA-02120,Hospital A,overfit,0,0,0.228495,0.25941217
HA-02121,Hospital A,overfit,0,0,0.042232558,0.043150187
HA-02122,Hospital A,overfit,0,0,0.008777105,0.008815765
HA-02124,Hospital A,overfit,0,0,0.73137426,1.3144361
HA-02125,Hospital A,overfit,0,0,0.40343776,0.5165717
HA-02127,Hospital A,overfit,0,1,0.32682276,1.1183373
HA-02129,Hospital A,overfit,0,1,0.18477122,1.6886368
HA-02130,Hospital A,overfit,0,0,0.7686969,1.4640263
HA-02133,Hospital A,overfit,0,0,0.115327895,0.12253833
HA-02134,Hospital A,overfit,0,0,0.19923657,0.22218978
HA-02138,Hospital A,overfit,0,0,0.2895767,0.34189427
HA-02140,Hospital A,overfit,0,1,0.5405288,0.61520743
HA-02141,Hospital A,overfit,0,0,0.52793634,0.7506414
HA-02143,Hospital A,overfit,0,1,0.47506106,0.744312
HA-02144,Hospital A,overfit,0,0,0.59644556,0.90744376
HA-02145,Hospital A,overfit,0,0,0.048170026,0.04936886
HA-02147,Hospital A,overfit,0,0,0.808914,1.6550317
HA-02148,Hospital A,overfit,0,0,0.45158482,0.6007227
HA-02149,Hospital A,overfit,0,0,0.2721036,0.31759655
HA-02150,Hospital A,overfit,0,0,0.042198166,0.043114424
HA-02152,Hospital A,overfit,0,0,0.48268497,0.6591033
HA-02153,Hospital A,overfit,0,0,0.9959811,5.516736
HA-02156,Hospital A,overfit,0,0,0.48899382,0.6713736
HA-02157,Hospital A,overfit,0,0,0.04943691,0.050700665
HA-02159,Hospital A,overfit,0,1,0.29529595,1.2197772
HA-02160,Hospital A,overfit,0,0,0.30705366,0.36680275
HA-02162,Hospital A,overfit,0,0,0.021424236,0.02165699
HA-02163,Hospital A,overfit,0,0,0.50666416,0.7065651
HA-02164,Hospital A,overfit,0,0,0.10296685,0.10866237
HA-02166,Hospital A,overfit,0,0,0.20828407,0.23355258
HA-02170,Hospital A,overfit,0,0,0.3312637,0.40236545
HA-02172,Hospital A,overfit,0,1,0.07601772,2.576789
HA-02174,Hospital A,overfit,0,0,0.018210065,0.01837778
HA-02178,Hospital A,overfit,0,1,0.60261744,0.50647277
HA-02179,Hospital A,overfit,0,1,0.4829964,0.7277461
HA-02180,Hospital A,overfit,0,0,0.15778352,0.17171824
HA-02184,Hospital A,overfit,0,0,0.031745546,0.032260418
HA-02185,Hospital A,overfit,0,0,0.2271692,0.2576952
HA-02186,Hospital A,overfit,0,0,0.038611118,0.03937626
HA-02187,Hospital A,overfit,0,0,0.5008467,0.6948419
HA-02189,Hospital A,overfit,0,0,0.45241606,0.6022396
HA-02193,Hospital A,overfit,0,1,0.06388746,2.750632
HA-02196,Hospital A,overfit,0,0,0.028175456,0.02857995
HA-02200,Hospital A,overfit,0,0,0.13062719,0.1399833
HA-02201,Hospital A,overfit,0,0,0.6112232,0.9447498
HA-02204,Hospital A,overfit,0,0,0.42264494,0.54929787
HA-02205,Hospital A,overfit,0,0,0.36593768,0.45560807
HA-02208,Hospital A,overfit,0,0,0.29123902,0.34423697
HA-02210,Hospital A,overfit,0,0,0.17173727,0.18842483
HA-02212,Hospital A,overfit,0,0,0.5370453,0.77012604
HA-02214,Hospital A,overfit,0,0,0.23335718,0.26573431
HA-02217,Hospital A,overfit,0,0,0.31754696,0.3820616
HA-02218,Hospital A,overfit,0,0,0.20899372,0.23444939
HA-02219,Hospital A,overfit,0,0,0.08571004,0.08960748
HA-02220,Hospital A,overfit,0,0,0.013659456,0.013753414
HA-02227,Hospital A,overfit,0,0,0.62144953,0.97140586
HA-02228,Hospital A,overfit,0,0,0.06331314,0.06540632
HA-02229,Hospital A,overfit,0,0,0.40031558,0.51135176
HA-02231,Hospital A,overfit,0,0,0.46995133,0.6347865
HA-02232,Hospital A,overfit,0,0,0.033914723,0.03450322
HA-02234,Hospital A,overfit,0,1,0.17031333,1.7701154
HA-02236,Hospital A,overfit,0,0,0.26749295,0.31128228
HA-02237,Hospital A,overfit,0,0,0.55208886,0.8031603
HA-02239,Hospital A,overfit,0,0,0.15384862,0.16705704
HA-02243,Hospital A,overfit,0,0,0.0207902,0.021009445
HA-02244,Hospital A,overfit,0,1,0.49637374,0.70042616
HA-02245,Hospital A,overfit,0,0,0.05503185,0.056604147
HA-02246,Hospital A,overfit,0,0,0.084876925,0.08869672
HA-02247,Hospital A,overfit,0,0,0.007043703,0.007068634
HA-02249,Hospital A,overfit,0,0,0.17103754,0.18758047
HA-02252,Hospital A,overfit,0,1,0.01143419,4.471147
HA-02256,Hospital A,overfit,0,0,0.17594253,0.19351506
HA-02259,Hospital A,overfit,0,0,0.23435938,0.2670424
HA-02261,Hospital A,overfit,0,1,0.19899355,1.6144829
HA-02262,Hospital A,overfit,0,0,0.05536373,0.056955338
HA-02265,Hospital A,overfit,0,0,0.3813912,0.48028225
HA-02266,Hospital A,overfit,0,0,0.19313139,0.21459448
HA-02268,Hospital A,overfit,0,0,0.08187634,0.08542323
HA-02269,Hospital A,overfit,0,0,0.9740461,3.6514325
HA-02271,Hospital A,overfit,0,0,0.24161878,0.27656913
HA-02272,Hospital A,overfit,0,0,0.08555665,0.08943987
HA-02274,Hospital A,overfit,0,0,0.020291481,0.020500183
HA-02278,Hospital A,overfit,0,0,0.8649733,2.0022829
HA-02279,Hospital A,overfit,0,0,0.11133182,0.11803126
HA-02281,Hospital A,overfit,0,0,0.21328188,0.23988533
HA-02282,Hospital A,overfit,0,1,0.673338,0.39550778
HA-02284,Hospital A,overfit,0,0,0.42030117,0.5452466
HA-02285,Hospital A,overfit,0,0,0.1982608,0.22097194
HA-02286,Hospital A,overfit,0,0,0.69132364,1.1754619
HA-02288,Hospital A,overfit,0,1,0.25226146,1.377289
HA-02289,Hospital A,overfit,0,1,0.18368647,1.694525
HA-02292,Hospital A,overfit,0,1,0.98778105,0.01229426
HA-02294,Hospital A,overfit,0,1,0.47351885,0.74756354
HA-02295,Hospital A,overfit,0,0,0.9717226,3.5656905
HA-02296,Hospital A,overfit,0,0,0.354264,0.43736446
HA-02298,Hospital A,overfit,0,0,0.0544195,0.055956364
HA-02299,Hospital A,overfit,0,0,0.09899215,0.10424137
HA-02301,Hospital A,overfit,0,1,0.9945911,0.0054236385
HA-02302,Hospital A,overfit,0,0,0.03718827,0.03789735
HA-02303,Hospital A,overfit,0,0,0.08632233,0.09027743
HA-02305,Hospital A,overfit,0,0,0.483644,0.6609588
HA-02306,Hospital A,overfit,0,0,0.010870165,0.0109295845
HA-02308,Hospital A,overfit,0,1,0.7028837,0.3525638
HA-02310,Hospital A,overfit,0,0,0.08813216,0.09226012
HA-02311,Hospital A,overfit,0,0,0.63346016,1.003648
HA-02313,Hospital A,overfit,0,1,0.5452747,0.6064656
HA-02314,Hospital A,overfit,0,0,0.4108204,0.5290242
HA-02315,Hospital A,overfit,0,0,0.01876385,0.018942118
HA-02317,Hospital A,overfit,0,0,0.5007122,0.6945727
HA-02318,Hospital A,overfit,0,1,0.25946364,1.3491387
HA-02323,Hospital A,overfit,0,1,0.8562746,0.1551642
HA-02325,Hospital A,overfit,0,0,0.019501118,0.019693851
HA-02331,Hospital A,overfit,0,0,0.16954216,0.18577814
HA-02332,Hospital A,overfit,0,0,0.10325036,0.10897851
HA-02334,Hospital A,overfit,0,0,0.44649848,0.5914908
HA-02335,Hospital A,overfit,0,0,0.010385516,0.010439873
HA-02337,Hospital A,overfit,0,0,0.87479913,2.0778363
HA-02338,Hospital A,overfit,0,0,0.1521576,0.16506052
HA-02340,Hospital A,overfit,0,0,0.67313266,1.1182008
HA-02342,Hospital A,overfit,0,0,0.1288887,0.13798559
HA-02346,Hospital A,overfit,0,0,0.7306469,1.311732
HA-02349,Hospital A,overfit,0,0,0.5682483,0.83990455
HA-02353,Hospital A,overfit,0,0,0.8459934,1.8707596
HA-02358,Hospital A,overfit,0,1,0.030253587,3.4981406
HA-02359,Hospital A,overfit,0,0,0.24691807,0.28358126
HA-02362,Hospital A,overfit,0,0,0.06555118,0.067798376
HA-02367,Hospital A,overfit,0,1,0.9823283,0.017829726
HA-02368,Hospital A,overfit,0,0,0.07826696,0.08149958
HA-02369,Hospital A,overfit,0,0,0.2243387,0.2540393
HA-02371,Hospital A,overfit,0,0,0.4647348,0.62499297
HA-02376,Hospital A,overfit,0,0,0.0067164614,0.0067391396
HA-02377,Hospital A,overfit,0,0,0.0950545,0.09988046
HA-02378,Hospital A,overfit,0,0,0.41490254,0.5359768
HA-02383,Hospital A,overfit,0,0,0.057645544,0.059373856
HA-02385,Hospital A,overfit,0,0,0.44385573,0.58672756
HA-02387,Hospital A,overfit,0,0,0.11176411,0.118517876
HA-02389,Hospital A,overfit,0,0,0.1210468,0.12902355
HA-02392,Hospital A,overfit,0,0,0.61477464,0.9539268
HA-02394,Hospital A,overfit,0,1,0.28285092,1.2628353
HA-02395,Hospital A,overfit,0,0,0.24199177,0.2770611
HA-02402,Hospital A,overfit,0,0,0.0067365607,0.0067591667
HA-02403,Hospital A,overfit,0,0,0.4561736,0.6091252
HA-02407,Hospital A,overfit,0,0,0.0646045,0.06678581
HA-02408,Hospital A,overfit,0,0,0.31484658,0.3781125
HA-02410,Hospital A,overfit,0,1,0.5917225,0.5247175
HA-02412,Hospital A,overfit,0,0,0.9694186,3.487365
HA-02413,Hospital A,overfit,0,0,0.101495065,0.107023
HA-02418,Hospital A,overfit,0,0,0.032602113,0.033145428
HA-02420,Hospital A,overfit,0,0,0.26323104,0.30548096
HA-02421,Hospital A,overfit,0,0,0.027572315,0.027959585
HA-02422,Hospital A,overfit,0,0,0.025372485,0.025699854
HA-02428,Hospital A,overfit,0,0,0.740005,1.3470929
HA-02429,Hospital A,overfit,0,0,0.13257945,0.14223135
HA-02430,Hospital A,overfit,0,0,0.46891972,0.6328421
HA-02431,Hospital A,overfit,0,0,0.119352005,0.12709725
HA-02432,Hospital A,overfit,0,0,0.3265518,0.39534414
HA-02433,Hospital A,overfit,0,0,0.03858241,0.039346457
HA-02434,Hospital A,overfit,0,0,0.50415474,0.7014914
HA-02436,Hospital A,overfit,0,0,0.13913004,0.14981186
HA-02437,Hospital A,overfit,0,0,0.009471472,0.009516716
HA-02439,Hospital A,overfit,0,0,0.61859316,0.9638887
HA-02445,Hospital A,overfit,0,0,0.048518725,0.049735308
HA-02447,Hospital A,overfit,0,0,0.87382823,2.0701113
HA-02448,Hospital A,overfit,0,0,0.18569435,0.20541954
HA-02449,Hospital A,overfit,0,0,0.14255203,0.15379477
HA-02450,Hospital A,overfit,0,0,0.6910471,1.1745663
HA-02456,Hospital A,overfit,0,0,0.065639146,0.06789255
HA-02457,Hospital A,overfit,0,0,0.9830257,4.076055
HA-02460,Hospital A,overfit,0,0,0.3827377,0.4824612
HA-02462,Hospital A,overfit,0,0,0.04146124,0.042345285
HA-02466,Hospital A,overfit,0,0,0.075587004,0.07859635
HA-02470,Hospital A,overfit,0,0,0.11404924,0.12109399
HA-02471,Hospital A,overfit,0,1,0.14487217,1.9319034
HA-02473,Hospital A,overfit,0,0,0.06493178,0.06713581
HA-02474,Hospital A,overfit,0,0,0.446083,0.59074044
HA-02475,Hospital A,overfit,0,0,0.02667084,0.027032852
HA-02477,Hospital A,overfit,0,0,0.25455263,0.2937708
HA-02482,Hospital A,overfit,0,0,0.033430308,0.034001827
HA-02485,Hospital A,overfit,0,0,0.24841203,0.28556705
HA-02486,Hospital A,overfit,0,0,0.16011412,0.17448926
HA-02487,Hospital A,overfit,0,0,0.07610362,0.079155445
HA-02488,Hospital A,overfit,0,0,0.32078463,0.38681704
HA-02490,Hospital A,overfit,0,0,0.12355862,0.13188541
HA-02492,Hospital A,overfit,0,1,0.8365291,0.17849399
HA-02495,Hospital A,overfit,0,0,0.58088136,0.86960125
HA-02496,Hospital A,overfit,0,1,0.96323097,0.037462004
HA-02498,Hospital A,overfit,0,0,0.101536945,0.10706973
HA-02499,Hospital A,overfit,0,0,0.08623102,0.090177536
HA-02500,Hospital A,overfit,0,0,0.619201,0.96548355
HA-02501,Hospital A,overfit,0,0,0.04182038,0.04272008
HA-02505,Hospital A,overfit,0,0,0.33263963,0.40442508
HA-02509,Hospital A,overfit,0,0,0.9928803,4.94488
HA-02510,Hospital A,overfit,0,1,0.3242547,1.1262261
HA-02511,Hospital A,overfit,0,1,0.37912726,0.9698833
HA-02513,Hospital A,overfit,0,0,0.32570907,0.39409363
HA-02514,Hospital A,overfit,0,0,0.13483633,0.14483654
HA-02517,Hospital A,overfit,0,1,0.230564,1.4672269
HA-02518,Hospital A,overfit,0,0,0.51525027,0.72412246
HA-02520,Hospital A,overfit,0,0,0.09484338,0.09964728
HA-02521,Hospital A,overfit,0,1,0.6852549,0.3779644
HA-02525,Hospital A,overfit,0,0,0.59918517,0.9142558
HA-02527,Hospital A,overfit,0,0,0.46907884,0.6331418
HA-02530,Hospital A,overfit,0,0,0.05047638,0.051794767
HA-02531,Hospital A,overfit,0,0,0.1465456,0.15846312
HA-02532,Hospital A,overfit,0,0,0.0474152,0.048576117
HA-02533,Hospital A,overfit,0,0,0.24487591,0.28087318
HA-02534,Hospital A,overfit,0,0,0.44384497,0.5867082
HA-02535,Hospital A,overfit,0,1,0.68947196,0.3718293
HA-02536,Hospital A,overfit,0,1,0.5890072,0.5293169
HA-02537,Hospital A,overfit,0,0,0.008976274,0.009016991
HA-02538,Hospital A,overfit,0,0,0.04115196,0.042022705
HA-02540,Hospital A,overfit,0,1,0.13007383,2.039653
HA-02541,Hospital A,overfit,0,0,0.077285856,0.08043575
HA-02543,Hospital A,overfit,0,0,0.5588751,0.81842715
HA-02545,Hospital A,overfit,0,0,0.71179914,1.2440977
HA-02546,Hospital A,overfit,0,0,0.3313578,0.40250617
HA-02548,Hospital A,overfit,0,0,0.4855942,0.6647429
HA-02550,Hospital A,overfit,0,0,0.27911893,0.32728112
HA-02556,Hospital A,overfit,0,0,0.042307574,0.043228626
HA-02557,Hospital A,overfit,0,0,0.12446925,0.13292491
HA-02558,Hospital A,overfit,0,0,0.34036797,0.41607308
HA-02561,Hospital A,overfit,0,1,0.02099702,3.863375
HA-02563,Hospital A,overfit,0,0,0.79987264,1.608801
HA-02564,Hospital A,overfit,0,0,0.29975346,0.35632277
HA-02565,Hospital A,overfit,0,0,0.5626469,0.8270145
HA-02566,Hospital A,overfit,0,0,0.42980108,0.56177
HA-02567,Hospital A,overfit,0,0,0.27570397,0.32255512
HA-02568,Hospital A,overfit,0,0,0.122027844,0.1301403
HA-02569,Hospital A,overfit,0,0,0.045850813,0.04693532
HA-02571,Hospital A,overfit,0,0,0.2852125,0.33577
HA-02574,Hospital A,overfit,0,0,0.16118798,0.17576861
HA-02576,Hospital A,overfit,0,1,0.20828222,1.5688612
HA-02580,Hospital A,overfit,0,0,0.2787361,0.32675016
HA-02581,Hospital A,overfit,0,0,0.2259157,0.25607455
HA-02582,Hospital A,overfit,0,0,0.17958193,0.19794118
HA-02583,Hospital A,overfit,0,0,0.16076808,0.17526817
HA-02585,Hospital A,overfit,0,0,0.2584421,0.29900205
HA-02586,Hospital A,overfit,0,0,0.13284507,0.14253771
HA-02587,Hospital A,overfit,0,0,0.8212245,1.7216247
HA-02589,Hospital A,overfit,0,0,0.2579305,0.2983123
HA-02590,Hospital A,overfit,0,0,0.017329166,0.01748085
HA-02591,Hospital A,overfit,0,0,0.22730617,0.25787246
HA-02592,Hospital A,overfit,0,1,0.6613524,0.41346842
HA-02593,Hospital A,overfit,0,0,0.10735412,0.113565445
HA-02597,Hospital A,overfit,0,0,0.7419084,1.3544405
HA-02598,Hospital A,overfit,0,0,0.4591105,0.6145402
HA-02603,Hospital A,overfit,0,0,0.019613406,0.019808292
HA-02605,Hospital A,overfit,0,0,0.97914654,3.870235
HA-02609,Hospital A,overfit,0,1,0.4071635,0.8985405
HA-02610,Hospital A,overfit,0,0,0.044829577,0.045865536
HA-02616,Hospital A,overfit,0,0,0.9083942,2.3902607
HA-02617,Hospital A,overfit,0,0,0.8309508,1.7775654
HA-02618,Hospital A,overfit,0,0,0.6792899,1.1372178
HA-02619,Hospital A,overfit,0,1,0.2978306,1.2112304
HA-02620,Hospital A,overfit,0,0,0.6614924,1.0832087
HA-02626,Hospital A,overfit,0,0,0.3761875,0.4719054
HA-02629,Hospital A,overfit,0,0,0.7858605,1.5411277
HA-02631,Hospital A,overfit,0,0,0.48255673,0.65885544
HA-02633,Hospital A,overfit,0,1,0.057791084,2.850921
HA-02634,Hospital A,overfit,0,0,0.09454426,0.099316835
HA-02635,Hospital A,overfit,0,0,0.34647506,0.4253745
HA-02636,Hospital A,overfit,0,0,0.20782812,0.23297691
HA-02640,Hospital A,overfit,0,0,0.5890412,0.88926214
HA-02641,Hospital A,overfit,0,1,0.8118818,0.20840053
HA-02643,Hospital A,overfit,0,0,0.055421904,0.05701685
HA-02647,Hospital A,overfit,0,0,0.9414549,2.8379579
HA-02648,Hospital A,overfit,0,1,0.2219963,1.5050945
HA-02650,Hospital A,overfit,0,0,0.10764578,0.11389208
HA-02651,Hospital A,overfit,0,0,0.06296609,0.06503582
HA-02654,Hospital A,overfit,0,0,0.058107436,0.059864044
HA-02656,Hospital A,overfit,0,0,0.37727803,0.47365516
HA-02657,Hospital A,overfit,0,0,0.01368418,0.0137786865
HA-02660,Hospital A,overfit,0,0,0.21558262,0.24281406
HA-02663,Hospital A,overfit,0,0,0.014181662,0.01428318
HA-02665,Hospital A,overfit,0,0,0.18497257,0.20453346
HA-02666,Hospital A,overfit,0,0,0.056479096,0.0581367
HA-02667,Hospital A,overfit,0,0,0.021569202,0.021805286
HA-02668,Hospital A,overfit,0,0,0.4294909,0.56122607
HA-02674,Hospital A,overfit,0,0,0.06364141,0.0657568
HA-02675,Hospital A,overfit,0,1,0.46248344,0.77114445
HA-02676,Hospital A,overfit,0,0,0.07715646,0.08029556
HA-02679,Hospital A,overfit,0,0,0.030215949,0.030681849
HA-02680,Hospital A,overfit,0,1,0.49961346,0.6939205
HA-02681,Hospital A,overfit,0,0,0.3948334,0.50225145
HA-02683,Hospital A,overfit,0,0,0.0875527,0.091624975
HA-02684,Hospital A,overfit,0,0,0.1118641,0.11863041
HA-02685,Hospital A,overfit,0,0,0.114452325,0.12154889
HA-02689,Hospital A,overfit,0,0,0.60110736,0.9190629
HA-02690,Hospital A,overfit,0,0,0.13550957,0.14561498
HA-02692,Hospital A,overfit,0,0,0.05061948,0.051945686
HA-02694,Hospital A,overfit,0,0,0.011656372,0.011724949
HA-02695,Hospital A,overfit,0,1,0.98394567,0.016184615
HA-02696,Hospital A,overfit,0,0,0.069265924,0.071781635
HA-02697,Hospital A,overfit,0,0,0.16301937,0.17795432
HA-02699,Hospital A,overfit,0,1,0.4840294,0.72560966
HA-02702,Hospital A,overfit,0,0,0.21932368,0.24759471
HA-02704,Hospital A,overfit,0,0,0.35894877,0.44464594
HA-02707,Hospital A,overfit,0,0,0.093310684,0.097955465
HA-02710,Hospital A,overfit,0,0,0.47083557,0.6364561
HA-02714,Hospital A,overfit,0,0,0.018808778,0.018987894
HA-02715,Hospital A,overfit,0,0,0.2811854,0.3301518
HA-02716,Hospital A,overfit,0,0,0.02957167,0.030017614
HA-02717,Hospital A,overfit,0,0,0.43186727,0.56540024
HA-02719,Hospital A,overfit,0,0,0.7696024,1.4679489
HA-02721,Hospital A,overfit,0,1,0.02496171,3.6904123
HA-02722,Hospital A,overfit,0,0,0.54413897,0.7855673
HA-02723,Hospital A,overfit,0,1,0.46442965,0.76694524
HA-02724,Hospital A,overfit,0,0,0.0408587,0.041716814
HA-02726,Hospital A,overfit,0,0,0.2722981,0.31786376
HA-02728,Hospital A,overfit,0,0,0.20863998,0.23400223
HA-02729,Hospital A,overfit,0,0,0.56569624,0.8340112
HA-02730,Hospital A,overfit,0,0,0.4496238,0.5971532
HA-02731,Hospital A,overfit,0,0,0.010417636,0.010472298
HA-02732,Hospital A,overfit,0,0,0.6201491,0.9679765
HA-02735,Hospital A,overfit,0,0,0.053185303,0.054651976
HA-02742,Hospital A,overfit,0,0,0.92151153,2.5448039
HA-02745,Hospital A,overfit,0,0,0.13381873,0.14366102
HA-02747,Hospital A,overfit,0,1,0.55887103,0.5818366
HA-02749,Hospital A,overfit,0,1,0.9855137,0.014592195
HA-02751,Hospital A,overfit,0,0,0.086265914,0.09021568
HA-02752,Hospital A,overfit,0,0,0.44113523,0.5818477
HA-02753,Hospital A,overfit,0,0,0.1558808,0.16946161
HA-02755,Hospital A,overfit,0,0,0.14924236,0.16162801
HA-02756,Hospital A,overfit,0,1,0.14064513,1.9615153
HA-02759,Hospital A,overfit,0,0,0.6460177,1.0385083
HA-02760,Hospital A,overfit,0,0,0.010703928,0.010761738
HA-02761,Hospital A,overfit,0,0,0.21384953,0.24060702
HA-02764,Hospital A,overfit,0,0,0.66696244,1.0995001
HA-02766,Hospital A,overfit,0,1,0.06617677,2.7154257
HA-02768,Hospital A,overfit,0,0,0.18096763,0.19963169
HA-02770,Hospital A,overfit,0,0,0.054875195,0.056438208
HA-02773,Hospital A,overfit,0,0,0.16347441,0.17849815
HA-02775,Hospital A,overfit,0,1,0.049506262,3.005656
HA-02776,Hospital A,overfit,0,0,0.28913435,0.34127188
HA-02777,Hospital A,overfit,0,0,0.041254207,0.04212928
HA-02778,Hospital A,overfit,0,0,0.036655877,0.037344694
HA-02780,Hospital A,overfit,0,0,0.32830772,0.397955
HA-02781,Hospital A,overfit,0,0,0.9152204,2.4677
HA-02782,Hospital A,overfit,0,0,0.116353,0.12369752
HA-02784,Hospital A,overfit,0,0,0.78611565,1.5423199
HA-02785,Hospital A,overfit,0,0,0.5470463,0.7919653
HA-02786,Hospital A,overfit,0,0,0.23265927,0.26482427
HA-02787,Hospital A,overfit,0,1,0.12420334,2.0858352
HA-02788,Hospital A,overfit,0,0,0.07040354,0.07300472
HA-02789,Hospital A,overfit,0,0,0.023741322,0.024027586
HA-02791,Hospital A,overfit,0,1,0.5700797,0.5619791
HA-02792,Hospital A,overfit,0,0,0.29050946,0.34320807
HA-02794,Hospital A,overfit,0,0,0.5918305,0.8960726
HA-02796,Hospital A,overfit,0,0,0.90331006,2.3362463
HA-02797,Hospital A,overfit,0,0,0.26790118,0.3118397
HA-02801,Hospital A,overfit,0,0,0.027651545,0.028041124
HA-02802,Hospital A,overfit,0,1,1.0,6.706344e-10
HA-02804,Hospital A,overfit,0,0,0.14403169,0.15552199
HA-02806,Hospital A,overfit,0,0,0.16810419,0.18404806
HA-02807,Hospital A,overfit,0,0,0.6011542,0.91918033
HA-02808,Hospital A,overfit,0,0,0.06339056,0.065488815
HA-02809,Hospital A,overfit,0,0,0.07324096,0.076061726
HA-02811,Hospital A,overfit,0,0,0.35674357,0.44121182
HA-02817,Hospital A,overfit,0,1,0.123441435,2.0919883
HA-02818,Hospital A,overfit,0,1,0.65278697,0.42650443
HA-02821,Hospital A,overfit,0,0,0.06860725,0.07107425
HA-02823,Hospital A,overfit,0,0,0.36143792,0.44853634
HA-02826,Hospital A,overfit,0,0,0.13271727,0.14239013
HA-02827,Hospital A,overfit,0,0,0.7791676,1.5103512
HA-02831,Hospital A,overfit,0,0,0.3454807,0.42385423
HA-02832,Hospital A,overfit,0,0,0.92147034,2.5442786
HA-02833,Hospital A,overfit,0,0,0.9262734,2.6073916
HA-02834,Hospital A,overfit,0,0,0.100879245,0.106338024
HA-02835,Hospital A,overfit,0,1,0.23154902,1.4629636
HA-02837,Hospital A,overfit,0,0,0.073138595,0.07595134
HA-02839,Hospital A,overfit,0,0,0.6368019,1.0128069
HA-02840,Hospital A,overfit,0,0,0.11464014,0.12176108
HA-02845,Hospital A,overfit,0,0,0.7331343,1.3210098
HA-02847,Hospital A,overfit,0,1,0.25382,1.3711299
HA-02849,Hospital A,overfit,0,1,0.3534251,1.0400836
HA-02851,Hospital A,overfit,0,0,0.09412658,0.098855734
HA-02852,Hospital A,overfit,0,0,0.58349705,0.87586176
HA-02853,Hospital A,overfit,0,0,0.8205018,1.7175901
HA-02855,Hospital A,overfit,0,0,0.07151693,0.07420325
HA-02856,Hospital A,overfit,0,0,0.23828137,0.27217805
HA-02858,Hospital A,overfit,0,0,0.4182803,0.5417666
HA-02860,Hospital A,overfit,0,0,0.9873771,4.3722477
HA-02861,Hospital A,overfit,0,0,0.11084808,0.11748719
HA-02865,Hospital A,overfit,0,0,0.013250924,0.0133395195
HA-02867,Hospital A,overfit,0,0,0.57497185,0.8555998
HA-02868,Hospital A,overfit,0,0,0.35978988,0.44595885
HA-02870,Hospital A,overfit,0,1,0.605939,0.50097597
HA-02871,Hospital A,overfit,0,0,0.16285145,0.1777538
HA-02872,Hospital A,overfit,0,1,0.020651963,3.879945
HA-02873,Hospital A,overfit,0,1,0.059990164,2.8135746
HA-02875,Hospital A,overfit,0,0,0.28737724,0.3388031
HA-02876,Hospital A,overfit,0,0,0.008385142,0.008420467
HA-02878,Hospital A,overfit,0,0,0.19040617,0.21122265
HA-02881,Hospital A,overfit,0,1,0.061532266,2.7881937
HA-02883,Hospital A,overfit,0,0,0.07396776,0.07684636
HA-02884,Hospital A,overfit,0,0,0.20554595,0.23010015
HA-02886,Hospital A,overfit,0,0,0.5287861,0.75244313
HA-02888,Hospital A,overfit,0,0,0.29367104,0.34767425
HA-02891,Hospital A,overfit,0,0,0.09776807,0.10288358
HA-02894,Hospital A,overfit,0,1,0.05885049,2.832755
HA-02898,Hospital A,overfit,0,1,0.9943843,0.0056314766
HA-02899,Hospital A,overfit,0,0,0.022075884,0.022323132
HA-02901,Hospital A,overfit,0,0,0.9853448,4.2229605
HA-02905,Hospital A,overfit,0,0,0.27940583,0.32767922
HA-02906,Hospital A,overfit,0,0,0.049049355,0.050293207
HA-02908,Hospital A,overfit,0,0,0.057556074,0.059278965
HA-02910,Hospital A,overfit,0,0,0.7597105,1.425911
HA-02913,Hospital A,overfit,0,0,0.011928873,0.012000561
HA-02918,Hospital A,overfit,0,1,0.405877,0.90170515
HA-02920,Hospital A,overfit,0,0,0.64478624,1.0350354
HA-02921,Hospital A,overfit,0,1,0.24915072,1.3896972
HA-02924,Hospital A,overfit,0,0,0.04177473,0.042672396
HA-02925,Hospital A,overfit,0,0,0.16513318,0.1804831
HA-02926,Hospital A,overfit,0,0,0.26559755,0.30869806
HA-02927,Hospital A,overfit,0,0,0.9993445,7.3301134
HA-02928,Hospital A,overfit,0,0,0.18484133,0.20437253
HA-02929,Hospital A,overfit,0,1,0.10765011,2.228869
HA-02930,Hospital A,overfit,0,0,0.35610786,0.440224
HA-02932,Hospital A,overfit,0,0,0.36351088,0.4517879
HA-02933,Hospital A,overfit,0,0,0.53808093,0.7723656
HA-02936,Hospital A,overfit,0,0,0.027475437,0.027859926
HA-02941,Hospital A,overfit,0,0,0.48880252,0.6709993
HA-02944,Hospital A,overfit,0,0,0.29585826,0.3507756
HA-02945,Hospital A,overfit,0,0,0.027041554,0.027413845
HA-02947,Hospital A,overfit,0,0,0.3270422,0.3960727
HA-02949,Hospital A,overfit,0,0,0.24268216,0.27797222
HA-02950,Hospital A,overfit,0,0,0.20858876,0.2339375
HA-02951,Hospital A,overfit,0,0,0.07037371,0.072972536
HA-02953,Hospital A,overfit,0,0,0.06514603,0.06736493
HA-02955,Hospital A,overfit,0,0,0.30446443,0.3630731
HA-02956,Hospital A,overfit,0,0,0.6543389,1.0622965
HA-02958,Hospital A,overfit,0,0,0.09092231,0.095324755
HA-02960,Hospital A,overfit,0,0,0.27415952,0.32042503
HA-02964,Hospital A,overfit,0,1,0.8196809,0.19884011
HA-02965,Hospital A,overfit,0,0,0.028060166,0.028461456
HA-02967,Hospital A,overfit,0,0,0.4198789,0.5445184
HA-02971,Hospital A,overfit,0,0,0.2632181,0.30546343
HA-02975,Hospital A,overfit,0,0,0.7883434,1.5527902
HA-02976,Hospital A,overfit,0,0,0.08643003,0.09039521
HA-02977,Hospital A,overfit,0,0,0.72300714,1.2837636
HA-02979,Hospital A,overfit,0,0,0.14912595,0.16149116
HA-02980,Hospital A,overfit,0,0,0.7105394,1.2397361
HA-02981,Hospital A,overfit,0,0,0.044798568,0.04583311
HA-02982,Hospital A,overfit,0,0,0.20454408,0.22883987
HA-02983,Hospital A,overfit,0,0,0.075761676,0.07878542
HA-02984,Hospital A,overfit,0,0,0.034911204,0.035535097
HA-02985,Hospital A,overfit,0,0,0.065438755,0.06767821
HA-02987,Hospital A,overfit,0,0,0.10358365,0.109350204
HA-02990,Hospital A,overfit,0,0,0.2575268,0.29776847
HA-02991,Hospital A,overfit,0,0,0.6827779,1.1481532
HA-02992,Hospital A,overfit,0,0,0.49119496,0.6756904
HA-02993,Hospital A,overfit,0,0,0.025190448,0.025513172
HA-02997,Hospital A,overfit,0,0,0.6496024,1.0486869
HA-02998,Hospital A,overfit,0,0,0.26198784,0.30379498
HB-00004,Hospital B,overfit,0,1,0.0007500398,7.1953845
HB-00005,Hospital B,overfit,0,0,0.28557178,0.33627278
HB-00010,Hospital B,overfit,0,0,0.40057096,0.5117777
HB-00012,Hospital B,overfit,0,0,0.19232488,0.21359539
HB-00013,Hospital B,overfit,0,0,0.6485448,1.0456731
HB-00014,Hospital B,overfit,0,0,0.9184832,2.506946
HB-00015,Hospital B,overfit,0,1,0.96047,0.040332507
HB-00018,Hospital B,overfit,0,1,0.5802156,0.5443556
HB-00020,Hospital B,overfit,0,1,0.9999621,3.7952603e-05
HB-00021,Hospital B,overfit,0,0,0.30322742,0.36129618
HB-00022,Hospital B,overfit,0,0,0.8988098,2.2907534
HB-00024,Hospital B,overfit,0,0,0.6748734,1.1235408
HB-00026,Hospital B,overfit,0,1,0.4740415,0.7464603
HB-00027,Hospital B,overfit,0,1,1.0,1.769283e-10
HB-00029,Hospital B,overfit,0,1,1.0,1.0192329e-12
HB-00030,Hospital B,overfit,0,0,0.60091174,0.9185728
HB-00031,Hospital B,overfit,0,1,0.30540693,1.1861101
HB-00033,Hospital B,overfit,0,1,0.95811135,0.042791225
HB-00034,Hospital B,overfit,0,1,0.745128,0.29419932
HB-00037,Hospital B,overfit,0,1,0.67568374,0.39203015
HB-00038,Hospital B,overfit,0,0,0.025620406,0.025954247
HB-00041,Hospital B,overfit,0,0,0.7701131,1.4701678
HB-00042,Hospital B,overfit,0,0,0.19610427,0.21828568
HB-00044,Hospital B,overfit,0,0,0.33232486,0.40395355
HB-00045,Hospital B,overfit,0,0,0.3636729,0.45204252
HB-00046,Hospital B,overfit,0,0,0.6151809,0.9549819
HB-00047,Hospital B,overfit,0,1,0.19325681,1.6437354
HB-00051,Hospital B,overfit,0,0,0.49591345,0.68500733
HB-00052,Hospital B,overfit,0,0,0.92677575,2.614229
HB-00054,Hospital B,overfit,0,0,0.18839698,0.20874393
HB-00055,Hospital B,overfit,0,0,0.46857312,0.6321897
HB-00057,Hospital B,overfit,0,0,0.35654584,0.44090438
HB-00058,Hospital B,overfit,0,1,0.27920267,1.2758174
HB-00059,Hospital B,overfit,0,0,0.47197852,0.63861823
HB-00060,Hospital B,overfit,0,0,0.338262,0.4128856
HB-00061,Hospital B,overfit,0,1,0.99998295,1.705364e-05
HB-00065,Hospital B,overfit,0,1,0.4041186,0.90604687
HB-00066,Hospital B,overfit,0,1,0.9683049,0.032208357
HB-00068,Hospital B,overfit,0,0,0.17262533,0.18949771
HB-00071,Hospital B,overfit,0,1,0.9557037,0.045307323
HB-00072,Hospital B,overfit,0,0,0.068038836,0.070464134
HB-00073,Hospital B,overfit,0,0,0.7404973,1.348988
HB-00074,Hospital B,overfit,0,0,0.8944218,2.2483037
HB-00076,Hospital B,overfit,0,0,0.99466056,5.232638
HB-00080,Hospital B,overfit,0,0,0.4113572,0.5299357
HB-00083,Hospital B,overfit,0,0,0.5689992,0.84164524
HB-00085,Hospital B,overfit,0,1,0.40273374,0.9094796
HB-00087,Hospital B,overfit,0,0,0.13435914,0.14428508
HB-00088,Hospital B,overfit,0,1,0.22667855,1.4842223
HB-00090,Hospital B,overfit,0,1,0.988118,0.011953123
HB-00093,Hospital B,overfit,0,0,0.9365389,2.7573287
HB-00095,Hospital B,overfit,0,1,0.9999988,1.2052427e-06
HB-00097,Hospital B,overfit,0,0,0.12380125,0.13216233
HB-00098,Hospital B,overfit,0,0,0.5018836,0.69692147
HB-00102,Hospital B,overfit,0,1,0.42455482,0.8567141
HB-00104,Hospital B,overfit,0,0,0.3823782,0.48187894
HB-00106,Hospital B,overfit,0,0,0.90253305,2.3282416
HB-00108,Hospital B,overfit,0,0,0.86460763,1.9995779
HB-00110,Hospital B,overfit,0,0,0.08236295,0.085953236
HB-00111,Hospital B,overfit,0,1,0.748711,0.28940228
HB-00113,Hospital B,overfit,0,0,0.5990768,0.9139853
HB-00117,Hospital B,overfit,0,1,0.45096406,0.7963676
HB-00118,Hospital B,overfit,0,0,0.33562145,0.40890318
HB-00122,Hospital B,overfit,0,0,0.060624912,0.06254053
HB-00124,Hospital B,overfit,0,0,0.9955024,5.4042225
HB-00126,Hospital B,overfit,0,1,0.99389935,0.006119299
HB-00128,Hospital B,overfit,0,0,0.61022115,0.94217587
HB-00129,Hospital B,overfit,0,0,0.10588474,0.111920595
HB-00130,Hospital B,overfit,0,1,0.66829175,0.40303043
HB-00136,Hospital B,overfit,0,1,0.016807264,4.085944
HB-00137,Hospital B,overfit,0,1,0.56302804,0.57442576
HB-00139,Hospital B,overfit,0,0,0.098525405,0.103723526
HB-00140,Hospital B,overfit,0,0,0.50381947,0.7008154
HB-00141,Hospital B,overfit,0,0,0.25896677,0.2997098
HB-00143,Hospital B,overfit,0,0,0.034130484,0.03472662
HB-00149,Hospital B,overfit,0,0,0.8806739,2.125895
HB-00151,Hospital B,overfit,0,1,0.41280913,0.8847699
HB-00153,Hospital B,overfit,0,1,0.23908862,1.430921
HB-00154,Hospital B,overfit,0,0,0.102756776,0.10842824
HB-00155,Hospital B,overfit,0,1,1.0,3.2571747e-12
HB-00156,Hospital B,overfit,0,1,0.39189202,0.93676895
HB-00158,Hospital B,overfit,0,1,0.9835554,0.01658131
HB-00159,Hospital B,overfit,0,1,0.99316686,0.006856641
HB-00160,Hospital B,overfit,0,0,0.8736517,2.0687132
HB-00161,Hospital B,overfit,0,1,1.0,1.342322e-08
HB-00164,Hospital B,overfit,0,0,0.41569373,0.53733
HB-00166,Hospital B,overfit,0,1,0.045185298,3.0969834
HB-00167,Hospital B,overfit,0,1,0.4254342,0.854645
HB-00168,Hospital B,overfit,0,0,0.78256387,1.5258502
HB-00172,Hospital B,overfit,0,0,0.9999927,11.831064
HB-00174,Hospital B,overfit,0,0,0.99131715,4.746406
HB-00175,Hospital B,overfit,0,0,0.54895043,0.7961781
HB-00177,Hospital B,overfit,0,0,0.009632092,0.009678841
HB-00180,Hospital B,overfit,0,0,0.74242264,1.3564352
HB-00183,Hospital B,overfit,0,0,0.22674063,0.25714076
HB-00186,Hospital B,overfit,0,1,1.0,5.2973338e-08
HB-00187,Hospital B,overfit,0,0,0.024962103,0.025279045
HB-00190,Hospital B,overfit,0,1,0.74357337,0.2962879
HB-00191,Hospital B,overfit,0,1,0.04181,3.1746197
HB-00194,Hospital B,overfit,0,1,0.53211516,0.6308953
HB-00196,Hospital B,overfit,0,0,0.10038589,0.10578942
HB-00198,Hospital B,overfit,0,0,0.16885678,0.18495321
HB-00200,Hospital B,overfit,0,1,0.7644624,0.26858243
HB-00202,Hospital B,overfit,0,0,0.34996605,0.43073076
HB-00203,Hospital B,overfit,0,0,0.048586924,0.049806833
HB-00204,Hospital B,overfit,0,1,0.57462484,0.55403787
HB-00206,Hospital B,overfit,0,1,0.75297976,0.28371695
HB-00208,Hospital B,overfit,0,1,0.97924644,0.02097189
HB-00211,Hospital B,overfit,0,1,0.9903176,0.0097296005
HB-00212,Hospital B,overfit,0,0,0.5512131,0.8012071
HB-00213,Hospital B,overfit,0,1,0.90778464,0.09674817
HB-00217,Hospital B,overfit,0,0,0.49260327,0.678462
HB-00218,Hospital B,overfit,0,0,0.11824751,0.125844
HB-00219,Hospital B,overfit,0,1,0.8645443,0.14555277
HB-00224,Hospital B,overfit,0,1,0.091040425,2.3964517
HB-00225,Hospital B,overfit,0,0,0.53407913,0.76373947
HB-00228,Hospital B,overfit,0,0,0.9999846,11.083019
HB-00232,Hospital B,overfit,0,1,0.25102085,1.3822193
HB-00233,Hospital B,overfit,0,0,0.34165096,0.41802
HB-00234,Hospital B,overfit,0,0,0.16196446,0.17669475
HB-00236,Hospital B,overfit,0,1,0.99999976,2.623642e-07
HB-00239,Hospital B,overfit,0,1,0.043289635,3.139842
HB-00241,Hospital B,overfit,0,0,0.28273883,0.3323152
HB-00242,Hospital B,overfit,0,0,0.84509516,1.8649442
HB-00244,Hospital B,overfit,0,1,0.17100915,1.7660382
HB-00250,Hospital B,overfit,0,1,0.752834,0.28391048
HB-00251,Hospital B,overfit,0,0,0.0939521,0.09866309
HB-00253,Hospital B,overfit,0,0,0.9950866,5.3157907
HB-00255,Hospital B,overfit,0,1,0.38148147,0.9636929
HB-00256,Hospital B,overfit,0,0,0.06671163,0.06904101
HB-00257,Hospital B,overfit,0,1,0.99988234,0.00011761764
HB-00259,Hospital B,overfit,0,0,0.74232465,1.3560548
HB-00264,Hospital B,overfit,0,0,0.3759991,0.47160345
HB-00265,Hospital B,overfit,0,0,0.25770214,0.29800463
HB-00266,Hospital B,overfit,0,1,0.49985972,0.69342774
HB-00267,Hospital B,overfit,0,0,0.86870676,2.030322
HB-00268,Hospital B,overfit,0,0,0.47192934,0.63852525
HB-00272,Hospital B,overfit,0,0,0.23984817,0.27423704
HB-00280,Hospital B,overfit,0,0,0.5841525,0.8774367
HB-00282,Hospital B,overfit,0,1,0.4145882,0.8804695
HB-00285,Hospital B,overfit,0,0,0.04788806,0.049072742
HB-00289,Hospital B,overfit,0,1,0.17697461,1.7317489
HB-00290,Hospital B,overfit,0,0,0.47591504,0.6461014
HB-00293,Hospital B,overfit,0,1,1.0,1.599332e-10
HB-00294,Hospital B,overfit,0,0,0.7041198,1.2178006
HB-00295,Hospital B,overfit,0,1,0.82780254,0.18898062
HB-00296,Hospital B,overfit,0,0,0.80947226,1.6579574
HB-00297,Hospital B,overfit,0,1,0.2028944,1.5950696
HB-00299,Hospital B,overfit,0,0,0.761108,1.4317437
HB-00305,Hospital B,overfit,0,1,0.8535091,0.15839897
HB-00306,Hospital B,overfit,0,0,0.2839902,0.33406138
HB-00307,Hospital B,overfit,0,0,0.06541884,0.067656755
HB-00310,Hospital B,overfit,0,0,0.24430913,0.28012288
HB-00311,Hospital B,overfit,0,1,0.8977961,0.10781232
HB-00312,Hospital B,overfit,0,1,0.80476683,0.2172027
HB-00314,Hospital B,overfit,0,1,0.55536705,0.5881261
HB-00317,Hospital B,overfit,0,1,0.86280775,0.14756332
HB-00318,Hospital B,overfit,0,1,0.83395314,0.1815781
HB-00322,Hospital B,overfit,0,1,0.36231193,1.0152497
HB-00324,Hospital B,overfit,0,0,0.3396954,0.41505396
HB-00325,Hospital B,overfit,0,0,0.96449196,3.3379972
HB-00326,Hospital B,overfit,0,1,0.9605796,0.040218405
HB-00327,Hospital B,overfit,0,1,0.99424607,0.0057706116
HB-00328,Hospital B,overfit,0,1,0.6772817,0.389668
HB-00331,Hospital B,overfit,0,0,0.08603465,0.08996272
HB-00332,Hospital B,overfit,0,1,0.3561709,1.0323446
HB-00334,Hospital B,overfit,0,0,0.2156573,0.2429092
HB-00335,Hospital B,overfit,0,1,0.040651713,3.2027142
HB-00337,Hospital B,overfit,0,0,0.2673966,0.3111508
HB-00338,Hospital B,overfit,0,0,0.7683126,1.4623662
HB-00340,Hospital B,overfit,0,0,0.66157717,1.0834591
HB-00341,Hospital B,overfit,0,0,0.30363882,0.3618868
HB-00342,Hospital B,overfit,0,0,0.70439047,1.2187159
HB-00344,Hospital B,overfit,0,0,0.30112866,0.3582886
HB-00345,Hospital B,overfit,0,0,0.17485243,0.19219303
HB-00347,Hospital B,overfit,0,0,0.14832778,0.16055357
HB-00351,Hospital B,overfit,0,1,0.7600479,0.27437377
HB-00352,Hospital B,overfit,0,1,0.93778294,0.06423679
HB-00354,Hospital B,overfit,0,0,0.94167507,2.841725
HB-00355,Hospital B,overfit,0,0,0.29629514,0.3513962
HB-00356,Hospital B,overfit,0,1,0.77822495,0.25073966
HB-00358,Hospital B,overfit,0,0,0.04862548,0.049847364
HB-00360,Hospital B,overfit,0,0,0.21100883,0.23700011
HB-00362,Hospital B,overfit,0,0,0.48261625,0.6589705
HB-00363,Hospital B,overfit,0,0,0.77356225,1.4852853
HB-00364,Hospital B,overfit,0,0,0.9715062,3.5580678
HB-00367,Hospital B,overfit,0,1,0.6094699,0.4951657
HB-00369,Hospital B,overfit,0,0,0.5733397,0.85176706
HB-00370,Hospital B,overfit,0,0,0.30504084,0.3639022
HB-00371,Hospital B,overfit,0,1,0.9995485,0.00045159677
HB-00373,Hospital B,overfit,0,1,0.8825413,0.12494966
HB-00374,Hospital B,overfit,0,1,0.9995615,0.00043859798
HB-00376,Hospital B,overfit,0,0,0.13988078,0.15068424
HB-00377,Hospital B,overfit,0,0,0.40240666,0.5148448
HB-00380,Hospital B,overfit,0,0,0.18121928,0.19993901
HB-00381,Hospital B,overfit,0,0,0.8960193,2.2635503
HB-00383,Hospital B,overfit,0,0,0.9727351,3.6021547
HB-00386,Hospital B,overfit,0,0,0.5117876,0.71700466
HB-00391,Hospital B,overfit,0,1,0.4639494,0.7679798
HB-00393,Hospital B,overfit,0,1,0.065097675,2.7318664
HB-00394,Hospital B,overfit,0,1,0.38117656,0.96449256
HB-00396,Hospital B,overfit,0,0,0.23954141,0.27383363
HB-00397,Hospital B,overfit,0,0,0.61245877,0.947933
HB-00398,Hospital B,overfit,0,0,0.9995023,7.605563
HB-00401,Hospital B,overfit,0,0,0.31879097,0.3838861
HB-00402,Hospital B,overfit,0,1,1.0,2.690897e-10
HB-00404,Hospital B,overfit,0,0,0.36850664,0.45966786
HB-00405,Hospital B,overfit,0,0,0.87501705,2.0795774
HB-00408,Hospital B,overfit,0,1,0.6871971,0.3751341
HB-00409,Hospital B,overfit,0,0,0.99918467,7.1118803
HB-00412,Hospital B,overfit,0,0,0.46103504,0.6181047
HB-00414,Hospital B,overfit,0,0,0.17296554,0.18990886
HB-00416,Hospital B,overfit,0,1,0.97231776,0.028072676
HB-00421,Hospital B,overfit,0,0,0.8445003,1.8611115
HB-00423,Hospital B,overfit,0,0,0.88422805,2.1561332
HB-00426,Hospital B,overfit,0,0,0.15440205,0.16771126
HB-00430,Hospital B,overfit,0,0,0.9969465,5.791459
HB-00435,Hospital B,overfit,0,0,0.39684972,0.5055889
HB-00436,Hospital B,overfit,0,0,0.3268302,0.3957578
HB-00438,Hospital B,overfit,0,0,0.85691565,1.9443214
HB-00439,Hospital B,overfit,0,0,0.22856186,0.25949883
HB-00440,Hospital B,overfit,0,0,0.84757763,1.8810996
HB-00441,Hospital B,overfit,0,1,0.5965472,0.5165969
HB-00443,Hospital B,overfit,0,0,0.64242625,1.0284137
HB-00444,Hospital B,overfit,0,0,0.94512874,2.9027658
HB-00445,Hospital B,overfit,0,0,0.63089865,0.9966841
HB-00446,Hospital B,overfit,0,1,1.0,3.3882722e-18
HB-00447,Hospital B,overfit,0,1,0.014368067,4.2427473
HB-00448,Hospital B,overfit,0,1,0.82060903,0.19770844
HB-00452,Hospital B,overfit,0,0,0.70436734,1.2186376
HB-00454,Hospital B,overfit,0,0,0.2988836,0.35508132
HB-00456,Hospital B,overfit,0,1,0.4213702,0.86424345
HB-00457,Hospital B,overfit,0,0,0.5017685,0.69669044
HB-00458,Hospital B,overfit,0,0,0.79617053,1.5904717
HB-00459,Hospital B,overfit,0,0,0.084504135,0.0882895
HB-00460,Hospital B,overfit,0,1,0.9022081,0.10291007
HB-00463,Hospital B,overfit,0,1,0.07009835,2.657856
HB-00465,Hospital B,overfit,0,1,0.39983723,0.91669774
HB-00466,Hospital B,overfit,0,1,0.7689717,0.26270115
HB-00467,Hospital B,overfit,0,1,0.45615563,0.7849212
HB-00470,Hospital B,overfit,0,0,0.0445935,0.045618296
HB-00473,Hospital B,overfit,0,0,0.08121621,0.0847044
HB-00476,Hospital B,overfit,0,1,0.59907573,0.5123673
HB-00477,Hospital B,overfit,0,0,0.06740005,0.06977892
HB-00479,Hospital B,overfit,0,1,0.7918098,0.2334341
HB-00480,Hospital B,overfit,0,1,0.9999906,9.380044e-06
HB-00482,Hospital B,overfit,0,0,0.74466723,1.3651879
HB-00483,Hospital B,overfit,0,0,0.11826713,0.12586617
HB-00484,Hospital B,overfit,0,1,0.87921906,0.12872113
HB-00485,Hospital B,overfit,0,0,0.020394145,0.020605087
HB-00487,Hospital B,overfit,0,0,0.74152577,1.3529592
HB-00488,Hospital B,overfit,0,0,0.7184904,1.267589
HB-00489,Hospital B,overfit,0,0,0.33248228,0.4041893
HB-00491,Hospital B,overfit,0,1,0.5933189,0.5220233
HB-00492,Hospital B,overfit,0,0,0.50711477,0.7074789
HB-00493,Hospital B,overfit,0,0,0.019922568,0.02012372
HB-00495,Hospital B,overfit,0,0,0.85846585,1.9552141
HB-00496,Hospital B,overfit,0,0,0.2913844,0.34444207
HB-00497,Hospital B,overfit,0,1,0.9999857,1.4338441e-05
HB-00499,Hospital B,overfit,0,1,0.9942332,0.005783472
HB-00500,Hospital B,overfit,0,0,0.812434,1.6736245
HB-00501,Hospital B,overfit,0,1,0.6842592,0.3794186
HB-00504,Hospital B,overfit,0,0,0.1453782,0.15709627
HB-00505,Hospital B,overfit,0,0,0.1119084,0.11868048
HB-00506,Hospital B,overfit,0,0,0.061640564,0.063622236
HB-00512,Hospital B,overfit,0,0,0.99258864,4.904747
HB-00514,Hospital B,overfit,0,0,0.65565085,1.066099
HB-00516,Hospital B,overfit,0,1,0.9172971,0.08632379
HB-00517,Hospital B,overfit,0,0,0.30076793,0.3577726
HB-00519,Hospital B,overfit,0,1,0.99989283,0.000107192565
HB-00520,Hospital B,overfit,0,0,0.24814397,0.28521037
HB-00522,Hospital B,overfit,0,0,0.14124164,0.1522677
HB-00523,Hospital B,overfit,0,0,0.4246677,0.5528075
HB-00528,Hospital B,overfit,0,1,0.86286885,0.14749262
HB-00529,Hospital B,overfit,0,1,0.999154,0.0008464089
HB-00530,Hospital B,overfit,0,0,0.4549939,0.60695827
HB-00532,Hospital B,overfit,0,0,0.16168739,0.17636418
HB-00533,Hospital B,overfit,0,0,0.2325209,0.26464403
HB-00535,Hospital B,overfit,0,1,0.559237,0.5811819
HB-00536,Hospital B,overfit,0,0,0.12418015,0.13259482
HB-00539,Hospital B,overfit,0,1,0.5757625,0.55205995
HB-00545,Hospital B,overfit,0,0,0.7756954,1.4947503
HB-00550,Hospital B,overfit,0,1,0.26356423,1.3334582
HB-00552,Hospital B,overfit,0,1,0.8679836,0.14158253
HB-00553,Hospital B,overfit,0,1,0.36152676,1.0174192
HB-00554,Hospital B,overfit,0,0,0.41781887,0.5409736
HB-00555,Hospital B,overfit,0,1,0.99689627,0.0031085915
HB-00556,Hospital B,overfit,0,1,0.99765646,0.002346312
HB-00557,Hospital B,overfit,0,0,0.32949474,0.39972377
HB-00559,Hospital B,overfit,0,1,0.992573,0.007454631
HB-00562,Hospital B,overfit,0,1,0.80538654,0.21643296
HB-00564,Hospital B,overfit,0,0,0.9910014,4.710686
HB-00565,Hospital B,overfit,0,0,0.3780182,0.47484446
HB-00568,Hospital B,overfit,0,0,0.09988402,0.10523176
HB-00569,Hospital B,overfit,0,0,0.46393505,0.6234999
HB-00571,Hospital B,overfit,0,0,0.98820066,4.439714
HB-00572,Hospital B,overfit,0,1,0.87963766,0.1282452
HB-00575,Hospital B,overfit,0,0,0.24812914,0.2851907
HB-00578,Hospital B,overfit,0,1,0.9999999,9.27789e-08
HB-00580,Hospital B,overfit,0,0,0.9318232,2.6856506
HB-00581,Hospital B,overfit,0,0,0.07292875,0.07572484
HB-00585,Hospital B,overfit,0,0,0.48180264,0.65739906
HB-00587,Hospital B,overfit,0,0,0.09536962,0.10022879
HB-00588,Hospital B,overfit,0,0,0.38160196,0.48062295
HB-00590,Hospital B,overfit,0,0,0.06580018,0.06806493
HB-00594,Hospital B,overfit,0,0,0.9295614,2.6530132
HB-00597,Hospital B,overfit,0,1,0.3498755,1.0501779
HB-00598,Hospital B,overfit,0,0,0.65680397,1.0694534
HB-00599,Hospital B,overfit,0,0,0.008544577,0.0085811615
HB-00606,Hospital B,overfit,0,1,0.26718172,1.3198264
HB-00608,Hospital B,overfit,0,0,0.13771601,0.14817059
HB-00615,Hospital B,overfit,0,1,0.38691485,0.9495506
HB-00616,Hospital B,overfit,0,1,0.9997601,0.00023999554
HB-00617,Hospital B,overfit,0,1,0.13562018,1.9978971
HB-00618,Hospital B,overfit,0,1,0.94993424,0.051362474
HB-00619,Hospital B,overfit,0,1,0.5969282,0.5159585
HB-00620,Hospital B,overfit,0,1,0.9999522,4.782542e-05
HB-00621,Hospital B,overfit,0,1,0.039916087,3.2209759
HB-00622,Hospital B,overfit,0,1,0.9031741,0.10183993
HB-00623,Hospital B,overfit,0,0,0.18336533,0.2025634
HB-00624,Hospital B,overfit,0,0,0.06470662,0.06689501
HB-00626,Hospital B,overfit,0,1,0.98245054,0.017705262
HB-00627,Hospital B,overfit,0,1,0.9487077,0.052654523
HB-00629,Hospital B,overfit,0,1,0.9951094,0.0049025733
HB-00631,Hospital B,overfit,0,1,0.74949735,0.28835255
HB-00632,Hospital B,overfit,0,0,0.4607899,0.6176499
HB-00633,Hospital B,overfit,0,0,0.9578735,3.1670787
HB-00637,Hospital B,overfit,0,0,0.17762682,0.19556105
HB-00638,Hospital B,overfit,0,0,0.27848214,0.32639813
HB-00641,Hospital B,overfit,0,0,0.4134306,0.5334643
HB-00643,Hospital B,overfit,0,1,0.48912323,0.71514094
HB-00648,Hospital B,overfit,0,0,0.93751127,2.7727685
HB-00652,Hospital B,overfit,0,0,0.6410586,1.0245962
HB-00653,Hospital B,overfit,0,1,0.9937516,0.0062680384
HB-00654,Hospital B,overfit,0,0,0.9331878,2.705869
HB-00655,Hospital B,overfit,0,1,0.9952814,0.004729729
HB-00656,Hospital B,overfit,0,1,1.0,3.015494e-11
HB-00658,Hospital B,overfit,0,0,0.12211149,0.13023579
HB-00659,Hospital B,overfit,0,0,0.11041311,0.116998196
HB-00662,Hospital B,overfit,0,0,0.42045596,0.54551363
HB-00664,Hospital B,overfit,0,1,0.6520545,0.42762715
HB-00665,Hospital B,overfit,0,1,0.5923856,0.5235974
HB-00667,Hospital B,overfit,0,1,0.9999237,7.6268916e-05
HB-00668,Hospital B,overfit,0,1,0.47004625,0.7549242
HB-00669,Hospital B,overfit,0,0,0.027892616,0.02828908
HB-00672,Hospital B,overfit,0,1,0.8712439,0.13783333
HB-00676,Hospital B,overfit,0,0,0.85368305,1.92198
HB-00677,Hospital B,overfit,0,0,0.16574286,0.18121362
HB-00678,Hospital B,overfit,0,1,0.3655533,1.0063432
HB-00681,Hospital B,overfit,0,1,0.13617304,1.9938289
HB-00682,Hospital B,overfit,0,0,0.04469571,0.045725346
HB-00683,Hospital B,overfit,0,0,0.7097671,1.2370715
HB-00685,Hospital B,overfit,0,0,0.26088375,0.30229998
HB-00686,Hospital B,overfit,0,0,0.12498051,0.13350904
HB-00695,Hospital B,overfit,0,1,0.2176873,1.5246956
HB-00696,Hospital B,overfit,0,0,0.6513754,1.0537597
HB-00698,Hospital B,overfit,0,0,0.39431998,0.50140345
HB-00699,Hospital B,overfit,0,0,0.17179903,0.18849945
HB-00700,Hospital B,overfit,0,1,0.43931925,0.8225289
HB-00701,Hospital B,overfit,0,0,1.0,22.29387
HB-00702,Hospital B,overfit,0,1,0.9839293,0.016201317
HB-00703,Hospital B,overfit,0,0,0.05805495,0.059808254
HB-00704,Hospital B,overfit,0,0,0.15084489,0.16351342
HB-00709,Hospital B,overfit,0,1,0.41287318,0.8846148
HB-00711,Hospital B,overfit,0,0,0.48712233,0.66771793
HB-00712,Hospital B,overfit,0,0,0.13416597,0.14406204
HB-00715,Hospital B,overfit,0,0,0.016922224,0.017066956
HB-00719,Hospital B,overfit,0,0,0.38680458,0.48907155
HB-00720,Hospital B,overfit,0,1,0.7672688,0.26491806
HB-00721,Hospital B,overfit,0,0,0.08000023,0.08338189
HB-00722,Hospital B,overfit,0,1,0.6154211,0.48544854
HB-00723,Hospital B,overfit,0,0,0.35631564,0.44054675
HB-00724,Hospital B,overfit,0,0,0.9654017,3.363951
HB-00725,Hospital B,overfit,0,0,0.326931,0.3959074
HB-00727,Hospital B,overfit,0,0,0.62006193,0.9677471
HB-00728,Hospital B,overfit,0,0,0.2054987,0.23004067
HB-00731,Hospital B,overfit,0,0,0.37480706,0.46969503
HB-00732,Hospital B,overfit,0,1,0.90661925,0.09803274
HB-00733,Hospital B,overfit,0,0,0.7279928,1.3019266
HB-00735,Hospital B,overfit,0,0,0.32205606,0.3886907
HB-00736,Hospital B,overfit,0,0,0.8297603,1.7705482
HB-00738,Hospital B,overfit,0,1,0.9999882,1.1816246e-05
HB-00742,Hospital B,overfit,0,0,0.37839723,0.47545403
HB-00744,Hospital B,overfit,0,1,0.9659919,0.03459984
HB-00745,Hospital B,overfit,0,1,0.19859762,1.6164745
HB-00747,Hospital B,overfit,0,0,0.9514065,3.024264
HB-00748,Hospital B,overfit,0,1,0.45429018,0.7890191
HB-00752,Hospital B,overfit,0,0,0.26613715,0.3094331
HB-00753,Hospital B,overfit,0,1,0.69280785,0.3670026
HB-00754,Hospital B,overfit,0,0,0.84418607,1.859093
HB-00755,Hospital B,overfit,0,1,0.9879231,0.012150448
HB-00757,Hospital B,overfit,0,0,0.93267906,2.6982837
HB-00758,Hospital B,overfit,0,1,0.75856394,0.27632815
HB-00759,Hospital B,overfit,0,1,0.8539407,0.15789355
HB-00760,Hospital B,overfit,0,0,0.021931335,0.022175312
HB-00764,Hospital B,overfit,0,1,0.93755287,0.06448213
HB-00765,Hospital B,overfit,0,0,0.013071233,0.013157368
HB-00766,Hospital B,overfit,0,1,0.80948365,0.2113587
HB-00767,Hospital B,overfit,0,1,0.94203335,0.059714675
HB-00768,Hospital B,overfit,0,0,0.8399291,1.8321387
HB-00772,Hospital B,overfit,0,0,0.6927074,1.1799549
HB-00777,Hospital B,overfit,0,0,0.057705563,0.059437513
HB-00780,Hospital B,overfit,0,0,0.23805743,0.27188408
HB-00781,Hospital B,overfit,0,0,0.13886489,0.14950383
HB-00782,Hospital B,overfit,0,0,0.7232898,1.2847847
HB-00786,Hospital B,overfit,0,0,0.3870641,0.48949486
HB-00788,Hospital B,overfit,0,1,1.0,4.0797627e-14
HB-00791,Hospital B,overfit,0,1,0.29452243,1.2224001
HB-00793,Hospital B,overfit,0,0,0.17494692,0.19230759
HB-00794,Hospital B,overfit,0,1,0.65809864,0.4184004
HB-00795,Hospital B,overfit,0,1,0.5440714,0.6086748
HB-00798,Hospital B,overfit,0,0,0.8226168,1.7294431
HB-00800,Hospital B,overfit,0,0,0.19389233,0.2155379
HB-00802,Hospital B,overfit,0,1,1.0,3.4529877e-09
HB-00805,Hospital B,overfit,0,0,0.09522333,0.10006714
HB-00807,Hospital B,overfit,0,1,0.9094582,0.0949062
HB-00810,Hospital B,overfit,0,1,0.503186,0.6867954
HB-00812,Hospital B,overfit,0,1,0.61096984,0.49270767
HB-00813,Hospital B,overfit,0,0,0.1507434,0.16339386
HB-00814,Hospital B,overfit,0,0,0.07087761,0.0735147
HB-00815,Hospital B,overfit,0,0,0.06190118,0.063899994
HB-00817,Hospital B,overfit,0,0,0.82150906,1.7232174
HB-00819,Hospital B,overfit,0,0,0.69511956,1.1878355
HB-00820,Hospital B,overfit,0,0,0.62161046,0.9718311
HB-00825,Hospital B,overfit,0,0,0.71661747,1.2609576
HB-00826,Hospital B,overfit,0,0,0.9869064,4.3356333
HB-00827,Hospital B,overfit,0,0,0.9898691,4.592163
HB-00828,Hospital B,overfit,0,0,0.4637833,0.62321687
HB-00831,Hospital B,overfit,0,0,0.31621256,0.38010824
HB-00834,Hospital B,overfit,0,0,0.96757096,3.4286997
HB-00836,Hospital B,overfit,0,1,0.5834224,0.5388438
HB-00840,Hospital B,overfit,0,0,0.39211693,0.49777275
HB-00844,Hospital B,overfit,0,0,0.52809274,0.7509728
HB-00845,Hospital B,overfit,0,0,0.6443445,1.0337929
HB-00847,Hospital B,overfit,0,0,0.49373692,0.6806988
HB-00848,Hospital B,overfit,0,0,0.0912741,0.09571171
HB-00850,Hospital B,overfit,0,0,0.094658434,0.09944296
HB-00852,Hospital B,overfit,0,1,0.27966064,1.2741784
HB-00853,Hospital B,overfit,0,1,0.9585909,0.04229083
HB-00856,Hospital B,overfit,0,0,0.38775456,0.49062204
HB-00859,Hospital B,overfit,0,0,0.05784379,0.05958414
HB-00861,Hospital B,overfit,0,0,0.5995554,0.9151798
HB-00862,Hospital B,overfit,0,1,0.06762859,2.6937244
HB-00865,Hospital B,overfit,0,1,0.16731758,1.7878616
HB-00866,Hospital B,overfit,0,1,0.99976736,0.0002326906
HB-00868,Hospital B,overfit,0,0,0.4872925,0.66804975
HB-00870,Hospital B,overfit,0,1,0.66177213,0.41283396
HB-00872,Hospital B,overfit,0,1,0.43291795,0.837207
HB-00875,Hospital B,overfit,0,1,0.7758961,0.25373667
HB-00876,Hospital B,overfit,0,1,0.907664,0.096881054
HB-00882,Hospital B,overfit,0,1,0.68420637,0.37949574
HB-00886,Hospital B,overfit,0,0,0.8702465,2.042119
HB-00887,Hospital B,overfit,0,0,0.89555585,2.259103
HB-00889,Hospital B,overfit,0,1,0.6818536,0.38294035
HB-00891,Hospital B,overfit,0,0,0.9530133,3.0578918
HB-00892,Hospital B,overfit,0,0,0.331657,0.40295374
HB-00894,Hospital B,overfit,0,0,0.70639116,1.2255069
HB-00897,Hospital B,overfit,0,1,0.9719516,0.028449243
HB-00898,Hospital B,overfit,0,1,0.11211822,2.1882014
HB-00901,Hospital B,overfit,0,0,0.9717946,3.5682437
HB-00902,Hospital B,overfit,0,0,0.12703553,0.13586032
HB-00904,Hospital B,overfit,0,1,0.6959024,0.36254585
HB-00909,Hospital B,overfit,0,0,1.0,23.667284
HB-00910,Hospital B,overfit,0,0,0.89672303,2.2703412
HB-00911,Hospital B,overfit,0,0,0.5717841,0.8481277
HB-00914,Hospital B,overfit,0,1,0.97120273,0.029220052
HB-00916,Hospital B,overfit,0,1,0.93970674,0.06218744
HB-00918,Hospital B,overfit,0,0,0.5586699,0.8179623
HB-00919,Hospital B,overfit,0,1,0.9999995,4.293265e-07
HB-00920,Hospital B,overfit,0,0,0.059549462,0.061396122
HB-00921,Hospital B,overfit,0,1,0.9447099,0.05687736
HB-00923,Hospital B,overfit,0,1,0.98372376,0.01641016
HB-00924,Hospital B,overfit,0,1,1.0,1.3147532e-08
HB-00925,Hospital B,overfit,0,1,0.99999964,3.0464574e-07
HB-00926,Hospital B,overfit,0,1,0.71548927,0.3347887
HB-00927,Hospital B,overfit,0,0,0.9996828,8.055919
HB-00928,Hospital B,overfit,0,0,0.04768107,0.048855305
HB-00929,Hospital B,overfit,0,0,0.18089779,0.19954646
HB-00932,Hospital B,overfit,0,0,0.63796496,1.0160145
HB-00933,Hospital B,overfit,0,0,0.31353542,0.37620068
HB-00938,Hospital B,overfit,0,1,0.30921897,1.1737056
HB-00939,Hospital B,overfit,0,1,0.35059428,1.0481256
HB-00940,Hospital B,overfit,0,1,0.42391253,0.85822815
HB-00944,Hospital B,overfit,0,1,0.59395576,0.5209505
HB-00946,Hospital B,overfit,0,0,0.18176939,0.20061111
HB-00949,Hospital B,overfit,0,0,0.59243345,0.8975512
HB-00950,Hospital B,overfit,0,0,0.8019252,1.6191105
HB-00951,Hospital B,overfit,0,0,0.21065302,0.23654926
HB-00952,Hospital B,overfit,0,1,0.9999975,2.4696658e-06
HB-00953,Hospital B,overfit,0,0,0.44961032,0.5971287
HB-00955,Hospital B,overfit,0,0,0.17952907,0.19787681
HB-00957,Hospital B,overfit,0,0,0.2201569,0.24866259
HB-00958,Hospital B,overfit,0,0,0.23989917,0.27430415
HB-00962,Hospital B,overfit,0,1,0.29499698,1.2207901
HB-00964,Hospital B,overfit,0,1,0.8504096,0.16203716
HB-00965,Hospital B,overfit,0,0,0.6475232,1.0427706
HB-00971,Hospital B,overfit,0,0,0.983967,4.133106
HB-00972,Hospital B,overfit,0,0,0.075518936,0.07852268
HB-00981,Hospital B,overfit,0,1,0.9905121,0.009533273
HB-00985,Hospital B,overfit,0,0,0.91864574,2.5089424
HB-00986,Hospital B,overfit,0,0,0.9846895,4.1792116
HB-00990,Hospital B,overfit,0,0,0.2254131,0.25542545
HB-00992,Hospital B,overfit,0,0,0.35541216,0.43914425
HB-00993,Hospital B,overfit,0,1,0.3373592,1.0866071
HB-00995,Hospital B,overfit,0,1,0.39610055,0.92608714
HB-01000,Hospital B,overfit,0,0,0.068667516,0.07113886
HB-01004,Hospital B,overfit,0,0,0.22208917,0.25114346
HB-01008,Hospital B,overfit,0,0,0.38819692,0.4913448
HB-01009,Hospital B,overfit,0,1,0.86915153,0.14023785
HB-01010,Hospital B,overfit,0,1,0.0043339436,5.4412775
HB-01012,Hospital B,overfit,0,0,0.14568444,0.15745461
HB-01013,Hospital B,overfit,0,0,0.6423971,1.0283322
HB-01015,Hospital B,overfit,0,1,0.45999563,0.77653825
HB-01017,Hospital B,overfit,0,0,0.6392184,1.0194824
HB-01021,Hospital B,overfit,0,0,0.2301902,0.26161182
HB-01022,Hospital B,overfit,0,0,0.25145912,0.28962946
HB-01025,Hospital B,overfit,0,0,0.09145557,0.0959115
HB-01026,Hospital B,overfit,0,0,0.24490736,0.28091478
HB-01035,Hospital B,overfit,0,0,0.7691526,1.4659983
HB-01037,Hospital B,overfit,0,1,0.48985675,0.7136423
HB-01038,Hospital B,overfit,0,0,0.51362544,0.7207762
HB-01039,Hospital B,overfit,0,0,0.08210179,0.0856688
HB-01040,Hospital B,overfit,0,0,0.65377057,1.0606537
HB-01043,Hospital B,overfit,0,0,0.7556285,1.409066
HB-01047,Hospital B,overfit,0,0,0.22985128,0.26117158
HB-01049,Hospital B,overfit,0,0,0.99947745,7.556703
HB-01051,Hospital B,overfit,0,0,0.9911357,4.72573
HB-01052,Hospital B,overfit,0,0,0.16008773,0.17445779
HB-01053,Hospital B,overfit,0,0,0.24579322,0.28208876
HB-01054,Hospital B,overfit,0,0,0.3454281,0.42377383
HB-01055,Hospital B,overfit,0,1,0.029385237,3.527263
HB-01056,Hospital B,overfit,0,0,0.98475075,4.1832266
HB-01059,Hospital B,overfit,0,1,0.78191715,0.24600649
HB-01060,Hospital B,overfit,0,0,0.84570193,1.8688692
HB-01061,Hospital B,overfit,0,1,0.072126545,2.629333
HB-01063,Hospital B,overfit,0,0,0.8675934,2.0218778
HB-01066,Hospital B,overfit,0,1,0.08274983,2.4919333
HB-01068,Hospital B,overfit,0,1,0.5047999,0.68359315
HB-01071,Hospital B,overfit,0,1,0.991507,0.00852928
HB-01072,Hospital B,overfit,0,1,0.329416,1.1104339
HB-01073,Hospital B,overfit,0,1,0.958151,0.04274991
HB-01074,Hospital B,overfit,0,1,0.022282232,3.8039656
HB-01076,Hospital B,overfit,0,0,0.359807,0.44598567
HB-01078,Hospital B,overfit,0,1,0.30515584,1.1869327
HB-01080,Hospital B,overfit,0,1,0.013974265,4.270538
HB-01081,Hospital B,overfit,0,0,0.26808503,0.312091
HB-01084,Hospital B,overfit,0,0,0.16358255,0.17862749
HB-01085,Hospital B,overfit,0,0,0.17387475,0.19100893
HB-01086,Hospital B,overfit,0,0,0.11336499,0.12032175
HB-01089,Hospital B,overfit,0,0,0.208784,0.23418427
HB-01090,Hospital B,overfit,0,1,0.919963,0.08342183
HB-01093,Hospital B,overfit,0,1,0.9998785,0.000121477315
HB-01098,Hospital B,overfit,0,1,0.33093712,1.1058269
HB-01100,Hospital B,overfit,0,0,0.23559521,0.2686578
HB-01101,Hospital B,overfit,0,0,0.8617405,1.9786228
HB-01102,Hospital B,overfit,0,0,0.68305063,1.1490132
HB-01103,Hospital B,overfit,0,1,0.13353051,2.0134254
HB-01104,Hospital B,overfit,0,0,0.99775046,6.0970087
HB-01105,Hospital B,overfit,0,1,0.5534135,0.59164983
HB-01107,Hospital B,overfit,0,0,0.12743206,0.13631475
HB-01108,Hospital B,overfit,0,1,0.46182328,0.772573
HB-01109,Hospital B,overfit,0,0,0.5270764,0.7488215
HB-01111,Hospital B,overfit,0,1,1.0,9.365567e-18
HB-01112,Hospital B,overfit,0,0,0.70310163,1.2143654
HB-01116,Hospital B,overfit,0,0,0.15418239,0.1674515
HB-01117,Hospital B,overfit,0,1,0.47760454,0.73897225
HB-01120,Hospital B,overfit,0,1,0.44210064,0.81621766
HB-01122,Hospital B,overfit,0,1,0.999876,0.00012402887
HB-01124,Hospital B,overfit,0,0,0.6500078,1.0498444
HB-01125,Hospital B,overfit,0,0,0.36672625,0.45685244
HB-01126,Hospital B,overfit,0,0,0.7483621,1.3797643
HB-01127,Hospital B,overfit,0,1,0.53131944,0.63239187
HB-01128,Hospital B,overfit,0,0,0.2438774,0.27955174
HB-01130,Hospital B,overfit,0,1,0.92056245,0.08277046
HB-01133,Hospital B,overfit,0,1,0.99885845,0.001142184
HB-01134,Hospital B,overfit,0,0,0.8059642,1.6397125
HB-01135,Hospital B,overfit,0,0,0.22815752,0.2589748
HB-01136,Hospital B,overfit,0,0,0.07220835,0.07494807
HB-01137,Hospital B,overfit,0,1,0.48772496,0.7180036
HB-01138,Hospital B,overfit,0,0,0.63607204,1.0107992
HB-01139,Hospital B,overfit,0,1,0.99998486,1.5156889e-05
HB-01142,Hospital B,overfit,0,0,0.22892858,0.25997436
HB-01149,Hospital B,overfit,0,0,0.23958653,0.273893
HB-01153,Hospital B,overfit,0,0,0.9995079,7.6168013
HB-01156,Hospital B,overfit,0,1,0.9078991,0.09662205
HB-01157,Hospital B,overfit,0,1,0.97312015,0.027247751
HB-01159,Hospital B,overfit,0,1,1.0,1.3830991e-09
HB-01165,Hospital B,overfit,0,0,0.16148072,0.17611778
HB-01166,Hospital B,overfit,0,1,0.64209443,0.44301993
HB-01167,Hospital B,overfit,0,0,0.10562947,0.11163521
HB-01169,Hospital B,overfit,0,0,0.9999999,15.778109
HB-01173,Hospital B,overfit,0,0,0.46368805,0.62303925
HB-01174,Hospital B,overfit,0,1,1.0,4.9065915e-31
HB-01175,Hospital B,overfit,0,1,0.70137995,0.35470548
HB-01182,Hospital B,overfit,0,1,0.1969705,1.6247013
HB-01184,Hospital B,overfit,0,1,0.5866114,0.5333927
HB-01185,Hospital B,overfit,0,1,0.88697475,0.11993872
HB-01190,Hospital B,overfit,0,1,0.349824,1.0503249
HB-01192,Hospital B,overfit,0,1,0.5541236,0.59036756
HB-01194,Hospital B,overfit,0,0,0.7549698,1.4063737
HB-01196,Hospital B,overfit,0,0,0.459471,0.61520696
HB-01200,Hospital B,overfit,0,1,0.8152289,0.20428637
HB-01202,Hospital B,overfit,0,0,0.7694714,1.4673805
HB-01204,Hospital B,overfit,0,1,0.995349,0.0046619033
HB-01205,Hospital B,overfit,0,0,0.73001987,1.309407
HB-01206,Hospital B,overfit,0,0,1.0,18.625704
HB-01210,Hospital B,overfit,0,0,0.27759638,0.32517123
HB-01211,Hospital B,overfit,0,0,0.71841383,1.2673168
HB-01215,Hospital B,overfit,0,0,0.66195565,1.0845783
HB-01216,Hospital B,overfit,0,0,0.42487592,0.5531694
HB-01219,Hospital B,overfit,0,0,0.99562496,5.4318295
HB-01222,Hospital B,overfit,0,0,0.7303495,1.3106287
HB-01227,Hospital B,overfit,0,0,0.27851686,0.32644624
HB-01228,Hospital B,overfit,0,0,0.6791315,1.1367239
HB-01229,Hospital B,overfit,0,0,0.9492799,2.9814339
HB-01230,Hospital B,overfit,0,1,0.9940182,0.005999719
HB-01231,Hospital B,overfit,0,1,0.9523013,0.048873812
HB-01233,Hospital B,overfit,0,0,0.12764807,0.13656247
HB-01237,Hospital B,overfit,0,0,0.9998288,8.673121
HB-01238,Hospital B,overfit,0,0,0.7544684,1.4043297
HB-01240,Hospital B,overfit,0,0,0.5843712,0.8779627
HB-01241,Hospital B,overfit,0,0,0.43970713,0.57929564
HB-01242,Hospital B,overfit,0,0,0.7949657,1.5845779
HB-01243,Hospital B,overfit,0,0,0.95623153,3.1288412
HB-01244,Hospital B,overfit,0,0,0.71412086,1.2521862
HB-01246,Hospital B,overfit,0,1,0.9950553,0.004956902
HB-01247,Hospital B,overfit,0,0,0.9776269,3.7998981
HB-01250,Hospital B,overfit,0,0,0.6263645,0.9844747
HB-01256,Hospital B,overfit,0,0,0.6260562,0.98364985
HB-01257,Hospital B,overfit,0,0,0.6232188,0.9760906
HB-01258,Hospital B,overfit,0,0,0.60275894,0.923212
HB-01261,Hospital B,overfit,0,1,0.23833425,1.4340811
HB-01262,Hospital B,overfit,0,0,0.11007755,0.11662102
HB-01264,Hospital B,overfit,0,0,0.51244974,0.718362
HB-01266,Hospital B,overfit,0,1,0.6306638,0.46098238
HB-01268,Hospital B,overfit,0,1,0.6173536,0.48231336
HB-01271,Hospital B,overfit,0,0,0.182884,0.20197415
HB-01272,Hospital B,overfit,0,1,0.50619406,0.6808352
HB-01276,Hospital B,overfit,0,0,0.36854708,0.45973194
HB-01277,Hospital B,overfit,0,0,0.06251367,0.06455302
HB-01278,Hospital B,overfit,0,1,0.999244,0.0007563448
HB-01280,Hospital B,overfit,0,0,0.4837981,0.6612574
HB-01283,Hospital B,overfit,0,0,0.1520826,0.16497207
HB-01284,Hospital B,overfit,0,1,0.9727759,0.02760159
HB-01288,Hospital B,overfit,0,0,0.5504584,0.7995268
HB-01289,Hospital B,overfit,0,0,0.4062409,0.5212816
HB-01290,Hospital B,overfit,0,1,0.6373867,0.45037875
HB-01291,Hospital B,overfit,0,0,0.93462896,2.7276752
HB-01293,Hospital B,overfit,0,0,0.68366194,1.1509438
HB-01295,Hospital B,overfit,0,1,0.70880765,0.34417114
HB-01299,Hospital B,overfit,0,0,0.60150295,0.9200552
HB-01301,Hospital B,overfit,0,0,0.7397241,1.3460131
HB-01303,Hospital B,overfit,0,1,0.9547808,0.046273466
HB-01305,Hospital B,overfit,0,1,0.4906312,0.7120625
HB-01307,Hospital B,overfit,0,0,0.2094474,0.23502314
HB-01315,Hospital B,overfit,0,0,0.298088,0.35394728
HB-01316,Hospital B,overfit,0,0,0.5009218,0.6949925
HB-01319,Hospital B,overfit,0,0,0.15017787,0.16272819
HB-01320,Hospital B,overfit,0,0,0.43636066,0.5733407
HB-01321,Hospital B,overfit,0,1,0.9999999,1.4395471e-07
HB-01322,Hospital B,overfit,0,0,0.16603506,0.18156397
HB-01324,Hospital B,overfit,0,0,0.77284014,1.4821012
HB-01326,Hospital B,overfit,0,0,0.07279219,0.0755775
HB-01327,Hospital B,overfit,0,0,0.14955337,0.16199362
HB-01329,Hospital B,overfit,0,0,0.37749246,0.4739995
HB-01330,Hospital B,overfit,0,0,0.20081538,0.2241633
HB-01331,Hospital B,overfit,0,0,0.46807992,0.63126194
HB-01334,Hospital B,overfit,0,0,0.3625638,0.450301
HB-01335,Hospital B,overfit,0,0,0.9152066,2.4675372
HB-01336,Hospital B,overfit,0,1,0.9536252,0.04748459
HB-01337,Hospital B,overfit,0,0,0.3376248,0.41192305
HB-01341,Hospital B,overfit,0,1,0.9985599,0.0014412106
HB-01343,Hospital B,overfit,0,1,0.67642075,0.39094
HB-01345,Hospital B,overfit,0,0,0.04357453,0.044552326
HB-01350,Hospital B,overfit,0,0,0.99989843,9.194862
HB-01353,Hospital B,overfit,0,1,0.40029782,0.9155465
HB-01354,Hospital B,overfit,0,1,0.3926512,0.9348335
HB-01356,Hospital B,overfit,0,1,0.8148768,0.20471841
HB-01357,Hospital B,overfit,0,0,0.9758506,3.7234974
HB-01359,Hospital B,overfit,0,1,0.45504248,0.78736454
HB-01361,Hospital B,overfit,0,1,0.78021806,0.2481818
HB-01362,Hospital B,overfit,0,0,0.3854942,0.48693687
HB-01366,Hospital B,overfit,0,0,0.042111393,0.043023825
HB-01367,Hospital B,overfit,0,1,0.99986386,0.00013608881
HB-01368,Hospital B,overfit,0,1,0.99999905,9.81759e-07
HB-01372,Hospital B,overfit,0,0,0.55697197,0.81412214
HB-01374,Hospital B,overfit,0,0,0.9881853,4.43841
HB-01376,Hospital B,overfit,0,1,0.5303087,0.6342959
HB-01377,Hospital B,overfit,0,0,0.537149,0.77035004
HB-01378,Hospital B,overfit,0,0,0.09301494,0.09762931
HB-01379,Hospital B,overfit,0,0,0.7661113,1.45291
HB-01384,Hospital B,overfit,0,1,0.28926048,1.2404277
HB-01386,Hospital B,overfit,0,1,0.9999931,6.8932204e-06
HB-01387,Hospital B,overfit,0,0,0.02673584,0.027099848
HB-01388,Hospital B,overfit,0,0,0.8545822,1.9281443
HB-01390,Hospital B,overfit,0,0,0.9999366,9.665347
HB-01393,Hospital B,overfit,0,0,0.60157925,0.92024666
HB-01400,Hospital B,overfit,0,0,0.94022655,2.8171926
HB-01402,Hospital B,overfit,0,0,0.23795557,0.27175045
HB-01403,Hospital B,overfit,0,0,0.12884146,0.13793135
HB-01404,Hospital B,overfit,0,1,0.35930464,1.0235846
HB-01406,Hospital B,overfit,0,0,0.26543364,0.3084749
HB-01409,Hospital B,overfit,0,1,0.7744824,0.2555603
HB-01411,Hospital B,overfit,0,0,0.28958797,0.34191012
HB-01412,Hospital B,overfit,0,1,0.6237618,0.4719867
HB-01413,Hospital B,overfit,0,1,0.33948967,1.0803118
HB-01417,Hospital B,overfit,0,0,0.016513852,0.01665163
HB-01419,Hospital B,overfit,0,0,0.3318839,0.40329337
HB-01422,Hospital B,overfit,0,0,0.6756807,1.1260267
HB-01425,Hospital B,overfit,0,0,0.53688896,0.7697885
HB-01427,Hospital B,overfit,0,0,0.6578875,1.0726156
HB-01431,Hospital B,overfit,0,1,0.9999312,6.873593e-05
HB-01432,Hospital B,overfit,0,1,0.0740605,2.6028728
HB-01433,Hospital B,overfit,0,0,0.3804426,0.47874993
HB-01434,Hospital B,overfit,0,1,0.86621,0.14362791
HB-01435,Hospital B,overfit,0,1,0.9997578,0.00024216865
HB-01437,Hospital B,overfit,0,1,0.15878527,1.8402025
HB-01438,Hospital B,overfit,0,1,0.9614941,0.039266814
HB-01439,Hospital B,overfit,0,0,0.49738482,0.68793046
HB-01440,Hospital B,overfit,0,0,0.56513625,0.83272254
HB-01441,Hospital B,overfit,0,0,0.0770057,0.080132246
HB-01442,Hospital B,overfit,0,0,0.4557205,0.6082924
HB-01444,Hospital B,overfit,0,0,0.79159963,1.5682942
HB-01446,Hospital B,overfit,0,0,0.2289106,0.259951
HB-01447,Hospital B,overfit,0,0,0.6098404,0.9411994
HB-01448,Hospital B,overfit,0,0,0.06459735,0.06677818
HB-01449,Hospital B,overfit,0,0,0.51424205,0.72204477
HB-01450,Hospital B,overfit,0,0,0.9999974,12.861299
HB-01452,Hospital B,overfit,0,0,0.53351194,0.76252276
HB-01455,Hospital B,overfit,0,0,0.52435094,0.74307495
HB-01456,Hospital B,overfit,0,0,0.38184744,0.48101997
HB-01457,Hospital B,overfit,0,0,0.46867156,0.63237494
HB-01459,Hospital B,overfit,0,1,0.4276239,0.8495112
HB-01460,Hospital B,overfit,0,0,0.15846308,0.1725254
HB-01463,Hospital B,overfit,0,0,0.76195246,1.4352847
HB-01464,Hospital B,overfit,0,0,0.9319228,2.687112
HB-01466,Hospital B,overfit,0,0,0.071619526,0.07431364
HB-01467,Hospital B,overfit,0,1,0.9994628,0.0005373936
HB-01468,Hospital B,overfit,0,0,0.70910364,1.2347883
HB-01472,Hospital B,overfit,0,1,0.8007179,0.22224659
HB-01475,Hospital B,overfit,0,0,0.15849479,0.17256308
HB-01479,Hospital B,overfit,0,1,0.85644007,0.15497094
HB-01481,Hospital B,overfit,0,1,0.58557224,0.5351657
HB-01483,Hospital B,overfit,0,0,0.06342413,0.06552482
HB-01484,Hospital B,overfit,0,0,0.55779034,0.81597114
HB-01485,Hospital B,overfit,0,0,0.4491562,0.596304
HB-01488,Hospital B,overfit,0,0,0.83032966,1.7738976
HB-01489,Hospital B,overfit,0,1,0.41285974,0.8846474
HB-01490,Hospital B,overfit,0,0,0.92754793,2.6248298
HB-01491,Hospital B,overfit,0,0,0.42594367,0.5550277
HB-01492,Hospital B,overfit,0,1,0.9053029,0.09948574
HB-01494,Hospital B,overfit,0,0,0.1910843,0.21206057
HB-01498,Hospital B,overfit,0,1,0.41034487,0.8907573
HB-01499,Hospital B,overfit,0,0,0.27534494,0.32205945
HB-01500,Hospital B,overfit,0,0,0.50126445,0.6956792
HB-01506,Hospital B,overfit,0,1,0.57117337,0.56006247
HB-01508,Hospital B,overfit,0,0,0.39317486,0.49951458
HB-01510,Hospital B,overfit,0,0,0.06673714,0.06906843
HB-01515,Hospital B,overfit,0,0,0.9405834,2.8231807
HB-01517,Hospital B,overfit,0,1,0.14593615,1.924586
HB-01518,Hospital B,overfit,0,0,0.29218,0.34556544
HB-01519,Hospital B,overfit,0,1,0.3649136,1.0080947
HB-01521,Hospital B,overfit,0,0,0.07179454,0.07450223
HB-01522,Hospital B,overfit,0,1,0.110224925,2.2052321
HB-01525,Hospital B,overfit,0,1,0.7202439,0.3281655
HB-01526,Hospital B,overfit,0,1,0.9999994,6.504223e-07
HB-01527,Hospital B,overfit,0,1,1.0,2.3686103e-10
HB-01530,Hospital B,overfit,0,1,0.18432003,1.6910818
HB-01531,Hospital B,overfit,0,1,0.59558517,0.5182109
HB-01533,Hospital B,overfit,0,0,0.8668089,2.01597
HB-01539,Hospital B,overfit,0,1,0.28172207,1.2668343
HB-01540,Hospital B,overfit,0,1,0.15668485,1.853519
HB-01541,Hospital B,overfit,0,0,0.3130516,0.37549615
HB-01543,Hospital B,overfit,0,1,0.602829,0.5061217
HB-01544,Hospital B,overfit,0,0,0.38650125,0.48857713
HB-01545,Hospital B,overfit,0,0,0.014812904,0.014923573
HB-01548,Hospital B,overfit,0,1,1.0,8.11553e-17
HB-01550,Hospital B,overfit,0,0,0.11937879,0.12712765
HB-01551,Hospital B,overfit,0,0,0.38899928,0.49265712
HB-01555,Hospital B,overfit,0,0,0.8253318,1.744867
HB-01558,Hospital B,overfit,0,1,0.6784637,0.38792425
HB-01560,Hospital B,overfit,0,1,0.2861357,1.2512891
HB-01565,Hospital B,overfit,0,0,0.9130325,2.4422204
HB-01566,Hospital B,overfit,0,1,0.83961135,0.17481622
HB-01571,Hospital B,overfit,0,1,0.8038557,0.21833554
HB-01572,Hospital B,overfit,0,0,0.76313865,1.4402802
HB-01573,Hospital B,overfit,0,0,0.64934033,1.0479392
HB-01574,Hospital B,overfit,0,0,0.06776703,0.07017255
HB-01575,Hospital B,overfit,0,1,0.58642983,0.53370225
HB-01578,Hospital B,overfit,0,1,0.9933385,0.0066836844
HB-01580,Hospital B,overfit,0,1,0.93231434,0.0700853
HB-01582,Hospital B,overfit,0,1,0.0040096324,5.519056
HB-01583,Hospital B,overfit,0,0,0.13205566,0.14162767
HB-01588,Hospital B,overfit,0,1,0.4768048,0.74064815
HB-01590,Hospital B,overfit,0,0,0.39544186,0.50325745
HB-01593,Hospital B,overfit,0,1,0.81630284,0.20296988
HB-01596,Hospital B,overfit,0,1,0.022505881,3.7939787
HB-01597,Hospital B,overfit,0,0,0.10384874,0.10964608
HB-01598,Hospital B,overfit,0,0,0.9841393,4.143914
HB-01599,Hospital B,overfit,0,1,0.4299157,0.84416616
HB-01600,Hospital B,overfit,0,1,0.1254675,2.0757086
HB-01601,Hospital B,overfit,0,1,0.9975682,0.0024347187
HB-01602,Hospital B,overfit,0,0,0.9984908,6.496166
HB-01603,Hospital B,overfit,0,0,0.683488,1.150394
HB-01607,Hospital B,overfit,0,0,0.83015054,1.7728426
HB-01608,Hospital B,overfit,0,1,1.0,1.3281238e-12
HB-01609,Hospital B,overfit,0,0,0.3985354,0.50838757
HB-01616,Hospital B,overfit,0,0,0.55681074,0.81375843
HB-01618,Hospital B,overfit,0,0,0.6108035,0.94367087
HB-01624,Hospital B,overfit,0,1,0.7909175,0.23456158
HB-01626,Hospital B,overfit,0,0,0.20387475,0.22799873
HB-01628,Hospital B,overfit,0,1,0.32869893,1.1126131
HB-01633,Hospital B,overfit,0,1,0.9540188,0.047071937
HB-01636,Hospital B,overfit,0,1,0.5357989,0.6239963
HB-01637,Hospital B,overfit,0,0,0.724854,1.2904536
HB-01639,Hospital B,overfit,0,0,0.30776358,0.36782765
HB-01640,Hospital B,overfit,0,0,0.55524176,0.81022435
HB-01641,Hospital B,overfit,0,1,0.7671082,0.26512745
HB-01643,Hospital B,overfit,0,1,0.9406728,0.06115989
HB-01644,Hospital B,overfit,0,1,0.061383598,2.7906125
HB-01645,Hospital B,overfit,0,0,0.21186318,0.2380836
HB-01648,Hospital B,overfit,0,1,0.355822,1.0333247
HB-01649,Hospital B,overfit,0,0,0.25149426,0.28967643
HB-01650,Hospital B,overfit,0,1,0.39971775,0.91699654
HB-01652,Hospital B,overfit,0,1,0.8065337,0.2150096
HB-01654,Hospital B,overfit,0,0,0.18478332,0.20430136
HB-01655,Hospital B,overfit,0,0,0.52988774,0.7547837
HB-01656,Hospital B,overfit,0,0,0.45240054,0.6022112
HB-01657,Hospital B,overfit,0,0,0.73730063,1.336745
HB-01659,Hospital B,overfit,0,0,0.61332947,0.9501822
HB-01663,Hospital B,overfit,0,0,0.58194345,0.87213856
HB-01664,Hospital B,overfit,0,1,0.44594377,0.8075624
HB-01666,Hospital B,overfit,0,0,0.8032678,1.6259116
HB-01670,Hospital B,overfit,0,1,0.44052023,0.819799
HB-01671,Hospital B,overfit,0,0,0.10338309,0.10912657
HB-01674,Hospital B,overfit,0,0,0.28743938,0.33889025
HB-01675,Hospital B,overfit,0,0,0.3710537,0.46370935
HB-01680,Hospital B,overfit,0,0,0.4753295,0.6449848
HB-01681,Hospital B,overfit,0,0,0.061245263,0.06320095
HB-01682,Hospital B,overfit,0,0,0.047979433,0.049168587
HB-01683,Hospital B,overfit,0,1,1.0,5.2083173e-08
HB-01686,Hospital B,overfit,0,1,0.9778217,0.022427933
HB-01687,Hospital B,overfit,0,0,0.9939705,5.111083
HB-01691,Hospital B,overfit,0,0,0.7419239,1.3545009
HB-01693,Hospital B,overfit,0,1,0.32399976,1.1270125
HB-01694,Hospital B,overfit,0,0,0.18601666,0.20581543
HB-01696,Hospital B,overfit,0,0,0.9370381,2.7652266
HB-01698,Hospital B,overfit,0,0,0.28150263,0.33059317
HB-01699,Hospital B,overfit,0,0,0.23836733,0.27229095
HB-01701,Hospital B,overfit,0,0,0.19064549,0.21151829
HB-01703,Hospital B,overfit,0,0,0.57872313,0.864465
HB-01704,Hospital B,overfit,0,0,0.40305454,0.5159295
HB-01705,Hospital B,overfit,0,0,0.058707707,0.060501575
HB-01706,Hospital B,overfit,0,0,0.38654205,0.4886436
HB-01707,Hospital B,overfit,0,0,0.8019903,1.619439
HB-01708,Hospital B,overfit,0,0,0.2727468,0.3184806
HB-01709,Hospital B,overfit,0,1,0.9959798,0.0040282793
HB-01712,Hospital B,overfit,0,0,0.81874216,1.7078347
HB-01714,Hospital B,overfit,0,1,0.697683,0.3599905
HB-01715,Hospital B,overfit,0,1,0.9999695,3.0544117e-05
HB-01718,Hospital B,overfit,0,1,0.99993205,6.791152e-05
HB-01719,Hospital B,overfit,0,1,0.05810137,2.845566
HB-01720,Hospital B,overfit,0,0,0.018907405,0.019088507
HB-01722,Hospital B,overfit,0,1,0.72988975,0.31486186
HB-01726,Hospital B,overfit,0,0,0.0102029415,0.010255337
HB-01727,Hospital B,overfit,0,1,0.28307712,1.2620358
HB-01729,Hospital B,overfit,0,0,0.5355857,0.7669782
HB-01730,Hospital B,overfit,0,1,0.99789965,0.0021025122
HB-01732,Hospital B,overfit,0,1,0.7140405,0.3368156
HB-01733,Hospital B,overfit,0,1,0.6242051,0.47127622
HB-01734,Hospital B,overfit,0,1,0.9999999,1.0061876e-07
HB-01737,Hospital B,overfit,0,0,0.7938991,1.5793893
HB-01738,Hospital B,overfit,0,1,0.9961422,0.003865233
HB-01740,Hospital B,overfit,0,0,0.7403564,1.3484454
HB-01742,Hospital B,overfit,0,1,0.30864435,1.1755656
HB-01744,Hospital B,overfit,0,0,0.9989806,6.8885975
HB-01747,Hospital B,overfit,0,0,0.9999999,15.611741
HB-01748,Hospital B,overfit,0,1,0.82216704,0.19581169
HB-01749,Hospital B,overfit,0,1,0.8153744,0.20410794
HB-01750,Hospital B,overfit,0,1,0.7918078,0.2334366
HB-01751,Hospital B,overfit,0,0,0.39326358,0.49966085
HB-01752,Hospital B,overfit,0,1,0.55461603,0.5894792
HB-01753,Hospital B,overfit,0,1,0.67341226,0.3953975
HB-01755,Hospital B,overfit,0,1,0.9976411,0.002361667
HB-01757,Hospital B,overfit,0,1,0.13015205,2.039052
HB-01759,Hospital B,overfit,0,0,0.398063,0.5076025
HB-01761,Hospital B,overfit,0,1,0.9993806,0.00061958976
HB-01764,Hospital B,overfit,0,1,0.7859722,0.24083388
HB-01765,Hospital B,overfit,0,1,0.54892975,0.5997848
HB-01775,Hospital B,overfit,0,0,0.94402647,2.8828762
HB-01778,Hospital B,overfit,0,0,0.45690665,0.61047405
HB-01779,Hospital B,overfit,0,1,0.95076865,0.05048453
HB-01780,Hospital B,overfit,0,0,0.5287137,0.75228953
HB-01782,Hospital B,overfit,0,0,0.31405112,0.37695217
HB-01783,Hospital B,overfit,0,1,0.76642436,0.2660193
HB-01785,Hospital B,overfit,0,0,0.7835351,1.5303271
HB-01788,Hospital B,overfit,0,0,0.06984054,0.07239914
HB-01789,Hospital B,overfit,0,0,0.9722435,3.5842826
HB-01792,Hospital B,overfit,0,1,0.8003439,0.22271384
HB-01793,Hospital B,overfit,0,0,0.9999727,10.508526
HB-01798,Hospital B,overfit,0,0,0.46069267,0.6174698
HB-01799,Hospital B,overfit,0,0,0.41646054,0.5386431
HB-01800,Hospital B,overfit,0,0,0.09070183,0.09508228
HB-01801,Hospital B,overfit,0,0,1.0,32.444042
HB-01807,Hospital B,overfit,0,1,0.91143334,0.09273683
HB-01808,Hospital B,overfit,0,0,0.8172861,1.6998334
HB-01810,Hospital B,overfit,0,0,0.34353715,0.4208892
HB-01812,Hospital B,overfit,0,0,0.5780313,0.8628241
HB-01814,Hospital B,overfit,0,1,0.9090453,0.09536036
HB-01815,Hospital B,overfit,0,1,0.5772834,0.549422
HB-01817,Hospital B,overfit,0,1,0.9955824,0.004427416
HB-01818,Hospital B,overfit,0,0,0.044560444,0.045583725
HB-01819,Hospital B,overfit,0,0,0.9737491,3.6400545
HB-01823,Hospital B,overfit,0,1,0.34161255,1.074078
HB-01825,Hospital B,overfit,0,0,0.2960268,0.35101503
HB-01828,Hospital B,overfit,0,1,1.0,1.5183487e-19
HB-01829,Hospital B,overfit,0,1,0.98961675,0.0104375975
HB-01830,Hospital B,overfit,0,1,0.9765688,0.023710039
HB-01831,Hospital B,overfit,0,1,0.4301544,0.8436111
HB-01832,Hospital B,overfit,0,0,0.46243012,0.6206965
HB-01834,Hospital B,overfit,0,1,0.9488295,0.05252622
HB-01835,Hospital B,overfit,0,1,0.16213599,1.8193198
HB-01836,Hospital B,overfit,0,0,0.07908186,0.08238411
HB-01840,Hospital B,overfit,0,1,0.52185035,0.6503744
HB-01846,Hospital B,overfit,0,0,0.14330617,0.15467465
HB-01847,Hospital B,overfit,0,1,0.16293776,1.814387
HB-01849,Hospital B,overfit,0,0,0.49909458,0.69133794
HB-01851,Hospital B,overfit,0,0,0.31154203,0.37330103
HB-01854,Hospital B,overfit,0,0,0.09978535,0.10512209
HB-01857,Hospital B,overfit,0,1,0.867084,0.14261933
HB-01859,Hospital B,overfit,0,0,0.75584394,1.4099478
HB-01861,Hospital B,overfit,0,1,1.0,9.189378e-11
HB-01862,Hospital B,overfit,0,0,0.7508714,1.3897862
HB-01864,Hospital B,overfit,0,0,0.8918697,2.2244184
HB-01866,Hospital B,overfit,0,0,0.71930987,1.270504
HB-01870,Hospital B,overfit,0,0,0.45302594,0.6033539
HB-01872,Hospital B,overfit,0,0,0.011677717,0.011746407
HB-01873,Hospital B,overfit,0,0,0.045864332,0.046949387
HB-01877,Hospital B,overfit,0,1,0.99975353,0.00024647743
HB-01879,Hospital B,overfit,0,0,0.19477618,0.21663499
HB-01883,Hospital B,overfit,0,0,0.58661014,0.88336414
HB-01885,Hospital B,overfit,0,1,0.9543403,0.046735052
HB-01886,Hospital B,overfit,0,1,0.18404873,1.6925547
HB-01889,Hospital B,overfit,0,0,0.4186805,0.5424547
HB-01892,Hospital B,overfit,0,1,0.6172224,0.4825258
HB-01894,Hospital B,overfit,0,1,0.14693889,1.9177386
HB-01898,Hospital B,overfit,0,1,0.99893934,0.0010612553
HB-01899,Hospital B,overfit,0,0,0.19936593,0.22235131
HB-01901,Hospital B,overfit,0,1,0.9231778,0.079933524
HB-01902,Hospital B,overfit,0,0,0.3244841,0.39227867
HB-01906,Hospital B,overfit,0,0,0.19855584,0.22134006
HB-01909,Hospital B,overfit,0,0,0.03426314,0.03486395
HB-01911,Hospital B,overfit,0,0,0.33397552,0.4064288
HB-01913,Hospital B,overfit,0,0,0.11365386,0.12064767
HB-01915,Hospital B,overfit,0,1,0.1320192,2.024808
HB-01916,Hospital B,overfit,0,0,0.12390278,0.1322782
HB-01917,Hospital B,overfit,0,0,0.46430054,0.62418205
HB-01918,Hospital B,overfit,0,1,0.98138726,0.01878808
HB-01919,Hospital B,overfit,0,0,0.016017666,0.016147137
HB-01920,Hospital B,overfit,0,1,0.94702965,0.054424852
HB-01921,Hospital B,overfit,0,1,0.21637407,1.5307466
HB-01922,Hospital B,overfit,0,0,0.42247212,0.5489986
HB-01925,Hospital B,overfit,0,0,0.21430594,0.24118781
HB-01927,Hospital B,overfit,0,1,0.9999999,1.4899987e-07
HB-01929,Hospital B,overfit,0,1,0.9398375,0.062048335
HB-01930,Hospital B,overfit,0,0,0.2590322,0.299798
HB-01932,Hospital B,overfit,0,0,0.22751956,0.25814867
HB-01935,Hospital B,overfit,0,1,1.0,6.698148e-18
HB-01937,Hospital B,overfit,0,0,0.60486525,0.92852855
HB-01938,Hospital B,overfit,0,1,0.1864107,1.679803
HB-01940,Hospital B,overfit,0,1,0.36619067,1.0046011
HB-01942,Hospital B,overfit,0,0,0.1855154,0.20519972
HB-01944,Hospital B,overfit,0,0,0.22086939,0.24957657
HB-01945,Hospital B,overfit,0,0,0.5088878,0.7110827
HB-01949,Hospital B,overfit,0,1,0.9999889,1.1097545e-05
HB-01954,Hospital B,overfit,0,1,0.99993324,6.671347e-05
HB-01955,Hospital B,overfit,0,0,0.40627795,0.52134407
HB-01956,Hospital B,overfit,0,1,0.99651814,0.003487971
HB-01957,Hospital B,overfit,0,1,0.26313528,1.335087
HB-01959,Hospital B,overfit,0,1,0.580778,0.54338664
HB-01962,Hospital B,overfit,0,0,0.9841569,4.1450186
HB-01963,Hospital B,overfit,0,1,0.15407965,1.8702856
HB-01964,Hospital B,overfit,0,0,0.82974684,1.7704687
HB-01965,Hospital B,overfit,0,0,0.852041,1.91082
HB-01966,Hospital B,overfit,0,1,0.99999976,2.2477955e-07
HB-01967,Hospital B,overfit,0,1,0.8941829,0.111844935
HB-01968,Hospital B,overfit,0,0,0.16826782,0.18424475
HB-01969,Hospital B,overfit,0,1,0.9403521,0.061500944
HB-01970,Hospital B,overfit,0,1,0.11230564,2.186531
HB-01971,Hospital B,overfit,0,1,0.0012244572,6.7052574
HB-01972,Hospital B,overfit,0,0,0.026458435,0.0268147
HB-01973,Hospital B,overfit,0,0,0.830044,1.7722158
HB-01975,Hospital B,overfit,0,0,0.418692,0.5424745
HB-01977,Hospital B,overfit,0,1,0.9944596,0.005555811
HB-01978,Hospital B,overfit,0,0,0.18808259,0.20835662
HB-01981,Hospital B,overfit,0,1,0.3865381,0.95052487
HB-01982,Hospital B,overfit,0,1,0.0018147565,6.311804
HB-01984,Hospital B,overfit,0,1,0.2715691,1.3035386
HB-01987,Hospital B,overfit,0,1,0.9159807,0.08776003
HB-01988,Hospital B,overfit,0,0,0.15243414,0.1653868
HB-01992,Hospital B,overfit,0,0,0.9805353,3.9391553
HB-01994,Hospital B,overfit,0,1,0.3680101,0.9996449
HB-01996,Hospital B,overfit,0,0,0.16882779,0.18491828
HB-01997,Hospital B,overfit,0,0,0.45211858,0.6016964
HB-01998,Hospital B,overfit,0,0,0.009706386,0.009753704
HB-02002,Hospital B,overfit,0,1,0.9122236,0.09187024
HB-02005,Hospital B,overfit,0,0,0.05104369,0.052392483
HB-02006,Hospital B,overfit,0,0,0.54105425,0.77882326
HB-02008,Hospital B,overfit,0,0,0.47231993,0.63926506
HB-02010,Hospital B,overfit,0,0,0.9286897,2.6407151
HB-02013,Hospital B,overfit,0,1,0.5109961,0.6713933
HB-02015,Hospital B,overfit,0,1,0.3137077,1.1592937
HB-02016,Hospital B,overfit,0,0,0.3974619,0.5066044
HB-02017,Hospital B,overfit,0,1,0.929265,0.07336129
HB-02018,Hospital B,overfit,0,1,0.09000225,2.4079206
HB-02019,Hospital B,overfit,0,1,1.0,2.9149609e-08
HB-02020,Hospital B,overfit,0,0,0.6058534,0.93103236
HB-02022,Hospital B,overfit,0,0,0.043333933,0.044300795
HB-02024,Hospital B,overfit,0,1,0.56818146,0.5653144
HB-02027,Hospital B,overfit,0,1,0.47267944,0.74933773
HB-02029,Hospital B,overfit,0,0,0.21448286,0.241413
HB-02031,Hospital B,overfit,0,0,0.8093432,1.6572804
HB-02032,Hospital B,overfit,0,1,0.5826413,0.54018354
HB-02036,Hospital B,overfit,0,1,0.10010495,2.301536
HB-02038,Hospital B,overfit,0,1,0.65344584,0.42549565
HB-02041,Hospital B,overfit,0,0,0.22134128,0.2501825
HB-02043,Hospital B,overfit,0,0,0.39656857,0.5051229
HB-02044,Hospital B,overfit,0,0,0.2512376,0.28933358
HB-02045,Hospital B,overfit,0,1,0.55321527,0.5920081
HB-02046,Hospital B,overfit,0,1,0.18939127,1.6639402
HB-02048,Hospital B,overfit,0,1,0.9997004,0.0002996558
HB-02049,Hospital B,overfit,0,1,0.9226928,0.08045898
HB-02050,Hospital B,overfit,0,0,0.8300461,1.7722282
HB-02055,Hospital B,overfit,0,0,0.75741833,1.416417
HB-02057,Hospital B,overfit,0,0,0.9376188,2.7744906
HB-02061,Hospital B,overfit,0,1,0.99876726,0.0012335253
HB-02063,Hospital B,overfit,0,0,0.65240633,1.0567212
HB-02064,Hospital B,overfit,0,1,0.79425526,0.2303504
HB-02065,Hospital B,overfit,0,1,0.9445795,0.057015497
HB-02067,Hospital B,overfit,0,0,0.6974134,1.1953876
HB-02069,Hospital B,overfit,0,1,0.9735337,0.026822846
HB-02071,Hospital B,overfit,0,0,0.7712736,1.475229
HB-02072,Hospital B,overfit,0,0,0.9999995,14.538702
HB-02073,Hospital B,overfit,0,0,0.57975286,0.8669124
HB-02074,Hospital B,overfit,0,0,0.9999471,9.845867
HB-02075,Hospital B,overfit,0,1,0.98322165,0.01692069
HB-02077,Hospital B,overfit,0,0,0.037920192,0.038657904
HB-02082,Hospital B,overfit,0,1,0.58545244,0.5353704
HB-02083,Hospital B,overfit,0,0,0.9469617,2.93674
HB-02084,Hospital B,overfit,0,0,0.78189576,1.5227823
HB-02086,Hospital B,overfit,0,0,0.104836084,0.11074853
HB-02087,Hospital B,overfit,0,0,0.9089834,2.3967142
HB-02088,Hospital B,overfit,0,0,0.82216907,1.7269217
HB-02093,Hospital B,overfit,0,0,0.016984506,0.017130375
HB-02094,Hospital B,overfit,0,1,0.5694394,0.56310296
HB-02096,Hospital B,overfit,0,0,0.7279439,1.3017471
HB-02097,Hospital B,overfit,0,1,0.96888506,0.031609237
HB-02100,Hospital B,overfit,0,1,0.062714145,2.7691681
HB-02101,Hospital B,overfit,0,0,0.8614212,1.9763165
HB-02107,Hospital B,overfit,0,0,0.41332698,0.5332876
HB-02109,Hospital B,overfit,0,0,0.0832255,0.0868938
HB-02115,Hospital B,overfit,0,1,0.97908163,0.021140274
HB-02116,Hospital B,overfit,0,0,0.19590995,0.21804404
HB-02118,Hospital B,overfit,0,0,0.8910676,2.217028
HB-02123,Hospital B,overfit,0,0,0.07589454,0.078929186
HB-02126,Hospital B,overfit,0,1,0.9504207,0.05085055
HB-02130,Hospital B,overfit,0,1,0.99999976,2.6904414e-07
HB-02131,Hospital B,overfit,0,0,0.97515374,3.6950505
HB-02132,Hospital B,overfit,0,0,0.08774683,0.091837645
HB-02133,Hospital B,overfit,0,0,0.97946894,3.8858178
HB-02138,Hospital B,overfit,0,0,0.40311244,0.51602656
HB-02142,Hospital B,overfit,0,0,0.21042673,0.23626268
HB-02143,Hospital B,overfit,0,1,0.9834499,0.016688641
HB-02145,Hospital B,overfit,0,0,0.71072555,1.2403793
HB-02146,Hospital B,overfit,0,0,0.61186785,0.94640934
HB-02148,Hospital B,overfit,0,1,0.9991233,0.00087707385
HB-02154,Hospital B,overfit,0,1,0.9960681,0.003939566
HB-02156,Hospital B,overfit,0,0,0.42635828,0.55575025
HB-02157,Hospital B,overfit,0,1,0.96675205,0.033813287
HB-02160,Hospital B,overfit,0,0,0.09868508,0.10390067
HB-02161,Hospital B,overfit,0,0,0.85873467,1.9571157
HB-02162,Hospital B,overfit,0,0,0.18990998,0.21060991
HB-02163,Hospital B,overfit,0,1,0.18500829,1.6873547
HB-02164,Hospital B,overfit,0,0,0.40563974,0.52026963
HB-02165,Hospital B,overfit,0,0,0.77862424,1.5078937
HB-02166,Hospital B,overfit,0,0,0.1066083,0.112730265
HB-02167,Hospital B,overfit,0,1,0.24860343,1.3918962
HB-02170,Hospital B,overfit,0,1,0.4357709,0.83063865
HB-02173,Hospital B,overfit,0,0,0.084160954,0.087914705
HB-02177,Hospital B,overfit,0,0,0.047024254,0.0481658
HB-02178,Hospital B,overfit,0,0,0.20768888,0.2328012
HB-02180,Hospital B,overfit,0,1,0.9821249,0.018036796
HB-02181,Hospital B,overfit,0,1,0.7487542,0.2893445
HB-02185,Hospital B,overfit,0,0,0.12973504,0.1389575
HB-02186,Hospital B,overfit,0,1,0.9999995,4.2098603e-07
HB-02189,Hospital B,overfit,0,1,0.033973772,3.3821664
HB-02190,Hospital B,overfit,0,1,0.9999949,5.0703575e-06
HB-02191,Hospital B,overfit,0,0,0.13234714,0.14196348
HB-02192,Hospital B,overfit,0,0,0.054420575,0.055957317
HB-02196,Hospital B,overfit,0,0,0.054612137,0.056159973
HB-02199,Hospital B,overfit,0,0,0.5129667,0.71942276
HB-02200,Hospital B,overfit,0,1,0.45518026,0.7870617
HB-02201,Hospital B,overfit,0,0,0.45556182,0.608001
HB-02202,Hospital B,overfit,0,1,0.4943956,0.70441914
HB-02205,Hospital B,overfit,0,1,0.21545137,1.53502
HB-02206,Hospital B,overfit,0,0,0.9294905,2.6520083
HB-02207,Hospital B,overfit,0,1,0.30662778,1.1821207
HB-02210,Hospital B,overfit,0,1,0.99840766,0.0015936805
HB-02211,Hospital B,overfit,0,1,0.8841057,0.12317866
HB-02212,Hospital B,overfit,0,0,0.33388278,0.40628964
HB-02214,Hospital B,overfit,0,1,0.76354116,0.26978827
HB-02215,Hospital B,overfit,0,0,0.96478117,3.3461728
HB-02216,Hospital B,overfit,0,0,0.59143597,0.8951067
HB-02217,Hospital B,overfit,0,0,0.999845,8.772056
HB-02218,Hospital B,overfit,0,1,0.1770072,1.7315649
HB-02221,Hospital B,overfit,0,0,0.8717792,2.0540016
HB-02223,Hospital B,overfit,0,0,0.10418629,0.11002278
HB-02224,Hospital B,overfit,0,1,0.63835806,0.4488559
HB-02227,Hospital B,overfit,0,0,0.025489733,0.025820255
HB-02228,Hospital B,overfit,0,1,0.9903487,0.00969821
HB-02229,Hospital B,overfit,0,1,0.61796147,0.48132923
HB-02230,Hospital B,overfit,0,0,0.06276483,0.064821005
HB-02231,Hospital B,overfit,0,1,0.56045043,0.5790145
HB-02233,Hospital B,overfit,0,1,0.39032802,0.94076777
HB-02234,Hospital B,overfit,0,1,0.11482961,2.164306
HB-02239,Hospital B,overfit,0,0,0.71162283,1.2434862
HB-02240,Hospital B,overfit,0,1,0.89770836,0.10791002
HB-02242,Hospital B,overfit,0,0,0.6116746,0.94591165
HB-02247,Hospital B,overfit,0,1,0.96460164,0.03604007
HB-02248,Hospital B,overfit,0,0,0.43533912,0.57153
HB-02249,Hospital B,overfit,0,0,0.2706766,0.31563807
HB-02252,Hospital B,overfit,0,0,0.074979536,0.07793951
HB-02258,Hospital B,overfit,0,1,0.6747165,0.39346278
HB-02261,Hospital B,overfit,0,0,0.60145766,0.9199414
HB-02264,Hospital B,overfit,0,0,0.42399967,0.55164707
HB-02266,Hospital B,overfit,0,0,0.49440002,0.68200946
HB-02268,Hospital B,overfit,0,0,0.72456336,1.2893977
HB-02269,Hospital B,overfit,0,1,1.0,1.8069228e-11
HB-02270,Hospital B,overfit,0,0,0.41468114,0.5355985
HB-02272,Hospital B,overfit,0,1,0.036414,3.312802
HB-02274,Hospital B,overfit,0,0,0.43400317,0.56916684
HB-02275,Hospital B,overfit,0,1,0.13452943,2.0059724
HB-02280,Hospital B,overfit,0,0,0.45360067,0.60440516
HB-02285,Hospital B,overfit,0,0,0.3407894,0.41671222
HB-02286,Hospital B,overfit,0,0,0.25146258,0.2896341
HB-02290,Hospital B,overfit,0,0,0.2911107,0.34405595
HB-02293,Hospital B,overfit,0,0,0.5815871,0.8712865
HB-02294,Hospital B,overfit,0,0,0.039144527,0.039931297
HB-02298,Hospital B,overfit,0,0,0.37165925,0.46467263
HB-02299,Hospital B,overfit,0,0,0.55828124,0.8170819
HB-02300,Hospital B,overfit,0,0,0.24440798,0.28025377
HB-02301,Hospital B,overfit,0,1,0.8207184,0.19757524
HB-02302,Hospital B,overfit,0,1,1.0,6.1160706e-13
HB-02306,Hospital B,overfit,0,0,0.04262073,0.043555737
HB-02308,Hospital B,overfit,0,0,0.85387135,1.9232676
HB-02309,Hospital B,overfit,0,0,0.1488255,0.16113818
HB-02310,Hospital B,overfit,0,0,0.21215649,0.23845577
HB-02311,Hospital B,overfit,0,0,0.19517168,0.21712625
HB-02312,Hospital B,overfit,0,0,0.17429131,0.19151318
HB-02314,Hospital B,overfit,0,0,0.48206684,0.65790904
HB-02316,Hospital B,overfit,0,0,0.3306797,0.4014926
HB-02319,Hospital B,overfit,0,0,0.3802397,0.47842252
HB-02320,Hospital B,overfit,0,0,0.3376603,0.4119767
HB-02322,Hospital B,overfit,0,1,0.82060033,0.19771907
HB-02324,Hospital B,overfit,0,1,0.9900059,0.010044367
HB-02328,Hospital B,overfit,0,0,0.8568259,1.9436939
HB-02329,Hospital B,overfit,0,1,0.24492858,1.4067886
HB-02330,Hospital B,overfit,0,0,0.54428643,0.7858909
HB-02331,Hospital B,overfit,0,0,0.19712448,0.21955562
HB-02332,Hospital B,overfit,0,0,0.7198191,1.2723199
HB-02334,Hospital B,overfit,0,0,0.93824315,2.7845507
HB-02335,Hospital B,overfit,0,0,0.2583903,0.2989322
HB-02336,Hospital B,overfit,0,0,0.88230014,2.1396177
HB-02338,Hospital B,overfit,0,1,0.9246398,0.07835101
HB-02339,Hospital B,overfit,0,0,0.07139215,0.074068785
HB-02344,Hospital B,overfit,0,0,0.23364261,0.2661066
HB-02346,Hospital B,overfit,0,0,0.93584734,2.7464893
HB-02347,Hospital B,overfit,0,0,0.093974344,0.09868765
HB-02351,Hospital B,overfit,0,0,0.8877493,2.1870208
HB-02352,Hospital B,overfit,0,1,0.044525232,3.1116993
HB-02354,Hospital B,overfit,0,1,0.82505727,0.19230245
HB-02355,Hospital B,overfit,0,0,0.04702824,0.04817009
HB-02357,Hospital B,overfit,0,0,0.06345502,0.06555772
HB-02358,Hospital B,overfit,0,1,0.9362432,0.065880045
HB-02359,Hospital B,overfit,0,0,0.14338376,0.15476525
HB-02360,Hospital B,overfit,0,1,0.2224554,1.5030286
HB-02361,Hospital B,overfit,0,1,0.98696893,0.013116763
HB-02362,Hospital B,overfit,0,1,0.026414534,3.6338408
HB-02363,Hospital B,overfit,0,0,0.08547333,0.089348555
HB-02364,Hospital B,overfit,0,1,0.4823158,0.72915626
HB-02365,Hospital B,overfit,0,0,0.18468612,0.20418215
HB-02366,Hospital B,overfit,0,0,0.38892615,0.49253744
HB-02369,Hospital B,overfit,0,1,0.6672871,0.40453482
HB-02377,Hospital B,overfit,0,0,0.32922113,0.3993157
HB-02378,Hospital B,overfit,0,0,0.389933,0.49418646
HB-02379,Hospital B,overfit,0,1,0.9960975,0.003910189
HB-02383,Hospital B,overfit,0,1,0.70681334,0.3469886
HB-02386,Hospital B,overfit,0,1,0.97362375,0.02673038
HB-02387,Hospital B,overfit,0,1,0.3963079,0.9255638
HB-02388,Hospital B,overfit,0,1,1.0,1.1042253e-15
HB-02389,Hospital B,overfit,0,0,0.90834934,2.3897715
HB-02391,Hospital B,overfit,0,1,0.9988986,0.0011019562
HB-02393,Hospital B,overfit,0,1,0.8007664,0.22218597
HB-02394,Hospital B,overfit,0,1,0.18520923,1.6862692
HB-02395,Hospital B,overfit,0,1,0.21387953,1.5423424
HB-02396,Hospital B,overfit,0,0,0.45386103,0.60488176
HB-02397,Hospital B,overfit,0,0,0.23721802,0.27078307
HB-02398,Hospital B,overfit,0,1,0.7472272,0.291386
HB-02399,Hospital B,overfit,0,0,0.99524516,5.3485913
HB-02400,Hospital B,overfit,0,0,0.9274574,2.6235812
HB-02401,Hospital B,overfit,0,1,0.060103066,2.8116944
HB-02407,Hospital B,overfit,0,0,0.9933076,5.006789
HB-02410,Hospital B,overfit,0,0,0.14460093,0.15618718
HB-02411,Hospital B,overfit,0,1,0.29464164,1.2219955
HB-02412,Hospital B,overfit,0,0,0.56036806,0.82181746
HB-02413,Hospital B,overfit,0,0,0.13112327,0.14055407
HB-02414,Hospital B,overfit,0,0,0.24790525,0.28489292
HB-02415,Hospital B,overfit,0,0,0.99896455,6.872886
HB-02417,Hospital B,overfit,0,1,0.5030558,0.6870541
HB-02418,Hospital B,overfit,0,1,0.9891432,0.010916187
HB-02421,Hospital B,overfit,0,1,0.9950859,0.0049262303
HB-02422,Hospital B,overfit,0,0,0.103617124,0.109387636
HB-02424,Hospital B,overfit,0,0,0.04806409,0.049257517
HB-02425,Hospital B,overfit,0,0,0.8670619,2.0178719
HB-02426,Hospital B,overfit,0,1,0.71401024,0.336858
HB-02427,Hospital B,overfit,0,0,0.6538176,1.0607895
HB-02428,Hospital B,overfit,0,0,0.032016832,0.03254056
HB-02430,Hospital B,overfit,0,1,0.8048293,0.21712504
HB-02431,Hospital B,overfit,0,1,0.28291482,1.2626095
HB-02433,Hospital B,overfit,0,1,0.9454111,0.056135397
HB-02437,Hospital B,overfit,0,0,0.48212287,0.6580173
HB-02439,Hospital B,overfit,0,1,0.5132164,0.66705775
HB-02441,Hospital B,overfit,0,0,0.2020465,0.22570503
HB-02442,Hospital B,overfit,0,0,0.6626708,1.0866959
HB-02446,Hospital B,overfit,0,0,0.005469093,0.005484104
HB-02448,Hospital B,overfit,0,0,0.490944,0.67519724
HB-02453,Hospital B,overfit,0,1,0.6903305,0.3705848
HB-02459,Hospital B,overfit,0,1,0.7666199,0.2657642
HB-02461,Hospital B,overfit,0,1,0.5517594,0.5946431
HB-02464,Hospital B,overfit,0,0,0.7711591,1.4747285
HB-02466,Hospital B,overfit,0,0,0.3765729,0.47252345
HB-02469,Hospital B,overfit,0,0,0.01727079,0.017421722
HB-02470,Hospital B,overfit,0,0,0.23452842,0.26726317
HB-02472,Hospital B,overfit,0,0,0.9997143,8.16087
HB-02473,Hospital B,overfit,0,1,1.0,7.847949e-13
HB-02475,Hospital B,overfit,0,1,0.9330015,0.069348484
HB-02476,Hospital B,overfit,0,0,0.23067361,0.26223993
HB-02477,Hospital B,overfit,0,0,0.09768459,0.10279107
HB-02478,Hospital B,overfit,0,0,0.19671199,0.21904194
HB-02481,Hospital B,overfit,0,1,0.52971154,0.63542265
HB-02482,Hospital B,overfit,0,1,0.064222984,2.7453942
HB-02483,Hospital B,overfit,0,1,0.9126626,0.091388986
HB-02484,Hospital B,overfit,0,1,0.9972519,0.002751827
HB-02486,Hospital B,overfit,0,0,0.15006673,0.16259742
HB-02489,Hospital B,overfit,0,1,0.89564556,0.110210545
HB-02491,Hospital B,overfit,0,0,0.36636296,0.45627898
HB-02493,Hospital B,overfit,0,0,0.5689274,0.8414787
HB-02494,Hospital B,overfit,0,0,0.053987138,0.055499077
HB-02495,Hospital B,overfit,0,0,0.8555876,1.9350826
HB-02498,Hospital B,overfit,0,1,0.49654326,0.70008475
HB-02499,Hospital B,overfit,0,0,0.3693532,0.46100932
HB-02501,Hospital B,overfit,0,0,0.3748348,0.46973938
HB-02503,Hospital B,overfit,0,0,1.0,20.292707
HB-02504,Hospital B,overfit,0,0,0.0012140567,0.0012149811
HB-02506,Hospital B,overfit,0,1,0.6096211,0.4949177
HB-02507,Hospital B,overfit,0,1,0.07705383,2.563251
HB-02508,Hospital B,overfit,0,0,0.8594785,1.962395
HB-02512,Hospital B,overfit,0,1,0.9990243,0.00097616506
HB-02514,Hospital B,overfit,0,0,0.28159043,0.33071542
HB-02515,Hospital B,overfit,0,0,0.29435903,0.34864867
HB-02521,Hospital B,overfit,0,0,0.32080534,0.3868475
HB-02522,Hospital B,overfit,0,0,0.07653837,0.07962608
HB-02525,Hospital B,overfit,0,0,0.44446003,0.5878147
HB-02526,Hospital B,overfit,0,1,0.40832284,0.8956972
HB-02527,Hospital B,overfit,0,0,0.027309865,0.027689695
HB-02528,Hospital B,overfit,0,0,0.46621227,0.6277571
HB-02529,Hospital B,overfit,0,1,0.9885338,0.01153238
HB-02530,Hospital B,overfit,0,1,0.3478416,1.0560081
HB-02531,Hospital B,overfit,0,0,0.14015439,0.1510024
HB-02532,Hospital B,overfit,0,0,0.13529955,0.14537203
HB-02533,Hospital B,overfit,0,0,0.59212327,0.8967902
HB-02537,Hospital B,overfit,0,1,0.99984646,0.00015358267
HB-02539,Hospital B,overfit,0,0,0.99876165,6.6939588
HB-02541,Hospital B,overfit,0,0,0.99772924,6.087652
HB-02542,Hospital B,overfit,0,0,0.3355897,0.4088555
HB-02543,Hospital B,overfit,0,0,0.20801046,0.2332071
HB-02549,Hospital B,overfit,0,0,0.7578198,1.418073
HB-02555,Hospital B,overfit,0,1,0.999998,2.0274585e-06
HB-02556,Hospital B,overfit,0,1,0.9823203,0.017837869
HB-02557,Hospital B,overfit,0,0,0.04568796,0.046764612
HB-02558,Hospital B,overfit,0,0,0.045869812,0.04695511
HB-02559,Hospital B,overfit,0,1,0.4083008,0.8957512
HB-02566,Hospital B,overfit,0,0,0.07477439,0.07771778
HB-02568,Hospital B,overfit,0,0,0.5628247,0.82742107
HB-02569,Hospital B,overfit,0,0,0.49351767,0.6802659
HB-02570,Hospital B,overfit,0,0,0.9480835,2.9581194
HB-02571,Hospital B,overfit,0,0,0.90033764,2.3059678
HB-02575,Hospital B,overfit,0,0,0.2433093,0.27880073
HB-02577,Hospital B,overfit,0,0,0.94524425,2.9048722
HB-02580,Hospital B,overfit,0,1,0.54011405,0.61597496
HB-02581,Hospital B,overfit,0,0,0.32550842,0.39379603
HB-02588,Hospital B,overfit,0,0,0.43061236,0.5631938
HB-02592,Hospital B,overfit,0,0,0.381885,0.48108077
HB-02598,Hospital B,overfit,0,0,0.9305273,2.6668217
HB-02600,Hospital B,overfit,0,0,0.47349516,0.64149475
HB-02601,Hospital B,overfit,0,1,0.4337199,0.83535635
HB-02603,Hospital B,overfit,0,0,0.22578077,0.25590014
HB-02605,Hospital B,overfit,0,1,0.51020914,0.6729345
HB-02608,Hospital B,overfit,0,1,0.9993699,0.0006302937
HB-02609,Hospital B,overfit,0,0,0.07276969,0.07555318
HB-02610,Hospital B,overfit,0,0,0.8538486,1.9231118
HB-02611,Hospital B,overfit,0,0,0.9679776,3.4413176
HB-02614,Hospital B,overfit,0,0,0.05198348,0.05338335
HB-02616,Hospital B,overfit,0,0,0.39946228,0.5099298
HB-02617,Hospital B,overfit,0,0,0.48602834,0.6655871
HB-02622,Hospital B,overfit,0,1,0.4848899,0.72383344
HB-02626,Hospital B,overfit,0,0,0.37031898,0.46254194
HB-02628,Hospital B,overfit,0,0,0.3294367,0.39963722
HB-02629,Hospital B,overfit,0,1,0.9999999,9.764012e-08
HB-02630,Hospital B,overfit,0,1,0.9283966,0.07429626
HB-02632,Hospital B,overfit,0,0,0.10431321,0.110164404
HB-02633,Hospital B,overfit,0,1,0.320966,1.13642
HB-02635,Hospital B,overfit,0,1,0.7647196,0.26824602
HB-02636,Hospital B,overfit,0,1,0.82772326,0.18907636
HB-02638,Hospital B,overfit,0,0,0.73370814,1.3231624
HB-02642,Hospital B,overfit,0,1,0.15688609,1.8522353
HB-02643,Hospital B,overfit,0,1,0.66260976,0.411569
HB-02646,Hospital B,overfit,0,1,0.5049078,0.6833794
HB-02647,Hospital B,overfit,0,1,0.43133548,0.8408691
HB-02648,Hospital B,overfit,0,1,0.43026376,0.84335697
HB-02650,Hospital B,overfit,0,0,0.5070446,0.7073366
HB-02654,Hospital B,overfit,0,1,0.9565606,0.044411093
HB-02655,Hospital B,overfit,0,0,0.52897984,0.75285435
HB-02656,Hospital B,overfit,0,0,0.3639247,0.4524383
HB-02659,Hospital B,overfit,0,1,0.36012575,1.021302
HB-02664,Hospital B,overfit,0,0,0.13141485,0.14088976
HB-02665,Hospital B,overfit,0,1,0.45013762,0.7982019
HB-02668,Hospital B,overfit,0,0,0.2859111,0.33674777
HB-02669,Hospital B,overfit,0,0,0.07522444,0.078204155
HB-02671,Hospital B,overfit,0,1,0.5954976,0.51835793
HB-02672,Hospital B,overfit,0,1,0.8315982,0.18440592
HB-02673,Hospital B,overfit,0,0,0.96950364,3.4901495
HB-02674,Hospital B,overfit,0,0,0.06893158,0.07142258
HB-02679,Hospital B,overfit,0,0,0.8272218,1.7557466
HB-02680,Hospital B,overfit,0,0,0.79597133,1.5894947
HB-02681,Hospital B,overfit,0,1,0.54781806,0.60181195
HB-02682,Hospital B,overfit,0,0,0.99999666,12.613797
HB-02683,Hospital B,overfit,0,0,0.2899706,0.3424489
HB-02684,Hospital B,overfit,0,0,0.6535257,1.0599468
HB-02686,Hospital B,overfit,0,1,0.9987935,0.0012071991
HB-02687,Hospital B,overfit,0,1,0.21779661,1.5241936
HB-02688,Hospital B,overfit,0,0,0.92436177,2.581793
HB-02689,Hospital B,overfit,0,1,0.16604002,1.7955264
HB-02691,Hospital B,overfit,0,1,0.6017474,0.50791746
HB-02693,Hospital B,overfit,0,0,0.45387852,0.60491383
HB-02695,Hospital B,overfit,0,1,0.99999833,1.7185222e-06
HB-02698,Hospital B,overfit,0,0,0.17661935,0.19433665
HB-02700,Hospital B,overfit,0,0,0.328711,0.39855552
HB-02701,Hospital B,overfit,0,0,0.87208515,2.0563905
HB-02702,Hospital B,overfit,0,1,0.57942724,0.5457152
HB-02703,Hospital B,overfit,0,0,0.2685726,0.31275737
HB-02704,Hospital B,overfit,0,1,0.8814664,0.12616839
HB-02705,Hospital B,overfit,0,1,0.47619596,0.7419258
HB-02708,Hospital B,overfit,0,0,0.6790533,1.1364801
HB-02711,Hospital B,overfit,0,0,0.8902505,2.2095544
HB-02712,Hospital B,overfit,0,0,0.4233552,0.5505288
HB-02713,Hospital B,overfit,0,1,0.017432967,4.049392
HB-02714,Hospital B,overfit,0,0,0.30109394,0.358239
HB-02717,Hospital B,overfit,0,0,0.7223712,1.2814704
HB-02719,Hospital B,overfit,0,0,0.54552895,0.788621
HB-02720,Hospital B,overfit,0,1,0.6079324,0.4976916
HB-02725,Hospital B,overfit,0,0,0.13081808,0.14020276
HB-02726,Hospital B,overfit,0,0,0.045028962,0.046074152
HB-02730,Hospital B,overfit,0,1,0.8610296,0.14962633
HB-02732,Hospital B,overfit,0,0,0.19004253,0.21077359
HB-02743,Hospital B,overfit,0,0,0.22113119,0.24991262
HB-02747,Hospital B,overfit,0,1,0.9709132,0.02951824
HB-02748,Hospital B,overfit,0,0,0.3977661,0.5071094
HB-02749,Hospital B,overfit,0,0,0.6895977,1.1698861
HB-02752,Hospital B,overfit,0,1,0.9999739,2.6100126e-05
HB-02753,Hospital B,overfit,0,1,0.77136815,0.25958946
HB-02757,Hospital B,overfit,0,0,0.56587815,0.83443004
HB-02758,Hospital B,overfit,0,0,0.26512814,0.30805922
HB-02759,Hospital B,overfit,0,1,0.8551919,0.15642938
HB-02761,Hospital B,overfit,0,0,1.0,23.90207
HB-02762,Hospital B,overfit,0,0,0.26966012,0.31424522
HB-02763,Hospital B,overfit,0,0,0.080265366,0.08367014
HB-02768,Hospital B,overfit,0,0,0.21922171,0.24746406
HB-02770,Hospital B,overfit,0,0,0.23592918,0.26909482
HB-02772,Hospital B,overfit,0,1,0.9999945,5.48752e-06
HB-02773,Hospital B,overfit,0,1,1.0,4.2211917e-10
HB-02774,Hospital B,overfit,0,1,0.47790462,0.7383441
HB-02782,Hospital B,overfit,0,0,0.5674579,0.83807564
HB-02786,Hospital B,overfit,0,0,0.21912906,0.24734533
HB-02788,Hospital B,overfit,0,1,0.6316311,0.4594498
HB-02789,Hospital B,overfit,0,0,0.10775537,0.114014864
HB-02791,Hospital B,overfit,0,1,0.8298854,0.18646759
HB-02792,Hospital B,overfit,0,1,0.31947777,1.1410676
HB-02794,Hospital B,overfit,0,0,0.9728776,3.6073956
HB-02795,Hospital B,overfit,0,1,0.076538384,2.569963
HB-02797,Hospital B,overfit,0,0,0.15452932,0.16786182
HB-02798,Hospital B,overfit,0,1,1.0,9.5064055e-20
HB-02799,Hospital B,overfit,0,0,0.27552578,0.32230914
HB-02802,Hospital B,overfit,0,0,0.73879194,1.3424381
HB-02804,Hospital B,overfit,0,1,0.986868,0.013219013
HB-02805,Hospital B,overfit,0,0,0.9989189,6.829708
HB-02807,Hospital B,overfit,0,1,0.68721807,0.37510362
HB-02809,Hospital B,overfit,0,0,0.12006685,0.1279093
HB-02814,Hospital B,overfit,0,0,0.15324867,0.16634822
HB-02818,Hospital B,overfit,0,0,0.43685448,0.5742172
HB-02820,Hospital B,overfit,0,1,0.986894,0.013192583
HB-02823,Hospital B,overfit,0,0,0.31034908,0.37156963
HB-02824,Hospital B,overfit,0,1,0.99983394,0.00016606873
HB-02825,Hospital B,overfit,0,1,0.99921644,0.00078390946
HB-02826,Hospital B,overfit,0,0,0.27061102,0.31554806
HB-02827,Hospital B,overfit,0,0,0.43847343,0.5770962
HB-02829,Hospital B,overfit,0,1,0.0441505,3.120151
HB-02833,Hospital B,overfit,0,0,0.67546177,1.1253519
HB-02834,Hospital B,overfit,0,0,0.26806617,0.31206512
HB-02839,Hospital B,overfit,0,1,0.52951825,0.6357876
HB-02840,Hospital B,overfit,0,1,0.99998546,1.4565487e-05
HB-02843,Hospital B,overfit,0,1,0.8344767,0.18095048
HB-02844,Hospital B,overfit,0,0,0.6822518,1.146496
HB-02846,Hospital B,overfit,0,1,0.904452,0.10042605
HB-02851,Hospital B,overfit,0,0,0.20997015,0.23568451
HB-02854,Hospital B,overfit,0,0,0.15717697,0.17099833
HB-02855,Hospital B,overfit,0,1,0.9412863,0.06050792
HB-02856,Hospital B,overfit,0,0,0.33567166,0.4089787
HB-02857,Hospital B,overfit,0,0,0.057433404,0.05914879
HB-02860,Hospital B,overfit,0,1,0.9996705,0.00032953476
HB-02861,Hospital B,overfit,0,0,0.40622938,0.52126217
HB-02862,Hospital B,overfit,0,0,0.674195,1.1214563
HB-02864,Hospital B,overfit,0,0,0.2143589,0.24125516
HB-02865,Hospital B,overfit,0,1,0.9010685,0.10417402
HB-02866,Hospital B,overfit,0,1,0.96647906,0.03409564
HB-02867,Hospital B,overfit,0,0,0.8344228,1.798318
HB-02868,Hospital B,overfit,0,0,0.22643127,0.2567407
HB-02872,Hospital B,overfit,0,0,0.087592974,0.09166908
HB-02873,Hospital B,overfit,0,0,0.19781671,0.22041821
HB-02875,Hospital B,overfit,0,0,0.06753845,0.069927454
HB-02877,Hospital B,overfit,0,1,0.90866923,0.095774174
HB-02880,Hospital B,overfit,0,0,0.2787016,0.32670236
HB-02882,Hospital B,overfit,0,0,0.14324893,0.15460789
HB-02885,Hospital B,overfit,0,0,0.44731513,0.59296733
HB-02887,Hospital B,overfit,0,1,0.80560416,0.21616279
HB-02888,Hospital B,overfit,0,1,0.448079,0.80278575
HB-02891,Hospital B,overfit,0,0,0.54822445,0.79456973
HB-02892,Hospital B,overfit,0,0,0.46038333,0.61689633
HB-02893,Hospital B,overfit,0,0,0.2635393,0.30589938
HB-02900,Hospital B,overfit,0,1,0.39704987,0.9236934
HB-02901,Hospital B,overfit,0,0,0.70110905,1.2076765
HB-02902,Hospital B,overfit,0,0,0.3508891,0.43215168
HB-02904,Hospital B,overfit,0,1,0.81953037,0.19902387
HB-02906,Hospital B,overfit,0,0,0.5191849,0.7322725
HB-02907,Hospital B,overfit,0,0,0.61572963,0.9564088
HB-02908,Hospital B,overfit,0,0,0.13457777,0.1445378
HB-02911,Hospital B,overfit,0,0,0.13350023,0.1432935
HB-02912,Hospital B,overfit,0,1,0.7654999,0.26722625
HB-02914,Hospital B,overfit,0,1,0.99999976,1.9694167e-07
HB-02915,Hospital B,overfit,0,0,0.31162518,0.3734218
HB-02916,Hospital B,overfit,0,0,0.7869399,1.5461812
HB-02923,Hospital B,overfit,0,1,0.21389636,1.5422636
HB-02924,Hospital B,overfit,0,1,0.111124225,2.1971066
HB-02926,Hospital B,overfit,0,1,1.0,2.6341711e-08
HB-02927,Hospital B,overfit,0,1,0.9993243,0.00067597756
HB-02928,Hospital B,overfit,0,0,0.76330864,1.4409983
HB-02930,Hospital B,overfit,0,0,0.40475273,0.5187784
HB-02931,Hospital B,overfit,0,1,0.86190176,0.14861399
HB-02933,Hospital B,overfit,0,1,0.99957377,0.00042633284
HB-02934,Hospital B,overfit,0,0,0.19618496,0.21838605
HB-02935,Hospital B,overfit,0,0,0.9375693,2.773698
HB-02937,Hospital B,overfit,0,0,0.27585497,0.32276356
HB-02939,Hospital B,overfit,0,1,1.0,1.8338572e-13
HB-02941,Hospital B,overfit,0,0,0.07084038,0.073474646
HB-02942,Hospital B,overfit,0,1,0.95639145,0.044587955
HB-02943,Hospital B,overfit,0,1,0.9282711,0.07443147
HB-02944,Hospital B,overfit,0,0,0.26884648,0.3131318
HB-02949,Hospital B,overfit,0,0,0.22570989,0.2558087
HB-02953,Hospital B,overfit,0,1,0.9989784,0.001022147
HB-02955,Hospital B,overfit,0,0,0.07209163,0.07482219
HB-02957,Hospital B,overfit,0,0,0.04056793,0.041413784
HB-02961,Hospital B,overfit,0,0,0.3181206,0.38290244
HB-02962,Hospital B,overfit,0,1,0.23150972,1.4631336
HB-02963,Hospital B,overfit,0,1,0.27623034,1.2865202
HB-02964,Hospital B,overfit,0,0,0.6847396,1.1543562
HB-02971,Hospital B,overfit,0,0,0.71301585,1.2483282
HB-02972,Hospital B,overfit,0,0,0.8750743,2.0800366
HB-02974,Hospital B,overfit,0,0,0.74389803,1.3621798
HB-02979,Hospital B,overfit,0,0,0.9660573,3.3830822
HB-02982,Hospital B,overfit,0,0,0.27329686,0.31923723
HB-02983,Hospital B,overfit,0,1,0.70578754,0.3484411
HB-02985,Hospital B,overfit,0,0,0.36283636,0.45072877
HB-02988,Hospital B,overfit,0,0,0.19534214,0.21733809
HB-02991,Hospital B,overfit,0,0,0.7346943,1.3268726
HB-02992,Hospital B,overfit,0,0,0.8260189,1.7488086
HB-02994,Hospital B,overfit,0,0,0.21767657,0.2454871
HB-02996,Hospital B,overfit,0,1,0.95539945,0.0456257
HB-02997,Hospital B,overfit,0,0,0.55685407,0.8138561
HB-02998,Hospital B,overfit,0,1,0.5916544,0.5248326
HB-03000,Hospital B,overfit,0,0,0.55511063,0.8099297
HA-00002,Hospital A,tuned,1,0,0.3175092,0.38200623
HA-00003,Hospital A,tuned,1,0,0.5679596,0.8392361
HA-00007,Hospital A,tuned,1,0,0.3549689,0.43845677
HA-00008,Hospital A,tuned,1,0,0.2973756,0.3529328
HA-00015,Hospital A,tuned,1,0,0.35480893,0.43820882
HA-00016,Hospital A,tuned,1,0,0.2536115,0.29250908
HA-00017,Hospital A,tuned,1,0,0.7497404,1.3852566
HA-00021,Hospital A,tuned,1,0,0.33405623,0.4065501
HA-00022,Hospital A,tuned,1,0,0.24309513,0.27851772
HA-00029,Hospital A,tuned,1,1,0.3059627,1.1842921
HA-00030,Hospital A,tuned,1,0,0.5028158,0.6987946
HA-00031,Hospital A,tuned,1,0,0.42300847,0.54992765
HA-00032,Hospital A,tuned,1,0,0.17634046,0.19399798
HA-00033,Hospital A,tuned,1,0,0.17040321,0.1868155
HA-00034,Hospital A,tuned,1,0,0.14884806,0.16116464
HA-00035,Hospital A,tuned,1,0,0.433149,0.56765884
HA-00036,Hospital A,tuned,1,0,0.22652782,0.25686562
HA-00039,Hospital A,tuned,1,0,0.31568903,0.3793428
HA-00040,Hospital A,tuned,1,0,0.19088462,0.21181381
HA-00041,Hospital A,tuned,1,1,0.726352,0.31972057
HA-00043,Hospital A,tuned,1,0,0.40019763,0.51115507
HA-00045,Hospital A,tuned,1,0,0.14897168,0.16130984
HA-00046,Hospital A,tuned,1,1,0.24566296,1.4037948
HA-00047,Hospital A,tuned,1,1,0.53989273,0.61638474
HA-00048,Hospital A,tuned,1,0,0.29737887,0.35293746
HA-00049,Hospital A,tuned,1,0,0.40045455,0.5115835
HA-00051,Hospital A,tuned,1,0,0.35912558,0.44492185
HA-00052,Hospital A,tuned,1,0,0.29593322,0.35088205
HA-00058,Hospital A,tuned,1,1,0.7170902,0.33255363
HA-00060,Hospital A,tuned,1,0,0.4651011,0.62567747
HA-00062,Hospital A,tuned,1,0,0.28648514,0.33755207
HA-00063,Hospital A,tuned,1,0,0.5610754,0.82342756
HA-00064,Hospital A,tuned,1,0,0.30037844,0.35721576
HA-00065,Hospital A,tuned,1,1,0.24248451,1.4168175
HA-00066,Hospital A,tuned,1,0,0.17786947,0.1958561
HA-00068,Hospital A,tuned,1,0,0.19533344,0.21732736
HA-00070,Hospital A,tuned,1,0,0.28799027,0.33966374
HA-00074,Hospital A,tuned,1,0,0.27405226,0.3202772
HA-00075,Hospital A,tuned,1,1,0.5921982,0.5239139
HA-00076,Hospital A,tuned,1,0,0.37177128,0.46485102
HA-00080,Hospital A,tuned,1,1,0.22417009,1.4953501
HA-00082,Hospital A,tuned,1,0,0.14758912,0.15968657
HA-00084,Hospital A,tuned,1,0,0.11571283,0.12297344
HA-00087,Hospital A,tuned,1,0,0.29706973,0.35249758
HA-00091,Hospital A,tuned,1,0,0.46731162,0.62981874
HA-00094,Hospital A,tuned,1,0,0.21092744,0.23689699
HA-00095,Hospital A,tuned,1,0,0.20701158,0.2319467
HA-00097,Hospital A,tuned,1,0,0.21879193,0.24691379
HA-00099,Hospital A,tuned,1,0,0.2824442,0.33190453
HA-00103,Hospital A,tuned,1,0,0.10236877,0.10799599
HA-00105,Hospital A,tuned,1,0,0.722511,1.2819741
HA-00107,Hospital A,tuned,1,0,0.3321045,0.40362358
HA-00109,Hospital A,tuned,1,0,0.5756348,0.85716075
HA-00110,Hospital A,tuned,1,1,0.14306246,1.944474
HA-00111,Hospital A,tuned,1,1,0.6371617,0.4507319
HA-00112,Hospital A,tuned,1,0,0.31755823,0.38207805
HA-00114,Hospital A,tuned,1,0,0.25829944,0.29880965
HA-00115,Hospital A,tuned,1,0,0.18032321,0.19884515
HA-00117,Hospital A,tuned,1,0,0.2132797,0.23988247
HA-00119,Hospital A,tuned,1,0,0.33072647,0.40156245
HA-00126,Hospital A,tuned,1,0,0.47901094,0.6520262
HA-00132,Hospital A,tuned,1,0,0.14631116,0.15818858
HA-00137,Hospital A,tuned,1,0,0.270823,0.3158388
HA-00139,Hospital A,tuned,1,1,0.46293366,0.7701716
HA-00140,Hospital A,tuned,1,0,0.80837333,1.6522062
HA-00141,Hospital A,tuned,1,1,0.29152015,1.2326462
HA-00142,Hospital A,tuned,1,0,0.16101015,0.17555666
HA-00143,Hospital A,tuned,1,0,0.20366366,0.22773361
HA-00147,Hospital A,tuned,1,0,0.3512781,0.43275118
HA-00150,Hospital A,tuned,1,0,0.17318037,0.19016874
HA-00152,Hospital A,tuned,1,1,0.16373138,1.8095281
HA-00153,Hospital A,tuned,1,0,0.10882696,0.11521673
HA-00155,Hospital A,tuned,1,0,0.22450835,0.25425804
HA-00157,Hospital A,tuned,1,1,0.38511458,0.9542144
HA-00159,Hospital A,tuned,1,0,0.16602992,0.18155777
HA-00162,Hospital A,tuned,1,0,0.25401565,0.29305065
HA-00164,Hospital A,tuned,1,1,0.24049346,1.4250624
HA-00165,Hospital A,tuned,1,0,0.49478298,0.6827673
HA-00168,Hospital A,tuned,1,0,0.34814236,0.42792904
HA-00169,Hospital A,tuned,1,0,0.36290252,0.4508326
HA-00170,Hospital A,tuned,1,0,0.21499039,0.24205935
HA-00171,Hospital A,tuned,1,0,0.19439152,0.21615744
HA-00173,Hospital A,tuned,1,0,0.14519337,0.15688002
HA-00174,Hospital A,tuned,1,0,0.18677504,0.20674753
HA-00177,Hospital A,tuned,1,1,0.80603516,0.21562785
HA-00181,Hospital A,tuned,1,0,0.5197643,0.7334783
HA-00188,Hospital A,tuned,1,0,0.13728914,0.14767563
HA-00190,Hospital A,tuned,1,1,0.35151705,1.0454971
HA-00191,Hospital A,tuned,1,0,0.40125883,0.51292586
HA-00192,Hospital A,tuned,1,1,0.3328932,1.0999336
HA-00193,Hospital A,tuned,1,0,0.16858019,0.18462038
HA-00194,Hospital A,tuned,1,0,0.55103874,0.8008187
HA-00196,Hospital A,tuned,1,0,0.21195985,0.23820627
HA-00200,Hospital A,tuned,1,0,0.19302607,0.21446395
HA-00201,Hospital A,tuned,1,0,0.14967741,0.16213953
HA-00202,Hospital A,tuned,1,0,0.6892619,1.1688048
HA-00206,Hospital A,tuned,1,0,0.23203368,0.26400936
HA-00208,Hospital A,tuned,1,0,0.079850666,0.08321929
HA-00214,Hospital A,tuned,1,0,0.12802403,0.13699329
HA-00216,Hospital A,tuned,1,1,0.6098302,0.4945747
HA-00217,Hospital A,tuned,1,1,0.7722201,0.2584857
HA-00223,Hospital A,tuned,1,0,0.42631713,0.55567855
HA-00226,Hospital A,tuned,1,0,0.14539747,0.1571188
HA-00227,Hospital A,tuned,1,1,0.7032078,0.35210285
HA-00228,Hospital A,tuned,1,0,0.27432376,0.3206513
HA-00229,Hospital A,tuned,1,0,0.2197582,0.24815142
HA-00233,Hospital A,tuned,1,0,0.25017717,0.28791833
HA-00234,Hospital A,tuned,1,0,0.17008278,0.18642938
HA-00235,Hospital A,tuned,1,0,0.34862894,0.42867577
HA-00240,Hospital A,tuned,1,0,0.37461868,0.46939367
HA-00241,Hospital A,tuned,1,0,0.13895205,0.14960504
HA-00242,Hospital A,tuned,1,0,0.18359572,0.20284557
HA-00244,Hospital A,tuned,1,0,0.14108366,0.15208375
HA-00246,Hospital A,tuned,1,0,0.20562904,0.2302047
HA-00247,Hospital A,tuned,1,0,0.15403104,0.16727269
HA-00248,Hospital A,tuned,1,1,0.4894646,0.7144431
HA-00253,Hospital A,tuned,1,0,0.4562234,0.6092168
HA-00255,Hospital A,tuned,1,0,0.2913932,0.34445453
HA-00258,Hospital A,tuned,1,0,0.12251391,0.13069427
HA-00262,Hospital A,tuned,1,0,0.32696795,0.39596236
HA-00264,Hospital A,tuned,1,0,0.24987262,0.2875123
HA-00265,Hospital A,tuned,1,0,0.18217488,0.20110679
HA-00268,Hospital A,tuned,1,0,0.13673632,0.14703512
HA-00270,Hospital A,tuned,1,0,0.40719822,0.52289516
HA-00273,Hospital A,tuned,1,0,0.19380859,0.21543407
HA-00275,Hospital A,tuned,1,0,0.5020195,0.69719434
HA-00279,Hospital A,tuned,1,0,0.37612972,0.47181278
HA-00281,Hospital A,tuned,1,0,0.17478934,0.19211662
HA-00286,Hospital A,tuned,1,0,0.24078457,0.27546978
HA-00288,Hospital A,tuned,1,0,0.35048127,0.43152368
HA-00289,Hospital A,tuned,1,0,0.33427685,0.40688145
HA-00291,Hospital A,tuned,1,0,0.15558198,0.16910768
HA-00293,Hospital A,tuned,1,0,0.15982385,0.17414367
HA-00298,Hospital A,tuned,1,0,0.14450146,0.15607095
HA-00300,Hospital A,tuned,1,1,0.35422125,1.0378336
HA-00301,Hospital A,tuned,1,0,0.72708625,1.2985995
HA-00302,Hospital A,tuned,1,0,0.1677154,0.18358088
HA-00303,Hospital A,tuned,1,0,0.6581199,1.0732952
HA-00304,Hospital A,tuned,1,0,0.15911257,0.17329752
HA-00306,Hospital A,tuned,1,0,0.17399275,0.19115174
HA-00309,Hospital A,tuned,1,0,0.2773313,0.3248043
HA-00313,Hospital A,tuned,1,0,0.46425003,0.62408775
HA-00314,Hospital A,tuned,1,0,0.1720218,0.1887685
HA-00315,Hospital A,tuned,1,0,0.20670834,0.23156428
HA-00316,Hospital A,tuned,1,0,0.13135429,0.1408199
HA-00319,Hospital A,tuned,1,0,0.45112115,0.5998776
HA-00326,Hospital A,tuned,1,1,0.52257323,0.64899015
HA-00327,Hospital A,tuned,1,0,0.08622834,0.090174675
HA-00331,Hospital A,tuned,1,0,0.56119984,0.8237112
HA-00332,Hospital A,tuned,1,0,0.4435264,0.58613557
HA-00338,Hospital A,tuned,1,1,0.36683345,1.0028473
HA-00339,Hospital A,tuned,1,0,0.65013444,1.0502064
HA-00340,Hospital A,tuned,1,0,0.49067515,0.6746693
HA-00341,Hospital A,tuned,1,0,0.11522015,0.1224165
HA-00346,Hospital A,tuned,1,0,0.13631271,0.14654446
HA-00347,Hospital A,tuned,1,0,0.31016165,0.37129807
HA-00348,Hospital A,tuned,1,1,0.47149846,0.75183946
HA-00349,Hospital A,tuned,1,0,0.23386462,0.2663964
HA-00352,Hospital A,tuned,1,0,0.30231932,0.35999376
HA-00353,Hospital A,tuned,1,0,0.24414846,0.27991033
HA-00354,Hospital A,tuned,1,0,0.4626474,0.6211008
HA-00361,Hospital A,tuned,1,0,0.22711812,0.25762904
HA-00362,Hospital A,tuned,1,0,0.19440316,0.21617186
HA-00365,Hospital A,tuned,1,0,0.34317946,0.42034447
HA-00366,Hospital A,tuned,1,0,0.44344363,0.5859868
HA-00370,Hospital A,tuned,1,1,0.39559194,0.9273721
HA-00372,Hospital A,tuned,1,0,0.43216383,0.5659224
HA-00376,Hospital A,tuned,1,1,0.46528396,0.76510745
HA-00378,Hospital A,tuned,1,0,0.36999637,0.4620297
HA-00380,Hospital A,tuned,1,0,0.27183494,0.31722748
HA-00385,Hospital A,tuned,1,0,0.10850227,0.11485243
HA-00387,Hospital A,tuned,1,1,0.3964145,0.925295
HA-00389,Hospital A,tuned,1,0,0.2435203,0.27907956
HA-00397,Hospital A,tuned,1,1,0.69663423,0.36149484
HA-00400,Hospital A,tuned,1,0,0.17041662,0.1868316
HA-00402,Hospital A,tuned,1,0,0.5149667,0.72353774
HA-00403,Hospital A,tuned,1,0,0.52750045,0.7497186
HA-00405,Hospital A,tuned,1,0,0.333524,0.4057511
HA-00409,Hospital A,tuned,1,0,0.09688532,0.10190582
HA-00410,Hospital A,tuned,1,0,0.17850794,0.19663298
HA-00411,Hospital A,tuned,1,0,0.17281538,0.18972743
HA-00413,Hospital A,tuned,1,0,0.15224876,0.16516805
HA-00416,Hospital A,tuned,1,0,0.2264877,0.25681376
HA-00421,Hospital A,tuned,1,1,0.39807492,0.92111504
HA-00422,Hospital A,tuned,1,0,0.16428116,0.17946303
HA-00426,Hospital A,tuned,1,0,0.3473341,0.42668992
HA-00427,Hospital A,tuned,1,0,0.36709946,0.45744205
HA-00429,Hospital A,tuned,1,0,0.15663241,0.17035234
HA-00435,Hospital A,tuned,1,0,0.28201798,0.33131075
HA-00436,Hospital A,tuned,1,0,0.13228741,0.1418947
HA-00441,Hospital A,tuned,1,0,0.28887758,0.34091067
HA-00445,Hospital A,tuned,1,0,0.16214795,0.17691374
HA-00446,Hospital A,tuned,1,0,0.13478427,0.14477646
HA-00451,Hospital A,tuned,1,0,0.20319854,0.22714972
HA-00454,Hospital A,tuned,1,0,0.62429297,0.9789456
HA-00456,Hospital A,tuned,1,0,0.42165166,0.547579
HA-00458,Hospital A,tuned,1,0,0.13004453,0.13931334
HA-00459,Hospital A,tuned,1,0,0.46966356,0.63424367
HA-00460,Hospital A,tuned,1,0,0.21837312,0.24637783
HA-00462,Hospital A,tuned,1,0,0.1342686,0.14418066
HA-00466,Hospital A,tuned,1,0,0.2177915,0.24563396
HA-00472,Hospital A,tuned,1,0,0.53300774,0.76144266
HA-00473,Hospital A,tuned,1,0,0.18826701,0.20858383
HA-00476,Hospital A,tuned,1,0,0.23180652,0.2637136
HA-00478,Hospital A,tuned,1,1,0.15169744,1.8858672
HA-00479,Hospital A,tuned,1,0,0.5285047,0.7518462
HA-00480,Hospital A,tuned,1,0,0.3148442,0.37810904
HA-00483,Hospital A,tuned,1,0,0.13120092,0.14064348
HA-00488,Hospital A,tuned,1,1,0.728126,0.31728116
HA-00492,Hospital A,tuned,1,0,0.27732223,0.3247918
HA-00494,Hospital A,tuned,1,0,0.26468122,0.30745113
HA-00496,Hospital A,tuned,1,0,0.27367955,0.3197639
HA-00497,Hospital A,tuned,1,0,0.112603575,0.119463444
HA-00499,Hospital A,tuned,1,0,0.11528002,0.12248421
HA-00500,Hospital A,tuned,1,0,0.15325202,0.16635215
HA-00503,Hospital A,tuned,1,0,0.25803468,0.29845273
HA-00504,Hospital A,tuned,1,0,0.13480994,0.14480603
HA-00505,Hospital A,tuned,1,0,0.1688883,0.184991
HA-00506,Hospital A,tuned,1,0,0.12338098,0.13168275
HA-00513,Hospital A,tuned,1,1,0.54615694,0.60484886
HA-00514,Hospital A,tuned,1,1,0.44240376,0.8155323
HA-00517,Hospital A,tuned,1,0,0.2881988,0.33995664
HA-00519,Hospital A,tuned,1,1,0.19787212,1.6201344
HA-00522,Hospital A,tuned,1,0,0.16667648,0.18233335
HA-00526,Hospital A,tuned,1,0,0.12734862,0.13621914
HA-00527,Hospital A,tuned,1,0,0.3924591,0.49833578
HA-00530,Hospital A,tuned,1,0,0.4423513,0.58402616
HA-00532,Hospital A,tuned,1,0,0.22922088,0.26035345
HA-00535,Hospital A,tuned,1,0,0.10911405,0.115538836
HA-00536,Hospital A,tuned,1,0,0.1836917,0.20296311
HA-00538,Hospital A,tuned,1,0,0.49896562,0.6910807
HA-00540,Hospital A,tuned,1,0,0.18241203,0.20139682
HA-00549,Hospital A,tuned,1,0,0.4523823,0.6021779
HA-00551,Hospital A,tuned,1,0,0.18871792,0.20913947
HA-00552,Hospital A,tuned,1,1,0.7880036,0.23825262
HA-00560,Hospital A,tuned,1,0,0.47024655,0.6353436
HA-00562,Hospital A,tuned,1,0,0.29518065,0.3498137
HA-00564,Hospital A,tuned,1,0,0.14551106,0.15725172
HA-00570,Hospital A,tuned,1,1,0.39337218,0.93299913
HA-00571,Hospital A,tuned,1,0,0.09978989,0.105127096
HA-00573,Hospital A,tuned,1,0,0.45568013,0.6082182
HA-00574,Hospital A,tuned,1,0,0.13551164,0.14561737
HA-00577,Hospital A,tuned,1,1,0.7030296,0.35235634
HA-00580,Hospital A,tuned,1,1,0.5113682,0.6706654
HA-00583,Hospital A,tuned,1,0,0.47022817,0.63530886
HA-00585,Hospital A,tuned,1,0,0.38016206,0.47829723
HA-00587,Hospital A,tuned,1,1,0.3381172,1.0843626
HA-00588,Hospital A,tuned,1,0,0.21050715,0.23636448
HA-00592,Hospital A,tuned,1,0,0.54951996,0.7974414
HA-00593,Hospital A,tuned,1,0,0.5530623,0.80533606
HA-00594,Hospital A,tuned,1,0,0.11505892,0.122234106
HA-00599,Hospital A,tuned,1,1,0.2944464,1.2226583
HA-00600,Hospital A,tuned,1,0,0.13267817,0.14234507
HA-00601,Hospital A,tuned,1,0,0.3739156,0.46827006
HA-00602,Hospital A,tuned,1,0,0.16640674,0.1820097
HA-00605,Hospital A,tuned,1,0,0.15789676,0.17185271
HA-00606,Hospital A,tuned,1,0,0.4861885,0.66589886
HA-00607,Hospital A,tuned,1,0,0.36988726,0.46185648
HA-00611,Hospital A,tuned,1,0,0.14095712,0.15193641
HA-00612,Hospital A,tuned,1,0,0.35156217,0.43318915
HA-00615,Hospital A,tuned,1,0,0.10000124,0.10536194
HA-00619,Hospital A,tuned,1,0,0.2674203,0.3111831
HA-00621,Hospital A,tuned,1,0,0.14592281,0.15773368
HA-00623,Hospital A,tuned,1,0,0.28367552,0.33362198
HA-00626,Hospital A,tuned,1,0,0.156506,0.1702025
HA-00629,Hospital A,tuned,1,0,0.10301257,0.10871339
HA-00632,Hospital A,tuned,1,0,0.482911,0.6595402
HA-00633,Hospital A,tuned,1,0,0.21409568,0.2409203
HA-00634,Hospital A,tuned,1,0,0.11951735,0.12728512
HA-00635,Hospital A,tuned,1,0,0.336168,0.40972614
HA-00639,Hospital A,tuned,1,0,0.30793238,0.36807156
HA-00640,Hospital A,tuned,1,0,0.46890384,0.63281214
HA-00641,Hospital A,tuned,1,0,0.15639868,0.1700753
HA-00643,Hospital A,tuned,1,0,0.6110378,0.9442731
HA-00646,Hospital A,tuned,1,0,0.45409355,0.6053077
HA-00647,Hospital A,tuned,1,0,0.4911722,0.6756455
HA-00649,Hospital A,tuned,1,0,0.16045627,0.17489672
HA-00650,Hospital A,tuned,1,0,0.1473449,0.1594001
HA-00651,Hospital A,tuned,1,0,0.49711087,0.68738556
HA-00654,Hospital A,tuned,1,0,0.14743137,0.15950155
HA-00656,Hospital A,tuned,1,0,0.2920489,0.3453802
HA-00657,Hospital A,tuned,1,0,0.17466459,0.19196546
HA-00659,Hospital A,tuned,1,0,0.5055608,0.70433116
HA-00660,Hospital A,tuned,1,0,0.20021121,0.22340763
HA-00662,Hospital A,tuned,1,0,0.38423225,0.48488545
HA-00670,Hospital A,tuned,1,0,0.09099667,0.09540653
HA-00671,Hospital A,tuned,1,1,0.25345138,1.3725833
HA-00672,Hospital A,tuned,1,0,0.29857147,0.3546362
HA-00673,Hospital A,tuned,1,0,0.37571767,0.47115254
HA-00674,Hospital A,tuned,1,0,0.56944025,0.8426692
HA-00677,Hospital A,tuned,1,1,0.408721,0.89472246
HA-00680,Hospital A,tuned,1,0,0.34848025,0.42844754
HA-00684,Hospital A,tuned,1,1,0.5719628,0.55868137
HA-00686,Hospital A,tuned,1,0,0.21235831,0.23871195
HA-00688,Hospital A,tuned,1,1,0.26052904,1.3450409
HA-00691,Hospital A,tuned,1,0,0.1513541,0.16411328
HA-00697,Hospital A,tuned,1,1,0.15273489,1.8790517
HA-00698,Hospital A,tuned,1,0,0.17687702,0.1946497
HA-00701,Hospital A,tuned,1,0,0.45068738,0.59908754
HA-00702,Hospital A,tuned,1,0,0.3592491,0.44511455
HA-00703,Hospital A,tuned,1,1,0.14811471,1.9097682
HA-00705,Hospital A,tuned,1,0,0.36844137,0.45956445
HA-00709,Hospital A,tuned,1,1,0.231649,1.462532
HA-00710,Hospital A,tuned,1,0,0.15438443,0.16769052
HA-00717,Hospital A,tuned,1,1,0.3259935,1.1208777
HA-00719,Hospital A,tuned,1,0,0.1887041,0.20912242
HA-00721,Hospital A,tuned,1,0,0.50076514,0.69467854
HA-00723,Hospital A,tuned,1,0,0.13081713,0.14020169
HA-00724,Hospital A,tuned,1,0,0.28457573,0.33487952
HA-00730,Hospital A,tuned,1,0,0.15266916,0.16566408
HA-00732,Hospital A,tuned,1,0,0.19426666,0.21600246
HA-00736,Hospital A,tuned,1,0,0.29012325,0.34266388
HA-00737,Hospital A,tuned,1,0,0.3393741,0.41456747
HA-00738,Hospital A,tuned,1,0,0.34017128,0.415775
HA-00740,Hospital A,tuned,1,0,0.17705442,0.19486523
HA-00744,Hospital A,tuned,1,0,0.12002249,0.127859
HA-00747,Hospital A,tuned,1,1,0.647083,0.4352807
HA-00748,Hospital A,tuned,1,0,0.3860658,0.4878676
HA-00752,Hospital A,tuned,1,1,0.12627178,2.0693188
HA-00753,Hospital A,tuned,1,0,0.10924061,0.11568093
HA-00754,Hospital A,tuned,1,1,0.8728479,0.13599391
HA-00758,Hospital A,tuned,1,0,0.34611967,0.42483097
HA-00759,Hospital A,tuned,1,0,0.5072845,0.7078234
HA-00764,Hospital A,tuned,1,1,0.4579073,0.78108853
HA-00769,Hospital A,tuned,1,0,0.1849072,0.20445335
HA-00772,Hospital A,tuned,1,0,0.15806445,0.17205179
HA-00779,Hospital A,tuned,1,0,0.2950671,0.34965265
HA-00785,Hospital A,tuned,1,0,0.22819045,0.25901747
HA-00787,Hospital A,tuned,1,0,0.35729173,0.44206434
HA-00788,Hospital A,tuned,1,0,0.21836257,0.24636436
HA-00790,Hospital A,tuned,1,1,0.77372116,0.25654376
HA-00791,Hospital A,tuned,1,0,0.12623073,0.13493884
HA-00792,Hospital A,tuned,1,0,0.22584046,0.25597727
HA-00793,Hospital A,tuned,1,0,0.21459281,0.24155295
HA-00794,Hospital A,tuned,1,0,0.3809247,0.4795283
HA-00797,Hospital A,tuned,1,1,0.75570637,0.2801024
HA-00799,Hospital A,tuned,1,0,0.3667312,0.4568603
HA-00804,Hospital A,tuned,1,0,0.15027095,0.16283774
HA-00808,Hospital A,tuned,1,0,0.13060771,0.13996089
HA-00809,Hospital A,tuned,1,0,0.4224533,0.548966
HA-00810,Hospital A,tuned,1,0,0.31325397,0.37579072
HA-00812,Hospital A,tuned,1,0,0.5280437,0.75086886
HA-00817,Hospital A,tuned,1,0,0.1997455,0.22282553
HA-00818,Hospital A,tuned,1,0,0.32433408,0.39205652
HA-00820,Hospital A,tuned,1,0,0.2533928,0.29221606
HA-00821,Hospital A,tuned,1,0,0.16285783,0.17776144
HA-00822,Hospital A,tuned,1,1,0.67739767,0.38949677
HA-00824,Hospital A,tuned,1,0,0.16383244,0.17892623
HA-00828,Hospital A,tuned,1,0,0.20695937,0.23188078
HA-00834,Hospital A,tuned,1,1,0.54083717,0.614637
HA-00835,Hospital A,tuned,1,0,0.13765416,0.14809883
HA-00841,Hospital A,tuned,1,0,0.39206862,0.4976933
HA-00842,Hospital A,tuned,1,0,0.24964984,0.28721523
HA-00845,Hospital A,tuned,1,0,0.4520406,0.6015541
HA-00846,Hospital A,tuned,1,0,0.3626967,0.45050955
HA-00849,Hospital A,tuned,1,1,0.16933858,1.7758552
HA-00850,Hospital A,tuned,1,1,0.4686383,0.757924
HA-00857,Hospital A,tuned,1,0,0.24500458,0.28104365
HA-00859,Hospital A,tuned,1,0,0.10715898,0.113346815
HA-00860,Hospital A,tuned,1,0,0.242534,0.2777766
HA-00864,Hospital A,tuned,1,0,0.16478796,0.18006968
HA-00868,Hospital A,tuned,1,0,0.18303384,0.20215762
HA-00870,Hospital A,tuned,1,0,0.41636625,0.5384816
HA-00876,Hospital A,tuned,1,0,0.10386909,0.10966873
HA-00877,Hospital A,tuned,1,0,0.25211066,0.29050028
HA-00879,Hospital A,tuned,1,0,0.17075151,0.18723547
HA-00881,Hospital A,tuned,1,0,0.46614343,0.627628
HA-00883,Hospital A,tuned,1,0,0.32007098,0.38576686
HA-00887,Hospital A,tuned,1,0,0.6014967,0.9200394
HA-00891,Hospital A,tuned,1,0,0.4314682,0.564698
HA-00892,Hospital A,tuned,1,0,0.40999237,0.5276198
HA-00894,Hospital A,tuned,1,0,0.2062894,0.2310363
HA-00898,Hospital A,tuned,1,1,0.30876172,1.1751854
HA-00900,Hospital A,tuned,1,0,0.09237745,0.09692669
HA-00901,Hospital A,tuned,1,0,0.5624958,0.82666904
HA-00902,Hospital A,tuned,1,0,0.25778756,0.29811978
HA-00905,Hospital A,tuned,1,0,0.12977122,0.1389991
HA-00907,Hospital A,tuned,1,0,0.29916236,0.355479
HA-00908,Hospital A,tuned,1,0,0.21405517,0.24086869
HA-00909,Hospital A,tuned,1,0,0.088073075,0.09219551
HA-00911,Hospital A,tuned,1,0,0.17625253,0.19389129
HA-00916,Hospital A,tuned,1,0,0.11874935,0.1264131
HA-00921,Hospital A,tuned,1,1,0.37691146,0.9757449
HA-00922,Hospital A,tuned,1,0,0.35154602,0.43316424
HA-00923,Hospital A,tuned,1,0,0.18120946,0.19992697
HA-00927,Hospital A,tuned,1,0,0.20228848,0.2260083
HA-00931,Hospital A,tuned,1,0,0.15832447,0.17236066
HA-00932,Hospital A,tuned,1,1,0.61177933,0.4913836
HA-00933,Hospital A,tuned,1,0,0.41003153,0.52768624
HA-00936,Hospital A,tuned,1,1,0.55886996,0.5818384
HA-00939,Hospital A,tuned,1,0,0.54980254,0.79806906
HA-00940,Hospital A,tuned,1,0,0.40001473,0.51085013
HA-00942,Hospital A,tuned,1,0,0.17077215,0.18726027
HA-00944,Hospital A,tuned,1,1,0.7628428,0.27070335
HA-00945,Hospital A,tuned,1,1,0.6367128,0.45143664
HA-00946,Hospital A,tuned,1,0,0.38163704,0.48067963
HA-00947,Hospital A,tuned,1,0,0.45928526,0.6148634
HA-00952,Hospital A,tuned,1,0,0.18348882,0.20271468
HA-00953,Hospital A,tuned,1,0,0.22832724,0.25919473
HA-00954,Hospital A,tuned,1,0,0.10520896,0.11116505
HA-00957,Hospital A,tuned,1,0,0.15314104,0.16622114
HA-00962,Hospital A,tuned,1,0,0.12680353,0.13559473
HA-00964,Hospital A,tuned,1,0,0.20955192,0.23515534
HA-00967,Hospital A,tuned,1,1,0.48572272,0.7221174
HA-00968,Hospital A,tuned,1,0,0.36597568,0.45566797
HA-00975,Hospital A,tuned,1,0,0.09549624,0.10036874
HA-00985,Hospital A,tuned,1,0,0.10205281,0.10764408
HA-00987,Hospital A,tuned,1,0,0.2051999,0.22966468
HA-00990,Hospital A,tuned,1,0,0.17908703,0.19733822
HA-00992,Hospital A,tuned,1,1,0.7858232,0.2410234
HA-00996,Hospital A,tuned,1,0,0.21063215,0.2365228
HA-00998,Hospital A,tuned,1,0,0.48867187,0.67074376
HA-01002,Hospital A,tuned,1,0,0.20800437,0.23319936
HA-01005,Hospital A,tuned,1,0,0.25047466,0.28831518
HA-01006,Hospital A,tuned,1,0,0.2532508,0.29202592
HA-01007,Hospital A,tuned,1,0,0.38509524,0.48628783
HA-01008,Hospital A,tuned,1,0,0.44939858,0.5967441
HA-01009,Hospital A,tuned,1,0,0.1704187,0.1868341
HA-01012,Hospital A,tuned,1,0,0.5436697,0.7845384
HA-01013,Hospital A,tuned,1,0,0.21817853,0.24612892
HA-01014,Hospital A,tuned,1,0,0.15735064,0.17120433
HA-01022,Hospital A,tuned,1,0,0.23486947,0.2677089
HA-01024,Hospital A,tuned,1,0,0.52267194,0.73955125
HA-01027,Hospital A,tuned,1,0,0.24409921,0.27984512
HA-01029,Hospital A,tuned,1,0,0.46237862,0.62060076
HA-01032,Hospital A,tuned,1,1,0.6144167,0.4870819
HA-01033,Hospital A,tuned,1,0,0.28131598,0.33033347
HA-01034,Hospital A,tuned,1,1,0.6030915,0.50568634
HA-01036,Hospital A,tuned,1,0,0.5160201,0.725712
HA-01042,Hospital A,tuned,1,0,0.33362556,0.40590352
HA-01047,Hospital A,tuned,1,0,0.15805651,0.17204237
HA-01048,Hospital A,tuned,1,0,0.5587718,0.8181931
HA-01050,Hospital A,tuned,1,0,0.20893039,0.2343694
HA-01053,Hospital A,tuned,1,1,0.31711605,1.1484876
HA-01055,Hospital A,tuned,1,0,0.23452328,0.2672565
HA-01059,Hospital A,tuned,1,1,0.31907013,1.1423445
HA-01062,Hospital A,tuned,1,1,0.53997284,0.61623645
HA-01064,Hospital A,tuned,1,0,0.5699853,0.8439358
HA-01065,Hospital A,tuned,1,0,0.12278921,0.13100803
HA-01066,Hospital A,tuned,1,0,0.15275231,0.16576219
HA-01068,Hospital A,tuned,1,0,0.18566833,0.20538747
HA-01069,Hospital A,tuned,1,1,0.5787198,0.54693687
HA-01072,Hospital A,tuned,1,0,0.12502882,0.13356435
HA-01076,Hospital A,tuned,1,0,0.13365431,0.14347136
HA-01077,Hospital A,tuned,1,0,0.35114154,0.4325407
HA-01078,Hospital A,tuned,1,1,0.57340175,0.55616874
HA-01085,Hospital A,tuned,1,0,0.23240751,0.26449633
HA-01086,Hospital A,tuned,1,0,0.115288585,0.122493744
HA-01087,Hospital A,tuned,1,0,0.16910897,0.1852566
HA-01091,Hospital A,tuned,1,0,0.1286663,0.13773024
HA-01093,Hospital A,tuned,1,0,0.50184476,0.6968435
HA-01105,Hospital A,tuned,1,0,0.27349874,0.3195151
HA-01113,Hospital A,tuned,1,0,0.23640788,0.2697215
HA-01114,Hospital A,tuned,1,0,0.15869059,0.17279577
HA-01115,Hospital A,tuned,1,0,0.45332104,0.60389364
HA-01118,Hospital A,tuned,1,0,0.30577618,0.3649609
HA-01120,Hospital A,tuned,1,1,0.51996154,0.6540004
HA-01121,Hospital A,tuned,1,0,0.24704131,0.28374493
HA-01124,Hospital A,tuned,1,0,0.1702486,0.18662918
HA-01129,Hospital A,tuned,1,0,0.3659822,0.45567828
HA-01130,Hospital A,tuned,1,0,0.4333322,0.5679821
HA-01132,Hospital A,tuned,1,0,0.25450194,0.29370272
HA-01135,Hospital A,tuned,1,1,0.5230599,0.64805925
HA-01136,Hospital A,tuned,1,0,0.15675396,0.17049646
HA-01137,Hospital A,tuned,1,0,0.48492837,0.6634493
HA-01142,Hospital A,tuned,1,0,0.10362824,0.109400034
HA-01144,Hospital A,tuned,1,0,0.11910234,0.12681389
HA-01145,Hospital A,tuned,1,0,0.16251948,0.17735732
HA-01146,Hospital A,tuned,1,0,0.64489645,1.0353459
HA-01148,Hospital A,tuned,1,0,0.14314863,0.15449083
HA-01149,Hospital A,tuned,1,0,0.5899452,0.8914645
HA-01150,Hospital A,tuned,1,0,0.2628922,0.30502117
HA-01154,Hospital A,tuned,1,0,0.45347258,0.60417086
HA-01157,Hospital A,tuned,1,0,0.19787069,0.22048545
HA-01162,Hospital A,tuned,1,0,0.37730598,0.47370005
HA-01165,Hospital A,tuned,1,0,0.24816146,0.28523374
HA-01166,Hospital A,tuned,1,0,0.51038843,0.71414304
HA-01167,Hospital A,tuned,1,1,0.766456,0.26597798
HA-01173,Hospital A,tuned,1,0,0.21498892,0.24205744
HA-01183,Hospital A,tuned,1,1,0.27262834,1.2996458
HA-01184,Hospital A,tuned,1,0,0.31536418,0.37886822
HA-01185,Hospital A,tuned,1,0,0.24821974,0.28531122
HA-01187,Hospital A,tuned,1,0,0.69381696,1.1835723
HA-01190,Hospital A,tuned,1,0,0.16373543,0.17881024
HA-01191,Hospital A,tuned,1,1,0.48422492,0.7252057
HA-01193,Hospital A,tuned,1,1,0.2603758,1.3456293
HA-01199,Hospital A,tuned,1,1,0.81915015,0.19948785
HA-01200,Hospital A,tuned,1,1,0.44173986,0.81703407
HA-01202,Hospital A,tuned,1,1,0.29664657,1.2152139
HA-01204,Hospital A,tuned,1,1,0.29238385,1.2296877
HA-01212,Hospital A,tuned,1,1,0.23203088,1.4608848
HA-01216,Hospital A,tuned,1,0,0.14244111,0.15366542
HA-01218,Hospital A,tuned,1,0,0.2335968,0.26604688
HA-01219,Hospital A,tuned,1,0,0.48034772,0.65459526
HA-01227,Hospital A,tuned,1,0,0.6316354,0.99868214
HA-01228,Hospital A,tuned,1,0,0.12883109,0.1379193
HA-01229,Hospital A,tuned,1,0,0.13555472,0.1456672
HA-01232,Hospital A,tuned,1,0,0.0950116,0.09983325
HA-01237,Hospital A,tuned,1,0,0.27800208,0.32573307
HA-01241,Hospital A,tuned,1,0,0.67283934,1.1173037
HA-01243,Hospital A,tuned,1,1,0.53199583,0.6311196
HA-01252,Hospital A,tuned,1,0,0.3988701,0.5089443
HA-01253,Hospital A,tuned,1,0,0.10147576,0.10700154
HA-01261,Hospital A,tuned,1,0,0.43677372,0.57407385
HA-01262,Hospital A,tuned,1,0,0.31414548,0.37708974
HA-01265,Hospital A,tuned,1,0,0.33626845,0.40987748
HA-01268,Hospital A,tuned,1,0,0.5175059,0.7287865
HA-01272,Hospital A,tuned,1,0,0.5469637,0.79178303
HA-01274,Hospital A,tuned,1,0,0.32372043,0.39114875
HA-01278,Hospital A,tuned,1,0,0.19883624,0.22168994
HA-01285,Hospital A,tuned,1,0,0.2578595,0.2982167
HA-01287,Hospital A,tuned,1,0,0.08401874,0.087759495
HA-01297,Hospital A,tuned,1,0,0.11619558,0.12351942
HA-01298,Hospital A,tuned,1,0,0.14696795,0.1589582
HA-01300,Hospital A,tuned,1,0,0.22511019,0.25503445
HA-01301,Hospital A,tuned,1,0,0.12430577,0.13273823
HA-01302,Hospital A,tuned,1,0,0.087950714,0.09206128
HA-01305,Hospital A,tuned,1,0,0.19736998,0.21986139
HA-01307,Hospital A,tuned,1,1,0.2200688,1.513815
HA-01308,Hospital A,tuned,1,0,0.13361716,0.14342844
HA-01313,Hospital A,tuned,1,1,0.74104095,0.29969937
HA-01318,Hospital A,tuned,1,0,0.6262015,0.98403835
HA-01321,Hospital A,tuned,1,0,0.1852406,0.20486248
HA-01322,Hospital A,tuned,1,0,0.10643906,0.11254072
HA-01324,Hospital A,tuned,1,0,0.105886586,0.11192274
HA-01326,Hospital A,tuned,1,1,0.66423416,0.40912053
HA-01328,Hospital A,tuned,1,0,0.1394145,0.15014231
HA-01329,Hospital A,tuned,1,0,0.15203957,0.16492128
HA-01331,Hospital A,tuned,1,0,0.13064021,0.13999832
HA-01335,Hospital A,tuned,1,0,0.2570642,0.2971456
HA-01336,Hospital A,tuned,1,0,0.46729824,0.6297936
HA-01341,Hospital A,tuned,1,0,0.15127558,0.16402078
HA-01342,Hospital A,tuned,1,0,0.5773256,0.8611531
HA-01344,Hospital A,tuned,1,0,0.14581724,0.15761006
HA-01345,Hospital A,tuned,1,0,0.15165453,0.16446733
HA-01347,Hospital A,tuned,1,1,0.4992359,0.6946765
HA-01349,Hospital A,tuned,1,0,0.26175225,0.30347574
HA-01351,Hospital A,tuned,1,0,0.41821077,0.541647
HA-01353,Hospital A,tuned,1,0,0.12062532,0.12854421
HA-01354,Hospital A,tuned,1,0,0.12893397,0.13803756
HA-01356,Hospital A,tuned,1,1,0.77828777,0.2506589
HA-01357,Hospital A,tuned,1,1,0.5033157,0.6865377
HA-01358,Hospital A,tuned,1,0,0.20807691,0.23329103
HA-01361,Hospital A,tuned,1,0,0.54987264,0.79822475
HA-01363,Hospital A,tuned,1,0,0.17900713,0.19724083
HA-01367,Hospital A,tuned,1,0,0.1873043,0.20739853
HA-01369,Hospital A,tuned,1,1,0.42586312,0.85363734
HA-01374,Hospital A,tuned,1,0,0.14816369,0.16036093
HA-01375,Hospital A,tuned,1,0,0.18263568,0.20167041
HA-01378,Hospital A,tuned,1,0,0.20883092,0.23424363
HA-01380,Hospital A,tuned,1,0,0.4637374,0.62313133
HA-01385,Hospital A,tuned,1,1,0.11795592,2.1374443
HA-01386,Hospital A,tuned,1,0,0.32597777,0.3944922
HA-01387,Hospital A,tuned,1,0,0.503269,0.6997067
HA-01389,Hospital A,tuned,1,1,0.32393265,1.1272196
HA-01390,Hospital A,tuned,1,0,0.23968355,0.27402055
HA-01391,Hospital A,tuned,1,0,0.14025134,0.15111518
HA-01393,Hospital A,tuned,1,0,0.33894312,0.4139154
HA-01394,Hospital A,tuned,1,0,0.38411987,0.48470294
HA-01396,Hospital A,tuned,1,0,0.38465685,0.4855752
HA-01399,Hospital A,tuned,1,0,0.2559575,0.29565716
HA-01401,Hospital A,tuned,1,1,0.7322089,0.31168938
HA-01404,Hospital A,tuned,1,0,0.75853264,1.421021
HA-01408,Hospital A,tuned,1,0,0.5875538,0.88564944
HA-01413,Hospital A,tuned,1,0,0.1185508,0.1261878
HA-01415,Hospital A,tuned,1,0,0.56240594,0.82646364
HA-01420,Hospital A,tuned,1,0,0.30461785,0.36329377
HA-01423,Hospital A,tuned,1,0,0.54782766,0.7936919
HA-01424,Hospital A,tuned,1,0,0.35523978,0.43887687
HA-01425,Hospital A,tuned,1,0,0.16775791,0.1836319
HA-01431,Hospital A,tuned,1,0,0.26585355,0.30904675
HA-01433,Hospital A,tuned,1,1,0.57622695,0.55125374
HA-01434,Hospital A,tuned,1,0,0.34883997,0.42899978
HA-01440,Hospital A,tuned,1,0,0.13837536,0.14893556
HA-01441,Hospital A,tuned,1,0,0.23547632,0.26850224
HA-01442,Hospital A,tuned,1,0,0.29891127,0.35512078
HA-01443,Hospital A,tuned,1,0,0.21384366,0.24059963
HA-01444,Hospital A,tuned,1,0,0.34891045,0.42910814
HA-01445,Hospital A,tuned,1,0,0.27544463,0.32219708
HA-01446,Hospital A,tuned,1,0,0.29525712,0.3499223
HA-01447,Hospital A,tuned,1,1,0.63304937,0.45720685
HA-01451,Hospital A,tuned,1,0,0.10789564,0.11417222
HA-01454,Hospital A,tuned,1,0,0.18180831,0.20065868
HA-01456,Hospital A,tuned,1,0,0.19895156,0.22183383
HA-01457,Hospital A,tuned,1,0,0.35081562,0.43203855
HA-01459,Hospital A,tuned,1,0,0.34488294,0.42294133
HA-01461,Hospital A,tuned,1,0,0.59757376,0.91024345
HA-01463,Hospital A,tuned,1,0,0.22121991,0.25002658
HA-01464,Hospital A,tuned,1,0,0.5536119,0.8065665
HA-01469,Hospital A,tuned,1,0,0.16004078,0.174402
HA-01470,Hospital A,tuned,1,0,0.119512536,0.12727964
HA-01472,Hospital A,tuned,1,1,0.6501803,0.4305056
HA-01473,Hospital A,tuned,1,0,0.14077799,0.15172791
HA-01475,Hospital A,tuned,1,0,0.20234643,0.2260809
HA-01476,Hospital A,tuned,1,0,0.23860285,0.27260017
HA-01478,Hospital A,tuned,1,0,0.12770599,0.13662875
HA-01479,Hospital A,tuned,1,0,0.18012838,0.19860756
HA-01480,Hospital A,tuned,1,0,0.21776049,0.24559426
HA-01483,Hospital A,tuned,1,0,0.30119413,0.35838228
HA-01488,Hospital A,tuned,1,0,0.19832899,0.22105694
HA-01490,Hospital A,tuned,1,0,0.23463349,0.2674005
HA-01493,Hospital A,tuned,1,0,0.24197552,0.27703965
HA-01495,Hospital A,tuned,1,0,0.15831105,0.1723448
HA-01498,Hospital A,tuned,1,1,0.22153728,1.5071644
HA-01500,Hospital A,tuned,1,0,0.12823656,0.13723719
HA-01501,Hospital A,tuned,1,0,0.26376373,0.3062042
HA-01504,Hospital A,tuned,1,0,0.31927553,0.38459766
HA-01507,Hospital A,tuned,1,0,0.11889184,0.126575
HA-01509,Hospital A,tuned,1,0,0.37364864,0.46784377
HA-01512,Hospital A,tuned,1,1,0.22653408,1.48486
HA-01515,Hospital A,tuned,1,0,0.1112807,0.117973804
HA-01520,Hospital A,tuned,1,0,0.16509898,0.1804421
HA-01521,Hospital A,tuned,1,0,0.14384685,0.15530598
HA-01523,Hospital A,tuned,1,0,0.24726449,0.2840413
HA-01531,Hospital A,tuned,1,0,0.16838737,0.18438852
HA-01532,Hospital A,tuned,1,0,0.1814958,0.20027673
HA-01534,Hospital A,tuned,1,0,0.22378509,0.25332582
HA-01535,Hospital A,tuned,1,0,0.5211499,0.7363676
HA-01538,Hospital A,tuned,1,0,0.20363496,0.22769761
HA-01539,Hospital A,tuned,1,0,0.15897335,0.17313194
HA-01540,Hospital A,tuned,1,1,0.43885127,0.8235947
HA-01543,Hospital A,tuned,1,0,0.4033379,0.51640433
HA-01545,Hospital A,tuned,1,1,0.321098,1.136009
HA-01549,Hospital A,tuned,1,1,0.32508287,1.1236751
HA-01550,Hospital A,tuned,1,0,0.3459716,0.42460454
HA-01551,Hospital A,tuned,1,0,0.14242494,0.15364659
HA-01553,Hospital A,tuned,1,0,0.18630067,0.20616436
HA-01554,Hospital A,tuned,1,0,0.15020804,0.16276371
HA-01562,Hospital A,tuned,1,1,0.5019854,0.68918437
HA-01564,Hospital A,tuned,1,0,0.17054875,0.18699098
HA-01568,Hospital A,tuned,1,1,0.6131629,0.4891247
HA-01569,Hospital A,tuned,1,1,0.5430483,0.61055696
HA-01571,Hospital A,tuned,1,0,0.23291412,0.2651565
HA-01573,Hospital A,tuned,1,1,0.8618819,0.14863701
HA-01575,Hospital A,tuned,1,0,0.090604156,0.094974756
HA-01576,Hospital A,tuned,1,0,0.36686963,0.4570788
HA-01578,Hospital A,tuned,1,0,0.47154123,0.6377905
HA-01579,Hospital A,tuned,1,0,0.15974315,0.17404771
HA-01582,Hospital A,tuned,1,0,0.14968298,0.16214609
HA-01583,Hospital A,tuned,1,0,0.42152658,0.5473627
HA-01584,Hospital A,tuned,1,0,0.43923986,0.57846206
HA-01592,Hospital A,tuned,1,0,0.09221286,0.09674525
HA-01596,Hospital A,tuned,1,0,0.3160591,0.37988377
HA-01600,Hospital A,tuned,1,0,0.11902553,0.12672663
HA-01603,Hospital A,tuned,1,0,0.86697733,2.0172353
HA-01604,Hospital A,tuned,1,0,0.25638428,0.2962309
HA-01609,Hospital A,tuned,1,0,0.4197222,0.5442483
HA-01610,Hospital A,tuned,1,0,0.15715434,0.1709714
HA-01612,Hospital A,tuned,1,1,0.22655767,1.4847558
HA-01613,Hospital A,tuned,1,0,0.22533199,0.25532067
HA-01615,Hospital A,tuned,1,0,0.17219739,0.18898058
HA-01620,Hospital A,tuned,1,0,0.12997372,0.1392318
HA-01621,Hospital A,tuned,1,0,0.14759964,0.15969896
HA-01626,Hospital A,tuned,1,0,0.5550032,0.80968827
HA-01629,Hospital A,tuned,1,0,0.30225658,0.3599038
HA-01630,Hospital A,tuned,1,1,0.6388816,0.44803607
HA-01631,Hospital A,tuned,1,0,0.28534284,0.3359524
HA-01634,Hospital A,tuned,1,0,0.3337938,0.40615606
HA-01636,Hospital A,tuned,1,0,0.48100257,0.6558564
HA-01638,Hospital A,tuned,1,0,0.4275981,0.5579139
HA-01639,Hospital A,tuned,1,0,0.13823403,0.14877152
HA-01640,Hospital A,tuned,1,0,0.26497367,0.30784893
HA-01642,Hospital A,tuned,1,0,0.10914351,0.115571976
HA-01643,Hospital A,tuned,1,0,0.103107676,0.108819485
HA-01644,Hospital A,tuned,1,0,0.24527663,0.28140402
HA-01645,Hospital A,tuned,1,0,0.11992868,0.12775242
HA-01647,Hospital A,tuned,1,0,0.17820641,0.19626606
HA-01648,Hospital A,tuned,1,1,0.385765,0.9525269
HA-01649,Hospital A,tuned,1,0,0.6752062,1.1245646
HA-01650,Hospital A,tuned,1,0,0.12504399,0.13358176
HA-01651,Hospital A,tuned,1,0,0.16244476,0.17726803
HA-01652,Hospital A,tuned,1,0,0.42078498,0.5460815
HA-01653,Hospital A,tuned,1,0,0.3455704,0.4239912
HA-01655,Hospital A,tuned,1,0,0.2302134,0.26164186
HA-01656,Hospital A,tuned,1,0,0.1983897,0.22113264
HA-01658,Hospital A,tuned,1,0,0.13066606,0.14002788
HA-01659,Hospital A,tuned,1,0,0.66895026,1.1054866
HA-01661,Hospital A,tuned,1,0,0.6320158,0.9997153
HA-01663,Hospital A,tuned,1,0,0.34086436,0.41682595
HA-01664,Hospital A,tuned,1,1,0.68684304,0.37564945
HA-01671,Hospital A,tuned,1,0,0.16044165,0.17487931
HA-01674,Hospital A,tuned,1,0,0.36440116,0.4531877
HA-01675,Hospital A,tuned,1,0,0.1044883,0.11035991
HA-01679,Hospital A,tuned,1,0,0.21791911,0.24579704
HA-01681,Hospital A,tuned,1,0,0.19160429,0.21270359
HA-01682,Hospital A,tuned,1,0,0.24483725,0.28082192
HA-01683,Hospital A,tuned,1,0,0.31606525,0.37989277
HA-01684,Hospital A,tuned,1,0,0.6785493,1.134911
HA-01685,Hospital A,tuned,1,1,0.3220443,1.1330662
HA-01686,Hospital A,tuned,1,0,0.20489578,0.22928214
HA-01689,Hospital A,tuned,1,0,0.12824126,0.13724267
HA-01690,Hospital A,tuned,1,0,0.23815694,0.27201474
HA-01693,Hospital A,tuned,1,0,0.13801286,0.14851487
HA-01695,Hospital A,tuned,1,0,0.15640815,0.1700865
HA-01696,Hospital A,tuned,1,1,0.81624925,0.20303556
HA-01697,Hospital A,tuned,1,0,0.19344851,0.21498752
HA-01700,Hospital A,tuned,1,0,0.42580926,0.55479366
HA-01701,Hospital A,tuned,1,0,0.2507125,0.28863263
HA-01702,Hospital A,tuned,1,1,0.3235576,1.1283782
HA-01710,Hospital A,tuned,1,0,0.18044294,0.1989913
HA-01712,Hospital A,tuned,1,0,0.1205834,0.12849653
HA-01716,Hospital A,tuned,1,0,0.25098875,0.28900123
HA-01717,Hospital A,tuned,1,0,0.14488506,0.15651941
HA-01719,Hospital A,tuned,1,0,0.4513783,0.60034615
HA-01722,Hospital A,tuned,1,0,0.1768033,0.19456017
HA-01724,Hospital A,tuned,1,0,0.31366372,0.3763876
HA-01726,Hospital A,tuned,1,1,0.28767127,1.2459369
HA-01727,Hospital A,tuned,1,0,0.346531,0.42546028
HA-01728,Hospital A,tuned,1,0,0.2516158,0.2898388
HA-01729,Hospital A,tuned,1,0,0.1326664,0.14233148
HA-01730,Hospital A,tuned,1,0,0.29987293,0.35649347
HA-01733,Hospital A,tuned,1,0,0.17329022,0.19030154
HA-01734,Hospital A,tuned,1,0,0.087676525,0.091760635
HA-01736,Hospital A,tuned,1,0,0.33712932,0.4111753
HA-01739,Hospital A,tuned,1,0,0.13314943,0.14288867
HA-01741,Hospital A,tuned,1,0,0.33923173,0.41435206
HA-01746,Hospital A,tuned,1,0,0.1582205,0.17223716
HA-01751,Hospital A,tuned,1,0,0.39793792,0.5073948
HA-01754,Hospital A,tuned,1,0,0.4388492,0.57776564
HA-01757,Hospital A,tuned,1,0,0.30086347,0.3579092
HA-01758,Hospital A,tuned,1,1,0.90524954,0.09954468
HA-01763,Hospital A,tuned,1,0,0.0962594,0.10121298
HA-01765,Hospital A,tuned,1,0,0.3261913,0.394809
HA-01766,Hospital A,tuned,1,0,0.4037487,0.517093
HA-01769,Hospital A,tuned,1,1,0.35749936,1.0286218
HA-01773,Hospital A,tuned,1,0,0.14689815,0.1588763
HA-01774,Hospital A,tuned,1,1,0.4046199,0.90480715
HA-01775,Hospital A,tuned,1,0,0.15565096,0.16918933
HA-01781,Hospital A,tuned,1,1,0.52592176,0.64260286
HA-01783,Hospital A,tuned,1,0,0.18483572,0.20436561
HA-01784,Hospital A,tuned,1,0,0.19399828,0.2156694
HA-01785,Hospital A,tuned,1,1,0.47664145,0.74099076
HA-01788,Hospital A,tuned,1,0,0.17625083,0.19388926
HA-01789,Hospital A,tuned,1,1,0.41088095,0.88945174
HA-01792,Hospital A,tuned,1,0,0.2864388,0.3374871
HA-01795,Hospital A,tuned,1,0,0.2785411,0.3264798
HA-01798,Hospital A,tuned,1,0,0.25307766,0.29179406
HA-01802,Hospital A,tuned,1,0,0.3124994,0.37469256
HA-01803,Hospital A,tuned,1,0,0.50812054,0.70952165
HA-01804,Hospital A,tuned,1,0,0.17739224,0.19527578
HA-01810,Hospital A,tuned,1,0,0.21193698,0.23817718
HA-01815,Hospital A,tuned,1,0,0.15077607,0.16343236
HA-01819,Hospital A,tuned,1,0,0.5527783,0.80470085
HA-01821,Hospital A,tuned,1,0,0.119796194,0.12760174
HA-01822,Hospital A,tuned,1,0,0.6569182,1.0697864
HA-01824,Hospital A,tuned,1,1,0.2502781,1.3851826
HA-01828,Hospital A,tuned,1,1,0.79351884,0.23127805
HA-01829,Hospital A,tuned,1,0,0.3504005,0.4313993
HA-01830,Hospital A,tuned,1,0,0.15314941,0.16623104
HA-01831,Hospital A,tuned,1,0,0.29241827,0.3459022
HA-01833,Hospital A,tuned,1,0,0.13303675,0.14275873
HA-01835,Hospital A,tuned,1,1,0.32963264,1.1097765
HA-01836,Hospital A,tuned,1,0,0.29807767,0.3539325
HA-01838,Hospital A,tuned,1,0,0.54944396,0.7972728
HA-01839,Hospital A,tuned,1,1,0.37482825,0.98128736
HA-01843,Hospital A,tuned,1,1,0.41874182,0.87050074
HA-01845,Hospital A,tuned,1,0,0.11054875,0.117150545
HA-01854,Hospital A,tuned,1,0,0.20400296,0.22815979
HA-01856,Hospital A,tuned,1,1,0.3443453,1.0661104
HA-01863,Hospital A,tuned,1,0,0.290253,0.34284675
HA-01864,Hospital A,tuned,1,0,0.45258433,0.6025469
HA-01868,Hospital A,tuned,1,0,0.17660233,0.19431603
HA-01872,Hospital A,tuned,1,0,0.20777321,0.23290753
HA-01873,Hospital A,tuned,1,0,0.12799487,0.13695991
HA-01874,Hospital A,tuned,1,0,0.1890965,0.20960617
HA-01875,Hospital A,tuned,1,0,0.12891291,0.13801324
HA-01880,Hospital A,tuned,1,1,0.13549638,1.9988103
HA-01884,Hospital A,tuned,1,0,0.122367896,0.13052785
HA-01885,Hospital A,tuned,1,0,0.21405753,0.24087167
HA-01886,Hospital A,tuned,1,0,0.30285275,0.3607586
HA-01889,Hospital A,tuned,1,0,0.1357292,0.14586914
HA-01890,Hospital A,tuned,1,0,0.18703505,0.20706725
HA-01893,Hospital A,tuned,1,0,0.1320577,0.14163005
HA-01895,Hospital A,tuned,1,0,0.10480638,0.11071515
HA-01896,Hospital A,tuned,1,0,0.22478893,0.25461996
HA-01897,Hospital A,tuned,1,0,0.16347069,0.17849374
HA-01898,Hospital A,tuned,1,0,0.15335646,0.16647553
HA-01900,Hospital A,tuned,1,0,0.19149618,0.21256983
HA-01901,Hospital A,tuned,1,0,0.17332436,0.1903429
HA-01905,Hospital A,tuned,1,0,0.45833907,0.613115
HA-01906,Hospital A,tuned,1,0,0.15128347,0.16402996
HA-01909,Hospital A,tuned,1,0,0.4684355,0.63193077
HA-01910,Hospital A,tuned,1,0,0.17846106,0.196576
HA-01912,Hospital A,tuned,1,0,0.20619346,0.23091555
HA-01915,Hospital A,tuned,1,0,0.40604195,0.52094656
HA-01916,Hospital A,tuned,1,0,0.20690033,0.2318064
HA-01918,Hospital A,tuned,1,0,0.25768337,0.29797935
HA-01921,Hospital A,tuned,1,0,0.14779088,0.15992332
HA-01924,Hospital A,tuned,1,0,0.67513764,1.1243535
HA-01929,Hospital A,tuned,1,0,0.3107388,0.37213498
HA-01930,Hospital A,tuned,1,0,0.3337271,0.40605587
HA-01931,Hospital A,tuned,1,0,0.2288689,0.25989687
HA-01933,Hospital A,tuned,1,0,0.36995488,0.46196383
HA-01934,Hospital A,tuned,1,0,0.4925361,0.6783297
HA-01936,Hospital A,tuned,1,0,0.41671255,0.53907514
HA-01937,Hospital A,tuned,1,0,0.45227957,0.60199034
HA-01939,Hospital A,tuned,1,0,0.102753855,0.10842514
HA-01942,Hospital A,tuned,1,1,0.9217661,0.08146381
HA-01943,Hospital A,tuned,1,0,0.14046137,0.15135956
HA-01945,Hospital A,tuned,1,1,0.2779114,1.280453
HA-01948,Hospital A,tuned,1,1,0.17043519,1.7694001
HA-01952,Hospital A,tuned,1,0,0.2756539,0.32248592
HA-01953,Hospital A,tuned,1,0,0.1309007,0.14029777
HA-01954,Hospital A,tuned,1,0,0.12824775,0.13725007
HA-01955,Hospital A,tuned,1,0,0.41356242,0.53368896
HA-01958,Hospital A,tuned,1,0,0.10543218,0.11141467
HA-01959,Hospital A,tuned,1,1,0.44800502,0.80295086
HA-01971,Hospital A,tuned,1,0,0.5571347,0.8144896
HA-01972,Hospital A,tuned,1,0,0.13870266,0.14931548
HA-01976,Hospital A,tuned,1,0,0.5304074,0.75588983
HA-01980,Hospital A,tuned,1,0,0.21706307,0.24470317
HA-01981,Hospital A,tuned,1,0,0.10773263,0.11398935
HA-01983,Hospital A,tuned,1,0,0.1415564,0.15263426
HA-01985,Hospital A,tuned,1,0,0.16037604,0.17480111
HA-01987,Hospital A,tuned,1,0,0.22405353,0.25367177
HA-01992,Hospital A,tuned,1,0,0.28610435,0.3370185
HA-01993,Hospital A,tuned,1,0,0.31369323,0.3764305
HA-01994,Hospital A,tuned,1,1,0.30825752,1.1768198
HA-01997,Hospital A,tuned,1,1,0.45050633,0.79738307
HA-01998,Hospital A,tuned,1,0,0.17402165,0.19118667
HA-02002,Hospital A,tuned,1,0,0.33523604,0.40832317
HA-02003,Hospital A,tuned,1,0,0.42528462,0.5538804
HA-02008,Hospital A,tuned,1,0,0.12057293,0.1284846
HA-02011,Hospital A,tuned,1,1,0.12636617,2.0685716
HA-02012,Hospital A,tuned,1,0,0.38434854,0.48507428
HA-02014,Hospital A,tuned,1,0,0.49173686,0.67675596
HA-02016,Hospital A,tuned,1,0,0.34091464,0.4169023
HA-02019,Hospital A,tuned,1,0,0.53871965,0.77374923
HA-02020,Hospital A,tuned,1,0,0.54108334,0.77888674
HA-02029,Hospital A,tuned,1,0,0.18177208,0.20061433
HA-02031,Hospital A,tuned,1,1,0.50184435,0.68946534
HA-02033,Hospital A,tuned,1,0,0.51956743,0.7330683
HA-02036,Hospital A,tuned,1,1,0.44257733,0.8151401
HA-02037,Hospital A,tuned,1,0,0.14901426,0.1613599
HA-02040,Hospital A,tuned,1,0,0.5383513,0.77295107
HA-02043,Hospital A,tuned,1,0,0.32098556,0.38711286
HA-02044,Hospital A,tuned,1,0,0.1491115,0.16147423
HA-02046,Hospital A,tuned,1,0,0.15336485,0.16648543
HA-02049,Hospital A,tuned,1,0,0.7571006,1.415108
HA-02051,Hospital A,tuned,1,1,0.63751894,0.45017135
HA-02053,Hospital A,tuned,1,1,0.5282722,0.63814354
HA-02054,Hospital A,tuned,1,1,0.747616,0.2908658
HA-02056,Hospital A,tuned,1,0,0.327429,0.39664757
HA-02062,Hospital A,tuned,1,0,0.51312864,0.71975535
HA-02065,Hospital A,tuned,1,0,0.22583282,0.2559675
HA-02067,Hospital A,tuned,1,0,0.2503273,0.2881186
HA-02069,Hospital A,tuned,1,0,0.43034446,0.5627234
HA-02072,Hospital A,tuned,1,0,0.11282688,0.119715214
HA-02075,Hospital A,tuned,1,0,0.38452908,0.48536754
HA-02077,Hospital A,tuned,1,1,0.2906557,1.235616
HA-02080,Hospital A,tuned,1,1,0.35646537,1.0315182
HA-02081,Hospital A,tuned,1,0,0.40507367,0.5193177
HA-02082,Hospital A,tuned,1,0,0.40524712,0.51960933
HA-02087,Hospital A,tuned,1,0,0.3893403,0.49321544
HA-02093,Hospital A,tuned,1,0,0.34436968,0.42215824
HA-02095,Hospital A,tuned,1,0,0.14565754,0.15742314
HA-02097,Hospital A,tuned,1,0,0.7531226,1.3988636
HA-02099,Hospital A,tuned,1,0,0.10726415,0.113464594
HA-02100,Hospital A,tuned,1,0,0.35348472,0.43615854
HA-02106,Hospital A,tuned,1,0,0.32020995,0.38597137
HA-02110,Hospital A,tuned,1,1,0.35060918,1.0480831
HA-02111,Hospital A,tuned,1,1,0.47689274,0.7404637
HA-02112,Hospital A,tuned,1,0,0.2305625,0.26209557
HA-02115,Hospital A,tuned,1,0,0.22189556,0.25089455
HA-02117,Hospital A,tuned,1,0,0.50569934,0.7046113
HA-02118,Hospital A,tuned,1,0,0.306469,0.3659593
HA-02119,Hospital A,tuned,1,1,0.6108737,0.49286506
HA-02123,Hospital A,tuned,1,0,0.41335288,0.5333318
HA-02126,Hospital A,tuned,1,0,0.5694109,0.8426011
HA-02128,Hospital A,tuned,1,0,0.2989678,0.35520148
HA-02131,Hospital A,tuned,1,0,0.2079778,0.23316586
HA-02132,Hospital A,tuned,1,0,0.45708877,0.61080945
HA-02135,Hospital A,tuned,1,0,0.22121722,0.25002313
HA-02137,Hospital A,tuned,1,1,0.35151637,1.045499
HA-02139,Hospital A,tuned,1,0,0.523144,0.74054074
HA-02142,Hospital A,tuned,1,0,0.17403424,0.19120193
HA-02151,Hospital A,tuned,1,1,0.38617206,0.9514723
HA-02155,Hospital A,tuned,1,0,0.26928458,0.3137312
HA-02158,Hospital A,tuned,1,0,0.36824787,0.45925814
HA-02167,Hospital A,tuned,1,1,0.82303166,0.19476055
HA-02168,Hospital A,tuned,1,0,0.12782598,0.13676631
HA-02171,Hospital A,tuned,1,0,0.14986429,0.16235924
HA-02175,Hospital A,tuned,1,0,0.12062467,0.1285435
HA-02176,Hospital A,tuned,1,0,0.4788051,0.65163124
HA-02181,Hospital A,tuned,1,0,0.8436821,1.8558636
HA-02182,Hospital A,tuned,1,0,0.25232744,0.2907902
HA-02190,Hospital A,tuned,1,0,0.44378674,0.5866035
HA-02191,Hospital A,tuned,1,0,0.34337908,0.42064834
HA-02192,Hospital A,tuned,1,0,0.2919555,0.34524834
HA-02194,Hospital A,tuned,1,0,0.35487238,0.43830717
HA-02197,Hospital A,tuned,1,1,0.40618134,0.9009556
HA-02198,Hospital A,tuned,1,0,0.25127003,0.28937685
HA-02199,Hospital A,tuned,1,0,0.29278535,0.34642112
HA-02202,Hospital A,tuned,1,0,0.20367981,0.227754
HA-02206,Hospital A,tuned,1,0,0.2809972,0.32989
HA-02209,Hospital A,tuned,1,1,0.26658615,1.3220578
HA-02211,Hospital A,tuned,1,0,0.52841616,0.7516584
HA-02213,Hospital A,tuned,1,0,0.61259824,0.9482929
HA-02215,Hospital A,tuned,1,0,0.17011194,0.18646443
HA-02216,Hospital A,tuned,1,0,0.12502614,0.13356125
HA-02221,Hospital A,tuned,1,0,0.13596094,0.14613736
HA-02222,Hospital A,tuned,1,0,0.4282744,0.5590961
HA-02223,Hospital A,tuned,1,0,0.15468182,0.16804218
HA-02224,Hospital A,tuned,1,0,0.09993609,0.10528946
HA-02230,Hospital A,tuned,1,0,0.19596449,0.21811187
HA-02238,Hospital A,tuned,1,0,0.20614374,0.23085284
HA-02240,Hospital A,tuned,1,0,0.17456116,0.19184005
HA-02241,Hospital A,tuned,1,0,0.3617322,0.44899738
HA-02242,Hospital A,tuned,1,0,0.32112876,0.3873238
HA-02250,Hospital A,tuned,1,1,0.48892298,0.7155503
HA-02251,Hospital A,tuned,1,0,0.08896417,0.09317303
HA-02253,Hospital A,tuned,1,0,0.31764036,0.38219845
HA-02254,Hospital A,tuned,1,0,0.12536398,0.13394749
HA-02263,Hospital A,tuned,1,0,0.4129748,0.53268754
HA-02264,Hospital A,tuned,1,0,0.15862037,0.17271233
HA-02267,Hospital A,tuned,1,0,0.22022805,0.24875379
HA-02270,Hospital A,tuned,1,0,0.19492306,0.21681738
HA-02273,Hospital A,tuned,1,0,0.2620623,0.30389583
HA-02275,Hospital A,tuned,1,1,0.18445924,1.6903268
HA-02276,Hospital A,tuned,1,0,0.13598628,0.14616668
HA-02277,Hospital A,tuned,1,0,0.11575329,0.12301922
HA-02280,Hospital A,tuned,1,0,0.094250254,0.09899211
HA-02287,Hospital A,tuned,1,0,0.44519144,0.5891322
HA-02290,Hospital A,tuned,1,0,0.13881014,0.14944029
HA-02291,Hospital A,tuned,1,1,0.27176973,1.3028002
HA-02293,Hospital A,tuned,1,0,0.2533327,0.2921356
HA-02297,Hospital A,tuned,1,0,0.5545135,0.8085884
HA-02300,Hospital A,tuned,1,0,0.37695578,0.4731378
HA-02304,Hospital A,tuned,1,0,0.20396945,0.2281177
HA-02309,Hospital A,tuned,1,0,0.4434716,0.58603716
HA-02312,Hospital A,tuned,1,0,0.32212088,0.38878632
HA-02316,Hospital A,tuned,1,0,0.39277673,0.4988587
HA-02319,Hospital A,tuned,1,1,0.93013114,0.072429724
HA-02320,Hospital A,tuned,1,0,0.42052427,0.54563147
HA-02321,Hospital A,tuned,1,0,0.15340953,0.16653824
HA-02322,Hospital A,tuned,1,0,0.5981025,0.9115582
HA-02324,Hospital A,tuned,1,0,0.13956498,0.15031719
HA-02326,Hospital A,tuned,1,0,0.12641318,0.13514769
HA-02327,Hospital A,tuned,1,0,0.120754525,0.12869108
HA-02328,Hospital A,tuned,1,0,0.6118291,0.94630957
HA-02329,Hospital A,tuned,1,0,0.24202554,0.27710557
HA-02330,Hospital A,tuned,1,0,0.34592286,0.4245299
HA-02336,Hospital A,tuned,1,1,0.4129597,0.88440526
HA-02341,Hospital A,tuned,1,0,0.5702504,0.8445526
HA-02343,Hospital A,tuned,1,0,0.12586744,0.13452327
HA-02345,Hospital A,tuned,1,1,0.3589694,1.0245183
HA-02347,Hospital A,tuned,1,0,0.2417001,0.2766763
HA-02348,Hospital A,tuned,1,0,0.11643672,0.12379241
HA-02350,Hospital A,tuned,1,1,0.36100057,1.0188757
HA-02351,Hospital A,tuned,1,0,0.39476594,0.50214
HA-02352,Hospital A,tuned,1,1,0.50110775,0.69093406
HA-02354,Hospital A,tuned,1,0,0.3560147,0.4400794
HA-02355,Hospital A,tuned,1,0,0.14510353,0.15677488
HA-02356,Hospital A,tuned,1,0,0.29134056,0.34438014
HA-02357,Hospital A,tuned,1,0,0.38751554,0.49023175
HA-02360,Hospital A,tuned,1,1,0.34560096,1.0624704
HA-02361,Hospital A,tuned,1,0,0.63949496,1.0202494
HA-02363,Hospital A,tuned,1,0,0.25852323,0.2991115
HA-02364,Hospital A,tuned,1,0,0.34007356,0.41562688
HA-02365,Hospital A,tuned,1,0,0.7602159,1.4280163
HA-02370,Hospital A,tuned,1,0,0.24507971,0.2811432
HA-02372,Hospital A,tuned,1,0,0.53601515,0.76790345
HA-02375,Hospital A,tuned,1,0,0.24891846,0.28624105
HA-02379,Hospital A,tuned,1,0,0.19497646,0.21688378
HA-02380,Hospital A,tuned,1,1,0.27768913,1.2812531
HA-02381,Hospital A,tuned,1,0,0.1304001,0.13972199
HA-02384,Hospital A,tuned,1,0,0.5293817,0.7537079
HA-02386,Hospital A,tuned,1,0,0.33438233,0.40703976
HA-02388,Hospital A,tuned,1,0,0.14840573,0.16064513
HA-02390,Hospital A,tuned,1,0,0.114068516,0.121115685
HA-02391,Hospital A,tuned,1,0,0.12971494,0.1389345
HA-02393,Hospital A,tuned,1,0,0.15990543,0.17424083
HA-02396,Hospital A,tuned,1,0,0.14595118,0.15776694
HA-02397,Hospital A,tuned,1,0,0.34875706,0.42887253
HA-02398,Hospital A,tuned,1,1,0.12945102,2.0444527
HA-02399,Hospital A,tuned,1,1,0.4252311,0.85512245
HA-02400,Hospital A,tuned,1,0,0.29271877,0.34632695
HA-02401,Hospital A,tuned,1,1,0.1639742,1.8080462
HA-02404,Hospital A,tuned,1,0,0.15627505,0.16992879
HA-02405,Hospital A,tuned,1,0,0.14965211,0.16210973
HA-02406,Hospital A,tuned,1,0,0.14069009,0.15162563
HA-02411,Hospital A,tuned,1,0,0.21742901,0.2451706
HA-02414,Hospital A,tuned,1,0,0.111604325,0.11833811
HA-02415,Hospital A,tuned,1,0,0.4947344,0.682671
HA-02416,Hospital A,tuned,1,0,0.4139467,0.53434455
HA-02417,Hospital A,tuned,1,1,0.26997715,1.309418
HA-02419,Hospital A,tuned,1,0,0.17613846,0.19375277
HA-02423,Hospital A,tuned,1,0,0.4960216,0.6852218
HA-02425,Hospital A,tuned,1,0,0.524807,0.7440342
HA-02427,Hospital A,tuned,1,0,0.30867577,0.36914635
HA-02438,Hospital A,tuned,1,0,0.37442765,0.46908826
HA-02440,Hospital A,tuned,1,0,0.19356003,0.2151258
HA-02443,Hospital A,tuned,1,0,0.20957729,0.23518741
HA-02446,Hospital A,tuned,1,0,0.64256966,1.0288147
HA-02451,Hospital A,tuned,1,0,0.24953263,0.28705907
HA-02453,Hospital A,tuned,1,0,0.30469483,0.36340445
HA-02454,Hospital A,tuned,1,0,0.26105317,0.30252934
HA-02458,Hospital A,tuned,1,0,0.13206601,0.14163959
HA-02461,Hospital A,tuned,1,0,0.18516533,0.20477009
HA-02463,Hospital A,tuned,1,0,0.15100892,0.16370654
HA-02464,Hospital A,tuned,1,0,0.24307504,0.27849114
HA-02465,Hospital A,tuned,1,0,0.36053103,0.4471172
HA-02467,Hospital A,tuned,1,0,0.14793962,0.16009784
HA-02469,Hospital A,tuned,1,1,0.4285214,0.8474146
HA-02472,Hospital A,tuned,1,0,0.10803739,0.11433101
HA-02476,Hospital A,tuned,1,0,0.15479854,0.16818023
HA-02478,Hospital A,tuned,1,0,0.23178215,0.2636819
HA-02479,Hospital A,tuned,1,0,0.31943497,0.3848319
HA-02480,Hospital A,tuned,1,0,0.18882194,0.20926774
HA-02481,Hospital A,tuned,1,0,0.44448185,0.58785397
HA-02483,Hospital A,tuned,1,0,0.28189456,0.33113885
HA-02484,Hospital A,tuned,1,0,0.36471856,0.4536872
HA-02489,Hospital A,tuned,1,1,0.5161947,0.6612713
HA-02493,Hospital A,tuned,1,0,0.25571543,0.29533184
HA-02494,Hospital A,tuned,1,0,0.25678802,0.29677403
HA-02502,Hospital A,tuned,1,0,0.23983936,0.27422547
HA-02504,Hospital A,tuned,1,0,0.43981522,0.5794886
HA-02506,Hospital A,tuned,1,1,0.42212173,0.86246157
HA-02507,Hospital A,tuned,1,0,0.44873887,0.5955467
HA-02508,Hospital A,tuned,1,0,0.21038464,0.23620939
HA-02512,Hospital A,tuned,1,1,0.28592926,1.2520108
HA-02515,Hospital A,tuned,1,0,0.5349729,0.7656595
HA-02516,Hospital A,tuned,1,0,0.198512,0.22128522
HA-02522,Hospital A,tuned,1,0,0.52438456,0.7431457
HA-02523,Hospital A,tuned,1,0,0.12907876,0.13820374
HA-02526,Hospital A,tuned,1,1,0.5051163,0.6829666
HA-02528,Hospital A,tuned,1,0,0.13898163,0.14963937
HA-02529,Hospital A,tuned,1,0,0.35842717,0.44383252
HA-02542,Hospital A,tuned,1,0,0.3205733,0.3865059
HA-02544,Hospital A,tuned,1,1,0.25600895,1.3625429
HA-02551,Hospital A,tuned,1,0,0.1110537,0.11771846
HA-02552,Hospital A,tuned,1,0,0.22173567,0.25068903
HA-02554,Hospital A,tuned,1,0,0.09717313,0.10222459
HA-02555,Hospital A,tuned,1,0,0.2112561,0.23731363
HA-02559,Hospital A,tuned,1,0,0.7413957,1.3524563
HA-02560,Hospital A,tuned,1,1,0.38401634,0.9570701
HA-02562,Hospital A,tuned,1,0,0.18936014,0.20993137
HA-02570,Hospital A,tuned,1,0,0.53918695,0.77476287
HA-02573,Hospital A,tuned,1,0,0.13418926,0.14408886
HA-02575,Hospital A,tuned,1,0,0.1331629,0.14290416
HA-02577,Hospital A,tuned,1,0,0.2548831,0.29421425
HA-02578,Hospital A,tuned,1,0,0.19041255,0.21123052
HA-02584,Hospital A,tuned,1,0,0.18717347,0.2072376
HA-02588,Hospital A,tuned,1,0,0.4523653,0.60214686
HA-02594,Hospital A,tuned,1,1,0.22184938,1.5057566
HA-02596,Hospital A,tuned,1,0,0.5600471,0.82108754
HA-02600,Hospital A,tuned,1,0,0.25510836,0.29451656
HA-02602,Hospital A,tuned,1,1,0.34988633,1.0501469
HA-02604,Hospital A,tuned,1,0,0.22704057,0.25752866
HA-02606,Hospital A,tuned,1,0,0.17983896,0.19825459
HA-02608,Hospital A,tuned,1,0,0.39053953,0.4951812
HA-02611,Hospital A,tuned,1,0,0.16663873,0.18228805
HA-02612,Hospital A,tuned,1,0,0.6338495,1.0047109
HA-02613,Hospital A,tuned,1,0,0.27259737,0.3182751
HA-02614,Hospital A,tuned,1,0,0.2536205,0.29252112
HA-02615,Hospital A,tuned,1,0,0.078177676,0.08140278
HA-02621,Hospital A,tuned,1,0,0.19429034,0.21603179
HA-02622,Hospital A,tuned,1,0,0.19147392,0.21254241
HA-02623,Hospital A,tuned,1,0,0.4614283,0.6188346
HA-02625,Hospital A,tuned,1,1,0.28393245,1.2590189
HA-02628,Hospital A,tuned,1,0,0.19707485,0.21949375
HA-02632,Hospital A,tuned,1,0,0.35567904,0.43955827
HA-02638,Hospital A,tuned,1,0,0.16794036,0.18385112
HA-02639,Hospital A,tuned,1,0,0.30085358,0.35789502
HA-02642,Hospital A,tuned,1,1,0.3609946,1.0188922
HA-02644,Hospital A,tuned,1,1,0.1237756,2.0892851
HA-02645,Hospital A,tuned,1,0,0.6124824,0.94799423
HA-02646,Hospital A,tuned,1,0,0.26676208,0.3102851
HA-02649,Hospital A,tuned,1,0,0.1564854,0.17017806
HA-02653,Hospital A,tuned,1,0,0.5408563,0.7783921
HA-02655,Hospital A,tuned,1,1,0.24425071,1.4095601
HA-02658,Hospital A,tuned,1,0,0.14638719,0.15827763
HA-02661,Hospital A,tuned,1,0,0.16909494,0.18523967
HA-02664,Hospital A,tuned,1,0,0.24915417,0.28655493
HA-02670,Hospital A,tuned,1,0,0.10552237,0.11151528
HA-02671,Hospital A,tuned,1,0,0.3412883,0.4174692
HA-02673,Hospital A,tuned,1,0,0.15437445,0.16767871
HA-02682,Hospital A,tuned,1,0,0.25720358,0.29733324
HA-02686,Hospital A,tuned,1,0,0.67923796,1.1370556
HA-02688,Hospital A,tuned,1,0,0.20576137,0.23037136
HA-02691,Hospital A,tuned,1,0,0.108361624,0.114694595
HA-02693,Hospital A,tuned,1,1,0.20316795,1.5937222
HA-02698,Hospital A,tuned,1,0,0.11918951,0.12691283
HA-02700,Hospital A,tuned,1,1,0.32988942,1.1089978
HA-02701,Hospital A,tuned,1,0,0.49908176,0.6913124
HA-02703,Hospital A,tuned,1,0,0.52782303,0.7504015
HA-02708,Hospital A,tuned,1,0,0.11379877,0.120811224
HA-02709,Hospital A,tuned,1,0,0.48021507,0.65434015
HA-02711,Hospital A,tuned,1,0,0.12506874,0.13360989
HA-02712,Hospital A,tuned,1,0,0.66738176,1.1007599
HA-02713,Hospital A,tuned,1,0,0.34853956,0.42853856
HA-02718,Hospital A,tuned,1,1,0.34990513,1.0500932
HA-02720,Hospital A,tuned,1,0,0.1967042,0.21903229
HA-02725,Hospital A,tuned,1,0,0.27020764,0.31499517
HA-02727,Hospital A,tuned,1,0,0.16262913,0.17748821
HA-02733,Hospital A,tuned,1,0,0.532635,0.7606447
HA-02734,Hospital A,tuned,1,0,0.15578423,0.16934717
HA-02736,Hospital A,tuned,1,0,0.31232542,0.3744396
HA-02737,Hospital A,tuned,1,1,0.19570322,1.631156
HA-02738,Hospital A,tuned,1,0,0.25795975,0.29835176
HA-02739,Hospital A,tuned,1,0,0.8017504,1.6182286
HA-02744,Hospital A,tuned,1,0,0.13361743,0.14342868
HA-02748,Hospital A,tuned,1,0,0.25197086,0.29031336
HA-02750,Hospital A,tuned,1,0,0.20058568,0.22387588
HA-02754,Hospital A,tuned,1,0,0.3695696,0.46135253
HA-02757,Hospital A,tuned,1,0,0.6504943,1.0512354
HA-02758,Hospital A,tuned,1,0,0.678709,1.1354079
HA-02762,Hospital A,tuned,1,0,0.12608969,0.13477743
HA-02763,Hospital A,tuned,1,0,0.42997283,0.5620712
HA-02765,Hospital A,tuned,1,1,0.6518342,0.4279651
HA-02767,Hospital A,tuned,1,0,0.10521222,0.11116862
HA-02771,Hospital A,tuned,1,0,0.397654,0.5069232
HA-02772,Hospital A,tuned,1,1,0.6300421,0.46196866
HA-02779,Hospital A,tuned,1,0,0.28396216,0.33402228
HA-02783,Hospital A,tuned,1,1,0.6362094,0.45222753
HA-02790,Hospital A,tuned,1,0,0.28325015,0.33302832
HA-02793,Hospital A,tuned,1,1,0.2079053,1.5706725
HA-02795,Hospital A,tuned,1,0,0.43768,0.57568413
HA-02800,Hospital A,tuned,1,0,0.12776777,0.13669956
HA-02805,Hospital A,tuned,1,0,0.184961,0.20451927
HA-02812,Hospital A,tuned,1,0,0.12735517,0.13622653
HA-02813,Hospital A,tuned,1,0,0.3246471,0.39251995
HA-02814,Hospital A,tuned,1,0,0.38483298,0.48586154
HA-02815,Hospital A,tuned,1,0,0.39067855,0.4954093
HA-02816,Hospital A,tuned,1,0,0.39583167,0.5039024
HA-02819,Hospital A,tuned,1,0,0.26590395,0.3091154
HA-02820,Hospital A,tuned,1,0,0.4271191,0.5570774
HA-02824,Hospital A,tuned,1,0,0.20677453,0.23164773
HA-02829,Hospital A,tuned,1,0,0.086704366,0.09069562
HA-02830,Hospital A,tuned,1,1,0.9116322,0.092518695
HA-02836,Hospital A,tuned,1,0,0.36578336,0.45536464
HA-02838,Hospital A,tuned,1,0,0.13861175,0.14920998
HA-02841,Hospital A,tuned,1,0,0.1534777,0.1666187
HA-02842,Hospital A,tuned,1,1,0.38136783,0.9639909
HA-02844,Hospital A,tuned,1,0,0.4388572,0.5777798
HA-02846,Hospital A,tuned,1,0,0.23262975,0.2647859
HA-02848,Hospital A,tuned,1,0,0.33852938,0.41328967
HA-02850,Hospital A,tuned,1,0,0.66461885,1.0924877
HA-02854,Hospital A,tuned,1,0,0.47789145,0.64987975
HA-02857,Hospital A,tuned,1,0,0.43528432,0.57143295
HA-02859,Hospital A,tuned,1,0,0.4325357,0.5665775
HA-02863,Hospital A,tuned,1,0,0.105603926,0.1116066
HA-02864,Hospital A,tuned,1,0,0.5334674,0.76242745
HA-02866,Hospital A,tuned,1,0,0.114493385,0.12159538
HA-02869,Hospital A,tuned,1,0,0.47604138,0.6463426
HA-02874,Hospital A,tuned,1,0,0.18853743,0.20891702
HA-02877,Hospital A,tuned,1,0,0.13263534,0.14229572
HA-02879,Hospital A,tuned,1,0,0.1373954,0.1477989
HA-02880,Hospital A,tuned,1,0,0.26552916,0.30860496
HA-02885,Hospital A,tuned,1,0,0.310037,0.37111723
HA-02887,Hospital A,tuned,1,0,0.68878776,1.1672801
HA-02889,Hospital A,tuned,1,0,0.26132727,0.3029003
HA-02890,Hospital A,tuned,1,0,0.21903053,0.2472192
HA-02893,Hospital A,tuned,1,0,0.17912371,0.19738293
HA-02895,Hospital A,tuned,1,1,0.1975129,1.6219515
HA-02896,Hospital A,tuned,1,0,0.35629478,0.4405144
HA-02897,Hospital A,tuned,1,0,0.44668838,0.59183395
HA-02900,Hospital A,tuned,1,0,0.4649141,0.625328
HA-02902,Hospital A,tuned,1,0,0.099440895,0.10473943
HA-02903,Hospital A,tuned,1,0,0.23932414,0.273548
HA-02904,Hospital A,tuned,1,0,0.31263357,0.37488782
HA-02907,Hospital A,tuned,1,0,0.5696429,0.84314
HA-02909,Hospital A,tuned,1,0,0.1420709,0.15323377
HA-02912,Hospital A,tuned,1,0,0.6643388,1.0916531
HA-02914,Hospital A,tuned,1,0,0.12510209,0.13364804
HA-02915,Hospital A,tuned,1,0,0.122258864,0.13040364
HA-02916,Hospital A,tuned,1,1,0.80063117,0.2223549
HA-02917,Hospital A,tuned,1,0,0.6750384,1.1240484
HA-02919,Hospital A,tuned,1,0,0.21663186,0.24415255
HA-02922,Hospital A,tuned,1,0,0.4250598,0.55348927
HA-02923,Hospital A,tuned,1,0,0.28576833,0.33654785
HA-02931,Hospital A,tuned,1,0,0.12862046,0.13767755
HA-02934,Hospital A,tuned,1,0,0.5513268,0.8014605
HA-02935,Hospital A,tuned,1,0,0.13425763,0.14416778
HA-02937,Hospital A,tuned,1,0,0.16939618,0.18560243
HA-02938,Hospital A,tuned,1,0,0.34374425,0.4212047
HA-02939,Hospital A,tuned,1,1,0.49297115,0.70730454
HA-02940,Hospital A,tuned,1,0,0.12690029,0.13570559
HA-02942,Hospital A,tuned,1,0,0.37993696,0.47793418
HA-02943,Hospital A,tuned,1,0,0.27018622,0.31496584
HA-02946,Hospital A,tuned,1,0,0.42331284,0.55045533
HA-02948,Hospital A,tuned,1,0,0.31498358,0.37831247
HA-02952,Hospital A,tuned,1,0,0.4392141,0.57841605
HA-02954,Hospital A,tuned,1,0,0.29779473,0.35352957
HA-02957,Hospital A,tuned,1,1,0.4985178,0.696116
HA-02959,Hospital A,tuned,1,0,0.2872008,0.33855557
HA-02962,Hospital A,tuned,1,1,0.49229613,0.70867485
HA-02963,Hospital A,tuned,1,0,0.62997746,0.9941914
HA-02966,Hospital A,tuned,1,1,0.14836882,1.9080541
HA-02970,Hospital A,tuned,1,0,0.61231947,0.94757354
HA-02972,Hospital A,tuned,1,0,0.35402277,0.43699104
HA-02974,Hospital A,tuned,1,0,0.13066587,0.14002764
HA-02978,Hospital A,tuned,1,0,0.77549136,1.493841
HA-02986,Hospital A,tuned,1,0,0.304366,0.36293167
HA-02988,Hospital A,tuned,1,0,0.5933158,0.89971834
HA-02989,Hospital A,tuned,1,0,0.34874663,0.4288565
HA-02994,Hospital A,tuned,1,0,0.41315073,0.53298724
HA-02995,Hospital A,tuned,1,1,0.60172576,0.50795346
HA-02996,Hospital A,tuned,1,0,0.33964026,0.41497058
HA-03000,Hospital A,tuned,1,0,0.14000624,0.15083015
HB-00001,Hospital B,tuned,1,0,0.5253603,0.7451992
HB-00002,Hospital B,tuned,1,1,0.88407385,0.12321466
HB-00003,Hospital B,tuned,1,1,0.8889006,0.117769845
HB-00006,Hospital B,tuned,1,1,0.58732486,0.53217727
HB-00007,Hospital B,tuned,1,1,0.7000456,0.3566098
HB-00009,Hospital B,tuned,1,0,0.6735491,1.1194758
HB-00011,Hospital B,tuned,1,1,0.35956395,1.0228634
HB-00016,Hospital B,tuned,1,1,0.8780204,0.13008538
HB-00019,Hospital B,tuned,1,0,0.40396166,0.5174503
HB-00023,Hospital B,tuned,1,0,0.4507684,0.59923506
HB-00025,Hospital B,tuned,1,1,0.87647414,0.13184805
HB-00028,Hospital B,tuned,1,1,0.53193724,0.63122976
HB-00032,Hospital B,tuned,1,0,0.34582007,0.4243729
HB-00039,Hospital B,tuned,1,0,0.55419433,0.8078722
HB-00043,Hospital B,tuned,1,0,0.63947487,1.0201937
HB-00048,Hospital B,tuned,1,1,0.6437402,0.44046006
HB-00049,Hospital B,tuned,1,1,0.94039285,0.061457574
HB-00053,Hospital B,tuned,1,1,0.7412101,0.2994712
HB-00056,Hospital B,tuned,1,1,0.21862231,1.5204096
HB-00062,Hospital B,tuned,1,1,0.46876958,0.75764394
HB-00064,Hospital B,tuned,1,1,0.3420986,1.0726563
HB-00067,Hospital B,tuned,1,1,0.86260575,0.14779751
HB-00069,Hospital B,tuned,1,0,0.24280018,0.27812815
HB-00070,Hospital B,tuned,1,0,0.4403637,0.5804681
HB-00075,Hospital B,tuned,1,1,0.8348609,0.18049018
HB-00077,Hospital B,tuned,1,1,0.68235236,0.38220912
HB-00078,Hospital B,tuned,1,0,0.14930719,0.16170418
HB-00079,Hospital B,tuned,1,0,0.6633767,1.0887908
HB-00081,Hospital B,tuned,1,0,0.7184954,1.2676065
HB-00084,Hospital B,tuned,1,1,0.48101482,0.7318572
HB-00086,Hospital B,tuned,1,0,0.42454582,0.5525957
HB-00089,Hospital B,tuned,1,0,0.38338962,0.483518
HB-00091,Hospital B,tuned,1,0,0.64236474,1.0282418
HB-00092,Hospital B,tuned,1,0,0.83354497,1.7930298
HB-00094,Hospital B,tuned,1,1,0.64626735,0.43654197
HB-00096,Hospital B,tuned,1,1,0.38927504,0.9434691
HB-00099,Hospital B,tuned,1,0,0.59411895,0.9016951
HB-00100,Hospital B,tuned,1,0,0.4257187,0.55463594
HB-00101,Hospital B,tuned,1,0,0.30631354,0.36573523
HB-00107,Hospital B,tuned,1,0,0.29044527,0.3431176
HB-00109,Hospital B,tuned,1,0,0.36317012,0.45125264
HB-00114,Hospital B,tuned,1,1,0.5867213,0.53320533
HB-00115,Hospital B,tuned,1,0,0.72253853,1.2820731
HB-00116,Hospital B,tuned,1,1,0.78145725,0.24659489
HB-00119,Hospital B,tuned,1,0,0.7412346,1.3518332
HB-00120,Hospital B,tuned,1,0,0.5689484,0.84152746
HB-00125,Hospital B,tuned,1,1,0.79823023,0.22535817
HB-00127,Hospital B,tuned,1,0,0.76893914,1.4650741
HB-00131,Hospital B,tuned,1,0,0.5186944,0.73125285
HB-00132,Hospital B,tuned,1,1,0.8325647,0.18324435
HB-00133,Hospital B,tuned,1,0,0.8521227,1.9113725
HB-00134,Hospital B,tuned,1,1,0.43316463,0.83663744
HB-00135,Hospital B,tuned,1,1,0.70236063,0.35330823
HB-00142,Hospital B,tuned,1,0,0.48866248,0.67072546
HB-00144,Hospital B,tuned,1,1,0.36111903,1.0185477
HB-00145,Hospital B,tuned,1,0,0.20330101,0.22727835
HB-00146,Hospital B,tuned,1,0,0.7128099,1.247611
HB-00147,Hospital B,tuned,1,0,0.55618185,0.8123404
HB-00148,Hospital B,tuned,1,0,0.7177022,1.2647927
HB-00150,Hospital B,tuned,1,1,0.81523836,0.20427474
HB-00152,Hospital B,tuned,1,0,0.42159858,0.54748714
HB-00157,Hospital B,tuned,1,1,0.8121209,0.20810609
HB-00162,Hospital B,tuned,1,1,0.8505898,0.16182524
HB-00163,Hospital B,tuned,1,0,0.36913905,0.46066982
HB-00165,Hospital B,tuned,1,1,0.41289482,0.8845624
HB-00169,Hospital B,tuned,1,1,0.5747723,0.55378133
HB-00170,Hospital B,tuned,1,1,0.5498236,0.5981579
HB-00171,Hospital B,tuned,1,0,0.7688373,1.4646332
HB-00173,Hospital B,tuned,1,0,0.4561596,0.60909945
HB-00179,Hospital B,tuned,1,0,0.44277313,0.5847828
HB-00181,Hospital B,tuned,1,1,0.9032551,0.101750255
HB-00182,Hospital B,tuned,1,0,0.79114586,1.5661192
HB-00184,Hospital B,tuned,1,0,0.63050747,0.99562466
HB-00185,Hospital B,tuned,1,0,0.6457592,1.0377785
HB-00189,Hospital B,tuned,1,0,0.24868433,0.28592944
HB-00193,Hospital B,tuned,1,0,0.4368873,0.5742755
HB-00195,Hospital B,tuned,1,0,0.28928837,0.34148848
HB-00201,Hospital B,tuned,1,0,0.27645126,0.32358742
HB-00205,Hospital B,tuned,1,1,0.8333382,0.18231574
HB-00207,Hospital B,tuned,1,0,0.35412258,0.4371456
HB-00209,Hospital B,tuned,1,0,0.7060807,1.2244501
HB-00210,Hospital B,tuned,1,0,0.62935257,0.992504
HB-00215,Hospital B,tuned,1,1,0.93708766,0.06497846
HB-00216,Hospital B,tuned,1,1,0.6543665,0.42408767
HB-00220,Hospital B,tuned,1,1,0.8569148,0.15441674
HB-00221,Hospital B,tuned,1,1,0.32821712,1.11408
HB-00222,Hospital B,tuned,1,1,0.9282254,0.07448062
HB-00223,Hospital B,tuned,1,0,0.27922785,0.32743227
HB-00227,Hospital B,tuned,1,0,0.44741112,0.593141
HB-00230,Hospital B,tuned,1,0,0.35962534,0.4457019
HB-00231,Hospital B,tuned,1,0,0.21483,0.24185503
HB-00235,Hospital B,tuned,1,1,0.45583978,0.7856139
HB-00237,Hospital B,tuned,1,0,0.47020075,0.6352571
HB-00238,Hospital B,tuned,1,0,0.86073333,1.9713649
HB-00240,Hospital B,tuned,1,0,0.44417644,0.58730435
HB-00243,Hospital B,tuned,1,0,0.30448043,0.36309618
HB-00245,Hospital B,tuned,1,1,0.48980677,0.71374434
HB-00246,Hospital B,tuned,1,0,0.19725865,0.21972275
HB-00247,Hospital B,tuned,1,0,0.11466095,0.12178469
HB-00248,Hospital B,tuned,1,1,0.63983005,0.44655263
HB-00252,Hospital B,tuned,1,1,0.6540162,0.4246232
HB-00254,Hospital B,tuned,1,0,0.73821473,1.3402308
HB-00258,Hospital B,tuned,1,0,0.6593543,1.0769124
HB-00260,Hospital B,tuned,1,0,0.49646592,0.68610394
HB-00263,Hospital B,tuned,1,0,0.47830626,0.6506745
HB-00269,Hospital B,tuned,1,0,0.6957879,1.1900301
HB-00270,Hospital B,tuned,1,0,0.75523704,1.407465
HB-00271,Hospital B,tuned,1,1,0.5913191,0.5253995
HB-00274,Hospital B,tuned,1,0,0.51339686,0.72030634
HB-00275,Hospital B,tuned,1,0,0.4731971,0.6409288
HB-00276,Hospital B,tuned,1,1,0.5239642,0.6463318
HB-00278,Hospital B,tuned,1,0,0.49246112,0.67818195
HB-00279,Hospital B,tuned,1,0,0.7109344,1.2411015
HB-00284,Hospital B,tuned,1,1,0.4969318,0.69930255
HB-00287,Hospital B,tuned,1,1,0.45737126,0.7822598
HB-00291,Hospital B,tuned,1,1,0.6263775,0.467802
HB-00292,Hospital B,tuned,1,1,0.3281833,1.114183
HB-00298,Hospital B,tuned,1,0,0.69358855,1.1828265
HB-00300,Hospital B,tuned,1,0,0.4404931,0.5806994
HB-00301,Hospital B,tuned,1,1,0.57802653,0.5481355
HB-00302,Hospital B,tuned,1,0,0.61536914,0.95547116
HB-00303,Hospital B,tuned,1,0,0.72530013,1.292076
HB-00304,Hospital B,tuned,1,0,0.7089814,1.234368
HB-00308,Hospital B,tuned,1,0,0.52319443,0.7406465
HB-00309,Hospital B,tuned,1,0,0.5068547,0.70695144
HB-00315,Hospital B,tuned,1,0,0.55020934,0.798973
HB-00319,Hospital B,tuned,1,1,0.18110077,1.7087017
HB-00320,Hospital B,tuned,1,1,0.9398227,0.06206413
HB-00323,Hospital B,tuned,1,0,0.64378476,1.0322201
HB-00329,Hospital B,tuned,1,1,0.4396024,0.8218846
HB-00330,Hospital B,tuned,1,0,0.83577496,1.8065175
HB-00333,Hospital B,tuned,1,0,0.55890864,0.81850326
HB-00336,Hospital B,tuned,1,0,0.4965621,0.6862949
HB-00339,Hospital B,tuned,1,0,0.5267471,0.7481253
HB-00343,Hospital B,tuned,1,1,0.72805667,0.3173764
HB-00346,Hospital B,tuned,1,1,0.64700973,0.435394
HB-00348,Hospital B,tuned,1,0,0.12651533,0.13526475
HB-00349,Hospital B,tuned,1,0,0.7479004,1.3779309
HB-00350,Hospital B,tuned,1,1,0.6106406,0.49324676
HB-00353,Hospital B,tuned,1,1,0.29535577,1.2195747
HB-00357,Hospital B,tuned,1,0,0.2493374,0.28679895
HB-00359,Hospital B,tuned,1,0,0.6870466,1.1617008
HB-00366,Hospital B,tuned,1,1,0.6888904,0.37267312
HB-00368,Hospital B,tuned,1,0,0.22643085,0.2567402
HB-00372,Hospital B,tuned,1,1,0.58398396,0.5378818
HB-00375,Hospital B,tuned,1,1,0.904049,0.10087173
HB-00378,Hospital B,tuned,1,1,0.6348347,0.45439067
HB-00379,Hospital B,tuned,1,1,0.79827356,0.22530396
HB-00382,Hospital B,tuned,1,0,0.34842384,0.428361
HB-00385,Hospital B,tuned,1,1,0.4204277,0.86648273
HB-00387,Hospital B,tuned,1,0,0.22107774,0.24984407
HB-00388,Hospital B,tuned,1,0,0.6054257,0.9299479
HB-00389,Hospital B,tuned,1,0,0.5742508,0.85390484
HB-00390,Hospital B,tuned,1,0,0.61392504,0.95172375
HB-00392,Hospital B,tuned,1,0,0.37991884,0.47790498
HB-00395,Hospital B,tuned,1,0,0.2604768,0.3017496
HB-00399,Hospital B,tuned,1,1,0.51520824,0.6631841
HB-00400,Hospital B,tuned,1,0,0.48407555,0.6617949
HB-00403,Hospital B,tuned,1,0,0.44755536,0.593402
HB-00407,Hospital B,tuned,1,1,0.6232356,0.47283068
HB-00410,Hospital B,tuned,1,0,0.22804515,0.25882924
HB-00413,Hospital B,tuned,1,0,0.4830033,0.6597187
HB-00417,Hospital B,tuned,1,1,0.48600903,0.72152805
HB-00418,Hospital B,tuned,1,1,0.79735094,0.22646037
HB-00419,Hospital B,tuned,1,1,0.6375806,0.45007464
HB-00420,Hospital B,tuned,1,0,0.5552611,0.8102678
HB-00422,Hospital B,tuned,1,1,0.55043054,0.5970545
HB-00424,Hospital B,tuned,1,1,0.8801175,0.12769988
HB-00425,Hospital B,tuned,1,1,0.7327537,0.31094566
HB-00427,Hospital B,tuned,1,1,0.20772056,1.5715616
HB-00428,Hospital B,tuned,1,0,0.69600123,1.1907318
HB-00431,Hospital B,tuned,1,0,0.6189767,0.9648948
HB-00432,Hospital B,tuned,1,0,0.39183655,0.49731165
HB-00433,Hospital B,tuned,1,1,0.24332692,1.4133494
HB-00434,Hospital B,tuned,1,1,0.4649253,0.76587856
HB-00442,Hospital B,tuned,1,1,0.14446114,1.9347447
HB-00450,Hospital B,tuned,1,0,0.5527044,0.80453557
HB-00453,Hospital B,tuned,1,0,0.17580934,0.19335341
HB-00455,Hospital B,tuned,1,0,0.23737118,0.27098382
HB-00461,Hospital B,tuned,1,0,0.8532912,1.9193059
HB-00462,Hospital B,tuned,1,1,0.48245156,0.72887474
HB-00464,Hospital B,tuned,1,0,0.5190555,0.73200333
HB-00468,Hospital B,tuned,1,1,0.56175137,0.57669604
HB-00469,Hospital B,tuned,1,0,0.25148836,0.28966856
HB-00471,Hospital B,tuned,1,0,0.1908919,0.21182275
HB-00475,Hospital B,tuned,1,0,0.48954922,0.672461
HB-00481,Hospital B,tuned,1,1,0.83502877,0.18028912
HB-00486,Hospital B,tuned,1,1,0.5700863,0.56196755
HB-00490,Hospital B,tuned,1,1,0.37663683,0.9764738
HB-00498,Hospital B,tuned,1,1,0.7957475,0.22847338
HB-00502,Hospital B,tuned,1,0,0.25996903,0.30106318
HB-00503,Hospital B,tuned,1,0,0.77702975,1.5007168
HB-00508,Hospital B,tuned,1,1,0.6402288,0.4459297
HB-00509,Hospital B,tuned,1,1,0.7344155,0.30868042
HB-00510,Hospital B,tuned,1,0,0.29279658,0.34643698
HB-00511,Hospital B,tuned,1,0,0.4133956,0.53340465
HB-00513,Hospital B,tuned,1,1,0.80802184,0.21316616
HB-00515,Hospital B,tuned,1,0,0.39748162,0.50663716
HB-00518,Hospital B,tuned,1,1,0.8469222,0.16614638
HB-00521,Hospital B,tuned,1,0,0.6479725,1.044046
HB-00524,Hospital B,tuned,1,0,0.40410364,0.5176886
HB-00525,Hospital B,tuned,1,0,0.32802972,0.3975411
HB-00526,Hospital B,tuned,1,1,0.5433504,0.61000085
HB-00527,Hospital B,tuned,1,1,0.88792413,0.11886905
HB-00534,Hospital B,tuned,1,1,0.6143459,0.4871972
HB-00537,Hospital B,tuned,1,0,0.41180027,0.5306887
HB-00538,Hospital B,tuned,1,0,0.3076474,0.36765993
HB-00540,Hospital B,tuned,1,1,0.8099624,0.21076748
HB-00541,Hospital B,tuned,1,1,0.6361304,0.45235175
HB-00543,Hospital B,tuned,1,0,0.21886033,0.24700129
HB-00544,Hospital B,tuned,1,0,0.11999016,0.12782228
HB-00546,Hospital B,tuned,1,1,0.9018562,0.10330017
HB-00551,Hospital B,tuned,1,0,0.64765644,1.0431485
HB-00558,Hospital B,tuned,1,0,0.25955233,0.30050027
HB-00563,Hospital B,tuned,1,1,0.8588884,0.15211628
HB-00566,Hospital B,tuned,1,0,0.14489953,0.15653634
HB-00573,Hospital B,tuned,1,0,0.30613866,0.36548316
HB-00576,Hospital B,tuned,1,0,0.73841345,1.3409902
HB-00577,Hospital B,tuned,1,0,0.24296609,0.27834725
HB-00579,Hospital B,tuned,1,0,0.28595048,0.33680296
HB-00582,Hospital B,tuned,1,0,0.18928143,0.20983434
HB-00583,Hospital B,tuned,1,1,0.8757003,0.13273141
HB-00584,Hospital B,tuned,1,1,0.8044852,0.21755268
HB-00586,Hospital B,tuned,1,1,0.6875034,0.37468848
HB-00589,Hospital B,tuned,1,0,0.5491892,0.7967076
HB-00592,Hospital B,tuned,1,1,0.8215949,0.19650786
HB-00593,Hospital B,tuned,1,0,0.76920724,1.4662352
HB-00596,Hospital B,tuned,1,0,0.43677077,0.57406855
HB-00600,Hospital B,tuned,1,0,0.19793439,0.22056484
HB-00601,Hospital B,tuned,1,1,0.87926894,0.12866446
HB-00603,Hospital B,tuned,1,0,0.34903222,0.42929506
HB-00604,Hospital B,tuned,1,0,0.60004133,0.9163942
HB-00605,Hospital B,tuned,1,1,0.70555043,0.348777
HB-00607,Hospital B,tuned,1,1,0.66854316,0.40265435
HB-00609,Hospital B,tuned,1,0,0.15145847,0.16423619
HB-00610,Hospital B,tuned,1,0,0.59384185,0.9010126
HB-00612,Hospital B,tuned,1,0,0.52713764,0.74895096
HB-00613,Hospital B,tuned,1,1,0.93092084,0.07158103
HB-00614,Hospital B,tuned,1,0,0.7792806,1.510863
HB-00625,Hospital B,tuned,1,1,0.8578352,0.1533433
HB-00628,Hospital B,tuned,1,1,0.9216582,0.08158082
HB-00630,Hospital B,tuned,1,0,0.5381648,0.77254707
HB-00634,Hospital B,tuned,1,1,0.65341055,0.42554966
HB-00639,Hospital B,tuned,1,0,0.2712439,0.31641614
HB-00640,Hospital B,tuned,1,0,0.32293907,0.38999403
HB-00642,Hospital B,tuned,1,1,0.82573897,0.19147654
HB-00644,Hospital B,tuned,1,0,0.39715767,0.5060996
HB-00645,Hospital B,tuned,1,1,0.16758415,1.7862697
HB-00646,Hospital B,tuned,1,1,0.36118522,1.0183643
HB-00651,Hospital B,tuned,1,0,0.36943033,0.46113163
HB-00657,Hospital B,tuned,1,1,0.45382896,0.7900349
HB-00660,Hospital B,tuned,1,1,0.51325566,0.66698116
HB-00661,Hospital B,tuned,1,0,0.29292554,0.34661925
HB-00663,Hospital B,tuned,1,0,0.5162946,0.72627926
HB-00666,Hospital B,tuned,1,0,0.092033915,0.09654832
HB-00670,Hospital B,tuned,1,0,0.5807569,0.8693043
HB-00671,Hospital B,tuned,1,0,0.41393748,0.5343288
HB-00673,Hospital B,tuned,1,1,0.3048805,1.1878353
HB-00674,Hospital B,tuned,1,0,0.37269664,0.46632504
HB-00675,Hospital B,tuned,1,1,0.741283,0.29937285
HB-00680,Hospital B,tuned,1,1,0.9205243,0.082811944
HB-00684,Hospital B,tuned,1,1,0.6438478,0.44029284
HB-00688,Hospital B,tuned,1,1,0.6540132,0.42462772
HB-00689,Hospital B,tuned,1,0,0.13713734,0.14749968
HB-00690,Hospital B,tuned,1,0,0.1757713,0.19330728
HB-00691,Hospital B,tuned,1,0,0.70379186,1.2166929
HB-00692,Hospital B,tuned,1,0,0.65875334,1.0751498
HB-00693,Hospital B,tuned,1,1,0.87859416,0.12943223
HB-00694,Hospital B,tuned,1,1,0.571197,0.56002116
HB-00697,Hospital B,tuned,1,1,0.43754506,0.8265755
HB-00705,Hospital B,tuned,1,0,0.1404105,0.15130031
HB-00706,Hospital B,tuned,1,1,0.6362371,0.45218402
HB-00707,Hospital B,tuned,1,0,0.2871301,0.33845627
HB-00708,Hospital B,tuned,1,1,0.50401235,0.68515456
HB-00710,Hospital B,tuned,1,0,0.5718691,0.8483263
HB-00713,Hospital B,tuned,1,0,0.5306657,0.75644
HB-00716,Hospital B,tuned,1,0,0.16630594,0.18188882
HB-00717,Hospital B,tuned,1,1,0.87798715,0.13012333
HB-00718,Hospital B,tuned,1,0,0.3022849,0.35994446
HB-00726,Hospital B,tuned,1,0,0.520081,0.7341379
HB-00734,Hospital B,tuned,1,1,0.45309168,0.7916608
HB-00737,Hospital B,tuned,1,1,0.35576996,1.0334709
HB-00739,Hospital B,tuned,1,1,0.44546294,0.8086412
HB-00740,Hospital B,tuned,1,0,0.53365344,0.7628262
HB-00741,Hospital B,tuned,1,0,0.48623422,0.6659878
HB-00743,Hospital B,tuned,1,1,0.7389508,0.30252394
HB-00749,Hospital B,tuned,1,0,0.59350973,0.90019536
HB-00751,Hospital B,tuned,1,1,0.58856,0.53007644
HB-00756,Hospital B,tuned,1,0,0.6606639,1.0807643
HB-00761,Hospital B,tuned,1,0,0.4469435,0.5922951
HB-00762,Hospital B,tuned,1,1,0.8339956,0.18152711
HB-00763,Hospital B,tuned,1,1,0.45251167,0.7929417
HB-00769,Hospital B,tuned,1,0,0.38113973,0.4798758
HB-00770,Hospital B,tuned,1,0,0.6679133,1.1023593
HB-00771,Hospital B,tuned,1,0,0.76673925,1.4555984
HB-00773,Hospital B,tuned,1,0,0.60675514,0.9333228
HB-00774,Hospital B,tuned,1,0,0.53515476,0.7660508
HB-00775,Hospital B,tuned,1,0,0.67802894,1.1332936
HB-00776,Hospital B,tuned,1,0,0.38756654,0.49031496
HB-00778,Hospital B,tuned,1,1,0.6804285,0.38503247
HB-00779,Hospital B,tuned,1,1,0.8118314,0.20846252
HB-00783,Hospital B,tuned,1,0,0.39648348,0.5049819
HB-00784,Hospital B,tuned,1,1,0.7887311,0.23732987
HB-00785,Hospital B,tuned,1,0,0.502111,0.69737816
HB-00787,Hospital B,tuned,1,0,0.90429807,2.3465164
HB-00789,Hospital B,tuned,1,0,0.32769588,0.39704442
HB-00797,Hospital B,tuned,1,1,0.6939599,0.36534107
HB-00799,Hospital B,tuned,1,0,0.5155161,0.7246711
HB-00803,Hospital B,tuned,1,0,0.32223365,0.3889526
HB-00806,Hospital B,tuned,1,1,0.5772407,0.54949594
HB-00808,Hospital B,tuned,1,1,0.5163786,0.66091514
HB-00809,Hospital B,tuned,1,1,0.8147382,0.2048884
HB-00816,Hospital B,tuned,1,1,0.62244797,0.4740952
HB-00818,Hospital B,tuned,1,0,0.47647244,0.6471656
HB-00822,Hospital B,tuned,1,0,0.40822145,0.52462274
HB-00823,Hospital B,tuned,1,1,0.8390677,0.17546383
HB-00824,Hospital B,tuned,1,0,0.61595476,0.956995
HB-00829,Hospital B,tuned,1,0,0.27174947,0.31711018
HB-00830,Hospital B,tuned,1,1,0.71655935,0.33329415
HB-00832,Hospital B,tuned,1,0,0.15940619,0.17364669
HB-00835,Hospital B,tuned,1,1,0.7083773,0.34477845
HB-00837,Hospital B,tuned,1,1,0.6964758,0.36172223
HB-00839,Hospital B,tuned,1,0,0.47496492,0.64429015
HB-00842,Hospital B,tuned,1,1,0.54073757,0.6148212
HB-00843,Hospital B,tuned,1,0,0.32752767,0.39679432
HB-00849,Hospital B,tuned,1,0,0.3103569,0.37158102
HB-00851,Hospital B,tuned,1,0,0.6135185,0.9506712
HB-00854,Hospital B,tuned,1,0,0.42500925,0.5534014
HB-00855,Hospital B,tuned,1,0,0.5987834,0.9132538
HB-00857,Hospital B,tuned,1,0,0.7032984,1.2150283
HB-00858,Hospital B,tuned,1,0,0.21296312,0.23948014
HB-00860,Hospital B,tuned,1,1,0.82316655,0.19459672
HB-00863,Hospital B,tuned,1,1,0.71703726,0.3326275
HB-00864,Hospital B,tuned,1,1,0.30900067,1.1744118
HB-00867,Hospital B,tuned,1,0,0.6328572,1.0020044
HB-00869,Hospital B,tuned,1,0,0.29090968,0.3437724
HB-00871,Hospital B,tuned,1,1,0.9009172,0.10434199
HB-00873,Hospital B,tuned,1,1,0.4766251,0.7410249
HB-00874,Hospital B,tuned,1,1,0.8796679,0.12821081
HB-00877,Hospital B,tuned,1,0,0.43280923,0.5670596
HB-00879,Hospital B,tuned,1,0,0.7073265,1.2286975
HB-00881,Hospital B,tuned,1,0,0.29556558,0.35036004
HB-00883,Hospital B,tuned,1,1,0.7641738,0.26896
HB-00884,Hospital B,tuned,1,0,0.38383043,0.48423308
HB-00890,Hospital B,tuned,1,1,0.3876958,0.9475343
HB-00895,Hospital B,tuned,1,0,0.37871572,0.47596657
HB-00896,Hospital B,tuned,1,0,0.4912514,0.67580134
HB-00899,Hospital B,tuned,1,0,0.6361929,1.0111316
HB-00900,Hospital B,tuned,1,0,0.507053,0.7073536
HB-00903,Hospital B,tuned,1,1,0.6479911,0.43387827
HB-00908,Hospital B,tuned,1,0,0.5287382,0.75234157
HB-00913,Hospital B,tuned,1,0,0.2806016,0.32933986
HB-00915,Hospital B,tuned,1,1,0.9110464,0.09316147
HB-00917,Hospital B,tuned,1,0,0.5925177,0.89775765
HB-00931,Hospital B,tuned,1,1,0.5350754,0.62534755
HB-00934,Hospital B,tuned,1,1,0.72115815,0.32689682
HB-00935,Hospital B,tuned,1,0,0.34572843,0.42423278
HB-00936,Hospital B,tuned,1,0,0.298747,0.35488653
HB-00941,Hospital B,tuned,1,1,0.85011643,0.16238193
HB-00942,Hospital B,tuned,1,0,0.4742892,0.643004
HB-00945,Hospital B,tuned,1,1,0.6669199,0.40508533
HB-00947,Hospital B,tuned,1,0,0.2097411,0.2353946
HB-00948,Hospital B,tuned,1,1,0.87984365,0.12801105
HB-00954,Hospital B,tuned,1,0,0.866987,2.0173082
HB-00956,Hospital B,tuned,1,1,0.3647618,1.0085108
HB-00959,Hospital B,tuned,1,1,0.92591447,0.07697346
HB-00960,Hospital B,tuned,1,0,0.7521246,1.3948289
HB-00961,Hospital B,tuned,1,0,0.32064867,0.38661683
HB-00963,Hospital B,tuned,1,1,0.8653546,0.14461595
HB-00967,Hospital B,tuned,1,0,0.179818,0.19822907
HB-00968,Hospital B,tuned,1,0,0.39678606,0.5054833
HB-00969,Hospital B,tuned,1,1,0.88737744,0.11948485
HB-00973,Hospital B,tuned,1,0,0.39192033,0.4974494
HB-00974,Hospital B,tuned,1,1,0.7272255,0.31851867
HB-00975,Hospital B,tuned,1,1,0.7244722,0.32231188
HB-00976,Hospital B,tuned,1,0,0.17755122,0.19546902
HB-00977,Hospital B,tuned,1,1,0.7551224,0.28087544
HB-00978,Hospital B,tuned,1,1,0.5382399,0.6194509
HB-00979,Hospital B,tuned,1,0,0.25321144,0.2919731
HB-00980,Hospital B,tuned,1,0,0.76635414,1.4539486
HB-00982,Hospital B,tuned,1,0,0.15250254,0.16546738
HB-00983,Hospital B,tuned,1,1,0.26382756,1.3324596
HB-00984,Hospital B,tuned,1,1,0.8206459,0.19766358
HB-00987,Hospital B,tuned,1,1,0.76200914,0.27179673
HB-00988,Hospital B,tuned,1,1,0.62144417,0.47570923
HB-00989,Hospital B,tuned,1,0,0.33676142,0.41062045
HB-00991,Hospital B,tuned,1,1,0.35304993,1.0411458
HB-00994,Hospital B,tuned,1,1,0.7499536,0.28774393
HB-00998,Hospital B,tuned,1,0,0.54219395,0.78130955
HB-01001,Hospital B,tuned,1,1,0.7152069,0.3351834
HB-01002,Hospital B,tuned,1,0,0.5233045,0.7408774
HB-01003,Hospital B,tuned,1,0,0.21388999,0.24065852
HB-01005,Hospital B,tuned,1,0,0.2017774,0.22536778
HB-01006,Hospital B,tuned,1,1,0.17228065,1.7586305
HB-01007,Hospital B,tuned,1,1,0.50259465,0.6879713
HB-01011,Hospital B,tuned,1,0,0.57422245,0.8538381
HB-01014,Hospital B,tuned,1,0,0.17182094,0.18852592
HB-01016,Hospital B,tuned,1,0,0.7133912,1.249637
HB-01018,Hospital B,tuned,1,0,0.3953694,0.5031376
HB-01019,Hospital B,tuned,1,0,0.43888658,0.5778323
HB-01020,Hospital B,tuned,1,0,0.65207446,1.0557668
HB-01024,Hospital B,tuned,1,0,0.5375561,0.7712301
HB-01027,Hospital B,tuned,1,0,0.12274519,0.13095772
HB-01028,Hospital B,tuned,1,0,0.4530577,0.6034119
HB-01030,Hospital B,tuned,1,1,0.536975,0.6218037
HB-01031,Hospital B,tuned,1,0,0.5666475,0.8362038
HB-01032,Hospital B,tuned,1,0,0.46019417,0.6165458
HB-01033,Hospital B,tuned,1,1,0.387194,0.9488294
HB-01034,Hospital B,tuned,1,0,0.7389457,1.343027
HB-01041,Hospital B,tuned,1,1,0.7800206,0.248435
HB-01042,Hospital B,tuned,1,1,0.72186595,0.32591584
HB-01044,Hospital B,tuned,1,0,0.14083348,0.15179253
HB-01045,Hospital B,tuned,1,1,0.67151785,0.39821473
HB-01046,Hospital B,tuned,1,1,0.47051707,0.753923
HB-01048,Hospital B,tuned,1,0,0.17851011,0.1966356
HB-01050,Hospital B,tuned,1,1,0.7842854,0.24298225
HB-01057,Hospital B,tuned,1,0,0.40715444,0.5228213
HB-01058,Hospital B,tuned,1,1,0.88760155,0.11923234
HB-01062,Hospital B,tuned,1,1,0.73910517,0.30231503
HB-01064,Hospital B,tuned,1,0,0.46997467,0.6348304
HB-01065,Hospital B,tuned,1,0,0.67649454,1.1285393
HB-01067,Hospital B,tuned,1,0,0.4456026,0.5898735
HB-01069,Hospital B,tuned,1,0,0.5355039,0.7668022
HB-01070,Hospital B,tuned,1,0,0.50128156,0.69571364
HB-01075,Hospital B,tuned,1,0,0.72252405,1.2820208
HB-01077,Hospital B,tuned,1,0,0.25477314,0.29406655
HB-01079,Hospital B,tuned,1,0,0.65994614,1.0786514
HB-01082,Hospital B,tuned,1,0,0.6378354,1.0156564
HB-01083,Hospital B,tuned,1,1,0.6665066,0.40570527
HB-01087,Hospital B,tuned,1,1,0.9421204,0.059622206
HB-01088,Hospital B,tuned,1,1,0.88275796,0.12470423
HB-01091,Hospital B,tuned,1,1,0.35866672,1.0253617
HB-01092,Hospital B,tuned,1,0,0.088923804,0.09312868
HB-01094,Hospital B,tuned,1,0,0.49804005,0.689235
HB-01095,Hospital B,tuned,1,1,0.27309003,1.2979538
HB-01096,Hospital B,tuned,1,0,0.48774466,0.6689321
HB-01099,Hospital B,tuned,1,1,0.7852082,0.24180636
HB-01110,Hospital B,tuned,1,0,0.82707703,1.7549092
HB-01113,Hospital B,tuned,1,1,0.74970365,0.28807732
HB-01114,Hospital B,tuned,1,0,0.2605463,0.30184364
HB-01115,Hospital B,tuned,1,0,0.42829087,0.55912495
HB-01118,Hospital B,tuned,1,0,0.44560555,0.5898788
HB-01119,Hospital B,tuned,1,1,0.8739116,0.13477595
HB-01121,Hospital B,tuned,1,0,0.46408206,0.6237743
HB-01123,Hospital B,tuned,1,0,0.62095255,0.97009385
HB-01129,Hospital B,tuned,1,0,0.22205815,0.25110352
HB-01131,Hospital B,tuned,1,0,0.35158932,0.433231
HB-01132,Hospital B,tuned,1,0,0.22237034,0.2515049
HB-01140,Hospital B,tuned,1,1,0.8965786,0.10916934
HB-01141,Hospital B,tuned,1,0,0.5235578,0.7414088
HB-01145,Hospital B,tuned,1,0,0.66741145,1.1008492
HB-01146,Hospital B,tuned,1,1,0.88379896,0.12352567
HB-01147,Hospital B,tuned,1,1,0.71304476,0.3382111
HB-01148,Hospital B,tuned,1,1,0.6743043,0.39407378
HB-01150,Hospital B,tuned,1,0,0.5647906,0.8319281
HB-01151,Hospital B,tuned,1,1,0.9135894,0.09037401
HB-01154,Hospital B,tuned,1,1,0.35813606,1.0268422
HB-01155,Hospital B,tuned,1,0,0.33384952,0.4062397
HB-01160,Hospital B,tuned,1,0,0.23935927,0.27359414
HB-01161,Hospital B,tuned,1,1,0.50172186,0.68970937
HB-01162,Hospital B,tuned,1,0,0.62992114,0.99403906
HB-01163,Hospital B,tuned,1,0,0.19366819,0.21525991
HB-01164,Hospital B,tuned,1,1,0.38238558,0.9613259
HB-01168,Hospital B,tuned,1,0,0.37177297,0.4648537
HB-01170,Hospital B,tuned,1,1,0.2572821,1.3575821
HB-01171,Hospital B,tuned,1,0,0.42678323,0.5564913
HB-01172,Hospital B,tuned,1,0,0.109431826,0.11589551
HB-01176,Hospital B,tuned,1,0,0.80264074,1.6227298
HB-01177,Hospital B,tuned,1,0,0.22992204,0.2612635
HB-01178,Hospital B,tuned,1,0,0.412303,0.5315438
HB-01180,Hospital B,tuned,1,0,0.35705692,0.4416991
HB-01181,Hospital B,tuned,1,0,0.75692314,1.4143776
HB-01186,Hospital B,tuned,1,1,0.72351,0.32364085
HB-01187,Hospital B,tuned,1,0,0.6535159,1.0599183
HB-01188,Hospital B,tuned,1,1,0.7105619,0.34169927
HB-01191,Hospital B,tuned,1,0,0.30876338,0.36927307
HB-01193,Hospital B,tuned,1,0,0.7119743,1.2447056
HB-01197,Hospital B,tuned,1,1,0.35463876,1.0366557
HB-01198,Hospital B,tuned,1,1,0.28356245,1.2603228
HB-01199,Hospital B,tuned,1,0,0.70456886,1.2193193
HB-01201,Hospital B,tuned,1,1,0.8739685,0.13471097
HB-01203,Hospital B,tuned,1,0,0.12736072,0.13623297
HB-01207,Hospital B,tuned,1,0,0.7148418,1.2547112
HB-01208,Hospital B,tuned,1,0,0.2508777,0.28885305
HB-01213,Hospital B,tuned,1,0,0.44760326,0.59348875
HB-01214,Hospital B,tuned,1,1,0.8798009,0.1280596
HB-01217,Hospital B,tuned,1,0,0.44369256,0.58643425
HB-01218,Hospital B,tuned,1,0,0.5908847,0.8937582
HB-01220,Hospital B,tuned,1,0,0.27357543,0.3196206
HB-01221,Hospital B,tuned,1,0,0.7113883,1.2426729
HB-01223,Hospital B,tuned,1,1,0.27444267,1.293013
HB-01224,Hospital B,tuned,1,1,0.8546557,0.15705658
HB-01225,Hospital B,tuned,1,0,0.740905,1.3505604
HB-01226,Hospital B,tuned,1,1,0.83412373,0.18137349
HB-01236,Hospital B,tuned,1,1,0.91622293,0.08749556
HB-01239,Hospital B,tuned,1,0,0.24342394,0.27895224
HB-01245,Hospital B,tuned,1,0,0.17885324,0.19705343
HB-01248,Hospital B,tuned,1,0,0.15991458,0.17425168
HB-01249,Hospital B,tuned,1,1,0.7272043,0.3185478
HB-01251,Hospital B,tuned,1,0,0.91638315,2.48151
HB-01252,Hospital B,tuned,1,1,0.37402365,0.9834363
HB-01253,Hospital B,tuned,1,0,0.57361907,0.85242206
HB-01254,Hospital B,tuned,1,1,0.5868545,0.5329783
HB-01255,Hospital B,tuned,1,0,0.4131824,0.53304124
HB-01259,Hospital B,tuned,1,0,0.4830498,0.65980875
HB-01260,Hospital B,tuned,1,1,0.8380042,0.17673215
HB-01263,Hospital B,tuned,1,0,0.18173406,0.20056784
HB-01265,Hospital B,tuned,1,0,0.23790717,0.2716869
HB-01267,Hospital B,tuned,1,1,0.41852656,0.8710149
HB-01269,Hospital B,tuned,1,0,0.2572128,0.29734564
HB-01270,Hospital B,tuned,1,1,0.7281491,0.3172494
HB-01273,Hospital B,tuned,1,1,0.7577073,0.27745813
HB-01274,Hospital B,tuned,1,0,0.14547008,0.1572038
HB-01275,Hospital B,tuned,1,0,0.7442965,1.3637366
HB-01279,Hospital B,tuned,1,1,0.4984283,0.6962955
HB-01281,Hospital B,tuned,1,0,0.86717117,2.018694
HB-01282,Hospital B,tuned,1,0,0.45617443,0.60912675
HB-01285,Hospital B,tuned,1,0,0.21914358,0.24736404
HB-01286,Hospital B,tuned,1,0,0.1353937,0.14548099
HB-01287,Hospital B,tuned,1,0,0.26021582,0.30139685
HB-01292,Hospital B,tuned,1,1,0.60425615,0.503757
HB-01294,Hospital B,tuned,1,1,0.84805506,0.16480966
HB-01296,Hospital B,tuned,1,1,0.9188341,0.08464974
HB-01297,Hospital B,tuned,1,0,0.6939048,1.1838593
HB-01298,Hospital B,tuned,1,1,0.5655004,0.57004434
HB-01300,Hospital B,tuned,1,1,0.7398875,0.3012572
HB-01302,Hospital B,tuned,1,0,0.32090205,0.38698983
HB-01304,Hospital B,tuned,1,0,0.63147163,0.99823755
HB-01306,Hospital B,tuned,1,0,0.6182833,0.9630764
HB-01308,Hospital B,tuned,1,1,0.3289132,1.1119614
HB-01310,Hospital B,tuned,1,0,0.73306745,1.3207594
HB-01312,Hospital B,tuned,1,0,0.4345557,0.5701436
HB-01313,Hospital B,tuned,1,0,0.6074744,0.9351535
HB-01314,Hospital B,tuned,1,1,0.5810027,0.5429998
HB-01317,Hospital B,tuned,1,0,0.17735568,0.19523132
HB-01318,Hospital B,tuned,1,0,0.3724178,0.46588063
HB-01323,Hospital B,tuned,1,0,0.31955788,0.38501245
HB-01325,Hospital B,tuned,1,1,0.6465711,0.43607214
HB-01328,Hospital B,tuned,1,0,0.8334606,1.7925237
HB-01332,Hospital B,tuned,1,0,0.13757952,0.14801228
HB-01333,Hospital B,tuned,1,1,0.5673866,0.5667143
HB-01338,Hospital B,tuned,1,0,0.3417284,0.41813773
HB-01340,Hospital B,tuned,1,0,0.41199663,0.53102255
HB-01342,Hospital B,tuned,1,1,0.92703384,0.07576522
HB-01344,Hospital B,tuned,1,0,0.24146906,0.27637172
HB-01346,Hospital B,tuned,1,1,0.40612724,0.9010887
HB-01347,Hospital B,tuned,1,1,0.35442716,1.0372524
HB-01349,Hospital B,tuned,1,0,0.5901216,0.8918949
HB-01351,Hospital B,tuned,1,0,0.6978378,1.1967914
HB-01352,Hospital B,tuned,1,0,0.3040812,0.36252224
HB-01358,Hospital B,tuned,1,0,0.44364488,0.5863484
HB-01360,Hospital B,tuned,1,0,0.3082895,0.36858773
HB-01363,Hospital B,tuned,1,0,0.33231178,0.403934
HB-01365,Hospital B,tuned,1,0,0.28938162,0.34161973
HB-01370,Hospital B,tuned,1,0,0.377406,0.47386062
HB-01371,Hospital B,tuned,1,0,0.73491013,1.3276864
HB-01373,Hospital B,tuned,1,1,0.576843,0.550185
HB-01375,Hospital B,tuned,1,0,0.37369972,0.4679253
HB-01381,Hospital B,tuned,1,1,0.5584751,0.5825453
HB-01385,Hospital B,tuned,1,0,0.58244056,0.8733283
HB-01389,Hospital B,tuned,1,0,0.53811044,0.77242947
HB-01392,Hospital B,tuned,1,0,0.86803806,2.025242
HB-01394,Hospital B,tuned,1,1,0.81051916,0.21008036
HB-01399,Hospital B,tuned,1,0,0.7701293,1.4702383
HB-01401,Hospital B,tuned,1,0,0.5993415,0.9146459
HB-01407,Hospital B,tuned,1,0,0.58174235,0.8716577
HB-01408,Hospital B,tuned,1,0,0.84550893,1.8676193
HB-01410,Hospital B,tuned,1,1,0.7603308,0.27400172
HB-01414,Hospital B,tuned,1,0,0.17714766,0.19497848
HB-01415,Hospital B,tuned,1,0,0.56246996,0.82660985
HB-01416,Hospital B,tuned,1,1,0.6617521,0.41286424
HB-01418,Hospital B,tuned,1,0,0.1747684,0.19209123
HB-01420,Hospital B,tuned,1,0,0.41407672,0.5345664
HB-01421,Hospital B,tuned,1,0,0.4123308,0.5315911
HB-01423,Hospital B,tuned,1,0,0.31324065,0.3757714
HB-01424,Hospital B,tuned,1,1,0.4715292,0.7517742
HB-01429,Hospital B,tuned,1,1,0.7808149,0.24741723
HB-01451,Hospital B,tuned,1,1,0.70396763,0.35102293
HB-01453,Hospital B,tuned,1,1,0.9110154,0.09319543
HB-01454,Hospital B,tuned,1,0,0.293776,0.3478228
HB-01458,Hospital B,tuned,1,1,0.6314628,0.45971626
HB-01462,Hospital B,tuned,1,1,0.70558417,0.34872922
HB-01469,Hospital B,tuned,1,0,0.45451534,0.6060806
HB-01470,Hospital B,tuned,1,0,0.41854563,0.54222274
HB-01471,Hospital B,tuned,1,0,0.3705966,0.4629829
HB-01473,Hospital B,tuned,1,0,0.29197225,0.34527194
HB-01474,Hospital B,tuned,1,1,0.7034246,0.3517946
HB-01477,Hospital B,tuned,1,0,0.5247423,0.74389803
HB-01482,Hospital B,tuned,1,0,0.4517768,0.6010728
HB-01487,Hospital B,tuned,1,0,0.4937561,0.6807368
HB-01493,Hospital B,tuned,1,0,0.4745157,0.64343494
HB-01495,Hospital B,tuned,1,1,0.8591171,0.15185004
HB-01497,Hospital B,tuned,1,1,0.6509172,0.42937282
HB-01501,Hospital B,tuned,1,0,0.34474304,0.42272782
HB-01502,Hospital B,tuned,1,1,0.9402927,0.06156406
HB-01503,Hospital B,tuned,1,0,0.36887103,0.46024507
HB-01504,Hospital B,tuned,1,1,0.8113752,0.20902464
HB-01505,Hospital B,tuned,1,1,0.9063667,0.09831133
HB-01507,Hospital B,tuned,1,0,0.16453323,0.17976463
HB-01509,Hospital B,tuned,1,0,0.40316638,0.5161169
HB-01512,Hospital B,tuned,1,0,0.43669054,0.57392615
HB-01516,Hospital B,tuned,1,0,0.2067449,0.23161042
HB-01520,Hospital B,tuned,1,0,0.38719916,0.48971534
HB-01523,Hospital B,tuned,1,1,0.79002863,0.23568611
HB-01524,Hospital B,tuned,1,1,0.7803455,0.24801849
HB-01528,Hospital B,tuned,1,1,0.83066577,0.18552776
HB-01529,Hospital B,tuned,1,0,0.29810214,0.35396743
HB-01535,Hospital B,tuned,1,1,0.80135345,0.22145319
HB-01536,Hospital B,tuned,1,0,0.1328076,0.14249432
HB-01537,Hospital B,tuned,1,0,0.33116984,0.40222508
HB-01542,Hospital B,tuned,1,0,0.557396,0.8150798
HB-01546,Hospital B,tuned,1,0,0.4808016,0.6554692
HB-01547,Hospital B,tuned,1,0,0.3491003,0.42939973
HB-01552,Hospital B,tuned,1,0,0.55419105,0.8078648
HB-01553,Hospital B,tuned,1,0,0.16203532,0.17677939
HB-01556,Hospital B,tuned,1,0,0.41712013,0.5397742
HB-01557,Hospital B,tuned,1,0,0.63093853,0.99679214
HB-01559,Hospital B,tuned,1,1,0.81845593,0.20033565
HB-01561,Hospital B,tuned,1,1,0.29399243,1.2242012
HB-01562,Hospital B,tuned,1,1,0.8034039,0.21889766
HB-01563,Hospital B,tuned,1,0,0.54800427,0.7940826
HB-01564,Hospital B,tuned,1,0,0.26667213,0.31016243
HB-01567,Hospital B,tuned,1,0,0.16156025,0.17621255
HB-01569,Hospital B,tuned,1,0,0.24408405,0.2798251
HB-01570,Hospital B,tuned,1,0,0.3785079,0.47563207
HB-01577,Hospital B,tuned,1,0,0.42143482,0.5472041
HB-01579,Hospital B,tuned,1,1,0.50357354,0.6860255
HB-01581,Hospital B,tuned,1,0,0.22388121,0.25344968
HB-01584,Hospital B,tuned,1,0,0.459409,0.6150923
HB-01585,Hospital B,tuned,1,0,0.66477406,1.0929505
HB-01586,Hospital B,tuned,1,0,0.80002886,1.6095822
HB-01587,Hospital B,tuned,1,0,0.20686473,0.23176146
HB-01589,Hospital B,tuned,1,0,0.1700269,0.18636203
HB-01591,Hospital B,tuned,1,1,0.29118347,1.2338017
HB-01592,Hospital B,tuned,1,0,0.4883781,0.6701695
HB-01595,Hospital B,tuned,1,0,0.6403586,1.0226479
HB-01604,Hospital B,tuned,1,0,0.2765667,0.32374692
HB-01605,Hospital B,tuned,1,0,0.6281527,0.9892721
HB-01606,Hospital B,tuned,1,0,0.2352005,0.2681415
HB-01610,Hospital B,tuned,1,0,0.7066641,1.2264369
HB-01611,Hospital B,tuned,1,1,0.89128387,0.11509225
HB-01613,Hospital B,tuned,1,1,0.33445537,1.0952518
HB-01614,Hospital B,tuned,1,0,0.22785655,0.25858486
HB-01615,Hospital B,tuned,1,1,0.7601457,0.27424508
HB-01617,Hospital B,tuned,1,1,0.51916957,0.65552473
HB-01619,Hospital B,tuned,1,0,0.38217035,0.48154247
HB-01621,Hospital B,tuned,1,1,0.7717078,0.25914934
HB-01622,Hospital B,tuned,1,0,0.18436886,0.20379305
HB-01623,Hospital B,tuned,1,1,0.886138,0.12088259
HB-01625,Hospital B,tuned,1,1,0.58168167,0.541832
HB-01627,Hospital B,tuned,1,0,0.5874046,0.88528794
HB-01629,Hospital B,tuned,1,0,0.2966916,0.35195982
HB-01630,Hospital B,tuned,1,1,0.56394863,0.5727921
HB-01632,Hospital B,tuned,1,1,0.864634,0.145449
HB-01634,Hospital B,tuned,1,1,0.83396757,0.18156074
HB-01635,Hospital B,tuned,1,0,0.64104074,1.0245464
HB-01638,Hospital B,tuned,1,0,0.50674266,0.7067242
HB-01642,Hospital B,tuned,1,0,0.7837696,1.5314109
HB-01646,Hospital B,tuned,1,0,0.46678084,0.6288228
HB-01647,Hospital B,tuned,1,0,0.21504341,0.24212682
HB-01651,Hospital B,tuned,1,1,0.49085614,0.7116041
HB-01653,Hospital B,tuned,1,1,0.8834912,0.123873845
HB-01658,Hospital B,tuned,1,0,0.5250154,0.744473
HB-01660,Hospital B,tuned,1,1,0.6506053,0.42985213
HB-01662,Hospital B,tuned,1,0,0.54681015,0.7914442
HB-01665,Hospital B,tuned,1,0,0.43718186,0.5747987
HB-01667,Hospital B,tuned,1,0,0.27928662,0.3275138
HB-01668,Hospital B,tuned,1,0,0.40161908,0.51352775
HB-01669,Hospital B,tuned,1,1,0.7019134,0.35394517
HB-01672,Hospital B,tuned,1,0,0.72468555,1.2898414
HB-01673,Hospital B,tuned,1,0,0.68169963,1.1447598
HB-01676,Hospital B,tuned,1,1,0.79140663,0.23394342
HB-01677,Hospital B,tuned,1,0,0.14404935,0.15554261
HB-01678,Hospital B,tuned,1,1,0.45714554,0.7827534
HB-01679,Hospital B,tuned,1,0,0.114067,0.121114016
HB-01685,Hospital B,tuned,1,0,0.57674754,0.8597864
HB-01689,Hospital B,tuned,1,0,0.28107873,0.33000338
HB-01690,Hospital B,tuned,1,0,0.36920404,0.46077287
HB-01692,Hospital B,tuned,1,1,0.91785467,0.085716225
HB-01695,Hospital B,tuned,1,0,0.6874641,1.163036
HB-01700,Hospital B,tuned,1,1,0.89628124,0.10950101
HB-01702,Hospital B,tuned,1,1,0.7099531,0.34255633
HB-01710,Hospital B,tuned,1,0,0.60130954,0.91956985
HB-01711,Hospital B,tuned,1,1,0.52434963,0.6455966
HB-01713,Hospital B,tuned,1,0,0.3436927,0.42112613
HB-01716,Hospital B,tuned,1,1,0.44092768,0.81887436
HB-01717,Hospital B,tuned,1,0,0.71605366,1.2589699
HB-01724,Hospital B,tuned,1,1,0.7973242,0.22649394
HB-01725,Hospital B,tuned,1,1,0.6862755,0.37647617
HB-01728,Hospital B,tuned,1,0,0.38627452,0.48820758
HB-01731,Hospital B,tuned,1,1,0.6160849,0.48437053
HB-01736,Hospital B,tuned,1,0,0.4992201,0.6915886
HB-01739,Hospital B,tuned,1,0,0.43579316,0.57233435
HB-01741,Hospital B,tuned,1,0,0.19271593,0.21407962
HB-01745,Hospital B,tuned,1,0,0.21642679,0.24389076
HB-01746,Hospital B,tuned,1,1,0.438754,0.82381636
HB-01754,Hospital B,tuned,1,0,0.3318365,0.40322238
HB-01756,Hospital B,tuned,1,1,0.8464932,0.16665311
HB-01760,Hospital B,tuned,1,1,0.6686641,0.40247345
HB-01762,Hospital B,tuned,1,0,0.23099509,0.26265788
HB-01763,Hospital B,tuned,1,0,0.8984346,2.2870524
HB-01766,Hospital B,tuned,1,0,0.19665572,0.21897197
HB-01767,Hospital B,tuned,1,0,0.246907,0.2835666
HB-01768,Hospital B,tuned,1,1,0.6193859,0.47902673
HB-01769,Hospital B,tuned,1,0,0.43872696,0.5775478
HB-01770,Hospital B,tuned,1,0,0.078538254,0.08179402
HB-01772,Hospital B,tuned,1,0,0.40989694,0.527458
HB-01774,Hospital B,tuned,1,0,0.38972208,0.49384087
HB-01777,Hospital B,tuned,1,0,0.431631,0.56498444
HB-01781,Hospital B,tuned,1,0,0.22880661,0.25981605
HB-01784,Hospital B,tuned,1,1,0.816496,0.20273331
HB-01787,Hospital B,tuned,1,0,0.48572755,0.66500205
HB-01790,Hospital B,tuned,1,1,0.7230093,0.32433325
HB-01791,Hospital B,tuned,1,0,0.25369766,0.29262447
HB-01794,Hospital B,tuned,1,0,0.46543893,0.62630934
HB-01795,Hospital B,tuned,1,1,0.65851027,0.41777524
HB-01796,Hospital B,tuned,1,0,0.5948059,0.90338904
HB-01797,Hospital B,tuned,1,1,0.4604435,0.7755651
HB-01802,Hospital B,tuned,1,0,0.16852814,0.1845578
HB-01803,Hospital B,tuned,1,1,0.84268236,0.17116517
HB-01806,Hospital B,tuned,1,1,0.6166374,0.48347417
HB-01811,Hospital B,tuned,1,0,0.5065406,0.7063147
HB-01813,Hospital B,tuned,1,0,0.42077917,0.5460715
HB-01820,Hospital B,tuned,1,0,0.583701,0.87635154
HB-01821,Hospital B,tuned,1,1,0.88543403,0.12167738
HB-01822,Hospital B,tuned,1,1,0.44416326,0.8115631
HB-01827,Hospital B,tuned,1,1,0.9062677,0.09842048
HB-01833,Hospital B,tuned,1,1,0.7768464,0.2525126
HB-01837,Hospital B,tuned,1,0,0.53598964,0.7678484
HB-01838,Hospital B,tuned,1,1,0.6075071,0.4983914
HB-01841,Hospital B,tuned,1,0,0.35566068,0.43952978
HB-01842,Hospital B,tuned,1,0,0.4662921,0.62790656
HB-01843,Hospital B,tuned,1,0,0.15265699,0.16564965
HB-01848,Hospital B,tuned,1,0,0.70637137,1.2254395
HB-01850,Hospital B,tuned,1,0,0.6810207,1.142629
HB-01852,Hospital B,tuned,1,0,0.15820113,0.17221415
HB-01853,Hospital B,tuned,1,1,0.6655484,0.40714395
HB-01856,Hospital B,tuned,1,1,0.8990795,0.106383815
HB-01860,Hospital B,tuned,1,1,0.7247275,0.3219595
HB-01863,Hospital B,tuned,1,0,0.5218447,0.7378197
HB-01865,Hospital B,tuned,1,0,0.6052464,0.9294935
HB-01867,Hospital B,tuned,1,0,0.529328,0.75359386
HB-01868,Hospital B,tuned,1,0,0.40672982,0.5221054
HB-01869,Hospital B,tuned,1,1,0.79484993,0.22960189
HB-01871,Hospital B,tuned,1,0,0.68953496,1.169684
HB-01874,Hospital B,tuned,1,1,0.6683012,0.40301627
HB-01875,Hospital B,tuned,1,0,0.67490005,1.1236227
HB-01876,Hospital B,tuned,1,0,0.45482183,0.60664254
HB-01880,Hospital B,tuned,1,1,0.74744135,0.29109946
HB-01881,Hospital B,tuned,1,0,0.6168833,0.95941544
HB-01882,Hospital B,tuned,1,0,0.60759234,0.935454
HB-01884,Hospital B,tuned,1,0,0.68502265,1.1552547
HB-01887,Hospital B,tuned,1,0,0.7097659,1.2370672
HB-01890,Hospital B,tuned,1,0,0.3807077,0.4791779
HB-01893,Hospital B,tuned,1,0,0.2790026,0.3271197
HB-01895,Hospital B,tuned,1,1,0.94539523,0.05615219
HB-01896,Hospital B,tuned,1,1,0.9534817,0.04763508
HB-01900,Hospital B,tuned,1,1,0.8979216,0.10767251
HB-01903,Hospital B,tuned,1,1,0.9299211,0.072655596
HB-01907,Hospital B,tuned,1,0,0.81305265,1.6769283
HB-01908,Hospital B,tuned,1,0,0.25390664,0.2929045
HB-01910,Hospital B,tuned,1,1,0.5219938,0.6500995
HB-01912,Hospital B,tuned,1,0,0.54990554,0.7982978
HB-01914,Hospital B,tuned,1,0,0.5508649,0.8004315
HB-01923,Hospital B,tuned,1,0,0.3930698,0.49934155
HB-01924,Hospital B,tuned,1,0,0.4381586,0.57653576
HB-01928,Hospital B,tuned,1,0,0.65741503,1.0712355
HB-01931,Hospital B,tuned,1,0,0.5177007,0.7291903
HB-01933,Hospital B,tuned,1,1,0.6498615,0.430996
HB-01936,Hospital B,tuned,1,0,0.38748905,0.49018848
HB-01939,Hospital B,tuned,1,0,0.46434397,0.62426305
HB-01943,Hospital B,tuned,1,1,0.7874154,0.23899934
HB-01946,Hospital B,tuned,1,0,0.80169976,1.617973
HB-01948,Hospital B,tuned,1,0,0.4857595,0.6650642
HB-01950,Hospital B,tuned,1,1,0.63651323,0.45175
HB-01952,Hospital B,tuned,1,1,0.3074869,1.1793227
HB-01953,Hospital B,tuned,1,0,0.46026036,0.61666846
HB-01960,Hospital B,tuned,1,0,0.45525095,0.60743004
HB-01961,Hospital B,tuned,1,1,0.73198175,0.3119997
HB-01974,Hospital B,tuned,1,0,0.08727528,0.09132099
HB-01976,Hospital B,tuned,1,0,0.69488436,1.1870645
HB-01979,Hospital B,tuned,1,0,0.4696688,0.6342535
HB-01980,Hospital B,tuned,1,1,0.6750096,0.39302838
HB-01986,Hospital B,tuned,1,0,0.87342995,2.0669591
HB-01989,Hospital B,tuned,1,0,0.42212373,0.5483955
HB-01990,Hospital B,tuned,1,0,0.38852656,0.49188375
HB-01991,Hospital B,tuned,1,0,0.3883702,0.49162805
HB-01993,Hospital B,tuned,1,0,0.25185823,0.2901628
HB-01995,Hospital B,tuned,1,1,0.35110947,1.0466572
HB-01999,Hospital B,tuned,1,1,0.4934465,0.70634085
HB-02001,Hospital B,tuned,1,0,0.3308348,0.40172434
HB-02003,Hospital B,tuned,1,0,0.24006407,0.2745211
HB-02004,Hospital B,tuned,1,0,0.75272363,1.3972486
HB-02007,Hospital B,tuned,1,0,0.35048777,0.43153358
HB-02009,Hospital B,tuned,1,0,0.61153233,0.9455453
HB-02011,Hospital B,tuned,1,0,0.58673245,0.88366014
HB-02012,Hospital B,tuned,1,1,0.73693544,0.3052551
HB-02014,Hospital B,tuned,1,1,0.8973523,0.10830678
HB-02021,Hospital B,tuned,1,0,0.2342454,0.2668935
HB-02023,Hospital B,tuned,1,1,0.4393982,0.8223492
HB-02028,Hospital B,tuned,1,0,0.27856442,0.32651222
HB-02030,Hospital B,tuned,1,0,0.2925408,0.3460753
HB-02033,Hospital B,tuned,1,1,0.7067364,0.34709755
HB-02034,Hospital B,tuned,1,0,0.34920126,0.42955488
HB-02037,Hospital B,tuned,1,1,0.5257205,0.6429857
HB-02039,Hospital B,tuned,1,1,0.59769523,0.51467425
HB-02040,Hospital B,tuned,1,0,0.40634063,0.5214495
HB-02042,Hospital B,tuned,1,0,0.60439557,0.9273404
HB-02047,Hospital B,tuned,1,0,0.49954677,0.69224113
HB-02051,Hospital B,tuned,1,1,0.8515883,0.16065204
HB-02052,Hospital B,tuned,1,1,0.94043493,0.061412852
HB-02053,Hospital B,tuned,1,1,0.32028994,1.1385287
HB-02054,Hospital B,tuned,1,0,0.4493775,0.5967058
HB-02056,Hospital B,tuned,1,1,0.8357655,0.17940731
HB-02058,Hospital B,tuned,1,0,0.49470565,0.6826142
HB-02059,Hospital B,tuned,1,0,0.22684887,0.2572807
HB-02060,Hospital B,tuned,1,0,0.48055393,0.6549922
HB-02062,Hospital B,tuned,1,1,0.36175525,1.0167874
HB-02066,Hospital B,tuned,1,0,0.14459223,0.15617704
HB-02068,Hospital B,tuned,1,0,0.30978736,0.37075555
HB-02076,Hospital B,tuned,1,1,0.44449428,0.81081814
HB-02078,Hospital B,tuned,1,1,0.46556604,0.76450133
HB-02079,Hospital B,tuned,1,1,0.18073277,1.7107358
HB-02080,Hospital B,tuned,1,1,0.49838665,0.69637907
HB-02089,Hospital B,tuned,1,1,0.92168915,0.08154732
HB-02090,Hospital B,tuned,1,1,0.6976274,0.36007005
HB-02091,Hospital B,tuned,1,1,0.6147346,0.48656464
HB-02095,Hospital B,tuned,1,0,0.7945887,1.5827411
HB-02102,Hospital B,tuned,1,0,0.7665637,1.4548463
HB-02103,Hospital B,tuned,1,0,0.6452725,1.0364053
HB-02104,Hospital B,tuned,1,1,0.5228406,0.6484786
HB-02105,Hospital B,tuned,1,0,0.44802922,0.59426016
HB-02106,Hospital B,tuned,1,1,0.5667579,0.567823
HB-02108,Hospital B,tuned,1,0,0.51630014,0.72629064
HB-02111,Hospital B,tuned,1,0,0.7476668,1.3770049
HB-02112,Hospital B,tuned,1,0,0.23125814,0.263
HB-02113,Hospital B,tuned,1,1,0.4716399,0.75153947
HB-02117,Hospital B,tuned,1,0,0.47538587,0.64509237
HB-02119,Hospital B,tuned,1,1,0.89528936,0.11060825
HB-02122,Hospital B,tuned,1,0,0.2806664,0.32942998
HB-02124,Hospital B,tuned,1,0,0.26186615,0.3036301
HB-02127,Hospital B,tuned,1,0,0.7498615,1.3857404
HB-02128,Hospital B,tuned,1,0,0.48970422,0.6727648
HB-02129,Hospital B,tuned,1,1,0.5311187,0.6327697
HB-02135,Hospital B,tuned,1,0,0.5909436,0.89390206
HB-02136,Hospital B,tuned,1,0,0.7640585,1.4441713
HB-02137,Hospital B,tuned,1,1,0.78779906,0.23851225
HB-02139,Hospital B,tuned,1,0,0.36711177,0.45746148
HB-02141,Hospital B,tuned,1,0,0.32382402,0.39130193
HB-02144,Hospital B,tuned,1,1,0.7398564,0.30129915
HB-02147,Hospital B,tuned,1,1,0.28987354,1.2383106
HB-02149,Hospital B,tuned,1,0,0.49494627,0.68309045
HB-02150,Hospital B,tuned,1,0,0.5000368,0.69322073
HB-02151,Hospital B,tuned,1,1,0.87821317,0.12986591
HB-02152,Hospital B,tuned,1,1,0.6407412,0.44512957
HB-02153,Hospital B,tuned,1,1,0.8681631,0.14137568
HB-02155,Hospital B,tuned,1,1,0.7392644,0.30209965
HB-02158,Hospital B,tuned,1,1,0.51771253,0.65833515
HB-02159,Hospital B,tuned,1,0,0.28145102,0.33052135
HB-02168,Hospital B,tuned,1,1,0.7589057,0.2758778
HB-02169,Hospital B,tuned,1,0,0.6094741,0.940261
HB-02172,Hospital B,tuned,1,0,0.6097276,0.94091034
HB-02174,Hospital B,tuned,1,0,0.18190274,0.20077407
HB-02175,Hospital B,tuned,1,0,0.5098747,0.7130942
HB-02176,Hospital B,tuned,1,0,0.43319696,0.56774336
HB-02182,Hospital B,tuned,1,0,0.29421303,0.34844184
HB-02183,Hospital B,tuned,1,0,0.40228122,0.5146349
HB-02187,Hospital B,tuned,1,0,0.8691227,2.033495
HB-02188,Hospital B,tuned,1,1,0.48675114,0.7200023
HB-02194,Hospital B,tuned,1,0,0.5089275,0.7111635
HB-02195,Hospital B,tuned,1,0,0.12724589,0.13610137
HB-02197,Hospital B,tuned,1,0,0.34510735,0.423284
HB-02203,Hospital B,tuned,1,1,0.47977605,0.7344359
HB-02208,Hospital B,tuned,1,0,0.17547464,0.19294739
HB-02213,Hospital B,tuned,1,0,0.6250678,0.9810099
HB-02219,Hospital B,tuned,1,0,0.6306221,0.995935
HB-02220,Hospital B,tuned,1,1,0.7765777,0.25285855
HB-02225,Hospital B,tuned,1,0,0.5982838,0.91200954
HB-02226,Hospital B,tuned,1,1,0.7737939,0.25644973
HB-02232,Hospital B,tuned,1,0,0.18212926,0.201051
HB-02236,Hospital B,tuned,1,1,0.71556574,0.3346818
HB-02237,Hospital B,tuned,1,0,0.26452664,0.30724096
HB-02238,Hospital B,tuned,1,0,0.4485421,0.59518975
HB-02241,Hospital B,tuned,1,1,0.8733326,0.13543877
HB-02244,Hospital B,tuned,1,0,0.36063406,0.44727838
HB-02245,Hospital B,tuned,1,1,0.38446578,0.95590055
HB-02246,Hospital B,tuned,1,0,0.36359286,0.4519168
HB-02250,Hospital B,tuned,1,0,0.7784965,1.5073168
HB-02253,Hospital B,tuned,1,0,0.4114467,0.5300878
HB-02254,Hospital B,tuned,1,0,0.7887385,1.5546589
HB-02255,Hospital B,tuned,1,1,0.7757876,0.25387657
HB-02256,Hospital B,tuned,1,0,0.5063407,0.70590967
HB-02257,Hospital B,tuned,1,1,0.920121,0.083250046
HB-02259,Hospital B,tuned,1,0,0.59979844,0.9157869
HB-02260,Hospital B,tuned,1,0,0.6148933,0.9542349
HB-02262,Hospital B,tuned,1,1,0.79800487,0.22564061
HB-02263,Hospital B,tuned,1,0,0.3672461,0.45767367
HB-02265,Hospital B,tuned,1,0,0.32301104,0.3901003
HB-02267,Hospital B,tuned,1,1,0.8954002,0.110484496
HB-02271,Hospital B,tuned,1,0,0.67218375,1.1153021
HB-02276,Hospital B,tuned,1,0,0.12591425,0.13457668
HB-02281,Hospital B,tuned,1,0,0.7507689,1.3893747
HB-02282,Hospital B,tuned,1,1,0.9309628,0.07153597
HB-02283,Hospital B,tuned,1,0,0.21682115,0.24439418
HB-02287,Hospital B,tuned,1,0,0.25751644,0.29775453
HB-02288,Hospital B,tuned,1,0,0.8330664,1.7901592
HB-02289,Hospital B,tuned,1,0,0.19644022,0.21870363
HB-02297,Hospital B,tuned,1,0,0.18663153,0.2065711
HB-02303,Hospital B,tuned,1,1,0.8662169,0.14362
HB-02304,Hospital B,tuned,1,0,0.16027157,0.17467678
HB-02305,Hospital B,tuned,1,0,0.5901769,0.8920296
HB-02307,Hospital B,tuned,1,0,0.2934431,0.34735155
HB-02313,Hospital B,tuned,1,1,0.74257153,0.297636
HB-02315,Hospital B,tuned,1,0,0.24386515,0.27953553
HB-02317,Hospital B,tuned,1,0,0.38192394,0.4811437
HB-02318,Hospital B,tuned,1,0,0.8001054,1.6099651
HB-02321,Hospital B,tuned,1,0,0.3718373,0.46495605
HB-02325,Hospital B,tuned,1,1,0.6909145,0.36973917
HB-02326,Hospital B,tuned,1,0,0.101840355,0.10740733
HB-02327,Hospital B,tuned,1,0,0.11732508,0.1247983
HB-02333,Hospital B,tuned,1,1,0.85930663,0.1516295
HB-02337,Hospital B,tuned,1,0,0.36008242,0.44641584
HB-02340,Hospital B,tuned,1,1,0.48186642,0.7300884
HB-02341,Hospital B,tuned,1,1,0.845913,0.1673387
HB-02343,Hospital B,tuned,1,1,0.5033963,0.6863775
HB-02345,Hospital B,tuned,1,0,0.3382639,0.4128884
HB-02349,Hospital B,tuned,1,1,0.89752734,0.10811175
HB-02350,Hospital B,tuned,1,0,0.6604597,1.0801625
HB-02353,Hospital B,tuned,1,0,0.2703637,0.31520903
HB-02356,Hospital B,tuned,1,0,0.63226306,1.0003874
HB-02367,Hospital B,tuned,1,1,0.4487901,0.8012
HB-02368,Hospital B,tuned,1,0,0.43720105,0.57483286
HB-02370,Hospital B,tuned,1,1,0.79528016,0.22906084
HB-02372,Hospital B,tuned,1,1,0.69120353,0.3693209
HB-02373,Hospital B,tuned,1,0,0.20712191,0.23208582
HB-02374,Hospital B,tuned,1,1,0.80768895,0.21357828
HB-02375,Hospital B,tuned,1,1,0.57358253,0.5558535
HB-02376,Hospital B,tuned,1,1,0.7957679,0.22844769
HB-02380,Hospital B,tuned,1,1,0.6936179,0.36583403
HB-02382,Hospital B,tuned,1,0,0.43103924,0.5639438
HB-02384,Hospital B,tuned,1,1,0.8090106,0.21194316
HB-02385,Hospital B,tuned,1,0,0.32233864,0.38910753
HB-02392,Hospital B,tuned,1,1,0.76449203,0.2685437
HB-02403,Hospital B,tuned,1,0,0.32942662,0.39962214
HB-02405,Hospital B,tuned,1,1,0.6076841,0.4981001
HB-02406,Hospital B,tuned,1,0,0.24001867,0.2744614
HB-02408,Hospital B,tuned,1,0,0.47667372,0.6475501
HB-02416,Hospital B,tuned,1,0,0.6295092,0.9929267
HB-02419,Hospital B,tuned,1,1,0.6677895,0.40378225
HB-02420,Hospital B,tuned,1,0,0.5819318,0.87211084
HB-02423,Hospital B,tuned,1,0,0.7313034,1.3141725
HB-02429,Hospital B,tuned,1,0,0.7463838,1.3719331
HB-02432,Hospital B,tuned,1,1,0.9199448,0.08344154
HB-02434,Hospital B,tuned,1,1,0.7224811,0.32506403
HB-02435,Hospital B,tuned,1,0,0.24881646,0.28610528
HB-02440,Hospital B,tuned,1,0,0.4517571,0.60103685
HB-02444,Hospital B,tuned,1,0,0.1720227,0.18876958
HB-02445,Hospital B,tuned,1,1,0.9156873,0.088080294
HB-02447,Hospital B,tuned,1,1,0.41694164,0.874809
HB-02449,Hospital B,tuned,1,1,0.2586463,1.3522937
HB-02451,Hospital B,tuned,1,0,0.33979094,0.41519868
HB-02452,Hospital B,tuned,1,0,0.7255793,1.2930928
HB-02454,Hospital B,tuned,1,1,0.56619364,0.5688192
HB-02456,Hospital B,tuned,1,1,0.63850474,0.44862622
HB-02457,Hospital B,tuned,1,0,0.626136,0.98386323
HB-02458,Hospital B,tuned,1,1,0.8301048,0.18620323
HB-02460,Hospital B,tuned,1,1,0.41532645,0.8786905
HB-02462,Hospital B,tuned,1,0,0.724033,1.287474
HB-02463,Hospital B,tuned,1,1,0.43997237,0.8210434
HB-02465,Hospital B,tuned,1,1,0.82415247,0.19339974
HB-02467,Hospital B,tuned,1,1,0.89952177,0.10589204
HB-02468,Hospital B,tuned,1,1,0.41911983,0.86959845
HB-02474,Hospital B,tuned,1,1,0.94432414,0.0572858
HB-02479,Hospital B,tuned,1,1,0.41251352,0.8854863
HB-02480,Hospital B,tuned,1,0,0.37528703,0.47046298
HB-02487,Hospital B,tuned,1,1,0.7298846,0.31486878
HB-02490,Hospital B,tuned,1,1,0.6895,0.3717886
HB-02492,Hospital B,tuned,1,1,0.90391445,0.10102062
HB-02496,Hospital B,tuned,1,0,0.10643949,0.1125412
HB-02497,Hospital B,tuned,1,0,0.15932731,0.17355287
HB-02500,Hospital B,tuned,1,0,0.7330731,1.3207806
HB-02502,Hospital B,tuned,1,0,0.16493832,0.18024969
HB-02505,Hospital B,tuned,1,1,0.57378316,0.55550367
HB-02511,Hospital B,tuned,1,0,0.58732796,0.88510215
HB-02513,Hospital B,tuned,1,0,0.50242513,0.69800925
HB-02516,Hospital B,tuned,1,1,0.73218614,0.3117205
HB-02519,Hospital B,tuned,1,1,0.82743305,0.18942712
HB-02520,Hospital B,tuned,1,0,0.37774748,0.47440934
HB-02523,Hospital B,tuned,1,1,0.71860313,0.33044606
HB-02524,Hospital B,tuned,1,1,0.81188786,0.20839304
HB-02534,Hospital B,tuned,1,0,0.579674,0.86672467
HB-02535,Hospital B,tuned,1,0,0.3567535,0.4412272
HB-02536,Hospital B,tuned,1,0,0.6840283,1.1521027
HB-02538,Hospital B,tuned,1,0,0.13148227,0.14096725
HB-02540,Hospital B,tuned,1,0,0.11376094,0.12076855
HB-02544,Hospital B,tuned,1,0,0.4527471,0.6028443
HB-02545,Hospital B,tuned,1,0,0.29667822,0.35194075
HB-02546,Hospital B,tuned,1,1,0.79554635,0.22872622
HB-02547,Hospital B,tuned,1,0,0.45561418,0.608097
HB-02548,Hospital B,tuned,1,1,0.36076912,1.0195171
HB-02550,Hospital B,tuned,1,0,0.33355886,0.40580344
HB-02551,Hospital B,tuned,1,0,0.1316792,0.14119399
HB-02552,Hospital B,tuned,1,0,0.3815667,0.48056597
HB-02553,Hospital B,tuned,1,1,0.49546483,0.7022589
HB-02554,Hospital B,tuned,1,0,0.8609437,1.9728761
HB-02560,Hospital B,tuned,1,1,0.94030106,0.06155517
HB-02561,Hospital B,tuned,1,1,0.80338585,0.21892013
HB-02562,Hospital B,tuned,1,0,0.82870305,1.7643569
HB-02565,Hospital B,tuned,1,0,0.4204558,0.5455134
HB-02567,Hospital B,tuned,1,1,0.3487847,1.0533005
HB-02572,Hospital B,tuned,1,0,0.16639197,0.18199193
HB-02573,Hospital B,tuned,1,1,0.94078076,0.06104515
HB-02574,Hospital B,tuned,1,1,0.5701807,0.56180185
HB-02576,Hospital B,tuned,1,0,0.7179727,1.2657514
HB-02578,Hospital B,tuned,1,0,0.8892777,2.20073
HB-02582,Hospital B,tuned,1,1,0.49209514,0.7090832
HB-02583,Hospital B,tuned,1,1,0.7732649,0.2571336
HB-02586,Hospital B,tuned,1,1,0.19467193,1.6364396
HB-02587,Hospital B,tuned,1,1,0.67487097,0.39323378
HB-02590,Hospital B,tuned,1,0,0.4808523,0.6555669
HB-02591,Hospital B,tuned,1,1,0.8058562,0.21584989
HB-02593,Hospital B,tuned,1,0,0.19458118,0.21639287
HB-02594,Hospital B,tuned,1,0,0.52636135,0.7473106
HB-02595,Hospital B,tuned,1,0,0.5447145,0.78683066
HB-02596,Hospital B,tuned,1,0,0.39110988,0.4961174
HB-02597,Hospital B,tuned,1,1,0.88865554,0.11804557
HB-02599,Hospital B,tuned,1,0,0.2228084,0.2520684
HB-02602,Hospital B,tuned,1,1,0.45296592,0.7919384
HB-02604,Hospital B,tuned,1,0,0.33805725,0.41257626
HB-02606,Hospital B,tuned,1,0,0.33167356,0.40297854
HB-02607,Hospital B,tuned,1,1,0.6736333,0.39506936
HB-02615,Hospital B,tuned,1,0,0.56114423,0.8235844
HB-02618,Hospital B,tuned,1,0,0.291485,0.344584
HB-02619,Hospital B,tuned,1,1,0.80452526,0.21750285
HB-02620,Hospital B,tuned,1,0,0.6942573,1.1850115
HB-02621,Hospital B,tuned,1,1,0.6991693,0.35786232
HB-02623,Hospital B,tuned,1,0,0.5792814,0.8657911
HB-02624,Hospital B,tuned,1,0,0.28829283,0.34008873
HB-02627,Hospital B,tuned,1,0,0.30819392,0.36844957
HB-02631,Hospital B,tuned,1,0,0.40297222,0.5157916
HB-02634,Hospital B,tuned,1,0,0.7642035,1.4447861
HB-02637,Hospital B,tuned,1,1,0.57650286,0.55077505
HB-02639,Hospital B,tuned,1,0,0.3736676,0.46787405
HB-02640,Hospital B,tuned,1,0,0.33392823,0.40635788
HB-02641,Hospital B,tuned,1,0,0.49683046,0.68682814
HB-02644,Hospital B,tuned,1,0,0.5490696,0.7964423
HB-02645,Hospital B,tuned,1,0,0.32688835,0.3958441
HB-02649,Hospital B,tuned,1,1,0.8525522,0.15952085
HB-02651,Hospital B,tuned,1,0,0.1125181,0.11936712
HB-02652,Hospital B,tuned,1,0,0.34351182,0.42085052
HB-02653,Hospital B,tuned,1,1,0.8167096,0.20247173
HB-02657,Hospital B,tuned,1,0,0.61610585,0.95738846
HB-02658,Hospital B,tuned,1,1,0.7756994,0.25399017
HB-02660,Hospital B,tuned,1,1,0.8096301,0.21117778
HB-02661,Hospital B,tuned,1,0,0.6764329,1.1283487
HB-02662,Hospital B,tuned,1,0,0.36876872,0.460083
HB-02667,Hospital B,tuned,1,1,0.6304904,0.46125734
HB-02670,Hospital B,tuned,1,0,0.70789766,1.230651
HB-02675,Hospital B,tuned,1,0,0.7106912,1.2402606
HB-02676,Hospital B,tuned,1,0,0.23669003,0.27009106
HB-02677,Hospital B,tuned,1,1,0.28780124,1.2454852
HB-02678,Hospital B,tuned,1,1,0.67105716,0.39890096
HB-02685,Hospital B,tuned,1,0,0.809685,1.6590749
HB-02692,Hospital B,tuned,1,0,0.23858005,0.27257025
HB-02697,Hospital B,tuned,1,0,0.7016863,1.2096099
HB-02699,Hospital B,tuned,1,1,0.6161481,0.4842679
HB-02706,Hospital B,tuned,1,1,0.2551031,1.3660874
HB-02707,Hospital B,tuned,1,1,0.8691326,0.14025958
HB-02709,Hospital B,tuned,1,1,0.8422657,0.17165971
HB-02710,Hospital B,tuned,1,0,0.46712494,0.62946826
HB-02715,Hospital B,tuned,1,0,0.6752765,1.1247815
HB-02716,Hospital B,tuned,1,1,0.94301045,0.05867795
HB-02718,Hospital B,tuned,1,1,0.3498165,1.0503466
HB-02721,Hospital B,tuned,1,0,0.5811093,0.8701453
HB-02722,Hospital B,tuned,1,0,0.80063015,1.6125937
HB-02723,Hospital B,tuned,1,1,0.58049965,0.5438661
HB-02724,Hospital B,tuned,1,0,0.31666598,0.38077152
HB-02727,Hospital B,tuned,1,0,0.14082858,0.1517868
HB-02728,Hospital B,tuned,1,0,0.46165493,0.6192556
HB-02729,Hospital B,tuned,1,1,0.6581558,0.41831362
HB-02731,Hospital B,tuned,1,0,0.48645505,0.66641766
HB-02733,Hospital B,tuned,1,0,0.1927406,0.21411026
HB-02734,Hospital B,tuned,1,1,0.6474303,0.43474415
HB-02735,Hospital B,tuned,1,0,0.79885185,1.6037136
HB-02736,Hospital B,tuned,1,0,0.22420925,0.2538724
HB-02737,Hospital B,tuned,1,1,0.7690846,0.2625543
HB-02738,Hospital B,tuned,1,0,0.39294577,0.49913716
HB-02740,Hospital B,tuned,1,0,0.20081389,0.22416139
HB-02742,Hospital B,tuned,1,0,0.45745656,0.6114871
HB-02744,Hospital B,tuned,1,0,0.40121296,0.5128493
HB-02745,Hospital B,tuned,1,1,0.75786805,0.277246
HB-02746,Hospital B,tuned,1,0,0.3184456,0.38337922
HB-02750,Hospital B,tuned,1,1,0.75532615,0.28060558
HB-02751,Hospital B,tuned,1,0,0.46180397,0.6195324
HB-02754,Hospital B,tuned,1,0,0.4024551,0.5149258
HB-02755,Hospital B,tuned,1,1,0.67498296,0.3930678
HB-02756,Hospital B,tuned,1,0,0.36754856,0.45815182
HB-02760,Hospital B,tuned,1,0,0.6381606,1.0165548
HB-02764,Hospital B,tuned,1,1,0.41635197,0.8762242
HB-02765,Hospital B,tuned,1,0,0.3196935,0.38521183
HB-02766,Hospital B,tuned,1,0,0.19547822,0.21750724
HB-02767,Hospital B,tuned,1,0,0.80370885,1.6281561
HB-02769,Hospital B,tuned,1,1,0.8105581,0.21003231
HB-02775,Hospital B,tuned,1,0,0.5829291,0.874499
HB-02776,Hospital B,tuned,1,0,0.49037457,0.6740793
HB-02777,Hospital B,tuned,1,0,0.14622618,0.15808892
HB-02778,Hospital B,tuned,1,0,0.7241405,1.2878636
HB-02779,Hospital B,tuned,1,1,0.75756896,0.27764073
HB-02780,Hospital B,tuned,1,1,0.81026804,0.21039017
HB-02781,Hospital B,tuned,1,1,0.7225763,0.3249323
HB-02783,Hospital B,tuned,1,0,0.57129806,0.8469933
HB-02784,Hospital B,tuned,1,1,0.7706321,0.26054418
HB-02785,Hospital B,tuned,1,0,0.7377972,1.3386371
HB-02787,Hospital B,tuned,1,1,0.8586989,0.15233698
HB-02793,Hospital B,tuned,1,1,0.5544889,0.5897085
HB-02796,Hospital B,tuned,1,0,0.35082427,0.43205178
HB-02800,Hospital B,tuned,1,0,0.26135376,0.3029362
HB-02801,Hospital B,tuned,1,0,0.39299548,0.49921906
HB-02803,Hospital B,tuned,1,0,0.19789633,0.2205174
HB-02806,Hospital B,tuned,1,0,0.274256,0.32055795
HB-02808,Hospital B,tuned,1,0,0.65258926,1.0572475
HB-02810,Hospital B,tuned,1,0,0.44908366,0.5961723
HB-02811,Hospital B,tuned,1,0,0.31476933,0.37799978
HB-02812,Hospital B,tuned,1,1,0.6179721,0.48131204
HB-02813,Hospital B,tuned,1,1,0.6734222,0.3953828
HB-02817,Hospital B,tuned,1,0,0.4846278,0.662866
HB-02819,Hospital B,tuned,1,1,0.49202374,0.70922834
HB-02830,Hospital B,tuned,1,0,0.4004053,0.5115014
HB-02831,Hospital B,tuned,1,1,0.4163728,0.8761743
HB-02832,Hospital B,tuned,1,1,0.51074564,0.6718835
HB-02836,Hospital B,tuned,1,0,0.3837637,0.48412484
HB-02837,Hospital B,tuned,1,0,0.6140567,0.9520649
HB-02838,Hospital B,tuned,1,1,0.7128528,0.33848035
HB-02842,Hospital B,tuned,1,0,0.16810073,0.18404388
HB-02847,Hospital B,tuned,1,0,0.72989315,1.3089377
HB-02849,Hospital B,tuned,1,0,0.31475654,0.37798107
HB-02850,Hospital B,tuned,1,1,0.59415454,0.5206158
HB-02852,Hospital B,tuned,1,0,0.2936366,0.3476255
HB-02853,Hospital B,tuned,1,0,0.528707,0.7522753
HB-02858,Hospital B,tuned,1,1,0.58921856,0.5289581
HB-02859,Hospital B,tuned,1,0,0.32344672,0.3907441
HB-02863,Hospital B,tuned,1,0,0.3790763,0.47654706
HB-02869,Hospital B,tuned,1,0,0.50651586,0.70626456
HB-02870,Hospital B,tuned,1,1,0.83157647,0.18443207
HB-02871,Hospital B,tuned,1,1,0.36312306,1.0130136
HB-02874,Hospital B,tuned,1,1,0.8712378,0.13784026
HB-02876,Hospital B,tuned,1,1,0.89609367,0.10971028
HB-02879,Hospital B,tuned,1,0,0.43209225,0.5657964
HB-02881,Hospital B,tuned,1,0,0.9045707,2.3493702
HB-02883,Hospital B,tuned,1,1,0.6803731,0.385114
HB-02884,Hospital B,tuned,1,1,0.65831524,0.41807145
HB-02889,Hospital B,tuned,1,0,0.35451648,0.43775558
HB-02890,Hospital B,tuned,1,0,0.45318517,0.6036451
HB-02894,Hospital B,tuned,1,0,0.3292537,0.39936423
HB-02895,Hospital B,tuned,1,1,0.3423375,1.0719583
HB-02899,Hospital B,tuned,1,1,0.5161933,0.661274
HB-02905,Hospital B,tuned,1,1,0.8741124,0.13454627
HB-02909,Hospital B,tuned,1,1,0.8871098,0.11978645
HB-02910,Hospital B,tuned,1,0,0.09212381,0.09664726
HB-02913,Hospital B,tuned,1,0,0.41400725,0.5344478
HB-02917,Hospital B,tuned,1,1,0.8737192,0.13499619
HB-02918,Hospital B,tuned,1,1,0.42821786,0.84812325
HB-02920,Hospital B,tuned,1,0,0.46875542,0.6325328
HB-02922,Hospital B,tuned,1,0,0.40195662,0.51409197
HB-02925,Hospital B,tuned,1,0,0.6628134,1.0871189
HB-02929,Hospital B,tuned,1,0,0.21102376,0.23701906
HB-02932,Hospital B,tuned,1,0,0.58672184,0.88363445
HB-02938,Hospital B,tuned,1,0,0.7452935,1.3676434
HB-02940,Hospital B,tuned,1,1,0.59617025,0.51722896
HB-02945,Hospital B,tuned,1,0,0.1969041,0.21928108
HB-02946,Hospital B,tuned,1,1,0.6558571,0.4218124
HB-02947,Hospital B,tuned,1,1,0.5730956,0.5567027
HB-02950,Hospital B,tuned,1,1,0.41327816,0.8836344
HB-02951,Hospital B,tuned,1,1,0.85959685,0.15129179
HB-02952,Hospital B,tuned,1,0,0.1526649,0.16565907
HB-02954,Hospital B,tuned,1,0,0.6138843,0.95161843
HB-02956,Hospital B,tuned,1,0,0.42831272,0.5591631
HB-02958,Hospital B,tuned,1,0,0.7512833,1.3914407
HB-02959,Hospital B,tuned,1,1,0.81466454,0.20497885
HB-02960,Hospital B,tuned,1,0,0.6136985,0.95113707
HB-02965,Hospital B,tuned,1,1,0.88700056,0.11990969
HB-02966,Hospital B,tuned,1,1,0.87785476,0.13027409
HB-02967,Hospital B,tuned,1,0,0.4557419,0.60833174
HB-02968,Hospital B,tuned,1,1,0.5749983,0.5533882
HB-02969,Hospital B,tuned,1,1,0.7924333,0.23264694
HB-02970,Hospital B,tuned,1,0,0.21440773,0.24131739
HB-02973,Hospital B,tuned,1,1,0.5049668,0.68326265
HB-02975,Hospital B,tuned,1,1,0.4582939,0.7802446
HB-02976,Hospital B,tuned,1,1,0.6012261,0.50878423
HB-02977,Hospital B,tuned,1,1,0.8953948,0.110490605
HB-02978,Hospital B,tuned,1,0,0.6949108,1.1871512
HB-02980,Hospital B,tuned,1,0,0.2086479,0.23401225
HB-02981,Hospital B,tuned,1,0,0.2974526,0.35304236
HB-02984,Hospital B,tuned,1,0,0.13496958,0.14499056
HB-02986,Hospital B,tuned,1,0,0.50736356,0.7079838
HB-02987,Hospital B,tuned,1,1,0.7898673,0.2358903
HB-02990,Hospital B,tuned,1,1,0.76641595,0.26603028
HB-02993,Hospital B,tuned,1,0,0.618375,0.9633168
HB-02995,Hospital B,tuned,1,0,0.2686306,0.31283665
HB-02999,Hospital B,tuned,1,1,0.849615,0.16297199
HA-00001,Hospital A,tuned,0,0,0.3189783,0.3841611
HA-00004,Hospital A,tuned,0,0,0.4576867,0.61191136
HA-00006,Hospital A,tuned,0,0,0.3682687,0.4592911
HA-00009,Hospital A,tuned,0,0,0.19344516,0.21498346
HA-00010,Hospital A,tuned,0,0,0.222441,0.25159574
HA-00011,Hospital A,tuned,0,0,0.33392793,0.4063574
HA-00012,Hospital A,tuned,0,1,0.7702255,0.26107186
HA-00013,Hospital A,tuned,0,0,0.19820331,0.22090018
HA-00018,Hospital A,tuned,0,0,0.11886137,0.12654042
HA-00019,Hospital A,tuned,0,0,0.5512912,0.80138123
HA-00020,Hospital A,tuned,0,0,0.15648678,0.17017972
HA-00023,Hospital A,tuned,0,1,0.7853128,0.24167323
HA-00024,Hospital A,tuned,0,0,0.13455026,0.14450586
HA-00026,Hospital A,tuned,0,0,0.095615774,0.10050106
HA-00027,Hospital A,tuned,0,0,0.2677296,0.31160545
HA-00028,Hospital A,tuned,0,0,0.14717953,0.15920627
HA-00042,Hospital A,tuned,0,0,0.40778598,0.52388716
HA-00044,Hospital A,tuned,0,0,0.17599353,0.19357693
HA-00050,Hospital A,tuned,0,0,0.2586589,0.29929447
HA-00053,Hospital A,tuned,0,0,0.11546561,0.12269378
HA-00054,Hospital A,tuned,0,0,0.29601476,0.3509978
HA-00055,Hospital A,tuned,0,0,0.24634312,0.28281808
HA-00056,Hospital A,tuned,0,1,0.39769474,0.9220705
HA-00059,Hospital A,tuned,0,0,0.16133077,0.17593896
HA-00061,Hospital A,tuned,0,0,0.15519589,0.16865051
HA-00069,Hospital A,tuned,0,0,0.56470746,0.83173686
HA-00071,Hospital A,tuned,0,0,0.13350168,0.14329517
HA-00072,Hospital A,tuned,0,0,0.17921458,0.19749355
HA-00073,Hospital A,tuned,0,0,0.20393527,0.22807479
HA-00078,Hospital A,tuned,0,0,0.33172035,0.40304857
HA-00079,Hospital A,tuned,0,0,0.34474856,0.42273617
HA-00081,Hospital A,tuned,0,0,0.7879101,1.5507452
HA-00085,Hospital A,tuned,0,0,0.12444502,0.13289726
HA-00086,Hospital A,tuned,0,1,0.21017328,1.559823
HA-00088,Hospital A,tuned,0,0,0.30144727,0.35874456
HA-00089,Hospital A,tuned,0,0,0.39664385,0.50524765
HA-00090,Hospital A,tuned,0,0,0.16253318,0.17737365
HA-00093,Hospital A,tuned,0,0,0.26939765,0.31388593
HA-00096,Hospital A,tuned,0,0,0.15876137,0.17287993
HA-00098,Hospital A,tuned,0,0,0.32867137,0.3984965
HA-00100,Hospital A,tuned,0,0,0.26078728,0.30216956
HA-00102,Hospital A,tuned,0,0,0.5216777,0.73747045
HA-00104,Hospital A,tuned,0,0,0.39931726,0.5096884
HA-00106,Hospital A,tuned,0,0,0.4045723,0.51847535
HA-00108,Hospital A,tuned,0,1,0.17311224,1.7538152
HA-00116,Hospital A,tuned,0,0,0.13359304,0.14340055
HA-00118,Hospital A,tuned,0,0,0.32295647,0.39001977
HA-00120,Hospital A,tuned,0,0,0.39385703,0.5006394
HA-00122,Hospital A,tuned,0,1,0.43137532,0.84077674
HA-00123,Hospital A,tuned,0,0,0.35371652,0.43651694
HA-00125,Hospital A,tuned,0,0,0.4780688,0.6502195
HA-00127,Hospital A,tuned,0,0,0.5435692,0.78431815
HA-00128,Hospital A,tuned,0,0,0.099117555,0.10438061
HA-00129,Hospital A,tuned,0,0,0.110147834,0.116699934
HA-00130,Hospital A,tuned,0,0,0.13780452,0.14827323
HA-00131,Hospital A,tuned,0,0,0.5682535,0.83991665
HA-00133,Hospital A,tuned,0,0,0.5464974,0.7907543
HA-00135,Hospital A,tuned,0,0,0.24803948,0.2850715
HA-00138,Hospital A,tuned,0,0,0.5681406,0.83965534
HA-00144,Hospital A,tuned,0,0,0.1907084,0.21159601
HA-00145,Hospital A,tuned,0,0,0.18885261,0.20930552
HA-00146,Hospital A,tuned,0,1,0.34363353,1.0681795
HA-00148,Hospital A,tuned,0,0,0.24762872,0.2845254
HA-00151,Hospital A,tuned,0,0,0.41053492,0.5285399
HA-00154,Hospital A,tuned,0,0,0.36947083,0.4611959
HA-00156,Hospital A,tuned,0,0,0.42716056,0.5571498
HA-00158,Hospital A,tuned,0,0,0.5324196,0.7601841
HA-00160,Hospital A,tuned,0,0,0.15866667,0.1727674
HA-00161,Hospital A,tuned,0,0,0.53798926,0.7721672
HA-00163,Hospital A,tuned,0,0,0.4206998,0.54593456
HA-00166,Hospital A,tuned,0,0,0.5396731,0.7758183
HA-00167,Hospital A,tuned,0,0,0.45611063,0.6090094
HA-00172,Hospital A,tuned,0,0,0.45635888,0.60946596
HA-00175,Hospital A,tuned,0,0,0.20990123,0.23559725
HA-00176,Hospital A,tuned,0,0,0.47761434,0.6493492
HA-00178,Hospital A,tuned,0,1,0.6640572,0.40938702
HA-00179,Hospital A,tuned,0,0,0.12773553,0.1366626
HA-00180,Hospital A,tuned,0,0,0.13990898,0.15071702
HA-00182,Hospital A,tuned,0,0,0.20445076,0.22872257
HA-00183,Hospital A,tuned,0,0,0.26246846,0.30444646
HA-00186,Hospital A,tuned,0,0,0.3731645,0.46707112
HA-00187,Hospital A,tuned,0,1,0.27918392,1.2758845
HA-00189,Hospital A,tuned,0,0,0.15086254,0.16353416
HA-00195,Hospital A,tuned,0,0,0.16535409,0.18074775
HA-00197,Hospital A,tuned,0,0,0.47079518,0.6363797
HA-00198,Hospital A,tuned,0,0,0.13129227,0.14074862
HA-00199,Hospital A,tuned,0,0,0.25700647,0.297068
HA-00203,Hospital A,tuned,0,0,0.6133934,0.95034766
HA-00204,Hospital A,tuned,0,0,0.13157043,0.14106882
HA-00207,Hospital A,tuned,0,1,0.27072433,1.3066542
HA-00210,Hospital A,tuned,0,0,0.15785903,0.17180789
HA-00212,Hospital A,tuned,0,0,0.114312924,0.121391535
HA-00213,Hospital A,tuned,0,1,0.25041562,1.3846332
HA-00215,Hospital A,tuned,0,0,0.22693074,0.25738657
HA-00219,Hospital A,tuned,0,0,0.20184904,0.22545755
HA-00220,Hospital A,tuned,0,0,0.12689891,0.13570392
HA-00221,Hospital A,tuned,0,0,0.22525437,0.25522053
HA-00222,Hospital A,tuned,0,0,0.2617017,0.3034073
HA-00224,Hospital A,tuned,0,0,0.14688277,0.1588583
HA-00230,Hospital A,tuned,0,0,0.17162147,0.18828511
HA-00232,Hospital A,tuned,0,0,0.12715283,0.13599479
HA-00236,Hospital A,tuned,0,0,0.17712556,0.19495165
HA-00238,Hospital A,tuned,0,0,0.25576702,0.2954011
HA-00245,Hospital A,tuned,0,1,0.74628395,0.29264906
HA-00249,Hospital A,tuned,0,0,0.5583082,0.8171428
HA-00250,Hospital A,tuned,0,0,0.31540352,0.37892568
HA-00251,Hospital A,tuned,0,0,0.31701934,0.3812887
HA-00252,Hospital A,tuned,0,0,0.17645137,0.19413269
HA-00256,Hospital A,tuned,0,1,0.3817072,0.96310145
HA-00257,Hospital A,tuned,0,0,0.35806695,0.44327128
HA-00260,Hospital A,tuned,0,0,0.12617247,0.13487232
HA-00261,Hospital A,tuned,0,1,0.46845135,0.758323
HA-00263,Hospital A,tuned,0,1,0.34277713,1.0706748
HA-00266,Hospital A,tuned,0,0,0.27117774,0.31632543
HA-00267,Hospital A,tuned,0,0,0.40177247,0.5137841
HA-00269,Hospital A,tuned,0,0,0.13700235,0.14734328
HA-00271,Hospital A,tuned,0,0,0.1787954,0.19698298
HA-00272,Hospital A,tuned,0,0,0.19775315,0.22033894
HA-00277,Hospital A,tuned,0,0,0.24775067,0.28468752
HA-00278,Hospital A,tuned,0,0,0.14554371,0.15728986
HA-00280,Hospital A,tuned,0,0,0.1587458,0.17286146
HA-00282,Hospital A,tuned,0,0,0.13700958,0.14735174
HA-00283,Hospital A,tuned,0,0,0.5633686,0.828666
HA-00284,Hospital A,tuned,0,1,0.40093577,0.9139541
HA-00285,Hospital A,tuned,0,0,0.1526073,0.16559112
HA-00287,Hospital A,tuned,0,0,0.29684195,0.35217357
HA-00290,Hospital A,tuned,0,0,0.14773579,0.1598587
HA-00294,Hospital A,tuned,0,0,0.14043875,0.15133321
HA-00295,Hospital A,tuned,0,0,0.22265735,0.2518741
HA-00296,Hospital A,tuned,0,0,0.16258283,0.1774329
HA-00299,Hospital A,tuned,0,0,0.20946163,0.23504114
HA-00305,Hospital A,tuned,0,0,0.21570033,0.24296415
HA-00307,Hospital A,tuned,0,0,0.14771399,0.15983307
HA-00308,Hospital A,tuned,0,0,0.3025775,0.3603639
HA-00310,Hospital A,tuned,0,0,0.19115078,0.2121427
HA-00311,Hospital A,tuned,0,1,0.36552873,1.0064104
HA-00312,Hospital A,tuned,0,0,0.516716,0.72715074
HA-00317,Hospital A,tuned,0,0,0.2932632,0.34709704
HA-00318,Hospital A,tuned,0,0,0.15735553,0.17121017
HA-00321,Hospital A,tuned,0,0,0.15493052,0.16833639
HA-00322,Hospital A,tuned,0,0,0.1552545,0.16871989
HA-00323,Hospital A,tuned,0,0,0.24326843,0.27874672
HA-00324,Hospital A,tuned,0,0,0.4700658,0.6350023
HA-00325,Hospital A,tuned,0,0,0.6527669,1.0577588
HA-00329,Hospital A,tuned,0,0,0.19443962,0.21621716
HA-00330,Hospital A,tuned,0,0,0.1259371,0.1346029
HA-00334,Hospital A,tuned,0,0,0.13964698,0.15041244
HA-00335,Hospital A,tuned,0,0,0.2964236,0.35157883
HA-00336,Hospital A,tuned,0,0,0.19692339,0.21930516
HA-00337,Hospital A,tuned,0,0,0.5223415,0.7388593
HA-00342,Hospital A,tuned,0,1,0.81925887,0.19935513
HA-00343,Hospital A,tuned,0,0,0.24839349,0.28554237
HA-00344,Hospital A,tuned,0,0,0.2689645,0.31329334
HA-00350,Hospital A,tuned,0,0,0.5793897,0.8660486
HA-00355,Hospital A,tuned,0,0,0.45301077,0.6033262
HA-00356,Hospital A,tuned,0,0,0.3095179,0.37036526
HA-00357,Hospital A,tuned,0,0,0.2350245,0.26791143
HA-00358,Hospital A,tuned,0,0,0.23663306,0.27001643
HA-00359,Hospital A,tuned,0,1,0.14290094,1.9456035
HA-00360,Hospital A,tuned,0,0,0.16494939,0.18026292
HA-00363,Hospital A,tuned,0,0,0.42327526,0.5503902
HA-00364,Hospital A,tuned,0,0,0.17750424,0.19541192
HA-00367,Hospital A,tuned,0,0,0.093545526,0.09821439
HA-00368,Hospital A,tuned,0,0,0.28842622,0.34027612
HA-00369,Hospital A,tuned,0,0,0.15182422,0.16466737
HA-00371,Hospital A,tuned,0,0,0.17860974,0.19675696
HA-00373,Hospital A,tuned,0,0,0.42951664,0.56127125
HA-00374,Hospital A,tuned,0,0,0.4480669,0.5943284
HA-00377,Hospital A,tuned,0,1,0.45421353,0.78918785
HA-00381,Hospital A,tuned,0,0,0.1417003,0.15280199
HA-00382,Hospital A,tuned,0,1,0.17482078,1.7439939
HA-00383,Hospital A,tuned,0,1,0.49368188,0.7058639
HA-00384,Hospital A,tuned,0,0,0.17973067,0.1981225
HA-00386,Hospital A,tuned,0,0,0.20555884,0.23011637
HA-00388,Hospital A,tuned,0,0,0.412127,0.5312443
HA-00390,Hospital A,tuned,0,0,0.13424501,0.14415324
HA-00391,Hospital A,tuned,0,0,0.19593614,0.21807659
HA-00392,Hospital A,tuned,0,0,0.14222981,0.15341902
HA-00393,Hospital A,tuned,0,0,0.15589856,0.16948259
HA-00395,Hospital A,tuned,0,1,0.39198634,0.9365283
HA-00396,Hospital A,tuned,0,0,0.2977813,0.35351038
HA-00399,Hospital A,tuned,0,0,0.1499791,0.1624943
HA-00401,Hospital A,tuned,0,1,0.3484894,1.0541475
HA-00404,Hospital A,tuned,0,0,0.12351798,0.13183916
HA-00406,Hospital A,tuned,0,0,0.13516435,0.14521587
HA-00408,Hospital A,tuned,0,1,0.61903185,0.47959864
HA-00412,Hospital A,tuned,0,0,0.5281831,0.7511643
HA-00414,Hospital A,tuned,0,0,0.3121934,0.37424755
HA-00415,Hospital A,tuned,0,0,0.349754,0.43040454
HA-00417,Hospital A,tuned,0,0,0.44785747,0.5939491
HA-00418,Hospital A,tuned,0,0,0.4200844,0.5448727
HA-00419,Hospital A,tuned,0,1,0.5678726,0.56585824
HA-00420,Hospital A,tuned,0,0,0.21439005,0.24129486
HA-00423,Hospital A,tuned,0,1,0.33040005,1.1074512
HA-00424,Hospital A,tuned,0,0,0.161923,0.17664528
HA-00428,Hospital A,tuned,0,0,0.31971747,0.3852471
HA-00431,Hospital A,tuned,0,0,0.28413337,0.33426142
HA-00433,Hospital A,tuned,0,0,0.25363004,0.29253387
HA-00434,Hospital A,tuned,0,0,0.2105394,0.23640537
HA-00437,Hospital A,tuned,0,0,0.15945671,0.17370689
HA-00439,Hospital A,tuned,0,0,0.35690305,0.44145977
HA-00440,Hospital A,tuned,0,0,0.41513517,0.5363745
HA-00443,Hospital A,tuned,0,0,0.2026846,0.22650492
HA-00444,Hospital A,tuned,0,0,0.14640023,0.15829289
HA-00447,Hospital A,tuned,0,0,0.19030741,0.21110058
HA-00452,Hospital A,tuned,0,0,0.45557895,0.6080324
HA-00453,Hospital A,tuned,0,0,0.29120117,0.34418356
HA-00455,Hospital A,tuned,0,0,0.23285678,0.26508176
HA-00457,Hospital A,tuned,0,0,0.33774322,0.41210192
HA-00461,Hospital A,tuned,0,1,0.49060455,0.71211684
HA-00463,Hospital A,tuned,0,0,0.12192339,0.13002145
HA-00464,Hospital A,tuned,0,0,0.14737861,0.15943968
HA-00467,Hospital A,tuned,0,0,0.34208438,0.41867852
HA-00468,Hospital A,tuned,0,0,0.5780657,0.8629056
HA-00469,Hospital A,tuned,0,0,0.17822249,0.1962856
HA-00470,Hospital A,tuned,0,0,0.3534345,0.43608075
HA-00471,Hospital A,tuned,0,0,0.2442391,0.28003025
HA-00474,Hospital A,tuned,0,0,0.22153687,0.25043368
HA-00475,Hospital A,tuned,0,0,0.31595573,0.37973267
HA-00477,Hospital A,tuned,0,0,0.3700136,0.46205705
HA-00481,Hospital A,tuned,0,0,0.27226484,0.31781805
HA-00482,Hospital A,tuned,0,0,0.51558185,0.7248067
HA-00484,Hospital A,tuned,0,1,0.32383695,1.1275151
HA-00485,Hospital A,tuned,0,0,0.12047697,0.12837565
HA-00486,Hospital A,tuned,0,0,0.5119624,0.7173629
HA-00487,Hospital A,tuned,0,0,0.12650184,0.13524926
HA-00489,Hospital A,tuned,0,0,0.17497559,0.19234228
HA-00490,Hospital A,tuned,0,1,0.5632155,0.5740929
HA-00491,Hospital A,tuned,0,0,0.15223655,0.16515362
HA-00493,Hospital A,tuned,0,0,0.43510777,0.57112026
HA-00495,Hospital A,tuned,0,1,0.23049057,1.4675455
HA-00498,Hospital A,tuned,0,0,0.38298634,0.48286414
HA-00501,Hospital A,tuned,0,0,0.3795731,0.4773475
HA-00502,Hospital A,tuned,0,0,0.444332,0.5875843
HA-00507,Hospital A,tuned,0,0,0.8801558,2.1215625
HA-00508,Hospital A,tuned,0,0,0.45265627,0.60267824
HA-00510,Hospital A,tuned,0,0,0.2399289,0.27434325
HA-00511,Hospital A,tuned,0,1,0.22771661,1.4796534
HA-00512,Hospital A,tuned,0,0,0.20520444,0.2296704
HA-00515,Hospital A,tuned,0,0,0.38310334,0.4830538
HA-00516,Hospital A,tuned,0,0,0.4588733,0.6141019
HA-00518,Hospital A,tuned,0,0,0.31188506,0.37379944
HA-00521,Hospital A,tuned,0,0,0.20949347,0.23508132
HA-00523,Hospital A,tuned,0,0,0.500836,0.6948206
HA-00524,Hospital A,tuned,0,0,0.37829536,0.47529012
HA-00528,Hospital A,tuned,0,1,0.5824084,0.5405833
HA-00529,Hospital A,tuned,0,0,0.2845397,0.3348292
HA-00531,Hospital A,tuned,0,0,0.17522618,0.19264603
HA-00533,Hospital A,tuned,0,0,0.17072026,0.1871978
HA-00537,Hospital A,tuned,0,1,0.37533596,0.97993374
HA-00541,Hospital A,tuned,0,0,0.119510226,0.12727702
HA-00542,Hospital A,tuned,0,0,0.10049711,0.105912924
HA-00543,Hospital A,tuned,0,0,0.2889685,0.34103858
HA-00545,Hospital A,tuned,0,0,0.3352901,0.4084046
HA-00546,Hospital A,tuned,0,0,0.36408237,0.45268625
HA-00547,Hospital A,tuned,0,0,0.19960743,0.22265291
HA-00548,Hospital A,tuned,0,0,0.22237463,0.25151038
HA-00550,Hospital A,tuned,0,0,0.30876836,0.36928034
HA-00555,Hospital A,tuned,0,0,0.57862616,0.8642348
HA-00556,Hospital A,tuned,0,0,0.55129284,0.8013848
HA-00558,Hospital A,tuned,0,0,0.17766103,0.19560254
HA-00559,Hospital A,tuned,0,0,0.07383122,0.07669878
HA-00561,Hospital A,tuned,0,0,0.15615414,0.16978538
HA-00563,Hospital A,tuned,0,1,0.3878901,0.9470333
HA-00565,Hospital A,tuned,0,0,0.5636424,0.829293
HA-00566,Hospital A,tuned,0,0,0.2150703,0.24216115
HA-00567,Hospital A,tuned,0,1,0.5953425,0.5186184
HA-00569,Hospital A,tuned,0,0,0.31878906,0.38388336
HA-00572,Hospital A,tuned,0,0,0.21376206,0.2404958
HA-00575,Hospital A,tuned,0,0,0.7664369,1.4543028
HA-00576,Hospital A,tuned,0,1,0.51653314,0.66061574
HA-00578,Hospital A,tuned,0,0,0.29814735,0.3540318
HA-00579,Hospital A,tuned,0,0,0.3618781,0.4492259
HA-00581,Hospital A,tuned,0,0,0.17605802,0.19365513
HA-00582,Hospital A,tuned,0,0,0.16199785,0.17673457
HA-00584,Hospital A,tuned,0,0,0.34012827,0.41570985
HA-00586,Hospital A,tuned,0,0,0.43695197,0.5743903
HA-00589,Hospital A,tuned,0,0,0.5816047,0.8713287
HA-00590,Hospital A,tuned,0,0,0.3932953,0.49971306
HA-00591,Hospital A,tuned,0,0,0.14028068,0.15114927
HA-00595,Hospital A,tuned,0,0,0.14375713,0.1552012
HA-00597,Hospital A,tuned,0,0,0.19236088,0.21363997
HA-00598,Hospital A,tuned,0,0,0.37649962,0.47240585
HA-00604,Hospital A,tuned,0,0,0.13638778,0.14663148
HA-00609,Hospital A,tuned,0,0,0.2663839,0.3097694
HA-00613,Hospital A,tuned,0,0,0.112932935,0.11983466
HA-00614,Hospital A,tuned,0,0,0.13638534,0.14662862
HA-00616,Hospital A,tuned,0,1,0.15737644,1.8491147
HA-00617,Hospital A,tuned,0,0,0.39043552,0.49501055
HA-00618,Hospital A,tuned,0,0,0.2890768,0.34119093
HA-00620,Hospital A,tuned,0,0,0.84806603,1.8843093
HA-00622,Hospital A,tuned,0,1,0.1728829,1.7551408
HA-00624,Hospital A,tuned,0,1,0.56199414,0.5762638
HA-00625,Hospital A,tuned,0,0,0.2964544,0.35162258
HA-00627,Hospital A,tuned,0,0,0.463003,0.6217628
HA-00628,Hospital A,tuned,0,0,0.5290238,0.7529478
HA-00630,Hospital A,tuned,0,0,0.35586858,0.43985254
HA-00631,Hospital A,tuned,0,0,0.3720539,0.46530092
HA-00636,Hospital A,tuned,0,0,0.6456234,1.0373951
HA-00637,Hospital A,tuned,0,0,0.16591296,0.18141747
HA-00642,Hospital A,tuned,0,0,0.29840744,0.35440242
HA-00644,Hospital A,tuned,0,1,0.53197336,0.6311618
HA-00645,Hospital A,tuned,0,0,0.3045478,0.36319292
HA-00648,Hospital A,tuned,0,0,0.11825885,0.12585664
HA-00653,Hospital A,tuned,0,0,0.32239228,0.38918674
HA-00655,Hospital A,tuned,0,0,0.4054687,0.51998186
HA-00658,Hospital A,tuned,0,1,0.14747,1.9141306
HA-00663,Hospital A,tuned,0,0,0.13507427,0.14511168
HA-00665,Hospital A,tuned,0,0,0.56911665,0.841918
HA-00667,Hospital A,tuned,0,1,0.40500236,0.90386236
HA-00669,Hospital A,tuned,0,0,0.18148799,0.2002672
HA-00675,Hospital A,tuned,0,0,0.14611374,0.15795732
HA-00676,Hospital A,tuned,0,0,0.37288544,0.466626
HA-00678,Hospital A,tuned,0,0,0.5107116,0.7148032
HA-00679,Hospital A,tuned,0,0,0.6662068,1.0972335
HA-00682,Hospital A,tuned,0,0,0.18434377,0.2037623
HA-00683,Hospital A,tuned,0,1,0.82449967,0.1929785
HA-00685,Hospital A,tuned,0,0,0.104445346,0.110311985
HA-00687,Hospital A,tuned,0,1,0.5256792,0.64306426
HA-00689,Hospital A,tuned,0,0,0.118715756,0.12637496
HA-00690,Hospital A,tuned,0,0,0.58217055,0.87268186
HA-00692,Hospital A,tuned,0,0,0.19118583,0.2121861
HA-00693,Hospital A,tuned,0,0,0.25300553,0.2916975
HA-00694,Hospital A,tuned,0,0,0.23910579,0.27326095
HA-00695,Hospital A,tuned,0,0,0.17166905,0.18834245
HA-00696,Hospital A,tuned,0,0,0.14121173,0.15223289
HA-00699,Hospital A,tuned,0,0,0.14093865,0.15191495
HA-00700,Hospital A,tuned,0,0,0.13000391,0.13926661
HA-00706,Hospital A,tuned,0,0,0.11189492,0.11866522
HA-00707,Hospital A,tuned,0,0,0.097721145,0.1028316
HA-00711,Hospital A,tuned,0,0,0.3207696,0.38679492
HA-00712,Hospital A,tuned,0,0,0.56268007,0.82709026
HA-00713,Hospital A,tuned,0,0,0.17667343,0.19440234
HA-00714,Hospital A,tuned,0,0,0.10264124,0.108299494
HA-00715,Hospital A,tuned,0,0,0.19336689,0.21488631
HA-00716,Hospital A,tuned,0,0,0.108130604,0.11443567
HA-00718,Hospital A,tuned,0,1,0.41967335,0.8682786
HA-00722,Hospital A,tuned,0,0,0.19611788,0.21830261
HA-00726,Hospital A,tuned,0,1,0.50492746,0.68334055
HA-00727,Hospital A,tuned,0,0,0.1672567,0.18302989
HA-00729,Hospital A,tuned,0,0,0.13666806,0.14695609
HA-00731,Hospital A,tuned,0,0,0.22060098,0.24923217
HA-00735,Hospital A,tuned,0,0,0.34800914,0.42772472
HA-00739,Hospital A,tuned,0,0,0.11372934,0.120732784
HA-00741,Hospital A,tuned,0,0,0.582829,0.874259
HA-00742,Hospital A,tuned,0,0,0.48229516,0.65834993
HA-00743,Hospital A,tuned,0,1,0.132482,2.0213084
HA-00746,Hospital A,tuned,0,0,0.31701475,0.38128203
HA-00749,Hospital A,tuned,0,0,0.6622615,1.0854833
HA-00750,Hospital A,tuned,0,0,0.12438038,0.13282359
HA-00751,Hospital A,tuned,0,0,0.30458435,0.36324555
HA-00755,Hospital A,tuned,0,1,0.84813815,0.16471177
HA-00756,Hospital A,tuned,0,0,0.29725042,0.3527546
HA-00757,Hospital A,tuned,0,1,0.39246932,0.9352969
HA-00760,Hospital A,tuned,0,0,0.21775335,0.2455852
HA-00761,Hospital A,tuned,0,0,0.29961982,0.35613203
HA-00762,Hospital A,tuned,0,0,0.30621424,0.36559206
HA-00763,Hospital A,tuned,0,0,0.18289633,0.2019893
HA-00765,Hospital A,tuned,0,0,0.8338492,1.7948596
HA-00766,Hospital A,tuned,0,0,0.16052933,0.17498374
HA-00767,Hospital A,tuned,0,0,0.37801126,0.4748333
HA-00768,Hospital A,tuned,0,1,0.32289416,1.1304307
HA-00771,Hospital A,tuned,0,0,0.5871867,0.88475984
HA-00773,Hospital A,tuned,0,0,0.18491924,0.20446813
HA-00774,Hospital A,tuned,0,1,0.38237098,0.96136403
HA-00775,Hospital A,tuned,0,0,0.15997303,0.1743213
HA-00776,Hospital A,tuned,0,0,0.31154102,0.3732996
HA-00777,Hospital A,tuned,0,0,0.13988753,0.1506921
HA-00778,Hospital A,tuned,0,1,0.21327731,1.545162
HA-00780,Hospital A,tuned,0,0,0.174,0.19116044
HA-00781,Hospital A,tuned,0,0,0.41560602,0.5371799
HA-00782,Hospital A,tuned,0,1,0.17899573,1.7203934
HA-00783,Hospital A,tuned,0,0,0.47969627,0.65334255
HA-00784,Hospital A,tuned,0,1,0.3694119,0.99584305
HA-00786,Hospital A,tuned,0,0,0.26013806,0.3012917
HA-00789,Hospital A,tuned,0,1,0.13847087,1.9770952
HA-00795,Hospital A,tuned,0,0,0.1599737,0.17432213
HA-00796,Hospital A,tuned,0,0,0.33226648,0.40386605
HA-00798,Hospital A,tuned,0,0,0.20288152,0.22675192
HA-00800,Hospital A,tuned,0,1,0.25149563,1.3803296
HA-00801,Hospital A,tuned,0,0,0.20976806,0.23542881
HA-00802,Hospital A,tuned,0,0,0.19148934,0.21256137
HA-00803,Hospital A,tuned,0,0,0.3450558,0.4232052
HA-00805,Hospital A,tuned,0,1,0.48750615,0.71845233
HA-00806,Hospital A,tuned,0,0,0.40722838,0.52294606
HA-00807,Hospital A,tuned,0,0,0.24812873,0.28519022
HA-00811,Hospital A,tuned,0,0,0.1923739,0.21365607
HA-00814,Hospital A,tuned,0,1,0.59689945,0.51600665
HA-00815,Hospital A,tuned,0,0,0.40920606,0.52628803
HA-00816,Hospital A,tuned,0,0,0.36580515,0.4553991
HA-00819,Hospital A,tuned,0,1,0.34897077,1.0527673
HA-00823,Hospital A,tuned,0,0,0.28565237,0.3363856
HA-00825,Hospital A,tuned,0,0,0.098022416,0.10316563
HA-00826,Hospital A,tuned,0,0,0.44054413,0.58079064
HA-00827,Hospital A,tuned,0,0,0.1378244,0.14829636
HA-00829,Hospital A,tuned,0,0,0.31203645,0.37401944
HA-00830,Hospital A,tuned,0,0,0.12443959,0.13289106
HA-00831,Hospital A,tuned,0,0,0.44229475,0.58392465
HA-00832,Hospital A,tuned,0,0,0.64877605,1.0463313
HA-00833,Hospital A,tuned,0,0,0.14847822,0.16073024
HA-00836,Hospital A,tuned,0,0,0.27746037,0.324983
HA-00837,Hospital A,tuned,0,1,0.54886353,0.59990543
HA-00838,Hospital A,tuned,0,0,0.5390407,0.7744454
HA-00839,Hospital A,tuned,0,1,0.42167667,0.86351645
HA-00840,Hospital A,tuned,0,0,0.20687087,0.2317692
HA-00843,Hospital A,tuned,0,0,0.5403883,0.7773732
HA-00844,Hospital A,tuned,0,0,0.15768997,0.17160714
HA-00847,Hospital A,tuned,0,0,0.63162655,0.99865794
HA-00848,Hospital A,tuned,0,0,0.3901417,0.4945286
HA-00851,Hospital A,tuned,0,0,0.37811834,0.4750054
HA-00854,Hospital A,tuned,0,0,0.20232347,0.22605217
HA-00855,Hospital A,tuned,0,0,0.41424206,0.53484863
HA-00856,Hospital A,tuned,0,0,0.3238784,0.39138228
HA-00858,Hospital A,tuned,0,1,0.4978654,0.6974255
HA-00861,Hospital A,tuned,0,0,0.14341407,0.15480065
HA-00862,Hospital A,tuned,0,0,0.13736978,0.14776921
HA-00863,Hospital A,tuned,0,0,0.5277241,0.7501919
HA-00865,Hospital A,tuned,0,0,0.13594384,0.14611757
HA-00866,Hospital A,tuned,0,0,0.72866297,1.3043935
HA-00867,Hospital A,tuned,0,1,0.11539576,2.1593876
HA-00869,Hospital A,tuned,0,0,0.26944697,0.31395352
HA-00871,Hospital A,tuned,0,1,0.11180075,2.191037
HA-00872,Hospital A,tuned,0,0,0.118329,0.12593627
HA-00873,Hospital A,tuned,0,0,0.29681632,0.3521372
HA-00874,Hospital A,tuned,0,0,0.22175509,0.25071406
HA-00878,Hospital A,tuned,0,0,0.32887733,0.39880335
HA-00882,Hospital A,tuned,0,0,0.3302534,0.40085584
HA-00884,Hospital A,tuned,0,0,0.12951879,0.13870919
HA-00885,Hospital A,tuned,0,0,0.14279027,0.15407264
HA-00886,Hospital A,tuned,0,0,0.23645276,0.26978028
HA-00888,Hospital A,tuned,0,0,0.5172474,0.7282509
HA-00890,Hospital A,tuned,0,0,0.18228132,0.20123684
HA-00893,Hospital A,tuned,0,0,0.27989027,0.32835162
HA-00895,Hospital A,tuned,0,1,0.4018586,0.91165495
HA-00897,Hospital A,tuned,0,0,0.22215457,0.2512275
HA-00899,Hospital A,tuned,0,0,0.14228465,0.15348303
HA-00903,Hospital A,tuned,0,0,0.2528091,0.29143465
HA-00906,Hospital A,tuned,0,1,0.88654053,0.12042839
HA-00910,Hospital A,tuned,0,0,0.13474488,0.14473093
HA-00912,Hospital A,tuned,0,1,0.6479195,0.4339888
HA-00913,Hospital A,tuned,0,0,0.14957201,0.16201556
HA-00914,Hospital A,tuned,0,0,0.1485618,0.16082835
HA-00915,Hospital A,tuned,0,0,0.3328769,0.40478063
HA-00917,Hospital A,tuned,0,0,0.48629454,0.66610515
HA-00918,Hospital A,tuned,0,0,0.28100723,0.32990396
HA-00919,Hospital A,tuned,0,0,0.34894344,0.4291588
HA-00924,Hospital A,tuned,0,0,0.14254124,0.15378225
HA-00925,Hospital A,tuned,0,0,0.324545,0.3923688
HA-00926,Hospital A,tuned,0,0,0.6368199,1.0128565
HA-00928,Hospital A,tuned,0,0,0.46623743,0.62780416
HA-00929,Hospital A,tuned,0,0,0.34683523,0.4259259
HA-00930,Hospital A,tuned,0,0,0.14189842,0.15303278
HA-00934,Hospital A,tuned,0,0,0.51699847,0.7277355
HA-00935,Hospital A,tuned,0,0,0.13703287,0.14737868
HA-00937,Hospital A,tuned,0,0,0.15382245,0.16702604
HA-00938,Hospital A,tuned,0,0,0.2753675,0.32209063
HA-00941,Hospital A,tuned,0,0,0.8530917,1.9179472
HA-00948,Hospital A,tuned,0,0,0.15591583,0.1695031
HA-00949,Hospital A,tuned,0,0,0.13483581,0.14483607
HA-00951,Hospital A,tuned,0,0,0.17736897,0.19524753
HA-00955,Hospital A,tuned,0,0,0.1524051,0.16535246
HA-00956,Hospital A,tuned,0,0,0.33861724,0.41342258
HA-00958,Hospital A,tuned,0,1,0.6979944,0.35954413
HA-00959,Hospital A,tuned,0,1,0.14626849,1.9223114
HA-00960,Hospital A,tuned,0,0,0.33147222,0.40267736
HA-00961,Hospital A,tuned,0,1,0.84324485,0.17049797
HA-00963,Hospital A,tuned,0,0,0.29141262,0.34448183
HA-00970,Hospital A,tuned,0,1,0.31339443,1.1602926
HA-00971,Hospital A,tuned,0,0,0.12647986,0.13522422
HA-00972,Hospital A,tuned,0,0,0.19444309,0.21622145
HA-00973,Hospital A,tuned,0,1,0.21889418,1.519167
HA-00974,Hospital A,tuned,0,0,0.19628604,0.21851182
HA-00976,Hospital A,tuned,0,0,0.12787622,0.13682401
HA-00977,Hospital A,tuned,0,0,0.46531805,0.62608325
HA-00978,Hospital A,tuned,0,1,0.5959146,0.5176579
HA-00980,Hospital A,tuned,0,1,0.65851307,0.41777098
HA-00982,Hospital A,tuned,0,0,0.09877252,0.10399747
HA-00984,Hospital A,tuned,0,0,0.46224526,0.62035275
HA-00986,Hospital A,tuned,0,0,0.32358497,0.3909484
HA-00988,Hospital A,tuned,0,0,0.17166846,0.18834174
HA-00989,Hospital A,tuned,0,0,0.32262552,0.38953102
HA-00991,Hospital A,tuned,0,0,0.5061036,0.70542955
HA-00993,Hospital A,tuned,0,1,0.528024,0.6386135
HA-00994,Hospital A,tuned,0,0,0.6539132,1.0610658
HA-00995,Hospital A,tuned,0,1,0.5920063,0.524238
HA-00997,Hospital A,tuned,0,0,0.39531025,0.5030398
HA-00999,Hospital A,tuned,0,0,0.31833643,0.383219
HA-01000,Hospital A,tuned,0,0,0.19045706,0.21128547
HA-01001,Hospital A,tuned,0,0,0.45897585,0.61429137
HA-01003,Hospital A,tuned,0,1,0.26831695,1.3155863
HA-01004,Hospital A,tuned,0,1,0.38420898,0.9565687
HA-01010,Hospital A,tuned,0,0,0.12917188,0.13831055
HA-01011,Hospital A,tuned,0,0,0.26342326,0.3057419
HA-01016,Hospital A,tuned,0,0,0.10836736,0.11470103
HA-01017,Hospital A,tuned,0,0,0.3115383,0.37329566
HA-01018,Hospital A,tuned,0,0,0.2395647,0.27386415
HA-01020,Hospital A,tuned,0,0,0.46667686,0.62862784
HA-01021,Hospital A,tuned,0,0,0.24524416,0.28136098
HA-01023,Hospital A,tuned,0,0,0.4605328,0.6171733
HA-01026,Hospital A,tuned,0,0,0.10754029,0.11377382
HA-01030,Hospital A,tuned,0,1,0.4152938,0.8787689
HA-01035,Hospital A,tuned,0,0,0.13188162,0.14142716
HA-01037,Hospital A,tuned,0,1,0.5583168,0.5828287
HA-01038,Hospital A,tuned,0,0,0.18893652,0.209409
HA-01039,Hospital A,tuned,0,1,0.4148443,0.87985206
HA-01040,Hospital A,tuned,0,1,0.4299539,0.8440773
HA-01041,Hospital A,tuned,0,0,0.14794594,0.16010535
HA-01043,Hospital A,tuned,0,0,0.33909845,0.41415036
HA-01046,Hospital A,tuned,0,0,0.12723187,0.13608539
HA-01049,Hospital A,tuned,0,0,0.14118215,0.15219843
HA-01051,Hospital A,tuned,0,0,0.34309042,0.42020893
HA-01052,Hospital A,tuned,0,0,0.120371096,0.12825525
HA-01057,Hospital A,tuned,0,0,0.1577027,0.17162228
HA-01058,Hospital A,tuned,0,0,0.7625445,1.4377751
HA-01060,Hospital A,tuned,0,0,0.16930053,0.18548715
HA-01061,Hospital A,tuned,0,0,0.2008684,0.22422957
HA-01063,Hospital A,tuned,0,0,0.34557113,0.42399228
HA-01067,Hospital A,tuned,0,0,0.1343801,0.1443094
HA-01070,Hospital A,tuned,0,0,0.3136961,0.37643468
HA-01071,Hospital A,tuned,0,0,0.19261777,0.21395814
HA-01073,Hospital A,tuned,0,1,0.42578396,0.8538232
HA-01074,Hospital A,tuned,0,0,0.15987465,0.17420411
HA-01075,Hospital A,tuned,0,0,0.12025171,0.12811935
HA-01079,Hospital A,tuned,0,0,0.17733005,0.1952002
HA-01080,Hospital A,tuned,0,0,0.38249123,0.48206204
HA-01081,Hospital A,tuned,0,0,0.61293954,0.9491743
HA-01082,Hospital A,tuned,0,0,0.5580854,0.8166386
HA-01083,Hospital A,tuned,0,0,0.33095416,0.40190268
HA-01084,Hospital A,tuned,0,0,0.10898035,0.11538887
HA-01089,Hospital A,tuned,0,0,0.49203995,0.6773525
HA-01090,Hospital A,tuned,0,0,0.56488526,0.83214545
HA-01092,Hospital A,tuned,0,0,0.2913076,0.34433377
HA-01094,Hospital A,tuned,0,0,0.25646245,0.29633605
HA-01096,Hospital A,tuned,0,0,0.3655163,0.45494372
HA-01097,Hospital A,tuned,0,0,0.2795519,0.32788193
HA-01098,Hospital A,tuned,0,0,0.16386981,0.17897093
HA-01099,Hospital A,tuned,0,1,0.43872696,0.823878
HA-01100,Hospital A,tuned,0,0,0.4465329,0.59155303
HA-01102,Hospital A,tuned,0,0,0.4883693,0.6701522
HA-01103,Hospital A,tuned,0,0,0.2870837,0.33839118
HA-01104,Hospital A,tuned,0,0,0.14350842,0.1549108
HA-01106,Hospital A,tuned,0,0,0.22724718,0.25779605
HA-01107,Hospital A,tuned,0,0,0.3157151,0.37938094
HA-01108,Hospital A,tuned,0,0,0.430754,0.56344265
HA-01109,Hospital A,tuned,0,1,0.5503764,0.59715295
HA-01112,Hospital A,tuned,0,1,0.3075237,1.1792032
HA-01116,Hospital A,tuned,0,0,0.20946188,0.23504138
HA-01117,Hospital A,tuned,0,0,0.41842797,0.5420205
HA-01119,Hospital A,tuned,0,0,0.38004574,0.4781096
HA-01122,Hospital A,tuned,0,0,0.34286872,0.41987145
HA-01123,Hospital A,tuned,0,1,0.13651852,1.991295
HA-01125,Hospital A,tuned,0,0,0.15325114,0.1663512
HA-01126,Hospital A,tuned,0,0,0.27880242,0.3268422
HA-01127,Hospital A,tuned,0,1,0.8932666,0.112870105
HA-01128,Hospital A,tuned,0,0,0.37490606,0.46985334
HA-01131,Hospital A,tuned,0,0,0.1296141,0.13881862
HA-01133,Hospital A,tuned,0,0,0.19484217,0.216717
HA-01134,Hospital A,tuned,0,0,0.54884654,0.7959478
HA-01139,Hospital A,tuned,0,1,0.19608688,1.6291975
HA-01140,Hospital A,tuned,0,0,0.4473051,0.59294915
HA-01141,Hospital A,tuned,0,0,0.35242128,0.434515
HA-01143,Hospital A,tuned,0,0,0.13525108,0.145316
HA-01147,Hospital A,tuned,0,0,0.5297866,0.75456864
HA-01151,Hospital A,tuned,0,1,0.53424,0.62691015
HA-01152,Hospital A,tuned,0,0,0.47313833,0.64081717
HA-01155,Hospital A,tuned,0,1,0.4762071,0.7419025
HA-01156,Hospital A,tuned,0,0,0.33368778,0.40599692
HA-01159,Hospital A,tuned,0,0,0.07737558,0.08053303
HA-01160,Hospital A,tuned,0,0,0.2619941,0.30380344
HA-01161,Hospital A,tuned,0,0,0.13545544,0.1455524
HA-01163,Hospital A,tuned,0,0,0.11816861,0.12575436
HA-01164,Hospital A,tuned,0,1,0.26625654,1.323295
HA-01168,Hospital A,tuned,0,0,0.43159685,0.5649244
HA-01169,Hospital A,tuned,0,0,0.18697703,0.20699596
HA-01170,Hospital A,tuned,0,0,0.4227638,0.5495037
HA-01171,Hospital A,tuned,0,0,0.11948239,0.1272453
HA-01172,Hospital A,tuned,0,0,0.15648386,0.17017627
HA-01174,Hospital A,tuned,0,0,0.12551698,0.13412249
HA-01175,Hospital A,tuned,0,0,0.18194701,0.2008282
HA-01176,Hospital A,tuned,0,1,0.11045084,2.2031846
HA-01177,Hospital A,tuned,0,0,0.15079871,0.16345906
HA-01178,Hospital A,tuned,0,0,0.2439351,0.27962804
HA-01179,Hospital A,tuned,0,1,0.4426039,0.8150801
HA-01180,Hospital A,tuned,0,0,0.32442036,0.3921842
HA-01181,Hospital A,tuned,0,0,0.25665793,0.29659903
HA-01182,Hospital A,tuned,0,0,0.4270551,0.5569657
HA-01189,Hospital A,tuned,0,1,0.3766887,0.9763361
HA-01194,Hospital A,tuned,0,0,0.3996533,0.51024795
HA-01195,Hospital A,tuned,0,0,0.5468218,0.79146975
HA-01196,Hospital A,tuned,0,0,0.56332153,0.8285582
HA-01198,Hospital A,tuned,0,0,0.33784914,0.41226184
HA-01201,Hospital A,tuned,0,0,0.13580315,0.14595473
HA-01203,Hospital A,tuned,0,0,0.5147441,0.7230789
HA-01205,Hospital A,tuned,0,0,0.2403192,0.27485693
HA-01206,Hospital A,tuned,0,1,0.2892041,1.2406228
HA-01207,Hospital A,tuned,0,0,0.18455444,0.20402062
HA-01208,Hospital A,tuned,0,0,0.121167205,0.12916052
HA-01209,Hospital A,tuned,0,0,0.37497127,0.46995765
HA-01210,Hospital A,tuned,0,0,0.42360827,0.55096775
HA-01211,Hospital A,tuned,0,0,0.15262963,0.16561735
HA-01213,Hospital A,tuned,0,1,0.122447304,2.1000745
HA-01214,Hospital A,tuned,0,0,0.18489759,0.20444155
HA-01215,Hospital A,tuned,0,0,0.19879317,0.22163618
HA-01220,Hospital A,tuned,0,0,0.34126863,0.41743946
HA-01221,Hospital A,tuned,0,0,0.34359622,0.42097908
HA-01222,Hospital A,tuned,0,0,0.46098942,0.6180201
HA-01223,Hospital A,tuned,0,0,0.2701575,0.3149265
HA-01224,Hospital A,tuned,0,0,0.36556128,0.45501465
HA-01225,Hospital A,tuned,0,0,0.1605854,0.1750505
HA-01226,Hospital A,tuned,0,0,0.3711973,0.46393776
HA-01230,Hospital A,tuned,0,0,0.31234163,0.37446308
HA-01231,Hospital A,tuned,0,0,0.12623957,0.13494909
HA-01234,Hospital A,tuned,0,1,0.32613987,1.120429
HA-01235,Hospital A,tuned,0,0,0.14901459,0.16136026
HA-01236,Hospital A,tuned,0,1,0.13517937,2.0011528
HA-01238,Hospital A,tuned,0,0,0.45786327,0.612237
HA-01239,Hospital A,tuned,0,0,0.3255906,0.39391792
HA-01240,Hospital A,tuned,0,0,0.45001474,0.59786385
HA-01244,Hospital A,tuned,0,0,0.17512886,0.19252813
HA-01245,Hospital A,tuned,0,0,0.33955958,0.41484845
HA-01247,Hospital A,tuned,0,0,0.14715344,0.15917563
HA-01250,Hospital A,tuned,0,0,0.13985981,0.15065992
HA-01254,Hospital A,tuned,0,0,0.39528698,0.50300133
HA-01255,Hospital A,tuned,0,0,0.15541215,0.16890657
HA-01256,Hospital A,tuned,0,0,0.21959794,0.24794602
HA-01257,Hospital A,tuned,0,1,0.24371359,1.4117615
HA-01258,Hospital A,tuned,0,0,0.12718342,0.13602984
HA-01259,Hospital A,tuned,0,0,0.6566036,1.0688698
HA-01264,Hospital A,tuned,0,1,0.47497863,0.74448544
HA-01266,Hospital A,tuned,0,0,0.24624895,0.28269315
HA-01267,Hospital A,tuned,0,0,0.10459635,0.11048055
HA-01269,Hospital A,tuned,0,0,0.3700717,0.46214932
HA-01270,Hospital A,tuned,0,0,0.15332592,0.16643941
HA-01271,Hospital A,tuned,0,0,0.54749805,0.79296315
HA-01273,Hospital A,tuned,0,0,0.3757549,0.4712122
HA-01275,Hospital A,tuned,0,0,0.109818086,0.11632943
HA-01276,Hospital A,tuned,0,0,0.41784644,0.54102105
HA-01277,Hospital A,tuned,0,0,0.13316894,0.14291108
HA-01279,Hospital A,tuned,0,0,0.3752268,0.4703666
HA-01280,Hospital A,tuned,0,0,0.38947415,0.49343467
HA-01281,Hospital A,tuned,0,1,0.38852862,0.9453884
HA-01282,Hospital A,tuned,0,0,0.09279296,0.09738469
HA-01283,Hospital A,tuned,0,1,0.13575184,1.9969268
HA-01286,Hospital A,tuned,0,0,0.20925334,0.23477769
HA-01288,Hospital A,tuned,0,0,0.124096945,0.13249981
HA-01289,Hospital A,tuned,0,0,0.2672094,0.31089532
HA-01291,Hospital A,tuned,0,1,0.36930338,0.9961368
HA-01292,Hospital A,tuned,0,0,0.14191636,0.15305376
HA-01293,Hospital A,tuned,0,0,0.20615968,0.23087299
HA-01294,Hospital A,tuned,0,0,0.086938985,0.090952635
HA-01295,Hospital A,tuned,0,0,0.38442582,0.4851998
HA-01296,Hospital A,tuned,0,0,0.4808418,0.65554655
HA-01303,Hospital A,tuned,0,1,0.43238562,0.8384375
HA-01304,Hospital A,tuned,0,0,0.28872833,0.34070075
HA-01309,Hospital A,tuned,0,0,0.0808911,0.084350586
HA-01310,Hospital A,tuned,0,0,0.15308939,0.1661601
HA-01312,Hospital A,tuned,0,0,0.22395746,0.2535479
HA-01314,Hospital A,tuned,0,1,0.48681325,0.7198747
HA-01315,Hospital A,tuned,0,0,0.24085778,0.27556622
HA-01316,Hospital A,tuned,0,0,0.32112905,0.38732433
HA-01317,Hospital A,tuned,0,0,0.2809952,0.32988727
HA-01319,Hospital A,tuned,0,0,0.28414756,0.3342812
HA-01320,Hospital A,tuned,0,1,0.61797345,0.48130974
HA-01323,Hospital A,tuned,0,0,0.16420475,0.1793716
HA-01325,Hospital A,tuned,0,0,0.5294078,0.75376326
HA-01330,Hospital A,tuned,0,1,0.47027245,0.7544431
HA-01332,Hospital A,tuned,0,0,0.44586673,0.59035015
HA-01333,Hospital A,tuned,0,1,0.4220849,0.8625489
HA-01334,Hospital A,tuned,0,0,0.50688684,0.7070165
HA-01337,Hospital A,tuned,0,0,0.41342345,0.5334521
HA-01338,Hospital A,tuned,0,0,0.69445777,1.1856672
HA-01339,Hospital A,tuned,0,0,0.6403341,1.0225799
HA-01343,Hospital A,tuned,0,0,0.22777304,0.25847685
HA-01346,Hospital A,tuned,0,0,0.60730696,0.9347271
HA-01350,Hospital A,tuned,0,0,0.18245922,0.20145452
HA-01355,Hospital A,tuned,0,0,0.36945894,0.461177
HA-01359,Hospital A,tuned,0,0,0.25071552,0.28863657
HA-01360,Hospital A,tuned,0,0,0.22645675,0.2567737
HA-01362,Hospital A,tuned,0,0,0.29622445,0.35129583
HA-01364,Hospital A,tuned,0,0,0.35692477,0.44149363
HA-01368,Hospital A,tuned,0,0,0.4663526,0.62802
HA-01370,Hospital A,tuned,0,0,0.25083768,0.28879964
HA-01371,Hospital A,tuned,0,0,0.1632554,0.17823637
HA-01373,Hospital A,tuned,0,0,0.21821441,0.24617481
HA-01376,Hospital A,tuned,0,0,0.32315722,0.39031625
HA-01377,Hospital A,tuned,0,0,0.45121288,0.60004467
HA-01379,Hospital A,tuned,0,0,0.4627109,0.62121904
HA-01381,Hospital A,tuned,0,0,0.5459105,0.789461
HA-01382,Hospital A,tuned,0,0,0.104646236,0.11053634
HA-01383,Hospital A,tuned,0,0,0.20808282,0.23329854
HA-01384,Hospital A,tuned,0,0,0.26931304,0.31377017
HA-01388,Hospital A,tuned,0,0,0.34211573,0.4187262
HA-01392,Hospital A,tuned,0,0,0.8928242,2.2332847
HA-01395,Hospital A,tuned,0,0,0.17191002,0.18863344
HA-01398,Hospital A,tuned,0,0,0.36364588,0.45200008
HA-01400,Hospital A,tuned,0,0,0.22817707,0.25900006
HA-01402,Hospital A,tuned,0,0,0.31857163,0.3835641
HA-01405,Hospital A,tuned,0,1,0.4740625,0.7464161
HA-01406,Hospital A,tuned,0,0,0.46159822,0.61915016
HA-01407,Hospital A,tuned,0,0,0.5603662,0.8218132
HA-01409,Hospital A,tuned,0,0,0.36983308,0.46177053
HA-01410,Hospital A,tuned,0,1,0.38177598,0.96292126
HA-01412,Hospital A,tuned,0,0,0.6978865,1.1969527
HA-01416,Hospital A,tuned,0,0,0.08160007,0.08512235
HA-01417,Hospital A,tuned,0,1,0.7412354,0.29943705
HA-01418,Hospital A,tuned,0,0,0.48666582,0.6668283
HA-01419,Hospital A,tuned,0,0,0.2541168,0.2931863
HA-01421,Hospital A,tuned,0,0,0.16934203,0.18553722
HA-01422,Hospital A,tuned,0,0,0.11373602,0.12074041
HA-01427,Hospital A,tuned,0,0,0.50795084,0.70917666
HA-01429,Hospital A,tuned,0,1,0.55641276,0.58624494
HA-01430,Hospital A,tuned,0,1,0.4619542,0.7722894
HA-01432,Hospital A,tuned,0,0,0.12532748,0.13390577
HA-01435,Hospital A,tuned,0,1,0.5061597,0.68090296
HA-01436,Hospital A,tuned,0,0,0.23658133,0.2699486
HA-01437,Hospital A,tuned,0,0,0.098749675,0.1039722
HA-01438,Hospital A,tuned,0,0,0.11310594,0.12002969
HA-01439,Hospital A,tuned,0,0,0.12263259,0.13082945
HA-01448,Hospital A,tuned,0,0,0.2693984,0.313887
HA-01449,Hospital A,tuned,0,0,0.27859962,0.32656097
HA-01450,Hospital A,tuned,0,0,0.13949856,0.15023994
HA-01453,Hospital A,tuned,0,0,0.22506508,0.25497627
HA-01458,Hospital A,tuned,0,0,0.1946552,0.21648479
HA-01460,Hospital A,tuned,0,0,0.2730287,0.31886828
HA-01466,Hospital A,tuned,0,0,0.3137019,0.37644315
HA-01467,Hospital A,tuned,0,0,0.16798691,0.18390715
HA-01468,Hospital A,tuned,0,1,0.47277123,0.74914366
HA-01471,Hospital A,tuned,0,1,0.24556217,1.4042052
HA-01474,Hospital A,tuned,0,0,0.1536659,0.16684103
HA-01477,Hospital A,tuned,0,0,0.3997307,0.51037693
HA-01481,Hospital A,tuned,0,0,0.35052657,0.43159342
HA-01482,Hospital A,tuned,0,0,0.54168,0.78018767
HA-01484,Hospital A,tuned,0,0,0.5953441,0.9047183
HA-01485,Hospital A,tuned,0,0,0.5348603,0.7654175
HA-01486,Hospital A,tuned,0,0,0.26332742,0.30561173
HA-01489,Hospital A,tuned,0,0,0.47341052,0.641334
HA-01491,Hospital A,tuned,0,0,0.17857546,0.19671524
HA-01492,Hospital A,tuned,0,0,0.3114437,0.37315822
HA-01496,Hospital A,tuned,0,1,0.1786546,1.722301
HA-01497,Hospital A,tuned,0,0,0.34245637,0.41924423
HA-01499,Hospital A,tuned,0,0,0.36863273,0.4598676
HA-01502,Hospital A,tuned,0,0,0.13361432,0.1434251
HA-01503,Hospital A,tuned,0,1,0.60841084,0.49690494
HA-01505,Hospital A,tuned,0,0,0.2909664,0.3438524
HA-01506,Hospital A,tuned,0,0,0.19668286,0.2190057
HA-01508,Hospital A,tuned,0,0,0.14116123,0.15217412
HA-01511,Hospital A,tuned,0,0,0.1666337,0.18228197
HA-01513,Hospital A,tuned,0,0,0.2478164,0.2847749
HA-01514,Hospital A,tuned,0,0,0.19091369,0.21184969
HA-01516,Hospital A,tuned,0,0,0.2284233,0.2593192
HA-01517,Hospital A,tuned,0,0,0.1513065,0.16405714
HA-01518,Hospital A,tuned,0,1,0.68440163,0.3792104
HA-01519,Hospital A,tuned,0,0,0.12570612,0.13433874
HA-01522,Hospital A,tuned,0,0,0.11354578,0.12052584
HA-01524,Hospital A,tuned,0,0,0.12232634,0.13048041
HA-01525,Hospital A,tuned,0,0,0.14344855,0.15484083
HA-01526,Hospital A,tuned,0,1,0.29423052,1.2233918
HA-01527,Hospital A,tuned,0,0,0.38168135,0.48075134
HA-01528,Hospital A,tuned,0,0,0.41113776,0.529563
HA-01529,Hospital A,tuned,0,0,0.121199064,0.12919676
HA-01530,Hospital A,tuned,0,1,0.4177922,0.87277114
HA-01533,Hospital A,tuned,0,0,0.16335388,0.17835414
HA-01537,Hospital A,tuned,0,0,0.23813245,0.27198255
HA-01541,Hospital A,tuned,0,0,0.6505333,1.051347
HA-01542,Hospital A,tuned,0,1,0.5204946,0.6529758
HA-01544,Hospital A,tuned,0,1,0.5453501,0.60632735
HA-01546,Hospital A,tuned,0,0,0.2854867,0.33615363
HA-01547,Hospital A,tuned,0,0,0.15883766,0.17297065
HA-01548,Hospital A,tuned,0,0,0.12731062,0.13617551
HA-01552,Hospital A,tuned,0,0,0.14795367,0.16011441
HA-01555,Hospital A,tuned,0,0,0.093836725,0.098535776
HA-01558,Hospital A,tuned,0,1,0.4036763,0.907142
HA-01559,Hospital A,tuned,0,0,0.3803771,0.47864425
HA-01561,Hospital A,tuned,0,1,0.32535967,1.122824
HA-01563,Hospital A,tuned,0,0,0.19941293,0.22240996
HA-01565,Hospital A,tuned,0,0,0.09091831,0.095320225
HA-01566,Hospital A,tuned,0,0,0.15847842,0.17254364
HA-01567,Hospital A,tuned,0,0,0.16768013,0.18353844
HA-01570,Hospital A,tuned,0,0,0.14020726,0.15106392
HA-01572,Hospital A,tuned,0,0,0.20937419,0.23493052
HA-01577,Hospital A,tuned,0,0,0.23789258,0.27166772
HA-01580,Hospital A,tuned,0,0,0.28678903,0.337978
HA-01581,Hospital A,tuned,0,1,0.7015549,0.35445616
HA-01585,Hospital A,tuned,0,0,0.18612978,0.20595443
HA-01586,Hospital A,tuned,0,0,0.13711105,0.14746928
HA-01587,Hospital A,tuned,0,0,0.12405243,0.13244903
HA-01588,Hospital A,tuned,0,0,0.7375476,1.3376855
HA-01590,Hospital A,tuned,0,0,0.13558851,0.14570642
HA-01591,Hospital A,tuned,0,0,0.2920084,0.3453231
HA-01593,Hospital A,tuned,0,0,0.3962545,0.50460255
HA-01594,Hospital A,tuned,0,0,0.1416246,0.15271378
HA-01595,Hospital A,tuned,0,0,0.45973635,0.61569804
HA-01597,Hospital A,tuned,0,0,0.16889477,0.18499887
HA-01598,Hospital A,tuned,0,0,0.20983699,0.23551595
HA-01602,Hospital A,tuned,0,0,0.5268424,0.74832684
HA-01605,Hospital A,tuned,0,0,0.27786297,0.32554042
HA-01606,Hospital A,tuned,0,1,0.6721239,0.3973125
HA-01607,Hospital A,tuned,0,0,0.20387556,0.22799969
HA-01608,Hospital A,tuned,0,0,0.2665615,0.3100115
HA-01611,Hospital A,tuned,0,0,0.32772437,0.39708686
HA-01614,Hospital A,tuned,0,0,0.37089154,0.46345162
HA-01616,Hospital A,tuned,0,0,0.32603765,0.39458102
HA-01617,Hospital A,tuned,0,1,0.7291331,0.31589895
HA-01618,Hospital A,tuned,0,0,0.1486978,0.16098809
HA-01619,Hospital A,tuned,0,0,0.24283318,0.27817166
HA-01623,Hospital A,tuned,0,0,0.44335303,0.5858241
HA-01625,Hospital A,tuned,0,0,0.11195146,0.118728876
HA-01627,Hospital A,tuned,0,0,0.11418705,0.12124944
HA-01628,Hospital A,tuned,0,0,0.8268181,1.7534128
HA-01632,Hospital A,tuned,0,0,0.18753505,0.20768249
HA-01633,Hospital A,tuned,0,0,0.29136977,0.3444215
HA-01635,Hospital A,tuned,0,0,0.39991808,0.510689
HA-01641,Hospital A,tuned,0,0,0.14026491,0.15113103
HA-01646,Hospital A,tuned,0,0,0.22478846,0.25461936
HA-01654,Hospital A,tuned,0,0,0.163509,0.17853951
HA-01657,Hospital A,tuned,0,0,0.3140768,0.3769896
HA-01662,Hospital A,tuned,0,0,0.16236599,0.17717397
HA-01665,Hospital A,tuned,0,1,0.7886554,0.23742585
HA-01666,Hospital A,tuned,0,0,0.13962199,0.15038347
HA-01667,Hospital A,tuned,0,0,0.42569038,0.55458665
HA-01669,Hospital A,tuned,0,1,0.2563224,1.3613193
HA-01670,Hospital A,tuned,0,0,0.25199032,0.29033935
HA-01673,Hospital A,tuned,0,0,0.51383966,0.72121674
HA-01677,Hospital A,tuned,0,0,0.65035856,1.0508472
HA-01678,Hospital A,tuned,0,0,0.33289972,0.40481496
HA-01680,Hospital A,tuned,0,0,0.14688143,0.15885675
HA-01687,Hospital A,tuned,0,0,0.56624126,0.8352668
HA-01688,Hospital A,tuned,0,0,0.22190756,0.25090992
HA-01691,Hospital A,tuned,0,0,0.23036419,0.26183784
HA-01694,Hospital A,tuned,0,0,0.37993795,0.47793567
HA-01698,Hospital A,tuned,0,1,0.69839233,0.35897428
HA-01699,Hospital A,tuned,0,1,0.16085893,1.8272275
HA-01704,Hospital A,tuned,0,0,0.14040707,0.15129638
HA-01705,Hospital A,tuned,0,0,0.44842628,0.5949798
HA-01706,Hospital A,tuned,0,1,0.66172296,0.41290835
HA-01707,Hospital A,tuned,0,0,0.20016539,0.22335029
HA-01708,Hospital A,tuned,0,0,0.68178517,1.1450284
HA-01709,Hospital A,tuned,0,0,0.47981954,0.6535795
HA-01713,Hospital A,tuned,0,0,0.1850421,0.20461881
HA-01715,Hospital A,tuned,0,1,0.33415145,1.096161
HA-01718,Hospital A,tuned,0,0,0.12614828,0.13484466
HA-01720,Hospital A,tuned,0,0,0.1492253,0.16160798
HA-01721,Hospital A,tuned,0,0,0.29232457,0.34576976
HA-01723,Hospital A,tuned,0,1,0.53355855,0.62818646
HA-01725,Hospital A,tuned,0,0,0.36824623,0.45925558
HA-01731,Hospital A,tuned,0,1,0.4804777,0.73297447
HA-01735,Hospital A,tuned,0,0,0.3092413,0.36996472
HA-01737,Hospital A,tuned,0,0,0.12780651,0.1367439
HA-01738,Hospital A,tuned,0,0,0.31809497,0.38286483
HA-01740,Hospital A,tuned,0,0,0.29405737,0.3482213
HA-01742,Hospital A,tuned,0,0,0.43855545,0.57724226
HA-01743,Hospital A,tuned,0,1,0.59616876,0.51723146
HA-01744,Hospital A,tuned,0,0,0.24923275,0.2866596
HA-01745,Hospital A,tuned,0,0,0.25586838,0.29553735
HA-01747,Hospital A,tuned,0,0,0.2893211,0.3415345
HA-01748,Hospital A,tuned,0,0,0.23064138,0.2621981
HA-01750,Hospital A,tuned,0,0,0.4785385,0.6511198
HA-01752,Hospital A,tuned,0,0,0.22748491,0.25810373
HA-01753,Hospital A,tuned,0,0,0.2144167,0.24132884
HA-01755,Hospital A,tuned,0,0,0.27335283,0.31931424
HA-01756,Hospital A,tuned,0,1,0.43691522,0.82801604
HA-01759,Hospital A,tuned,0,0,0.2719024,0.31732023
HA-01760,Hospital A,tuned,0,1,0.55316335,0.592102
HA-01761,Hospital A,tuned,0,0,0.13062523,0.13998091
HA-01762,Hospital A,tuned,0,0,0.36525288,0.45452863
HA-01764,Hospital A,tuned,0,0,0.12361566,0.1319505
HA-01768,Hospital A,tuned,0,0,0.37465414,0.4694504
HA-01770,Hospital A,tuned,0,0,0.66720325,1.1002235
HA-01771,Hospital A,tuned,0,0,0.2169396,0.24454546
HA-01772,Hospital A,tuned,0,0,0.15258098,0.16556
HA-01776,Hospital A,tuned,0,0,0.28113037,0.33007526
HA-01777,Hospital A,tuned,0,0,0.14215204,0.15332842
HA-01778,Hospital A,tuned,0,0,0.45307046,0.60343534
HA-01780,Hospital A,tuned,0,0,0.7843094,1.5339103
HA-01782,Hospital A,tuned,0,0,0.19609508,0.21827424
HA-01786,Hospital A,tuned,0,1,0.51855844,0.6567025
HA-01787,Hospital A,tuned,0,0,0.20789021,0.23305523
HA-01790,Hospital A,tuned,0,0,0.3619121,0.4492792
HA-01791,Hospital A,tuned,0,0,0.39110768,0.49611378
HA-01793,Hospital A,tuned,0,0,0.25476322,0.2940532
HA-01796,Hospital A,tuned,0,0,0.36454406,0.45341247
HA-01797,Hospital A,tuned,0,0,0.2170535,0.2446909
HA-01799,Hospital A,tuned,0,0,0.17163175,0.18829751
HA-01800,Hospital A,tuned,0,0,0.25010794,0.28782606
HA-01801,Hospital A,tuned,0,0,0.40333694,0.5164027
HA-01805,Hospital A,tuned,0,1,0.19072334,1.6569314
HA-01806,Hospital A,tuned,0,0,0.1114494,0.118163586
HA-01807,Hospital A,tuned,0,1,0.45052922,0.79733235
HA-01809,Hospital A,tuned,0,0,0.35454923,0.43780637
HA-01812,Hospital A,tuned,0,0,0.10413133,0.10996151
HA-01813,Hospital A,tuned,0,0,0.19807176,0.22073615
HA-01814,Hospital A,tuned,0,0,0.32619083,0.3948083
HA-01816,Hospital A,tuned,0,0,0.42492107,0.553248
HA-01817,Hospital A,tuned,0,0,0.40320185,0.51617634
HA-01818,Hospital A,tuned,0,0,0.35312802,0.43560684
HA-01820,Hospital A,tuned,0,1,0.516976,0.6597588
HA-01823,Hospital A,tuned,0,0,0.4777376,0.6495851
HA-01825,Hospital A,tuned,0,0,0.13844936,0.14902139
HA-01826,Hospital A,tuned,0,0,0.47576562,0.64581645
HA-01827,Hospital A,tuned,0,1,0.43566248,0.83088744
HA-01832,Hospital A,tuned,0,0,0.1573882,0.17124891
HA-01834,Hospital A,tuned,0,1,0.5543919,0.5898834
HA-01837,Hospital A,tuned,0,0,0.4451243,0.58901113
HA-01840,Hospital A,tuned,0,0,0.10491203,0.11083317
HA-01841,Hospital A,tuned,0,0,0.13305154,0.14277565
HA-01844,Hospital A,tuned,0,0,0.16116057,0.17573595
HA-01846,Hospital A,tuned,0,0,0.11165828,0.118398905
HA-01847,Hospital A,tuned,0,0,0.19716309,0.21960366
HA-01848,Hospital A,tuned,0,1,0.2255477,1.4892237
HA-01851,Hospital A,tuned,0,1,0.44505578,0.80955565
HA-01852,Hospital A,tuned,0,1,0.41168335,0.88750076
HA-01853,Hospital A,tuned,0,0,0.21664625,0.2441709
HA-01855,Hospital A,tuned,0,1,0.5245259,0.6452606
HA-01857,Hospital A,tuned,0,0,0.3614442,0.44854617
HA-01858,Hospital A,tuned,0,1,0.31025544,1.1703594
HA-01859,Hospital A,tuned,0,0,0.34598202,0.42462033
HA-01860,Hospital A,tuned,0,0,0.12765826,0.13657391
HA-01861,Hospital A,tuned,0,0,0.23809612,0.27193487
HA-01862,Hospital A,tuned,0,0,0.12092199,0.12888157
HA-01865,Hospital A,tuned,0,1,0.26825297,1.3158249
HA-01866,Hospital A,tuned,0,0,0.29232436,0.3457694
HA-01867,Hospital A,tuned,0,0,0.36097518,0.44781196
HA-01869,Hospital A,tuned,0,0,0.12049372,0.12839448
HA-01870,Hospital A,tuned,0,0,0.29113784,0.34409416
HA-01871,Hospital A,tuned,0,0,0.38240528,0.4819228
HA-01876,Hospital A,tuned,0,0,0.15252137,0.16548967
HA-01878,Hospital A,tuned,0,0,0.3588605,0.4445082
HA-01879,Hospital A,tuned,0,1,0.77009857,0.26123682
HA-01881,Hospital A,tuned,0,1,0.65929705,0.41658115
HA-01883,Hospital A,tuned,0,0,0.19701135,0.21941471
HA-01887,Hospital A,tuned,0,0,0.14158021,0.15266204
HA-01888,Hospital A,tuned,0,0,0.35405686,0.4370438
HA-01894,Hospital A,tuned,0,0,0.12905073,0.13817155
HA-01899,Hospital A,tuned,0,0,0.21844095,0.24646461
HA-01902,Hospital A,tuned,0,1,0.35115528,1.0465268
HA-01903,Hospital A,tuned,0,0,0.33457685,0.40733218
HA-01907,Hospital A,tuned,0,0,0.22017434,0.24868488
HA-01908,Hospital A,tuned,0,0,0.12918818,0.13832939
HA-01913,Hospital A,tuned,0,0,0.31980187,0.3853712
HA-01914,Hospital A,tuned,0,0,0.27417213,0.32044244
HA-01919,Hospital A,tuned,0,0,0.18827851,0.20859802
HA-01920,Hospital A,tuned,0,0,0.12235507,0.13051307
HA-01922,Hospital A,tuned,0,0,0.55862844,0.8178682
HA-01923,Hospital A,tuned,0,0,0.114757426,0.121893644
HA-01925,Hospital A,tuned,0,0,0.23109932,0.26279342
HA-01926,Hospital A,tuned,0,0,0.11730248,0.12477279
HA-01927,Hospital A,tuned,0,0,0.718864,1.2689167
HA-01928,Hospital A,tuned,0,1,0.38023782,0.9669584
HA-01935,Hospital A,tuned,0,0,0.094500326,0.09926844
HA-01940,Hospital A,tuned,0,0,0.12679125,0.13558066
HA-01941,Hospital A,tuned,0,0,0.12013671,0.1279887
HA-01944,Hospital A,tuned,0,1,0.39642522,0.92526793
HA-01947,Hospital A,tuned,0,1,0.1314474,2.0291486
HA-01949,Hospital A,tuned,0,0,0.18021739,0.19871604
HA-01951,Hospital A,tuned,0,0,0.28137925,0.33042157
HA-01957,Hospital A,tuned,0,0,0.17237099,0.18919027
HA-01961,Hospital A,tuned,0,0,0.27497923,0.32155502
HA-01962,Hospital A,tuned,0,0,0.13579294,0.14594293
HA-01963,Hospital A,tuned,0,0,0.29279998,0.34644175
HA-01964,Hospital A,tuned,0,1,0.12577805,2.0732365
HA-01965,Hospital A,tuned,0,0,0.23881835,0.2728833
HA-01966,Hospital A,tuned,0,0,0.4403381,0.5804224
HA-01967,Hospital A,tuned,0,1,0.5494994,0.5987477
HA-01968,Hospital A,tuned,0,0,0.19145478,0.21251869
HA-01969,Hospital A,tuned,0,0,0.16006173,0.17442691
HA-01970,Hospital A,tuned,0,0,0.1909491,0.21189344
HA-01973,Hospital A,tuned,0,0,0.24680395,0.28342974
HA-01974,Hospital A,tuned,0,0,0.4478807,0.59399116
HA-01977,Hospital A,tuned,0,0,0.10956509,0.11604524
HA-01978,Hospital A,tuned,0,0,0.3114314,0.37314034
HA-01979,Hospital A,tuned,0,0,0.4597226,0.6156725
HA-01982,Hospital A,tuned,0,0,0.25025335,0.2880199
HA-01984,Hospital A,tuned,0,0,0.42209792,0.5483509
HA-01986,Hospital A,tuned,0,1,0.16452307,1.8047045
HA-01988,Hospital A,tuned,0,0,0.28990653,0.3423587
HA-01989,Hospital A,tuned,0,0,0.15154766,0.16434133
HA-01990,Hospital A,tuned,0,0,0.15060873,0.1632353
HA-01991,Hospital A,tuned,0,0,0.22673894,0.2571386
HA-01995,Hospital A,tuned,0,0,0.4328001,0.56704354
HA-01996,Hospital A,tuned,0,0,0.19702783,0.21943521
HA-01999,Hospital A,tuned,0,0,0.18557593,0.2052741
HA-02001,Hospital A,tuned,0,0,0.17073219,0.18721211
HA-02005,Hospital A,tuned,0,0,0.12758736,0.13649285
HA-02006,Hospital A,tuned,0,0,0.5682562,0.83992285
HA-02007,Hospital A,tuned,0,0,0.4877144,0.668873
HA-02009,Hospital A,tuned,0,0,0.60069585,0.9180318
HA-02010,Hospital A,tuned,0,0,0.29760665,0.3532617
HA-02013,Hospital A,tuned,0,1,0.6197995,0.47835922
HA-02015,Hospital A,tuned,0,0,0.2755455,0.32233632
HA-02017,Hospital A,tuned,0,0,0.13301921,0.14273846
HA-02018,Hospital A,tuned,0,0,0.5435119,0.7841927
HA-02021,Hospital A,tuned,0,0,0.37389493,0.46823704
HA-02022,Hospital A,tuned,0,0,0.21309131,0.2396431
HA-02023,Hospital A,tuned,0,0,0.33993083,0.41541064
HA-02024,Hospital A,tuned,0,0,0.2200641,0.24854362
HA-02025,Hospital A,tuned,0,0,0.35700387,0.44161654
HA-02026,Hospital A,tuned,0,0,0.18033251,0.19885647
HA-02027,Hospital A,tuned,0,0,0.39368358,0.5003533
HA-02028,Hospital A,tuned,0,0,0.09325571,0.09789491
HA-02030,Hospital A,tuned,0,0,0.16474752,0.18002117
HA-02032,Hospital A,tuned,0,0,0.22560944,0.2556789
HA-02034,Hospital A,tuned,0,0,0.31183565,0.37372762
HA-02035,Hospital A,tuned,0,1,0.7103004,0.34206733
HA-02038,Hospital A,tuned,0,0,0.68173176,1.1448609
HA-02039,Hospital A,tuned,0,0,0.15513764,0.1685816
HA-02041,Hospital A,tuned,0,0,0.22454645,0.25430715
HA-02042,Hospital A,tuned,0,0,0.3976457,0.5069095
HA-02047,Hospital A,tuned,0,0,0.5127095,0.7188947
HA-02048,Hospital A,tuned,0,0,0.22113809,0.24992156
HA-02050,Hospital A,tuned,0,0,0.13345313,0.14323914
HA-02052,Hospital A,tuned,0,0,0.08243697,0.08603406
HA-02055,Hospital A,tuned,0,0,0.26426995,0.30689204
HA-02057,Hospital A,tuned,0,0,0.18487331,0.20441175
HA-02058,Hospital A,tuned,0,0,0.20092335,0.22429836
HA-02059,Hospital A,tuned,0,0,0.2348974,0.26774538
HA-02060,Hospital A,tuned,0,0,0.1737612,0.19087148
HA-02061,Hospital A,tuned,0,0,0.0815549,0.08507323
HA-02063,Hospital A,tuned,0,0,0.14346783,0.15486336
HA-02064,Hospital A,tuned,0,0,0.13368902,0.14351141
HA-02068,Hospital A,tuned,0,0,0.11428097,0.12135553
HA-02070,Hospital A,tuned,0,0,0.24809465,0.2851448
HA-02071,Hospital A,tuned,0,0,0.31722635,0.38159192
HA-02073,Hospital A,tuned,0,0,0.15874162,0.17285645
HA-02074,Hospital A,tuned,0,0,0.24140744,0.27629042
HA-02076,Hospital A,tuned,0,0,0.16174933,0.1764381
HA-02078,Hospital A,tuned,0,0,0.44727126,0.5928879
HA-02079,Hospital A,tuned,0,0,0.21520299,0.2423302
HA-02083,Hospital A,tuned,0,0,0.19019613,0.21096313
HA-02084,Hospital A,tuned,0,0,0.19197175,0.21315825
HA-02085,Hospital A,tuned,0,1,0.64964694,0.43132627
HA-02088,Hospital A,tuned,0,0,0.1274611,0.13634813
HA-02089,Hospital A,tuned,0,0,0.26041284,0.30166316
HA-02091,Hospital A,tuned,0,0,0.18524729,0.20487058
HA-02092,Hospital A,tuned,0,0,0.20601703,0.23069322
HA-02094,Hospital A,tuned,0,1,0.5079587,0.6773552
HA-02096,Hospital A,tuned,0,1,0.37616232,0.97773457
HA-02098,Hospital A,tuned,0,0,0.21407583,0.24089503
HA-02101,Hospital A,tuned,0,0,0.37635916,0.47218072
HA-02102,Hospital A,tuned,0,0,0.0955636,0.10044336
HA-02103,Hospital A,tuned,0,0,0.13367666,0.14349711
HA-02104,Hospital A,tuned,0,1,0.64265096,0.44215348
HA-02105,Hospital A,tuned,0,0,0.2563493,0.29618382
HA-02107,Hospital A,tuned,0,1,0.6683304,0.40297267
HA-02109,Hospital A,tuned,0,0,0.20157972,0.22512019
HA-02114,Hospital A,tuned,0,0,0.41726223,0.5400179
HA-02116,Hospital A,tuned,0,1,0.22624592,1.4861327
HA-02120,Hospital A,tuned,0,0,0.22490342,0.25476766
HA-02121,Hospital A,tuned,0,0,0.13387781,0.14372933
HA-02122,Hospital A,tuned,0,0,0.112085715,0.11888003
HA-02124,Hospital A,tuned,0,0,0.59577,0.9057713
HA-02125,Hospital A,tuned,0,0,0.25158226,0.28979397
HA-02127,Hospital A,tuned,0,1,0.38058093,0.9660564
HA-02129,Hospital A,tuned,0,1,0.31044638,1.169744
HA-02130,Hospital A,tuned,0,0,0.6766185,1.1289226
HA-02133,Hospital A,tuned,0,0,0.2447276,0.28067672
HA-02134,Hospital A,tuned,0,0,0.17710812,0.19493043
HA-02138,Hospital A,tuned,0,0,0.25935283,0.30023098
HA-02140,Hospital A,tuned,0,1,0.5391798,0.6177062
HA-02141,Hospital A,tuned,0,0,0.3957036,0.50369054
HA-02143,Hospital A,tuned,0,1,0.79242766,0.2326541
HA-02144,Hospital A,tuned,0,0,0.45899126,0.61431986
HA-02145,Hospital A,tuned,0,0,0.24479958,0.2807721
HA-02147,Hospital A,tuned,0,0,0.3362648,0.40987194
HA-02148,Hospital A,tuned,0,0,0.44263557,0.58453596
HA-02149,Hospital A,tuned,0,0,0.40131676,0.51302266
HA-02150,Hospital A,tuned,0,0,0.14984578,0.16233754
HA-02152,Hospital A,tuned,0,0,0.30401585,0.36242843
HA-02153,Hospital A,tuned,0,0,0.39145935,0.49669152
HA-02156,Hospital A,tuned,0,0,0.3607243,0.44741946
HA-02157,Hospital A,tuned,0,0,0.18850105,0.2088722
HA-02159,Hospital A,tuned,0,1,0.49190116,0.7094774
HA-02160,Hospital A,tuned,0,0,0.18494368,0.20449805
HA-02162,Hospital A,tuned,0,0,0.14960478,0.16205406
HA-02163,Hospital A,tuned,0,0,0.41844347,0.542047
HA-02164,Hospital A,tuned,0,0,0.40556282,0.52014023
HA-02166,Hospital A,tuned,0,0,0.23198058,0.26394022
HA-02170,Hospital A,tuned,0,0,0.303842,0.36217868
HA-02172,Hospital A,tuned,0,1,0.24054316,1.4248557
HA-02174,Hospital A,tuned,0,0,0.106506795,0.11261654
HA-02178,Hospital A,tuned,0,1,0.49040535,0.712523
HA-02179,Hospital A,tuned,0,1,0.47733387,0.7395391
HA-02180,Hospital A,tuned,0,0,0.20991752,0.235618
HA-02184,Hospital A,tuned,0,0,0.14426038,0.15578914
HA-02185,Hospital A,tuned,0,0,0.23040795,0.2618947
HA-02186,Hospital A,tuned,0,0,0.26832616,0.3124205
HA-02187,Hospital A,tuned,0,0,0.59686404,0.9084815
HA-02189,Hospital A,tuned,0,0,0.5583251,0.81718117
HA-02193,Hospital A,tuned,0,1,0.12308828,2.0948534
HA-02196,Hospital A,tuned,0,0,0.09619609,0.10114288
HA-02200,Hospital A,tuned,0,0,0.11821055,0.12580204
HA-02201,Hospital A,tuned,0,0,0.3402037,0.41582417
HA-02204,Hospital A,tuned,0,0,0.49035156,0.6740341
HA-02205,Hospital A,tuned,0,0,0.3402359,0.41587293
HA-02208,Hospital A,tuned,0,0,0.27974382,0.32814837
HA-02210,Hospital A,tuned,0,0,0.17473729,0.19205356
HA-02212,Hospital A,tuned,0,0,0.56838155,0.84021324
HA-02214,Hospital A,tuned,0,0,0.2583656,0.29889894
HA-02217,Hospital A,tuned,0,0,0.48698574,0.6674517
HA-02218,Hospital A,tuned,0,0,0.30588076,0.36511153
HA-02219,Hospital A,tuned,0,0,0.18202634,0.20092511
HA-02220,Hospital A,tuned,0,0,0.10949442,0.11596584
HA-02227,Hospital A,tuned,0,0,0.61549723,0.95580435
HA-02228,Hospital A,tuned,0,0,0.28666738,0.33780742
HA-02229,Hospital A,tuned,0,0,0.42510122,0.5535613
HA-02231,Hospital A,tuned,0,0,0.5713811,0.84718704
HA-02232,Hospital A,tuned,0,0,0.1477704,0.15989935
HA-02234,Hospital A,tuned,0,1,0.74407727,0.29561037
HA-02236,Hospital A,tuned,0,0,0.36259633,0.45035207
HA-02237,Hospital A,tuned,0,0,0.3651681,0.45439506
HA-02239,Hospital A,tuned,0,0,0.16583434,0.18132329
HA-02243,Hospital A,tuned,0,0,0.09074251,0.09512687
HA-02244,Hospital A,tuned,0,1,0.4719357,0.7509126
HA-02245,Hospital A,tuned,0,0,0.36216438,0.44967473
HA-02246,Hospital A,tuned,0,0,0.25098786,0.28900015
HA-02247,Hospital A,tuned,0,0,0.11446811,0.12156677
HA-02249,Hospital A,tuned,0,0,0.19318822,0.21466482
HA-02252,Hospital A,tuned,0,1,0.50749534,0.67826766
HA-02256,Hospital A,tuned,0,0,0.1537821,0.16697836
HA-02259,Hospital A,tuned,0,0,0.20841871,0.23372269
HA-02261,Hospital A,tuned,0,1,0.41936484,0.8690139
HA-02262,Hospital A,tuned,0,0,0.13452736,0.1444794
HA-02265,Hospital A,tuned,0,0,0.2844622,0.33472085
HA-02266,Hospital A,tuned,0,0,0.3228579,0.38987404
HA-02268,Hospital A,tuned,0,0,0.12645072,0.1351906
HA-02269,Hospital A,tuned,0,0,0.25281817,0.2914467
HA-02271,Hospital A,tuned,0,0,0.25027633,0.28805053
HA-02272,Hospital A,tuned,0,0,0.1315107,0.14099991
HA-02274,Hospital A,tuned,0,0,0.15535596,0.16884005
HA-02278,Hospital A,tuned,0,0,0.5152742,0.72417194
HA-02279,Hospital A,tuned,0,0,0.1333488,0.14311874
HA-02281,Hospital A,tuned,0,0,0.27797273,0.3256923
HA-02282,Hospital A,tuned,0,1,0.5402082,0.6158007
HA-02284,Hospital A,tuned,0,0,0.59916025,0.9141936
HA-02285,Hospital A,tuned,0,0,0.4849371,0.6634662
HA-02286,Hospital A,tuned,0,0,0.39029083,0.4947731
HA-02288,Hospital A,tuned,0,1,0.5752936,0.5528748
HA-02289,Hospital A,tuned,0,1,0.31584918,1.1524905
HA-02292,Hospital A,tuned,0,1,0.65281105,0.42646757
HA-02294,Hospital A,tuned,0,1,0.4792119,0.73561245
HA-02295,Hospital A,tuned,0,0,0.72181016,1.2794517
HA-02296,Hospital A,tuned,0,0,0.20342767,0.22743738
HA-02298,Hospital A,tuned,0,0,0.12689342,0.13569772
HA-02299,Hospital A,tuned,0,0,0.1675648,0.18339992
HA-02301,Hospital A,tuned,0,1,0.5949605,0.5192602
HA-02302,Hospital A,tuned,0,0,0.13653672,0.14680386
HA-02303,Hospital A,tuned,0,0,0.15666096,0.1703862
HA-02305,Hospital A,tuned,0,0,0.49222288,0.6777126
HA-02306,Hospital A,tuned,0,0,0.11632075,0.12366104
HA-02308,Hospital A,tuned,0,1,0.5645432,0.5717384
HA-02310,Hospital A,tuned,0,0,0.26838788,0.31250477
HA-02311,Hospital A,tuned,0,0,0.5796695,0.8667139
HA-02313,Hospital A,tuned,0,1,0.7453093,0.293956
HA-02314,Hospital A,tuned,0,0,0.31122515,0.37284082
HA-02315,Hospital A,tuned,0,0,0.13855484,0.14914382
HA-02317,Hospital A,tuned,0,0,0.28308478,0.33279765
HA-02318,Hospital A,tuned,0,1,0.2914605,1.2328508
HA-02323,Hospital A,tuned,0,1,0.49995303,0.693241
HA-02325,Hospital A,tuned,0,0,0.10375787,0.109544754
HA-02331,Hospital A,tuned,0,0,0.17564036,0.19314837
HA-02332,Hospital A,tuned,0,0,0.19107448,0.21204841
HA-02334,Hospital A,tuned,0,0,0.31919885,0.384485
HA-02335,Hospital A,tuned,0,0,0.118826725,0.12650108
HA-02337,Hospital A,tuned,0,0,0.64990336,1.049546
HA-02338,Hospital A,tuned,0,0,0.3118125,0.373694
HA-02340,Hospital A,tuned,0,0,0.71338737,1.2496238
HA-02342,Hospital A,tuned,0,0,0.23619805,0.26944673
HA-02346,Hospital A,tuned,0,0,0.5134817,0.72048074
HA-02349,Hospital A,tuned,0,0,0.49505875,0.6833132
HA-02353,Hospital A,tuned,0,0,0.3211056,0.38728964
HA-02358,Hospital A,tuned,0,1,0.32927588,1.1108593
HA-02359,Hospital A,tuned,0,0,0.34213287,0.41875225
HA-02362,Hospital A,tuned,0,0,0.13620569,0.1464206
HA-02367,Hospital A,tuned,0,1,0.76461416,0.2683839
HA-02368,Hospital A,tuned,0,0,0.11734419,0.124819994
HA-02369,Hospital A,tuned,0,0,0.21721283,0.24489439
HA-02371,Hospital A,tuned,0,0,0.4244223,0.55238104
HA-02376,Hospital A,tuned,0,0,0.09159639,0.096066475
HA-02377,Hospital A,tuned,0,0,0.17479491,0.1921233
HA-02378,Hospital A,tuned,0,0,0.29935935,0.3557601
HA-02383,Hospital A,tuned,0,0,0.14393848,0.15541303
HA-02385,Hospital A,tuned,0,0,0.53247446,0.76030135
HA-02387,Hospital A,tuned,0,0,0.13267364,0.14234006
HA-02389,Hospital A,tuned,0,0,0.48976415,0.6728822
HA-02392,Hospital A,tuned,0,0,0.549323,0.79700446
HA-02394,Hospital A,tuned,0,1,0.23996906,1.4272454
HA-02395,Hospital A,tuned,0,0,0.29386172,0.34794426
HA-02402,Hospital A,tuned,0,0,0.55590576,0.81171846
HA-02403,Hospital A,tuned,0,0,0.37786832,0.47460353
HA-02407,Hospital A,tuned,0,0,0.27078184,0.3157823
HA-02408,Hospital A,tuned,0,0,0.22591108,0.2560686
HA-02410,Hospital A,tuned,0,1,0.50103825,0.6910729
HA-02412,Hospital A,tuned,0,0,0.7096469,1.2366574
HA-02413,Hospital A,tuned,0,0,0.08605234,0.08998203
HA-02418,Hospital A,tuned,0,0,0.09223905,0.0967741
HA-02420,Hospital A,tuned,0,0,0.24744748,0.28428447
HA-02421,Hospital A,tuned,0,0,0.104074985,0.10989857
HA-02422,Hospital A,tuned,0,0,0.15533157,0.16881108
HA-02428,Hospital A,tuned,0,0,0.4116268,0.53039384
HA-02429,Hospital A,tuned,0,0,0.37333015,0.4673354
HA-02430,Hospital A,tuned,0,0,0.503919,0.70101607
HA-02431,Hospital A,tuned,0,0,0.13726752,0.1476506
HA-02432,Hospital A,tuned,0,0,0.409838,0.52735823
HA-02433,Hospital A,tuned,0,0,0.14611925,0.15796375
HA-02434,Hospital A,tuned,0,0,0.4353891,0.5716185
HA-02436,Hospital A,tuned,0,0,0.187938,0.20817864
HA-02437,Hospital A,tuned,0,0,0.112482496,0.11932707
HA-02439,Hospital A,tuned,0,0,0.47646433,0.6471501
HA-02445,Hospital A,tuned,0,0,0.2998927,0.3565216
HA-02447,Hospital A,tuned,0,0,0.47899833,0.65200204
HA-02448,Hospital A,tuned,0,0,0.25488698,0.29421937
HA-02449,Hospital A,tuned,0,0,0.3607011,0.44738317
HA-02450,Hospital A,tuned,0,0,0.53385115,0.76325023
HA-02456,Hospital A,tuned,0,0,0.1463218,0.15820098
HA-02457,Hospital A,tuned,0,0,0.7515809,1.3926381
HA-02460,Hospital A,tuned,0,0,0.1592727,0.1734879
HA-02462,Hospital A,tuned,0,0,0.21031283,0.23611844
HA-02466,Hospital A,tuned,0,0,0.15030338,0.16287589
HA-02470,Hospital A,tuned,0,0,0.18245776,0.20145273
HA-02471,Hospital A,tuned,0,1,0.24976675,1.3872278
HA-02473,Hospital A,tuned,0,0,0.14661086,0.15853965
HA-02474,Hospital A,tuned,0,0,0.30074927,0.3577459
HA-02475,Hospital A,tuned,0,0,0.12241797,0.13058484
HA-02477,Hospital A,tuned,0,0,0.12775512,0.13668501
HA-02482,Hospital A,tuned,0,0,0.109144874,0.115573406
HA-02485,Hospital A,tuned,0,0,0.2079336,0.23311007
HA-02486,Hospital A,tuned,0,0,0.20038195,0.22362113
HA-02487,Hospital A,tuned,0,0,0.30704993,0.3667974
HA-02488,Hospital A,tuned,0,0,0.40373248,0.5170658
HA-02490,Hospital A,tuned,0,0,0.47415105,0.6427413
HA-02492,Hospital A,tuned,0,1,0.54830384,0.6009256
HA-02495,Hospital A,tuned,0,0,0.36308384,0.45111734
HA-02496,Hospital A,tuned,0,1,0.7073512,0.34622803
HA-02498,Hospital A,tuned,0,0,0.117878534,0.12542558
HA-02499,Hospital A,tuned,0,0,0.14320447,0.15455604
HA-02500,Hospital A,tuned,0,0,0.5260301,0.7466115
HA-02501,Hospital A,tuned,0,0,0.16159524,0.17625427
HA-02505,Hospital A,tuned,0,0,0.3275242,0.39678907
HA-02509,Hospital A,tuned,0,0,0.6553978,1.0653645
HA-02510,Hospital A,tuned,0,1,0.35100752,1.0469476
HA-02511,Hospital A,tuned,0,1,0.27156577,1.303551
HA-02513,Hospital A,tuned,0,0,0.54460716,0.78659487
HA-02514,Hospital A,tuned,0,0,0.15861961,0.17271137
HA-02517,Hospital A,tuned,0,1,0.5554743,0.58793294
HA-02518,Hospital A,tuned,0,0,0.531236,0.75765586
HA-02520,Hospital A,tuned,0,0,0.48797792,0.66938746
HA-02521,Hospital A,tuned,0,1,0.5309687,0.6330521
HA-02525,Hospital A,tuned,0,0,0.5118433,0.7171188
HA-02527,Hospital A,tuned,0,0,0.38587978,0.4875645
HA-02530,Hospital A,tuned,0,0,0.15875451,0.17287171
HA-02531,Hospital A,tuned,0,0,0.26104176,0.30251384
HA-02532,Hospital A,tuned,0,0,0.1793901,0.19770741
HA-02533,Hospital A,tuned,0,0,0.24021968,0.2747259
HA-02534,Hospital A,tuned,0,0,0.43675432,0.57403934
HA-02535,Hospital A,tuned,0,1,0.5550942,0.5886175
HA-02536,Hospital A,tuned,0,1,0.5628787,0.574691
HA-02537,Hospital A,tuned,0,0,0.11019357,0.11675143
HA-02538,Hospital A,tuned,0,0,0.21316282,0.23973393
HA-02540,Hospital A,tuned,0,1,0.21215352,1.5504452
HA-02541,Hospital A,tuned,0,0,0.21450011,0.24143493
HA-02543,Hospital A,tuned,0,0,0.40608224,0.5210144
HA-02545,Hospital A,tuned,0,0,0.2799527,0.3284384
HA-02546,Hospital A,tuned,0,0,0.24400225,0.27971685
HA-02548,Hospital A,tuned,0,0,0.5178455,0.7294907
HA-02550,Hospital A,tuned,0,0,0.31786972,0.38253462
HA-02556,Hospital A,tuned,0,0,0.1092147,0.115651846
HA-02557,Hospital A,tuned,0,0,0.23979117,0.27416217
HA-02558,Hospital A,tuned,0,0,0.31044823,0.37171352
HA-02561,Hospital A,tuned,0,1,0.26996547,1.3094611
HA-02563,Hospital A,tuned,0,0,0.63824457,1.016787
HA-02564,Hospital A,tuned,0,0,0.39028832,0.4947691
HA-02565,Hospital A,tuned,0,0,0.43655014,0.57367694
HA-02566,Hospital A,tuned,0,0,0.33021772,0.4008026
HA-02567,Hospital A,tuned,0,0,0.3028582,0.3607664
HA-02568,Hospital A,tuned,0,0,0.14640853,0.15830255
HA-02569,Hospital A,tuned,0,0,0.14047284,0.15137291
HA-02571,Hospital A,tuned,0,0,0.5428245,0.78268796
HA-02574,Hospital A,tuned,0,0,0.30005103,0.35674787
HA-02576,Hospital A,tuned,0,1,0.30477113,1.1881943
HA-02580,Hospital A,tuned,0,0,0.7552323,1.4074457
HA-02581,Hospital A,tuned,0,0,0.3468298,0.4259175
HA-02582,Hospital A,tuned,0,0,0.24546583,0.28165472
HA-02583,Hospital A,tuned,0,0,0.13825056,0.14879072
HA-02585,Hospital A,tuned,0,0,0.29694042,0.35231364
HA-02586,Hospital A,tuned,0,0,0.14297736,0.15429091
HA-02587,Hospital A,tuned,0,0,0.3094992,0.3703382
HA-02589,Hospital A,tuned,0,0,0.28823453,0.34000683
HA-02590,Hospital A,tuned,0,0,0.18626755,0.20612371
HA-02591,Hospital A,tuned,0,0,0.24016906,0.27465928
HA-02592,Hospital A,tuned,0,1,0.40782222,0.89692396
HA-02593,Hospital A,tuned,0,0,0.28736112,0.33878052
HA-02597,Hospital A,tuned,0,0,0.609312,0.93984604
HA-02598,Hospital A,tuned,0,0,0.41112563,0.5295424
HA-02603,Hospital A,tuned,0,0,0.20833428,0.233616
HA-02605,Hospital A,tuned,0,0,0.8366574,1.8119054
HA-02609,Hospital A,tuned,0,1,0.73883474,0.302681
HA-02610,Hospital A,tuned,0,0,0.30598098,0.36525595
HA-02616,Hospital A,tuned,0,0,0.17042165,0.18683767
HA-02617,Hospital A,tuned,0,0,0.3750858,0.47014093
HA-02618,Hospital A,tuned,0,0,0.5239402,0.7422118
HA-02619,Hospital A,tuned,0,1,0.2973935,1.2126992
HA-02620,Hospital A,tuned,0,0,0.32446754,0.3922541
HA-02626,Hospital A,tuned,0,0,0.42759356,0.557906
HA-02629,Hospital A,tuned,0,0,0.20387726,0.22800183
HA-02631,Hospital A,tuned,0,0,0.4823381,0.65843296
HA-02633,Hospital A,tuned,0,1,0.13524139,2.000694
HA-02634,Hospital A,tuned,0,0,0.4436354,0.58633155
HA-02635,Hospital A,tuned,0,0,0.53445435,0.764545
HA-02636,Hospital A,tuned,0,0,0.41320828,0.53308535
HA-02640,Hospital A,tuned,0,0,0.37864825,0.47585797
HA-02641,Hospital A,tuned,0,1,0.5669983,0.56739897
HA-02643,Hospital A,tuned,0,0,0.24219766,0.27733266
HA-02647,Hospital A,tuned,0,0,0.5293746,0.75369287
HA-02648,Hospital A,tuned,0,1,0.26369885,1.3329476
HA-02650,Hospital A,tuned,0,0,0.86383045,1.9938543
HA-02651,Hospital A,tuned,0,0,0.12592569,0.13458979
HA-02654,Hospital A,tuned,0,0,0.18218523,0.20111942
HA-02656,Hospital A,tuned,0,0,0.4098229,0.52733266
HA-02657,Hospital A,tuned,0,0,0.34529597,0.42357194
HA-02660,Hospital A,tuned,0,0,0.30641744,0.36588496
HA-02663,Hospital A,tuned,0,0,0.14295605,0.15426612
HA-02665,Hospital A,tuned,0,0,0.2735177,0.3195411
HA-02666,Hospital A,tuned,0,0,0.15532973,0.16880894
HA-02667,Hospital A,tuned,0,0,0.13990252,0.15070951
HA-02668,Hospital A,tuned,0,0,0.3419853,0.41852796
HA-02674,Hospital A,tuned,0,0,0.18498296,0.20454621
HA-02675,Hospital A,tuned,0,1,0.3632341,1.0127078
HA-02676,Hospital A,tuned,0,0,0.23192711,0.2638706
HA-02679,Hospital A,tuned,0,0,0.1434576,0.15485144
HA-02680,Hospital A,tuned,0,1,0.56661206,0.5680803
HA-02681,Hospital A,tuned,0,0,0.41185805,0.53078705
HA-02683,Hospital A,tuned,0,0,0.45308325,0.60345864
HA-02684,Hospital A,tuned,0,0,0.18442856,0.20386624
HA-02685,Hospital A,tuned,0,0,0.16046904,0.17491186
HA-02689,Hospital A,tuned,0,0,0.25819474,0.2986685
HA-02690,Hospital A,tuned,0,0,0.16888237,0.18498397
HA-02692,Hospital A,tuned,0,0,0.1138145,0.120829105
HA-02694,Hospital A,tuned,0,0,0.121458374,0.12949193
HA-02695,Hospital A,tuned,0,1,0.7582159,0.27678713
HA-02696,Hospital A,tuned,0,0,0.21222396,0.23854148
HA-02697,Hospital A,tuned,0,0,0.3216008,0.38801938
HA-02699,Hospital A,tuned,0,1,0.50396055,0.6852573
HA-02702,Hospital A,tuned,0,0,0.18526405,0.2048912
HA-02704,Hospital A,tuned,0,0,0.37364686,0.4678409
HA-02707,Hospital A,tuned,0,0,0.22603361,0.25622678
HA-02710,Hospital A,tuned,0,0,0.21499276,0.24206233
HA-02714,Hospital A,tuned,0,0,0.23745105,0.2710886
HA-02715,Hospital A,tuned,0,0,0.586709,0.8836034
HA-02716,Hospital A,tuned,0,0,0.15555443,0.16907501
HA-02717,Hospital A,tuned,0,0,0.575111,0.8559273
HA-02719,Hospital A,tuned,0,0,0.605027,0.928938
HA-02721,Hospital A,tuned,0,1,0.1633239,1.81202
HA-02722,Hospital A,tuned,0,0,0.386775,0.4890234
HA-02723,Hospital A,tuned,0,1,0.45691925,0.78324854
HA-02724,Hospital A,tuned,0,0,0.13355535,0.14335716
HA-02726,Hospital A,tuned,0,0,0.32063004,0.3865894
HA-02728,Hospital A,tuned,0,0,0.28968477,0.34204638
HA-02729,Hospital A,tuned,0,0,0.53941125,0.77524966
HA-02730,Hospital A,tuned,0,0,0.18703625,0.2070688
HA-02731,Hospital A,tuned,0,0,0.09041338,0.09476495
HA-02732,Hospital A,tuned,0,0,0.20782153,0.23296857
HA-02735,Hospital A,tuned,0,0,0.15599671,0.16959894
HA-02742,Hospital A,tuned,0,0,0.7264626,1.2963169
HA-02745,Hospital A,tuned,0,0,0.2608761,0.30228972
HA-02747,Hospital A,tuned,0,1,0.6834556,0.3805936
HA-02749,Hospital A,tuned,0,1,0.79251486,0.23254403
HA-02751,Hospital A,tuned,0,0,0.52415353,0.74266005
HA-02752,Hospital A,tuned,0,0,0.3162258,0.38012755
HA-02753,Hospital A,tuned,0,0,0.14544855,0.15717852
HA-02755,Hospital A,tuned,0,0,0.38371113,0.4840395
HA-02756,Hospital A,tuned,0,1,0.2600826,1.346756
HA-02759,Hospital A,tuned,0,0,0.5547769,0.80917984
HA-02760,Hospital A,tuned,0,0,0.23834004,0.27225506
HA-02761,Hospital A,tuned,0,0,0.30284578,0.36074865
HA-02764,Hospital A,tuned,0,0,0.6328291,1.0019279
HA-02766,Hospital A,tuned,0,1,0.22705373,1.4825686
HA-02768,Hospital A,tuned,0,0,0.23813921,0.27199137
HA-02770,Hospital A,tuned,0,0,0.14762056,0.15972352
HA-02773,Hospital A,tuned,0,0,0.1725264,0.18937814
HA-02775,Hospital A,tuned,0,1,0.18550536,1.6846715
HA-02776,Hospital A,tuned,0,0,0.5569941,0.8141721
HA-02777,Hospital A,tuned,0,0,0.1424947,0.15372789
HA-02778,Hospital A,tuned,0,0,0.092680804,0.09726095
HA-02780,Hospital A,tuned,0,0,0.23983508,0.27421987
HA-02781,Hospital A,tuned,0,0,0.7361535,1.3323877
HA-02782,Hospital A,tuned,0,0,0.16035818,0.17477989
HA-02784,Hospital A,tuned,0,0,0.7089486,1.2342553
HA-02785,Hospital A,tuned,0,0,0.6222393,0.9734943
HA-02786,Hospital A,tuned,0,0,0.24049295,0.2750857
HA-02787,Hospital A,tuned,0,1,0.33911505,1.0814158
HA-02788,Hospital A,tuned,0,0,0.27577415,0.32265198
HA-02789,Hospital A,tuned,0,0,0.14124186,0.15226793
HA-02791,Hospital A,tuned,0,1,0.42978972,0.84445924
HA-02792,Hospital A,tuned,0,0,0.26253346,0.30453455
HA-02794,Hospital A,tuned,0,0,0.2388369,0.2729076
HA-02796,Hospital A,tuned,0,0,0.5333917,0.7622651
HA-02797,Hospital A,tuned,0,0,0.30423892,0.36274898
HA-02801,Hospital A,tuned,0,0,0.13786846,0.14834738
HA-02802,Hospital A,tuned,0,1,0.8429692,0.17082489
HA-02804,Hospital A,tuned,0,0,0.33874872,0.4136213
HA-02806,Hospital A,tuned,0,0,0.32802522,0.3975345
HA-02807,Hospital A,tuned,0,0,0.6873407,1.162641
HA-02808,Hospital A,tuned,0,0,0.11099054,0.11764741
HA-02809,Hospital A,tuned,0,0,0.5381593,0.77253526
HA-02811,Hospital A,tuned,0,0,0.29629588,0.35139728
HA-02817,Hospital A,tuned,0,1,0.15109189,1.8898671
HA-02818,Hospital A,tuned,0,1,0.45141166,0.7953756
HA-02821,Hospital A,tuned,0,0,0.11212516,0.11892438
HA-02823,Hospital A,tuned,0,0,0.52746266,0.74963844
HA-02826,Hospital A,tuned,0,0,0.22673301,0.25713086
HA-02827,Hospital A,tuned,0,0,0.7726315,1.4811834
HA-02831,Hospital A,tuned,0,0,0.27184507,0.31724143
HA-02832,Hospital A,tuned,0,0,0.7285933,1.304137
HA-02833,Hospital A,tuned,0,0,0.39919904,0.50949156
HA-02834,Hospital A,tuned,0,0,0.1465617,0.15848207
HA-02835,Hospital A,tuned,0,1,0.2660451,1.3240895
HA-02837,Hospital A,tuned,0,0,0.19795284,0.22058785
HA-02839,Hospital A,tuned,0,0,0.61723423,0.96033216
HA-02840,Hospital A,tuned,0,0,0.20571275,0.23031008
HA-02845,Hospital A,tuned,0,0,0.2084407,0.23375046
HA-02847,Hospital A,tuned,0,1,0.41952384,0.86863494
HA-02849,Hospital A,tuned,0,1,0.33553004,1.0920439
HA-02851,Hospital A,tuned,0,0,0.23407812,0.2666751
HA-02852,Hospital A,tuned,0,0,0.60680264,0.93344367
HA-02853,Hospital A,tuned,0,0,0.5969125,0.90860164
HA-02855,Hospital A,tuned,0,0,0.30652773,0.36604398
HA-02856,Hospital A,tuned,0,0,0.44154492,0.58258104
HA-02858,Hospital A,tuned,0,0,0.3419094,0.4184127
HA-02860,Hospital A,tuned,0,0,0.39402968,0.5009242
HA-02861,Hospital A,tuned,0,0,0.11134701,0.11804843
HA-02865,Hospital A,tuned,0,0,0.108846925,0.11523914
HA-02867,Hospital A,tuned,0,0,0.68192667,1.1454735
HA-02868,Hospital A,tuned,0,0,0.31226245,0.37434798
HA-02870,Hospital A,tuned,0,1,0.52825195,0.63818187
HA-02871,Hospital A,tuned,0,0,0.11503134,0.12220311
HA-02872,Hospital A,tuned,0,1,0.45290458,0.79207385
HA-02873,Hospital A,tuned,0,1,0.23375373,1.4534872
HA-02875,Hospital A,tuned,0,0,0.28299698,0.33267522
HA-02876,Hospital A,tuned,0,0,0.12688494,0.13568795
HA-02878,Hospital A,tuned,0,0,0.1716313,0.18829691
HA-02881,Hospital A,tuned,0,1,0.26538792,1.3265626
HA-02883,Hospital A,tuned,0,0,0.4590194,0.61437184
HA-02884,Hospital A,tuned,0,0,0.26904297,0.31340063
HA-02886,Hospital A,tuned,0,0,0.7002554,1.2048244
HA-02888,Hospital A,tuned,0,0,0.2615873,0.30325234
HA-02891,Hospital A,tuned,0,0,0.13333167,0.14309895
HA-02894,Hospital A,tuned,0,1,0.41607797,0.87688255
HA-02898,Hospital A,tuned,0,1,0.8141134,0.20565568
HA-02899,Hospital A,tuned,0,0,0.1618609,0.17657125
HA-02901,Hospital A,tuned,0,0,0.6550984,1.064496
HA-02905,Hospital A,tuned,0,0,0.2307875,0.262388
HA-02906,Hospital A,tuned,0,0,0.17891806,0.19713235
HA-02908,Hospital A,tuned,0,0,0.13298891,0.14270341
HA-02910,Hospital A,tuned,0,0,0.55110276,0.80096126
HA-02913,Hospital A,tuned,0,0,0.1852424,0.20486462
HA-02918,Hospital A,tuned,0,1,0.31936693,1.1414146
HA-02920,Hospital A,tuned,0,0,0.5829274,0.8744949
HA-02921,Hospital A,tuned,0,1,0.35560012,1.0339485
HA-02924,Hospital A,tuned,0,0,0.15100153,0.16369784
HA-02925,Hospital A,tuned,0,0,0.22027302,0.24881148
HA-02926,Hospital A,tuned,0,0,0.29513842,0.34975386
HA-02927,Hospital A,tuned,0,0,0.6384067,1.0172352
HA-02928,Hospital A,tuned,0,0,0.5662715,0.83533645
HA-02929,Hospital A,tuned,0,1,0.19726855,1.6231893
HA-02930,Hospital A,tuned,0,0,0.5333019,0.76207256
HA-02932,Hospital A,tuned,0,0,0.6702862,1.1095302
HA-02933,Hospital A,tuned,0,0,0.41713467,0.5397991
HA-02936,Hospital A,tuned,0,0,0.5525903,0.8042805
HA-02941,Hospital A,tuned,0,0,0.54124767,0.77924484
HA-02944,Hospital A,tuned,0,0,0.27612597,0.32313788
HA-02945,Hospital A,tuned,0,0,0.113447465,0.12041497
HA-02947,Hospital A,tuned,0,0,0.42035383,0.54533744
HA-02949,Hospital A,tuned,0,0,0.44850305,0.595119
HA-02950,Hospital A,tuned,0,0,0.376351,0.47216767
HA-02951,Hospital A,tuned,0,0,0.14062126,0.15154552
HA-02953,Hospital A,tuned,0,0,0.17188135,0.18859887
HA-02955,Hospital A,tuned,0,0,0.14876875,0.16107142
HA-02956,Hospital A,tuned,0,0,0.5224465,0.73907906
HA-02958,Hospital A,tuned,0,0,0.22791275,0.2586577
HA-02960,Hospital A,tuned,0,0,0.38747796,0.49017036
HA-02964,Hospital A,tuned,0,1,0.4688448,0.7574835
HA-02965,Hospital A,tuned,0,0,0.14205213,0.15321195
HA-02967,Hospital A,tuned,0,0,0.3570592,0.44170266
HA-02971,Hospital A,tuned,0,0,0.22648296,0.25680757
HA-02975,Hospital A,tuned,0,0,0.43387923,0.56894785
HA-02976,Hospital A,tuned,0,0,0.25334388,0.29215062
HA-02977,Hospital A,tuned,0,0,0.27763876,0.32522988
HA-02979,Hospital A,tuned,0,0,0.1420638,0.15322554
HA-02980,Hospital A,tuned,0,0,0.6425869,1.028863
HA-02981,Hospital A,tuned,0,0,0.1157925,0.123063564
HA-02982,Hospital A,tuned,0,0,0.3175622,0.3820839
HA-02983,Hospital A,tuned,0,0,0.18629098,0.20615244
HA-02984,Hospital A,tuned,0,0,0.15044147,0.16303849
HA-02985,Hospital A,tuned,0,0,0.09967786,0.10500264
HA-02987,Hospital A,tuned,0,0,0.18831488,0.20864284
HA-02990,Hospital A,tuned,0,0,0.3832691,0.4833225
HA-02991,Hospital A,tuned,0,0,0.5961128,0.90661967
HA-02992,Hospital A,tuned,0,0,0.28632045,0.33732128
HA-02993,Hospital A,tuned,0,0,0.14726543,0.159307
HA-02997,Hospital A,tuned,0,0,0.3885022,0.49184394
HA-02998,Hospital A,tuned,0,0,0.3420268,0.41859114
HB-00004,Hospital B,tuned,0,1,0.56154156,0.5770695
HB-00005,Hospital B,tuned,0,0,0.39028257,0.49475968
HB-00010,Hospital B,tuned,0,0,0.7719466,1.4781754
HB-00012,Hospital B,tuned,0,0,0.24237931,0.2775724
HB-00013,Hospital B,tuned,0,0,0.5547061,0.80902064
HB-00014,Hospital B,tuned,0,0,0.78442615,1.534452
HB-00015,Hospital B,tuned,0,1,0.61130744,0.4921553
HB-00018,Hospital B,tuned,0,1,0.57641375,0.55092955
HB-00020,Hospital B,tuned,0,1,0.7742325,0.2558831
HB-00021,Hospital B,tuned,0,0,0.65155417,1.0542725
HB-00022,Hospital B,tuned,0,0,0.766303,1.4537299
HB-00024,Hospital B,tuned,0,0,0.3738146,0.46810883
HB-00026,Hospital B,tuned,0,1,0.58807564,0.5308997
HB-00027,Hospital B,tuned,0,1,0.9579807,0.04292766
HB-00029,Hospital B,tuned,0,1,0.9040254,0.10089779
HB-00030,Hospital B,tuned,0,0,0.511145,0.7156893
HB-00031,Hospital B,tuned,0,1,0.6970952,0.3608333
HB-00033,Hospital B,tuned,0,1,0.87933296,0.12859166
HB-00034,Hospital B,tuned,0,1,0.5997118,0.5113061
HB-00037,Hospital B,tuned,0,1,0.6452067,0.4381846
HB-00038,Hospital B,tuned,0,0,0.17458166,0.19186497
HB-00041,Hospital B,tuned,0,0,0.4629041,0.6215786
HB-00042,Hospital B,tuned,0,0,0.24650504,0.2830329
HB-00044,Hospital B,tuned,0,0,0.55041814,0.7994373
HB-00045,Hospital B,tuned,0,0,0.3971092,0.50601923
HB-00046,Hospital B,tuned,0,0,0.8749073,2.0787
HB-00047,Hospital B,tuned,0,1,0.8307807,0.18538938
HB-00051,Hospital B,tuned,0,0,0.30247805,0.36022133
HB-00052,Hospital B,tuned,0,0,0.65939146,1.0770214
HB-00054,Hospital B,tuned,0,0,0.34448093,0.42232788
HB-00055,Hospital B,tuned,0,0,0.38114437,0.47988325
HB-00057,Hospital B,tuned,0,0,0.49948567,0.6921191
HB-00058,Hospital B,tuned,0,1,0.27948353,1.274812
HB-00059,Hospital B,tuned,0,0,0.4584961,0.61340505
HB-00060,Hospital B,tuned,0,0,0.31664005,0.3807335
HB-00061,Hospital B,tuned,0,1,0.84707505,0.16596593
HB-00065,Hospital B,tuned,0,1,0.47217333,0.75040907
HB-00066,Hospital B,tuned,0,1,0.8229995,0.1947997
HB-00068,Hospital B,tuned,0,0,0.53259844,0.76056653
HB-00071,Hospital B,tuned,0,1,0.689757,0.3714159
HB-00072,Hospital B,tuned,0,0,0.22855297,0.25948727
HB-00073,Hospital B,tuned,0,0,0.3376769,0.41200185
HB-00074,Hospital B,tuned,0,0,0.67826086,1.134014
HB-00076,Hospital B,tuned,0,0,0.7966655,1.5929029
HB-00080,Hospital B,tuned,0,0,0.25404328,0.29308772
HB-00083,Hospital B,tuned,0,0,0.6649183,1.093381
HB-00085,Hospital B,tuned,0,1,0.63607335,0.45244142
HB-00087,Hospital B,tuned,0,0,0.2903535,0.34298837
HB-00088,Hospital B,tuned,0,1,0.50561833,0.68197316
HB-00090,Hospital B,tuned,0,1,0.8797369,0.12813245
HB-00093,Hospital B,tuned,0,0,0.22242182,0.25157106
HB-00095,Hospital B,tuned,0,1,0.8508069,0.16157013
HB-00097,Hospital B,tuned,0,0,0.5712164,0.84680295
HB-00098,Hospital B,tuned,0,0,0.54498583,0.7874266
HB-00102,Hospital B,tuned,0,1,0.52722454,0.64012873
HB-00104,Hospital B,tuned,0,0,0.3218281,0.38835448
HB-00106,Hospital B,tuned,0,0,0.5249586,0.74435335
HB-00108,Hospital B,tuned,0,0,0.72799134,1.3019215
HB-00110,Hospital B,tuned,0,0,0.20669337,0.23154545
HB-00111,Hospital B,tuned,0,1,0.7347564,0.3082162
HB-00113,Hospital B,tuned,0,0,0.44782376,0.59388804
HB-00117,Hospital B,tuned,0,1,0.6646908,0.4084333
HB-00118,Hospital B,tuned,0,0,0.57566094,0.85722244
HB-00122,Hospital B,tuned,0,0,0.2085426,0.23387921
HB-00124,Hospital B,tuned,0,0,0.6747759,1.1232407
HB-00126,Hospital B,tuned,0,1,0.88399374,0.12330535
HB-00128,Hospital B,tuned,0,0,0.54992276,0.798336
HB-00129,Hospital B,tuned,0,0,0.28249577,0.3319764
HB-00130,Hospital B,tuned,0,1,0.71266747,0.33874032
HB-00136,Hospital B,tuned,0,1,0.14629816,1.9221087
HB-00137,Hospital B,tuned,0,1,0.3606324,1.0198961
HB-00139,Hospital B,tuned,0,0,0.36507484,0.45424807
HB-00140,Hospital B,tuned,0,0,0.4312591,0.56433034
HB-00141,Hospital B,tuned,0,0,0.2130732,0.23962009
HB-00143,Hospital B,tuned,0,0,0.25454774,0.29376423
HB-00149,Hospital B,tuned,0,0,0.69890887,1.2003422
HB-00151,Hospital B,tuned,0,1,0.46840376,0.75842464
HB-00153,Hospital B,tuned,0,1,0.44783697,0.803326
HB-00154,Hospital B,tuned,0,0,0.17674193,0.19448555
HB-00155,Hospital B,tuned,0,1,0.9249585,0.07800637
HB-00156,Hospital B,tuned,0,1,0.5898488,0.527889
HB-00158,Hospital B,tuned,0,1,0.92738855,0.07538267
HB-00159,Hospital B,tuned,0,1,0.8176976,0.20126271
HB-00160,Hospital B,tuned,0,0,0.36361444,0.45195073
HB-00161,Hospital B,tuned,0,1,0.8991527,0.10630245
HB-00164,Hospital B,tuned,0,0,0.42433298,0.5522259
HB-00166,Hospital B,tuned,0,1,0.13157299,2.0281935
HB-00167,Hospital B,tuned,0,1,0.41291842,0.8845052
HB-00168,Hospital B,tuned,0,0,0.49575242,0.6846879
HB-00172,Hospital B,tuned,0,0,0.8141941,1.6830524
HB-00174,Hospital B,tuned,0,0,0.89743483,2.2772572
HB-00175,Hospital B,tuned,0,0,0.34574765,0.42426205
HB-00177,Hospital B,tuned,0,0,0.13235265,0.14197004
HB-00180,Hospital B,tuned,0,0,0.70649326,1.2258548
HB-00183,Hospital B,tuned,0,0,0.16818751,0.18414819
HB-00186,Hospital B,tuned,0,1,0.7925208,0.23253644
HB-00187,Hospital B,tuned,0,0,0.13880195,0.14943075
HB-00190,Hospital B,tuned,0,1,0.91738,0.08623353
HB-00191,Hospital B,tuned,0,1,0.5250693,0.64422506
HB-00194,Hospital B,tuned,0,1,0.3468864,1.0587579
HB-00196,Hospital B,tuned,0,0,0.49566448,0.68451357
HB-00198,Hospital B,tuned,0,0,0.27135053,0.31656253
HB-00200,Hospital B,tuned,0,1,0.7277783,0.31775877
HB-00202,Hospital B,tuned,0,0,0.8768003,2.0939484
HB-00203,Hospital B,tuned,0,0,0.18116386,0.1998713
HB-00204,Hospital B,tuned,0,1,0.66732717,0.40447482
HB-00206,Hospital B,tuned,0,1,0.6517075,0.4281595
HB-00208,Hospital B,tuned,0,1,0.7415657,0.29899156
HB-00211,Hospital B,tuned,0,1,0.75986266,0.27461758
HB-00212,Hospital B,tuned,0,0,0.43476743,0.57051796
HB-00213,Hospital B,tuned,0,1,0.8390605,0.17547251
HB-00217,Hospital B,tuned,0,0,0.32523105,0.393385
HB-00218,Hospital B,tuned,0,0,0.23962308,0.27394104
HB-00219,Hospital B,tuned,0,1,0.5627091,0.5749925
HB-00224,Hospital B,tuned,0,1,0.60442066,0.50348485
HB-00225,Hospital B,tuned,0,0,0.6430592,1.0301853
HB-00228,Hospital B,tuned,0,0,0.7631348,1.440264
HB-00232,Hospital B,tuned,0,1,0.46382216,0.76825404
HB-00233,Hospital B,tuned,0,0,0.31819516,0.38301176
HB-00234,Hospital B,tuned,0,0,0.22410625,0.2537397
HB-00236,Hospital B,tuned,0,1,0.9217416,0.08149032
HB-00239,Hospital B,tuned,0,1,0.114924476,2.16348
HB-00241,Hospital B,tuned,0,0,0.5074124,0.7080829
HB-00242,Hospital B,tuned,0,0,0.44148627,0.582476
HB-00244,Hospital B,tuned,0,1,0.45248035,0.79301095
HB-00250,Hospital B,tuned,0,1,0.6976296,0.36006698
HB-00251,Hospital B,tuned,0,0,0.40718848,0.52287877
HB-00253,Hospital B,tuned,0,0,0.82081383,1.71933
HB-00255,Hospital B,tuned,0,1,0.49529353,0.7026048
HB-00256,Hospital B,tuned,0,0,0.21323924,0.23983109
HB-00257,Hospital B,tuned,0,1,0.8110771,0.20939213
HB-00259,Hospital B,tuned,0,0,0.59777415,0.9107415
HB-00264,Hospital B,tuned,0,0,0.6627325,1.0868788
HB-00265,Hospital B,tuned,0,0,0.32743993,0.3966639
HB-00266,Hospital B,tuned,0,1,0.9046505,0.10020663
HB-00267,Hospital B,tuned,0,0,0.5685161,0.8405249
HB-00268,Hospital B,tuned,0,0,0.60162294,0.9203564
HB-00272,Hospital B,tuned,0,0,0.39477295,0.5021516
HB-00280,Hospital B,tuned,0,0,0.64667416,1.0403645
HB-00282,Hospital B,tuned,0,1,0.77334934,0.25702438
HB-00285,Hospital B,tuned,0,0,0.12177675,0.12985456
HB-00289,Hospital B,tuned,0,1,0.24605934,1.4021826
HB-00290,Hospital B,tuned,0,0,0.3909712,0.49588972
HB-00293,Hospital B,tuned,0,1,0.94542134,0.05612457
HB-00294,Hospital B,tuned,0,0,0.7623446,1.4369334
HB-00295,Hospital B,tuned,0,1,0.58564305,0.5350447
HB-00296,Hospital B,tuned,0,0,0.59367245,0.90059566
HB-00297,Hospital B,tuned,0,1,0.49147746,0.7103393
HB-00299,Hospital B,tuned,0,0,0.5916213,0.8955604
HB-00305,Hospital B,tuned,0,1,0.8144391,0.20525561
HB-00306,Hospital B,tuned,0,0,0.6030776,0.9240144
HB-00307,Hospital B,tuned,0,0,0.107218936,0.11341381
HB-00310,Hospital B,tuned,0,0,0.24934192,0.28680503
HB-00311,Hospital B,tuned,0,1,0.8326275,0.18316889
HB-00312,Hospital B,tuned,0,1,0.60939753,0.49528447
HB-00314,Hospital B,tuned,0,1,0.7458814,0.2931887
HB-00317,Hospital B,tuned,0,1,0.6105494,0.49339607
HB-00318,Hospital B,tuned,0,1,0.6516177,0.42829722
HB-00322,Hospital B,tuned,0,1,0.6472641,0.4350008
HB-00324,Hospital B,tuned,0,0,0.58684003,0.8839203
HB-00325,Hospital B,tuned,0,0,0.7432418,1.3596205
HB-00326,Hospital B,tuned,0,1,0.80467886,0.21731207
HB-00327,Hospital B,tuned,0,1,0.8706367,0.13853048
HB-00328,Hospital B,tuned,0,1,0.5418864,0.6126989
HB-00331,Hospital B,tuned,0,0,0.11385613,0.120875835
HB-00332,Hospital B,tuned,0,1,0.7497575,0.28800547
HB-00334,Hospital B,tuned,0,0,0.37696737,0.47315633
HB-00335,Hospital B,tuned,0,1,0.8829091,0.12453293
HB-00337,Hospital B,tuned,0,0,0.29701868,0.35242498
HB-00338,Hospital B,tuned,0,0,0.386805,0.48907226
HB-00340,Hospital B,tuned,0,0,0.6511876,1.0532211
HB-00341,Hospital B,tuned,0,0,0.36244395,0.45011306
HB-00342,Hospital B,tuned,0,0,0.51700395,0.72774684
HB-00344,Hospital B,tuned,0,0,0.40905422,0.52603096
HB-00345,Hospital B,tuned,0,0,0.42397705,0.5516077
HB-00347,Hospital B,tuned,0,0,0.40878242,0.52557117
HB-00351,Hospital B,tuned,0,1,0.6283851,0.46460205
HB-00352,Hospital B,tuned,0,1,0.8690322,0.1403751
HB-00354,Hospital B,tuned,0,0,0.53197545,0.7592345
HB-00355,Hospital B,tuned,0,0,0.227544,0.25818026
HB-00356,Hospital B,tuned,0,1,0.8074696,0.21384983
HB-00358,Hospital B,tuned,0,0,0.11259526,0.119454145
HB-00360,Hospital B,tuned,0,0,0.36825955,0.45927668
HB-00362,Hospital B,tuned,0,0,0.51502997,0.7236681
HB-00363,Hospital B,tuned,0,0,0.5529251,0.8050292
HB-00364,Hospital B,tuned,0,0,0.44253692,0.584359
HB-00367,Hospital B,tuned,0,1,0.62520677,0.4696729
HB-00369,Hospital B,tuned,0,0,0.55769205,0.81574893
HB-00370,Hospital B,tuned,0,0,0.35981494,0.44599795
HB-00371,Hospital B,tuned,0,1,0.87049174,0.13869697
HB-00373,Hospital B,tuned,0,1,0.6353229,0.4536218
HB-00374,Hospital B,tuned,0,1,0.8502081,0.1622741
HB-00376,Hospital B,tuned,0,0,0.7911808,1.5662862
HB-00377,Hospital B,tuned,0,0,0.32751828,0.39678037
HB-00380,Hospital B,tuned,0,0,0.2548533,0.2941742
HB-00381,Hospital B,tuned,0,0,0.7324617,1.3184922
HB-00383,Hospital B,tuned,0,0,0.7849037,1.5366696
HB-00386,Hospital B,tuned,0,0,0.5648851,0.8321451
HB-00391,Hospital B,tuned,0,1,0.49198246,0.70931214
HB-00393,Hospital B,tuned,0,1,0.1270438,2.0632234
HB-00394,Hospital B,tuned,0,1,0.5347449,0.6259655
HB-00396,Hospital B,tuned,0,0,0.25997353,0.30106926
HB-00397,Hospital B,tuned,0,0,0.54642624,0.79059744
HB-00398,Hospital B,tuned,0,0,0.6307326,0.9962342
HB-00401,Hospital B,tuned,0,0,0.3346284,0.40740955
HB-00402,Hospital B,tuned,0,1,0.9201758,0.08319047
HB-00404,Hospital B,tuned,0,0,0.14734216,0.159397
HB-00405,Hospital B,tuned,0,0,0.628434,0.9900288
HB-00408,Hospital B,tuned,0,1,0.37974417,0.9682575
HB-00409,Hospital B,tuned,0,0,0.81351894,1.6794257
HB-00412,Hospital B,tuned,0,0,0.44646206,0.59142506
HB-00414,Hospital B,tuned,0,0,0.1600087,0.17436373
HB-00416,Hospital B,tuned,0,1,0.6847315,0.37872848
HB-00421,Hospital B,tuned,0,0,0.81225145,1.6726514
HB-00423,Hospital B,tuned,0,0,0.5207004,0.7354294
HB-00426,Hospital B,tuned,0,0,0.3125104,0.37470853
HB-00430,Hospital B,tuned,0,0,0.8313879,1.7801543
HB-00435,Hospital B,tuned,0,0,0.3051707,0.36408913
HB-00436,Hospital B,tuned,0,0,0.47767368,0.6494627
HB-00438,Hospital B,tuned,0,0,0.32266885,0.38959503
HB-00439,Hospital B,tuned,0,0,0.40082118,0.51219517
HB-00440,Hospital B,tuned,0,0,0.86892724,2.0320024
HB-00441,Hospital B,tuned,0,1,0.72374684,0.3233136
HB-00443,Hospital B,tuned,0,0,0.8489575,1.8901936
HB-00444,Hospital B,tuned,0,0,0.80218935,1.6204449
HB-00445,Hospital B,tuned,0,0,0.49328062,0.67979795
HB-00446,Hospital B,tuned,0,1,0.9168183,0.086845934
HB-00447,Hospital B,tuned,0,1,0.26720694,1.319732
HB-00448,Hospital B,tuned,0,1,0.7689259,0.2627607
HB-00452,Hospital B,tuned,0,0,0.740473,1.3488945
HB-00454,Hospital B,tuned,0,0,0.27695853,0.32428873
HB-00456,Hospital B,tuned,0,1,0.46851596,0.758185
HB-00457,Hospital B,tuned,0,0,0.32648367,0.39524305
HB-00458,Hospital B,tuned,0,0,0.60318655,0.92428887
HB-00459,Hospital B,tuned,0,0,0.1443621,0.15590799
HB-00460,Hospital B,tuned,0,1,0.84118295,0.17294608
HB-00463,Hospital B,tuned,0,1,0.5610808,0.57789034
HB-00465,Hospital B,tuned,0,1,0.396861,0.92416924
HB-00466,Hospital B,tuned,0,1,0.5487871,0.60004467
HB-00467,Hospital B,tuned,0,1,0.6238591,0.47183073
HB-00470,Hospital B,tuned,0,0,0.24291444,0.27827895
HB-00473,Hospital B,tuned,0,0,0.39973494,0.51038396
HB-00476,Hospital B,tuned,0,1,0.67125887,0.39860043
HB-00477,Hospital B,tuned,0,0,0.232157,0.26417005
HB-00479,Hospital B,tuned,0,1,0.4801282,0.7337022
HB-00480,Hospital B,tuned,0,1,0.9049346,0.0998926
HB-00482,Hospital B,tuned,0,0,0.61665857,0.95882916
HB-00483,Hospital B,tuned,0,0,0.3635886,0.45191008
HB-00484,Hospital B,tuned,0,1,0.81781924,0.20111398
HB-00485,Hospital B,tuned,0,0,0.15193605,0.16479921
HB-00487,Hospital B,tuned,0,0,0.5472947,0.79251385
HB-00488,Hospital B,tuned,0,0,0.7737119,1.4859463
HB-00489,Hospital B,tuned,0,0,0.5753314,0.856446
HB-00491,Hospital B,tuned,0,1,0.58896863,0.52938235
HB-00492,Hospital B,tuned,0,0,0.48091945,0.6556962
HB-00493,Hospital B,tuned,0,0,0.5040481,0.7012764
HB-00495,Hospital B,tuned,0,0,0.6962442,1.191531
HB-00496,Hospital B,tuned,0,0,0.56181467,0.8251133
HB-00497,Hospital B,tuned,0,1,0.86469674,0.1453764
HB-00499,Hospital B,tuned,0,1,0.8885714,0.11814024
HB-00500,Hospital B,tuned,0,0,0.51429784,0.7221597
HB-00501,Hospital B,tuned,0,1,0.39898428,0.9188332
HB-00504,Hospital B,tuned,0,0,0.23212793,0.26413214
HB-00505,Hospital B,tuned,0,0,0.16941227,0.18562174
HB-00506,Hospital B,tuned,0,0,0.37918437,0.47672117
HB-00512,Hospital B,tuned,0,0,0.68355334,1.1506004
HB-00514,Hospital B,tuned,0,0,0.45369273,0.60457367
HB-00516,Hospital B,tuned,0,1,0.7553326,0.28059712
HB-00517,Hospital B,tuned,0,0,0.31518933,0.37861288
HB-00519,Hospital B,tuned,0,1,0.88233066,0.12518835
HB-00520,Hospital B,tuned,0,0,0.24009159,0.27455735
HB-00522,Hospital B,tuned,0,0,0.22180025,0.25077212
HB-00523,Hospital B,tuned,0,0,0.52227503,0.7387202
HB-00528,Hospital B,tuned,0,1,0.7607012,0.2735147
HB-00529,Hospital B,tuned,0,1,0.8974689,0.108176775
HB-00530,Hospital B,tuned,0,0,0.3375933,0.4118756
HB-00532,Hospital B,tuned,0,0,0.256076,0.29581642
HB-00533,Hospital B,tuned,0,0,0.117617436,0.12512946
HB-00535,Hospital B,tuned,0,1,0.6605452,0.4146898
HB-00536,Hospital B,tuned,0,0,0.52972275,0.75443286
HB-00539,Hospital B,tuned,0,1,0.6257512,0.46880242
HB-00545,Hospital B,tuned,0,0,0.81203747,1.6715127
HB-00550,Hospital B,tuned,0,1,0.2486555,1.3916869
HB-00552,Hospital B,tuned,0,1,0.80443716,0.21761242
HB-00553,Hospital B,tuned,0,1,0.74575275,0.29336116
HB-00554,Hospital B,tuned,0,0,0.5325068,0.7603706
HB-00555,Hospital B,tuned,0,1,0.88698995,0.119921625
HB-00556,Hospital B,tuned,0,1,0.92137337,0.08188989
HB-00557,Hospital B,tuned,0,0,0.34437135,0.42216074
HB-00559,Hospital B,tuned,0,1,0.85973006,0.1511368
HB-00562,Hospital B,tuned,0,1,0.6589548,0.41710034
HB-00564,Hospital B,tuned,0,0,0.77212965,1.4789786
HB-00565,Hospital B,tuned,0,0,0.5094503,0.71222866
HB-00568,Hospital B,tuned,0,0,0.19974719,0.22282767
HB-00569,Hospital B,tuned,0,0,0.31762,0.38216865
HB-00571,Hospital B,tuned,0,0,0.61377275,0.95132923
HB-00572,Hospital B,tuned,0,1,0.9052634,0.09952934
HB-00575,Hospital B,tuned,0,0,0.19845915,0.22121942
HB-00578,Hospital B,tuned,0,1,0.7680994,0.26383612
HB-00580,Hospital B,tuned,0,0,0.7253709,1.2923337
HB-00581,Hospital B,tuned,0,0,0.18779069,0.2079972
HB-00585,Hospital B,tuned,0,0,0.442179,0.58371717
HB-00587,Hospital B,tuned,0,0,0.1362616,0.14648533
HB-00588,Hospital B,tuned,0,0,0.39998984,0.5108087
HB-00590,Hospital B,tuned,0,0,0.16802886,0.18395758
HB-00594,Hospital B,tuned,0,0,0.78957653,1.5586331
HB-00597,Hospital B,tuned,0,1,0.4374221,0.8268566
HB-00598,Hospital B,tuned,0,0,0.5404285,0.77746075
HB-00599,Hospital B,tuned,0,0,0.3138675,0.37668455
HB-00606,Hospital B,tuned,0,1,0.37162715,0.98986423
HB-00608,Hospital B,tuned,0,0,0.35138762,0.43292004
HB-00615,Hospital B,tuned,0,1,0.44334894,0.8133981
HB-00616,Hospital B,tuned,0,1,0.3848401,0.9549274
HB-00617,Hospital B,tuned,0,1,0.38535556,0.95358884
HB-00618,Hospital B,tuned,0,1,0.8424843,0.17140017
HB-00619,Hospital B,tuned,0,1,0.49125087,0.7108003
HB-00620,Hospital B,tuned,0,1,0.9346284,0.06760622
HB-00621,Hospital B,tuned,0,1,0.61147755,0.49187702
HB-00622,Hospital B,tuned,0,1,0.64109635,0.44457552
HB-00623,Hospital B,tuned,0,0,0.3342412,0.40682787
HB-00624,Hospital B,tuned,0,0,0.2200172,0.24848342
HB-00626,Hospital B,tuned,0,1,0.86601454,0.14385356
HB-00627,Hospital B,tuned,0,1,0.7491641,0.28879723
HB-00629,Hospital B,tuned,0,1,0.7541857,0.28211674
HB-00631,Hospital B,tuned,0,1,0.7898768,0.23587826
HB-00632,Hospital B,tuned,0,0,0.5221189,0.7383933
HB-00633,Hospital B,tuned,0,0,0.45608008,0.60895324
HB-00637,Hospital B,tuned,0,0,0.27692395,0.3242408
HB-00638,Hospital B,tuned,0,0,0.34531936,0.42360777
HB-00641,Hospital B,tuned,0,0,0.41362673,0.5337987
HB-00643,Hospital B,tuned,0,1,0.5726166,0.557539
HB-00648,Hospital B,tuned,0,0,0.7233075,1.2848487
HB-00652,Hospital B,tuned,0,0,0.5950812,0.9040687
HB-00653,Hospital B,tuned,0,1,0.75050116,0.28701407
HB-00654,Hospital B,tuned,0,0,0.523804,0.74192584
HB-00655,Hospital B,tuned,0,1,0.8757676,0.1326546
HB-00656,Hospital B,tuned,0,1,0.6554027,0.42250538
HB-00658,Hospital B,tuned,0,0,0.6632542,1.088427
HB-00659,Hospital B,tuned,0,0,0.18645458,0.20635355
HB-00662,Hospital B,tuned,0,0,0.34214938,0.41877747
HB-00664,Hospital B,tuned,0,1,0.81335187,0.20659144
HB-00665,Hospital B,tuned,0,1,0.50342673,0.686317
HB-00667,Hospital B,tuned,0,1,0.7408957,0.29989544
HB-00668,Hospital B,tuned,0,1,0.4709613,0.7529794
HB-00669,Hospital B,tuned,0,0,0.19185808,0.21301758
HB-00672,Hospital B,tuned,0,1,0.89074475,0.11569742
HB-00676,Hospital B,tuned,0,0,0.7622077,1.4363576
HB-00677,Hospital B,tuned,0,0,0.69993585,1.203759
HB-00678,Hospital B,tuned,0,1,0.56865656,0.5644786
HB-00681,Hospital B,tuned,0,1,0.7284487,0.3168381
HB-00682,Hospital B,tuned,0,0,0.13232297,0.1419357
HB-00683,Hospital B,tuned,0,0,0.3496825,0.43029463
HB-00685,Hospital B,tuned,0,0,0.2791606,0.3273388
HB-00686,Hospital B,tuned,0,0,0.59251046,0.89774
HB-00695,Hospital B,tuned,0,1,0.52102333,0.6519605
HB-00696,Hospital B,tuned,0,0,0.49616206,0.68550056
HB-00698,Hospital B,tuned,0,0,0.32481155,0.39276338
HB-00699,Hospital B,tuned,0,0,0.25733677,0.29751253
HB-00700,Hospital B,tuned,0,1,0.80789953,0.21331757
HB-00701,Hospital B,tuned,0,0,0.89775825,2.2804148
HB-00702,Hospital B,tuned,0,1,0.7605577,0.27370325
HB-00703,Hospital B,tuned,0,0,0.80001104,1.6094934
HB-00704,Hospital B,tuned,0,0,0.26724073,0.310938
HB-00709,Hospital B,tuned,0,1,0.64895654,0.43238956
HB-00711,Hospital B,tuned,0,0,0.46083698,0.61773723
HB-00712,Hospital B,tuned,0,0,0.35101596,0.43234718
HB-00715,Hospital B,tuned,0,0,0.480254,0.65441495
HB-00719,Hospital B,tuned,0,0,0.7330551,1.320713
HB-00720,Hospital B,tuned,0,1,0.719456,0.3292599
HB-00721,Hospital B,tuned,0,0,0.30862534,0.36907345
HB-00722,Hospital B,tuned,0,1,0.67162347,0.39805743
HB-00723,Hospital B,tuned,0,0,0.24338874,0.27890563
HB-00724,Hospital B,tuned,0,0,0.79556763,1.5875179
HB-00725,Hospital B,tuned,0,0,0.28245243,0.33191597
HB-00727,Hospital B,tuned,0,0,0.4236856,0.551102
HB-00728,Hospital B,tuned,0,0,0.24473825,0.2806909
HB-00731,Hospital B,tuned,0,0,0.39290336,0.4990673
HB-00732,Hospital B,tuned,0,1,0.54721427,0.6029148
HB-00733,Hospital B,tuned,0,0,0.6059273,0.9312199
HB-00735,Hospital B,tuned,0,0,0.272952,0.31876278
HB-00736,Hospital B,tuned,0,0,0.52058834,0.73519564
HB-00738,Hospital B,tuned,0,1,0.875011,0.13351883
HB-00742,Hospital B,tuned,0,0,0.51804924,0.7299134
HB-00744,Hospital B,tuned,0,1,0.8684076,0.1410941
HB-00745,Hospital B,tuned,0,1,0.6300593,0.4619414
HB-00747,Hospital B,tuned,0,0,0.7606894,1.429993
HB-00748,Hospital B,tuned,0,1,0.7640699,0.26909602
HB-00752,Hospital B,tuned,0,0,0.21557647,0.2428062
HB-00753,Hospital B,tuned,0,1,0.390123,0.94129324
HB-00754,Hospital B,tuned,0,0,0.77228534,1.4796621
HB-00755,Hospital B,tuned,0,1,0.67512715,0.3928542
HB-00757,Hospital B,tuned,0,0,0.7634358,1.4415357
HB-00758,Hospital B,tuned,0,1,0.79552346,0.22875494
HB-00759,Hospital B,tuned,0,1,0.7369756,0.3052005
HB-00760,Hospital B,tuned,0,0,0.32788876,0.39733136
HB-00764,Hospital B,tuned,0,1,0.820259,0.19813512
HB-00765,Hospital B,tuned,0,0,0.18232223,0.20128691
HB-00766,Hospital B,tuned,0,1,0.5593384,0.58100057
HB-00767,Hospital B,tuned,0,1,0.45373613,0.7902396
HB-00768,Hospital B,tuned,0,0,0.58528084,0.8801536
HB-00772,Hospital B,tuned,0,0,0.46587765,0.6271303
HB-00777,Hospital B,tuned,0,0,0.22432867,0.2540264
HB-00780,Hospital B,tuned,0,0,0.3236268,0.39101022
HB-00781,Hospital B,tuned,0,0,0.38390797,0.4843589
HB-00782,Hospital B,tuned,0,0,0.53700477,0.7700384
HB-00786,Hospital B,tuned,0,0,0.33186126,0.40325934
HB-00788,Hospital B,tuned,0,1,0.9169632,0.08668794
HB-00791,Hospital B,tuned,0,1,0.40995142,0.8917166
HB-00793,Hospital B,tuned,0,0,0.22175358,0.25071204
HB-00794,Hospital B,tuned,0,1,0.5108369,0.6717049
HB-00795,Hospital B,tuned,0,1,0.5266258,0.64126503
HB-00798,Hospital B,tuned,0,0,0.5065123,0.7062573
HB-00800,Hospital B,tuned,0,0,0.3304675,0.4011755
HB-00802,Hospital B,tuned,0,1,0.9131902,0.09081115
HB-00805,Hospital B,tuned,0,0,0.1621001,0.17685664
HB-00807,Hospital B,tuned,0,1,0.8566371,0.15474084
HB-00810,Hospital B,tuned,0,1,0.534368,0.6266706
HB-00812,Hospital B,tuned,0,1,0.7020378,0.353768
HB-00813,Hospital B,tuned,0,0,0.67314935,1.1182519
HB-00814,Hospital B,tuned,0,0,0.20917986,0.2346847
HB-00815,Hospital B,tuned,0,0,0.24739146,0.2842101
HB-00817,Hospital B,tuned,0,0,0.5106859,0.71475077
HB-00819,Hospital B,tuned,0,0,0.83797497,1.8200043
HB-00820,Hospital B,tuned,0,0,0.34254244,0.419375
HB-00825,Hospital B,tuned,0,0,0.58927643,0.8898349
HB-00826,Hospital B,tuned,0,0,0.71843195,1.267381
HB-00827,Hospital B,tuned,0,0,0.6522253,1.0562005
HB-00828,Hospital B,tuned,0,0,0.4933904,0.6800146
HB-00831,Hospital B,tuned,0,0,0.27370623,0.31980073
HB-00834,Hospital B,tuned,0,0,0.8823199,2.1397855
HB-00836,Hospital B,tuned,0,1,0.53861946,0.618746
HB-00840,Hospital B,tuned,0,0,0.4658015,0.62698776
HB-00844,Hospital B,tuned,0,0,0.5532591,0.8057765
HB-00845,Hospital B,tuned,0,0,0.4873639,0.66818905
HB-00847,Hospital B,tuned,0,0,0.9088425,2.3951662
HB-00848,Hospital B,tuned,0,0,0.31307557,0.37553102
HB-00850,Hospital B,tuned,0,0,0.2349028,0.2677524
HB-00852,Hospital B,tuned,0,1,0.43969506,0.8216738
HB-00853,Hospital B,tuned,0,1,0.70533264,0.34908575
HB-00856,Hospital B,tuned,0,0,0.48865208,0.670705
HB-00859,Hospital B,tuned,0,0,0.13039646,0.13971794
HB-00861,Hospital B,tuned,0,0,0.53376365,0.7630626
HB-00862,Hospital B,tuned,0,1,0.5036082,0.6859567
HB-00865,Hospital B,tuned,0,1,0.32133386,1.1352746
HB-00866,Hospital B,tuned,0,1,0.89890206,0.10658117
HB-00868,Hospital B,tuned,0,0,0.48162213,0.6570508
HB-00870,Hospital B,tuned,0,1,0.5897847,0.5279978
HB-00872,Hospital B,tuned,0,1,0.713507,0.33756307
HB-00875,Hospital B,tuned,0,1,0.5087737,0.675752
HB-00876,Hospital B,tuned,0,1,0.71275616,0.3386159
HB-00882,Hospital B,tuned,0,1,0.7127387,0.33864036
HB-00886,Hospital B,tuned,0,0,0.68213654,1.1461332
HB-00887,Hospital B,tuned,0,0,0.7198185,1.2723175
HB-00889,Hospital B,tuned,0,1,0.64802134,0.43383166
HB-00891,Hospital B,tuned,0,0,0.66389185,1.0903224
HB-00892,Hospital B,tuned,0,0,0.5265005,0.7476045
HB-00894,Hospital B,tuned,0,0,0.62050563,0.9689155
HB-00897,Hospital B,tuned,0,1,0.8582043,0.15291314
HB-00898,Hospital B,tuned,0,1,0.72834617,0.31697887
HB-00901,Hospital B,tuned,0,0,0.8536107,1.9214853
HB-00902,Hospital B,tuned,0,0,0.21678853,0.24435258
HB-00904,Hospital B,tuned,0,1,0.6087915,0.49627945
HB-00909,Hospital B,tuned,0,0,0.83887064,1.8255475
HB-00910,Hospital B,tuned,0,0,0.43925333,0.5784861
HB-00911,Hospital B,tuned,0,0,0.5358381,0.767522
HB-00914,Hospital B,tuned,0,1,0.78342444,0.24408062
HB-00916,Hospital B,tuned,0,1,0.7688643,0.26284084
HB-00918,Hospital B,tuned,0,0,0.2664957,0.30992186
HB-00919,Hospital B,tuned,0,1,0.7118864,0.33983696
HB-00920,Hospital B,tuned,0,0,0.14684767,0.15881717
HB-00921,Hospital B,tuned,0,1,0.83396983,0.18155803
HB-00923,Hospital B,tuned,0,1,0.7766359,0.25278363
HB-00924,Hospital B,tuned,0,1,0.86891466,0.14051035
HB-00925,Hospital B,tuned,0,1,0.84356785,0.17011498
HB-00926,Hospital B,tuned,0,1,0.7221574,0.3255121
HB-00927,Hospital B,tuned,0,0,0.58915055,0.88952833
HB-00928,Hospital B,tuned,0,0,0.45720544,0.6110244
HB-00929,Hospital B,tuned,0,0,0.27280685,0.3185631
HB-00932,Hospital B,tuned,0,0,0.83358663,1.7932804
HB-00933,Hospital B,tuned,0,0,0.3553077,0.43898213
HB-00938,Hospital B,tuned,0,1,0.66508925,0.40783402
HB-00939,Hospital B,tuned,0,1,0.49842408,0.6963039
HB-00940,Hospital B,tuned,0,1,0.57865053,0.54705656
HB-00944,Hospital B,tuned,0,1,0.55639356,0.5862794
HB-00946,Hospital B,tuned,0,0,0.15530089,0.16877484
HB-00949,Hospital B,tuned,0,0,0.81578517,1.6916528
HB-00950,Hospital B,tuned,0,0,0.83016515,1.7729287
HB-00951,Hospital B,tuned,0,0,0.2596293,0.30060434
HB-00952,Hospital B,tuned,0,1,0.9089455,0.095470116
HB-00953,Hospital B,tuned,0,0,0.5559066,0.8117204
HB-00955,Hospital B,tuned,0,0,0.6932743,1.1818013
HB-00957,Hospital B,tuned,0,0,0.5997776,0.9157348
HB-00958,Hospital B,tuned,0,0,0.3605029,0.4470731
HB-00962,Hospital B,tuned,0,1,0.519832,0.65424955
HB-00964,Hospital B,tuned,0,1,0.8962677,0.1095161
HB-00965,Hospital B,tuned,0,0,0.5265271,0.74766064
HB-00971,Hospital B,tuned,0,0,0.92618597,2.606207
HB-00972,Hospital B,tuned,0,0,0.16327772,0.17826307
HB-00981,Hospital B,tuned,0,1,0.8373112,0.17755945
HB-00985,Hospital B,tuned,0,0,0.7089985,1.2344269
HB-00986,Hospital B,tuned,0,0,0.88879275,2.1963596
HB-00990,Hospital B,tuned,0,0,0.3768778,0.4730127
HB-00992,Hospital B,tuned,0,0,0.5107045,0.7147887
HB-00993,Hospital B,tuned,0,1,0.4389249,0.823427
HB-00995,Hospital B,tuned,0,1,0.4922563,0.70875573
HB-01000,Hospital B,tuned,0,0,0.4959912,0.68516153
HB-01004,Hospital B,tuned,0,0,0.3938936,0.50069976
HB-01008,Hospital B,tuned,0,0,0.6575862,1.0717354
HB-01009,Hospital B,tuned,0,1,0.36735705,1.001421
HB-01010,Hospital B,tuned,0,1,0.69520295,0.3635514
HB-01012,Hospital B,tuned,0,0,0.45456707,0.60617536
HB-01013,Hospital B,tuned,0,0,0.50215423,0.6974649
HB-01015,Hospital B,tuned,0,1,0.5066209,0.6799924
HB-01017,Hospital B,tuned,0,0,0.6106849,0.94336617
HB-01021,Hospital B,tuned,0,0,0.30250695,0.36026275
HB-01022,Hospital B,tuned,0,0,0.743769,1.3616757
HB-01025,Hospital B,tuned,0,0,0.14870808,0.16100013
HB-01026,Hospital B,tuned,0,0,0.562669,0.82706493
HB-01035,Hospital B,tuned,0,0,0.7372166,1.3364252
HB-01037,Hospital B,tuned,0,1,0.5893905,0.5286663
HB-01038,Hospital B,tuned,0,0,0.57425576,0.85391647
HB-01039,Hospital B,tuned,0,0,0.22940062,0.26058662
HB-01040,Hospital B,tuned,0,0,0.7616726,1.4341097
HB-01043,Hospital B,tuned,0,0,0.7631094,1.4401568
HB-01047,Hospital B,tuned,0,0,0.2773035,0.32476592
HB-01049,Hospital B,tuned,0,0,0.8515328,1.9073912
HB-01051,Hospital B,tuned,0,0,0.8413058,1.8407761
HB-01052,Hospital B,tuned,0,0,0.23423935,0.26688564
HB-01053,Hospital B,tuned,0,0,0.19219601,0.21343589
HB-01054,Hospital B,tuned,0,0,0.31885222,0.38397598
HB-01055,Hospital B,tuned,0,1,0.30969954,1.1721528
HB-01056,Hospital B,tuned,0,0,0.8454406,1.867177
HB-01059,Hospital B,tuned,0,1,0.74359286,0.2962616
HB-01060,Hospital B,tuned,0,0,0.76733273,1.458146
HB-01061,Hospital B,tuned,0,1,0.14367293,1.9402158
HB-01063,Hospital B,tuned,0,0,0.58534974,0.88031983
HB-01066,Hospital B,tuned,0,1,0.28728175,1.2472918
HB-01068,Hospital B,tuned,0,1,0.89456904,0.11141318
HB-01071,Hospital B,tuned,0,1,0.8636355,0.1466045
HB-01072,Hospital B,tuned,0,1,0.5072229,0.6788048
HB-01073,Hospital B,tuned,0,1,0.8041952,0.21791323
HB-01074,Hospital B,tuned,0,1,0.84713656,0.16589335
HB-01076,Hospital B,tuned,0,0,0.33135328,0.40249944
HB-01078,Hospital B,tuned,0,1,0.45449585,0.78856647
HB-01080,Hospital B,tuned,0,1,0.482652,0.7284593
HB-01081,Hospital B,tuned,0,0,0.289249,0.34143305
HB-01084,Hospital B,tuned,0,0,0.2004914,0.22375798
HB-01085,Hospital B,tuned,0,0,0.22507784,0.25499272
HB-01086,Hospital B,tuned,0,0,0.28630593,0.3373009
HB-01089,Hospital B,tuned,0,0,0.39716032,0.506104
HB-01090,Hospital B,tuned,0,1,0.7682561,0.26363206
HB-01093,Hospital B,tuned,0,1,0.82329935,0.19443539
HB-01098,Hospital B,tuned,0,1,0.3531606,1.0408324
HB-01100,Hospital B,tuned,0,0,0.54814947,0.7944039
HB-01101,Hospital B,tuned,0,0,0.50352937,0.70023096
HB-01102,Hospital B,tuned,0,0,0.7817034,1.5219009
HB-01103,Hospital B,tuned,0,1,0.18888654,1.6666088
HB-01104,Hospital B,tuned,0,0,0.8250918,1.7434939
HB-01105,Hospital B,tuned,0,1,0.5718536,0.5588723
HB-01107,Hospital B,tuned,0,0,0.21846434,0.24649453
HB-01108,Hospital B,tuned,0,1,0.53432226,0.6267562
HB-01109,Hospital B,tuned,0,0,0.52134913,0.73678386
HB-01111,Hospital B,tuned,0,1,0.8125964,0.20752072
HB-01112,Hospital B,tuned,0,0,0.56696576,0.8369386
HB-01116,Hospital B,tuned,0,0,0.26813012,0.3121525
HB-01117,Hospital B,tuned,0,1,0.44345123,0.81316745
HB-01120,Hospital B,tuned,0,1,0.41698867,0.87469625
HB-01122,Hospital B,tuned,0,1,0.8607671,0.14993125
HB-01124,Hospital B,tuned,0,0,0.55191016,0.80276155
HB-01125,Hospital B,tuned,0,0,0.35081306,0.4320346
HB-01126,Hospital B,tuned,0,0,0.6433406,1.030974
HB-01127,Hospital B,tuned,0,1,0.7423485,0.29793644
HB-01128,Hospital B,tuned,0,0,0.32113966,0.3873399
HB-01130,Hospital B,tuned,0,1,0.88211894,0.12542842
HB-01133,Hospital B,tuned,0,1,0.6633676,0.41042596
HB-01134,Hospital B,tuned,0,0,0.6938896,1.1838095
HB-01135,Hospital B,tuned,0,0,0.45496124,0.60689837
HB-01136,Hospital B,tuned,0,0,0.1807667,0.19938636
HB-01137,Hospital B,tuned,0,1,0.28146204,1.2677577
HB-01138,Hospital B,tuned,0,0,0.7061169,1.2245733
HB-01139,Hospital B,tuned,0,1,0.6853147,0.3778771
HB-01142,Hospital B,tuned,0,0,0.19984904,0.22295487
HB-01149,Hospital B,tuned,0,0,0.46520448,0.6258707
HB-01153,Hospital B,tuned,0,0,0.84614444,1.8717409
HB-01156,Hospital B,tuned,0,1,0.66366065,0.4099844
HB-01157,Hospital B,tuned,0,1,0.8930443,0.11311914
HB-01159,Hospital B,tuned,0,1,0.87397474,0.13470381
HB-01165,Hospital B,tuned,0,0,0.22437052,0.2540804
HB-01166,Hospital B,tuned,0,1,0.7146353,0.33598295
HB-01167,Hospital B,tuned,0,0,0.16787836,0.18377662
HB-01169,Hospital B,tuned,0,0,0.54628825,0.7902932
HB-01173,Hospital B,tuned,0,0,0.48495013,0.66349155
HB-01174,Hospital B,tuned,0,1,0.97074,0.02969662
HB-01175,Hospital B,tuned,0,1,0.7825105,0.24524792
HB-01182,Hospital B,tuned,0,1,0.76271296,0.27087346
HB-01184,Hospital B,tuned,0,1,0.6062769,0.5004184
HB-01185,Hospital B,tuned,0,1,0.6524576,0.4270092
HB-01190,Hospital B,tuned,0,1,0.68673736,0.3758034
HB-01192,Hospital B,tuned,0,1,0.7041618,0.35074708
HB-01194,Hospital B,tuned,0,0,0.7613591,1.4327953
HB-01196,Hospital B,tuned,0,0,0.3651259,0.45432854
HB-01200,Hospital B,tuned,0,1,0.86232126,0.1481274
HB-01202,Hospital B,tuned,0,0,0.7181137,1.2662514
HB-01204,Hospital B,tuned,0,1,0.8693996,0.13995245
HB-01205,Hospital B,tuned,0,0,0.527238,0.74916327
HB-01206,Hospital B,tuned,0,0,0.6906479,1.1732751
HB-01210,Hospital B,tuned,0,0,0.50098896,0.69512707
HB-01211,Hospital B,tuned,0,0,0.7474569,1.3761735
HB-01215,Hospital B,tuned,0,0,0.39772013,0.50703305
HB-01216,Hospital B,tuned,0,0,0.40517014,0.51947993
HB-01219,Hospital B,tuned,0,0,0.85789895,1.9512167
HB-01222,Hospital B,tuned,0,0,0.8271415,1.7552822
HB-01227,Hospital B,tuned,0,0,0.33367705,0.40598083
HB-01228,Hospital B,tuned,0,0,0.54774797,0.79351556
HB-01229,Hospital B,tuned,0,0,0.58520496,0.8799708
HB-01230,Hospital B,tuned,0,1,0.899425,0.10599963
HB-01231,Hospital B,tuned,0,1,0.78353316,0.24394186
HB-01233,Hospital B,tuned,0,0,0.12996459,0.13922131
HB-01237,Hospital B,tuned,0,0,0.8552577,1.9328007
HB-01238,Hospital B,tuned,0,0,0.49127966,0.6758568
HB-01240,Hospital B,tuned,0,0,0.55808294,0.816633
HB-01241,Hospital B,tuned,0,0,0.6664069,1.0978334
HB-01242,Hospital B,tuned,0,0,0.48961207,0.67258424
HB-01243,Hospital B,tuned,0,0,0.539686,0.77584654
HB-01244,Hospital B,tuned,0,0,0.7184616,1.2674866
HB-01246,Hospital B,tuned,0,1,0.93327874,0.0690513
HB-01247,Hospital B,tuned,0,0,0.8956093,2.2596145
HB-01250,Hospital B,tuned,0,0,0.5793048,0.86584675
HB-01256,Hospital B,tuned,0,0,0.6484022,1.0452676
HB-01257,Hospital B,tuned,0,0,0.7761884,1.4969505
HB-01258,Hospital B,tuned,0,0,0.53661996,0.7692078
HB-01261,Hospital B,tuned,0,1,0.3750197,0.9807768
HB-01262,Hospital B,tuned,0,0,0.5273251,0.74934745
HB-01264,Hospital B,tuned,0,0,0.56162703,0.8246852
HB-01266,Hospital B,tuned,0,1,0.60237414,0.5068765
HB-01268,Hospital B,tuned,0,1,0.6753736,0.39248928
HB-01271,Hospital B,tuned,0,0,0.25336874,0.29218388
HB-01272,Hospital B,tuned,0,1,0.4102139,0.89107656
HB-01276,Hospital B,tuned,0,0,0.3325462,0.4042852
HB-01277,Hospital B,tuned,0,0,0.3860645,0.48786545
HB-01278,Hospital B,tuned,0,1,0.74368775,0.29613405
HB-01280,Hospital B,tuned,0,0,0.31105444,0.372593
HB-01283,Hospital B,tuned,0,0,0.25443923,0.29361868
HB-01284,Hospital B,tuned,0,1,0.79808855,0.22553577
HB-01288,Hospital B,tuned,0,0,0.3417289,0.41813844
HB-01289,Hospital B,tuned,0,0,0.3915257,0.4968006
HB-01290,Hospital B,tuned,0,1,0.49908853,0.69497174
HB-01291,Hospital B,tuned,0,0,0.64727795,1.0420749
HB-01293,Hospital B,tuned,0,0,0.49196902,0.67721283
HB-01295,Hospital B,tuned,0,1,0.5156157,0.6623935
HB-01299,Hospital B,tuned,0,0,0.6366028,1.0122588
HB-01301,Hospital B,tuned,0,0,0.577745,0.86214596
HB-01303,Hospital B,tuned,0,1,0.8141517,0.20560856
HB-01305,Hospital B,tuned,0,1,0.5766682,0.5504882
HB-01307,Hospital B,tuned,0,0,0.4012326,0.5128821
HB-01315,Hospital B,tuned,0,0,0.48375458,0.661173
HB-01316,Hospital B,tuned,0,0,0.36455706,0.45343298
HB-01319,Hospital B,tuned,0,0,0.22480069,0.2546351
HB-01320,Hospital B,tuned,0,0,0.5427288,0.78247863
HB-01321,Hospital B,tuned,0,1,0.8505566,0.16186427
HB-01322,Hospital B,tuned,0,0,0.2910521,0.34397328
HB-01324,Hospital B,tuned,0,0,0.56673044,0.8363952
HB-01326,Hospital B,tuned,0,0,0.19438012,0.21614325
HB-01327,Hospital B,tuned,0,0,0.41698226,0.53953767
HB-01329,Hospital B,tuned,0,0,0.40133512,0.5130533
HB-01330,Hospital B,tuned,0,0,0.36814246,0.4590913
HB-01331,Hospital B,tuned,0,0,0.25529256,0.2947638
HB-01334,Hospital B,tuned,0,0,0.41862667,0.54236215
HB-01335,Hospital B,tuned,0,0,0.86671627,2.0152755
HB-01336,Hospital B,tuned,0,1,0.75085974,0.2865364
HB-01337,Hospital B,tuned,0,0,0.64772594,1.0433458
HB-01341,Hospital B,tuned,0,1,0.88030547,0.12748632
HB-01343,Hospital B,tuned,0,1,0.4102272,0.89104414
HB-01345,Hospital B,tuned,0,0,0.6750187,1.1239877
HB-01350,Hospital B,tuned,0,0,0.8011986,1.6154492
HB-01353,Hospital B,tuned,0,1,0.8920392,0.114245266
HB-01354,Hospital B,tuned,0,1,0.7028344,0.35263395
HB-01356,Hospital B,tuned,0,1,0.6433076,0.44113225
HB-01357,Hospital B,tuned,0,0,0.6746137,1.1227422
HB-01359,Hospital B,tuned,0,1,0.50912493,0.6750619
HB-01361,Hospital B,tuned,0,1,0.54490817,0.607138
HB-01362,Hospital B,tuned,0,0,0.61132896,0.945022
HB-01366,Hospital B,tuned,0,0,0.32786813,0.39730072
HB-01367,Hospital B,tuned,0,1,0.79650664,0.2275198
HB-01368,Hospital B,tuned,0,1,0.89941955,0.106005654
HB-01372,Hospital B,tuned,0,0,0.35847542,0.44390774
HB-01374,Hospital B,tuned,0,0,0.85156417,1.9076028
HB-01376,Hospital B,tuned,0,1,0.75270385,0.28408346
HB-01377,Hospital B,tuned,0,0,0.46913528,0.63324815
HB-01378,Hospital B,tuned,0,0,0.33422464,0.4068029
HB-01379,Hospital B,tuned,0,0,0.64827025,1.0448922
HB-01384,Hospital B,tuned,0,1,0.49300787,0.7072301
HB-01386,Hospital B,tuned,0,1,0.8290916,0.1874246
HB-01387,Hospital B,tuned,0,0,0.27095723,0.31602287
HB-01388,Hospital B,tuned,0,0,0.66038406,1.0799398
HB-01390,Hospital B,tuned,0,0,0.7685199,1.4632611
HB-01393,Hospital B,tuned,0,0,0.41592297,0.53772235
HB-01400,Hospital B,tuned,0,0,0.76655763,1.4548199
HB-01402,Hospital B,tuned,0,0,0.3855158,0.48697203
HB-01403,Hospital B,tuned,0,0,0.20599341,0.23066354
HB-01404,Hospital B,tuned,0,1,0.37341213,0.9850726
HB-01406,Hospital B,tuned,0,0,0.7053776,1.2220607
HB-01409,Hospital B,tuned,0,1,0.5186435,0.6565386
HB-01411,Hospital B,tuned,0,0,0.36332694,0.45149893
HB-01412,Hospital B,tuned,0,1,0.4232423,0.85981053
HB-01413,Hospital B,tuned,0,1,0.5266739,0.6411737
HB-01417,Hospital B,tuned,0,0,0.0863306,0.09028649
HB-01419,Hospital B,tuned,0,0,0.43588936,0.5725049
HB-01422,Hospital B,tuned,0,0,0.5348856,0.7654718
HB-01425,Hospital B,tuned,0,0,0.7330241,1.320597
HB-01427,Hospital B,tuned,0,0,0.4183129,0.5418226
HB-01431,Hospital B,tuned,0,1,0.9079539,0.09656166
HB-01432,Hospital B,tuned,0,1,0.3926533,0.9348283
HB-01433,Hospital B,tuned,0,0,0.42849892,0.55948895
HB-01434,Hospital B,tuned,0,1,0.6010761,0.5090337
HB-01435,Hospital B,tuned,0,1,0.9077507,0.09678546
HB-01437,Hospital B,tuned,0,1,0.35175103,1.0448315
HB-01438,Hospital B,tuned,0,1,0.8190465,0.1996144
HB-01439,Hospital B,tuned,0,0,0.50600123,0.7052223
HB-01440,Hospital B,tuned,0,0,0.43246534,0.56645346
HB-01441,Hospital B,tuned,0,0,0.17135632,0.18796504
HB-01442,Hospital B,tuned,0,0,0.42719424,0.5572086
HB-01444,Hospital B,tuned,0,0,0.61933166,0.96582675
HB-01446,Hospital B,tuned,0,0,0.35800192,0.4431699
HB-01447,Hospital B,tuned,0,0,0.40066484,0.5119343
HB-01448,Hospital B,tuned,0,0,0.26271126,0.3047757
HB-01449,Hospital B,tuned,0,0,0.42972675,0.5616396
HB-01450,Hospital B,tuned,0,0,0.7104611,1.2394655
HB-01452,Hospital B,tuned,0,0,0.60351896,0.92512715
HB-01455,Hospital B,tuned,0,0,0.47052103,0.6358618
HB-01456,Hospital B,tuned,0,0,0.49211836,0.6775068
HB-01457,Hospital B,tuned,0,0,0.44062263,0.58093095
HB-01459,Hospital B,tuned,0,1,0.7592242,0.27545822
HB-01460,Hospital B,tuned,0,0,0.32931933,0.3994621
HB-01463,Hospital B,tuned,0,0,0.56242263,0.8265017
HB-01464,Hospital B,tuned,0,0,0.6189242,0.96475697
HB-01466,Hospital B,tuned,0,0,0.39543977,0.50325406
HB-01467,Hospital B,tuned,0,1,0.84184986,0.17215356
HB-01468,Hospital B,tuned,0,0,0.379888,0.47785515
HB-01472,Hospital B,tuned,0,1,0.6441171,0.43987477
HB-01475,Hospital B,tuned,0,0,0.28369454,0.33364856
HB-01479,Hospital B,tuned,0,1,0.69836414,0.35901463
HB-01481,Hospital B,tuned,0,1,0.6260499,0.46832526
HB-01483,Hospital B,tuned,0,0,0.19819567,0.22089064
HB-01484,Hospital B,tuned,0,0,0.47757834,0.6492803
HB-01485,Hospital B,tuned,0,0,0.3952862,0.50299996
HB-01488,Hospital B,tuned,0,0,0.7382772,1.3404694
HB-01489,Hospital B,tuned,0,1,0.55825144,0.5829458
HB-01490,Hospital B,tuned,0,0,0.7499967,1.3862811
HB-01491,Hospital B,tuned,0,0,0.40817934,0.5245517
HB-01492,Hospital B,tuned,0,1,0.5226503,0.6488427
HB-01494,Hospital B,tuned,0,0,0.38719964,0.48971605
HB-01498,Hospital B,tuned,0,1,0.5848496,0.53640056
HB-01499,Hospital B,tuned,0,0,0.21645005,0.24392045
HB-01500,Hospital B,tuned,0,0,0.41419637,0.5347706
HB-01506,Hospital B,tuned,0,1,0.69333243,0.36624572
HB-01508,Hospital B,tuned,0,0,0.28301683,0.332703
HB-01510,Hospital B,tuned,0,0,0.5765606,0.85934484
HB-01515,Hospital B,tuned,0,0,0.77059996,1.472288
HB-01517,Hospital B,tuned,0,1,0.17045881,1.7692616
HB-01518,Hospital B,tuned,0,0,0.5527756,0.8046949
HB-01519,Hospital B,tuned,0,1,0.695692,0.36284825
HB-01521,Hospital B,tuned,0,0,0.24878086,0.28605783
HB-01522,Hospital B,tuned,0,1,0.38011277,0.9672874
HB-01525,Hospital B,tuned,0,1,0.43147388,0.84054834
HB-01526,Hospital B,tuned,0,1,0.85067904,0.16172042
HB-01527,Hospital B,tuned,0,1,0.89168453,0.1146429
HB-01530,Hospital B,tuned,0,1,0.4054382,0.90278685
HB-01531,Hospital B,tuned,0,1,0.7272062,0.3185453
HB-01533,Hospital B,tuned,0,0,0.38735914,0.48997647
HB-01539,Hospital B,tuned,0,1,0.34991914,1.0500531
HB-01540,Hospital B,tuned,0,1,0.36070094,1.0197061
HB-01541,Hospital B,tuned,0,0,0.46741894,0.6300202
HB-01543,Hospital B,tuned,0,1,0.5815054,0.542135
HB-01544,Hospital B,tuned,0,0,0.7503261,1.3875997
HB-01545,Hospital B,tuned,0,0,0.12822202,0.1372205
HB-01548,Hospital B,tuned,0,1,0.9455777,0.055959314
HB-01550,Hospital B,tuned,0,0,0.24230024,0.2774681
HB-01551,Hospital B,tuned,0,0,0.4091691,0.52622545
HB-01555,Hospital B,tuned,0,0,0.7854925,1.5394105
HB-01558,Hospital B,tuned,0,1,0.61563426,0.48510224
HB-01560,Hospital B,tuned,0,1,0.21239254,1.5493191
HB-01565,Hospital B,tuned,0,0,0.5335617,0.7626295
HB-01566,Hospital B,tuned,0,1,0.7258317,0.32043713
HB-01571,Hospital B,tuned,0,1,0.7229106,0.32446975
HB-01572,Hospital B,tuned,0,0,0.37283424,0.46654445
HB-01573,Hospital B,tuned,0,0,0.7572381,1.4156742
HB-01574,Hospital B,tuned,0,0,0.17385791,0.19098854
HB-01575,Hospital B,tuned,0,1,0.78836685,0.2377918
HB-01578,Hospital B,tuned,0,1,0.69038826,0.3705012
HB-01580,Hospital B,tuned,0,1,0.739121,0.30229363
HB-01582,Hospital B,tuned,0,1,0.7276658,0.3179134
HB-01583,Hospital B,tuned,0,0,0.14949471,0.1619246
HB-01588,Hospital B,tuned,0,1,0.41648176,0.87591267
HB-01590,Hospital B,tuned,0,0,0.7744298,1.4891237
HB-01593,Hospital B,tuned,0,1,0.55843186,0.58262265
HB-01596,Hospital B,tuned,0,1,0.3203881,1.1382222
HB-01597,Hospital B,tuned,0,0,0.13434564,0.14426959
HB-01598,Hospital B,tuned,0,0,0.8053466,1.6365349
HB-01599,Hospital B,tuned,0,1,0.48009512,0.7337711
HB-01600,Hospital B,tuned,0,1,0.18312299,1.6975973
HB-01601,Hospital B,tuned,0,1,0.8930887,0.11306938
HB-01602,Hospital B,tuned,0,0,0.65642536,1.0683508
HB-01603,Hospital B,tuned,0,0,0.468122,0.63134116
HB-01607,Hospital B,tuned,0,0,0.6104938,0.9428755
HB-01608,Hospital B,tuned,0,1,0.90479386,0.10004812
HB-01609,Hospital B,tuned,0,0,0.64529395,1.0364659
HB-01616,Hospital B,tuned,0,0,0.6513443,1.0536704
HB-01618,Hospital B,tuned,0,0,0.54306704,0.78321856
HB-01624,Hospital B,tuned,0,1,0.695285,0.36343345
HB-01626,Hospital B,tuned,0,0,0.7712182,1.4749866
HB-01628,Hospital B,tuned,0,1,0.61331266,0.4888804
HB-01633,Hospital B,tuned,0,1,0.6836418,0.3803212
HB-01636,Hospital B,tuned,0,1,0.6616757,0.4129797
HB-01637,Hospital B,tuned,0,0,0.69532573,1.1885121
HB-01639,Hospital B,tuned,0,0,0.33700314,0.410985
HB-01640,Hospital B,tuned,0,0,0.53037953,0.7558304
HB-01641,Hospital B,tuned,0,1,0.6837817,0.38011658
HB-01643,Hospital B,tuned,0,1,0.85569507,0.15584119
HB-01644,Hospital B,tuned,0,1,0.19314773,1.6443
HB-01645,Hospital B,tuned,0,0,0.2505651,0.28843582
HB-01648,Hospital B,tuned,0,1,0.29582614,1.2179834
HB-01649,Hospital B,tuned,0,0,0.35543346,0.43917722
HB-01650,Hospital B,tuned,0,1,0.7371736,0.30493182
HB-01652,Hospital B,tuned,0,1,0.73363006,0.30975032
HB-01654,Hospital B,tuned,0,0,0.31832469,0.38320184
HB-01655,Hospital B,tuned,0,0,0.3264048,0.395126
HB-01656,Hospital B,tuned,0,0,0.46387136,0.62338114
HB-01657,Hospital B,tuned,0,0,0.4994186,0.6919851
HB-01659,Hospital B,tuned,0,0,0.63656497,1.0121547
HB-01663,Hospital B,tuned,0,0,0.81454736,1.6849558
HB-01664,Hospital B,tuned,0,1,0.52707005,0.6404218
HB-01666,Hospital B,tuned,0,0,0.6593013,1.0767567
HB-01670,Hospital B,tuned,0,1,0.43143055,0.8406488
HB-01671,Hospital B,tuned,0,0,0.28346503,0.33332825
HB-01674,Hospital B,tuned,0,0,0.23907979,0.27322674
HB-01675,Hospital B,tuned,0,0,0.46039864,0.61692464
HB-01680,Hospital B,tuned,0,0,0.6549619,1.0641005
HB-01681,Hospital B,tuned,0,0,0.16910292,0.18524933
HB-01682,Hospital B,tuned,0,0,0.12627085,0.13498485
HB-01683,Hospital B,tuned,0,1,0.91055924,0.09369632
HB-01686,Hospital B,tuned,0,1,0.82891244,0.18764074
HB-01687,Hospital B,tuned,0,0,0.844519,1.8612318
HB-01691,Hospital B,tuned,0,0,0.68423736,1.1527647
HB-01693,Hospital B,tuned,0,1,0.5686065,0.56456673
HB-01694,Hospital B,tuned,0,0,0.30442923,0.36302257
HB-01696,Hospital B,tuned,0,0,0.7248883,1.2905781
HB-01698,Hospital B,tuned,0,0,0.39091572,0.4957986
HB-01699,Hospital B,tuned,0,0,0.65997463,1.078735
HB-01701,Hospital B,tuned,0,0,0.3235097,0.3908372
HB-01703,Hospital B,tuned,0,0,0.3393487,0.4145291
HB-01704,Hospital B,tuned,0,0,0.5933533,0.89981043
HB-01705,Hospital B,tuned,0,0,0.15443888,0.16775489
HB-01706,Hospital B,tuned,0,0,0.37929362,0.47689718
HB-01707,Hospital B,tuned,0,0,0.568733,0.8410278
HB-01708,Hospital B,tuned,0,0,0.41726544,0.5400235
HB-01709,Hospital B,tuned,0,1,0.86330473,0.14698754
HB-01712,Hospital B,tuned,0,0,0.6108294,0.9437374
HB-01714,Hospital B,tuned,0,1,0.9007248,0.10455552
HB-01715,Hospital B,tuned,0,1,0.862271,0.14818561
HB-01718,Hospital B,tuned,0,1,0.8914644,0.11488975
HB-01719,Hospital B,tuned,0,1,0.643135,0.44140065
HB-01720,Hospital B,tuned,0,0,0.117339104,0.12481427
HB-01722,Hospital B,tuned,0,1,0.7645496,0.26846838
HB-01726,Hospital B,tuned,0,0,0.14825591,0.16046917
HB-01727,Hospital B,tuned,0,1,0.78937876,0.23650908
HB-01729,Hospital B,tuned,0,0,0.39977086,0.51044387
HB-01730,Hospital B,tuned,0,1,0.5127385,0.66798925
HB-01732,Hospital B,tuned,0,1,0.6562725,0.4211792
HB-01733,Hospital B,tuned,0,1,0.63908607,0.44771618
HB-01734,Hospital B,tuned,0,1,0.92384696,0.079208806
HB-01737,Hospital B,tuned,0,0,0.5662962,0.8353935
HB-01738,Hospital B,tuned,0,1,0.8230894,0.19469048
HB-01740,Hospital B,tuned,0,0,0.48462328,0.6628571
HB-01742,Hospital B,tuned,0,1,0.81468433,0.20495462
HB-01744,Hospital B,tuned,0,0,0.8686396,2.0298107
HB-01747,Hospital B,tuned,0,0,0.43457237,0.5701729
HB-01748,Hospital B,tuned,0,1,0.6399825,0.44631442
HB-01749,Hospital B,tuned,0,1,0.56226945,0.575774
HB-01750,Hospital B,tuned,0,1,0.7664039,0.26604602
HB-01751,Hospital B,tuned,0,0,0.55457634,0.8087294
HB-01752,Hospital B,tuned,0,1,0.7305975,0.31389257
HB-01753,Hospital B,tuned,0,1,0.6578935,0.41871226
HB-01755,Hospital B,tuned,0,1,0.8266227,0.1904069
HB-01757,Hospital B,tuned,0,1,0.29720333,1.2133389
HB-01759,Hospital B,tuned,0,0,0.3834359,0.483593
HB-01761,Hospital B,tuned,0,1,0.91910833,0.08435131
HB-01764,Hospital B,tuned,0,1,0.72210157,0.3255894
HB-01765,Hospital B,tuned,0,1,0.82050097,0.19784017
HB-01775,Hospital B,tuned,0,0,0.70106906,1.2075427
HB-01778,Hospital B,tuned,0,0,0.23622791,0.26948583
HB-01779,Hospital B,tuned,0,1,0.8959145,0.1099103
HB-01780,Hospital B,tuned,0,0,0.6712118,1.1123414
HB-01782,Hospital B,tuned,0,0,0.6023473,0.92217636
HB-01783,Hospital B,tuned,0,1,0.7130137,0.33825454
HB-01785,Hospital B,tuned,0,0,0.8173297,1.7000726
HB-01788,Hospital B,tuned,0,0,0.38487324,0.485927
HB-01789,Hospital B,tuned,0,0,0.74181914,1.3540949
HB-01792,Hospital B,tuned,0,1,0.7404655,0.30047616
HB-01793,Hospital B,tuned,0,0,0.85930836,1.9611847
HB-01798,Hospital B,tuned,0,0,0.390601,0.49528205
HB-01799,Hospital B,tuned,0,0,0.42095035,0.5463671
HB-01800,Hospital B,tuned,0,0,0.18761444,0.20778024
HB-01801,Hospital B,tuned,0,0,0.9152032,2.4674976
HB-01807,Hospital B,tuned,0,1,0.9056828,0.09906618
HB-01808,Hospital B,tuned,0,0,0.67774105,1.1323999
HB-01810,Hospital B,tuned,0,0,0.29983816,0.35644376
HB-01812,Hospital B,tuned,0,0,0.56838185,0.8402139
HB-01814,Hospital B,tuned,0,1,0.6628827,0.41115728
HB-01815,Hospital B,tuned,0,1,0.7084316,0.3447018
HB-01817,Hospital B,tuned,0,1,0.9348284,0.0673923
HB-01818,Hospital B,tuned,0,0,0.14832792,0.1605537
HB-01819,Hospital B,tuned,0,0,0.74944615,1.3840815
HB-01823,Hospital B,tuned,0,1,0.5640714,0.57257444
HB-01825,Hospital B,tuned,0,0,0.2358986,0.26905477
HB-01828,Hospital B,tuned,0,1,0.9352056,0.06698894
HB-01829,Hospital B,tuned,0,1,0.59171855,0.5247242
HB-01830,Hospital B,tuned,0,1,0.90352774,0.10144843
HB-01831,Hospital B,tuned,0,1,0.41481385,0.8799254
HB-01832,Hospital B,tuned,0,0,0.6098027,0.94110286
HB-01834,Hospital B,tuned,0,1,0.61735743,0.4823071
HB-01835,Hospital B,tuned,0,1,0.61149484,0.49184874
HB-01836,Hospital B,tuned,0,0,0.12636606,0.13509381
HB-01840,Hospital B,tuned,0,1,0.6873113,0.37496796
HB-01846,Hospital B,tuned,0,0,0.18836707,0.2087071
HB-01847,Hospital B,tuned,0,1,0.6463611,0.43639693
HB-01849,Hospital B,tuned,0,0,0.4955462,0.684279
HB-01851,Hospital B,tuned,0,0,0.3730426,0.46687675
HB-01854,Hospital B,tuned,0,0,0.30602947,0.3653258
HB-01857,Hospital B,tuned,0,1,0.6984975,0.35882375
HB-01859,Hospital B,tuned,0,0,0.57685477,0.8600398
HB-01861,Hospital B,tuned,0,1,0.94051254,0.061330322
HB-01862,Hospital B,tuned,0,0,0.664988,1.093589
HB-01864,Hospital B,tuned,0,0,0.78327596,1.5291302
HB-01866,Hospital B,tuned,0,0,0.7692222,1.4662999
HB-01870,Hospital B,tuned,0,0,0.25364247,0.29255056
HB-01872,Hospital B,tuned,0,0,0.20633458,0.23109329
HB-01873,Hospital B,tuned,0,0,0.26043674,0.30169547
HB-01877,Hospital B,tuned,0,1,0.816783,0.2023818
HB-01879,Hospital B,tuned,0,0,0.41924158,0.54342043
HB-01883,Hospital B,tuned,0,0,0.53613156,0.76815426
HB-01885,Hospital B,tuned,0,1,0.8615901,0.1489757
HB-01886,Hospital B,tuned,0,1,0.34712118,1.0580814
HB-01889,Hospital B,tuned,0,0,0.551823,0.80256706
HB-01892,Hospital B,tuned,0,1,0.45618802,0.78485024
HB-01894,Hospital B,tuned,0,1,0.62171596,0.4752719
HB-01898,Hospital B,tuned,0,1,0.52186126,0.65035355
HB-01899,Hospital B,tuned,0,0,0.45924336,0.6147859
HB-01901,Hospital B,tuned,0,1,0.7793434,0.24930346
HB-01902,Hospital B,tuned,0,0,0.17599124,0.19357407
HB-01906,Hospital B,tuned,0,0,0.23014587,0.26155424
HB-01909,Hospital B,tuned,0,0,0.17520975,0.19262612
HB-01911,Hospital B,tuned,0,0,0.38474354,0.4857161
HB-01913,Hospital B,tuned,0,0,0.56269705,0.82712907
HB-01915,Hospital B,tuned,0,1,0.17102195,1.7659633
HB-01916,Hospital B,tuned,0,0,0.16106665,0.17562401
HB-01917,Hospital B,tuned,0,0,0.36856797,0.45976496
HB-01918,Hospital B,tuned,0,1,0.77552074,0.25422055
HB-01919,Hospital B,tuned,0,0,0.22859728,0.25954473
HB-01920,Hospital B,tuned,0,1,0.8801285,0.1276873
HB-01921,Hospital B,tuned,0,1,0.5839639,0.5379162
HB-01922,Hospital B,tuned,0,0,0.4402962,0.58034754
HB-01925,Hospital B,tuned,0,0,0.47057387,0.63596165
HB-01927,Hospital B,tuned,0,1,0.8535443,0.15835781
HB-01929,Hospital B,tuned,0,1,0.6041355,0.5039567
HB-01930,Hospital B,tuned,0,0,0.16050243,0.17495167
HB-01932,Hospital B,tuned,0,0,0.27361003,0.3196683
HB-01935,Hospital B,tuned,0,1,0.9205678,0.082764626
HB-01937,Hospital B,tuned,0,0,0.36083603,0.44759429
HB-01938,Hospital B,tuned,0,1,0.29528153,1.219826
HB-01940,Hospital B,tuned,0,1,0.2502507,1.385292
HB-01942,Hospital B,tuned,0,0,0.21159463,0.2377429
HB-01944,Hospital B,tuned,0,0,0.34673783,0.42577672
HB-01945,Hospital B,tuned,0,0,0.5782731,0.86339736
HB-01949,Hospital B,tuned,0,1,0.8410465,0.17310837
HB-01954,Hospital B,tuned,0,1,0.852453,0.15963724
HB-01955,Hospital B,tuned,0,0,0.29750642,0.35311902
HB-01956,Hospital B,tuned,0,1,0.8695804,0.13974448
HB-01957,Hospital B,tuned,0,1,0.41425675,0.88126934
HB-01959,Hospital B,tuned,0,1,0.6161783,0.48421893
HB-01962,Hospital B,tuned,0,0,0.8031031,1.6250751
HB-01963,Hospital B,tuned,0,1,0.40207246,0.91112304
HB-01964,Hospital B,tuned,0,0,0.74853384,1.3804469
HB-01965,Hospital B,tuned,0,0,0.4767738,0.6477415
HB-01966,Hospital B,tuned,0,1,0.89472187,0.11124243
HB-01967,Hospital B,tuned,0,1,0.8571328,0.15416242
HB-01968,Hospital B,tuned,0,0,0.51056355,0.71450067
HB-01969,Hospital B,tuned,0,1,0.728644,0.31657
HB-01970,Hospital B,tuned,0,1,0.66087085,0.41419688
HB-01971,Hospital B,tuned,0,1,0.66749597,0.40422192
HB-01972,Hospital B,tuned,0,0,0.10417088,0.11000562
HB-01973,Hospital B,tuned,0,0,0.8266232,1.7522882
HB-01975,Hospital B,tuned,0,0,0.28184253,0.3310665
HB-01977,Hospital B,tuned,0,1,0.763361,0.27002424
HB-01978,Hospital B,tuned,0,0,0.33785057,0.412264
HB-01981,Hospital B,tuned,0,1,0.48783955,0.7177688
HB-01982,Hospital B,tuned,0,1,0.7168544,0.33288255
HB-01984,Hospital B,tuned,0,1,0.7388187,0.30270275
HB-01987,Hospital B,tuned,0,1,0.57686585,0.55014557
HB-01988,Hospital B,tuned,0,0,0.19809255,0.22076213
HB-01992,Hospital B,tuned,0,0,0.774389,1.488943
HB-01994,Hospital B,tuned,0,1,0.47518307,0.74405515
HB-01996,Hospital B,tuned,0,0,0.78884745,1.5551744
HB-01997,Hospital B,tuned,0,0,0.72223324,1.2809734
HB-01998,Hospital B,tuned,0,0,0.10087033,0.10632801
HB-02002,Hospital B,tuned,0,1,0.8651483,0.14485428
HB-02005,Hospital B,tuned,0,0,0.4936315,0.6804906
HB-02006,Hospital B,tuned,0,0,0.64615035,1.0388831
HB-02008,Hospital B,tuned,0,0,0.40009168,0.51097846
HB-02010,Hospital B,tuned,0,0,0.7813478,1.520273
HB-02013,Hospital B,tuned,0,1,0.711452,0.34044734
HB-02015,Hospital B,tuned,0,1,0.37182927,0.9893205
HB-02016,Hospital B,tuned,0,0,0.5230256,0.7402924
HB-02017,Hospital B,tuned,0,1,0.71595716,0.3341349
HB-02018,Hospital B,tuned,0,1,0.13621205,1.9935424
HB-02019,Hospital B,tuned,0,1,0.8589192,0.1520804
HB-02020,Hospital B,tuned,0,0,0.4744969,0.64339924
HB-02022,Hospital B,tuned,0,0,0.18179688,0.20064461
HB-02024,Hospital B,tuned,0,1,0.5259969,0.64246
HB-02027,Hospital B,tuned,0,1,0.45240766,0.7931716
HB-02029,Hospital B,tuned,0,0,0.30537108,0.3643775
HB-02031,Hospital B,tuned,0,0,0.4601271,0.61642146
HB-02032,Hospital B,tuned,0,1,0.41208887,0.88651615
HB-02036,Hospital B,tuned,0,1,0.6748449,0.39327234
HB-02038,Hospital B,tuned,0,1,0.5260062,0.6424423
HB-02041,Hospital B,tuned,0,0,0.37396562,0.46834993
HB-02043,Hospital B,tuned,0,0,0.3638621,0.4523399
HB-02044,Hospital B,tuned,0,0,0.3112596,0.3728909
HB-02045,Hospital B,tuned,0,1,0.4314737,0.84054875
HB-02046,Hospital B,tuned,0,1,0.37063247,0.9925443
HB-02048,Hospital B,tuned,0,1,0.82235426,0.19558398
HB-02049,Hospital B,tuned,0,1,0.75984514,0.2746407
HB-02050,Hospital B,tuned,0,0,0.8917304,2.2231312
HB-02055,Hospital B,tuned,0,0,0.49657154,0.6863137
HB-02057,Hospital B,tuned,0,0,0.5371506,0.7703535
HB-02061,Hospital B,tuned,0,1,0.85007006,0.16243646
HB-02063,Hospital B,tuned,0,0,0.42650127,0.5559996
HB-02064,Hospital B,tuned,0,1,0.61699176,0.48289964
HB-02065,Hospital B,tuned,0,1,0.8491544,0.16351427
HB-02067,Hospital B,tuned,0,0,0.5602196,0.82147974
HB-02069,Hospital B,tuned,0,1,0.7592734,0.2753934
HB-02071,Hospital B,tuned,0,0,0.7673155,1.4580722
HB-02072,Hospital B,tuned,0,0,0.5638659,0.8298055
HB-02073,Hospital B,tuned,0,0,0.6846615,1.1541086
HB-02074,Hospital B,tuned,0,0,0.5322025,0.7597198
HB-02075,Hospital B,tuned,0,1,0.8576325,0.15357965
HB-02077,Hospital B,tuned,0,0,0.72764933,1.300665
HB-02082,Hospital B,tuned,0,1,0.63674194,0.45139074
HB-02083,Hospital B,tuned,0,0,0.7291629,1.3062375
HB-02084,Hospital B,tuned,0,0,0.5323741,0.7600867
HB-02086,Hospital B,tuned,0,0,0.17982636,0.1982392
HB-02087,Hospital B,tuned,0,0,0.68350446,1.1504462
HB-02088,Hospital B,tuned,0,0,0.5595892,0.8200474
HB-02093,Hospital B,tuned,0,0,0.15225351,0.16517365
HB-02094,Hospital B,tuned,0,1,0.5865128,0.53356075
HB-02096,Hospital B,tuned,0,0,0.69045734,1.1726593
HB-02097,Hospital B,tuned,0,1,0.8578714,0.15330102
HB-02100,Hospital B,tuned,0,1,0.5828572,0.5398131
HB-02101,Hospital B,tuned,0,0,0.45070577,0.5991211
HB-02107,Hospital B,tuned,0,0,0.41033852,0.5282067
HB-02109,Hospital B,tuned,0,0,0.14641172,0.15830624
HB-02115,Hospital B,tuned,0,1,0.73236,0.31148314
HB-02116,Hospital B,tuned,0,0,0.28584668,0.33665764
HB-02118,Hospital B,tuned,0,0,0.549217,0.79676914
HB-02123,Hospital B,tuned,0,0,0.21174417,0.23793256
HB-02126,Hospital B,tuned,0,1,0.8312118,0.18487063
HB-02130,Hospital B,tuned,0,1,0.81435883,0.20535414
HB-02131,Hospital B,tuned,0,0,0.7938425,1.5791146
HB-02132,Hospital B,tuned,0,0,0.55927485,0.8193338
HB-02133,Hospital B,tuned,0,0,0.77879715,1.5086751
HB-02138,Hospital B,tuned,0,0,0.28827494,0.34006357
HB-02142,Hospital B,tuned,0,0,0.24515772,0.28124642
HB-02143,Hospital B,tuned,0,1,0.87776035,0.1303817
HB-02145,Hospital B,tuned,0,0,0.65527683,1.0650136
HB-02146,Hospital B,tuned,0,0,0.49652234,0.68621594
HB-02148,Hospital B,tuned,0,1,0.9160491,0.087685265
HB-02154,Hospital B,tuned,0,1,0.8319344,0.1840017
HB-02156,Hospital B,tuned,0,0,0.3228502,0.38986266
HB-02157,Hospital B,tuned,0,1,0.80713904,0.21425931
HB-02160,Hospital B,tuned,0,0,0.109080814,0.11550164
HB-02161,Hospital B,tuned,0,0,0.5334106,0.7623056
HB-02162,Hospital B,tuned,0,0,0.21149237,0.2376132
HB-02163,Hospital B,tuned,0,1,0.28403825,1.2586464
HB-02164,Hospital B,tuned,0,0,0.33144277,0.4026333
HB-02165,Hospital B,tuned,0,0,0.3345897,0.4073515
HB-02166,Hospital B,tuned,0,0,0.20979837,0.23546708
HB-02167,Hospital B,tuned,0,1,0.47703114,0.7401735
HB-02170,Hospital B,tuned,0,1,0.47470233,0.74506736
HB-02173,Hospital B,tuned,0,0,0.3078497,0.36795217
HB-02177,Hospital B,tuned,0,0,0.525451,0.7453904
HB-02178,Hospital B,tuned,0,0,0.28397065,0.3340342
HB-02180,Hospital B,tuned,0,1,0.8135554,0.20634127
HB-02181,Hospital B,tuned,0,1,0.8408747,0.17331259
HB-02185,Hospital B,tuned,0,0,0.12676135,0.13554633
HB-02186,Hospital B,tuned,0,1,0.8402281,0.17408189
HB-02189,Hospital B,tuned,0,1,0.3660627,1.0049506
HB-02190,Hospital B,tuned,0,1,0.91298854,0.09103195
HB-02191,Hospital B,tuned,0,0,0.6321084,0.99996686
HB-02192,Hospital B,tuned,0,0,0.15698934,0.17077565
HB-02196,Hospital B,tuned,0,0,0.74791676,1.377996
HB-02199,Hospital B,tuned,0,0,0.5032241,0.69961613
HB-02200,Hospital B,tuned,0,1,0.79580617,0.22839965
HB-02201,Hospital B,tuned,0,0,0.646333,1.0393994
HB-02202,Hospital B,tuned,0,1,0.6551049,0.42295995
HB-02205,Hospital B,tuned,0,1,0.23603642,1.4437691
HB-02206,Hospital B,tuned,0,0,0.7799094,1.513716
HB-02207,Hospital B,tuned,0,1,0.44254208,0.81521976
HB-02210,Hospital B,tuned,0,1,0.92510206,0.07785123
HB-02211,Hospital B,tuned,0,1,0.7353992,0.3073418
HB-02212,Hospital B,tuned,0,0,0.44202933,0.5834488
HB-02214,Hospital B,tuned,0,1,0.49647838,0.70021534
HB-02215,Hospital B,tuned,0,0,0.72911847,1.3060737
HB-02216,Hospital B,tuned,0,0,0.56357706,0.82914346
HB-02217,Hospital B,tuned,0,0,0.82043403,1.7172124
HB-02218,Hospital B,tuned,0,1,0.4454207,0.80873597
HB-02221,Hospital B,tuned,0,0,0.6813407,1.1436329
HB-02223,Hospital B,tuned,0,0,0.47080597,0.6364001
HB-02224,Hospital B,tuned,0,1,0.67193174,0.39759853
HB-02227,Hospital B,tuned,0,0,0.5090459,0.7114047
HB-02228,Hospital B,tuned,0,1,0.7898935,0.23585719
HB-02229,Hospital B,tuned,0,1,0.50859547,0.6761024
HB-02230,Hospital B,tuned,0,0,0.56288207,0.82755226
HB-02231,Hospital B,tuned,0,1,0.579588,0.5454378
HB-02233,Hospital B,tuned,0,1,0.50060177,0.69194436
HB-02234,Hospital B,tuned,0,1,0.55768365,0.5839634
HB-02239,Hospital B,tuned,0,0,0.65040123,1.0509691
HB-02240,Hospital B,tuned,0,1,0.71333545,0.33780354
HB-02242,Hospital B,tuned,0,0,0.64498216,1.0355871
HB-02247,Hospital B,tuned,0,1,0.8030884,0.21929042
HB-02248,Hospital B,tuned,0,0,0.46584505,0.62706923
HB-02249,Hospital B,tuned,0,0,0.3152521,0.3787046
HB-02252,Hospital B,tuned,0,0,0.15174377,0.1645726
HB-02258,Hospital B,tuned,0,1,0.6391433,0.44762662
HB-02261,Hospital B,tuned,0,0,0.5676014,0.8384073
HB-02264,Hospital B,tuned,0,0,0.37082562,0.46334684
HB-02266,Hospital B,tuned,0,0,0.49085513,0.6750226
HB-02268,Hospital B,tuned,0,0,0.6807303,1.1417189
HB-02269,Hospital B,tuned,0,1,0.89051807,0.11595186
HB-02270,Hospital B,tuned,0,0,0.35480344,0.43820024
HB-02272,Hospital B,tuned,0,1,0.7846731,0.2424881
HB-02274,Hospital B,tuned,0,0,0.32409108,0.39169693
HB-02275,Hospital B,tuned,0,1,0.3147028,1.1561265
HB-02280,Hospital B,tuned,0,0,0.4780361,0.6501569
HB-02285,Hospital B,tuned,0,0,0.34262636,0.41950274
HB-02286,Hospital B,tuned,0,0,0.4450664,0.58890676
HB-02290,Hospital B,tuned,0,0,0.3313124,0.40243834
HB-02293,Hospital B,tuned,0,0,0.48970938,0.6727749
HB-02294,Hospital B,tuned,0,0,0.6110915,0.9444111
HB-02298,Hospital B,tuned,0,0,0.47339576,0.641306
HB-02299,Hospital B,tuned,0,0,0.66446537,1.0920302
HB-02300,Hospital B,tuned,0,0,0.69204074,1.1777878
HB-02301,Hospital B,tuned,0,1,0.7234113,0.32377735
HB-02302,Hospital B,tuned,0,1,0.90434194,0.10054777
HB-02306,Hospital B,tuned,0,0,0.14946972,0.16189528
HB-02308,Hospital B,tuned,0,0,0.3243476,0.3920765
HB-02309,Hospital B,tuned,0,0,0.48250288,0.6587513
HB-02310,Hospital B,tuned,0,0,0.2156044,0.24284172
HB-02311,Hospital B,tuned,0,0,0.41895872,0.54293346
HB-02312,Hospital B,tuned,0,0,0.28007737,0.3286115
HB-02314,Hospital B,tuned,0,0,0.51624376,0.72617406
HB-02316,Hospital B,tuned,0,0,0.6071778,0.9343982
HB-02319,Hospital B,tuned,0,0,0.25920284,0.30002844
HB-02320,Hospital B,tuned,0,0,0.40569517,0.5203629
HB-02322,Hospital B,tuned,0,1,0.7279719,0.31749284
HB-02324,Hospital B,tuned,0,1,0.5905636,0.52667797
HB-02328,Hospital B,tuned,0,0,0.61192644,0.9465604
HB-02329,Hospital B,tuned,0,1,0.3311978,1.1050396
HB-02330,Hospital B,tuned,0,0,0.55300945,0.80521786
HB-02331,Hospital B,tuned,0,0,0.5098351,0.71301347
HB-02332,Hospital B,tuned,0,0,0.3338494,0.40623945
HB-02334,Hospital B,tuned,0,0,0.8813583,2.1316473
HB-02335,Hospital B,tuned,0,0,0.74317664,1.3593668
HB-02336,Hospital B,tuned,0,0,0.6451279,1.0359976
HB-02338,Hospital B,tuned,0,1,0.8663363,0.14348212
HB-02339,Hospital B,tuned,0,0,0.24827243,0.28538132
HB-02344,Hospital B,tuned,0,0,0.30565372,0.36478448
HB-02346,Hospital B,tuned,0,0,0.7136972,1.2507052
HB-02347,Hospital B,tuned,0,0,0.5210931,0.73624897
HB-02351,Hospital B,tuned,0,0,0.8223577,1.7279832
HB-02352,Hospital B,tuned,0,1,0.7118166,0.33993495
HB-02354,Hospital B,tuned,0,1,0.67783433,0.3888524
HB-02355,Hospital B,tuned,0,0,0.14965472,0.16211283
HB-02357,Hospital B,tuned,0,0,0.39949146,0.5099785
HB-02358,Hospital B,tuned,0,1,0.8007959,0.22214916
HB-02359,Hospital B,tuned,0,0,0.32841527,0.39811504
HB-02360,Hospital B,tuned,0,1,0.73317224,0.31037465
HB-02361,Hospital B,tuned,0,1,0.87057245,0.13860436
HB-02362,Hospital B,tuned,0,1,0.22851847,1.4761382
HB-02363,Hospital B,tuned,0,0,0.72534907,1.2922542
HB-02364,Hospital B,tuned,0,1,0.45269585,0.7925347
HB-02365,Hospital B,tuned,0,0,0.31604132,0.37985778
HB-02366,Hospital B,tuned,0,0,0.3675194,0.45810586
HB-02369,Hospital B,tuned,0,1,0.71459305,0.33604202
HB-02377,Hospital B,tuned,0,0,0.3342166,0.40679085
HB-02378,Hospital B,tuned,0,0,0.2691461,0.31354177
HB-02379,Hospital B,tuned,0,1,0.8231427,0.1946257
HB-02383,Hospital B,tuned,0,1,0.3949497,0.9289968
HB-02386,Hospital B,tuned,0,1,0.9346778,0.067553416
HB-02387,Hospital B,tuned,0,1,0.4918184,0.7096458
HB-02388,Hospital B,tuned,0,1,0.9409662,0.060848106
HB-02389,Hospital B,tuned,0,0,0.7003507,1.2051425
HB-02391,Hospital B,tuned,0,1,0.8808101,0.12691323
HB-02393,Hospital B,tuned,0,1,0.7791378,0.24956734
HB-02394,Hospital B,tuned,0,1,0.62476176,0.4703849
HB-02395,Hospital B,tuned,0,1,0.48388812,0.7259016
HB-02396,Hospital B,tuned,0,0,0.41187504,0.5308159
HB-02397,Hospital B,tuned,0,0,0.25168577,0.28993225
HB-02398,Hospital B,tuned,0,1,0.61269283,0.48989156
HB-02399,Hospital B,tuned,0,0,0.4659937,0.6273477
HB-02400,Hospital B,tuned,0,0,0.83448195,1.7986751
HB-02401,Hospital B,tuned,0,1,0.12784415,2.0569432
HB-02407,Hospital B,tuned,0,0,0.4326876,0.5668451
HB-02410,Hospital B,tuned,0,0,0.32645017,0.39519334
HB-02411,Hospital B,tuned,0,1,0.22414038,1.4954828
HB-02412,Hospital B,tuned,0,0,0.68322164,1.1495528
HB-02413,Hospital B,tuned,0,0,0.43161374,0.564954
HB-02414,Hospital B,tuned,0,0,0.65227294,1.0563375
HB-02415,Hospital B,tuned,0,0,0.7290879,1.3059607
HB-02417,Hospital B,tuned,0,1,0.65191096,0.4278473
HB-02418,Hospital B,tuned,0,1,0.9229403,0.080190785
HB-02421,Hospital B,tuned,0,1,0.91297996,0.09104131
HB-02422,Hospital B,tuned,0,0,0.2566592,0.2966007
HB-02424,Hospital B,tuned,0,0,0.14033198,0.151209
HB-02425,Hospital B,tuned,0,0,0.77510685,1.4921298
HB-02426,Hospital B,tuned,0,1,0.6870179,0.375395
HB-02427,Hospital B,tuned,0,0,0.31617713,0.38005638
HB-02428,Hospital B,tuned,0,0,0.16599837,0.18151987
HB-02430,Hospital B,tuned,0,1,0.55125123,0.5955646
HB-02431,Hospital B,tuned,0,1,0.4293287,0.8455325
HB-02433,Hospital B,tuned,0,1,0.8528298,0.15919526
HB-02437,Hospital B,tuned,0,0,0.5723714,0.8495003
HB-02439,Hospital B,tuned,0,1,0.44663495,0.80601376
HB-02441,Hospital B,tuned,0,0,0.2863761,0.33739924
HB-02442,Hospital B,tuned,0,0,0.5932673,0.89959913
HB-02446,Hospital B,tuned,0,0,0.55534446,0.8104553
HB-02448,Hospital B,tuned,0,0,0.5495895,0.797596
HB-02453,Hospital B,tuned,0,1,0.5358321,0.6239344
HB-02459,Hospital B,tuned,0,1,0.3940485,0.9312812
HB-02461,Hospital B,tuned,0,1,0.5274452,0.6397103
HB-02464,Hospital B,tuned,0,0,0.7091981,1.235113
HB-02466,Hospital B,tuned,0,0,0.4148147,0.53582674
HB-02469,Hospital B,tuned,0,0,0.4847563,0.6631153
HB-02470,Hospital B,tuned,0,0,0.6435864,1.0316634
HB-02472,Hospital B,tuned,0,0,0.8219164,1.7255025
HB-02473,Hospital B,tuned,0,1,0.9114451,0.09272389
HB-02475,Hospital B,tuned,0,1,0.79288834,0.23207285
HB-02476,Hospital B,tuned,0,0,0.26403728,0.30657578
HB-02477,Hospital B,tuned,0,0,0.2058889,0.23053193
HB-02478,Hospital B,tuned,0,0,0.47797117,0.65003246
HB-02481,Hospital B,tuned,0,1,0.87085515,0.13827959
HB-02482,Hospital B,tuned,0,1,0.2754036,1.2895178
HB-02483,Hospital B,tuned,0,1,0.3951434,0.92850655
HB-02484,Hospital B,tuned,0,1,0.7852424,0.24176286
HB-02486,Hospital B,tuned,0,0,0.47633445,0.646902
HB-02489,Hospital B,tuned,0,1,0.7655417,0.26717168
HB-02491,Hospital B,tuned,0,0,0.5757901,0.8575269
HB-02493,Hospital B,tuned,0,0,0.49869224,0.69053507
HB-02494,Hospital B,tuned,0,0,0.48038694,0.6546709
HB-02495,Hospital B,tuned,0,0,0.8241246,1.7379792
HB-02498,Hospital B,tuned,0,1,0.48147428,0.7309025
HB-02499,Hospital B,tuned,0,0,0.28791225,0.3395542
HB-02501,Hospital B,tuned,0,0,0.47545606,0.645226
HB-02503,Hospital B,tuned,0,0,0.91177946,2.4279149
HB-02504,Hospital B,tuned,0,0,0.48158368,0.65697664
HB-02506,Hospital B,tuned,0,1,0.71734893,0.33219293
HB-02507,Hospital B,tuned,0,1,0.36811066,0.9993717
HB-02508,Hospital B,tuned,0,0,0.83319026,1.7909018
HB-02512,Hospital B,tuned,0,1,0.9133252,0.09066328
HB-02514,Hospital B,tuned,0,0,0.5461863,0.7900686
HB-02515,Hospital B,tuned,0,0,0.35369918,0.4364903
HB-02521,Hospital B,tuned,0,0,0.39549533,0.50334585
HB-02522,Hospital B,tuned,0,0,0.12925495,0.13840616
HB-02525,Hospital B,tuned,0,0,0.6385574,1.017652
HB-02526,Hospital B,tuned,0,1,0.630015,0.46201167
HB-02527,Hospital B,tuned,0,0,0.18874234,0.2091695
HB-02528,Hospital B,tuned,0,0,0.21674077,0.24429154
HB-02529,Hospital B,tuned,0,1,0.80561423,0.2161503
HB-02530,Hospital B,tuned,0,1,0.46265158,0.77078104
HB-02531,Hospital B,tuned,0,0,0.23006457,0.26144862
HB-02532,Hospital B,tuned,0,0,0.23984386,0.27423143
HB-02533,Hospital B,tuned,0,0,0.6863777,1.1595659
HB-02537,Hospital B,tuned,0,1,0.898938,0.10654121
HB-02539,Hospital B,tuned,0,0,0.8190767,1.7096825
HB-02541,Hospital B,tuned,0,0,0.77053624,1.4720101
HB-02542,Hospital B,tuned,0,0,0.6557579,1.0664102
HB-02543,Hospital B,tuned,0,0,0.24259682,0.27785957
HB-02549,Hospital B,tuned,0,0,0.60220075,0.9218079
HB-02555,Hospital B,tuned,0,1,0.88430834,0.12294946
HB-02556,Hospital B,tuned,0,1,0.7872258,0.23924014
HB-02557,Hospital B,tuned,0,0,0.14531101,0.15701759
HB-02558,Hospital B,tuned,0,0,0.33157516,0.40283126
HB-02559,Hospital B,tuned,0,1,0.5084848,0.67631996
HB-02566,Hospital B,tuned,0,0,0.09670023,0.10170078
HB-02568,Hospital B,tuned,0,0,0.6498876,1.0495012
HB-02569,Hospital B,tuned,0,0,0.2712165,0.3163786
HB-02570,Hospital B,tuned,0,0,0.69170964,1.1767132
HB-02571,Hospital B,tuned,0,0,0.7384665,1.3411928
HB-02575,Hospital B,tuned,0,0,0.23455247,0.26729465
HB-02577,Hospital B,tuned,0,0,0.7965199,1.5921867
HB-02580,Hospital B,tuned,0,1,0.50779855,0.6776704
HB-02581,Hospital B,tuned,0,0,0.42591307,0.5549744
HB-02588,Hospital B,tuned,0,0,0.3230503,0.3901583
HB-02592,Hospital B,tuned,0,0,0.56081635,0.82283765
HB-02598,Hospital B,tuned,0,0,0.6224659,0.9740943
HB-02600,Hospital B,tuned,0,0,0.44790807,0.59404075
HB-02601,Hospital B,tuned,0,1,0.7089334,0.34399363
HB-02603,Hospital B,tuned,0,0,0.49542725,0.6840433
HB-02605,Hospital B,tuned,0,1,0.5764018,0.5509502
HB-02608,Hospital B,tuned,0,1,0.8199232,0.19854465
HB-02609,Hospital B,tuned,0,0,0.17559598,0.19309449
HB-02610,Hospital B,tuned,0,0,0.5107583,0.71489865
HB-02611,Hospital B,tuned,0,0,0.54054534,0.77771497
HB-02614,Hospital B,tuned,0,0,0.5895161,0.89041865
HB-02616,Hospital B,tuned,0,0,0.23984547,0.27423346
HB-02617,Hospital B,tuned,0,0,0.5389056,0.7741525
HB-02622,Hospital B,tuned,0,1,0.27826643,1.2791762
HB-02626,Hospital B,tuned,0,0,0.33330473,0.4054222
HB-02628,Hospital B,tuned,0,0,0.39637786,0.5048069
HB-02629,Hospital B,tuned,0,1,0.83845013,0.17620017
HB-02630,Hospital B,tuned,0,1,0.8451426,0.1682499
HB-02632,Hospital B,tuned,0,0,0.34643197,0.4253087
HB-02633,Hospital B,tuned,0,1,0.63936013,0.44728747
HB-02635,Hospital B,tuned,0,1,0.59371185,0.5213612
HB-02636,Hospital B,tuned,0,1,0.6017424,0.5079258
HB-02638,Hospital B,tuned,0,0,0.36862335,0.4598527
HB-02642,Hospital B,tuned,0,1,0.4245313,0.85676944
HB-02643,Hospital B,tuned,0,1,0.69379807,0.3655743
HB-02646,Hospital B,tuned,0,1,0.52054834,0.65287256
HB-02647,Hospital B,tuned,0,1,0.48701176,0.7194671
HB-02648,Hospital B,tuned,0,1,0.53667396,0.62236446
HB-02650,Hospital B,tuned,0,0,0.21209075,0.23837233
HB-02654,Hospital B,tuned,0,1,0.7114404,0.34046364
HB-02655,Hospital B,tuned,0,0,0.37043953,0.46273333
HB-02656,Hospital B,tuned,0,0,0.30424908,0.36276352
HB-02659,Hospital B,tuned,0,1,0.6340895,0.45556515
HB-02664,Hospital B,tuned,0,0,0.3418601,0.4183377
HB-02665,Hospital B,tuned,0,1,0.73729914,0.3047616
HB-02668,Hospital B,tuned,0,0,0.39426875,0.5013189
HB-02669,Hospital B,tuned,0,0,0.26819068,0.31223524
HB-02671,Hospital B,tuned,0,1,0.4760116,0.742313
HB-02672,Hospital B,tuned,0,1,0.5439771,0.60884815
HB-02673,Hospital B,tuned,0,0,0.52543896,0.745365
HB-02674,Hospital B,tuned,0,0,0.1930786,0.21452904
HB-02679,Hospital B,tuned,0,0,0.5034511,0.70007336
HB-02680,Hospital B,tuned,0,0,0.69997543,1.203891
HB-02681,Hospital B,tuned,0,1,0.6262016,0.4680829
HB-02682,Hospital B,tuned,0,0,0.88325113,2.1477304
HB-02683,Hospital B,tuned,0,0,0.3072936,0.36714906
HB-02684,Hospital B,tuned,0,0,0.54611987,0.7899221
HB-02686,Hospital B,tuned,0,1,0.9316573,0.07079023
HB-02687,Hospital B,tuned,0,1,0.6178057,0.48158127
HB-02688,Hospital B,tuned,0,0,0.76104206,1.4314675
HB-02689,Hospital B,tuned,0,1,0.6278881,0.46539333
HB-02691,Hospital B,tuned,0,1,0.6381028,0.4492559
HB-02693,Hospital B,tuned,0,0,0.37366578,0.4678712
HB-02695,Hospital B,tuned,0,1,0.90612364,0.098579586
HB-02698,Hospital B,tuned,0,0,0.69792104,1.1970668
HB-02700,Hospital B,tuned,0,0,0.40629563,0.52137375
HB-02701,Hospital B,tuned,0,0,0.5512382,0.8012631
HB-02702,Hospital B,tuned,0,1,0.58672696,0.5331957
HB-02703,Hospital B,tuned,0,0,0.2581582,0.29861927
HB-02704,Hospital B,tuned,0,1,0.72930324,0.3156657
HB-02705,Hospital B,tuned,0,1,0.28907534,1.2410679
HB-02708,Hospital B,tuned,0,0,0.66251343,1.0862296
HB-02711,Hospital B,tuned,0,0,0.48463643,0.6628827
HB-02712,Hospital B,tuned,0,0,0.32643583,0.395172
HB-02713,Hospital B,tuned,0,1,0.7661291,0.2664046
HB-02714,Hospital B,tuned,0,0,0.32061502,0.3865673
HB-02717,Hospital B,tuned,0,0,0.8879582,2.1888838
HB-02719,Hospital B,tuned,0,0,0.6510397,1.0527973
HB-02720,Hospital B,tuned,0,1,0.4243632,0.8571656
HB-02725,Hospital B,tuned,0,0,0.28750926,0.33898842
HB-02726,Hospital B,tuned,0,0,0.16569395,0.18115497
HB-02730,Hospital B,tuned,0,1,0.6771687,0.3898348
HB-02732,Hospital B,tuned,0,0,0.5254098,0.74530363
HB-02743,Hospital B,tuned,0,0,0.16931978,0.1855104
HB-02747,Hospital B,tuned,0,1,0.86829287,0.14122616
HB-02748,Hospital B,tuned,0,0,0.27834523,0.32620847
HB-02749,Hospital B,tuned,0,0,0.72284865,1.2831914
HB-02752,Hospital B,tuned,0,1,0.8365824,0.17843018
HB-02753,Hospital B,tuned,0,1,0.3392999,1.080871
HB-02757,Hospital B,tuned,0,0,0.5524449,0.8039555
HB-02758,Hospital B,tuned,0,0,0.7352041,1.3287958
HB-02759,Hospital B,tuned,0,1,0.647976,0.4339017
HB-02761,Hospital B,tuned,0,0,0.8754448,2.0830066
HB-02762,Hospital B,tuned,0,0,0.50444233,0.70207155
HB-02763,Hospital B,tuned,0,0,0.4351958,0.5712762
HB-02768,Hospital B,tuned,0,0,0.3668864,0.4571054
HB-02770,Hospital B,tuned,0,0,0.28346527,0.3333285
HB-02772,Hospital B,tuned,0,1,0.905004,0.099815935
HB-02773,Hospital B,tuned,0,1,0.8614555,0.14913194
HB-02774,Hospital B,tuned,0,1,0.7360857,0.30640867
HB-02782,Hospital B,tuned,0,0,0.513584,0.720691
HB-02786,Hospital B,tuned,0,0,0.43719906,0.57482934
HB-02788,Hospital B,tuned,0,1,0.5222357,0.64963627
HB-02789,Hospital B,tuned,0,0,0.13659675,0.14687347
HB-02791,Hospital B,tuned,0,1,0.81759155,0.20139235
HB-02792,Hospital B,tuned,0,1,0.33454826,1.094974
HB-02794,Hospital B,tuned,0,0,0.6875526,1.163319
HB-02795,Hospital B,tuned,0,1,0.5692843,0.5633753
HB-02797,Hospital B,tuned,0,0,0.26542836,0.30846775
HB-02798,Hospital B,tuned,0,1,0.92118216,0.08209751
HB-02799,Hospital B,tuned,0,0,0.2554738,0.29500723
HB-02802,Hospital B,tuned,0,0,0.5291203,0.75315267
HB-02804,Hospital B,tuned,0,1,0.9147562,0.08909774
HB-02805,Hospital B,tuned,0,0,0.8723769,2.0586739
HB-02807,Hospital B,tuned,0,1,0.80255485,0.21995516
HB-02809,Hospital B,tuned,0,0,0.1954477,0.21746933
HB-02814,Hospital B,tuned,0,0,0.33868226,0.41352087
HB-02818,Hospital B,tuned,0,0,0.49169323,0.6766702
HB-02820,Hospital B,tuned,0,1,0.6392741,0.44742194
HB-02823,Hospital B,tuned,0,0,0.23857434,0.27256274
HB-02824,Hospital B,tuned,0,1,0.6792955,0.3866991
HB-02825,Hospital B,tuned,0,1,0.79862726,0.22486094
HB-02826,Hospital B,tuned,0,0,0.6555461,1.065795
HB-02827,Hospital B,tuned,0,0,0.5632105,0.82830393
HB-02829,Hospital B,tuned,0,1,0.8164021,0.20284832
HB-02833,Hospital B,tuned,0,0,0.5900218,0.89165133
HB-02834,Hospital B,tuned,0,0,0.36395183,0.45248097
HB-02839,Hospital B,tuned,0,1,0.45178318,0.7945529
HB-02840,Hospital B,tuned,0,1,0.86276865,0.14760867
HB-02843,Hospital B,tuned,0,1,0.8473367,0.16565718
HB-02844,Hospital B,tuned,0,0,0.5938463,0.9010236
HB-02846,Hospital B,tuned,0,1,0.7723931,0.25826165
HB-02851,Hospital B,tuned,0,0,0.37838015,0.47542655
HB-02854,Hospital B,tuned,0,0,0.61647886,0.95836055
HB-02855,Hospital B,tuned,0,1,0.81592226,0.20343614
HB-02856,Hospital B,tuned,0,0,0.50567305,0.7045582
HB-02857,Hospital B,tuned,0,0,0.14025764,0.15112257
HB-02860,Hospital B,tuned,0,1,0.76972383,0.2617235
HB-02861,Hospital B,tuned,0,0,0.25927705,0.30012858
HB-02862,Hospital B,tuned,0,0,0.37685966,0.47298348
HB-02864,Hospital B,tuned,0,0,0.3056018,0.36470973
HB-02865,Hospital B,tuned,0,1,0.7925134,0.23254597
HB-02866,Hospital B,tuned,0,1,0.814322,0.2053994
HB-02867,Hospital B,tuned,0,0,0.5635349,0.82904685
HB-02868,Hospital B,tuned,0,0,0.6334686,1.0036712
HB-02872,Hospital B,tuned,0,0,0.19373025,0.21533692
HB-02873,Hospital B,tuned,0,0,0.27517787,0.32182896
HB-02875,Hospital B,tuned,0,0,0.2720032,0.31745863
HB-02877,Hospital B,tuned,0,1,0.7452076,0.29409248
HB-02880,Hospital B,tuned,0,0,0.33369544,0.40600836
HB-02882,Hospital B,tuned,0,0,0.3830299,0.4829347
HB-02885,Hospital B,tuned,0,0,0.42688864,0.55667526
HB-02887,Hospital B,tuned,0,1,0.52520216,0.643972
HB-02888,Hospital B,tuned,0,1,0.4966771,0.6998152
HB-02891,Hospital B,tuned,0,0,0.6095286,0.9404005
HB-02892,Hospital B,tuned,0,0,0.46703583,0.62930113
HB-02893,Hospital B,tuned,0,0,0.31095883,0.37245423
HB-02900,Hospital B,tuned,0,1,0.18585496,1.6827887
HB-02901,Hospital B,tuned,0,0,0.4397438,0.5793611
HB-02902,Hospital B,tuned,0,0,0.37468317,0.4694969
HB-02904,Hospital B,tuned,0,1,0.56642735,0.56840646
HB-02906,Hospital B,tuned,0,0,0.59002763,0.8916655
HB-02907,Hospital B,tuned,0,0,0.49337253,0.6799793
HB-02908,Hospital B,tuned,0,0,0.15464468,0.1679982
HB-02911,Hospital B,tuned,0,0,0.15949795,0.17375588
HB-02912,Hospital B,tuned,0,1,0.4857064,0.722151
HB-02914,Hospital B,tuned,0,1,0.9238317,0.07922533
HB-02915,Hospital B,tuned,0,0,0.44450408,0.58789396
HB-02916,Hospital B,tuned,0,0,0.48624414,0.6660071
HB-02923,Hospital B,tuned,0,1,0.58032906,0.54415995
HB-02924,Hospital B,tuned,0,1,0.74777466,0.29065362
HB-02926,Hospital B,tuned,0,1,0.86803997,0.14151752
HB-02927,Hospital B,tuned,0,1,0.83432066,0.18113741
HB-02928,Hospital B,tuned,0,0,0.63601464,1.0106416
HB-02930,Hospital B,tuned,0,0,0.5177783,0.72935134
HB-02931,Hospital B,tuned,0,1,0.7627609,0.27081066
HB-02933,Hospital B,tuned,0,1,0.73494554,0.30795884
HB-02934,Hospital B,tuned,0,0,0.22936161,0.26053607
HB-02935,Hospital B,tuned,0,0,0.63776076,1.0154505
HB-02937,Hospital B,tuned,0,0,0.3944056,0.50154483
HB-02939,Hospital B,tuned,0,1,0.9252864,0.0776519
HB-02941,Hospital B,tuned,0,0,0.60648495,0.932636
HB-02942,Hospital B,tuned,0,1,0.76935047,0.26220867
HB-02943,Hospital B,tuned,0,1,0.8607926,0.14990167
HB-02944,Hospital B,tuned,0,0,0.24145566,0.27635396
HB-02949,Hospital B,tuned,0,0,0.3676207,0.4582659
HB-02953,Hospital B,tuned,0,1,0.891631,0.11470293
HB-02955,Hospital B,tuned,0,0,0.2718847,0.3172959
HB-02957,Hospital B,tuned,0,0,0.48841625,0.6702441
HB-02961,Hospital B,tuned,0,0,0.8463828,1.873291
HB-02962,Hospital B,tuned,0,1,0.4228678,0.8606956
HB-02963,Hospital B,tuned,0,1,0.36569458,1.0059568
HB-02964,Hospital B,tuned,0,0,0.5110544,0.715504
HB-02971,Hospital B,tuned,0,0,0.8055389,1.6375229
HB-02972,Hospital B,tuned,0,0,0.81351846,1.6794231
HB-02974,Hospital B,tuned,0,0,0.7749779,1.4915566
HB-02979,Hospital B,tuned,0,0,0.83411825,1.79648
HB-02982,Hospital B,tuned,0,0,0.2972652,0.3527757
HB-02983,Hospital B,tuned,0,1,0.7792327,0.24944565
HB-02985,Hospital B,tuned,0,0,0.38577998,0.48740202
HB-02988,Hospital B,tuned,0,0,0.18008217,0.19855118
HB-02991,Hospital B,tuned,0,0,0.51821774,0.73026305
HB-02992,Hospital B,tuned,0,0,0.61941147,0.9660364
HB-02994,Hospital B,tuned,0,0,0.4125413,0.53194934
HB-02996,Hospital B,tuned,0,1,0.8495484,0.16305043
HB-02997,Hospital B,tuned,0,0,0.71330637,1.2493412
HB-02998,Hospital B,tuned,0,1,0.83754015,0.17728603
HB-03000,Hospital B,tuned,0,0,0.7677088,1.4597633
