record_id,target,lira_score
HA-00001,Non-private (overfit),-0.23400549372362733
HA-00002,Non-private (overfit),0.08770314241094579
HA-00003,Non-private (overfit),0.5556260820408323
HA-00004,Non-private (overfit),0.017616945487500257
HA-00006,Non-private (overfit),-0.2583058130189402
HA-00007,Non-private (overfit),0.28222943505366227
HA-00008,Non-private (overfit),0.5660775310584231
HA-00009,Non-private (overfit),-0.03173714421066376
HA-00010,Non-private (overfit),-0.10082213428065279
HA-00011,Non-private (overfit),-0.0583291283778794
HA-00012,Non-private (overfit),0.45436649674692164
HA-00013,Non-private (overfit),-0.7054099882400244
HA-00015,Non-private (overfit),0.11276828897882307
HA-00016,Non-private (overfit),-0.3821366158471964
HA-00017,Non-private (overfit),1.6109692564995317
HA-00018,Non-private (overfit),0.33184520201895706
HA-00019,Non-private (overfit),-0.4893344987639172
HA-00020,Non-private (overfit),-0.18644593473171867
HA-00021,Non-private (overfit),-0.3922472004268147
HA-00022,Non-private (overfit),-0.06033673521535099
HA-00023,Non-private (overfit),0.37593569141447514
HA-00024,Non-private (overfit),0.4443245841594683
HA-00026,Non-private (overfit),-0.6596029874424632
HA-00027,Non-private (overfit),0.5983558281064753
HA-00028,Non-private (overfit),-0.28494445895732223
HA-00029,Non-private (overfit),-0.07420593364390271
HA-00030,Non-private (overfit),0.06265144099615738
HA-00031,Non-private (overfit),0.12745185468538134
HA-00032,Non-private (overfit),0.4828224621442305
HA-00033,Non-private (overfit),0.1562380051102339
HA-00034,Non-private (overfit),0.2500065719672431
HA-00035,Non-private (overfit),-0.1299766236448744
HA-00036,Non-private (overfit),-0.4626084645441777
HA-00039,Non-private (overfit),0.552844729613904
HA-00040,Non-private (overfit),-0.15717137593557418
HA-00041,Non-private (overfit),0.15686951007590544
HA-00042,Non-private (overfit),0.06613436683805674
HA-00043,Non-private (overfit),-0.22189277632239635
HA-00044,Non-private (overfit),-0.40970899045511666
HA-00045,Non-private (overfit),0.6235611150720817
HA-00046,Non-private (overfit),0.006172752061064379
HA-00047,Non-private (overfit),0.8749161140532489
HA-00048,Non-private (overfit),-0.17120309653891486
HA-00049,Non-private (overfit),0.8270347158899034
HA-00050,Non-private (overfit),0.6254394201347949
HA-00051,Non-private (overfit),0.04452044863562565
HA-00052,Non-private (overfit),0.3252099665747472
HA-00053,Non-private (overfit),-0.2926010200298754
HA-00054,Non-private (overfit),0.7684474170255975
HA-00055,Non-private (overfit),0.1880997756904339
HA-00056,Non-private (overfit),-2.6188820476362045
HA-00058,Non-private (overfit),0.706632583228159
HA-00059,Non-private (overfit),-1.0969281504450747
HA-00060,Non-private (overfit),-0.05582652251626685
HA-00061,Non-private (overfit),0.26895493498061906
HA-00062,Non-private (overfit),-0.36171878651705414
HA-00063,Non-private (overfit),0.03543501281134542
HA-00064,Non-private (overfit),-0.06591400301449601
HA-00065,Non-private (overfit),-0.8159358356863906
HA-00066,Non-private (overfit),-0.6726785571162412
HA-00068,Non-private (overfit),-0.7894661575492288
HA-00069,Non-private (overfit),-0.44757455325214823
HA-00070,Non-private (overfit),0.18976981081571065
HA-00071,Non-private (overfit),0.21505891322666038
HA-00072,Non-private (overfit),-0.01633891530723286
HA-00073,Non-private (overfit),-0.45921520040959285
HA-00074,Non-private (overfit),-0.8843620465795978
HA-00075,Non-private (overfit),0.7704827254460568
HA-00076,Non-private (overfit),0.44650876887102964
HA-00078,Non-private (overfit),-0.0031851863751068965
HA-00079,Non-private (overfit),0.14518929003800873
HA-00080,Non-private (overfit),0.11189288823065335
HA-00081,Non-private (overfit),-0.032383390395370526
HA-00082,Non-private (overfit),0.47776089090435425
HA-00084,Non-private (overfit),-0.08932962412695256
HA-00085,Non-private (overfit),0.11908722616935519
HA-00086,Non-private (overfit),-0.43416545629804304
HA-00087,Non-private (overfit),-0.441064104312316
HA-00088,Non-private (overfit),-0.04114489858383441
HA-00089,Non-private (overfit),-0.07039874667239476
HA-00090,Non-private (overfit),-0.2105043627088352
HA-00091,Non-private (overfit),1.027908892907821
HA-00093,Non-private (overfit),-0.021417087703040183
HA-00094,Non-private (overfit),0.3069861112387555
HA-00095,Non-private (overfit),-1.2771094002993584
HA-00096,Non-private (overfit),0.2990471278740756
HA-00097,Non-private (overfit),0.08852774087481574
HA-00098,Non-private (overfit),-0.6841816666092984
HA-00099,Non-private (overfit),0.7201346166548925
HA-00100,Non-private (overfit),0.4789500959279076
HA-00102,Non-private (overfit),-0.6823719284824568
HA-00103,Non-private (overfit),0.21480881298888677
HA-00104,Non-private (overfit),0.6477773455912206
HA-00105,Non-private (overfit),-0.3093555579383449
HA-00106,Non-private (overfit),-0.3833631133039075
HA-00107,Non-private (overfit),0.3619458711422143
HA-00108,Non-private (overfit),0.701715572219217
HA-00109,Non-private (overfit),-0.09795428947596763
HA-00110,Non-private (overfit),5.7383365254248755
HA-00111,Non-private (overfit),0.7859721232121597
HA-00112,Non-private (overfit),0.44000959902393455
HA-00114,Non-private (overfit),0.21699163759898243
HA-00115,Non-private (overfit),-0.12182141541530123
HA-00116,Non-private (overfit),-0.06358656704641863
HA-00117,Non-private (overfit),0.5088306446444176
HA-00118,Non-private (overfit),-0.039448996655492286
HA-00119,Non-private (overfit),0.18755561933957665
HA-00120,Non-private (overfit),-0.6005713138557469
HA-00122,Non-private (overfit),-0.30921149471009146
HA-00123,Non-private (overfit),0.2710878269591648
HA-00125,Non-private (overfit),0.5773900402763505
HA-00126,Non-private (overfit),-1.5141200998574726
HA-00127,Non-private (overfit),-1.1156995993339356
HA-00128,Non-private (overfit),-0.7143573877874336
HA-00129,Non-private (overfit),-0.5269499560658222
HA-00130,Non-private (overfit),-0.16746849950488873
HA-00131,Non-private (overfit),-0.5498616014978792
HA-00132,Non-private (overfit),0.2550701415475074
HA-00133,Non-private (overfit),-0.9964283911202783
HA-00135,Non-private (overfit),-0.21335579731465293
HA-00137,Non-private (overfit),-0.41514070789985325
HA-00138,Non-private (overfit),-0.04961636973237571
HA-00139,Non-private (overfit),-0.4540578416530383
HA-00140,Non-private (overfit),2.448796850959287
HA-00141,Non-private (overfit),1.2734574526952214
HA-00142,Non-private (overfit),0.48462015351323084
HA-00143,Non-private (overfit),-0.21507722943348195
HA-00144,Non-private (overfit),0.9294024644109364
HA-00145,Non-private (overfit),-0.0202512339804386
HA-00146,Non-private (overfit),0.15493847694688823
HA-00147,Non-private (overfit),-0.8704955287189051
HA-00148,Non-private (overfit),1.0479130000790713
HA-00150,Non-private (overfit),-0.2553268355686895
HA-00151,Non-private (overfit),0.006454198502415354
HA-00152,Non-private (overfit),0.5689051364930275
HA-00153,Non-private (overfit),-0.4300603961750855
HA-00154,Non-private (overfit),-0.1760710900190976
HA-00155,Non-private (overfit),-0.2266927769981063
HA-00156,Non-private (overfit),0.125176565606268
HA-00157,Non-private (overfit),-0.05472072000763517
HA-00158,Non-private (overfit),-0.1634817918515108
HA-00159,Non-private (overfit),-0.03642027879502652
HA-00160,Non-private (overfit),-0.22090398074870965
HA-00161,Non-private (overfit),0.4273667403443351
HA-00162,Non-private (overfit),0.05303889052968369
HA-00163,Non-private (overfit),0.22970307696117986
HA-00164,Non-private (overfit),0.42185310359563455
HA-00165,Non-private (overfit),-0.28156024089579723
HA-00166,Non-private (overfit),0.820164924956055
HA-00167,Non-private (overfit),0.05626657476421415
HA-00168,Non-private (overfit),-0.041666111583367194
HA-00169,Non-private (overfit),0.45547078735348956
HA-00170,Non-private (overfit),0.6810567943614707
HA-00171,Non-private (overfit),0.18162924883145304
HA-00172,Non-private (overfit),0.09286450461447038
HA-00173,Non-private (overfit),0.596392530887726
HA-00174,Non-private (overfit),-0.23249465879918163
HA-00175,Non-private (overfit),-0.4004400489140234
HA-00176,Non-private (overfit),-0.7782088660218771
HA-00177,Non-private (overfit),0.9874630124987753
HA-00178,Non-private (overfit),-1.486406749358098
HA-00179,Non-private (overfit),0.6605546608093362
HA-00180,Non-private (overfit),-0.014880130807276792
HA-00181,Non-private (overfit),-0.11028826474316888
HA-00182,Non-private (overfit),0.36181591085781917
HA-00183,Non-private (overfit),-0.010676994385440786
HA-00186,Non-private (overfit),0.36889205880990283
HA-00187,Non-private (overfit),-0.30335916508039074
HA-00188,Non-private (overfit),0.013728224356123198
HA-00189,Non-private (overfit),-0.26956203387664646
HA-00190,Non-private (overfit),1.3601809394201194
HA-00191,Non-private (overfit),0.4916946744518924
HA-00192,Non-private (overfit),-0.28485718395256887
HA-00193,Non-private (overfit),-0.2751272144266744
HA-00194,Non-private (overfit),-0.2507154809887875
HA-00195,Non-private (overfit),0.7466455185978829
HA-00196,Non-private (overfit),0.25472139576477026
HA-00197,Non-private (overfit),-0.4235503627582584
HA-00198,Non-private (overfit),0.29583840532259553
HA-00199,Non-private (overfit),-0.3822095482554359
HA-00200,Non-private (overfit),0.11055537916029201
HA-00201,Non-private (overfit),0.24406967411492486
HA-00202,Non-private (overfit),0.5746201160846808
HA-00203,Non-private (overfit),-2.5642913034649992
HA-00204,Non-private (overfit),0.47888844536879827
HA-00206,Non-private (overfit),-0.27300820527386005
HA-00207,Non-private (overfit),-0.7228813158752248
HA-00208,Non-private (overfit),0.36969346821288185
HA-00210,Non-private (overfit),0.16360206754177165
HA-00212,Non-private (overfit),0.014769169562011353
HA-00213,Non-private (overfit),0.7221363013660012
HA-00214,Non-private (overfit),-0.4035094677554638
HA-00215,Non-private (overfit),0.11915824107360096
HA-00216,Non-private (overfit),0.9504009475911555
HA-00217,Non-private (overfit),0.05435724970920708
HA-00219,Non-private (overfit),0.4295836141130961
HA-00220,Non-private (overfit),-0.1526713427814128
HA-00221,Non-private (overfit),0.05765136983412722
HA-00222,Non-private (overfit),0.1278072843533098
HA-00223,Non-private (overfit),-0.16132135731787312
HA-00224,Non-private (overfit),-0.43880212959461906
HA-00226,Non-private (overfit),-0.30571802984523644
HA-00227,Non-private (overfit),-0.3524950105581852
HA-00228,Non-private (overfit),-0.16886299137854155
HA-00229,Non-private (overfit),0.18657887893885916
HA-00230,Non-private (overfit),-0.4045797333696981
HA-00232,Non-private (overfit),0.4616411018429306
HA-00233,Non-private (overfit),-0.125110489774658
HA-00234,Non-private (overfit),0.3018489474363373
HA-00235,Non-private (overfit),-0.2523074054027713
HA-00236,Non-private (overfit),0.4185135219870091
HA-00238,Non-private (overfit),0.057761662586211404
HA-00240,Non-private (overfit),-0.3240050031753374
HA-00241,Non-private (overfit),-0.029005121617319052
HA-00242,Non-private (overfit),-0.20455938914764804
HA-00244,Non-private (overfit),-0.45201908233081856
HA-00245,Non-private (overfit),-0.6479526290253785
HA-00246,Non-private (overfit),0.5509500158362994
HA-00247,Non-private (overfit),-0.29045061949502804
HA-00248,Non-private (overfit),1.474545588936881
HA-00249,Non-private (overfit),0.14236164960530617
HA-00250,Non-private (overfit),-0.1335321818042141
HA-00251,Non-private (overfit),0.020465079324140323
HA-00252,Non-private (overfit),0.7746202278738781
HA-00253,Non-private (overfit),-0.6009025990298936
HA-00255,Non-private (overfit),-0.10570042281028291
HA-00256,Non-private (overfit),0.21254925957953663
HA-00257,Non-private (overfit),0.022435407997625
HA-00258,Non-private (overfit),0.9958191530910279
HA-00260,Non-private (overfit),-0.48120338129982
HA-00261,Non-private (overfit),-0.3667168815896429
HA-00262,Non-private (overfit),0.07866087033111246
HA-00263,Non-private (overfit),0.6780922290351565
HA-00264,Non-private (overfit),0.3164648095094986
HA-00265,Non-private (overfit),0.0805287667480481
HA-00266,Non-private (overfit),0.29456730829190314
HA-00267,Non-private (overfit),0.028873428491820508
HA-00268,Non-private (overfit),0.1032055065854911
HA-00269,Non-private (overfit),0.37634606698817197
HA-00270,Non-private (overfit),-0.6093585465927487
HA-00271,Non-private (overfit),0.059173012633428224
HA-00272,Non-private (overfit),-0.03539193174081712
HA-00273,Non-private (overfit),-0.5256750761532323
HA-00275,Non-private (overfit),-0.008884307733486252
HA-00277,Non-private (overfit),-0.29951884394759265
HA-00278,Non-private (overfit),-0.5106815537242071
HA-00279,Non-private (overfit),-0.361566974920875
HA-00280,Non-private (overfit),-0.20064556254553323
HA-00281,Non-private (overfit),0.11505420131689226
HA-00282,Non-private (overfit),-0.002526688439873581
HA-00283,Non-private (overfit),0.29265554342615396
HA-00284,Non-private (overfit),-8.073587769472356
HA-00285,Non-private (overfit),-0.26558276267846614
HA-00286,Non-private (overfit),0.2526389089515211
HA-00287,Non-private (overfit),-0.3234476358496734
HA-00288,Non-private (overfit),-0.23286621481249248
HA-00289,Non-private (overfit),-4.233887497894616
HA-00290,Non-private (overfit),-0.2908560380160672
HA-00291,Non-private (overfit),-0.28780326898011077
HA-00293,Non-private (overfit),0.6299390182770093
HA-00294,Non-private (overfit),-0.24928785942496612
HA-00295,Non-private (overfit),0.17550792639813428
HA-00296,Non-private (overfit),-0.05108898184943156
HA-00298,Non-private (overfit),0.2089605970738191
HA-00299,Non-private (overfit),-0.3820646644121575
HA-00300,Non-private (overfit),0.06080671422279238
HA-00301,Non-private (overfit),1.4459885166708477
HA-00302,Non-private (overfit),0.25670024990643037
HA-00303,Non-private (overfit),0.7716804233452672
HA-00304,Non-private (overfit),-0.3412179023922999
HA-00305,Non-private (overfit),-0.1553304426667701
HA-00306,Non-private (overfit),0.13508744945630513
HA-00307,Non-private (overfit),0.14350553208876704
HA-00308,Non-private (overfit),0.3137546593847289
HA-00309,Non-private (overfit),-0.20912818501582042
HA-00310,Non-private (overfit),-1.1745161492625822
HA-00311,Non-private (overfit),0.2647738426677346
HA-00312,Non-private (overfit),-0.9121283250654963
HA-00313,Non-private (overfit),-0.007707522817445911
HA-00314,Non-private (overfit),0.5295996344480791
HA-00315,Non-private (overfit),-0.17548870660116012
HA-00316,Non-private (overfit),0.09052316069160038
HA-00317,Non-private (overfit),-0.0725215622410984
HA-00318,Non-private (overfit),0.6393709090654981
HA-00319,Non-private (overfit),0.018717701418367927
HA-00321,Non-private (overfit),0.184367518560697
HA-00322,Non-private (overfit),0.5109379221630181
HA-00323,Non-private (overfit),-0.3703421908534583
HA-00324,Non-private (overfit),-0.4110825342338523
HA-00325,Non-private (overfit),0.2976954920127688
HA-00326,Non-private (overfit),0.6347259014204361
HA-00327,Non-private (overfit),0.16515165601175474
HA-00329,Non-private (overfit),-0.009601033701863049
HA-00330,Non-private (overfit),0.03200226322885302
HA-00331,Non-private (overfit),-2.49192640251428
HA-00332,Non-private (overfit),-0.39036733930046674
HA-00334,Non-private (overfit),0.006393231776908204
HA-00335,Non-private (overfit),0.7003913382036405
HA-00336,Non-private (overfit),0.4173845541881587
HA-00337,Non-private (overfit),-0.520678608089113
HA-00338,Non-private (overfit),0.08091914083935525
HA-00339,Non-private (overfit),0.28340882381446575
HA-00340,Non-private (overfit),0.5879069611804126
HA-00341,Non-private (overfit),0.05376451191120979
HA-00342,Non-private (overfit),0.03927179949210702
HA-00343,Non-private (overfit),-0.5423000942796194
HA-00344,Non-private (overfit),-0.37607593470152334
HA-00346,Non-private (overfit),0.24779859155475892
HA-00347,Non-private (overfit),-0.23321154548037626
HA-00348,Non-private (overfit),-0.20768347923751662
HA-00349,Non-private (overfit),0.6648768350866712
HA-00350,Non-private (overfit),-0.12465513203380651
HA-00352,Non-private (overfit),-0.11285661969210148
HA-00353,Non-private (overfit),-0.38684848623898316
HA-00354,Non-private (overfit),-0.3405335010887798
HA-00355,Non-private (overfit),0.4047855148185422
HA-00356,Non-private (overfit),-0.33166507598759454
HA-00357,Non-private (overfit),-0.4066524236941955
HA-00358,Non-private (overfit),-0.1003806486153418
HA-00359,Non-private (overfit),-1.0795644376769762
HA-00360,Non-private (overfit),0.0024277941290160587
HA-00361,Non-private (overfit),-0.06739003118899145
HA-00362,Non-private (overfit),0.34167156538546406
HA-00363,Non-private (overfit),-0.059225011112452486
HA-00364,Non-private (overfit),-0.3454678443037442
HA-00365,Non-private (overfit),-0.37037320431381215
HA-00366,Non-private (overfit),0.08605769388217843
HA-00367,Non-private (overfit),0.45991047076783853
HA-00368,Non-private (overfit),-0.61012145803787
HA-00369,Non-private (overfit),-0.02558973309099266
HA-00370,Non-private (overfit),-0.6141228165504853
HA-00371,Non-private (overfit),0.3338742486450742
HA-00372,Non-private (overfit),-0.27183490034212543
HA-00373,Non-private (overfit),0.1797230058250625
HA-00374,Non-private (overfit),0.10063483169863807
HA-00376,Non-private (overfit),-0.01567747399579722
HA-00377,Non-private (overfit),-0.587110574394021
HA-00378,Non-private (overfit),0.07271008242670707
HA-00380,Non-private (overfit),0.04803028561587552
HA-00381,Non-private (overfit),-0.44922022021374763
HA-00382,Non-private (overfit),0.581001594544128
HA-00383,Non-private (overfit),-0.28978835778166356
HA-00384,Non-private (overfit),-0.33053023886402366
HA-00385,Non-private (overfit),-0.3318955953172906
HA-00386,Non-private (overfit),-0.32265231375649694
HA-00387,Non-private (overfit),-4.45632260210876
HA-00388,Non-private (overfit),-0.3851896599282507
HA-00389,Non-private (overfit),0.435788626827294
HA-00390,Non-private (overfit),0.500575003485292
HA-00391,Non-private (overfit),0.34977002424920456
HA-00392,Non-private (overfit),0.07282314910012855
HA-00393,Non-private (overfit),0.10190216990526668
HA-00395,Non-private (overfit),0.029353271692941885
HA-00396,Non-private (overfit),-0.21613083333460859
HA-00397,Non-private (overfit),0.6785091368266332
HA-00399,Non-private (overfit),-0.4299261565692747
HA-00400,Non-private (overfit),0.4150201331413086
HA-00401,Non-private (overfit),1.1225076142688792
HA-00402,Non-private (overfit),0.3174705212434339
HA-00403,Non-private (overfit),0.13858934761076047
HA-00404,Non-private (overfit),0.17720361904503856
HA-00405,Non-private (overfit),0.329692179860241
HA-00406,Non-private (overfit),-0.05171172486544673
HA-00408,Non-private (overfit),-0.3694163748880095
HA-00409,Non-private (overfit),0.2506112871003394
HA-00410,Non-private (overfit),1.4384357850691631
HA-00411,Non-private (overfit),-0.11026430456201952
HA-00412,Non-private (overfit),1.1728928948490793
HA-00413,Non-private (overfit),0.5893639978862054
HA-00414,Non-private (overfit),0.4822714222786082
HA-00415,Non-private (overfit),-0.522096525457867
HA-00416,Non-private (overfit),0.2255768419014006
HA-00417,Non-private (overfit),0.14617034039037025
HA-00418,Non-private (overfit),-0.25242030733460563
HA-00419,Non-private (overfit),-0.5329087680219378
HA-00420,Non-private (overfit),0.6201121640102756
HA-00421,Non-private (overfit),0.3155837768933405
HA-00422,Non-private (overfit),-0.9578394264598389
HA-00423,Non-private (overfit),-0.21608988253792094
HA-00424,Non-private (overfit),-0.048451763382991064
HA-00426,Non-private (overfit),0.06043386096927539
HA-00427,Non-private (overfit),0.3492942797722839
HA-00428,Non-private (overfit),1.2621574011274275
HA-00429,Non-private (overfit),-0.06576104019723372
HA-00431,Non-private (overfit),-0.2365366562172615
HA-00433,Non-private (overfit),-0.7446124761169883
HA-00434,Non-private (overfit),-0.019440576369408102
HA-00435,Non-private (overfit),-0.5099723753323983
HA-00436,Non-private (overfit),-0.15827019345837245
HA-00437,Non-private (overfit),0.415423810790027
HA-00439,Non-private (overfit),-0.21758522546165082
HA-00440,Non-private (overfit),-0.0027136202115982666
HA-00441,Non-private (overfit),-0.12464627612294943
HA-00443,Non-private (overfit),-0.20512550079643943
HA-00444,Non-private (overfit),-0.2646992745327177
HA-00445,Non-private (overfit),-0.1506146348341857
HA-00446,Non-private (overfit),-0.0098510602700832
HA-00447,Non-private (overfit),-0.4593760796032711
HA-00451,Non-private (overfit),-0.06693700519571766
HA-00452,Non-private (overfit),0.35937140301101445
HA-00453,Non-private (overfit),-0.4879181297925548
HA-00454,Non-private (overfit),0.12798133452387583
HA-00455,Non-private (overfit),0.09534207871446942
HA-00456,Non-private (overfit),-0.09523028567696068
HA-00457,Non-private (overfit),0.5017382907857084
HA-00458,Non-private (overfit),-0.180230396286714
HA-00459,Non-private (overfit),0.0022527981640256822
HA-00460,Non-private (overfit),0.10438744953518886
HA-00461,Non-private (overfit),0.6450017989450101
HA-00462,Non-private (overfit),-0.43643999258937316
HA-00463,Non-private (overfit),-0.06455414892582878
HA-00464,Non-private (overfit),-0.15630198558806563
HA-00466,Non-private (overfit),0.0262414912517539
HA-00467,Non-private (overfit),1.0452692846199316
HA-00468,Non-private (overfit),0.6003670628737479
HA-00469,Non-private (overfit),0.9453828447787256
HA-00470,Non-private (overfit),-0.26370827649498296
HA-00471,Non-private (overfit),0.05643090663634709
HA-00472,Non-private (overfit),0.27232342308731894
HA-00473,Non-private (overfit),0.12608689654824135
HA-00474,Non-private (overfit),0.13325698206855652
HA-00475,Non-private (overfit),-0.0323794842276206
HA-00476,Non-private (overfit),0.1460193118714701
HA-00477,Non-private (overfit),-0.020929110690605768
HA-00478,Non-private (overfit),0.4480950584765482
HA-00479,Non-private (overfit),0.22998124716320267
HA-00480,Non-private (overfit),-0.13069287977407917
HA-00481,Non-private (overfit),-0.0975748691247662
HA-00482,Non-private (overfit),0.29881937045522844
HA-00483,Non-private (overfit),0.16971844400582758
HA-00484,Non-private (overfit),-0.8495553074373392
HA-00485,Non-private (overfit),0.15664719896545476
HA-00486,Non-private (overfit),0.12038037721171335
HA-00487,Non-private (overfit),0.25973770622946235
HA-00488,Non-private (overfit),0.8007338581933563
HA-00489,Non-private (overfit),-0.5471363844193973
HA-00490,Non-private (overfit),-0.6259249130029789
HA-00491,Non-private (overfit),0.17854861311024295
HA-00492,Non-private (overfit),0.44174649733828675
HA-00493,Non-private (overfit),0.13324186433032081
HA-00494,Non-private (overfit),-0.2680534030711059
HA-00495,Non-private (overfit),-0.37979389850115564
HA-00496,Non-private (overfit),0.031888870056779206
HA-00497,Non-private (overfit),0.28619643481388035
HA-00498,Non-private (overfit),0.19913055975313065
HA-00499,Non-private (overfit),0.06312544157488542
HA-00500,Non-private (overfit),-0.45415432127848776
HA-00501,Non-private (overfit),-0.1435810817327252
HA-00502,Non-private (overfit),0.6379215872354276
HA-00503,Non-private (overfit),0.12885618807795463
HA-00504,Non-private (overfit),0.006363954455639753
HA-00505,Non-private (overfit),0.21059501589822904
HA-00506,Non-private (overfit),0.22216289155890068
HA-00507,Non-private (overfit),-0.42800565936957424
HA-00508,Non-private (overfit),-0.18703732331196976
HA-00510,Non-private (overfit),1.4779923750138573
HA-00511,Non-private (overfit),0.07350426143597844
HA-00512,Non-private (overfit),-0.397373315706403
HA-00513,Non-private (overfit),0.7813284411554329
HA-00514,Non-private (overfit),0.8341880094830885
HA-00515,Non-private (overfit),-0.14225722342535574
HA-00516,Non-private (overfit),-0.3208810944359184
HA-00517,Non-private (overfit),-0.6708389142609554
HA-00518,Non-private (overfit),-0.09349131528175336
HA-00519,Non-private (overfit),0.8525784100427312
HA-00521,Non-private (overfit),-0.12976658172633337
HA-00522,Non-private (overfit),-0.24144202455888175
HA-00523,Non-private (overfit),-0.02559987457016566
HA-00524,Non-private (overfit),-0.15675206537349284
HA-00526,Non-private (overfit),-0.6396861022347924
HA-00527,Non-private (overfit),-0.20931359536853922
HA-00528,Non-private (overfit),-1.8991238566315365
HA-00529,Non-private (overfit),-0.3316364441427142
HA-00530,Non-private (overfit),-0.7444091528219936
HA-00531,Non-private (overfit),-0.19781467548101528
HA-00532,Non-private (overfit),0.22526534368279805
HA-00533,Non-private (overfit),-0.30169948127443114
HA-00535,Non-private (overfit),-0.13409207607047713
HA-00536,Non-private (overfit),0.3399434320812357
HA-00537,Non-private (overfit),0.34723436267822616
HA-00538,Non-private (overfit),-0.13451833429081317
HA-00540,Non-private (overfit),-0.6228499152009568
HA-00541,Non-private (overfit),0.3262355423202259
HA-00542,Non-private (overfit),-0.014401825586469741
HA-00543,Non-private (overfit),0.10912830131389573
HA-00545,Non-private (overfit),0.470737457709002
HA-00546,Non-private (overfit),0.0681136307155853
HA-00547,Non-private (overfit),0.04921828712482568
HA-00548,Non-private (overfit),-0.21848603935520416
HA-00549,Non-private (overfit),-0.5694856346370472
HA-00550,Non-private (overfit),0.024662368841185944
HA-00551,Non-private (overfit),-0.4935752432967857
HA-00552,Non-private (overfit),0.1555191682127819
HA-00555,Non-private (overfit),-0.07824776378698806
HA-00556,Non-private (overfit),0.18457288227003543
HA-00558,Non-private (overfit),-0.1665089247925482
HA-00559,Non-private (overfit),-0.08519608636956422
HA-00560,Non-private (overfit),-0.2589387825180083
HA-00561,Non-private (overfit),0.20530239696842667
HA-00562,Non-private (overfit),-0.07436465900573891
HA-00563,Non-private (overfit),0.6792016007466408
HA-00564,Non-private (overfit),-0.16784231769543556
HA-00565,Non-private (overfit),-0.488797501276065
HA-00566,Non-private (overfit),-0.40241547223145613
HA-00567,Non-private (overfit),-0.3447319120041119
HA-00569,Non-private (overfit),-0.31669396324534693
HA-00570,Non-private (overfit),-0.5845035846985849
HA-00571,Non-private (overfit),-0.32128704732069924
HA-00572,Non-private (overfit),0.03905526296032491
HA-00573,Non-private (overfit),0.2403144814011311
HA-00574,Non-private (overfit),-0.05840150321959492
HA-00575,Non-private (overfit),-0.5934674482898916
HA-00576,Non-private (overfit),-0.566731093938192
HA-00577,Non-private (overfit),0.2188726402016179
HA-00578,Non-private (overfit),-0.7333138224057711
HA-00579,Non-private (overfit),-0.9582795942130777
HA-00580,Non-private (overfit),0.4651723549255973
HA-00581,Non-private (overfit),-0.4015958923139489
HA-00582,Non-private (overfit),0.18425775847691672
HA-00583,Non-private (overfit),-0.031578596946452264
HA-00584,Non-private (overfit),-0.5709469601547068
HA-00585,Non-private (overfit),-0.2621006847693108
HA-00586,Non-private (overfit),-0.06913939810037029
HA-00587,Non-private (overfit),1.956364333156796
HA-00588,Non-private (overfit),-0.2582891061448901
HA-00589,Non-private (overfit),0.076628304232774
HA-00590,Non-private (overfit),-0.6041180447754371
HA-00591,Non-private (overfit),0.24394285579401576
HA-00592,Non-private (overfit),0.1648115965716248
HA-00593,Non-private (overfit),-0.027954374445827268
HA-00594,Non-private (overfit),-0.2547232592268607
HA-00595,Non-private (overfit),-0.14261162714213726
HA-00597,Non-private (overfit),-0.23704634973988226
HA-00598,Non-private (overfit),-0.11330904537285225
HA-00599,Non-private (overfit),0.30643231731290266
HA-00600,Non-private (overfit),0.1700395379348567
HA-00601,Non-private (overfit),0.3407984306850933
HA-00602,Non-private (overfit),-0.44324706475294007
HA-00604,Non-private (overfit),-0.14848701576807222
HA-00605,Non-private (overfit),0.22523303866105837
HA-00606,Non-private (overfit),0.31791022392504176
HA-00607,Non-private (overfit),0.09030598882306573
HA-00609,Non-private (overfit),-0.37843587944678325
HA-00611,Non-private (overfit),-0.4347823033846381
HA-00612,Non-private (overfit),-0.23616108979085348
HA-00613,Non-private (overfit),0.006037433149056914
HA-00614,Non-private (overfit),0.23182493551987382
HA-00615,Non-private (overfit),-0.3168573025435466
HA-00616,Non-private (overfit),0.015091355803632744
HA-00617,Non-private (overfit),-0.13400149125062377
HA-00618,Non-private (overfit),0.18260107799045522
HA-00619,Non-private (overfit),0.49394554430071125
HA-00620,Non-private (overfit),-8.629991985222427
HA-00621,Non-private (overfit),0.30271402180362905
HA-00622,Non-private (overfit),-1.50797413846117
HA-00623,Non-private (overfit),0.5552875232321833
HA-00624,Non-private (overfit),-0.5865727323960299
HA-00625,Non-private (overfit),-0.07824348907740186
HA-00626,Non-private (overfit),-0.005824993355207031
HA-00627,Non-private (overfit),0.15554533816978622
HA-00628,Non-private (overfit),-0.2174546621333855
HA-00629,Non-private (overfit),-0.4229914765092333
HA-00630,Non-private (overfit),0.20226768202309753
HA-00631,Non-private (overfit),-0.01743766187852014
HA-00632,Non-private (overfit),1.3380029663850284
HA-00633,Non-private (overfit),0.513148048630012
HA-00634,Non-private (overfit),0.21742048707077322
HA-00635,Non-private (overfit),-0.08634636399195639
HA-00636,Non-private (overfit),0.9982526526229378
HA-00637,Non-private (overfit),0.12809475472101095
HA-00639,Non-private (overfit),-0.3737375992563956
HA-00640,Non-private (overfit),0.34458515574617077
HA-00641,Non-private (overfit),-0.36040479054131014
HA-00642,Non-private (overfit),0.04386315123551898
HA-00643,Non-private (overfit),-0.05550489534530012
HA-00644,Non-private (overfit),0.973188899888557
HA-00645,Non-private (overfit),-0.20547479880644226
HA-00646,Non-private (overfit),0.13435667461216627
HA-00647,Non-private (overfit),0.0211756931645799
HA-00648,Non-private (overfit),-0.3670659696218439
HA-00649,Non-private (overfit),0.08606035289239156
HA-00650,Non-private (overfit),-0.5242980952406651
HA-00651,Non-private (overfit),-0.3331603944187709
HA-00653,Non-private (overfit),0.3280534524271381
HA-00654,Non-private (overfit),0.06693711479864839
HA-00655,Non-private (overfit),-0.6056280315062234
HA-00656,Non-private (overfit),0.33560343526156355
HA-00657,Non-private (overfit),0.5018100781540251
HA-00658,Non-private (overfit),-2.4816384253959396
HA-00659,Non-private (overfit),-0.2062045265960326
HA-00660,Non-private (overfit),0.09892729471586348
HA-00662,Non-private (overfit),0.45419363090596565
HA-00663,Non-private (overfit),-0.2763959982694959
HA-00665,Non-private (overfit),-0.19659711287635728
HA-00667,Non-private (overfit),-0.45766012286647095
HA-00669,Non-private (overfit),0.7610383230880187
HA-00670,Non-private (overfit),-0.07927543878525745
HA-00671,Non-private (overfit),0.11004755201949656
HA-00672,Non-private (overfit),0.278587834246826
HA-00673,Non-private (overfit),-0.8381140391896914
HA-00674,Non-private (overfit),0.11605973387760571
HA-00675,Non-private (overfit),-0.5698351489568982
HA-00676,Non-private (overfit),-0.44891299147857955
HA-00677,Non-private (overfit),1.579007899445487
HA-00678,Non-private (overfit),-0.1737701439222104
HA-00679,Non-private (overfit),0.038540823601058705
HA-00680,Non-private (overfit),0.14261882092971678
HA-00682,Non-private (overfit),0.19805365903657213
HA-00683,Non-private (overfit),0.020172145248275264
HA-00684,Non-private (overfit),1.2435255076345655
HA-00685,Non-private (overfit),0.29514516736857965
HA-00686,Non-private (overfit),-0.4631801461317906
HA-00687,Non-private (overfit),0.511617698373654
HA-00688,Non-private (overfit),0.4622563310503409
HA-00689,Non-private (overfit),0.2729880822787849
HA-00690,Non-private (overfit),0.053018604956110105
HA-00691,Non-private (overfit),0.2513494723415678
HA-00692,Non-private (overfit),0.01725890363205418
HA-00693,Non-private (overfit),-0.4593451410912033
HA-00694,Non-private (overfit),0.35748981229984755
HA-00695,Non-private (overfit),0.16208355368496585
HA-00696,Non-private (overfit),-0.24225936426307915
HA-00697,Non-private (overfit),-0.08183834493508213
HA-00698,Non-private (overfit),-0.20460992243213338
HA-00699,Non-private (overfit),-0.07766301820758925
HA-00700,Non-private (overfit),-0.0071311841812493615
HA-00701,Non-private (overfit),-0.4073441271457634
HA-00702,Non-private (overfit),0.12308802798188823
HA-00703,Non-private (overfit),0.905656140146609
HA-00705,Non-private (overfit),1.0231605467951532
HA-00706,Non-private (overfit),0.11951672936863322
HA-00707,Non-private (overfit),0.05680735281931382
HA-00709,Non-private (overfit),1.236590860543334
HA-00710,Non-private (overfit),0.5352980294334666
HA-00711,Non-private (overfit),0.2196132937244777
HA-00712,Non-private (overfit),-0.0035584514326068017
HA-00713,Non-private (overfit),-0.13026706601839544
HA-00714,Non-private (overfit),-0.320777167579108
HA-00715,Non-private (overfit),-0.22436824234832897
HA-00716,Non-private (overfit),-0.39229015412885104
HA-00717,Non-private (overfit),0.6779991808101116
HA-00718,Non-private (overfit),0.5660965986405327
HA-00719,Non-private (overfit),0.40214396136300534
HA-00721,Non-private (overfit),1.4408042208053775
HA-00722,Non-private (overfit),-0.19374174937463184
HA-00723,Non-private (overfit),0.9976640732032314
HA-00724,Non-private (overfit),0.9618541288045783
HA-00726,Non-private (overfit),-9.271743948683696
HA-00727,Non-private (overfit),-0.12233648458847757
HA-00729,Non-private (overfit),0.06071451905300629
HA-00730,Non-private (overfit),0.13421116669948607
HA-00731,Non-private (overfit),-0.17413251444518996
HA-00732,Non-private (overfit),-0.9625214871179375
HA-00735,Non-private (overfit),0.12466354809772628
HA-00736,Non-private (overfit),-0.19099318100441964
HA-00737,Non-private (overfit),0.14549220018404962
HA-00738,Non-private (overfit),0.017121837555590713
HA-00739,Non-private (overfit),-0.1560421299734005
HA-00740,Non-private (overfit),-0.18780736043730584
HA-00741,Non-private (overfit),-0.7579785047884258
HA-00742,Non-private (overfit),0.7457904467526255
HA-00743,Non-private (overfit),0.03073233360584615
HA-00744,Non-private (overfit),0.36203706536561153
HA-00746,Non-private (overfit),-0.29154353182927484
HA-00747,Non-private (overfit),-0.28778820771681957
HA-00748,Non-private (overfit),0.29584638118552053
HA-00749,Non-private (overfit),-0.10159529100325293
HA-00750,Non-private (overfit),-0.19515762173366036
HA-00751,Non-private (overfit),-0.10863292235182898
HA-00752,Non-private (overfit),-0.5326512340538487
HA-00753,Non-private (overfit),-0.020136180862475817
HA-00754,Non-private (overfit),-1.2084923407204937
HA-00755,Non-private (overfit),-0.03361852927061859
HA-00756,Non-private (overfit),0.48644625430919186
HA-00757,Non-private (overfit),0.2662467079044515
HA-00758,Non-private (overfit),0.03843496251126011
HA-00759,Non-private (overfit),0.25701212481889946
HA-00760,Non-private (overfit),0.2044505516005649
HA-00761,Non-private (overfit),-0.10561037451254629
HA-00762,Non-private (overfit),-0.25931495534087723
HA-00763,Non-private (overfit),0.006715275888539374
HA-00764,Non-private (overfit),1.19514414559184
HA-00765,Non-private (overfit),-2.5232196457854563
HA-00766,Non-private (overfit),0.31624847124742006
HA-00767,Non-private (overfit),1.0027929842997558
HA-00768,Non-private (overfit),1.197103799283281
HA-00769,Non-private (overfit),-0.06807016994850679
HA-00771,Non-private (overfit),0.4029784382311796
HA-00772,Non-private (overfit),-1.3052713739339044
HA-00773,Non-private (overfit),0.5062461730284677
HA-00774,Non-private (overfit),-0.22546730362293244
HA-00775,Non-private (overfit),-0.19690068726150334
HA-00776,Non-private (overfit),-0.3155244000643578
HA-00777,Non-private (overfit),0.3716507773968998
HA-00778,Non-private (overfit),-0.29288229844951563
HA-00779,Non-private (overfit),-0.15453271948284075
HA-00780,Non-private (overfit),0.054865911622107744
HA-00781,Non-private (overfit),-1.654457918877763
HA-00782,Non-private (overfit),-0.5860578499779379
HA-00783,Non-private (overfit),-0.5671460285187009
HA-00784,Non-private (overfit),0.0540519177889065
HA-00785,Non-private (overfit),0.14304542611443494
HA-00786,Non-private (overfit),-0.15499038759523787
HA-00787,Non-private (overfit),0.16872602561271177
HA-00788,Non-private (overfit),0.48082257416762453
HA-00789,Non-private (overfit),0.8293509017111235
HA-00790,Non-private (overfit),0.5910389996908987
HA-00791,Non-private (overfit),0.13608812108617196
HA-00792,Non-private (overfit),0.2948460881844599
HA-00793,Non-private (overfit),0.16501867885599475
HA-00794,Non-private (overfit),0.621748301787751
HA-00795,Non-private (overfit),0.44226133692317404
HA-00796,Non-private (overfit),0.4032467202708403
HA-00797,Non-private (overfit),0.9768556278237821
HA-00798,Non-private (overfit),-0.10235724936231372
HA-00799,Non-private (overfit),0.5185332376265757
HA-00800,Non-private (overfit),0.6935637012459002
HA-00801,Non-private (overfit),-0.3006596522937681
HA-00802,Non-private (overfit),-0.5362549695832883
HA-00803,Non-private (overfit),0.7397195286362073
HA-00804,Non-private (overfit),-0.13485417786750364
HA-00805,Non-private (overfit),0.2699273723276622
HA-00806,Non-private (overfit),0.24312893794003854
HA-00807,Non-private (overfit),-0.13377235300231582
HA-00808,Non-private (overfit),0.3670392732275338
HA-00809,Non-private (overfit),-0.1793996228607826
HA-00810,Non-private (overfit),0.02383926113114554
HA-00811,Non-private (overfit),0.7919131973759447
HA-00812,Non-private (overfit),0.8851698042878771
HA-00814,Non-private (overfit),0.5250563571809288
HA-00815,Non-private (overfit),0.035655916570162205
HA-00816,Non-private (overfit),0.06197862018623146
HA-00817,Non-private (overfit),0.7767783467177718
HA-00818,Non-private (overfit),0.08919253678329109
HA-00819,Non-private (overfit),0.19759332496594317
HA-00820,Non-private (overfit),0.19169216358905095
HA-00821,Non-private (overfit),-0.06188045563043865
HA-00822,Non-private (overfit),0.803730522601015
HA-00823,Non-private (overfit),0.1363158003048066
HA-00824,Non-private (overfit),0.20430197507928138
HA-00825,Non-private (overfit),-0.8826618513391882
HA-00826,Non-private (overfit),0.152753671158659
HA-00827,Non-private (overfit),0.20749890173943664
HA-00828,Non-private (overfit),-0.1989051478279601
HA-00829,Non-private (overfit),-0.011262489353245142
HA-00830,Non-private (overfit),0.20727654750390223
HA-00831,Non-private (overfit),-0.18328233964383345
HA-00832,Non-private (overfit),-0.7206593564354045
HA-00833,Non-private (overfit),0.19107425298294567
HA-00834,Non-private (overfit),0.33367578557696076
HA-00835,Non-private (overfit),0.05846056572190084
HA-00836,Non-private (overfit),0.22269306985473802
HA-00837,Non-private (overfit),0.27340562710184524
HA-00838,Non-private (overfit),-0.2276861518805795
HA-00839,Non-private (overfit),-0.09188883182782193
HA-00840,Non-private (overfit),-0.3515612973579936
HA-00841,Non-private (overfit),-0.018296487870635314
HA-00842,Non-private (overfit),0.6272633941001461
HA-00843,Non-private (overfit),-0.42720135454551444
HA-00844,Non-private (overfit),0.08020520140096066
HA-00845,Non-private (overfit),0.6380013005938521
HA-00846,Non-private (overfit),0.6806739744604747
HA-00847,Non-private (overfit),0.190174614175318
HA-00848,Non-private (overfit),-0.07697847603376573
HA-00849,Non-private (overfit),-0.7181608713029568
HA-00850,Non-private (overfit),0.03140994015164433
HA-00851,Non-private (overfit),-0.46388907485264563
HA-00854,Non-private (overfit),0.2704780054941808
HA-00855,Non-private (overfit),-0.4467965399363788
HA-00856,Non-private (overfit),-0.3224259345748992
HA-00857,Non-private (overfit),-0.09320091873761593
HA-00858,Non-private (overfit),0.965167469376667
HA-00859,Non-private (overfit),-0.8451870620779585
HA-00860,Non-private (overfit),-0.030573176059898177
HA-00861,Non-private (overfit),-0.008105900516522713
HA-00862,Non-private (overfit),0.012734069078860655
HA-00863,Non-private (overfit),-0.8974905491933471
HA-00864,Non-private (overfit),-0.039014628022107756
HA-00865,Non-private (overfit),0.30503399975503476
HA-00866,Non-private (overfit),-0.2095628691421494
HA-00867,Non-private (overfit),-0.6138073996516338
HA-00868,Non-private (overfit),0.023093769123576746
HA-00869,Non-private (overfit),-0.6028418911642224
HA-00870,Non-private (overfit),0.4819087648363044
HA-00871,Non-private (overfit),-0.5711218279711123
HA-00872,Non-private (overfit),-0.16948624713800275
HA-00873,Non-private (overfit),-0.3068285903628194
HA-00874,Non-private (overfit),-0.8239545807432478
HA-00876,Non-private (overfit),0.4184008907433332
HA-00877,Non-private (overfit),0.44546039260055337
HA-00878,Non-private (overfit),-0.018509192662308993
HA-00879,Non-private (overfit),0.21745086290436333
HA-00881,Non-private (overfit),-0.03617249953346602
HA-00882,Non-private (overfit),0.29667961189593206
HA-00883,Non-private (overfit),0.5817176748838317
HA-00884,Non-private (overfit),0.24288571367323497
HA-00885,Non-private (overfit),-0.062395995435562845
HA-00886,Non-private (overfit),-0.1840037010383362
HA-00887,Non-private (overfit),-0.09255423059215673
HA-00888,Non-private (overfit),-1.44531559906761
HA-00890,Non-private (overfit),0.3192847550536435
HA-00891,Non-private (overfit),1.049541170590972
HA-00892,Non-private (overfit),0.06230721484792445
HA-00893,Non-private (overfit),-0.11935764437057017
HA-00894,Non-private (overfit),0.31595032484999086
HA-00895,Non-private (overfit),-0.8088387826632832
HA-00897,Non-private (overfit),0.023578966763791676
HA-00898,Non-private (overfit),0.9960279706616766
HA-00899,Non-private (overfit),0.6806227831968902
HA-00900,Non-private (overfit),-0.6601781003342528
HA-00901,Non-private (overfit),0.2104771835529815
HA-00902,Non-private (overfit),-0.21258011812820254
HA-00903,Non-private (overfit),0.002740151344190034
HA-00905,Non-private (overfit),-0.06667154817396814
HA-00906,Non-private (overfit),-0.5675398499250122
HA-00907,Non-private (overfit),-0.12106453385423033
HA-00908,Non-private (overfit),-0.7042718429443382
HA-00909,Non-private (overfit),0.02308225159766608
HA-00910,Non-private (overfit),0.445847130942318
HA-00911,Non-private (overfit),0.10688639114388732
HA-00912,Non-private (overfit),0.6427791412489405
HA-00913,Non-private (overfit),0.5989373405385012
HA-00914,Non-private (overfit),0.6335107400675758
HA-00915,Non-private (overfit),-0.1441802794172693
HA-00916,Non-private (overfit),0.06262822019008807
HA-00917,Non-private (overfit),-0.267056602671049
HA-00918,Non-private (overfit),0.07726702496161675
HA-00919,Non-private (overfit),1.2290419920705142
HA-00921,Non-private (overfit),-0.7697448200036641
HA-00922,Non-private (overfit),0.2084188449933595
HA-00923,Non-private (overfit),0.24346872268283126
HA-00924,Non-private (overfit),-0.8789699647978901
HA-00925,Non-private (overfit),0.2824200733584714
HA-00926,Non-private (overfit),0.092863473850604
HA-00927,Non-private (overfit),0.06778041090273934
HA-00928,Non-private (overfit),-0.030613769864296314
HA-00929,Non-private (overfit),-0.08769917203888022
HA-00930,Non-private (overfit),0.19644014110790708
HA-00931,Non-private (overfit),0.30648765579336645
HA-00932,Non-private (overfit),-0.8866499033389603
HA-00933,Non-private (overfit),0.15834201823257965
HA-00934,Non-private (overfit),-1.6962070535966287
HA-00935,Non-private (overfit),-0.09688506479089765
HA-00936,Non-private (overfit),-0.06307110416287198
HA-00937,Non-private (overfit),-0.2548555533735545
HA-00938,Non-private (overfit),0.2340938080011421
HA-00939,Non-private (overfit),0.5578239793457676
HA-00940,Non-private (overfit),0.689923117654917
HA-00941,Non-private (overfit),-7.58331627225777
HA-00942,Non-private (overfit),0.5985413680151516
HA-00944,Non-private (overfit),0.4245027399332204
HA-00945,Non-private (overfit),-0.06646632622727511
HA-00946,Non-private (overfit),0.3512815545854957
HA-00947,Non-private (overfit),-0.16861996580290084
HA-00948,Non-private (overfit),-0.22322863402907478
HA-00949,Non-private (overfit),0.055585171520894816
HA-00951,Non-private (overfit),0.16204282757914856
HA-00952,Non-private (overfit),-0.584900853466713
HA-00953,Non-private (overfit),-0.035581928427087295
HA-00954,Non-private (overfit),0.30558462186371393
HA-00955,Non-private (overfit),-0.004605142637465365
HA-00956,Non-private (overfit),0.35229434514085867
HA-00957,Non-private (overfit),-0.15587340368294067
HA-00958,Non-private (overfit),-0.2609012878029915
HA-00959,Non-private (overfit),-0.03007772019070587
HA-00960,Non-private (overfit),0.24187030080472083
HA-00961,Non-private (overfit),-1.4328226293229358
HA-00962,Non-private (overfit),0.23080935229848754
HA-00963,Non-private (overfit),-0.05909947612584343
HA-00964,Non-private (overfit),0.1893827453490753
HA-00967,Non-private (overfit),-0.07043475650687192
HA-00968,Non-private (overfit),0.012460894192316774
HA-00970,Non-private (overfit),0.13341808359903395
HA-00971,Non-private (overfit),0.05444630721372834
HA-00972,Non-private (overfit),-0.09891822484332213
HA-00973,Non-private (overfit),-0.07086216905837639
HA-00974,Non-private (overfit),-0.18220320381312627
HA-00975,Non-private (overfit),-0.20847301753776581
HA-00976,Non-private (overfit),-0.4535912075128653
HA-00977,Non-private (overfit),0.7621909241361127
HA-00978,Non-private (overfit),0.16826510721225407
HA-00980,Non-private (overfit),-0.30728255071371335
HA-00982,Non-private (overfit),-0.13436426957483438
HA-00984,Non-private (overfit),0.2967097553284753
HA-00985,Non-private (overfit),-0.3091417169770536
HA-00986,Non-private (overfit),0.48818226014509547
HA-00987,Non-private (overfit),0.09335155392732442
HA-00988,Non-private (overfit),0.5054845285264823
HA-00989,Non-private (overfit),0.509318990245851
HA-00990,Non-private (overfit),-0.15526616821632122
HA-00991,Non-private (overfit),-0.06147049998051968
HA-00992,Non-private (overfit),0.010990580694296037
HA-00993,Non-private (overfit),-0.9512148648009215
HA-00994,Non-private (overfit),-0.40968975287170295
HA-00995,Non-private (overfit),-2.0740385294817427
HA-00996,Non-private (overfit),0.3589242705304325
HA-00997,Non-private (overfit),-0.6345002541043221
HA-00998,Non-private (overfit),-0.42796886523087974
HA-00999,Non-private (overfit),0.1051744197324298
HA-01000,Non-private (overfit),-0.06313943314186132
HA-01001,Non-private (overfit),0.36629236491822703
HA-01002,Non-private (overfit),-0.9265469132519906
HA-01003,Non-private (overfit),-0.924776318259861
HA-01004,Non-private (overfit),0.59265631338578
HA-01005,Non-private (overfit),0.0014826183096787737
HA-01006,Non-private (overfit),0.46390198897237167
HA-01007,Non-private (overfit),0.12789766010456094
HA-01008,Non-private (overfit),0.6614420415875186
HA-01009,Non-private (overfit),0.17886378253043644
HA-01010,Non-private (overfit),0.48835843593012207
HA-01011,Non-private (overfit),0.08923465813209908
HA-01012,Non-private (overfit),-0.668966637190479
HA-01013,Non-private (overfit),-0.10810322793228999
HA-01014,Non-private (overfit),0.11480562318359588
HA-01016,Non-private (overfit),-0.3627166380232465
HA-01017,Non-private (overfit),0.11843621581876151
HA-01018,Non-private (overfit),-0.48930303176184786
HA-01020,Non-private (overfit),-0.1771508507471069
HA-01021,Non-private (overfit),0.25002438497742274
HA-01022,Non-private (overfit),0.12010378601907257
HA-01023,Non-private (overfit),-0.1438462563510271
HA-01024,Non-private (overfit),4.982713562641072
HA-01026,Non-private (overfit),-0.08566691086486933
HA-01027,Non-private (overfit),-0.4171119884296983
HA-01029,Non-private (overfit),-0.06253896095371814
HA-01030,Non-private (overfit),0.12782395332494034
HA-01032,Non-private (overfit),0.37116001983911384
HA-01033,Non-private (overfit),-0.6271163516244096
HA-01034,Non-private (overfit),0.5914481224772044
HA-01035,Non-private (overfit),-0.2885298048476699
HA-01036,Non-private (overfit),0.8556947407956076
HA-01037,Non-private (overfit),0.13218429112517427
HA-01038,Non-private (overfit),-0.039997674656824245
HA-01039,Non-private (overfit),0.5469314187974911
HA-01040,Non-private (overfit),1.2018766904636657
HA-01041,Non-private (overfit),-0.08179692038250308
HA-01042,Non-private (overfit),-0.6052880865153897
HA-01043,Non-private (overfit),-0.10418454658821541
HA-01046,Non-private (overfit),-0.5315174704020037
HA-01047,Non-private (overfit),0.5166268146956412
HA-01048,Non-private (overfit),-0.01808178664215543
HA-01049,Non-private (overfit),0.2674732668939941
HA-01050,Non-private (overfit),0.11862858596930348
HA-01051,Non-private (overfit),-0.3671610729809245
HA-01052,Non-private (overfit),-0.3305509547504044
HA-01053,Non-private (overfit),-0.36888632783464514
HA-01055,Non-private (overfit),-0.3729142138218817
HA-01057,Non-private (overfit),0.5030131000214603
HA-01058,Non-private (overfit),-0.5139685927935378
HA-01059,Non-private (overfit),1.7928438516183853
HA-01060,Non-private (overfit),-0.3103365771854487
HA-01061,Non-private (overfit),-0.8658425355578785
HA-01062,Non-private (overfit),0.13783456341639155
HA-01063,Non-private (overfit),0.08890420380090425
HA-01064,Non-private (overfit),-0.10374075131658644
HA-01065,Non-private (overfit),0.08221710672681426
HA-01066,Non-private (overfit),-0.38680740033975103
HA-01067,Non-private (overfit),0.3877715841799265
HA-01068,Non-private (overfit),0.11927584273767522
HA-01069,Non-private (overfit),0.12836588215082445
HA-01070,Non-private (overfit),0.24352397487712074
HA-01071,Non-private (overfit),0.1106020146875335
HA-01072,Non-private (overfit),0.3650565009077569
HA-01073,Non-private (overfit),-0.06173128722398724
HA-01074,Non-private (overfit),0.16524990081763402
HA-01075,Non-private (overfit),-0.22162639956581387
HA-01076,Non-private (overfit),0.4893901854427871
HA-01077,Non-private (overfit),0.29399288273606894
HA-01078,Non-private (overfit),0.04147660671982156
HA-01079,Non-private (overfit),-0.011297149950179053
HA-01080,Non-private (overfit),0.1201572670311376
HA-01081,Non-private (overfit),-0.11382024794171386
HA-01082,Non-private (overfit),-0.4176591146491706
HA-01083,Non-private (overfit),0.33866756329374526
HA-01084,Non-private (overfit),0.42496873042014216
HA-01085,Non-private (overfit),-0.5229235776353918
HA-01086,Non-private (overfit),0.5359092567924617
HA-01087,Non-private (overfit),-0.08074611302461099
HA-01089,Non-private (overfit),-0.2949455740151212
HA-01090,Non-private (overfit),0.6772935284292241
HA-01091,Non-private (overfit),-0.13157078869142746
HA-01092,Non-private (overfit),0.2690319432246375
HA-01093,Non-private (overfit),0.23360482512157588
HA-01094,Non-private (overfit),0.23065902221257595
HA-01096,Non-private (overfit),0.08703996445059747
HA-01097,Non-private (overfit),-0.679859441470267
HA-01098,Non-private (overfit),-0.01493752253989089
HA-01099,Non-private (overfit),0.5893995950976458
HA-01100,Non-private (overfit),-0.5532356118182598
HA-01102,Non-private (overfit),0.5748747767374702
HA-01103,Non-private (overfit),0.06005952348248922
HA-01104,Non-private (overfit),-0.7113859282239119
HA-01105,Non-private (overfit),0.6444333771648294
HA-01106,Non-private (overfit),0.22507470502691085
HA-01107,Non-private (overfit),0.06417538186739402
HA-01108,Non-private (overfit),-3.0166338788567204
HA-01109,Non-private (overfit),-0.20250939626506326
HA-01112,Non-private (overfit),-4.250725176336466
HA-01113,Non-private (overfit),0.5201989931417659
HA-01114,Non-private (overfit),0.5087843400604362
HA-01115,Non-private (overfit),0.036477788759441854
HA-01116,Non-private (overfit),-0.4140019903666494
HA-01117,Non-private (overfit),0.03666145602197479
HA-01118,Non-private (overfit),0.3253976293940334
HA-01119,Non-private (overfit),-0.10363159012007905
HA-01120,Non-private (overfit),-0.21802912171619093
HA-01121,Non-private (overfit),-0.3872354769133939
HA-01122,Non-private (overfit),0.11649603902684347
HA-01123,Non-private (overfit),-0.9870751893742025
HA-01124,Non-private (overfit),-0.5208689923809691
HA-01125,Non-private (overfit),0.18682962840046957
HA-01126,Non-private (overfit),-0.22918119720725905
HA-01127,Non-private (overfit),0.6088296245616656
HA-01128,Non-private (overfit),-0.0034936446058631
HA-01129,Non-private (overfit),-0.14386875789614106
HA-01130,Non-private (overfit),0.7465728612488163
HA-01131,Non-private (overfit),-0.14459748306017106
HA-01132,Non-private (overfit),0.5787240986379991
HA-01133,Non-private (overfit),0.05296655651101467
HA-01134,Non-private (overfit),0.33459220512763665
HA-01135,Non-private (overfit),0.6821985798908781
HA-01136,Non-private (overfit),-0.14001351458979427
HA-01137,Non-private (overfit),-0.4338750926750532
HA-01139,Non-private (overfit),0.16857416426185923
HA-01140,Non-private (overfit),0.28979497176145297
HA-01141,Non-private (overfit),-0.20716791527230938
HA-01142,Non-private (overfit),-0.5758188657389544
HA-01143,Non-private (overfit),-0.0664862261540704
HA-01144,Non-private (overfit),0.46028849967569796
HA-01145,Non-private (overfit),-0.6245652961758094
HA-01146,Non-private (overfit),0.8607769004720236
HA-01147,Non-private (overfit),0.03127538451715517
HA-01148,Non-private (overfit),0.050871000333208904
HA-01149,Non-private (overfit),-0.2137242139572606
HA-01150,Non-private (overfit),0.10840118214833017
HA-01151,Non-private (overfit),0.6343594429278396
HA-01152,Non-private (overfit),0.23729428576555667
HA-01154,Non-private (overfit),0.03729606439375366
HA-01155,Non-private (overfit),0.2633011882088834
HA-01156,Non-private (overfit),-0.01854522745432763
HA-01157,Non-private (overfit),-0.12640132453766983
HA-01159,Non-private (overfit),-0.33794080031966467
HA-01160,Non-private (overfit),0.25124881841251634
HA-01161,Non-private (overfit),0.010614625203969386
HA-01162,Non-private (overfit),-0.38286494222241085
HA-01163,Non-private (overfit),0.18282405422891324
HA-01164,Non-private (overfit),0.16697425830237167
HA-01165,Non-private (overfit),1.1515210536449934
HA-01166,Non-private (overfit),0.5365244799872251
HA-01167,Non-private (overfit),0.6261902257034386
HA-01168,Non-private (overfit),0.22854324444011354
HA-01169,Non-private (overfit),0.32593384380646095
HA-01170,Non-private (overfit),-0.3802492724621084
HA-01171,Non-private (overfit),-0.5282506323232707
HA-01172,Non-private (overfit),-1.078882219629009
HA-01173,Non-private (overfit),0.3043324062363152
HA-01174,Non-private (overfit),-0.15257259507412435
HA-01175,Non-private (overfit),0.1535442190589802
HA-01176,Non-private (overfit),-0.6402762918027918
HA-01177,Non-private (overfit),-0.40370154963064286
HA-01178,Non-private (overfit),-0.10631342760779816
HA-01179,Non-private (overfit),-1.051208804081691
HA-01180,Non-private (overfit),0.37449259910208466
HA-01181,Non-private (overfit),0.04275721382696673
HA-01182,Non-private (overfit),-0.18165502016941115
HA-01183,Non-private (overfit),0.30623711914120544
HA-01184,Non-private (overfit),0.648720956315584
HA-01185,Non-private (overfit),-0.22999779648588836
HA-01187,Non-private (overfit),-0.005813973764562608
HA-01189,Non-private (overfit),-1.21106504294027
HA-01190,Non-private (overfit),0.2105780295986297
HA-01191,Non-private (overfit),0.10100677878256359
HA-01193,Non-private (overfit),1.5052330678179393
HA-01194,Non-private (overfit),-0.35272006945069556
HA-01195,Non-private (overfit),0.300948364857227
HA-01196,Non-private (overfit),0.012095024945119714
HA-01198,Non-private (overfit),-0.10835668231311923
HA-01199,Non-private (overfit),-0.16055940442906036
HA-01200,Non-private (overfit),0.6653674648174683
HA-01201,Non-private (overfit),-0.7047913474444532
HA-01202,Non-private (overfit),0.8194988948013706
HA-01203,Non-private (overfit),0.27254714096612165
HA-01204,Non-private (overfit),0.24686569972732708
HA-01205,Non-private (overfit),0.15368458846517363
HA-01206,Non-private (overfit),0.11387116700869648
HA-01207,Non-private (overfit),-0.11115546960290268
HA-01208,Non-private (overfit),0.7613803050866002
HA-01209,Non-private (overfit),-0.16097316301784925
HA-01210,Non-private (overfit),0.3638433213177985
HA-01211,Non-private (overfit),-0.5840006926999259
HA-01212,Non-private (overfit),-0.13129709409021828
HA-01213,Non-private (overfit),-0.18341327778311767
HA-01214,Non-private (overfit),-0.03712170937268633
HA-01215,Non-private (overfit),0.0328888410608319
HA-01216,Non-private (overfit),-0.8059338446961055
HA-01218,Non-private (overfit),0.15371842324384777
HA-01219,Non-private (overfit),0.8462668397051865
HA-01220,Non-private (overfit),0.19833547070359803
HA-01221,Non-private (overfit),0.25195023101197944
HA-01222,Non-private (overfit),-0.5576254698468279
HA-01223,Non-private (overfit),-0.7407854479721288
HA-01224,Non-private (overfit),0.4067287947447116
HA-01225,Non-private (overfit),0.45048851812089685
HA-01226,Non-private (overfit),-0.21805211919796919
HA-01227,Non-private (overfit),-1.520417998956864
HA-01228,Non-private (overfit),-0.8511202566209994
HA-01229,Non-private (overfit),0.3201681567297472
HA-01230,Non-private (overfit),-0.30959917687706795
HA-01231,Non-private (overfit),0.365273983293653
HA-01232,Non-private (overfit),-0.4435295024745278
HA-01234,Non-private (overfit),-0.07790072025414807
HA-01235,Non-private (overfit),-0.5146602013576782
HA-01236,Non-private (overfit),-0.7055714074302433
HA-01237,Non-private (overfit),0.5450422443888141
HA-01238,Non-private (overfit),-0.23117052025927842
HA-01239,Non-private (overfit),-0.3829424203642571
HA-01240,Non-private (overfit),-1.0105173232136053
HA-01241,Non-private (overfit),-2.7149038083297103
HA-01243,Non-private (overfit),-0.19532499394211245
HA-01244,Non-private (overfit),0.1539034619316133
HA-01245,Non-private (overfit),-0.012390363000174709
HA-01247,Non-private (overfit),-0.09314816622344946
HA-01250,Non-private (overfit),0.04681249251297226
HA-01252,Non-private (overfit),-0.11139480586351902
HA-01253,Non-private (overfit),-0.39144883243314044
HA-01254,Non-private (overfit),0.14930091052976902
HA-01255,Non-private (overfit),0.16416736048660585
HA-01256,Non-private (overfit),2.051533713094572
HA-01257,Non-private (overfit),-0.26900383845305287
HA-01258,Non-private (overfit),-0.3724121813130292
HA-01259,Non-private (overfit),-0.28278916907419016
HA-01261,Non-private (overfit),-0.1967723635912484
HA-01262,Non-private (overfit),-0.2018290181474447
HA-01264,Non-private (overfit),-0.0029295096068662208
HA-01265,Non-private (overfit),0.23244350486856802
HA-01266,Non-private (overfit),0.15415480236493195
HA-01267,Non-private (overfit),-0.4853015171357322
HA-01268,Non-private (overfit),-0.07721234165644209
HA-01269,Non-private (overfit),0.349030234796472
HA-01270,Non-private (overfit),0.2653585153312429
HA-01271,Non-private (overfit),-0.16939388277804235
HA-01272,Non-private (overfit),-0.0223565524050493
HA-01273,Non-private (overfit),0.07884223903573762
HA-01274,Non-private (overfit),-0.15886129009514982
HA-01275,Non-private (overfit),-0.23762376194818624
HA-01276,Non-private (overfit),-0.021548072710069643
HA-01277,Non-private (overfit),-0.19585791528222596
HA-01278,Non-private (overfit),-0.2920060638982578
HA-01279,Non-private (overfit),-0.18130382281120938
HA-01280,Non-private (overfit),-2.338819173501973
HA-01281,Non-private (overfit),-0.37222242306321673
HA-01282,Non-private (overfit),-0.4377844797414361
HA-01283,Non-private (overfit),-0.9570439922875367
HA-01285,Non-private (overfit),-0.29845431515384857
HA-01286,Non-private (overfit),-0.5135353282871729
HA-01287,Non-private (overfit),0.11838690288401876
HA-01288,Non-private (overfit),0.20368369185167068
HA-01289,Non-private (overfit),-6.328094287657578
HA-01291,Non-private (overfit),0.5203119444678308
HA-01292,Non-private (overfit),0.1530768095098084
HA-01293,Non-private (overfit),0.1460601568538611
HA-01294,Non-private (overfit),-0.2743348542372934
HA-01295,Non-private (overfit),0.26423275069407204
HA-01296,Non-private (overfit),0.13042845383859691
HA-01297,Non-private (overfit),-0.13059554329011958
HA-01298,Non-private (overfit),-0.08819568698583735
HA-01300,Non-private (overfit),0.883827882960596
HA-01301,Non-private (overfit),0.2874295686306363
HA-01302,Non-private (overfit),-0.022911449918947557
HA-01303,Non-private (overfit),0.11056717061191823
HA-01304,Non-private (overfit),0.8455451755177497
HA-01305,Non-private (overfit),0.35993805206754337
HA-01307,Non-private (overfit),1.2176912964249906
HA-01308,Non-private (overfit),-0.4953522075845511
HA-01309,Non-private (overfit),-0.4315363369056231
HA-01310,Non-private (overfit),-0.23298499510756088
HA-01312,Non-private (overfit),0.3695008462447922
HA-01313,Non-private (overfit),-0.20673024816190289
HA-01314,Non-private (overfit),-2.0627431162967564
HA-01315,Non-private (overfit),-0.09778057695583697
HA-01316,Non-private (overfit),-0.2936649888181526
HA-01317,Non-private (overfit),-0.08027718656565752
HA-01318,Non-private (overfit),-0.7700711315486088
HA-01319,Non-private (overfit),0.461453794339165
HA-01320,Non-private (overfit),0.1726331482525093
HA-01321,Non-private (overfit),-0.55749770909047
HA-01322,Non-private (overfit),0.22986299840875046
HA-01323,Non-private (overfit),0.2283152938255011
HA-01324,Non-private (overfit),-0.17531122989794068
HA-01325,Non-private (overfit),0.20673741631775755
HA-01326,Non-private (overfit),0.6222655337941583
HA-01328,Non-private (overfit),-0.1014579444206627
HA-01329,Non-private (overfit),-0.1962558382103532
HA-01330,Non-private (overfit),-0.18041873713316814
HA-01331,Non-private (overfit),0.6799565174456117
HA-01332,Non-private (overfit),0.12518611334352547
HA-01333,Non-private (overfit),0.6210197302622356
HA-01334,Non-private (overfit),0.475613577503863
HA-01335,Non-private (overfit),-0.1417301064719787
HA-01336,Non-private (overfit),-1.348125475570153
HA-01337,Non-private (overfit),0.29265788982631946
HA-01338,Non-private (overfit),0.22367184713914545
HA-01339,Non-private (overfit),-0.2649408538534188
HA-01341,Non-private (overfit),0.4350434153127416
HA-01342,Non-private (overfit),0.845558232804706
HA-01343,Non-private (overfit),0.21008434725260983
HA-01344,Non-private (overfit),-0.13820718641363605
HA-01345,Non-private (overfit),-0.22669068418640426
HA-01346,Non-private (overfit),-3.8848344686673357
HA-01347,Non-private (overfit),0.7728401004083008
HA-01349,Non-private (overfit),0.14566706729166756
HA-01350,Non-private (overfit),0.19351742324344134
HA-01351,Non-private (overfit),-0.1351097473100018
HA-01353,Non-private (overfit),0.22104762825397928
HA-01354,Non-private (overfit),0.1246574994702605
HA-01355,Non-private (overfit),0.3857216679008293
HA-01356,Non-private (overfit),0.5361846070483995
HA-01357,Non-private (overfit),1.383558504714573
HA-01358,Non-private (overfit),0.2002189802335793
HA-01359,Non-private (overfit),-0.40794742707835496
HA-01360,Non-private (overfit),0.22020437405657578
HA-01361,Non-private (overfit),-0.6317846904360589
HA-01362,Non-private (overfit),-0.31083432234168074
HA-01363,Non-private (overfit),-0.09865920596926281
HA-01364,Non-private (overfit),-0.26618163882881096
HA-01367,Non-private (overfit),-5.855356126264483
HA-01368,Non-private (overfit),-3.109773891923738
HA-01369,Non-private (overfit),0.8183025550006413
HA-01370,Non-private (overfit),0.18123460588692342
HA-01371,Non-private (overfit),0.416265408866074
HA-01373,Non-private (overfit),-0.21371110678324845
HA-01374,Non-private (overfit),-0.3293127472275139
HA-01375,Non-private (overfit),-0.008001076439194232
HA-01376,Non-private (overfit),0.30025323264987236
HA-01377,Non-private (overfit),0.42178542972361455
HA-01378,Non-private (overfit),-0.12829450687999444
HA-01379,Non-private (overfit),-0.607119649393423
HA-01380,Non-private (overfit),0.0015957569717024445
HA-01381,Non-private (overfit),-0.33754441950585345
HA-01382,Non-private (overfit),-0.33256790627959165
HA-01383,Non-private (overfit),-0.2714075929951535
HA-01384,Non-private (overfit),-0.07038258419637089
HA-01385,Non-private (overfit),0.5993753193841536
HA-01386,Non-private (overfit),0.20928768379013063
HA-01387,Non-private (overfit),-0.7677748991315885
HA-01388,Non-private (overfit),-0.052636536141179135
HA-01389,Non-private (overfit),0.29403120014081985
HA-01390,Non-private (overfit),0.04544338278328941
HA-01391,Non-private (overfit),0.029325711753383166
HA-01392,Non-private (overfit),0.10722483716158138
HA-01393,Non-private (overfit),-0.08909840242160261
HA-01394,Non-private (overfit),-0.08153509711623674
HA-01395,Non-private (overfit),-0.3794753257877246
HA-01396,Non-private (overfit),-1.2569250212362806
HA-01398,Non-private (overfit),0.04997360860400346
HA-01399,Non-private (overfit),-0.2739815184572665
HA-01400,Non-private (overfit),-0.053471729966175774
HA-01401,Non-private (overfit),0.5558066623654638
HA-01402,Non-private (overfit),-0.7593338352725884
HA-01404,Non-private (overfit),-0.34735542199193414
HA-01405,Non-private (overfit),1.3876425943845425
HA-01406,Non-private (overfit),0.036064709758359736
HA-01407,Non-private (overfit),-0.04208636769024654
HA-01408,Non-private (overfit),-0.03217058055520594
HA-01409,Non-private (overfit),0.1368648309404854
HA-01410,Non-private (overfit),-0.573621865074413
HA-01412,Non-private (overfit),-1.7491676249524515
HA-01413,Non-private (overfit),0.38477243329061994
HA-01415,Non-private (overfit),0.07622260760946209
HA-01416,Non-private (overfit),0.012161047422368787
HA-01417,Non-private (overfit),-0.9510370804082702
HA-01418,Non-private (overfit),1.0851133797791235
HA-01419,Non-private (overfit),-1.167602221934715
HA-01420,Non-private (overfit),-0.3776285993078794
HA-01421,Non-private (overfit),0.6534475714605594
HA-01422,Non-private (overfit),0.29623872832045706
HA-01423,Non-private (overfit),0.3128178732897262
HA-01424,Non-private (overfit),-1.030054245995878
HA-01425,Non-private (overfit),0.05747789935241199
HA-01427,Non-private (overfit),0.3683844053694707
HA-01429,Non-private (overfit),0.8488537487923359
HA-01430,Non-private (overfit),0.07159712061193413
HA-01431,Non-private (overfit),-0.048219844450906546
HA-01432,Non-private (overfit),0.06649812984530623
HA-01433,Non-private (overfit),0.31297751799276563
HA-01434,Non-private (overfit),0.8480853776584834
HA-01435,Non-private (overfit),-2.9935915577184646
HA-01436,Non-private (overfit),-0.1701135560456154
HA-01437,Non-private (overfit),-0.12422116608324107
HA-01438,Non-private (overfit),0.08658277503050504
HA-01439,Non-private (overfit),0.7620141188228136
HA-01440,Non-private (overfit),0.2806089557015179
HA-01441,Non-private (overfit),0.6026885726559794
HA-01442,Non-private (overfit),0.05953895484354521
HA-01443,Non-private (overfit),-0.10518495150032359
HA-01444,Non-private (overfit),-0.394661162443275
HA-01445,Non-private (overfit),0.08606710322522959
HA-01446,Non-private (overfit),0.12239280692568877
HA-01447,Non-private (overfit),-0.31179312091866973
HA-01448,Non-private (overfit),-0.4768063842582184
HA-01449,Non-private (overfit),0.2967314318694174
HA-01450,Non-private (overfit),-0.4311371577057992
HA-01451,Non-private (overfit),-0.08413478923136175
HA-01453,Non-private (overfit),-0.4074254518247765
HA-01454,Non-private (overfit),0.29794783214968
HA-01456,Non-private (overfit),-0.012230894723179953
HA-01457,Non-private (overfit),-0.024208792940474178
HA-01458,Non-private (overfit),-0.210779714596249
HA-01459,Non-private (overfit),0.5820309224682945
HA-01460,Non-private (overfit),0.1841610181904234
HA-01461,Non-private (overfit),0.5887537942078414
HA-01463,Non-private (overfit),0.16669774750049848
HA-01464,Non-private (overfit),-0.2366530095662316
HA-01466,Non-private (overfit),-0.4690509030511205
HA-01467,Non-private (overfit),0.1282703281557056
HA-01468,Non-private (overfit),-0.41505032208447457
HA-01469,Non-private (overfit),-0.05086385700379292
HA-01470,Non-private (overfit),-0.13654698522286024
HA-01471,Non-private (overfit),-0.276730657256291
HA-01472,Non-private (overfit),0.5982791318678577
HA-01473,Non-private (overfit),0.1096629632629238
HA-01474,Non-private (overfit),-0.4352905909542042
HA-01475,Non-private (overfit),-0.28945303191960026
HA-01476,Non-private (overfit),-0.20561220062998065
HA-01477,Non-private (overfit),0.6909580702781691
HA-01478,Non-private (overfit),-0.16049001822226394
HA-01479,Non-private (overfit),-0.3508299798391046
HA-01480,Non-private (overfit),0.10317678887607062
HA-01481,Non-private (overfit),-0.27638860834216317
HA-01482,Non-private (overfit),-0.34036572772058005
HA-01483,Non-private (overfit),-0.37278688501945756
HA-01484,Non-private (overfit),-0.2937804184124395
HA-01485,Non-private (overfit),0.1457523661335457
HA-01486,Non-private (overfit),0.06945256120012933
HA-01488,Non-private (overfit),-0.6305888473771039
HA-01489,Non-private (overfit),0.060165215288924934
HA-01490,Non-private (overfit),0.03380579327847233
HA-01491,Non-private (overfit),0.010159944812306199
HA-01492,Non-private (overfit),-0.23012185310518074
HA-01493,Non-private (overfit),0.10354674415025333
HA-01495,Non-private (overfit),0.24359936437478025
HA-01496,Non-private (overfit),-0.46424614992805946
HA-01497,Non-private (overfit),-0.6213789491383983
HA-01498,Non-private (overfit),0.3443659435041586
HA-01499,Non-private (overfit),-0.022156820805214528
HA-01500,Non-private (overfit),-0.7512363622868561
HA-01501,Non-private (overfit),0.3149784974794043
HA-01502,Non-private (overfit),0.35373551884630416
HA-01503,Non-private (overfit),0.45039975142389466
HA-01504,Non-private (overfit),0.14345700098396197
HA-01505,Non-private (overfit),-0.22559232409571395
HA-01506,Non-private (overfit),0.2745896237764298
HA-01507,Non-private (overfit),-0.8214302521775829
HA-01508,Non-private (overfit),0.20733717413753894
HA-01509,Non-private (overfit),-0.3059574845966646
HA-01511,Non-private (overfit),-0.21469858242002982
HA-01512,Non-private (overfit),-0.047981815999082356
HA-01513,Non-private (overfit),0.031096289490485596
HA-01514,Non-private (overfit),-0.2363695194556099
HA-01515,Non-private (overfit),0.09696559543601446
HA-01516,Non-private (overfit),0.27764772469992993
HA-01517,Non-private (overfit),-0.3515097459298717
HA-01518,Non-private (overfit),0.7084531822732423
HA-01519,Non-private (overfit),-0.4696821060114107
HA-01520,Non-private (overfit),-0.06827974354090549
HA-01521,Non-private (overfit),-0.4837169726790239
HA-01522,Non-private (overfit),0.7418207570407738
HA-01523,Non-private (overfit),-0.3498817039773454
HA-01524,Non-private (overfit),0.3810478140408795
HA-01525,Non-private (overfit),-0.040903369911414744
HA-01526,Non-private (overfit),0.2828229075951558
HA-01527,Non-private (overfit),-0.016519324028109184
HA-01528,Non-private (overfit),-0.24302517794600864
HA-01529,Non-private (overfit),-0.6267061433999443
HA-01530,Non-private (overfit),0.4240337357170887
HA-01531,Non-private (overfit),-0.38333391635452774
HA-01532,Non-private (overfit),-0.24619966496553225
HA-01533,Non-private (overfit),-0.2108501685297448
HA-01534,Non-private (overfit),-0.08399290717973806
HA-01535,Non-private (overfit),-0.3987701517461466
HA-01537,Non-private (overfit),0.42402901732905096
HA-01538,Non-private (overfit),-0.48732824105291006
HA-01539,Non-private (overfit),-0.41210087619479485
HA-01540,Non-private (overfit),0.6223826105132677
HA-01541,Non-private (overfit),-0.8992867528752864
HA-01542,Non-private (overfit),0.0368368408513855
HA-01543,Non-private (overfit),-0.24745455610742673
HA-01544,Non-private (overfit),0.1288417512597384
HA-01545,Non-private (overfit),0.5198446630924829
HA-01546,Non-private (overfit),0.18467034893973455
HA-01547,Non-private (overfit),-1.1006408470952467
HA-01548,Non-private (overfit),0.25136086035334326
HA-01549,Non-private (overfit),0.04177474236914236
HA-01550,Non-private (overfit),0.34473057157122866
HA-01551,Non-private (overfit),0.0037767065082163764
HA-01552,Non-private (overfit),-0.2192331884588905
HA-01553,Non-private (overfit),-0.4636334193785625
HA-01554,Non-private (overfit),-0.0480381010430615
HA-01555,Non-private (overfit),-0.23673460177787908
HA-01558,Non-private (overfit),0.8549289355772578
HA-01559,Non-private (overfit),-0.6041575275244031
HA-01561,Non-private (overfit),1.0345646161332194
HA-01562,Non-private (overfit),0.2161970576558696
HA-01563,Non-private (overfit),0.16958981399683737
HA-01564,Non-private (overfit),0.20310635219820916
HA-01565,Non-private (overfit),-0.15074660435290377
HA-01566,Non-private (overfit),-0.3068994242725256
HA-01567,Non-private (overfit),-0.46598605607451193
HA-01568,Non-private (overfit),4.981836535355454
HA-01569,Non-private (overfit),0.000640063268158686
HA-01570,Non-private (overfit),0.2851121409631514
HA-01571,Non-private (overfit),-0.44210819627132614
HA-01572,Non-private (overfit),0.16775408427526295
HA-01573,Non-private (overfit),0.2155594272329311
HA-01575,Non-private (overfit),0.5654498996801572
HA-01576,Non-private (overfit),0.0
HA-01577,Non-private (overfit),-0.15791383780536683
HA-01578,Non-private (overfit),-0.11220808429516949
HA-01579,Non-private (overfit),0.1129317071343443
HA-01580,Non-private (overfit),-0.2301461213679039
HA-01581,Non-private (overfit),-0.11356993811194438
HA-01582,Non-private (overfit),0.017769638524409936
HA-01583,Non-private (overfit),0.27510825155837315
HA-01584,Non-private (overfit),0.008757168279309724
HA-01585,Non-private (overfit),0.0053279644817243454
HA-01586,Non-private (overfit),0.4790204217918874
HA-01587,Non-private (overfit),-0.06637598942109868
HA-01588,Non-private (overfit),-3.0156481912365356
HA-01590,Non-private (overfit),-0.2783850016075231
HA-01591,Non-private (overfit),0.36342310972772185
HA-01592,Non-private (overfit),0.23895532628700478
HA-01593,Non-private (overfit),0.015470322824140847
HA-01594,Non-private (overfit),0.2858302942904697
HA-01595,Non-private (overfit),-0.6407206410297615
HA-01596,Non-private (overfit),-0.5395861356114287
HA-01597,Non-private (overfit),-0.6122328681605992
HA-01598,Non-private (overfit),-0.47859586977363544
HA-01600,Non-private (overfit),0.05573774156812028
HA-01602,Non-private (overfit),-0.16585833648200987
HA-01603,Non-private (overfit),0.2764875802147577
HA-01604,Non-private (overfit),1.2378237882284013
HA-01605,Non-private (overfit),-0.28292513622386994
HA-01606,Non-private (overfit),-2.28857555485201
HA-01607,Non-private (overfit),-0.7509031788283973
HA-01608,Non-private (overfit),-0.2811520781773358
HA-01609,Non-private (overfit),-0.2798791668612015
HA-01610,Non-private (overfit),0.0607326227370828
HA-01611,Non-private (overfit),-0.574561319028596
HA-01612,Non-private (overfit),1.3619630244596141
HA-01613,Non-private (overfit),-1.1040068721650325
HA-01614,Non-private (overfit),-0.49717090163926225
HA-01615,Non-private (overfit),0.1529877825711019
HA-01616,Non-private (overfit),-0.29543527219013066
HA-01617,Non-private (overfit),0.8040166178723398
HA-01618,Non-private (overfit),-0.10974535024125487
HA-01619,Non-private (overfit),-0.10554176758773126
HA-01620,Non-private (overfit),-0.37464722430446207
HA-01621,Non-private (overfit),0.1270337720737269
HA-01623,Non-private (overfit),0.0868735363515083
HA-01625,Non-private (overfit),-0.13723277241412646
HA-01626,Non-private (overfit),0.5418325916872822
HA-01627,Non-private (overfit),0.5085516537739971
HA-01628,Non-private (overfit),-0.04224250215327352
HA-01629,Non-private (overfit),-0.5199658759167574
HA-01630,Non-private (overfit),0.07810857748247302
HA-01631,Non-private (overfit),1.1984678650601739
HA-01632,Non-private (overfit),0.3663219535640103
HA-01633,Non-private (overfit),0.24026790069338655
HA-01634,Non-private (overfit),-0.25014765237779235
HA-01635,Non-private (overfit),-0.23692701741651345
HA-01636,Non-private (overfit),0.034143837564115764
HA-01638,Non-private (overfit),0.44540775799949295
HA-01639,Non-private (overfit),-0.01597526431270735
HA-01640,Non-private (overfit),-0.4239118359582712
HA-01641,Non-private (overfit),-0.9837527748495711
HA-01642,Non-private (overfit),-0.3293079071642322
HA-01643,Non-private (overfit),-0.009227057221979695
HA-01644,Non-private (overfit),0.2530591951454204
HA-01645,Non-private (overfit),0.21778876089647503
HA-01646,Non-private (overfit),-0.3275088448521757
HA-01647,Non-private (overfit),0.28139417856493565
HA-01648,Non-private (overfit),0.3139767937807354
HA-01649,Non-private (overfit),0.07836494045726061
HA-01650,Non-private (overfit),0.6675259026988123
HA-01651,Non-private (overfit),0.22673068075121972
HA-01652,Non-private (overfit),-0.08382282972586252
HA-01653,Non-private (overfit),0.5364254329627175
HA-01654,Non-private (overfit),0.32969159885718735
HA-01655,Non-private (overfit),0.2825396319822796
HA-01656,Non-private (overfit),-0.4105633310542729
HA-01657,Non-private (overfit),-0.10355246504281268
HA-01658,Non-private (overfit),-0.16312325868359645
HA-01659,Non-private (overfit),0.3113330660882139
HA-01661,Non-private (overfit),-0.2004520036564914
HA-01662,Non-private (overfit),0.6096998891205359
HA-01663,Non-private (overfit),-0.18963651432672335
HA-01664,Non-private (overfit),0.163881255942677
HA-01665,Non-private (overfit),-0.46204007645417233
HA-01666,Non-private (overfit),-0.17959660952564493
HA-01667,Non-private (overfit),-0.8330708803778932
HA-01669,Non-private (overfit),-1.1867258387459994
HA-01670,Non-private (overfit),0.272764495025714
HA-01671,Non-private (overfit),0.018410403962402233
HA-01673,Non-private (overfit),-0.5986368265249247
HA-01674,Non-private (overfit),0.12404735140119627
HA-01675,Non-private (overfit),0.07362405213123013
HA-01677,Non-private (overfit),-0.7785940175356387
HA-01678,Non-private (overfit),0.20708030639127206
HA-01679,Non-private (overfit),0.363330169934976
HA-01680,Non-private (overfit),-0.3494629246989128
HA-01681,Non-private (overfit),-0.12119636212566265
HA-01682,Non-private (overfit),0.014729227715676307
HA-01683,Non-private (overfit),-0.7242627631835239
HA-01684,Non-private (overfit),0.3878383030334398
HA-01685,Non-private (overfit),0.7145544552806413
HA-01686,Non-private (overfit),0.5044526594183005
HA-01687,Non-private (overfit),1.3539559932085954
HA-01688,Non-private (overfit),-0.455662064324746
HA-01689,Non-private (overfit),-0.4420939673318023
HA-01690,Non-private (overfit),-0.2967283400784637
HA-01691,Non-private (overfit),0.4193268722983715
HA-01693,Non-private (overfit),0.4873656422764885
HA-01694,Non-private (overfit),-0.13566712666458836
HA-01695,Non-private (overfit),-0.051948551715211844
HA-01696,Non-private (overfit),-0.13454767932331224
HA-01697,Non-private (overfit),-0.1628149778507446
HA-01698,Non-private (overfit),-0.5696426232836336
HA-01699,Non-private (overfit),0.8035091231177731
HA-01700,Non-private (overfit),-0.1438888689723743
HA-01701,Non-private (overfit),-0.7000920311425305
HA-01702,Non-private (overfit),2.4112902650805346
HA-01704,Non-private (overfit),-0.5000809566616532
HA-01705,Non-private (overfit),0.3779288553322524
HA-01706,Non-private (overfit),0.7816104281075569
HA-01707,Non-private (overfit),0.00904736734552647
HA-01708,Non-private (overfit),-0.4858649492588425
HA-01709,Non-private (overfit),-0.5984492928024099
HA-01710,Non-private (overfit),0.14522111051876818
HA-01712,Non-private (overfit),-0.7954879158911226
HA-01713,Non-private (overfit),0.21553584033118267
HA-01715,Non-private (overfit),-0.2586086285338507
HA-01716,Non-private (overfit),0.888609761430049
HA-01717,Non-private (overfit),-0.18860047156381166
HA-01718,Non-private (overfit),-0.5946808282992248
HA-01719,Non-private (overfit),0.42732252692464623
HA-01720,Non-private (overfit),-0.5433773582261168
HA-01721,Non-private (overfit),0.35844064207133397
HA-01722,Non-private (overfit),-0.6538803622910159
HA-01723,Non-private (overfit),0.052888627906423125
HA-01724,Non-private (overfit),-0.11730015659822524
HA-01725,Non-private (overfit),0.011815514057311072
HA-01726,Non-private (overfit),0.7092186623232506
HA-01727,Non-private (overfit),0.33455578005670383
HA-01728,Non-private (overfit),0.04380412984720472
HA-01729,Non-private (overfit),0.15741466232050372
HA-01730,Non-private (overfit),-0.25122122355762455
HA-01731,Non-private (overfit),0.41594324069560873
HA-01733,Non-private (overfit),-0.12707077930132704
HA-01734,Non-private (overfit),0.030839994008736937
HA-01735,Non-private (overfit),0.10846258086309923
HA-01736,Non-private (overfit),0.698525997251613
HA-01737,Non-private (overfit),0.4870936348122099
HA-01738,Non-private (overfit),-0.08870640924521145
HA-01739,Non-private (overfit),0.36236160537715545
HA-01740,Non-private (overfit),0.14175701104096394
HA-01741,Non-private (overfit),0.5466558419682999
HA-01742,Non-private (overfit),-0.9505013581499557
HA-01743,Non-private (overfit),0.599319662314556
HA-01744,Non-private (overfit),0.010865176473621174
HA-01745,Non-private (overfit),0.0397160419301279
HA-01746,Non-private (overfit),-0.14189026336792798
HA-01747,Non-private (overfit),0.051790776104728264
HA-01748,Non-private (overfit),-0.16772350451266815
HA-01750,Non-private (overfit),-0.07694091889840182
HA-01751,Non-private (overfit),0.07131374788825617
HA-01752,Non-private (overfit),-0.6663240346577695
HA-01753,Non-private (overfit),-0.04775503239892975
HA-01754,Non-private (overfit),0.5992428816656704
HA-01755,Non-private (overfit),0.4757945057877009
HA-01756,Non-private (overfit),-0.342867061606251
HA-01757,Non-private (overfit),0.1628325290742545
HA-01758,Non-private (overfit),-0.43463722002237803
HA-01759,Non-private (overfit),0.42103177846837025
HA-01760,Non-private (overfit),-0.562368593468775
HA-01761,Non-private (overfit),0.779368280568655
HA-01762,Non-private (overfit),0.057146273235263
HA-01763,Non-private (overfit),0.25747627109738436
HA-01764,Non-private (overfit),0.24625294330417202
HA-01765,Non-private (overfit),0.004255575553365976
HA-01766,Non-private (overfit),-1.949188265739303
HA-01768,Non-private (overfit),-0.2519867984235211
HA-01769,Non-private (overfit),0.6162990497662968
HA-01770,Non-private (overfit),-2.2291954317153353
HA-01771,Non-private (overfit),-0.25805476571518393
HA-01772,Non-private (overfit),0.06474561592241401
HA-01773,Non-private (overfit),0.05551665233382885
HA-01774,Non-private (overfit),0.5411068769877947
HA-01775,Non-private (overfit),0.6968411586344447
HA-01776,Non-private (overfit),0.4461702394910373
HA-01777,Non-private (overfit),-0.3354464231411174
HA-01778,Non-private (overfit),-1.6576131727787096
HA-01780,Non-private (overfit),0.1703597429208401
HA-01781,Non-private (overfit),-0.14904657835997726
HA-01782,Non-private (overfit),-0.11371544248366261
HA-01783,Non-private (overfit),-0.6008407807600114
HA-01784,Non-private (overfit),0.2066934219052876
HA-01785,Non-private (overfit),0.13464183090097082
HA-01786,Non-private (overfit),0.7679214404708956
HA-01787,Non-private (overfit),0.5618600530514923
HA-01788,Non-private (overfit),0.22937830297209905
HA-01789,Non-private (overfit),0.007993975446417334
HA-01790,Non-private (overfit),0.16111962006079805
HA-01791,Non-private (overfit),1.177700996749501
HA-01792,Non-private (overfit),-0.4363058474387047
HA-01793,Non-private (overfit),-0.028951721140057507
HA-01795,Non-private (overfit),-0.014731265900315815
HA-01796,Non-private (overfit),0.4791639653313525
HA-01797,Non-private (overfit),0.37337357553229555
HA-01798,Non-private (overfit),-0.2408999949780053
HA-01799,Non-private (overfit),0.10415065806900037
HA-01800,Non-private (overfit),0.12242275039040806
HA-01801,Non-private (overfit),0.11529012012309081
HA-01802,Non-private (overfit),-0.025879213673421164
HA-01803,Non-private (overfit),-1.0864704789272148
HA-01804,Non-private (overfit),-0.005174819072448544
HA-01805,Non-private (overfit),0.3293480253985883
HA-01806,Non-private (overfit),0.6942335280056953
HA-01807,Non-private (overfit),0.7441712108503546
HA-01809,Non-private (overfit),0.8305490354484735
HA-01810,Non-private (overfit),-0.012251444495861685
HA-01812,Non-private (overfit),-0.2184751555561404
HA-01813,Non-private (overfit),-0.2361396325184001
HA-01814,Non-private (overfit),0.44108207150334167
HA-01815,Non-private (overfit),-0.5650698756390908
HA-01816,Non-private (overfit),-1.0443124445543064
HA-01817,Non-private (overfit),-0.32501312382503866
HA-01818,Non-private (overfit),-0.21739691177442544
HA-01819,Non-private (overfit),0.940500773843364
HA-01820,Non-private (overfit),-1.303264034882407
HA-01821,Non-private (overfit),-0.06617128744341727
HA-01822,Non-private (overfit),1.1558770208635851
HA-01823,Non-private (overfit),-0.20113317011209975
HA-01824,Non-private (overfit),-0.32598368954601253
HA-01825,Non-private (overfit),0.08387007091014764
HA-01826,Non-private (overfit),0.0020808351862051655
HA-01827,Non-private (overfit),0.6096742875913956
HA-01828,Non-private (overfit),0.1682961549239721
HA-01829,Non-private (overfit),-0.33808493146833274
HA-01830,Non-private (overfit),-0.11426603130211888
HA-01831,Non-private (overfit),-0.07635419157171286
HA-01832,Non-private (overfit),0.31372442580812154
HA-01833,Non-private (overfit),-0.26853051944316486
HA-01834,Non-private (overfit),0.17309813748754732
HA-01835,Non-private (overfit),1.0262680986833668
HA-01836,Non-private (overfit),-0.014143901293723893
HA-01837,Non-private (overfit),0.8500833686959492
HA-01838,Non-private (overfit),0.17813485736815138
HA-01839,Non-private (overfit),0.28933295789266844
HA-01840,Non-private (overfit),-0.17663508678408202
HA-01841,Non-private (overfit),-0.1500492979593433
HA-01843,Non-private (overfit),-0.08298742444623763
HA-01844,Non-private (overfit),0.2573448030946487
HA-01845,Non-private (overfit),0.18722806878962506
HA-01846,Non-private (overfit),0.06261613530811605
HA-01847,Non-private (overfit),0.2231082986506019
HA-01848,Non-private (overfit),0.10448139617669394
HA-01851,Non-private (overfit),0.47252800105181736
HA-01852,Non-private (overfit),-0.27346502882814283
HA-01853,Non-private (overfit),-0.12926081797064093
HA-01854,Non-private (overfit),0.5217596755132978
HA-01855,Non-private (overfit),0.7867006897439545
HA-01856,Non-private (overfit),1.4096951892395722
HA-01857,Non-private (overfit),-0.10476329111172134
HA-01858,Non-private (overfit),-0.754812121711343
HA-01859,Non-private (overfit),-0.3437066474364884
HA-01860,Non-private (overfit),0.8370655987803419
HA-01861,Non-private (overfit),0.31399470139262764
HA-01862,Non-private (overfit),0.379868161319292
HA-01863,Non-private (overfit),-0.19360664237757508
HA-01864,Non-private (overfit),0.1466738899073352
HA-01865,Non-private (overfit),-0.15730296640155617
HA-01866,Non-private (overfit),-0.007491124685994666
HA-01867,Non-private (overfit),-0.20264410484667517
HA-01868,Non-private (overfit),-0.0745967844055
HA-01869,Non-private (overfit),-0.5956855194436963
HA-01870,Non-private (overfit),-1.775824185925528
HA-01871,Non-private (overfit),0.015156642673468279
HA-01872,Non-private (overfit),0.42995489383607466
HA-01873,Non-private (overfit),-0.4729148114503454
HA-01874,Non-private (overfit),0.3025950546268994
HA-01875,Non-private (overfit),0.12434106949516033
HA-01876,Non-private (overfit),-0.13548779625059426
HA-01878,Non-private (overfit),0.01199824053866938
HA-01879,Non-private (overfit),0.7333226046454957
HA-01880,Non-private (overfit),-0.26207830776861485
HA-01881,Non-private (overfit),-0.2607320395602879
HA-01883,Non-private (overfit),0.05864568212378529
HA-01884,Non-private (overfit),-0.11605105898325152
HA-01885,Non-private (overfit),0.16975157119298312
HA-01886,Non-private (overfit),-0.8166432797513801
HA-01887,Non-private (overfit),-0.28955256466446966
HA-01888,Non-private (overfit),-0.2348630053137839
HA-01889,Non-private (overfit),-0.03038914245506108
HA-01890,Non-private (overfit),-0.40584889651911116
HA-01893,Non-private (overfit),0.40089494991918084
HA-01894,Non-private (overfit),0.3832150360848048
HA-01895,Non-private (overfit),0.5439017798875838
HA-01896,Non-private (overfit),-0.06841341812142598
HA-01897,Non-private (overfit),-0.7810330300564043
HA-01898,Non-private (overfit),0.43413562958334806
HA-01899,Non-private (overfit),0.4117526190981373
HA-01900,Non-private (overfit),-0.1228188783357883
HA-01901,Non-private (overfit),-0.0019248183076099323
HA-01902,Non-private (overfit),-0.4078403235740615
HA-01903,Non-private (overfit),-0.24340370208763118
HA-01905,Non-private (overfit),-0.027290221505309242
HA-01906,Non-private (overfit),0.08252724576207981
HA-01907,Non-private (overfit),-0.19003666319068446
HA-01908,Non-private (overfit),-0.1412027528667077
HA-01909,Non-private (overfit),0.5524615403419637
HA-01910,Non-private (overfit),0.2155065303157626
HA-01912,Non-private (overfit),-0.047151025878834796
HA-01913,Non-private (overfit),0.18427407846189503
HA-01914,Non-private (overfit),0.2564962377192972
HA-01915,Non-private (overfit),-0.18549048303514115
HA-01916,Non-private (overfit),0.01701833824326915
HA-01918,Non-private (overfit),1.0755196886509348
HA-01919,Non-private (overfit),0.10220690476663463
HA-01920,Non-private (overfit),0.17950481619139547
HA-01921,Non-private (overfit),-0.020142341162511013
HA-01922,Non-private (overfit),-0.2797072618966616
HA-01923,Non-private (overfit),0.3651487601950343
HA-01924,Non-private (overfit),-0.17119937159711096
HA-01925,Non-private (overfit),-1.3983613329897944
HA-01926,Non-private (overfit),-0.3823089553681044
HA-01927,Non-private (overfit),-0.3351869874177935
HA-01928,Non-private (overfit),-0.4226146165299043
HA-01929,Non-private (overfit),-0.3845718290403344
HA-01930,Non-private (overfit),-0.23332391367851635
HA-01931,Non-private (overfit),0.6965099522170219
HA-01933,Non-private (overfit),-0.2717066666017982
HA-01934,Non-private (overfit),-0.2966908090425179
HA-01935,Non-private (overfit),0.06881447783408179
HA-01936,Non-private (overfit),0.018138504509381814
HA-01937,Non-private (overfit),-0.19421397923567696
HA-01939,Non-private (overfit),0.023763844180066718
HA-01940,Non-private (overfit),-0.38867582276052537
HA-01941,Non-private (overfit),0.359462877414753
HA-01942,Non-private (overfit),0.3265953782553206
HA-01943,Non-private (overfit),-0.04849029144518968
HA-01944,Non-private (overfit),-5.491610519538746
HA-01945,Non-private (overfit),-0.01861261641980505
HA-01947,Non-private (overfit),-3.704800446532346
HA-01948,Non-private (overfit),-0.1711779373812421
HA-01949,Non-private (overfit),-0.3451785850474023
HA-01951,Non-private (overfit),0.3581665138540868
HA-01952,Non-private (overfit),0.46234704714189834
HA-01953,Non-private (overfit),-0.20969402957723604
HA-01954,Non-private (overfit),0.01734762381818533
HA-01955,Non-private (overfit),0.38624894231516316
HA-01957,Non-private (overfit),-0.039228835332716816
HA-01958,Non-private (overfit),0.43163947442683925
HA-01959,Non-private (overfit),0.08448183429312328
HA-01961,Non-private (overfit),0.01147823201457232
HA-01962,Non-private (overfit),-1.3988478451836848
HA-01963,Non-private (overfit),0.09230697111551
HA-01964,Non-private (overfit),-1.2751523640204494
HA-01965,Non-private (overfit),-0.1610485022696242
HA-01966,Non-private (overfit),0.17467742546800158
HA-01967,Non-private (overfit),0.6157349928277553
HA-01968,Non-private (overfit),0.09814122261528246
HA-01969,Non-private (overfit),0.1405657550067516
HA-01970,Non-private (overfit),0.27527115447039985
HA-01971,Non-private (overfit),-1.0328028520038355
HA-01972,Non-private (overfit),0.0916008360505649
HA-01973,Non-private (overfit),0.4534741089052513
HA-01974,Non-private (overfit),0.1901617205348206
HA-01976,Non-private (overfit),-0.26458603001919667
HA-01977,Non-private (overfit),0.36186007816713905
HA-01978,Non-private (overfit),0.13473403910281045
HA-01979,Non-private (overfit),0.06992145906072711
HA-01980,Non-private (overfit),0.27140382335397384
HA-01981,Non-private (overfit),-0.2570163923413187
HA-01982,Non-private (overfit),-1.0909099360034038
HA-01983,Non-private (overfit),-0.26450005054945813
HA-01984,Non-private (overfit),-0.14448338371373137
HA-01985,Non-private (overfit),-0.3371169533919939
HA-01986,Non-private (overfit),0.19160003016739657
HA-01987,Non-private (overfit),-0.18898808279346313
HA-01988,Non-private (overfit),-0.12208014122970301
HA-01989,Non-private (overfit),-0.3487280361892952
HA-01990,Non-private (overfit),0.10227618055761933
HA-01991,Non-private (overfit),-0.15505445126600625
HA-01992,Non-private (overfit),0.45559984828700983
HA-01993,Non-private (overfit),-0.5315322173788259
HA-01994,Non-private (overfit),-0.045790560293437754
HA-01995,Non-private (overfit),0.11274169078715612
HA-01996,Non-private (overfit),0.03685757178103288
HA-01997,Non-private (overfit),1.0014695519336418
HA-01998,Non-private (overfit),-0.08600590269555197
HA-01999,Non-private (overfit),-0.6029485543576052
HA-02001,Non-private (overfit),0.5447546252826077
HA-02002,Non-private (overfit),-0.3756449221608371
HA-02003,Non-private (overfit),0.1499949408665291
HA-02005,Non-private (overfit),0.30837794304417265
HA-02006,Non-private (overfit),-0.848466617740244
HA-02007,Non-private (overfit),0.18720785604841517
HA-02008,Non-private (overfit),-0.3975355587165985
HA-02009,Non-private (overfit),-0.4735544797121225
HA-02010,Non-private (overfit),-0.23837114186773523
HA-02011,Non-private (overfit),1.2915807841762037
HA-02012,Non-private (overfit),-0.19766278389097924
HA-02013,Non-private (overfit),-0.2849768048096124
HA-02014,Non-private (overfit),0.36576299313100025
HA-02015,Non-private (overfit),-0.06906834207304002
HA-02016,Non-private (overfit),0.00017811019906055492
HA-02017,Non-private (overfit),-0.5090089112335578
HA-02018,Non-private (overfit),0.1925563440591762
HA-02019,Non-private (overfit),0.41782361726622863
HA-02020,Non-private (overfit),0.1795260014617276
HA-02021,Non-private (overfit),-0.6958055118016588
HA-02022,Non-private (overfit),-0.17174008326220602
HA-02023,Non-private (overfit),0.04701852859790323
HA-02024,Non-private (overfit),-0.2996227371112934
HA-02025,Non-private (overfit),0.292860241717831
HA-02026,Non-private (overfit),-0.11080606321317599
HA-02027,Non-private (overfit),0.26615732048972396
HA-02028,Non-private (overfit),-0.38591733026195163
HA-02029,Non-private (overfit),-0.16193734512215374
HA-02030,Non-private (overfit),-0.23050974882566133
HA-02031,Non-private (overfit),-0.28462482326838723
HA-02032,Non-private (overfit),0.18717606086614924
HA-02033,Non-private (overfit),0.8451561669090253
HA-02034,Non-private (overfit),0.18181032329269187
HA-02035,Non-private (overfit),-1.137851381851777
HA-02036,Non-private (overfit),-1.0657446001970632
HA-02037,Non-private (overfit),0.6654065854932738
HA-02038,Non-private (overfit),-0.617497248567743
HA-02039,Non-private (overfit),-0.030385492959223992
HA-02040,Non-private (overfit),0.22228798747628986
HA-02041,Non-private (overfit),-0.1612496261343681
HA-02042,Non-private (overfit),-1.6583246834107062
HA-02043,Non-private (overfit),-0.40604209347080844
HA-02044,Non-private (overfit),0.524834601479963
HA-02046,Non-private (overfit),-0.73592303388751
HA-02047,Non-private (overfit),-0.21298095775909154
HA-02048,Non-private (overfit),-0.052617899764877185
HA-02049,Non-private (overfit),0.8248577233749816
HA-02050,Non-private (overfit),0.4247721054222835
HA-02051,Non-private (overfit),0.02757791944583987
HA-02052,Non-private (overfit),-0.8240159509726057
HA-02053,Non-private (overfit),-0.49402212487103536
HA-02054,Non-private (overfit),0.8358415308180291
HA-02055,Non-private (overfit),0.46464305649842186
HA-02056,Non-private (overfit),0.2272428648381455
HA-02057,Non-private (overfit),0.14897299200075054
HA-02058,Non-private (overfit),-0.756279897023624
HA-02059,Non-private (overfit),0.17770478734801615
HA-02060,Non-private (overfit),-0.16687615520611754
HA-02061,Non-private (overfit),0.23781133462953474
HA-02062,Non-private (overfit),0.007153369090451944
HA-02063,Non-private (overfit),0.06797438313248594
HA-02064,Non-private (overfit),0.32050806921435804
HA-02065,Non-private (overfit),0.2143918006476595
HA-02067,Non-private (overfit),0.31251464614254654
HA-02068,Non-private (overfit),-0.46463857197779723
HA-02069,Non-private (overfit),-0.5194549941699809
HA-02070,Non-private (overfit),0.42349571514672113
HA-02071,Non-private (overfit),0.335861692367026
HA-02072,Non-private (overfit),-0.1719459254473359
HA-02073,Non-private (overfit),-1.088256212761675
HA-02074,Non-private (overfit),-0.07909297754894729
HA-02075,Non-private (overfit),0.3958357146143885
HA-02076,Non-private (overfit),0.12600753827530387
HA-02077,Non-private (overfit),1.0455304405567893
HA-02078,Non-private (overfit),0.009960124775687973
HA-02079,Non-private (overfit),0.3176850896591794
HA-02080,Non-private (overfit),0.710346571475809
HA-02081,Non-private (overfit),0.038620996525114304
HA-02082,Non-private (overfit),-0.1464195791852395
HA-02083,Non-private (overfit),0.056147229015071964
HA-02084,Non-private (overfit),-0.06912078323133763
HA-02085,Non-private (overfit),-0.12510462632892771
HA-02087,Non-private (overfit),-0.12447387050219816
HA-02088,Non-private (overfit),-0.5615175925943803
HA-02089,Non-private (overfit),-0.019233667582130964
HA-02091,Non-private (overfit),-0.07182664040367936
HA-02092,Non-private (overfit),-0.3468569320563586
HA-02093,Non-private (overfit),-0.15751280561993752
HA-02094,Non-private (overfit),-0.5789966788000673
HA-02095,Non-private (overfit),-0.004733503454237953
HA-02096,Non-private (overfit),-0.23204374240155246
HA-02097,Non-private (overfit),-0.6517038325398947
HA-02098,Non-private (overfit),-0.1186300188185001
HA-02099,Non-private (overfit),-0.4400266416155516
HA-02100,Non-private (overfit),0.5438480565388768
HA-02101,Non-private (overfit),-0.0698999143979746
HA-02102,Non-private (overfit),-0.2750786496072297
HA-02103,Non-private (overfit),-0.5518929663125418
HA-02104,Non-private (overfit),0.4536854292695618
HA-02105,Non-private (overfit),0.11213141922435343
HA-02106,Non-private (overfit),0.03533377093061674
HA-02107,Non-private (overfit),0.44825563356802434
HA-02109,Non-private (overfit),-0.08685603989141999
HA-02110,Non-private (overfit),0.3950154779216699
HA-02111,Non-private (overfit),0.25599818984261224
HA-02112,Non-private (overfit),-0.09287842710004579
HA-02114,Non-private (overfit),0.686069286274444
HA-02115,Non-private (overfit),0.02750483667606307
HA-02116,Non-private (overfit),-1.1387207161834738
HA-02117,Non-private (overfit),1.195743397516626
HA-02118,Non-private (overfit),0.29033218804637917
HA-02119,Non-private (overfit),1.3279456583485896
HA-02120,Non-private (overfit),0.3906146962506061
HA-02121,Non-private (overfit),0.3953776239272373
HA-02122,Non-private (overfit),-0.2531222291008537
HA-02123,Non-private (overfit),-0.47301182574404155
HA-02124,Non-private (overfit),-0.22108595102840356
HA-02125,Non-private (overfit),0.1792357764973036
HA-02126,Non-private (overfit),-0.06988593089940998
HA-02127,Non-private (overfit),0.37187699662506657
HA-02128,Non-private (overfit),-0.23016532984947946
HA-02129,Non-private (overfit),-0.29478557109498915
HA-02130,Non-private (overfit),-0.31876014657424423
HA-02131,Non-private (overfit),-0.2530062842462437
HA-02132,Non-private (overfit),0.5312872338584798
HA-02133,Non-private (overfit),0.6328823283527565
HA-02134,Non-private (overfit),-0.0746706620891906
HA-02135,Non-private (overfit),0.3705484432721877
HA-02137,Non-private (overfit),-0.3430295060124944
HA-02138,Non-private (overfit),0.4375930853458927
HA-02139,Non-private (overfit),0.04519077634826196
HA-02140,Non-private (overfit),0.041143268070521044
HA-02141,Non-private (overfit),0.05143907283637794
HA-02142,Non-private (overfit),-0.32459327715132247
HA-02143,Non-private (overfit),-0.22474247328443653
HA-02144,Non-private (overfit),-0.532676925800746
HA-02145,Non-private (overfit),0.41853752610596584
HA-02147,Non-private (overfit),0.055584483978051935
HA-02148,Non-private (overfit),-0.6020020888946229
HA-02149,Non-private (overfit),-0.15780818505693928
HA-02150,Non-private (overfit),0.5588450405075188
HA-02151,Non-private (overfit),0.15861085708807088
HA-02152,Non-private (overfit),0.3544938830239994
HA-02153,Non-private (overfit),-4.695700658709679
HA-02155,Non-private (overfit),-0.46399742739813243
HA-02156,Non-private (overfit),-0.2095624956942963
HA-02157,Non-private (overfit),0.004480793470569511
HA-02158,Non-private (overfit),0.23988592553354104
HA-02159,Non-private (overfit),-0.947657673033923
HA-02160,Non-private (overfit),-0.27143481788382606
HA-02162,Non-private (overfit),-0.10814514963507826
HA-02163,Non-private (overfit),-0.3779232130813104
HA-02164,Non-private (overfit),0.032181304244353504
HA-02166,Non-private (overfit),-0.02688035632516317
HA-02167,Non-private (overfit),0.0974359970827603
HA-02168,Non-private (overfit),-0.12748071146853923
HA-02170,Non-private (overfit),0.09897528432227465
HA-02171,Non-private (overfit),0.27768161073414177
HA-02172,Non-private (overfit),-0.53996768021045
HA-02174,Non-private (overfit),-0.026207350820151243
HA-02175,Non-private (overfit),-0.547294727621209
HA-02176,Non-private (overfit),0.2759612243386309
HA-02178,Non-private (overfit),-0.05393974165588211
HA-02179,Non-private (overfit),0.43010532744848917
HA-02180,Non-private (overfit),0.21075652827137614
HA-02181,Non-private (overfit),0.2543443768160474
HA-02182,Non-private (overfit),-0.6916454643262006
HA-02184,Non-private (overfit),-0.007784869865496535
HA-02185,Non-private (overfit),-0.3493497074973133
HA-02186,Non-private (overfit),0.2508028249147607
HA-02187,Non-private (overfit),0.5896646250550787
HA-02189,Non-private (overfit),0.26768754585674337
HA-02190,Non-private (overfit),0.026796148015172605
HA-02191,Non-private (overfit),-0.6560202991269102
HA-02192,Non-private (overfit),0.575051652606994
HA-02193,Non-private (overfit),-0.2453442326122881
HA-02194,Non-private (overfit),-0.5509005394730231
HA-02196,Non-private (overfit),0.3652256739800337
HA-02197,Non-private (overfit),1.4077217964694175
HA-02198,Non-private (overfit),0.00617756519008561
HA-02199,Non-private (overfit),-0.095977785323893
HA-02200,Non-private (overfit),0.1584214738317513
HA-02201,Non-private (overfit),0.463240018898436
HA-02202,Non-private (overfit),0.009126918778909143
HA-02204,Non-private (overfit),0.05406266588982611
HA-02205,Non-private (overfit),0.028133745333295712
HA-02206,Non-private (overfit),-0.3975267746594353
HA-02208,Non-private (overfit),-0.39310782352803453
HA-02209,Non-private (overfit),0.39654656509442665
HA-02210,Non-private (overfit),0.14603290429831772
HA-02211,Non-private (overfit),0.17826273907937873
HA-02212,Non-private (overfit),-0.3232978125583805
HA-02213,Non-private (overfit),-0.5546719628236363
HA-02214,Non-private (overfit),-0.047453224784601566
HA-02215,Non-private (overfit),0.41091266872399257
HA-02216,Non-private (overfit),0.054401317318755193
HA-02217,Non-private (overfit),0.603459013975677
HA-02218,Non-private (overfit),0.0119387048381141
HA-02219,Non-private (overfit),0.08210324014093551
HA-02220,Non-private (overfit),-0.1707612797984397
HA-02221,Non-private (overfit),0.42812130190672104
HA-02222,Non-private (overfit),-0.2352414884566878
HA-02223,Non-private (overfit),-0.2870082112337098
HA-02224,Non-private (overfit),0.2706469849520834
HA-02227,Non-private (overfit),-0.38996316594211744
HA-02228,Non-private (overfit),0.16099187890910538
HA-02229,Non-private (overfit),-0.27959840776980105
HA-02230,Non-private (overfit),0.2870066466159069
HA-02231,Non-private (overfit),-0.5693204758336514
HA-02232,Non-private (overfit),0.6820244570458869
HA-02234,Non-private (overfit),-1.3750426386643877
HA-02236,Non-private (overfit),0.21053809571939053
HA-02237,Non-private (overfit),0.14750448230396085
HA-02238,Non-private (overfit),0.6691385315049343
HA-02239,Non-private (overfit),-0.14985046168964367
HA-02240,Non-private (overfit),-0.4504400793629979
HA-02241,Non-private (overfit),-0.413776290298038
HA-02242,Non-private (overfit),0.2642426120989121
HA-02243,Non-private (overfit),0.8375964799431717
HA-02244,Non-private (overfit),0.0036894032750277583
HA-02245,Non-private (overfit),-0.20747318948521087
HA-02246,Non-private (overfit),0.1379177622276977
HA-02247,Non-private (overfit),0.2852205105380716
HA-02249,Non-private (overfit),0.07736682615366719
HA-02250,Non-private (overfit),0.06901369399031076
HA-02251,Non-private (overfit),-4.0172057231094085
HA-02252,Non-private (overfit),-2.3784437821375013
HA-02253,Non-private (overfit),0.06082002258666097
HA-02254,Non-private (overfit),-0.15755729741819824
HA-02256,Non-private (overfit),-0.32366584105837504
HA-02259,Non-private (overfit),-0.5197617907441985
HA-02261,Non-private (overfit),-0.9091840117983399
HA-02262,Non-private (overfit),-0.1395420779905957
HA-02263,Non-private (overfit),-0.2889551118585043
HA-02264,Non-private (overfit),-0.10390548250020526
HA-02265,Non-private (overfit),0.46209027014489545
HA-02266,Non-private (overfit),0.0010607262463799838
HA-02267,Non-private (overfit),-0.16499029862921843
HA-02268,Non-private (overfit),0.18448770315132923
HA-02269,Non-private (overfit),0.5981543672999843
HA-02270,Non-private (overfit),-0.11814390417173559
HA-02271,Non-private (overfit),0.23105309913485006
HA-02272,Non-private (overfit),-0.2591196612857205
HA-02273,Non-private (overfit),-0.10335769267320616
HA-02274,Non-private (overfit),0.29750136007706707
HA-02275,Non-private (overfit),-0.9073962064157715
HA-02276,Non-private (overfit),-0.4160435492388901
HA-02277,Non-private (overfit),0.18355609651586735
HA-02278,Non-private (overfit),-0.396216442408317
HA-02279,Non-private (overfit),0.1779475136669122
HA-02280,Non-private (overfit),-0.4371443090582836
HA-02281,Non-private (overfit),0.1999549126307193
HA-02282,Non-private (overfit),0.450842000503739
HA-02284,Non-private (overfit),0.2650928080316133
HA-02285,Non-private (overfit),-0.25162854338573415
HA-02286,Non-private (overfit),-0.4939090361557801
HA-02287,Non-private (overfit),0.39155310861798265
HA-02288,Non-private (overfit),-0.1830615146339869
HA-02289,Non-private (overfit),-0.16181175412670679
HA-02290,Non-private (overfit),0.11364552479026324
HA-02291,Non-private (overfit),0.16678748435395385
HA-02292,Non-private (overfit),0.07674961336812292
HA-02293,Non-private (overfit),-0.00259826685600828
HA-02294,Non-private (overfit),0.09967496382161145
HA-02295,Non-private (overfit),-0.8744509162632566
HA-02296,Non-private (overfit),-0.7773353583347187
HA-02297,Non-private (overfit),-0.10108985084678856
HA-02298,Non-private (overfit),-0.006004126085926931
HA-02299,Non-private (overfit),0.14944965936928822
HA-02300,Non-private (overfit),-0.06891028357873963
HA-02301,Non-private (overfit),1.11806706776522
HA-02302,Non-private (overfit),-0.05082194999443157
HA-02303,Non-private (overfit),-0.237954358897013
HA-02304,Non-private (overfit),-0.284306486750298
HA-02305,Non-private (overfit),-0.07395118431636405
HA-02306,Non-private (overfit),-0.24262090254719704
HA-02308,Non-private (overfit),-0.5115912206511757
HA-02309,Non-private (overfit),-0.3270569343478217
HA-02310,Non-private (overfit),0.5344105682252882
HA-02311,Non-private (overfit),-0.8695310213745198
HA-02312,Non-private (overfit),-0.10122443732170638
HA-02313,Non-private (overfit),-0.7614271276623055
HA-02314,Non-private (overfit),-0.2196792128096865
HA-02315,Non-private (overfit),-0.014845485934248837
HA-02316,Non-private (overfit),0.24887174214110885
HA-02317,Non-private (overfit),-1.7186019074381145
HA-02318,Non-private (overfit),-0.17665181807149033
HA-02319,Non-private (overfit),0.2431723789415008
HA-02320,Non-private (overfit),-0.14409718330586108
HA-02321,Non-private (overfit),0.2341364783898061
HA-02322,Non-private (overfit),0.015028785837226444
HA-02323,Non-private (overfit),0.5937255589117645
HA-02324,Non-private (overfit),0.8786940633060756
HA-02325,Non-private (overfit),0.11775853891651766
HA-02326,Non-private (overfit),0.19183542988547742
HA-02327,Non-private (overfit),0.37837152620599457
HA-02328,Non-private (overfit),0.5396319039323014
HA-02329,Non-private (overfit),-0.13280910334097618
HA-02330,Non-private (overfit),0.22375092119560935
HA-02331,Non-private (overfit),-0.008221073122574252
HA-02332,Non-private (overfit),-0.032943878843280316
HA-02334,Non-private (overfit),0.17453547843679873
HA-02335,Non-private (overfit),-0.37214707438306815
HA-02336,Non-private (overfit),2.639543192548307
HA-02337,Non-private (overfit),-2.19765099047519
HA-02338,Non-private (overfit),-0.024813140777468434
HA-02340,Non-private (overfit),0.08239289542630601
HA-02341,Non-private (overfit),0.9656496008397182
HA-02342,Non-private (overfit),-0.2546841989649018
HA-02343,Non-private (overfit),-0.31589047909373513
HA-02345,Non-private (overfit),-0.1782682918366394
HA-02346,Non-private (overfit),-0.21848474197364287
HA-02347,Non-private (overfit),-0.03012148588395902
HA-02348,Non-private (overfit),0.049715221026763956
HA-02349,Non-private (overfit),-0.11526410178906832
HA-02350,Non-private (overfit),0.39076793883024263
HA-02351,Non-private (overfit),0.32299272637798127
HA-02352,Non-private (overfit),0.337831880295947
HA-02353,Non-private (overfit),-0.7304262090109108
HA-02354,Non-private (overfit),0.09183795619544088
HA-02355,Non-private (overfit),0.04247626415347794
HA-02356,Non-private (overfit),0.49640329772814584
HA-02357,Non-private (overfit),0.078663623506676
HA-02358,Non-private (overfit),-1.1653792118848711
HA-02359,Non-private (overfit),-0.0730315111937434
HA-02360,Non-private (overfit),0.7796132374051692
HA-02361,Non-private (overfit),-1.024104660867486
HA-02362,Non-private (overfit),0.2215696938727445
HA-02363,Non-private (overfit),0.14342074118058368
HA-02364,Non-private (overfit),0.24500882969931548
HA-02365,Non-private (overfit),1.0762357714586548
HA-02367,Non-private (overfit),0.7650584771672735
HA-02368,Non-private (overfit),0.12185771034411785
HA-02369,Non-private (overfit),-0.5805152729634657
HA-02370,Non-private (overfit),-0.057683246125313836
HA-02371,Non-private (overfit),-0.7105909475569632
HA-02372,Non-private (overfit),0.46974803356628825
HA-02375,Non-private (overfit),-1.9731473625313867
HA-02376,Non-private (overfit),-0.2867812272164594
HA-02377,Non-private (overfit),-0.6827123931935775
HA-02378,Non-private (overfit),0.3691971450737077
HA-02379,Non-private (overfit),0.15010787837927042
HA-02380,Non-private (overfit),1.3300024908893275
HA-02381,Non-private (overfit),-0.14049743158645656
HA-02383,Non-private (overfit),0.27829554341557783
HA-02384,Non-private (overfit),0.8512311602386351
HA-02385,Non-private (overfit),0.2978449586030071
HA-02386,Non-private (overfit),0.012859573109016642
HA-02387,Non-private (overfit),0.2952772278427527
HA-02388,Non-private (overfit),-0.40529270199808043
HA-02389,Non-private (overfit),-0.16634285610255817
HA-02390,Non-private (overfit),-0.0452381334029488
HA-02391,Non-private (overfit),-0.23730308448027282
HA-02392,Non-private (overfit),0.2409161477473969
HA-02393,Non-private (overfit),0.6483155765571194
HA-02394,Non-private (overfit),-0.011322538321839604
HA-02395,Non-private (overfit),-0.33544411949756026
HA-02396,Non-private (overfit),0.08131164049028006
HA-02397,Non-private (overfit),-0.031537809107587966
HA-02398,Non-private (overfit),-1.1472070050961445
HA-02399,Non-private (overfit),0.4175252150827671
HA-02400,Non-private (overfit),0.40725553006442416
HA-02401,Non-private (overfit),0.28363001063957594
HA-02402,Non-private (overfit),-0.18319734550665423
HA-02403,Non-private (overfit),0.330750834782104
HA-02404,Non-private (overfit),-0.21900119872669221
HA-02405,Non-private (overfit),-0.5569472726357803
HA-02406,Non-private (overfit),-0.27816052421881055
HA-02407,Non-private (overfit),-0.4042976871104502
HA-02408,Non-private (overfit),-0.35124558119478366
HA-02410,Non-private (overfit),0.6299452575430315
HA-02411,Non-private (overfit),0.5056750841490449
HA-02412,Non-private (overfit),-1.3765410797649382
HA-02413,Non-private (overfit),-0.1872028031231312
HA-02414,Non-private (overfit),0.5165387682122964
HA-02415,Non-private (overfit),-0.27193794942526206
HA-02416,Non-private (overfit),-0.17227219415771589
HA-02417,Non-private (overfit),0.6796429496006986
HA-02418,Non-private (overfit),-0.11543168053379604
HA-02419,Non-private (overfit),-0.3459426026329966
HA-02420,Non-private (overfit),0.06398391681874216
HA-02421,Non-private (overfit),-0.38619115543347293
HA-02422,Non-private (overfit),-0.18507893480482185
HA-02423,Non-private (overfit),0.40345053402857123
HA-02425,Non-private (overfit),-0.09150635225204518
HA-02427,Non-private (overfit),0.07833204243544789
HA-02428,Non-private (overfit),-0.11866626001785607
HA-02429,Non-private (overfit),0.142796339740908
HA-02430,Non-private (overfit),-0.6138050375842301
HA-02431,Non-private (overfit),0.3171000509777222
HA-02432,Non-private (overfit),-0.7536005538747261
HA-02433,Non-private (overfit),-0.12975478094137372
HA-02434,Non-private (overfit),-0.42485799217480413
HA-02436,Non-private (overfit),0.329487587746079
HA-02437,Non-private (overfit),1.361494159870134
HA-02438,Non-private (overfit),-0.26475808743710805
HA-02439,Non-private (overfit),-0.03279048429112863
HA-02440,Non-private (overfit),0.29602481941383463
HA-02443,Non-private (overfit),0.20164516962474122
HA-02445,Non-private (overfit),0.26527798164876204
HA-02446,Non-private (overfit),0.6982070911311218
HA-02447,Non-private (overfit),-0.3117382869348768
HA-02448,Non-private (overfit),-0.4511002203670367
HA-02449,Non-private (overfit),-0.35212381489312594
HA-02450,Non-private (overfit),-1.478353798824918
HA-02451,Non-private (overfit),-0.02217669082676421
HA-02453,Non-private (overfit),-0.4582988867990765
HA-02454,Non-private (overfit),0.1377606005869194
HA-02456,Non-private (overfit),-0.2396397603295788
HA-02457,Non-private (overfit),-4.098429809591892
HA-02458,Non-private (overfit),-0.24574190815182018
HA-02460,Non-private (overfit),-0.08003663369044345
HA-02461,Non-private (overfit),-0.4018964526627271
HA-02462,Non-private (overfit),0.02937684216686276
HA-02463,Non-private (overfit),0.30168382234777125
HA-02464,Non-private (overfit),-0.16014881010472592
HA-02465,Non-private (overfit),-0.05633286218385147
HA-02466,Non-private (overfit),-0.01671510869918713
HA-02467,Non-private (overfit),-0.013761041884785996
HA-02469,Non-private (overfit),0.7908326592652042
HA-02470,Non-private (overfit),-0.505326053098134
HA-02471,Non-private (overfit),-0.6782481334411237
HA-02472,Non-private (overfit),0.11924571960912511
HA-02473,Non-private (overfit),-0.7593556970775159
HA-02474,Non-private (overfit),0.35441855825357527
HA-02475,Non-private (overfit),0.4349085751836097
HA-02476,Non-private (overfit),0.3998387218436099
HA-02477,Non-private (overfit),0.013183980011068464
HA-02478,Non-private (overfit),0.4195899386809798
HA-02479,Non-private (overfit),-0.5754615245291512
HA-02480,Non-private (overfit),-1.0154451561129174
HA-02481,Non-private (overfit),-0.07913313874908345
HA-02482,Non-private (overfit),0.07966818882134286
HA-02483,Non-private (overfit),0.40871222421663445
HA-02484,Non-private (overfit),-0.3171235701459263
HA-02485,Non-private (overfit),0.2064923377757819
HA-02486,Non-private (overfit),-0.2712480530396879
HA-02487,Non-private (overfit),-0.24661747455713234
HA-02488,Non-private (overfit),-0.33179426738597684
HA-02489,Non-private (overfit),0.8985721497331763
HA-02490,Non-private (overfit),0.7511975855035762
HA-02492,Non-private (overfit),0.4463754014466068
HA-02493,Non-private (overfit),0.37103800678563026
HA-02494,Non-private (overfit),0.4197903817590546
HA-02495,Non-private (overfit),0.19077654063245908
HA-02496,Non-private (overfit),-0.6947061934714607
HA-02498,Non-private (overfit),0.0943935289961142
HA-02499,Non-private (overfit),0.206188157587202
HA-02500,Non-private (overfit),0.2742012277950857
HA-02501,Non-private (overfit),0.029307330847266
HA-02502,Non-private (overfit),0.08349746726532237
HA-02504,Non-private (overfit),-0.04080406351314603
HA-02505,Non-private (overfit),-0.20326931440600926
HA-02506,Non-private (overfit),0.7978978735802382
HA-02507,Non-private (overfit),-0.4044070297713056
HA-02508,Non-private (overfit),0.19320346113566522
HA-02509,Non-private (overfit),-1.4072095455545637
HA-02510,Non-private (overfit),-1.010040554382443
HA-02511,Non-private (overfit),0.15972034632969767
HA-02512,Non-private (overfit),0.43077975193170803
HA-02513,Non-private (overfit),0.5775365963484301
HA-02514,Non-private (overfit),0.17874899512605602
HA-02515,Non-private (overfit),-0.42100722289087367
HA-02516,Non-private (overfit),0.14348703283529518
HA-02517,Non-private (overfit),-0.8891265611083099
HA-02518,Non-private (overfit),0.014619929176488355
HA-02520,Non-private (overfit),0.2675424940340214
HA-02521,Non-private (overfit),0.4748348934543135
HA-02522,Non-private (overfit),0.6638985345949451
HA-02523,Non-private (overfit),0.28378852693198175
HA-02525,Non-private (overfit),-0.07956918668173696
HA-02526,Non-private (overfit),0.18701719494878066
HA-02527,Non-private (overfit),0.12985089874718958
HA-02528,Non-private (overfit),0.11538537270325011
HA-02529,Non-private (overfit),0.018153587867150822
HA-02530,Non-private (overfit),0.4146547548174724
HA-02531,Non-private (overfit),0.19365948077933526
HA-02532,Non-private (overfit),-0.2426134623806786
HA-02533,Non-private (overfit),-0.5402226863576924
HA-02534,Non-private (overfit),0.2525801812076769
HA-02535,Non-private (overfit),0.8118010670305247
HA-02536,Non-private (overfit),-0.1448558419100725
HA-02537,Non-private (overfit),-0.02095200806189923
HA-02538,Non-private (overfit),-0.542356039451013
HA-02540,Non-private (overfit),-0.8856386694263811
HA-02541,Non-private (overfit),0.20732663780002847
HA-02542,Non-private (overfit),-0.4024594429698225
HA-02543,Non-private (overfit),-0.13201791013829123
HA-02544,Non-private (overfit),1.2861553641576264
HA-02545,Non-private (overfit),-0.2352719679784132
HA-02546,Non-private (overfit),0.7657059574819035
HA-02548,Non-private (overfit),0.09686237535175168
HA-02550,Non-private (overfit),-0.10970146317606444
HA-02551,Non-private (overfit),0.5639959619963053
HA-02552,Non-private (overfit),0.2842946027191202
HA-02554,Non-private (overfit),-1.1014907883615612
HA-02555,Non-private (overfit),-0.03743710615570417
HA-02556,Non-private (overfit),0.8604735454474843
HA-02557,Non-private (overfit),0.05463073524498774
HA-02558,Non-private (overfit),-0.10965742089875241
HA-02559,Non-private (overfit),-0.5677872616080468
HA-02560,Non-private (overfit),-0.0311374491530767
HA-02561,Non-private (overfit),-5.719210401969144
HA-02562,Non-private (overfit),-0.4498903742406375
HA-02563,Non-private (overfit),-0.1835287537303678
HA-02564,Non-private (overfit),-0.46354804443464404
HA-02565,Non-private (overfit),0.3173154927886319
HA-02566,Non-private (overfit),0.45009824882647775
HA-02567,Non-private (overfit),-0.12086728024565074
HA-02568,Non-private (overfit),0.1256637071942006
HA-02569,Non-private (overfit),0.3062383468365911
HA-02570,Non-private (overfit),0.3061372534428596
HA-02571,Non-private (overfit),0.11939208617150276
HA-02573,Non-private (overfit),-0.07944844098884918
HA-02574,Non-private (overfit),0.3801022763373052
HA-02575,Non-private (overfit),0.04449920190061962
HA-02576,Non-private (overfit),-0.5757774454139385
HA-02577,Non-private (overfit),0.09366285276002229
HA-02578,Non-private (overfit),-0.5756576776454385
HA-02580,Non-private (overfit),0.41339615140218355
HA-02581,Non-private (overfit),-0.16275082679913067
HA-02582,Non-private (overfit),0.09010406487004041
HA-02583,Non-private (overfit),0.1753014722239017
HA-02584,Non-private (overfit),0.25291781763192955
HA-02585,Non-private (overfit),0.029364777065069125
HA-02586,Non-private (overfit),0.525560478685537
HA-02587,Non-private (overfit),-2.3194674536530977
HA-02588,Non-private (overfit),-0.8098611707145362
HA-02589,Non-private (overfit),0.17081355485372085
HA-02590,Non-private (overfit),-0.6350753641343116
HA-02591,Non-private (overfit),-0.23245841759343366
HA-02592,Non-private (overfit),0.6974251874425343
HA-02593,Non-private (overfit),-0.14767439200988663
HA-02594,Non-private (overfit),0.20062097537282664
HA-02596,Non-private (overfit),1.6773167546925185
HA-02597,Non-private (overfit),0.394059397994177
HA-02598,Non-private (overfit),-0.19602876035685846
HA-02600,Non-private (overfit),0.20057958664301634
HA-02602,Non-private (overfit),-0.02656258221404162
HA-02603,Non-private (overfit),0.3120670933744496
HA-02604,Non-private (overfit),0.2600454015129128
HA-02605,Non-private (overfit),-4.270331682259922
HA-02606,Non-private (overfit),-0.19926850140704078
HA-02608,Non-private (overfit),-0.7288462828626036
HA-02609,Non-private (overfit),0.035330072827141734
HA-02610,Non-private (overfit),-0.47964515673765873
HA-02611,Non-private (overfit),-0.18208995032407893
HA-02612,Non-private (overfit),-0.6009555442039924
HA-02613,Non-private (overfit),0.24793849718677063
HA-02614,Non-private (overfit),0.41300556774638
HA-02615,Non-private (overfit),-0.3526998469422349
HA-02616,Non-private (overfit),-0.39457277702415894
HA-02617,Non-private (overfit),-0.40299105343619335
HA-02618,Non-private (overfit),-0.965390530702507
HA-02619,Non-private (overfit),-0.4439134175503463
HA-02620,Non-private (overfit),-0.1698735228473276
HA-02621,Non-private (overfit),0.13711459701190742
HA-02622,Non-private (overfit),-0.6316098275151187
HA-02623,Non-private (overfit),-1.910556153223987
HA-02625,Non-private (overfit),0.11111469840602739
HA-02626,Non-private (overfit),-0.5214143445332908
HA-02628,Non-private (overfit),0.784855205004024
HA-02629,Non-private (overfit),-2.1192353868087848
HA-02631,Non-private (overfit),-0.10432819635185808
HA-02632,Non-private (overfit),0.5469524769467341
HA-02633,Non-private (overfit),-2.6166420166965287
HA-02634,Non-private (overfit),0.9370393346277537
HA-02635,Non-private (overfit),0.45563245020927634
HA-02636,Non-private (overfit),-0.06139202241190622
HA-02638,Non-private (overfit),0.05059956012451505
HA-02639,Non-private (overfit),0.6170627617899025
HA-02640,Non-private (overfit),-0.630352640247116
HA-02641,Non-private (overfit),-0.3594492660384754
HA-02642,Non-private (overfit),0.3780906240213464
HA-02643,Non-private (overfit),0.31861305975302723
HA-02644,Non-private (overfit),-0.3518460625366089
HA-02645,Non-private (overfit),0.12196319886404505
HA-02646,Non-private (overfit),0.05049393591731399
HA-02647,Non-private (overfit),-2.325895875449765
HA-02648,Non-private (overfit),-0.0728862351016164
HA-02649,Non-private (overfit),-0.1545625226293028
HA-02650,Non-private (overfit),1.2016816638892318
HA-02651,Non-private (overfit),-0.09507851920518173
HA-02653,Non-private (overfit),0.2037978526352674
HA-02654,Non-private (overfit),0.46753967031163624
HA-02655,Non-private (overfit),0.3571087309427181
HA-02656,Non-private (overfit),-0.022225958991764383
HA-02657,Non-private (overfit),0.5351036555024113
HA-02658,Non-private (overfit),-1.0504352404845165
HA-02660,Non-private (overfit),-0.14222188045787054
HA-02661,Non-private (overfit),-0.2918557222864777
HA-02663,Non-private (overfit),-0.3260416292942896
HA-02664,Non-private (overfit),0.4833595437851922
HA-02665,Non-private (overfit),0.18349080474789164
HA-02666,Non-private (overfit),0.021194395893731954
HA-02667,Non-private (overfit),0.1075396771985273
HA-02668,Non-private (overfit),-0.0892772209974042
HA-02670,Non-private (overfit),0.23913903781947687
HA-02671,Non-private (overfit),0.22580700182211388
HA-02673,Non-private (overfit),0.018049563262999335
HA-02674,Non-private (overfit),0.011167574203743147
HA-02675,Non-private (overfit),0.2431351710546038
HA-02676,Non-private (overfit),-0.2974086107668461
HA-02679,Non-private (overfit),-0.3565467921935963
HA-02680,Non-private (overfit),-0.3038498158073989
HA-02681,Non-private (overfit),0.4450537495953295
HA-02682,Non-private (overfit),-0.03640443660118553
HA-02683,Non-private (overfit),-0.3592826196089638
HA-02684,Non-private (overfit),-0.3272533862816993
HA-02685,Non-private (overfit),0.3224807401798645
HA-02686,Non-private (overfit),0.6586542032839424
HA-02688,Non-private (overfit),-0.3912276492410284
HA-02689,Non-private (overfit),-0.1636214659072559
HA-02690,Non-private (overfit),-0.5891467872800678
HA-02691,Non-private (overfit),0.571611606782382
HA-02692,Non-private (overfit),-0.6289233977848709
HA-02693,Non-private (overfit),1.107326105207072
HA-02694,Non-private (overfit),0.32280810127098225
HA-02695,Non-private (overfit),0.36507724844606515
HA-02696,Non-private (overfit),-0.2216592661122989
HA-02697,Non-private (overfit),-0.45986089849446576
HA-02698,Non-private (overfit),0.23182703684023498
HA-02699,Non-private (overfit),-0.13434601576007577
HA-02700,Non-private (overfit),0.1267624620596024
HA-02701,Non-private (overfit),-0.25012928846161686
HA-02702,Non-private (overfit),0.3523725840254899
HA-02703,Non-private (overfit),-0.12741813193694362
HA-02704,Non-private (overfit),-0.6551124262355073
HA-02707,Non-private (overfit),0.4317075462563583
HA-02708,Non-private (overfit),0.4273354072044695
HA-02709,Non-private (overfit),-0.6881751116247878
HA-02710,Non-private (overfit),-0.1496239285635399
HA-02711,Non-private (overfit),0.1812665109745919
HA-02712,Non-private (overfit),-0.005475140085638541
HA-02713,Non-private (overfit),-0.05084743622933052
HA-02714,Non-private (overfit),-0.20005360423582608
HA-02715,Non-private (overfit),0.24247102657144137
HA-02716,Non-private (overfit),0.3790961028918116
HA-02717,Non-private (overfit),-0.17638026975885124
HA-02718,Non-private (overfit),-0.22758157307441362
HA-02719,Non-private (overfit),0.7280281397874628
HA-02720,Non-private (overfit),-0.24887462941414262
HA-02721,Non-private (overfit),-1.154493250675377
HA-02722,Non-private (overfit),0.045103598636365705
HA-02723,Non-private (overfit),0.5119262900322328
HA-02724,Non-private (overfit),-0.29229400170113107
HA-02725,Non-private (overfit),0.1432150586177453
HA-02726,Non-private (overfit),-0.17414649708876695
HA-02727,Non-private (overfit),0.20616051975532002
HA-02728,Non-private (overfit),0.3681729424449514
HA-02729,Non-private (overfit),-0.2721160019849924
HA-02730,Non-private (overfit),0.20653365575888705
HA-02731,Non-private (overfit),-0.18440667211399941
HA-02732,Non-private (overfit),-1.4201484885883024
HA-02733,Non-private (overfit),0.29297401829028513
HA-02734,Non-private (overfit),-0.43484030049437106
HA-02735,Non-private (overfit),-0.3619376893519848
HA-02736,Non-private (overfit),-0.15679563942483932
HA-02737,Non-private (overfit),-0.07153361623105914
HA-02738,Non-private (overfit),-0.27064389779414155
HA-02739,Non-private (overfit),0.2126346599283222
HA-02742,Non-private (overfit),-0.18766334077956537
HA-02744,Non-private (overfit),0.10106844002230386
HA-02745,Non-private (overfit),-0.18762405184346287
HA-02747,Non-private (overfit),-0.1689481599439957
HA-02748,Non-private (overfit),-0.4559391762196867
HA-02749,Non-private (overfit),1.6121980223343488
HA-02750,Non-private (overfit),0.25682839538846625
HA-02751,Non-private (overfit),-0.04801717681981499
HA-02752,Non-private (overfit),0.4425333465720964
HA-02753,Non-private (overfit),-0.11343056322763001
HA-02754,Non-private (overfit),-0.8183273350071314
HA-02755,Non-private (overfit),0.3552579165982791
HA-02756,Non-private (overfit),-3.088309042742269
HA-02757,Non-private (overfit),-0.5801920772544777
HA-02758,Non-private (overfit),-0.8167015012701346
HA-02759,Non-private (overfit),-0.47251904262014643
HA-02760,Non-private (overfit),-0.20130405005178797
HA-02761,Non-private (overfit),0.21994876412048447
HA-02762,Non-private (overfit),-0.12344677119018277
HA-02763,Non-private (overfit),0.1245304842592243
HA-02764,Non-private (overfit),-0.1647696679884323
HA-02765,Non-private (overfit),0.08638631709979694
HA-02766,Non-private (overfit),-0.804762475708082
HA-02767,Non-private (overfit),0.1692569301892899
HA-02768,Non-private (overfit),0.4524423413156633
HA-02770,Non-private (overfit),-0.33949344776150014
HA-02771,Non-private (overfit),0.08284333631142726
HA-02772,Non-private (overfit),0.1260280915609331
HA-02773,Non-private (overfit),-0.17998813969812022
HA-02775,Non-private (overfit),-0.4710806853122491
HA-02776,Non-private (overfit),0.8148229563697764
HA-02777,Non-private (overfit),0.2737279319127328
HA-02778,Non-private (overfit),-0.23736402581900196
HA-02779,Non-private (overfit),-0.3401351933498993
HA-02780,Non-private (overfit),-0.13679164712406466
HA-02781,Non-private (overfit),-1.060168684163599
HA-02782,Non-private (overfit),0.48573874080876145
HA-02783,Non-private (overfit),1.2166853138390037
HA-02784,Non-private (overfit),-1.4461933247610053
HA-02785,Non-private (overfit),0.37306096946175094
HA-02786,Non-private (overfit),-0.48063076564287
HA-02787,Non-private (overfit),-0.6367672010453334
HA-02788,Non-private (overfit),-0.1019867844272242
HA-02789,Non-private (overfit),0.12272814302371549
HA-02790,Non-private (overfit),-0.03327010442683531
HA-02791,Non-private (overfit),0.6951810977902704
HA-02792,Non-private (overfit),-0.35146616360048943
HA-02793,Non-private (overfit),0.41046743972879085
HA-02794,Non-private (overfit),-0.12616297376838048
HA-02795,Non-private (overfit),-0.2660861904900642
HA-02796,Non-private (overfit),-0.4451561629048961
HA-02797,Non-private (overfit),-0.07540887034087129
HA-02800,Non-private (overfit),-0.35229188060474115
HA-02801,Non-private (overfit),-0.16657138417957595
HA-02802,Non-private (overfit),-22.19881145291197
HA-02804,Non-private (overfit),0.42796826649664466
HA-02805,Non-private (overfit),-0.7465188659891038
HA-02806,Non-private (overfit),0.21380702146157105
HA-02807,Non-private (overfit),0.0728452134491282
HA-02808,Non-private (overfit),-0.2580942171599443
HA-02809,Non-private (overfit),1.66918449900008
HA-02811,Non-private (overfit),-0.0613059120409607
HA-02812,Non-private (overfit),-0.3257904245327483
HA-02813,Non-private (overfit),0.23342347489885618
HA-02814,Non-private (overfit),0.20724630376557407
HA-02815,Non-private (overfit),-0.03762164409469415
HA-02816,Non-private (overfit),0.6428707212067906
HA-02817,Non-private (overfit),1.054956332946121
HA-02818,Non-private (overfit),0.24231468913548793
HA-02819,Non-private (overfit),-0.6710996959351193
HA-02820,Non-private (overfit),0.40375019452539673
HA-02821,Non-private (overfit),0.22130806601954767
HA-02823,Non-private (overfit),-0.6778662549341703
HA-02824,Non-private (overfit),0.1395697285495796
HA-02826,Non-private (overfit),0.4238363337292771
HA-02827,Non-private (overfit),-0.5755656693892774
HA-02829,Non-private (overfit),0.5105630967751897
HA-02830,Non-private (overfit),-0.307876200534563
HA-02831,Non-private (overfit),0.07549181465747323
HA-02832,Non-private (overfit),-1.5201715706299592
HA-02833,Non-private (overfit),-0.1160188662131092
HA-02834,Non-private (overfit),-0.23845440238723858
HA-02835,Non-private (overfit),-0.42212916280540624
HA-02836,Non-private (overfit),-0.027420605483622573
HA-02837,Non-private (overfit),-0.14338019840181326
HA-02838,Non-private (overfit),-0.35642478549198964
HA-02839,Non-private (overfit),-0.08051806798809125
HA-02840,Non-private (overfit),-0.048492035024257696
HA-02841,Non-private (overfit),0.3508805108348172
HA-02842,Non-private (overfit),0.4942968751200627
HA-02844,Non-private (overfit),0.5212102295654522
HA-02845,Non-private (overfit),-0.7239165159023528
HA-02846,Non-private (overfit),-0.4603424836827241
HA-02847,Non-private (overfit),-1.112648067140646
HA-02848,Non-private (overfit),0.2375041954968049
HA-02849,Non-private (overfit),0.09962169857590597
HA-02850,Non-private (overfit),0.07863427488790564
HA-02851,Non-private (overfit),-0.08628849331491517
HA-02852,Non-private (overfit),-0.31343781156358497
HA-02853,Non-private (overfit),-1.2770721144270505
HA-02854,Non-private (overfit),-0.48253601361051435
HA-02855,Non-private (overfit),-0.11782564659591932
HA-02856,Non-private (overfit),0.49291636728664334
HA-02857,Non-private (overfit),0.1527891377099182
HA-02858,Non-private (overfit),0.5806834559280263
HA-02859,Non-private (overfit),0.21097561454677438
HA-02860,Non-private (overfit),-2.7051881432118923
HA-02861,Non-private (overfit),0.11924361994205745
HA-02863,Non-private (overfit),-0.18862715111850292
HA-02864,Non-private (overfit),-0.8087326990375314
HA-02865,Non-private (overfit),-3.139601793461481
HA-02866,Non-private (overfit),-0.5317639350417649
HA-02867,Non-private (overfit),-0.06944457063825915
HA-02868,Non-private (overfit),-0.3195663415854795
HA-02869,Non-private (overfit),0.16514336113440775
HA-02870,Non-private (overfit),0.49097822705802285
HA-02871,Non-private (overfit),0.2423007637070862
HA-02872,Non-private (overfit),-3.8118759802398587
HA-02873,Non-private (overfit),-0.7576950561552194
HA-02874,Non-private (overfit),0.25621481121812417
HA-02875,Non-private (overfit),0.07489746073751125
HA-02876,Non-private (overfit),0.6043603434763278
HA-02877,Non-private (overfit),0.1383970302527895
HA-02878,Non-private (overfit),-0.08966289571721298
HA-02879,Non-private (overfit),-0.07937487567820867
HA-02880,Non-private (overfit),0.2830677562011179
HA-02881,Non-private (overfit),-0.8370363717414486
HA-02883,Non-private (overfit),-0.03366529680151409
HA-02884,Non-private (overfit),-0.021141600120737403
HA-02885,Non-private (overfit),-0.20834839746932987
HA-02886,Non-private (overfit),-0.25855198671614876
HA-02887,Non-private (overfit),0.17630564444045893
HA-02888,Non-private (overfit),0.3262901008168593
HA-02889,Non-private (overfit),-0.15454828666256715
HA-02890,Non-private (overfit),0.41114006658359903
HA-02891,Non-private (overfit),-0.18888834011744637
HA-02893,Non-private (overfit),0.5207842044983926
HA-02894,Non-private (overfit),-2.143358530596468
HA-02895,Non-private (overfit),0.9004754810046061
HA-02896,Non-private (overfit),0.5454965246357764
HA-02897,Non-private (overfit),-0.19967583298554437
HA-02898,Non-private (overfit),-0.052021841566233906
HA-02899,Non-private (overfit),0.11597677012328389
HA-02900,Non-private (overfit),0.34157856030554234
HA-02901,Non-private (overfit),-2.7849299122077973
HA-02902,Non-private (overfit),0.4787577515141008
HA-02903,Non-private (overfit),0.10481931162838554
HA-02904,Non-private (overfit),0.090349131088725
HA-02905,Non-private (overfit),-0.34402257510897616
HA-02906,Non-private (overfit),0.5519947805989771
HA-02907,Non-private (overfit),0.31673642018021764
HA-02908,Non-private (overfit),-0.26564231818076545
HA-02909,Non-private (overfit),0.045163786149575724
HA-02910,Non-private (overfit),-0.22939227857757216
HA-02912,Non-private (overfit),-0.4156427966137295
HA-02913,Non-private (overfit),-0.2031881153084074
HA-02914,Non-private (overfit),-0.5649153439727421
HA-02915,Non-private (overfit),-0.0008207086588298829
HA-02916,Non-private (overfit),0.2638965513497369
HA-02917,Non-private (overfit),0.2777872959917549
HA-02918,Non-private (overfit),1.3085886737847978
HA-02919,Non-private (overfit),0.012603915734239246
HA-02920,Non-private (overfit),-0.11962887322914151
HA-02921,Non-private (overfit),-1.3259658517662931
HA-02922,Non-private (overfit),-0.2895805727091707
HA-02923,Non-private (overfit),0.47449434117173817
HA-02924,Non-private (overfit),-0.35232885732509
HA-02925,Non-private (overfit),0.34120695051100114
HA-02926,Non-private (overfit),-0.12494921208093668
HA-02927,Non-private (overfit),-0.8925061035256459
HA-02928,Non-private (overfit),0.4285493375380991
HA-02929,Non-private (overfit),-1.4916328538824613
HA-02930,Non-private (overfit),0.25850669356449174
HA-02931,Non-private (overfit),-0.016139905187344872
HA-02932,Non-private (overfit),0.6324706979269645
HA-02933,Non-private (overfit),-0.45669906002183513
HA-02934,Non-private (overfit),0.08864976097166788
HA-02935,Non-private (overfit),-0.7128571980113716
HA-02936,Non-private (overfit),0.888122489436397
HA-02937,Non-private (overfit),0.2500388027002616
HA-02938,Non-private (overfit),0.0022610901277715367
HA-02939,Non-private (overfit),0.18846746265571235
HA-02940,Non-private (overfit),0.01652279031819459
HA-02941,Non-private (overfit),0.1801303420676046
HA-02942,Non-private (overfit),-0.9303852888058117
HA-02943,Non-private (overfit),0.3550016697276207
HA-02944,Non-private (overfit),0.28928296887449945
HA-02945,Non-private (overfit),-0.3529628855870641
HA-02946,Non-private (overfit),-0.1971349003410252
HA-02947,Non-private (overfit),-0.04372863866956078
HA-02948,Non-private (overfit),-0.16388183080882734
HA-02949,Non-private (overfit),0.31575491567540537
HA-02950,Non-private (overfit),0.07045624647705151
HA-02951,Non-private (overfit),0.13488480695725902
HA-02952,Non-private (overfit),-0.07462503676061916
HA-02953,Non-private (overfit),-0.062211794088797845
HA-02954,Non-private (overfit),-0.5018607343158525
HA-02955,Non-private (overfit),-0.5200663763325568
HA-02956,Non-private (overfit),0.033644943949614925
HA-02957,Non-private (overfit),0.43503074018448074
HA-02958,Non-private (overfit),0.6854594895530028
HA-02959,Non-private (overfit),-0.23292101156412626
HA-02960,Non-private (overfit),0.27238084631719794
HA-02962,Non-private (overfit),-0.29149262512190177
HA-02963,Non-private (overfit),0.09593901325434828
HA-02964,Non-private (overfit),1.5597827067050138
HA-02965,Non-private (overfit),0.9398466153639252
HA-02966,Non-private (overfit),0.6333912259583014
HA-02967,Non-private (overfit),0.05130570720798411
HA-02970,Non-private (overfit),0.10211215121359252
HA-02971,Non-private (overfit),0.018480040321640523
HA-02972,Non-private (overfit),-0.011212834041161468
HA-02974,Non-private (overfit),0.2033009681763429
HA-02975,Non-private (overfit),-0.7609637863949485
HA-02976,Non-private (overfit),0.2743482366648007
HA-02977,Non-private (overfit),-0.5486511429085987
HA-02978,Non-private (overfit),-0.3834713673415904
HA-02979,Non-private (overfit),-0.022529726658075955
HA-02980,Non-private (overfit),0.14897927495596996
HA-02981,Non-private (overfit),0.1769691833026772
HA-02982,Non-private (overfit),0.19824215520611577
HA-02983,Non-private (overfit),0.9798933116952215
HA-02984,Non-private (overfit),-0.0265377172560477
HA-02985,Non-private (overfit),0.47071218835972717
HA-02986,Non-private (overfit),-0.09027664643105704
HA-02987,Non-private (overfit),-0.19986932030864457
HA-02988,Non-private (overfit),-0.048634350235529755
HA-02989,Non-private (overfit),-0.020923851159055373
HA-02990,Non-private (overfit),-0.04722057734855056
HA-02991,Non-private (overfit),0.062273864966978065
HA-02992,Non-private (overfit),0.4103911309183559
HA-02993,Non-private (overfit),-0.4634820836880702
HA-02994,Non-private (overfit),0.10887771695656046
HA-02995,Non-private (overfit),0.5055164406497488
HA-02996,Non-private (overfit),0.637563511689061
HA-02997,Non-private (overfit),-0.5150906597719926
HA-02998,Non-private (overfit),-0.2929062709979007
HA-03000,Non-private (overfit),0.10873676608834493
HB-00001,Non-private (overfit),-0.05233274637208929
HB-00002,Non-private (overfit),0.08559076695124102
HB-00003,Non-private (overfit),0.32930349607631726
HB-00004,Non-private (overfit),-7.204926947503969
HB-00005,Non-private (overfit),0.3884105832055762
HB-00006,Non-private (overfit),-0.3204186893695944
HB-00007,Non-private (overfit),-0.38477641865465584
HB-00009,Non-private (overfit),0.2835349010921385
HB-00010,Non-private (overfit),0.2741011030277005
HB-00011,Non-private (overfit),0.8830967485123151
HB-00012,Non-private (overfit),0.49989900211527777
HB-00013,Non-private (overfit),0.0011711637214841808
HB-00014,Non-private (overfit),-0.10027999798754328
HB-00015,Non-private (overfit),0.39201621165317
HB-00016,Non-private (overfit),26.320237509388555
HB-00018,Non-private (overfit),-0.7365243734736036
HB-00019,Non-private (overfit),-0.038789534328101505
HB-00020,Non-private (overfit),1.3487650076815267
HB-00021,Non-private (overfit),0.3889798769546937
HB-00022,Non-private (overfit),0.30206211285906415
HB-00023,Non-private (overfit),0.3901826195712579
HB-00024,Non-private (overfit),0.32683909914201936
HB-00025,Non-private (overfit),0.057074908367466204
HB-00026,Non-private (overfit),-0.41430854371766435
HB-00027,Non-private (overfit),0.5425995292641348
HB-00028,Non-private (overfit),0.784122515223883
HB-00029,Non-private (overfit),4.1371056784805855
HB-00030,Non-private (overfit),0.25252574161652896
HB-00031,Non-private (overfit),-0.7111906281689069
HB-00032,Non-private (overfit),-0.4950270958010825
HB-00033,Non-private (overfit),0.26367210622776405
HB-00034,Non-private (overfit),0.3091576110075511
HB-00037,Non-private (overfit),0.04015376266223525
HB-00038,Non-private (overfit),0.15910471928437864
HB-00039,Non-private (overfit),-0.7351137433898383
HB-00041,Non-private (overfit),0.8988645460909515
HB-00042,Non-private (overfit),-0.03032576861327363
HB-00043,Non-private (overfit),0.609293518600857
HB-00044,Non-private (overfit),0.5301942028167436
HB-00045,Non-private (overfit),-0.6935684441487723
HB-00046,Non-private (overfit),0.9166949822235395
HB-00047,Non-private (overfit),-0.8755778995942471
HB-00048,Non-private (overfit),0.19854039268169021
HB-00049,Non-private (overfit),0.5070695347743621
HB-00051,Non-private (overfit),-0.8995324744365041
HB-00052,Non-private (overfit),-2.8393028392797612
HB-00053,Non-private (overfit),-1.0768591856285958
HB-00054,Non-private (overfit),-0.14080297557237498
HB-00055,Non-private (overfit),-0.4822156876249929
HB-00056,Non-private (overfit),0.937794380938344
HB-00057,Non-private (overfit),-0.03909484210055125
HB-00058,Non-private (overfit),0.09040506344918042
HB-00059,Non-private (overfit),-0.8029483287450621
HB-00060,Non-private (overfit),-1.3772939768319996
HB-00061,Non-private (overfit),2.760607711185507
HB-00062,Non-private (overfit),-0.1376185914815362
HB-00064,Non-private (overfit),0.5128240798144346
HB-00065,Non-private (overfit),-0.42379165493245363
HB-00066,Non-private (overfit),-1.6611431632605926
HB-00067,Non-private (overfit),-0.7259179171045744
HB-00068,Non-private (overfit),0.06159809589225729
HB-00069,Non-private (overfit),-0.08155790031414067
HB-00070,Non-private (overfit),0.28878896880567817
HB-00071,Non-private (overfit),0.847925931497155
HB-00072,Non-private (overfit),0.0950177965526704
HB-00073,Non-private (overfit),-0.4313958914650273
HB-00074,Non-private (overfit),-1.2248042903149003
HB-00075,Non-private (overfit),0.25143245573856476
HB-00076,Non-private (overfit),-1.1621427114906506
HB-00077,Non-private (overfit),0.2514450885620021
HB-00078,Non-private (overfit),0.3110816114029733
HB-00079,Non-private (overfit),0.6055604306409295
HB-00080,Non-private (overfit),-0.09353292013471792
HB-00081,Non-private (overfit),0.7893587547432117
HB-00083,Non-private (overfit),0.1358351649300925
HB-00084,Non-private (overfit),0.3600386299425993
HB-00085,Non-private (overfit),-0.22632828639879943
HB-00086,Non-private (overfit),0.01769496005800164
HB-00087,Non-private (overfit),0.1581087210128469
HB-00088,Non-private (overfit),-0.42526864877379467
HB-00089,Non-private (overfit),0.6262131170674763
HB-00090,Non-private (overfit),-0.14949444792607203
HB-00091,Non-private (overfit),0.08265797131426655
HB-00092,Non-private (overfit),-0.016524331182478758
HB-00093,Non-private (overfit),-2.3767828855755244
HB-00094,Non-private (overfit),1.021729526853549
HB-00095,Non-private (overfit),-14.09663383362081
HB-00096,Non-private (overfit),0.6658648563167111
HB-00097,Non-private (overfit),0.30230706669740726
HB-00098,Non-private (overfit),0.419395357576791
HB-00099,Non-private (overfit),1.1122173933422472
HB-00100,Non-private (overfit),-0.2153736401625881
HB-00101,Non-private (overfit),-0.21209577489342735
HB-00102,Non-private (overfit),0.11983606409400083
HB-00104,Non-private (overfit),-0.28093249118772246
HB-00106,Non-private (overfit),0.2594283053157871
HB-00107,Non-private (overfit),-0.3599774659319933
HB-00108,Non-private (overfit),-0.19584977418600524
HB-00109,Non-private (overfit),0.028767222748832477
HB-00110,Non-private (overfit),0.3801523313023766
HB-00111,Non-private (overfit),0.6506449103720456
HB-00113,Non-private (overfit),-0.2662043220116199
HB-00114,Non-private (overfit),-0.33013456211778713
HB-00115,Non-private (overfit),0.3482517108018859
HB-00116,Non-private (overfit),-0.11554673179275987
HB-00117,Non-private (overfit),0.10824164823699389
HB-00118,Non-private (overfit),-0.05684100588955121
HB-00119,Non-private (overfit),0.6509733004427832
HB-00120,Non-private (overfit),0.4187946120558075
HB-00122,Non-private (overfit),-0.17448727968377575
HB-00124,Non-private (overfit),-0.39406138089127074
HB-00125,Non-private (overfit),2.34003742836977
HB-00126,Non-private (overfit),0.06637647614668407
HB-00127,Non-private (overfit),0.41596242043931864
HB-00128,Non-private (overfit),-0.4311100369512604
HB-00129,Non-private (overfit),0.2924038019655413
HB-00130,Non-private (overfit),0.10005082107598806
HB-00131,Non-private (overfit),-0.28363755341692176
HB-00132,Non-private (overfit),0.35507701701810834
HB-00133,Non-private (overfit),0.8825397701561799
HB-00134,Non-private (overfit),0.1403023697095782
HB-00135,Non-private (overfit),-0.2486161074546882
HB-00136,Non-private (overfit),-2.7631560709538157
HB-00137,Non-private (overfit),0.9237475224754892
HB-00139,Non-private (overfit),0.2625140558882584
HB-00140,Non-private (overfit),0.2482165624830786
HB-00141,Non-private (overfit),0.07859522929694185
HB-00142,Non-private (overfit),-0.3662976944663163
HB-00143,Non-private (overfit),0.037771287115086816
HB-00144,Non-private (overfit),0.3599252480132078
HB-00145,Non-private (overfit),-1.6320586504918024
HB-00146,Non-private (overfit),-1.9970992546731194
HB-00147,Non-private (overfit),0.023174669742655807
HB-00148,Non-private (overfit),-0.053122104549944815
HB-00149,Non-private (overfit),-0.9272631943873764
HB-00150,Non-private (overfit),-0.45657410379704677
HB-00151,Non-private (overfit),-0.18417594826398453
HB-00152,Non-private (overfit),0.23486658871803923
HB-00153,Non-private (overfit),-1.0992362574043275
HB-00154,Non-private (overfit),0.015297292464832246
HB-00155,Non-private (overfit),-0.029892583142244966
HB-00156,Non-private (overfit),0.013857545321023679
HB-00157,Non-private (overfit),0.4952543982768818
HB-00158,Non-private (overfit),-0.32548461970171694
HB-00159,Non-private (overfit),0.48941628710744944
HB-00160,Non-private (overfit),-1.410452961584331
HB-00161,Non-private (overfit),0.7348186372551075
HB-00162,Non-private (overfit),1.0698422684659241
HB-00163,Non-private (overfit),0.05301481107757611
HB-00164,Non-private (overfit),-0.013944061909359595
HB-00165,Non-private (overfit),-2.979787629680293
HB-00166,Non-private (overfit),0.20075166086735563
HB-00167,Non-private (overfit),-0.27237931502014145
HB-00168,Non-private (overfit),0.14684513578798564
HB-00169,Non-private (overfit),1.4180606343432998
HB-00170,Non-private (overfit),-0.10297734233864819
HB-00171,Non-private (overfit),0.7882446390308786
HB-00172,Non-private (overfit),-9.4635076850567
HB-00173,Non-private (overfit),-0.6430453143710146
HB-00174,Non-private (overfit),-8.082665491051607
HB-00175,Non-private (overfit),-1.0050262773594616
HB-00177,Non-private (overfit),-0.4308473205835184
HB-00179,Non-private (overfit),-0.6552899566096415
HB-00180,Non-private (overfit),-0.25531075009713744
HB-00181,Non-private (overfit),0.8111205471748768
HB-00182,Non-private (overfit),0.13336676692125726
HB-00183,Non-private (overfit),-0.6672927976900165
HB-00184,Non-private (overfit),0.3335755531684619
HB-00185,Non-private (overfit),-0.8978248558785058
HB-00186,Non-private (overfit),28.890345150870743
HB-00187,Non-private (overfit),0.4168371689263559
HB-00189,Non-private (overfit),-0.1462718444045965
HB-00190,Non-private (overfit),-0.29748997474838745
HB-00191,Non-private (overfit),-0.26550765563121237
HB-00193,Non-private (overfit),0.46887147709381805
HB-00194,Non-private (overfit),0.69889488394604
HB-00195,Non-private (overfit),0.26002698944916336
HB-00196,Non-private (overfit),0.3518469508548496
HB-00198,Non-private (overfit),0.035651490712394596
HB-00200,Non-private (overfit),-0.1383650148656892
HB-00201,Non-private (overfit),-0.8190280041051385
HB-00202,Non-private (overfit),1.4259561919006363
HB-00203,Non-private (overfit),-0.20406562652661187
HB-00204,Non-private (overfit),-0.023647752586561932
HB-00205,Non-private (overfit),0.37924051067421694
HB-00206,Non-private (overfit),0.6037528565885149
HB-00207,Non-private (overfit),-1.0778015403297307
HB-00208,Non-private (overfit),1.1335971695310139
HB-00209,Non-private (overfit),0.5820112623570763
HB-00210,Non-private (overfit),1.2404178192008288
HB-00211,Non-private (overfit),0.026833030764155552
HB-00212,Non-private (overfit),-0.3940385468615547
HB-00213,Non-private (overfit),0.9117305571248102
HB-00215,Non-private (overfit),-0.002807148732661968
HB-00216,Non-private (overfit),-0.058667880609782896
HB-00217,Non-private (overfit),-0.13054778368170084
HB-00218,Non-private (overfit),-0.14653037597852148
HB-00219,Non-private (overfit),1.299581985775242
HB-00220,Non-private (overfit),0.04724414086826556
HB-00221,Non-private (overfit),0.8448810688411292
HB-00222,Non-private (overfit),-0.0822926541508604
HB-00223,Non-private (overfit),-0.35745066171122764
HB-00224,Non-private (overfit),-0.09577950163395954
HB-00225,Non-private (overfit),-0.9992290416987055
HB-00227,Non-private (overfit),-0.35516656774436817
HB-00228,Non-private (overfit),0.8657339255366372
HB-00230,Non-private (overfit),0.8234519559352611
HB-00231,Non-private (overfit),0.12589557649797545
HB-00232,Non-private (overfit),-0.7569502562519959
HB-00233,Non-private (overfit),0.03770919282347385
HB-00234,Non-private (overfit),-0.5348673908642523
HB-00235,Non-private (overfit),-1.226792577536854
HB-00236,Non-private (overfit),2.367009457684833
HB-00237,Non-private (overfit),-0.19175960394956748
HB-00238,Non-private (overfit),0.3846250995078242
HB-00239,Non-private (overfit),-0.3822433416679212
HB-00240,Non-private (overfit),0.2596345485560779
HB-00241,Non-private (overfit),0.4174714280879892
HB-00242,Non-private (overfit),-1.8514904897089384
HB-00243,Non-private (overfit),0.22522116576034779
HB-00244,Non-private (overfit),-0.5631183681080314
HB-00245,Non-private (overfit),0.07829785831853697
HB-00246,Non-private (overfit),-0.2164760138812562
HB-00247,Non-private (overfit),-0.28481027028021644
HB-00248,Non-private (overfit),0.06755792665321314
HB-00250,Non-private (overfit),-0.3165992468004548
HB-00251,Non-private (overfit),0.4817759158686996
HB-00252,Non-private (overfit),1.7251363247282798
HB-00253,Non-private (overfit),-0.427405048914697
HB-00254,Non-private (overfit),0.954088489116919
HB-00255,Non-private (overfit),0.18002393112665405
HB-00256,Non-private (overfit),0.7879359824458692
HB-00257,Non-private (overfit),-0.2673669539522172
HB-00258,Non-private (overfit),0.5318036462898483
HB-00259,Non-private (overfit),-0.019027820039268173
HB-00260,Non-private (overfit),-0.04925034005731754
HB-00263,Non-private (overfit),0.2909644835965164
HB-00264,Non-private (overfit),0.20913225204773234
HB-00265,Non-private (overfit),0.04371258489278573
HB-00266,Non-private (overfit),-1.1391399616886204
HB-00267,Non-private (overfit),-1.0228272410278891
HB-00268,Non-private (overfit),0.5448072858660447
HB-00269,Non-private (overfit),0.29274272674335045
HB-00270,Non-private (overfit),0.801471177213435
HB-00271,Non-private (overfit),1.2768546068047983
HB-00272,Non-private (overfit),0.07779345729502829
HB-00274,Non-private (overfit),-0.9616163230494539
HB-00275,Non-private (overfit),-1.843465254675646
HB-00276,Non-private (overfit),0.9938059638312737
HB-00278,Non-private (overfit),1.5109271274822147
HB-00279,Non-private (overfit),0.07061137598595324
HB-00280,Non-private (overfit),-0.668322420336704
HB-00282,Non-private (overfit),-0.10809649478305716
HB-00284,Non-private (overfit),-0.23893494332447485
HB-00285,Non-private (overfit),-0.26487281474494884
HB-00287,Non-private (overfit),0.2521136737802865
HB-00289,Non-private (overfit),-0.3192871770766439
HB-00290,Non-private (overfit),-0.3439790290593956
HB-00291,Non-private (overfit),0.2887322817641844
HB-00292,Non-private (overfit),0.925324474069396
HB-00293,Non-private (overfit),0.33851970400212084
HB-00294,Non-private (overfit),-1.1649523457684101
HB-00295,Non-private (overfit),0.18557836297717611
HB-00296,Non-private (overfit),-0.4536323452060742
HB-00297,Non-private (overfit),-0.8473409325542371
HB-00298,Non-private (overfit),0.6118390748629726
HB-00299,Non-private (overfit),0.09943857802917266
HB-00300,Non-private (overfit),-0.36484253477421436
HB-00301,Non-private (overfit),0.6548113821411259
HB-00302,Non-private (overfit),-0.5067651905274484
HB-00303,Non-private (overfit),-1.0661245742478505
HB-00304,Non-private (overfit),-0.7837184631784728
HB-00305,Non-private (overfit),0.003980995197679471
HB-00306,Non-private (overfit),-0.09288195845255975
HB-00307,Non-private (overfit),-0.20464575132193819
HB-00308,Non-private (overfit),0.0019458644289009897
HB-00309,Non-private (overfit),0.9647562237511267
HB-00310,Non-private (overfit),0.006382230826854962
HB-00311,Non-private (overfit),1.609824684125116
HB-00312,Non-private (overfit),-0.12591994362544057
HB-00314,Non-private (overfit),-0.18669805706903664
HB-00315,Non-private (overfit),-0.012864700158612852
HB-00317,Non-private (overfit),-0.30375776004229826
HB-00318,Non-private (overfit),-0.018285336424091803
HB-00319,Non-private (overfit),0.5875646660045604
HB-00320,Non-private (overfit),-0.25238888255883607
HB-00322,Non-private (overfit),-0.9262350676931552
HB-00323,Non-private (overfit),1.2055435792031406
HB-00324,Non-private (overfit),0.6534339113843308
HB-00325,Non-private (overfit),-1.5758169625204224
HB-00326,Non-private (overfit),0.33119992470680204
HB-00327,Non-private (overfit),-0.009823559591716435
HB-00328,Non-private (overfit),1.263537672017929
HB-00329,Non-private (overfit),0.40015564250407176
HB-00330,Non-private (overfit),2.798805463521318
HB-00331,Non-private (overfit),0.13137200565123175
HB-00332,Non-private (overfit),-1.9276603555251697
HB-00333,Non-private (overfit),0.1972793740443044
HB-00334,Non-private (overfit),0.14916634524956407
HB-00335,Non-private (overfit),-1.7567488217439413
HB-00336,Non-private (overfit),0.14667930612250046
HB-00337,Non-private (overfit),-1.0867554923322826
HB-00338,Non-private (overfit),0.14127403129746918
HB-00339,Non-private (overfit),-0.04376466388179667
HB-00340,Non-private (overfit),-0.359908286170757
HB-00341,Non-private (overfit),-0.24679928059695522
HB-00342,Non-private (overfit),0.1586396337314957
HB-00343,Non-private (overfit),0.5388156627910794
HB-00344,Non-private (overfit),0.23960473662117887
HB-00345,Non-private (overfit),0.07878795907417513
HB-00346,Non-private (overfit),-0.19202287647917382
HB-00347,Non-private (overfit),-0.08601945817718204
HB-00348,Non-private (overfit),0.22383962451284556
HB-00349,Non-private (overfit),0.6283062793310485
HB-00350,Non-private (overfit),0.5104534355105792
HB-00351,Non-private (overfit),0.20272966970540307
HB-00352,Non-private (overfit),0.006189623624153873
HB-00353,Non-private (overfit),0.22615852870162634
HB-00354,Non-private (overfit),-3.0457440735436796
HB-00355,Non-private (overfit),0.0011643939508161338
HB-00356,Non-private (overfit),0.6350963150043267
HB-00357,Non-private (overfit),1.0241928545192627
HB-00358,Non-private (overfit),-0.3590916838411755
HB-00359,Non-private (overfit),-0.37892592572896655
HB-00360,Non-private (overfit),-0.06160714507234666
HB-00362,Non-private (overfit),-0.13282509542044796
HB-00363,Non-private (overfit),-0.6402140441470756
HB-00364,Non-private (overfit),-4.69499213019313
HB-00366,Non-private (overfit),0.32412961467911117
HB-00367,Non-private (overfit),0.2368203341297621
HB-00368,Non-private (overfit),-0.02610593864229327
HB-00369,Non-private (overfit),-0.09272667091334497
HB-00370,Non-private (overfit),0.43357578391743135
HB-00371,Non-private (overfit),-0.11947558069334674
HB-00372,Non-private (overfit),0.42271377622748585
HB-00373,Non-private (overfit),1.555805230003131
HB-00374,Non-private (overfit),0.39478189108354256
HB-00375,Non-private (overfit),0.025047389637362194
HB-00376,Non-private (overfit),-0.03672420332788029
HB-00377,Non-private (overfit),0.37175207397872756
HB-00378,Non-private (overfit),0.12159393983549582
HB-00379,Non-private (overfit),-0.3440605653790534
HB-00380,Non-private (overfit),-0.21386070442440985
HB-00381,Non-private (overfit),-0.040550500014039814
HB-00382,Non-private (overfit),0.017041484106334437
HB-00383,Non-private (overfit),-0.036880168279202596
HB-00385,Non-private (overfit),1.8265868266906815
HB-00386,Non-private (overfit),-0.4361394165729937
HB-00387,Non-private (overfit),-0.49665159496936573
HB-00388,Non-private (overfit),0.4047624874125567
HB-00389,Non-private (overfit),0.02116023304490966
HB-00390,Non-private (overfit),0.2540211369742895
HB-00391,Non-private (overfit),0.05262166496844589
HB-00392,Non-private (overfit),0.6807854686498497
HB-00393,Non-private (overfit),-0.5556397956591466
HB-00394,Non-private (overfit),0.3456821453993748
HB-00395,Non-private (overfit),0.20502647359453152
HB-00396,Non-private (overfit),0.004901412824127371
HB-00397,Non-private (overfit),-0.9607724607227459
HB-00398,Non-private (overfit),-6.036886758396845
HB-00399,Non-private (overfit),1.018147753013113
HB-00400,Non-private (overfit),-0.3553807858269804
HB-00401,Non-private (overfit),-0.6436824308471212
HB-00402,Non-private (overfit),-0.4957614929811882
HB-00403,Non-private (overfit),0.043345875399636746
HB-00404,Non-private (overfit),0.12536172741845575
HB-00405,Non-private (overfit),-0.42531211017547754
HB-00407,Non-private (overfit),0.17884321855265173
HB-00408,Non-private (overfit),0.9732529967123589
HB-00409,Non-private (overfit),-5.943128642702201
HB-00410,Non-private (overfit),0.5033751848571866
HB-00412,Non-private (overfit),-0.11158662207950609
HB-00413,Non-private (overfit),0.004924306294326386
HB-00414,Non-private (overfit),0.19776127297225798
HB-00416,Non-private (overfit),0.1472568885771861
HB-00417,Non-private (overfit),1.0211387376690846
HB-00418,Non-private (overfit),-0.07810644554522295
HB-00419,Non-private (overfit),-0.24449661044315918
HB-00420,Non-private (overfit),-0.212371365190416
HB-00421,Non-private (overfit),-0.319573340420253
HB-00422,Non-private (overfit),0.6784994317749408
HB-00423,Non-private (overfit),-1.5482504430452133
HB-00424,Non-private (overfit),0.38562831247355267
HB-00425,Non-private (overfit),0.4814997928038547
HB-00426,Non-private (overfit),1.088102404467027
HB-00427,Non-private (overfit),0.9155956215157901
HB-00428,Non-private (overfit),-2.03139032537082
HB-00430,Non-private (overfit),0.36282048703521497
HB-00431,Non-private (overfit),-0.19240421628203963
HB-00432,Non-private (overfit),0.5971646742107763
HB-00433,Non-private (overfit),-0.4045613447954981
HB-00434,Non-private (overfit),0.3449646178693244
HB-00435,Non-private (overfit),-0.5434628638366734
HB-00436,Non-private (overfit),-0.3613289892002618
HB-00438,Non-private (overfit),-2.9527973953034383
HB-00439,Non-private (overfit),-0.10578885353086376
HB-00440,Non-private (overfit),0.6215929613941069
HB-00441,Non-private (overfit),0.06224605541403827
HB-00442,Non-private (overfit),-0.030422942688798305
HB-00443,Non-private (overfit),-0.13498604258776403
HB-00444,Non-private (overfit),-2.5343115404096324
HB-00445,Non-private (overfit),0.04170058181630587
HB-00446,Non-private (overfit),0.048213189199913575
HB-00447,Non-private (overfit),-1.3578836675294332
HB-00448,Non-private (overfit),-0.017878571458342263
HB-00450,Non-private (overfit),1.1726511157594697
HB-00452,Non-private (overfit),0.2643683664150658
HB-00453,Non-private (overfit),0.010746221860809868
HB-00454,Non-private (overfit),0.2525537962442289
HB-00455,Non-private (overfit),-0.5288343793172556
HB-00456,Non-private (overfit),0.20519872638652292
HB-00457,Non-private (overfit),-1.4648544107786194
HB-00458,Non-private (overfit),-1.002552721880254
HB-00459,Non-private (overfit),-0.477006823022602
HB-00460,Non-private (overfit),0.012111007643707872
HB-00461,Non-private (overfit),-0.31626444989376346
HB-00462,Non-private (overfit),0.47816612024437466
HB-00463,Non-private (overfit),-1.7512704257108582
HB-00464,Non-private (overfit),-0.13628440363359218
HB-00465,Non-private (overfit),-0.38868893813436767
HB-00466,Non-private (overfit),0.7652877574391694
HB-00467,Non-private (overfit),0.12007474117669714
HB-00468,Non-private (overfit),0.5452742080161721
HB-00469,Non-private (overfit),-0.1844624758525819
HB-00470,Non-private (overfit),-0.3108915903229168
HB-00471,Non-private (overfit),0.24442754808091238
HB-00473,Non-private (overfit),0.4465659286432504
HB-00475,Non-private (overfit),-0.01833200599029383
HB-00476,Non-private (overfit),-0.4074408443236446
HB-00477,Non-private (overfit),0.02807996939173818
HB-00479,Non-private (overfit),0.06078666869684346
HB-00480,Non-private (overfit),-1.2282868862970355
HB-00481,Non-private (overfit),0.08330027435182696
HB-00482,Non-private (overfit),0.000340924740075188
HB-00483,Non-private (overfit),0.06237330102521321
HB-00484,Non-private (overfit),0.7378203269519065
HB-00485,Non-private (overfit),-0.32051929690497727
HB-00486,Non-private (overfit),0.21064118295750733
HB-00487,Non-private (overfit),-0.5487170683111758
HB-00488,Non-private (overfit),-0.5278215945655496
HB-00489,Non-private (overfit),0.4966214227072312
HB-00490,Non-private (overfit),-0.46259060822491227
HB-00491,Non-private (overfit),-0.03660571159527337
HB-00492,Non-private (overfit),0.13523707731417156
HB-00493,Non-private (overfit),1.1188199858340737
HB-00495,Non-private (overfit),-1.9635671902857683
HB-00496,Non-private (overfit),0.32785927127570313
HB-00497,Non-private (overfit),0.21578507176886363
HB-00498,Non-private (overfit),0.29877161397186813
HB-00499,Non-private (overfit),0.3399798904627511
HB-00500,Non-private (overfit),-0.5201840185360962
HB-00501,Non-private (overfit),0.5836547385067165
HB-00502,Non-private (overfit),-0.1589958458941605
HB-00503,Non-private (overfit),-7.61544061983418
HB-00504,Non-private (overfit),0.5843005641833994
HB-00505,Non-private (overfit),0.057828968261455116
HB-00506,Non-private (overfit),0.04090839757652409
HB-00508,Non-private (overfit),-0.20317316556342413
HB-00509,Non-private (overfit),2.6786915588648332
HB-00510,Non-private (overfit),-0.21747570722756904
HB-00511,Non-private (overfit),-0.3854398489715076
HB-00512,Non-private (overfit),-1.8899346623786109
HB-00513,Non-private (overfit),1.6766940406335922
HB-00514,Non-private (overfit),-0.5294856804359461
HB-00515,Non-private (overfit),-0.23404275723793133
HB-00516,Non-private (overfit),0.5410363871115855
HB-00517,Non-private (overfit),0.11035301565005051
HB-00518,Non-private (overfit),-0.4650741038716144
HB-00519,Non-private (overfit),0.8157735240257598
HB-00520,Non-private (overfit),-0.22347679020955413
HB-00521,Non-private (overfit),0.14826530695971396
HB-00522,Non-private (overfit),0.2519383565577198
HB-00523,Non-private (overfit),-0.3209423961521758
HB-00524,Non-private (overfit),-0.4884170655544806
HB-00525,Non-private (overfit),0.4493066701721986
HB-00526,Non-private (overfit),-0.485210495270882
HB-00527,Non-private (overfit),0.21601433768755052
HB-00528,Non-private (overfit),0.39897346935119593
HB-00529,Non-private (overfit),1.0361955729741577
HB-00530,Non-private (overfit),-0.908884711803456
HB-00532,Non-private (overfit),0.06129249675871984
HB-00533,Non-private (overfit),-0.008452978582090376
HB-00534,Non-private (overfit),0.12229089572484797
HB-00535,Non-private (overfit),-0.030106906044246706
HB-00536,Non-private (overfit),0.3160795319772838
HB-00537,Non-private (overfit),-0.21572388550204136
HB-00538,Non-private (overfit),0.22215964239930397
HB-00539,Non-private (overfit),0.7955171317336687
HB-00540,Non-private (overfit),0.03890112371907972
HB-00541,Non-private (overfit),0.4631064436069203
HB-00543,Non-private (overfit),0.24596522281875832
HB-00544,Non-private (overfit),-0.572515509430547
HB-00545,Non-private (overfit),0.6235206751112452
HB-00546,Non-private (overfit),0.6447251527298683
HB-00550,Non-private (overfit),0.17845173889782484
HB-00551,Non-private (overfit),-0.42016754817023405
HB-00552,Non-private (overfit),0.2484568444692421
HB-00553,Non-private (overfit),-0.8778839957265858
HB-00554,Non-private (overfit),0.14299244158913416
HB-00555,Non-private (overfit),0.09129145809265493
HB-00556,Non-private (overfit),0.17738142728233752
HB-00557,Non-private (overfit),0.1396616261726185
HB-00558,Non-private (overfit),0.057682112072981795
HB-00559,Non-private (overfit),-0.43207844615486435
HB-00562,Non-private (overfit),-0.015766731109776666
HB-00563,Non-private (overfit),-0.125815043427143
HB-00564,Non-private (overfit),-0.6570786317899571
HB-00565,Non-private (overfit),0.05351415292907036
HB-00566,Non-private (overfit),0.1602707934376948
HB-00568,Non-private (overfit),-0.34890075947160004
HB-00569,Non-private (overfit),0.3022726014469943
HB-00571,Non-private (overfit),-0.6836405751004184
HB-00572,Non-private (overfit),0.15004723505406448
HB-00573,Non-private (overfit),0.24955115565396868
HB-00575,Non-private (overfit),0.006553024520545625
HB-00576,Non-private (overfit),0.2483612737605858
HB-00577,Non-private (overfit),0.312327154762708
HB-00578,Non-private (overfit),1.0877917210843941
HB-00579,Non-private (overfit),0.3566980169222258
HB-00580,Non-private (overfit),-4.473576241988036
HB-00581,Non-private (overfit),0.48910350976617845
HB-00582,Non-private (overfit),-0.15150689120213245
HB-00583,Non-private (overfit),-0.3545579113226096
HB-00584,Non-private (overfit),0.18290298036594876
HB-00585,Non-private (overfit),0.030602923409599025
HB-00586,Non-private (overfit),0.17271956737514094
HB-00587,Non-private (overfit),-0.3554057433119282
HB-00588,Non-private (overfit),-0.05908102549659233
HB-00589,Non-private (overfit),0.03222999917816982
HB-00590,Non-private (overfit),0.3260003599868413
HB-00592,Non-private (overfit),0.1343139138503333
HB-00593,Non-private (overfit),0.8039573194400644
HB-00594,Non-private (overfit),-0.7123809741496125
HB-00596,Non-private (overfit),0.25288796179005146
HB-00597,Non-private (overfit),-1.1597783545397051
HB-00598,Non-private (overfit),0.35998799196090214
HB-00599,Non-private (overfit),0.054099085579696116
HB-00600,Non-private (overfit),0.40807399946614664
HB-00601,Non-private (overfit),-0.07542357866750282
HB-00603,Non-private (overfit),-0.12859852418624218
HB-00604,Non-private (overfit),0.2190300730031851
HB-00605,Non-private (overfit),0.36400928332939086
HB-00606,Non-private (overfit),-0.8413068229143053
HB-00607,Non-private (overfit),-0.12148385671097683
HB-00608,Non-private (overfit),0.6175217569356918
HB-00609,Non-private (overfit),0.10600301767272469
HB-00610,Non-private (overfit),0.5243467864601108
HB-00612,Non-private (overfit),0.021520529249022147
HB-00613,Non-private (overfit),-0.006809341379509171
HB-00614,Non-private (overfit),0.016466556871968407
HB-00615,Non-private (overfit),-0.8409445503318704
HB-00616,Non-private (overfit),0.8784204512566229
HB-00617,Non-private (overfit),-0.5755815287820722
HB-00618,Non-private (overfit),-0.2669808854848852
HB-00619,Non-private (overfit),0.5205802652375301
HB-00620,Non-private (overfit),-1.412566456850188
HB-00621,Non-private (overfit),-0.10599791561694127
HB-00622,Non-private (overfit),1.7003199912082823
HB-00623,Non-private (overfit),0.029646388386432188
HB-00624,Non-private (overfit),-0.0849801533024288
HB-00625,Non-private (overfit),0.20564821850260806
HB-00626,Non-private (overfit),-0.39939349475765695
HB-00627,Non-private (overfit),0.35145112141811774
HB-00628,Non-private (overfit),-0.05112897165382657
HB-00629,Non-private (overfit),-0.594814063909038
HB-00630,Non-private (overfit),-0.19117457418723083
HB-00631,Non-private (overfit),-0.08286248521025907
HB-00632,Non-private (overfit),0.03833321550019986
HB-00633,Non-private (overfit),-1.9115223444033496
HB-00634,Non-private (overfit),0.36715558230161127
HB-00637,Non-private (overfit),-0.06558201062173619
HB-00638,Non-private (overfit),-0.5405404041332968
HB-00639,Non-private (overfit),0.3143916179849102
HB-00640,Non-private (overfit),0.5812042108963482
HB-00641,Non-private (overfit),-0.018171668438114574
HB-00642,Non-private (overfit),1.258350389048064
HB-00643,Non-private (overfit),0.24852830643457768
HB-00644,Non-private (overfit),-0.10803599871051295
HB-00645,Non-private (overfit),0.5195012537519612
HB-00646,Non-private (overfit),0.04864444047033678
HB-00648,Non-private (overfit),-0.20867453041063966
HB-00651,Non-private (overfit),-0.36675982290322595
HB-00652,Non-private (overfit),0.20662762996903128
HB-00653,Non-private (overfit),-0.2691503078818438
HB-00654,Non-private (overfit),-1.9312716381691732
HB-00655,Non-private (overfit),0.47459049924977936
HB-00656,Non-private (overfit),-2.051798454233465
HB-00657,Non-private (overfit),0.3482520578085476
HB-00658,Non-private (overfit),0.9064534247875793
HB-00659,Non-private (overfit),-0.20812922952227964
HB-00660,Non-private (overfit),-0.09343442735740703
HB-00661,Non-private (overfit),-0.47251145953891616
HB-00662,Non-private (overfit),-0.10899318457214413
HB-00663,Non-private (overfit),-0.9505388528358414
HB-00664,Non-private (overfit),-0.12390414537472783
HB-00665,Non-private (overfit),0.43980608669646093
HB-00666,Non-private (overfit),0.11973568547388225
HB-00667,Non-private (overfit),0.2533562242138401
HB-00668,Non-private (overfit),0.43845341558748285
HB-00669,Non-private (overfit),0.13320703419530155
HB-00670,Non-private (overfit),-0.41425138365001546
HB-00671,Non-private (overfit),-0.00825308695596072
HB-00672,Non-private (overfit),-0.23535475683820817
HB-00673,Non-private (overfit),0.027864167380361904
HB-00674,Non-private (overfit),0.4251567755913668
HB-00675,Non-private (overfit),-0.3823256962525208
HB-00676,Non-private (overfit),-0.33177320300968316
HB-00677,Non-private (overfit),-0.05204169916427137
HB-00678,Non-private (overfit),-0.12661092241854732
HB-00680,Non-private (overfit),0.5341861667980465
HB-00681,Non-private (overfit),-0.8930038051255997
HB-00682,Non-private (overfit),-0.1665090439406216
HB-00683,Non-private (overfit),-0.008402267849942913
HB-00684,Non-private (overfit),0.32359139110384305
HB-00685,Non-private (overfit),-0.28196824970774437
HB-00686,Non-private (overfit),0.7797759692096049
HB-00688,Non-private (overfit),0.3577568051808049
HB-00689,Non-private (overfit),-0.46298673055397477
HB-00690,Non-private (overfit),-0.26519011060273145
HB-00691,Non-private (overfit),0.12631601518890134
HB-00692,Non-private (overfit),-0.09405229137314941
HB-00693,Non-private (overfit),0.6704122454503239
HB-00694,Non-private (overfit),1.579946070379774
HB-00695,Non-private (overfit),-0.38964571256080904
HB-00696,Non-private (overfit),-0.7807017614396108
HB-00697,Non-private (overfit),0.29236508747490186
HB-00698,Non-private (overfit),0.29720711353021545
HB-00699,Non-private (overfit),-0.24638883994465288
HB-00700,Non-private (overfit),0.3592669611794037
HB-00701,Non-private (overfit),-544.146293240403
HB-00702,Non-private (overfit),0.6405145366805898
HB-00703,Non-private (overfit),0.8767086361160601
HB-00704,Non-private (overfit),-0.13301053581697253
HB-00705,Non-private (overfit),-0.5293357935522482
HB-00706,Non-private (overfit),0.36724186494151567
HB-00707,Non-private (overfit),0.16828282036578068
HB-00708,Non-private (overfit),0.03932020061768848
HB-00709,Non-private (overfit),-0.7300575333149832
HB-00710,Non-private (overfit),-0.2694333037907597
HB-00711,Non-private (overfit),0.10747526587078882
HB-00712,Non-private (overfit),0.48199834583818846
HB-00713,Non-private (overfit),-0.6882998184389761
HB-00715,Non-private (overfit),0.5432890575976359
HB-00716,Non-private (overfit),0.12275266218052061
HB-00717,Non-private (overfit),-0.1719623108994881
HB-00718,Non-private (overfit),-0.1545338380385579
HB-00719,Non-private (overfit),-0.7950676539028367
HB-00720,Non-private (overfit),0.18549290720946698
HB-00721,Non-private (overfit),0.831707648092012
HB-00722,Non-private (overfit),-0.6031716824965838
HB-00723,Non-private (overfit),0.2402282144171184
HB-00724,Non-private (overfit),-1.2041710390486065
HB-00725,Non-private (overfit),0.24919674001124292
HB-00726,Non-private (overfit),-0.44048811396499676
HB-00727,Non-private (overfit),-0.3937909589693711
HB-00728,Non-private (overfit),-0.238119876258434
HB-00731,Non-private (overfit),-1.821528726779856
HB-00732,Non-private (overfit),0.1866134374259769
HB-00733,Non-private (overfit),0.36554626155672865
HB-00734,Non-private (overfit),0.4256515944159923
HB-00735,Non-private (overfit),0.08437307191372856
HB-00736,Non-private (overfit),0.7511096645008202
HB-00737,Non-private (overfit),0.626669599683092
HB-00738,Non-private (overfit),1.0333393883099529
HB-00739,Non-private (overfit),0.13889177228418004
HB-00740,Non-private (overfit),0.2744504395792311
HB-00741,Non-private (overfit),-1.1940670386025496
HB-00742,Non-private (overfit),-0.03864474570203158
HB-00743,Non-private (overfit),-0.1058716879635393
HB-00744,Non-private (overfit),-0.2635869835107889
HB-00745,Non-private (overfit),-1.6994677954158202
HB-00747,Non-private (overfit),-3.9984633505023432
HB-00748,Non-private (overfit),-0.4267497168008918
HB-00749,Non-private (overfit),0.09829821526697824
HB-00751,Non-private (overfit),0.697461985193145
HB-00752,Non-private (overfit),-0.20847186322847044
HB-00753,Non-private (overfit),1.0067874600794178
HB-00754,Non-private (overfit),-0.145112042331343
HB-00755,Non-private (overfit),1.0596490629351853
HB-00756,Non-private (overfit),1.3580993708335773
HB-00757,Non-private (overfit),0.4271797488065987
HB-00758,Non-private (overfit),-0.49215430942311045
HB-00759,Non-private (overfit),-0.7338077970944741
HB-00760,Non-private (overfit),0.048025133422531674
HB-00761,Non-private (overfit),-0.2442330690505592
HB-00762,Non-private (overfit),0.11981961028397103
HB-00763,Non-private (overfit),0.05343799483687328
HB-00764,Non-private (overfit),0.01698413723081882
HB-00765,Non-private (overfit),0.22809355131698372
HB-00766,Non-private (overfit),1.0366977904334713
HB-00767,Non-private (overfit),1.1641417490398003
HB-00768,Non-private (overfit),-0.22189603769188637
HB-00769,Non-private (overfit),0.08725886748561962
HB-00770,Non-private (overfit),1.6519688746396541
HB-00771,Non-private (overfit),-0.4470700007904216
HB-00772,Non-private (overfit),-0.4261602306162202
HB-00773,Non-private (overfit),1.1583435840392293
HB-00774,Non-private (overfit),0.39806128271750996
HB-00775,Non-private (overfit),-0.5810281308410434
HB-00776,Non-private (overfit),0.7683073772243971
HB-00777,Non-private (overfit),-0.46594630819474414
HB-00778,Non-private (overfit),-0.6455129900030152
HB-00779,Non-private (overfit),-0.18953090697447283
HB-00780,Non-private (overfit),-0.3100007531337503
HB-00781,Non-private (overfit),0.6970495041416609
HB-00782,Non-private (overfit),-0.45351352093533226
HB-00783,Non-private (overfit),0.48421322143057477
HB-00784,Non-private (overfit),1.2403356396158398
HB-00785,Non-private (overfit),-0.7242385207267992
HB-00786,Non-private (overfit),0.06281008072745453
HB-00787,Non-private (overfit),0.08158160946208337
HB-00788,Non-private (overfit),-0.29657859918707485
HB-00789,Non-private (overfit),0.17345270459604611
HB-00791,Non-private (overfit),0.272897582893606
HB-00793,Non-private (overfit),-0.05525171182289679
HB-00794,Non-private (overfit),0.8219781366598609
HB-00795,Non-private (overfit),-0.30819840871980864
HB-00797,Non-private (overfit),0.44715262171730696
HB-00798,Non-private (overfit),-2.7067725355681365
HB-00799,Non-private (overfit),-0.38157164364937146
HB-00800,Non-private (overfit),0.013182208822140051
HB-00802,Non-private (overfit),-0.1400442662892325
HB-00803,Non-private (overfit),-0.11092474880677372
HB-00805,Non-private (overfit),0.07942429283981489
HB-00806,Non-private (overfit),0.18205351103506162
HB-00807,Non-private (overfit),0.9788940425231962
HB-00808,Non-private (overfit),0.6896761849302231
HB-00809,Non-private (overfit),0.08893859807529969
HB-00810,Non-private (overfit),-0.49934130199812654
HB-00812,Non-private (overfit),0.4889945167652652
HB-00813,Non-private (overfit),0.25838939051511733
HB-00814,Non-private (overfit),-0.026767924054666548
HB-00815,Non-private (overfit),-0.30103270837832596
HB-00816,Non-private (overfit),0.5404863615694302
HB-00817,Non-private (overfit),0.4042789590056801
HB-00818,Non-private (overfit),0.2148562815768822
HB-00819,Non-private (overfit),0.43399679322306817
HB-00820,Non-private (overfit),0.03513089792166335
HB-00822,Non-private (overfit),0.11413388439668704
HB-00823,Non-private (overfit),-0.8803400968113417
HB-00824,Non-private (overfit),0.37616109752724025
HB-00825,Non-private (overfit),-0.22991557852699307
HB-00826,Non-private (overfit),-3.2888585329384448
HB-00827,Non-private (overfit),-5.875906892231743
HB-00828,Non-private (overfit),-0.14127747178366756
HB-00829,Non-private (overfit),-0.48009239990520536
HB-00830,Non-private (overfit),0.27645910069141055
HB-00831,Non-private (overfit),0.1670342164455738
HB-00832,Non-private (overfit),0.18226163574459164
HB-00834,Non-private (overfit),-1.7059700545836047
HB-00835,Non-private (overfit),0.619868973136634
HB-00836,Non-private (overfit),0.2903448993601412
HB-00837,Non-private (overfit),0.029782611721040908
HB-00839,Non-private (overfit),-0.730503975952109
HB-00840,Non-private (overfit),-0.4187840499689388
HB-00842,Non-private (overfit),0.7068879621994031
HB-00843,Non-private (overfit),-0.19057824582784533
HB-00844,Non-private (overfit),0.27992491947332154
HB-00845,Non-private (overfit),-0.33567636332588924
HB-00847,Non-private (overfit),0.5972993777732682
HB-00848,Non-private (overfit),0.49787294964513706
HB-00849,Non-private (overfit),0.3696253975436494
HB-00850,Non-private (overfit),-0.016001836549960236
HB-00851,Non-private (overfit),0.3654113688538102
HB-00852,Non-private (overfit),0.6765901441166013
HB-00853,Non-private (overfit),0.3241862695595441
HB-00854,Non-private (overfit),0.10247313941716207
HB-00855,Non-private (overfit),0.32001941410869295
HB-00856,Non-private (overfit),-0.45881139609157007
HB-00857,Non-private (overfit),0.3388942797026533
HB-00858,Non-private (overfit),-0.18505138335556415
HB-00859,Non-private (overfit),0.40629893933991124
HB-00860,Non-private (overfit),0.3579499971802649
HB-00861,Non-private (overfit),-0.15835124230141218
HB-00862,Non-private (overfit),-0.6464900600880386
HB-00863,Non-private (overfit),0.835378148369166
HB-00864,Non-private (overfit),0.6142300487571742
HB-00865,Non-private (overfit),-0.2550401021666251
HB-00866,Non-private (overfit),0.059566781065275354
HB-00867,Non-private (overfit),0.12404883340408723
HB-00868,Non-private (overfit),0.22567636726750306
HB-00869,Non-private (overfit),0.2526470740736951
HB-00870,Non-private (overfit),0.10642768962943805
HB-00871,Non-private (overfit),0.024156510137605114
HB-00872,Non-private (overfit),-0.7639685926258748
HB-00873,Non-private (overfit),0.033768051493713314
HB-00874,Non-private (overfit),0.23140986033263244
HB-00875,Non-private (overfit),0.2329321799637607
HB-00876,Non-private (overfit),-0.34436612766555563
HB-00877,Non-private (overfit),-0.002370003483129768
HB-00879,Non-private (overfit),-0.337140562673959
HB-00881,Non-private (overfit),-0.48351909195956644
HB-00882,Non-private (overfit),0.1450863519713086
HB-00883,Non-private (overfit),-0.40692644385616505
HB-00884,Non-private (overfit),0.03846578177757376
HB-00886,Non-private (overfit),-0.5297933367985566
HB-00887,Non-private (overfit),-0.9380899445749158
HB-00889,Non-private (overfit),0.4004333413154004
HB-00890,Non-private (overfit),1.6378621661781239
HB-00891,Non-private (overfit),-10.085144933838887
HB-00892,Non-private (overfit),-0.7060934842253905
HB-00894,Non-private (overfit),-1.0718930995365958
HB-00895,Non-private (overfit),0.41872248081911523
HB-00896,Non-private (overfit),0.3284563905688058
HB-00897,Non-private (overfit),0.49574028172358364
HB-00898,Non-private (overfit),-2.2516005377719814
HB-00899,Non-private (overfit),0.2223755417804787
HB-00900,Non-private (overfit),0.9161726627482696
HB-00901,Non-private (overfit),-9.634883603982365
HB-00902,Non-private (overfit),0.2230465658095948
HB-00903,Non-private (overfit),0.49322508542531796
HB-00904,Non-private (overfit),-0.38617884806095026
HB-00908,Non-private (overfit),0.05290909755185147
HB-00909,Non-private (overfit),-10.059980162467282
HB-00910,Non-private (overfit),-0.6632835845778629
HB-00911,Non-private (overfit),-0.05506063009871198
HB-00913,Non-private (overfit),-0.12054828574155563
HB-00914,Non-private (overfit),0.37246846097968067
HB-00915,Non-private (overfit),0.05336710507092102
HB-00916,Non-private (overfit),0.0812873081207297
HB-00917,Non-private (overfit),-0.09698671621810906
HB-00918,Non-private (overfit),0.3382068365270394
HB-00919,Non-private (overfit),0.4926860171837917
HB-00920,Non-private (overfit),-0.2985738697520597
HB-00921,Non-private (overfit),0.19621496808664274
HB-00923,Non-private (overfit),0.5379346220068473
HB-00924,Non-private (overfit),0.3689824533300494
HB-00925,Non-private (overfit),1.2203263483894005
HB-00926,Non-private (overfit),-0.3444433293191309
HB-00927,Non-private (overfit),-1.3925053822797828
HB-00928,Non-private (overfit),0.1497150122672708
HB-00929,Non-private (overfit),-0.21513278699417393
HB-00931,Non-private (overfit),0.5376519309938286
HB-00932,Non-private (overfit),0.048046856351493084
HB-00933,Non-private (overfit),0.33682768097102334
HB-00934,Non-private (overfit),0.005097348235773014
HB-00935,Non-private (overfit),0.23756458072226405
HB-00936,Non-private (overfit),-0.5814050249613627
HB-00938,Non-private (overfit),-0.351604081769616
HB-00939,Non-private (overfit),-0.3468043668424219
HB-00940,Non-private (overfit),0.27468908581054485
HB-00941,Non-private (overfit),0.9073718823264298
HB-00942,Non-private (overfit),0.1474413598772728
HB-00944,Non-private (overfit),0.026841340876612163
HB-00945,Non-private (overfit),0.6669620354710208
HB-00946,Non-private (overfit),0.5910952046480576
HB-00947,Non-private (overfit),-0.1645403663363214
HB-00948,Non-private (overfit),0.1050702394650127
HB-00949,Non-private (overfit),0.3539444795150102
HB-00950,Non-private (overfit),-0.49247248066945604
HB-00951,Non-private (overfit),-0.40842941661506504
HB-00952,Non-private (overfit),0.10684356628220337
HB-00953,Non-private (overfit),0.4436510021103701
HB-00954,Non-private (overfit),1.5602531465331149
HB-00955,Non-private (overfit),0.4870569328948484
HB-00956,Non-private (overfit),0.23073216284031117
HB-00957,Non-private (overfit),0.33473907547980053
HB-00958,Non-private (overfit),0.062217280437379285
HB-00959,Non-private (overfit),0.133439025054241
HB-00960,Non-private (overfit),-0.8107200961009622
HB-00961,Non-private (overfit),-0.17529629386789392
HB-00962,Non-private (overfit),-1.7047878367248606
HB-00963,Non-private (overfit),0.5657995653219721
HB-00964,Non-private (overfit),0.36767384023323757
HB-00965,Non-private (overfit),0.11908374409614553
HB-00967,Non-private (overfit),-0.6320875955878158
HB-00968,Non-private (overfit),0.263594716549276
HB-00969,Non-private (overfit),1.034477798165206
HB-00971,Non-private (overfit),-0.8609751713126572
HB-00972,Non-private (overfit),0.08772569082918324
HB-00973,Non-private (overfit),0.35880875768106724
HB-00974,Non-private (overfit),-0.20565094377604565
HB-00975,Non-private (overfit),-0.42603908531166335
HB-00976,Non-private (overfit),-0.31483498720540126
HB-00977,Non-private (overfit),0.4860121791399603
HB-00978,Non-private (overfit),0.9237296451008654
HB-00979,Non-private (overfit),-0.14470584527314556
HB-00980,Non-private (overfit),1.3245849653930977
HB-00981,Non-private (overfit),0.18805897907506175
HB-00982,Non-private (overfit),-0.19849244122017162
HB-00983,Non-private (overfit),1.3191726059370097
HB-00984,Non-private (overfit),-1.3970503119114461
HB-00985,Non-private (overfit),-1.021811990177877
HB-00986,Non-private (overfit),-0.9400967037882055
HB-00987,Non-private (overfit),0.15373747890828215
HB-00988,Non-private (overfit),0.25802546560713546
HB-00989,Non-private (overfit),-0.0985892923364945
HB-00990,Non-private (overfit),0.5455671989321778
HB-00991,Non-private (overfit),0.46534342078387214
HB-00992,Non-private (overfit),0.23231207898288375
HB-00993,Non-private (overfit),0.0890395787837337
HB-00994,Non-private (overfit),0.12651833366625143
HB-00995,Non-private (overfit),0.03297711864314823
HB-00998,Non-private (overfit),0.558612329626532
HB-01000,Non-private (overfit),0.16455055520374584
HB-01001,Non-private (overfit),0.5725160074782032
HB-01002,Non-private (overfit),0.395640464437257
HB-01003,Non-private (overfit),-0.3475390053391135
HB-01004,Non-private (overfit),-0.15367986542362522
HB-01005,Non-private (overfit),-0.19301341061302302
HB-01006,Non-private (overfit),1.5767640016040363
HB-01007,Non-private (overfit),1.5034656892364144
HB-01008,Non-private (overfit),-0.1502103056391979
HB-01009,Non-private (overfit),1.2410684787114594
HB-01010,Non-private (overfit),-0.2819063920028517
HB-01011,Non-private (overfit),0.20133603383031495
HB-01012,Non-private (overfit),-0.31025781229545824
HB-01013,Non-private (overfit),0.21922785093496877
HB-01014,Non-private (overfit),-0.4383002439643846
HB-01015,Non-private (overfit),-1.885324647604674
HB-01016,Non-private (overfit),-0.015747542147011906
HB-01017,Non-private (overfit),0.08286879769209676
HB-01018,Non-private (overfit),-1.0099647932917448
HB-01019,Non-private (overfit),-0.7896208315382157
HB-01020,Non-private (overfit),-0.42341716713802513
HB-01021,Non-private (overfit),-0.13180580222729565
HB-01022,Non-private (overfit),1.0440282503461438
HB-01024,Non-private (overfit),0.0963484751713446
HB-01025,Non-private (overfit),-0.08172013718954685
HB-01026,Non-private (overfit),0.19194557122042943
HB-01027,Non-private (overfit),0.11869666403750367
HB-01028,Non-private (overfit),0.10436120023973605
HB-01030,Non-private (overfit),-1.4541402731261612
HB-01031,Non-private (overfit),-0.06452644157050824
HB-01032,Non-private (overfit),0.10625054194352979
HB-01033,Non-private (overfit),-0.22282013971268988
HB-01034,Non-private (overfit),0.8153064834434931
HB-01035,Non-private (overfit),0.3646895249729383
HB-01037,Non-private (overfit),0.27304351783695013
HB-01038,Non-private (overfit),0.16732796805578531
HB-01039,Non-private (overfit),0.23570330057977507
HB-01040,Non-private (overfit),0.6540659264950521
HB-01041,Non-private (overfit),-1.262350829319462
HB-01042,Non-private (overfit),6.237497033203743
HB-01043,Non-private (overfit),0.2060632056883005
HB-01044,Non-private (overfit),-0.12841133426202322
HB-01045,Non-private (overfit),0.7839478235165287
HB-01046,Non-private (overfit),0.4344253369694735
HB-01047,Non-private (overfit),0.036645007589209855
HB-01048,Non-private (overfit),0.2319013972231806
HB-01049,Non-private (overfit),-9.49467210760669
HB-01050,Non-private (overfit),0.18644654058099364
HB-01051,Non-private (overfit),-0.8022460869861245
HB-01052,Non-private (overfit),0.04586976130354814
HB-01053,Non-private (overfit),-0.03704836485118168
HB-01054,Non-private (overfit),0.352433625319446
HB-01055,Non-private (overfit),-5.38189620811796
HB-01056,Non-private (overfit),-0.5626036942312633
HB-01057,Non-private (overfit),0.12308392258837086
HB-01058,Non-private (overfit),0.24555118907348317
HB-01059,Non-private (overfit),0.3772576056590051
HB-01060,Non-private (overfit),-0.5650934705123569
HB-01061,Non-private (overfit),-2.045669289758875
HB-01062,Non-private (overfit),0.005805895634375835
HB-01063,Non-private (overfit),0.10969643921277283
HB-01064,Non-private (overfit),0.0012220518937602343
HB-01065,Non-private (overfit),-0.0753518754589293
HB-01066,Non-private (overfit),-0.6754664829085348
HB-01067,Non-private (overfit),0.09678015923447925
HB-01068,Non-private (overfit),-0.9211362232130438
HB-01069,Non-private (overfit),-0.24940094284879866
HB-01070,Non-private (overfit),0.1851147681048647
HB-01071,Non-private (overfit),0.22183961870854052
HB-01072,Non-private (overfit),-0.9246997417941274
HB-01073,Non-private (overfit),0.0395178381899568
HB-01074,Non-private (overfit),-1.1289726365111128
HB-01075,Non-private (overfit),0.16528352821016323
HB-01076,Non-private (overfit),-0.23905346159124186
HB-01077,Non-private (overfit),0.07960361125790394
HB-01078,Non-private (overfit),0.918623985093876
HB-01079,Non-private (overfit),1.302472791958388
HB-01080,Non-private (overfit),-4.635725279557927
HB-01081,Non-private (overfit),-0.5134697406537282
HB-01082,Non-private (overfit),0.4180048200070887
HB-01083,Non-private (overfit),0.5997527161679042
HB-01084,Non-private (overfit),0.5560701309555935
HB-01085,Non-private (overfit),-0.028362952802221897
HB-01086,Non-private (overfit),0.23000922568790527
HB-01087,Non-private (overfit),-1.0932093339331796
HB-01088,Non-private (overfit),-3.9576528503686026
HB-01089,Non-private (overfit),0.34262749197007947
HB-01090,Non-private (overfit),0.797964323975275
HB-01091,Non-private (overfit),1.1647983270236952
HB-01092,Non-private (overfit),0.21146823748841648
HB-01093,Non-private (overfit),0.3122528740878914
HB-01094,Non-private (overfit),0.23809711403376088
HB-01095,Non-private (overfit),0.09693361451036031
HB-01096,Non-private (overfit),0.010708053738120449
HB-01098,Non-private (overfit),0.0906289705806489
HB-01099,Non-private (overfit),0.2074268066716516
HB-01100,Non-private (overfit),0.5792193788584477
HB-01101,Non-private (overfit),-1.503942650569332
HB-01102,Non-private (overfit),0.0865388963093281
HB-01103,Non-private (overfit),-0.00873490124593257
HB-01104,Non-private (overfit),-1.71339829873404
HB-01105,Non-private (overfit),-0.453644062446355
HB-01107,Non-private (overfit),0.3049832035348805
HB-01108,Non-private (overfit),-0.7082423292031029
HB-01109,Non-private (overfit),0.06068540084276397
HB-01110,Non-private (overfit),-0.14179887457567353
HB-01111,Non-private (overfit),0.655677453199432
HB-01112,Non-private (overfit),-0.5416928163009811
HB-01113,Non-private (overfit),0.5440343928018319
HB-01114,Non-private (overfit),0.11204466628716536
HB-01115,Non-private (overfit),-0.17504750895696075
HB-01116,Non-private (overfit),0.21922661311944858
HB-01117,Non-private (overfit),0.24370547692995848
HB-01118,Non-private (overfit),0.2636378388063252
HB-01119,Non-private (overfit),-21.08603428339232
HB-01120,Non-private (overfit),-0.17757945692130384
HB-01121,Non-private (overfit),0.8341447434014355
HB-01122,Non-private (overfit),1.0960729383303986
HB-01123,Non-private (overfit),-2.2894317921439375
HB-01124,Non-private (overfit),-0.10312670052467598
HB-01125,Non-private (overfit),0.41758325386517026
HB-01126,Non-private (overfit),0.0045507420175847635
HB-01127,Non-private (overfit),0.44212018040583423
HB-01128,Non-private (overfit),0.03257601369507401
HB-01129,Non-private (overfit),0.2978599843526262
HB-01130,Non-private (overfit),-0.3036272266971174
HB-01131,Non-private (overfit),-1.085694652514884
HB-01132,Non-private (overfit),0.035409568641239675
HB-01133,Non-private (overfit),0.33147386607593976
HB-01134,Non-private (overfit),0.13185193364393788
HB-01135,Non-private (overfit),0.2828759975951427
HB-01136,Non-private (overfit),-0.1543839278086261
HB-01137,Non-private (overfit),0.3643709509718769
HB-01138,Non-private (overfit),-0.44865260838683607
HB-01139,Non-private (overfit),7.952402681079343
HB-01140,Non-private (overfit),0.733455922490015
HB-01141,Non-private (overfit),0.3304057054419425
HB-01142,Non-private (overfit),-0.47762286702726175
HB-01145,Non-private (overfit),0.29378825519152385
HB-01146,Non-private (overfit),0.9337239278569183
HB-01147,Non-private (overfit),0.2908266066646248
HB-01148,Non-private (overfit),0.21132448878778698
HB-01149,Non-private (overfit),0.21424037594512058
HB-01150,Non-private (overfit),0.2237831755321963
HB-01151,Non-private (overfit),0.22771137503566585
HB-01153,Non-private (overfit),-5.280312041734927
HB-01154,Non-private (overfit),-0.31462696339893825
HB-01155,Non-private (overfit),0.27347010085678125
HB-01156,Non-private (overfit),0.38053624985836865
HB-01157,Non-private (overfit),-0.1691646861691054
HB-01159,Non-private (overfit),-0.5113173215977898
HB-01160,Non-private (overfit),0.3596030656196014
HB-01161,Non-private (overfit),0.3657755953327434
HB-01162,Non-private (overfit),0.2888041374722692
HB-01163,Non-private (overfit),-0.25205824866875126
HB-01164,Non-private (overfit),0.9947620242091413
HB-01165,Non-private (overfit),0.6048452305586789
HB-01166,Non-private (overfit),-0.4377037357608642
HB-01167,Non-private (overfit),0.8218370352744935
HB-01168,Non-private (overfit),-1.809192369793671
HB-01169,Non-private (overfit),-3.2621921302444807
HB-01170,Non-private (overfit),-0.013849175012392134
HB-01171,Non-private (overfit),0.054999475377472296
HB-01172,Non-private (overfit),0.15588661796060244
HB-01173,Non-private (overfit),0.09975464846952065
HB-01174,Non-private (overfit),-0.5234355245530367
HB-01175,Non-private (overfit),0.13476327612611416
HB-01176,Non-private (overfit),-1.6858770380020491
HB-01177,Non-private (overfit),0.33746769631073803
HB-01178,Non-private (overfit),0.937009837494563
HB-01180,Non-private (overfit),0.01804488204325727
HB-01181,Non-private (overfit),0.003122943274998402
HB-01182,Non-private (overfit),-0.49521405107865535
HB-01184,Non-private (overfit),0.3912699645845199
HB-01185,Non-private (overfit),0.8037438581727585
HB-01186,Non-private (overfit),-0.548392636109194
HB-01187,Non-private (overfit),-1.2264132407755606
HB-01188,Non-private (overfit),0.2522350631935635
HB-01190,Non-private (overfit),-1.7851929104801205
HB-01191,Non-private (overfit),-0.3746289879010496
HB-01192,Non-private (overfit),-0.0636600699810399
HB-01193,Non-private (overfit),0.5141161753154808
HB-01194,Non-private (overfit),0.07961736061502611
HB-01196,Non-private (overfit),-0.8761804735929881
HB-01197,Non-private (overfit),0.4677491755279135
HB-01198,Non-private (overfit),1.5852256979976893
HB-01199,Non-private (overfit),-1.330244850186899
HB-01200,Non-private (overfit),0.4954664679831745
HB-01201,Non-private (overfit),-35.31739311512971
HB-01202,Non-private (overfit),-0.32411530356695506
HB-01203,Non-private (overfit),-0.3814728016415907
HB-01204,Non-private (overfit),2.122153347373664
HB-01205,Non-private (overfit),-0.36219990982390937
HB-01206,Non-private (overfit),4.319987718296134
HB-01207,Non-private (overfit),0.7383970907372339
HB-01208,Non-private (overfit),0.09116092627189398
HB-01210,Non-private (overfit),0.20593155021097886
HB-01211,Non-private (overfit),0.3752358869250745
HB-01213,Non-private (overfit),-0.27674149631797074
HB-01214,Non-private (overfit),0.4158106786641085
HB-01215,Non-private (overfit),-0.5997998366467083
HB-01216,Non-private (overfit),0.0689936708960115
HB-01217,Non-private (overfit),0.26344904827873594
HB-01218,Non-private (overfit),0.4774084887246731
HB-01219,Non-private (overfit),-2.7639274004469474
HB-01220,Non-private (overfit),0.20832530555252382
HB-01221,Non-private (overfit),-0.17219438985197932
HB-01222,Non-private (overfit),0.3459708554841021
HB-01223,Non-private (overfit),1.9945170846697318
HB-01224,Non-private (overfit),0.04234387590921984
HB-01225,Non-private (overfit),0.0687338186163986
HB-01226,Non-private (overfit),-0.243578186047406
HB-01227,Non-private (overfit),0.043677246214964605
HB-01228,Non-private (overfit),0.26083363471204757
HB-01229,Non-private (overfit),-0.9947919526656057
HB-01230,Non-private (overfit),0.34233568279777415
HB-01231,Non-private (overfit),0.4098712578579293
HB-01233,Non-private (overfit),-0.017517975908835748
HB-01236,Non-private (overfit),-0.1925351209617956
HB-01237,Non-private (overfit),-7.131364593548617
HB-01238,Non-private (overfit),-0.6889877573286611
HB-01239,Non-private (overfit),-0.0628033475635954
HB-01240,Non-private (overfit),-0.44362113326353647
HB-01241,Non-private (overfit),0.4291795375179903
HB-01242,Non-private (overfit),-0.5257921552804621
HB-01243,Non-private (overfit),-1.540437468103545
HB-01244,Non-private (overfit),-0.2970862367575331
HB-01245,Non-private (overfit),0.19623251257427388
HB-01246,Non-private (overfit),0.11438236471024199
HB-01247,Non-private (overfit),-4.389245503670482
HB-01248,Non-private (overfit),0.13105284590433175
HB-01249,Non-private (overfit),-0.002953528870573985
HB-01250,Non-private (overfit),-0.39261160309307375
HB-01251,Non-private (overfit),0.44175169950993975
HB-01252,Non-private (overfit),0.23494613522880392
HB-01253,Non-private (overfit),0.9330505589626332
HB-01254,Non-private (overfit),0.41568641850366284
HB-01255,Non-private (overfit),0.5061958954439483
HB-01256,Non-private (overfit),-0.1783916797435655
HB-01257,Non-private (overfit),0.1345419521484743
HB-01258,Non-private (overfit),-0.1740258928045897
HB-01259,Non-private (overfit),0.0821217249296966
HB-01260,Non-private (overfit),-0.15750508173965017
HB-01261,Non-private (overfit),-0.9846928873774843
HB-01262,Non-private (overfit),0.03300243223359223
HB-01263,Non-private (overfit),-0.14002443329723047
HB-01264,Non-private (overfit),0.39269828601157797
HB-01265,Non-private (overfit),0.3974242056918449
HB-01266,Non-private (overfit),0.28325366098091553
HB-01267,Non-private (overfit),2.569804810014233
HB-01268,Non-private (overfit),0.48481502309813607
HB-01269,Non-private (overfit),0.09836373589939484
HB-01270,Non-private (overfit),0.012411394332554337
HB-01271,Non-private (overfit),-0.007117264883105157
HB-01272,Non-private (overfit),0.1043228353003095
HB-01273,Non-private (overfit),0.1919206450674451
HB-01274,Non-private (overfit),-0.5821731213841557
HB-01275,Non-private (overfit),-1.1597237651627985
HB-01276,Non-private (overfit),-0.21946734072024476
HB-01277,Non-private (overfit),-0.45571105827332503
HB-01278,Non-private (overfit),0.0766948732119932
HB-01279,Non-private (overfit),0.7067409119092298
HB-01280,Non-private (overfit),0.024039159470236715
HB-01281,Non-private (overfit),0.6803944266997051
HB-01282,Non-private (overfit),0.35825868342594824
HB-01283,Non-private (overfit),0.42643315754626
HB-01284,Non-private (overfit),0.6193463888341413
HB-01285,Non-private (overfit),-0.2594910362054703
HB-01286,Non-private (overfit),0.5119432841446203
HB-01287,Non-private (overfit),-0.3428208694081563
HB-01288,Non-private (overfit),-0.9940473220477923
HB-01289,Non-private (overfit),-0.0027326499173421226
HB-01290,Non-private (overfit),0.5561168284370807
HB-01291,Non-private (overfit),-0.6955119694929541
HB-01292,Non-private (overfit),0.5970637246151109
HB-01293,Non-private (overfit),-0.3773293349387554
HB-01294,Non-private (overfit),-1.008059088927424
HB-01295,Non-private (overfit),-0.09932914536150528
HB-01296,Non-private (overfit),0.7742858844499212
HB-01297,Non-private (overfit),0.1832404366247964
HB-01298,Non-private (overfit),0.4546051295831919
HB-01299,Non-private (overfit),-0.6582410057405046
HB-01300,Non-private (overfit),0.07156460726499381
HB-01301,Non-private (overfit),-0.17777191836391237
HB-01302,Non-private (overfit),0.41309217781468766
HB-01303,Non-private (overfit),-0.2694880773997095
HB-01304,Non-private (overfit),-0.3632533625427695
HB-01305,Non-private (overfit),-0.6040994502418777
HB-01306,Non-private (overfit),-0.17245046690217425
HB-01307,Non-private (overfit),0.3472538392780745
HB-01308,Non-private (overfit),0.26336489236636185
HB-01310,Non-private (overfit),0.3061741375011533
HB-01312,Non-private (overfit),-3.913929944780757
HB-01313,Non-private (overfit),0.11538671177845572
HB-01314,Non-private (overfit),0.9530426874374527
HB-01315,Non-private (overfit),-0.0332172153837933
HB-01316,Non-private (overfit),-0.4569875610036749
HB-01317,Non-private (overfit),-0.011173852504085424
HB-01318,Non-private (overfit),-0.047952339279695444
HB-01319,Non-private (overfit),0.18198570422360172
HB-01320,Non-private (overfit),0.10068457463231084
HB-01321,Non-private (overfit),-4.382994464929768
HB-01322,Non-private (overfit),-0.1841226427307292
HB-01323,Non-private (overfit),-0.43263608429192824
HB-01324,Non-private (overfit),0.005162266782772429
HB-01325,Non-private (overfit),0.2357598462528756
HB-01326,Non-private (overfit),0.15199290350529693
HB-01327,Non-private (overfit),-0.28068499732516305
HB-01328,Non-private (overfit),1.4894010542433944
HB-01329,Non-private (overfit),-0.1007075966784321
HB-01330,Non-private (overfit),0.16890342379092105
HB-01331,Non-private (overfit),-0.22291629170789795
HB-01332,Non-private (overfit),0.44975108939910236
HB-01333,Non-private (overfit),0.3400484520102416
HB-01334,Non-private (overfit),0.6991488884040209
HB-01335,Non-private (overfit),-0.7351032230271706
HB-01336,Non-private (overfit),0.029703776538361648
HB-01337,Non-private (overfit),0.9116646441108562
HB-01338,Non-private (overfit),0.1836465218445107
HB-01340,Non-private (overfit),0.4433631251859027
HB-01341,Non-private (overfit),-0.32241879466257783
HB-01342,Non-private (overfit),0.009460828720507575
HB-01343,Non-private (overfit),0.620766410040368
HB-01344,Non-private (overfit),0.1332122311355346
HB-01345,Non-private (overfit),0.4271808820313252
HB-01346,Non-private (overfit),0.925402124986904
HB-01347,Non-private (overfit),-0.5552168746080963
HB-01349,Non-private (overfit),-0.26265522266146535
HB-01350,Non-private (overfit),-0.423084966430459
HB-01351,Non-private (overfit),-0.21161157885118143
HB-01352,Non-private (overfit),-0.04805148722146724
HB-01353,Non-private (overfit),0.36637838562375524
HB-01354,Non-private (overfit),0.2872806733856037
HB-01356,Non-private (overfit),0.8709652908423346
HB-01357,Non-private (overfit),-0.5838239479153791
HB-01358,Non-private (overfit),2.69304410940645
HB-01359,Non-private (overfit),-0.5323803468669661
HB-01360,Non-private (overfit),1.0010324466677492
HB-01361,Non-private (overfit),0.7755800736195517
HB-01362,Non-private (overfit),0.20488183557647455
HB-01363,Non-private (overfit),0.5004735504047966
HB-01365,Non-private (overfit),0.5656892599265785
HB-01366,Non-private (overfit),-0.3589273043873522
HB-01367,Non-private (overfit),0.8899807230383296
HB-01368,Non-private (overfit),-0.14217451205635578
HB-01370,Non-private (overfit),-0.31598567098583374
HB-01371,Non-private (overfit),0.4589250235865385
HB-01372,Non-private (overfit),1.1372863417342114
HB-01373,Non-private (overfit),0.255583246644836
HB-01374,Non-private (overfit),-2.64596267533976
HB-01375,Non-private (overfit),0.5193505991396439
HB-01376,Non-private (overfit),0.2067256132520101
HB-01377,Non-private (overfit),-0.19876926016343766
HB-01378,Non-private (overfit),-0.0517676931330695
HB-01379,Non-private (overfit),-0.13211472020737314
HB-01381,Non-private (overfit),0.7880356942474736
HB-01384,Non-private (overfit),-0.22125765308644763
HB-01385,Non-private (overfit),0.41621740957687114
HB-01386,Non-private (overfit),-2.365095866750771
HB-01387,Non-private (overfit),0.03201966539914358
HB-01388,Non-private (overfit),-1.811412186210052
HB-01389,Non-private (overfit),-0.4100810958341117
HB-01390,Non-private (overfit),-2.548425030761262
HB-01392,Non-private (overfit),0.6205581925625898
HB-01393,Non-private (overfit),-0.14404132169973982
HB-01394,Non-private (overfit),-0.563377397253493
HB-01399,Non-private (overfit),0.3792046573865262
HB-01400,Non-private (overfit),0.7443078598104895
HB-01401,Non-private (overfit),0.21096603995288743
HB-01402,Non-private (overfit),0.20965181703808988
HB-01403,Non-private (overfit),-0.917789304409754
HB-01404,Non-private (overfit),-0.12431472044150071
HB-01406,Non-private (overfit),0.36196411065865797
HB-01407,Non-private (overfit),0.3607993305506034
HB-01408,Non-private (overfit),-1.1089874305950027
HB-01409,Non-private (overfit),-0.01607466389237988
HB-01410,Non-private (overfit),-0.19240208491250954
HB-01411,Non-private (overfit),0.25025917440856216
HB-01412,Non-private (overfit),0.03518859261374019
HB-01413,Non-private (overfit),0.3194150764739695
HB-01414,Non-private (overfit),-0.19642896329275983
HB-01415,Non-private (overfit),-0.7107563159834451
HB-01416,Non-private (overfit),0.6855152655178196
HB-01417,Non-private (overfit),0.25767944490684336
HB-01418,Non-private (overfit),0.029077453061780667
HB-01419,Non-private (overfit),0.41886101543349286
HB-01420,Non-private (overfit),-0.7481915531782348
HB-01421,Non-private (overfit),-0.01822044004174317
HB-01422,Non-private (overfit),-0.29238527729304686
HB-01423,Non-private (overfit),0.29521464493740135
HB-01424,Non-private (overfit),-0.06110576899412479
HB-01425,Non-private (overfit),0.6680368400293755
HB-01427,Non-private (overfit),-0.06263339738688156
HB-01429,Non-private (overfit),1.1189839798147183
HB-01431,Non-private (overfit),0.8343865930476229
HB-01432,Non-private (overfit),-1.4632222590616784
HB-01433,Non-private (overfit),0.2517172733520321
HB-01434,Non-private (overfit),0.48856583649341867
HB-01435,Non-private (overfit),-0.6371762734272348
HB-01437,Non-private (overfit),-0.4925181957923197
HB-01438,Non-private (overfit),0.6012612937784092
HB-01439,Non-private (overfit),0.06161638841592276
HB-01440,Non-private (overfit),-0.11599020198261312
HB-01441,Non-private (overfit),0.2190900660422641
HB-01442,Non-private (overfit),-0.3474786851682433
HB-01444,Non-private (overfit),-0.6713914626665869
HB-01446,Non-private (overfit),0.04403848405379063
HB-01447,Non-private (overfit),-0.022676354104065988
HB-01448,Non-private (overfit),-0.2062787427272228
HB-01449,Non-private (overfit),-0.8581491149334131
HB-01450,Non-private (overfit),-4.651694376512888
HB-01451,Non-private (overfit),0.27760116052949013
HB-01452,Non-private (overfit),-0.28390419299449254
HB-01453,Non-private (overfit),0.0022753446145449274
HB-01454,Non-private (overfit),0.38743791451355103
HB-01455,Non-private (overfit),0.18614380824478471
HB-01456,Non-private (overfit),0.2780246411796845
HB-01457,Non-private (overfit),-0.29311848482681513
HB-01458,Non-private (overfit),0.4307130959799541
HB-01459,Non-private (overfit),-0.9841335768334298
HB-01460,Non-private (overfit),-0.4576051614008364
HB-01462,Non-private (overfit),0.08791123357829966
HB-01463,Non-private (overfit),-0.7591376022927907
HB-01464,Non-private (overfit),-0.7505192390165076
HB-01466,Non-private (overfit),0.7436926020753851
HB-01467,Non-private (overfit),-0.1856831058571684
HB-01468,Non-private (overfit),-1.0843001115884494
HB-01469,Non-private (overfit),-0.0004909072636551937
HB-01470,Non-private (overfit),0.10275959512304755
HB-01471,Non-private (overfit),0.4327519109297141
HB-01472,Non-private (overfit),0.6043350933741958
HB-01473,Non-private (overfit),-0.4053344290283647
HB-01474,Non-private (overfit),-0.37201600976063653
HB-01475,Non-private (overfit),-0.6466629140220335
HB-01477,Non-private (overfit),0.013184938598068241
HB-01479,Non-private (overfit),0.46773019108604075
HB-01481,Non-private (overfit),-0.07261317484856733
HB-01482,Non-private (overfit),0.4543737336638545
HB-01483,Non-private (overfit),0.31913415444445226
HB-01484,Non-private (overfit),-0.5176375834044205
HB-01485,Non-private (overfit),-0.2573666285181089
HB-01487,Non-private (overfit),-0.2920180268254349
HB-01488,Non-private (overfit),-2.1351537902588937
HB-01489,Non-private (overfit),-0.6313828559158403
HB-01490,Non-private (overfit),-1.553348367983307
HB-01491,Non-private (overfit),0.24280121400391486
HB-01492,Non-private (overfit),1.6253892675425803
HB-01493,Non-private (overfit),1.0006438723353108
HB-01494,Non-private (overfit),-0.1299412851727928
HB-01495,Non-private (overfit),0.44586420427917317
HB-01497,Non-private (overfit),0.6900477997258219
HB-01498,Non-private (overfit),-0.3322657662803512
HB-01499,Non-private (overfit),-0.6291661936990132
HB-01500,Non-private (overfit),0.040970753527335035
HB-01501,Non-private (overfit),0.23814235744293688
HB-01502,Non-private (overfit),-0.5791913396865715
HB-01503,Non-private (overfit),-0.2400808308020157
HB-01504,Non-private (overfit),0.06019406678070305
HB-01505,Non-private (overfit),0.1512298873729554
HB-01506,Non-private (overfit),-0.7388360632230511
HB-01507,Non-private (overfit),-0.20604038611567488
HB-01508,Non-private (overfit),0.0906774457708428
HB-01509,Non-private (overfit),-0.11685560248660098
HB-01510,Non-private (overfit),0.4620908573360034
HB-01512,Non-private (overfit),0.7026395472112961
HB-01515,Non-private (overfit),-0.08221955369380662
HB-01516,Non-private (overfit),0.5950278426475808
HB-01517,Non-private (overfit),-0.013644654019119073
HB-01518,Non-private (overfit),0.562066050412262
HB-01519,Non-private (overfit),-0.6395864635737294
HB-01520,Non-private (overfit),-0.02715977737602332
HB-01521,Non-private (overfit),0.2410531506172664
HB-01522,Non-private (overfit),-0.7004503519687626
HB-01523,Non-private (overfit),0.5519368870205714
HB-01524,Non-private (overfit),-0.1434987121637894
HB-01525,Non-private (overfit),0.719954777678377
HB-01526,Non-private (overfit),0.15776618763644912
HB-01527,Non-private (overfit),0.5376543322051361
HB-01528,Non-private (overfit),1.8888354053813003
HB-01529,Non-private (overfit),0.016015620770482464
HB-01530,Non-private (overfit),-0.8975398871542308
HB-01531,Non-private (overfit),0.25707536260255637
HB-01533,Non-private (overfit),0.1032192727164487
HB-01535,Non-private (overfit),0.7664504953629363
HB-01536,Non-private (overfit),-0.3985961248823715
HB-01537,Non-private (overfit),-0.30025094710798794
HB-01539,Non-private (overfit),0.13450583321820364
HB-01540,Non-private (overfit),-1.5119310695360062
HB-01541,Non-private (overfit),-0.3809067457498394
HB-01542,Non-private (overfit),0.07906043908008598
HB-01543,Non-private (overfit),0.5432061502471305
HB-01544,Non-private (overfit),0.9979522117227959
HB-01545,Non-private (overfit),0.8044874794358627
HB-01546,Non-private (overfit),-0.0205156716099415
HB-01547,Non-private (overfit),-0.23734861394848883
HB-01548,Non-private (overfit),-0.4034134160583678
HB-01550,Non-private (overfit),0.2644331638118653
HB-01551,Non-private (overfit),-0.4180271824859225
HB-01552,Non-private (overfit),0.11260277301920318
HB-01553,Non-private (overfit),-0.5047294186638189
HB-01555,Non-private (overfit),-0.7420242519557345
HB-01556,Non-private (overfit),-0.14668248772574577
HB-01557,Non-private (overfit),0.048542661710582635
HB-01558,Non-private (overfit),-0.43395825963395795
HB-01559,Non-private (overfit),0.3531811404425078
HB-01560,Non-private (overfit),0.6509245699087165
HB-01561,Non-private (overfit),0.41893706207338566
HB-01562,Non-private (overfit),-1.1067586295112366
HB-01563,Non-private (overfit),0.2084439079156143
HB-01564,Non-private (overfit),-0.3491035510242464
HB-01565,Non-private (overfit),-6.329892653167658
HB-01566,Non-private (overfit),0.7775371282522765
HB-01567,Non-private (overfit),-0.5510814204482879
HB-01569,Non-private (overfit),-0.9796877002458841
HB-01570,Non-private (overfit),0.23727353370714532
HB-01571,Non-private (overfit),-0.27868997051988664
HB-01572,Non-private (overfit),-0.9389019631221007
HB-01573,Non-private (overfit),0.37914470583082416
HB-01574,Non-private (overfit),0.4842133069276665
HB-01575,Non-private (overfit),-1.1078767027106946
HB-01577,Non-private (overfit),0.10282398067604015
HB-01578,Non-private (overfit),-0.06095297112119891
HB-01579,Non-private (overfit),0.3518901723613306
HB-01580,Non-private (overfit),-0.8570569816446143
HB-01581,Non-private (overfit),0.16907141720793373
HB-01582,Non-private (overfit),-0.6370576685053178
HB-01583,Non-private (overfit),0.3181377552864334
HB-01584,Non-private (overfit),0.49712874359656745
HB-01585,Non-private (overfit),-0.522654189983562
HB-01586,Non-private (overfit),0.8262274696932805
HB-01587,Non-private (overfit),0.31240804809950906
HB-01588,Non-private (overfit),0.15860128433395393
HB-01589,Non-private (overfit),-0.02881158425020014
HB-01590,Non-private (overfit),0.256462335316867
HB-01591,Non-private (overfit),-0.34461154465604626
HB-01592,Non-private (overfit),-0.42397250254152885
HB-01593,Non-private (overfit),0.6122187891757183
HB-01595,Non-private (overfit),-0.7457607103083066
HB-01596,Non-private (overfit),-0.7062934925368902
HB-01597,Non-private (overfit),0.41071824033441984
HB-01598,Non-private (overfit),-1.6649450789827571
HB-01599,Non-private (overfit),0.5750446899494011
HB-01600,Non-private (overfit),-1.6152093868401087
HB-01601,Non-private (overfit),-0.496105274460088
HB-01602,Non-private (overfit),-4.072686212282397
HB-01603,Non-private (overfit),-1.6147246691328572
HB-01604,Non-private (overfit),-0.27669565079293124
HB-01605,Non-private (overfit),0.2661552770881883
HB-01606,Non-private (overfit),-0.40849496736129653
HB-01607,Non-private (overfit),0.13211652062076196
HB-01608,Non-private (overfit),-8.830470071054407
HB-01609,Non-private (overfit),0.21926831449741524
HB-01610,Non-private (overfit),0.009203899374476077
HB-01611,Non-private (overfit),-0.21738965511942965
HB-01613,Non-private (overfit),-0.04784956683670205
HB-01614,Non-private (overfit),-0.0870082116790144
HB-01615,Non-private (overfit),-8.284412500771941
HB-01616,Non-private (overfit),0.05416222785318692
HB-01617,Non-private (overfit),-0.25877177462125633
HB-01618,Non-private (overfit),-0.07126072360373392
HB-01619,Non-private (overfit),-0.5249105491220623
HB-01621,Non-private (overfit),-0.39290871415012285
HB-01622,Non-private (overfit),-0.16799481959118068
HB-01623,Non-private (overfit),0.8606043212922063
HB-01624,Non-private (overfit),0.90152862726372
HB-01625,Non-private (overfit),0.05561163481828668
HB-01626,Non-private (overfit),0.9799373863911223
HB-01627,Non-private (overfit),-0.20837132066312614
HB-01628,Non-private (overfit),-1.280375906448258
HB-01629,Non-private (overfit),0.017446077236696222
HB-01630,Non-private (overfit),0.5276898996221084
HB-01632,Non-private (overfit),-0.09777236917399224
HB-01633,Non-private (overfit),0.7058069861018426
HB-01634,Non-private (overfit),-0.03087359282449631
HB-01635,Non-private (overfit),1.1197841893008782
HB-01636,Non-private (overfit),0.3223456113706227
HB-01637,Non-private (overfit),-0.36904119443868855
HB-01638,Non-private (overfit),-0.27271557665260693
HB-01639,Non-private (overfit),0.813872246517249
HB-01640,Non-private (overfit),0.004831114128358127
HB-01641,Non-private (overfit),0.16066192668568968
HB-01642,Non-private (overfit),-0.06752599260096326
HB-01643,Non-private (overfit),0.33630519905993705
HB-01644,Non-private (overfit),-2.0632682154792086
HB-01645,Non-private (overfit),-0.43504935442310577
HB-01646,Non-private (overfit),0.2447254511418926
HB-01647,Non-private (overfit),-0.2893323640787455
HB-01648,Non-private (overfit),-0.5666455264469099
HB-01649,Non-private (overfit),0.19236602337375042
HB-01650,Non-private (overfit),-0.2783933903552289
HB-01651,Non-private (overfit),0.06154011940624371
HB-01652,Non-private (overfit),-0.07290011573936117
HB-01653,Non-private (overfit),0.10700516904415447
HB-01654,Non-private (overfit),0.2890130530687415
HB-01655,Non-private (overfit),-0.7336139948223301
HB-01656,Non-private (overfit),0.3809833699347125
HB-01657,Non-private (overfit),0.10943031518908608
HB-01658,Non-private (overfit),0.27325825461582376
HB-01659,Non-private (overfit),-0.6875259634778348
HB-01660,Non-private (overfit),1.1031090711604408
HB-01662,Non-private (overfit),0.6179455995532398
HB-01663,Non-private (overfit),-0.1570681956971829
HB-01664,Non-private (overfit),-0.193747576377151
HB-01665,Non-private (overfit),-0.46012716382384644
HB-01666,Non-private (overfit),-0.011450296883893873
HB-01667,Non-private (overfit),0.18760653919419024
HB-01668,Non-private (overfit),0.21476771792681038
HB-01669,Non-private (overfit),0.432419098536721
HB-01670,Non-private (overfit),-0.4625410191496502
HB-01671,Non-private (overfit),-0.29633636872775193
HB-01672,Non-private (overfit),1.849243554937404
HB-01673,Non-private (overfit),-0.09764664551752489
HB-01674,Non-private (overfit),0.40581051203544405
HB-01675,Non-private (overfit),0.5604415470687596
HB-01676,Non-private (overfit),-0.7323907402684927
HB-01677,Non-private (overfit),0.16036053828962293
HB-01678,Non-private (overfit),-0.1443727832002959
HB-01679,Non-private (overfit),-1.0096070808376012
HB-01680,Non-private (overfit),0.003186095597163874
HB-01681,Non-private (overfit),-0.22221459017671719
HB-01682,Non-private (overfit),-0.2514153290563288
HB-01683,Non-private (overfit),2.016106593798689
HB-01685,Non-private (overfit),0.09433313198867743
HB-01686,Non-private (overfit),0.26764578244932746
HB-01687,Non-private (overfit),-3.859648422600962
HB-01689,Non-private (overfit),0.44120166963170726
HB-01690,Non-private (overfit),-0.42553164627808426
HB-01691,Non-private (overfit),-0.5760890472937692
HB-01692,Non-private (overfit),-0.3110832471073044
HB-01693,Non-private (overfit),-0.8317176866562452
HB-01694,Non-private (overfit),0.03706107915889634
HB-01695,Non-private (overfit),-0.5131861757114264
HB-01696,Non-private (overfit),-0.9612522112733841
HB-01698,Non-private (overfit),0.5284372849316702
HB-01699,Non-private (overfit),0.0865463227820622
HB-01700,Non-private (overfit),-0.21040014165225962
HB-01701,Non-private (overfit),-0.01403403347090193
HB-01702,Non-private (overfit),0.4057629931923128
HB-01703,Non-private (overfit),0.5690417982010354
HB-01704,Non-private (overfit),0.00195649992420166
HB-01705,Non-private (overfit),0.3663326793153341
HB-01706,Non-private (overfit),-0.40985463061929894
HB-01707,Non-private (overfit),-1.2111496466242146
HB-01708,Non-private (overfit),-0.06955860203881015
HB-01709,Non-private (overfit),0.3428607155368075
HB-01710,Non-private (overfit),0.4367753912410657
HB-01711,Non-private (overfit),-0.21778834039171935
HB-01712,Non-private (overfit),-0.9065419347412689
HB-01713,Non-private (overfit),-0.6608159560033702
HB-01714,Non-private (overfit),-0.39582342791404423
HB-01715,Non-private (overfit),-0.208801498299096
HB-01716,Non-private (overfit),0.5057090559996652
HB-01717,Non-private (overfit),0.23161505548151085
HB-01718,Non-private (overfit),0.05553314119819053
HB-01719,Non-private (overfit),-5.082601524903626
HB-01720,Non-private (overfit),-0.42255258891591274
HB-01722,Non-private (overfit),0.6260029283476822
HB-01724,Non-private (overfit),0.3596092829391182
HB-01725,Non-private (overfit),0.2803907495853093
HB-01726,Non-private (overfit),-1.666133243856263
HB-01727,Non-private (overfit),-0.8663405843143739
HB-01728,Non-private (overfit),0.06240653339524327
HB-01729,Non-private (overfit),-0.24984266998000837
HB-01730,Non-private (overfit),0.9164256539644859
HB-01731,Non-private (overfit),-0.07991357390787357
HB-01732,Non-private (overfit),0.24741948856832974
HB-01733,Non-private (overfit),0.04397265330089706
HB-01734,Non-private (overfit),-0.21883486682114173
HB-01736,Non-private (overfit),0.20735169475234683
HB-01737,Non-private (overfit),-0.14524016541417195
HB-01738,Non-private (overfit),3.2025625933508035
HB-01739,Non-private (overfit),1.0873803835682319
HB-01740,Non-private (overfit),0.3360923454242535
HB-01741,Non-private (overfit),0.31233279865140817
HB-01742,Non-private (overfit),-0.3410324842335215
HB-01744,Non-private (overfit),-5.248919213798855
HB-01745,Non-private (overfit),0.29203881652952324
HB-01746,Non-private (overfit),0.059594514952360234
HB-01747,Non-private (overfit),-9.430642307620136
HB-01748,Non-private (overfit),-0.12716541321358754
HB-01749,Non-private (overfit),0.4575460573380028
HB-01750,Non-private (overfit),-0.7226223913972554
HB-01751,Non-private (overfit),0.9116240702286089
HB-01752,Non-private (overfit),0.7708976587662999
HB-01753,Non-private (overfit),-0.0033166558856438932
HB-01754,Non-private (overfit),-0.28203558392946837
HB-01755,Non-private (overfit),0.1499769223598526
HB-01756,Non-private (overfit),0.3379483951259208
HB-01757,Non-private (overfit),-0.4436847586626136
HB-01759,Non-private (overfit),0.13316863277088498
HB-01760,Non-private (overfit),0.04685966110229933
HB-01761,Non-private (overfit),0.7309047651353069
HB-01762,Non-private (overfit),0.4197084165496515
HB-01763,Non-private (overfit),-0.8141608184182665
HB-01764,Non-private (overfit),0.028143892285583894
HB-01765,Non-private (overfit),0.42419263141993135
HB-01766,Non-private (overfit),0.3049440698816226
HB-01767,Non-private (overfit),0.6934816372317445
HB-01768,Non-private (overfit),0.8571318777229977
HB-01769,Non-private (overfit),0.1088204595446135
HB-01770,Non-private (overfit),0.02815575646417212
HB-01772,Non-private (overfit),-0.1471107120026337
HB-01774,Non-private (overfit),-0.10936118156379115
HB-01775,Non-private (overfit),-2.058744286580332
HB-01777,Non-private (overfit),0.22840659971447075
HB-01778,Non-private (overfit),0.3114329385854391
HB-01779,Non-private (overfit),0.3024582110080296
HB-01780,Non-private (overfit),0.47535950382357894
HB-01781,Non-private (overfit),0.2649943523683449
HB-01782,Non-private (overfit),0.22248278653706
HB-01783,Non-private (overfit),0.5368378149665216
HB-01784,Non-private (overfit),-0.18133197040159632
HB-01785,Non-private (overfit),-0.1361353234204139
HB-01787,Non-private (overfit),0.1766460377709005
HB-01788,Non-private (overfit),0.10347379440657467
HB-01789,Non-private (overfit),-0.8502689180392773
HB-01790,Non-private (overfit),0.4372362586064935
HB-01791,Non-private (overfit),-0.12289386581412454
HB-01792,Non-private (overfit),-0.4855134779125795
HB-01793,Non-private (overfit),-0.5346947280803098
HB-01794,Non-private (overfit),-0.4574456435167543
HB-01795,Non-private (overfit),0.8559276972064882
HB-01796,Non-private (overfit),0.19486126726722452
HB-01797,Non-private (overfit),0.1855497085154929
HB-01798,Non-private (overfit),0.09038621300113858
HB-01799,Non-private (overfit),0.6026844368468722
HB-01800,Non-private (overfit),0.13651457492819508
HB-01801,Non-private (overfit),-72.28378454588508
HB-01802,Non-private (overfit),0.08616235622968982
HB-01803,Non-private (overfit),-1.0550418066101894
HB-01806,Non-private (overfit),-0.06933026962865729
HB-01807,Non-private (overfit),0.2396065354882586
HB-01808,Non-private (overfit),-0.17080138167172887
HB-01810,Non-private (overfit),-0.39953077051578234
HB-01811,Non-private (overfit),0.5800105867352698
HB-01812,Non-private (overfit),-0.07203713513639065
HB-01813,Non-private (overfit),-1.0448940155343638
HB-01814,Non-private (overfit),0.6762204880255622
HB-01815,Non-private (overfit),-0.5255423312683444
HB-01817,Non-private (overfit),0.37769318355794246
HB-01818,Non-private (overfit),0.16806311637549654
HB-01819,Non-private (overfit),-2.6146210183338834
HB-01820,Non-private (overfit),-0.09666368434024475
HB-01821,Non-private (overfit),-0.729264447368271
HB-01822,Non-private (overfit),0.3918988571999036
HB-01823,Non-private (overfit),-0.2563881224645712
HB-01825,Non-private (overfit),0.19496825383063776
HB-01827,Non-private (overfit),0.7560296341564539
HB-01828,Non-private (overfit),-0.3847346867784909
HB-01829,Non-private (overfit),-0.40059579446218896
HB-01830,Non-private (overfit),0.523864314671433
HB-01831,Non-private (overfit),0.9825977156567339
HB-01832,Non-private (overfit),0.25131982670575304
HB-01833,Non-private (overfit),-0.580695612882874
HB-01834,Non-private (overfit),1.1303481616963607
HB-01835,Non-private (overfit),-0.441301141014558
HB-01836,Non-private (overfit),0.14247077266587627
HB-01837,Non-private (overfit),-0.7518641099455898
HB-01838,Non-private (overfit),1.4496131714912353
HB-01840,Non-private (overfit),-0.546156591916916
HB-01841,Non-private (overfit),0.5021523636742516
HB-01842,Non-private (overfit),0.6334406345031018
HB-01843,Non-private (overfit),0.5442295030080906
HB-01846,Non-private (overfit),-0.7488754284880932
HB-01847,Non-private (overfit),-0.7957752222040115
HB-01848,Non-private (overfit),1.1144578670134007
HB-01849,Non-private (overfit),-1.0669740505768481
HB-01850,Non-private (overfit),0.3751369484960616
HB-01851,Non-private (overfit),0.565508000183929
HB-01852,Non-private (overfit),-0.27542660731469615
HB-01853,Non-private (overfit),0.3450553321057388
HB-01854,Non-private (overfit),0.5401049009285158
HB-01856,Non-private (overfit),0.08680192113663932
HB-01857,Non-private (overfit),0.19354871985435573
HB-01859,Non-private (overfit),-0.6176073139859071
HB-01860,Non-private (overfit),0.08740857888301568
HB-01861,Non-private (overfit),0.43811784867505477
HB-01862,Non-private (overfit),0.005255702962318587
HB-01863,Non-private (overfit),0.7754932357072859
HB-01864,Non-private (overfit),0.2897760362370083
HB-01865,Non-private (overfit),-0.3925105514257231
HB-01866,Non-private (overfit),-0.12792854193359537
HB-01867,Non-private (overfit),0.08302866116173169
HB-01868,Non-private (overfit),0.05380133916676533
HB-01869,Non-private (overfit),0.5414756022362961
HB-01870,Non-private (overfit),-0.14090837353763275
HB-01871,Non-private (overfit),0.8132793254534416
HB-01872,Non-private (overfit),0.2507010096568294
HB-01873,Non-private (overfit),0.551818360936035
HB-01874,Non-private (overfit),1.2897374219188882
HB-01875,Non-private (overfit),0.7467672458741674
HB-01876,Non-private (overfit),1.5021102094767211
HB-01877,Non-private (overfit),-12.777875071254769
HB-01879,Non-private (overfit),0.3107189768569658
HB-01880,Non-private (overfit),-0.3957977889537436
HB-01881,Non-private (overfit),0.8068390709283775
HB-01882,Non-private (overfit),-0.4284527829284981
HB-01883,Non-private (overfit),0.58921454938234
HB-01884,Non-private (overfit),0.6171740764946683
HB-01885,Non-private (overfit),-0.06619268649346854
HB-01886,Non-private (overfit),-1.7679046366645348
HB-01887,Non-private (overfit),0.8917206748564976
HB-01889,Non-private (overfit),0.37745757971928096
HB-01890,Non-private (overfit),-0.14690244834200894
HB-01892,Non-private (overfit),0.24008183580946385
HB-01893,Non-private (overfit),-0.3678742766706986
HB-01894,Non-private (overfit),-3.3073870305143545
HB-01895,Non-private (overfit),-1.8531740654813653
HB-01896,Non-private (overfit),0.39499054259808775
HB-01898,Non-private (overfit),1.562149468491329
HB-01899,Non-private (overfit),0.5416797715437249
HB-01900,Non-private (overfit),-0.010981211384891942
HB-01901,Non-private (overfit),1.181209242693145
HB-01902,Non-private (overfit),-0.5454015183112495
HB-01903,Non-private (overfit),0.16428899460442858
HB-01906,Non-private (overfit),0.6036560323550436
HB-01907,Non-private (overfit),0.5589906574436059
HB-01908,Non-private (overfit),-0.12875955745171108
HB-01909,Non-private (overfit),-0.20840268100952408
HB-01910,Non-private (overfit),0.1862582927322245
HB-01911,Non-private (overfit),0.35421780480400666
HB-01912,Non-private (overfit),0.2322940095414716
HB-01913,Non-private (overfit),0.2419459304141678
HB-01914,Non-private (overfit),0.4304551795187963
HB-01915,Non-private (overfit),0.13158168819663274
HB-01916,Non-private (overfit),-0.2902871865517467
HB-01917,Non-private (overfit),-0.4237848687497672
HB-01918,Non-private (overfit),-0.10080439248737694
HB-01919,Non-private (overfit),-0.016765328507089006
HB-01920,Non-private (overfit),0.37954307864570924
HB-01921,Non-private (overfit),-0.9088357695611398
HB-01922,Non-private (overfit),-0.6528908884982625
HB-01923,Non-private (overfit),-0.12988382511074703
HB-01924,Non-private (overfit),-0.2000845556027001
HB-01925,Non-private (overfit),-0.8638990965745728
HB-01927,Non-private (overfit),-0.0327983026975347
HB-01928,Non-private (overfit),0.5475160143080486
HB-01929,Non-private (overfit),0.1253484823073583
HB-01930,Non-private (overfit),0.15382266141900613
HB-01931,Non-private (overfit),0.58983848629991
HB-01932,Non-private (overfit),-0.06083341872925985
HB-01933,Non-private (overfit),0.685198213548829
HB-01935,Non-private (overfit),-0.18278653522319122
HB-01936,Non-private (overfit),-0.14174024111636485
HB-01937,Non-private (overfit),0.3976109002951116
HB-01938,Non-private (overfit),-0.20994405128248006
HB-01939,Non-private (overfit),0.4647213980551774
HB-01940,Non-private (overfit),-0.16543573426583102
HB-01942,Non-private (overfit),-0.04563132535760761
HB-01943,Non-private (overfit),-0.23704997670867178
HB-01944,Non-private (overfit),-0.1041667685287111
HB-01945,Non-private (overfit),-0.5392414820364724
HB-01946,Non-private (overfit),0.1219120865012513
HB-01948,Non-private (overfit),0.678714225703131
HB-01949,Non-private (overfit),0.08627990249255779
HB-01950,Non-private (overfit),0.5780159541765846
HB-01952,Non-private (overfit),0.6890588287948944
HB-01953,Non-private (overfit),-0.20242782927486713
HB-01954,Non-private (overfit),-0.09445954658739453
HB-01955,Non-private (overfit),-0.2845134886680465
HB-01956,Non-private (overfit),0.3729564734939439
HB-01957,Non-private (overfit),-0.7236938025250419
HB-01959,Non-private (overfit),0.26724791851558993
HB-01960,Non-private (overfit),0.04274857049910752
HB-01961,Non-private (overfit),-0.6052056695615167
HB-01962,Non-private (overfit),-3.1411409973112083
HB-01963,Non-private (overfit),-0.8911901410666214
HB-01964,Non-private (overfit),-0.44337008365586184
HB-01965,Non-private (overfit),-2.405839699556827
HB-01966,Non-private (overfit),0.05779056917246095
HB-01967,Non-private (overfit),-0.28766326898642913
HB-01968,Non-private (overfit),0.08440068110952836
HB-01969,Non-private (overfit),-0.23366731675546637
HB-01970,Non-private (overfit),-0.5153821763441462
HB-01971,Non-private (overfit),-0.8375230976272876
HB-01972,Non-private (overfit),-0.5531923601262467
HB-01973,Non-private (overfit),-0.6990853448316061
HB-01974,Non-private (overfit),-0.12846875055039142
HB-01975,Non-private (overfit),-0.06759191449341828
HB-01976,Non-private (overfit),-0.029958629930582847
HB-01977,Non-private (overfit),-0.24943576867251194
HB-01978,Non-private (overfit),0.3995352755001158
HB-01979,Non-private (overfit),0.2311764447910678
HB-01980,Non-private (overfit),0.43137984921821726
HB-01981,Non-private (overfit),-0.3355944425665949
HB-01982,Non-private (overfit),-1.2551858495700796
HB-01984,Non-private (overfit),-0.252225589009746
HB-01986,Non-private (overfit),1.1365854062294307
HB-01987,Non-private (overfit),-0.262490919070703
HB-01988,Non-private (overfit),0.05317998784804834
HB-01989,Non-private (overfit),-0.24428622400204358
HB-01990,Non-private (overfit),-0.4146561763841067
HB-01991,Non-private (overfit),0.05080393383363646
HB-01992,Non-private (overfit),-1.5611522550754597
HB-01993,Non-private (overfit),-0.024754574892427605
HB-01994,Non-private (overfit),0.15928735191534882
HB-01995,Non-private (overfit),-0.5386213533010247
HB-01996,Non-private (overfit),0.2970813901041973
HB-01997,Non-private (overfit),0.6278558535773975
HB-01998,Non-private (overfit),-0.47327727693806376
HB-01999,Non-private (overfit),0.5047718053459407
HB-02001,Non-private (overfit),0.32500434397748323
HB-02002,Non-private (overfit),0.24103286142016933
HB-02003,Non-private (overfit),0.20451116488682675
HB-02004,Non-private (overfit),0.757013734601161
HB-02005,Non-private (overfit),0.11596093026879473
HB-02006,Non-private (overfit),-0.45072888497816255
HB-02007,Non-private (overfit),-0.05857155772451117
HB-02008,Non-private (overfit),0.6820713600408048
HB-02009,Non-private (overfit),-0.18128348026939267
HB-02010,Non-private (overfit),-2.0290409990621585
HB-02011,Non-private (overfit),-0.03979188590889993
HB-02012,Non-private (overfit),0.31813629285430256
HB-02013,Non-private (overfit),0.12418191575531123
HB-02014,Non-private (overfit),-0.09506271736203642
HB-02015,Non-private (overfit),0.6717795068389926
HB-02016,Non-private (overfit),-0.11767428308775796
HB-02017,Non-private (overfit),0.21479500562166276
HB-02018,Non-private (overfit),0.1521922379471008
HB-02019,Non-private (overfit),-0.20429581595380686
HB-02020,Non-private (overfit),-0.5534686425930015
HB-02021,Non-private (overfit),-0.27736106594024745
HB-02022,Non-private (overfit),-0.39129812282322773
HB-02023,Non-private (overfit),1.420561475301669
HB-02024,Non-private (overfit),-0.22626573133982553
HB-02027,Non-private (overfit),0.33287103430475484
HB-02028,Non-private (overfit),-0.7109905596030264
HB-02029,Non-private (overfit),-0.042100166487835544
HB-02030,Non-private (overfit),0.0008235821396265219
HB-02031,Non-private (overfit),-5.249920916921026
HB-02032,Non-private (overfit),0.3043367175898779
HB-02033,Non-private (overfit),-0.07523231230675309
HB-02034,Non-private (overfit),0.013818245816944241
HB-02036,Non-private (overfit),-0.8894892207750047
HB-02037,Non-private (overfit),-0.10422067017473924
HB-02038,Non-private (overfit),-0.10748684981030365
HB-02039,Non-private (overfit),0.4958255864901
HB-02040,Non-private (overfit),-0.4706269702910383
HB-02041,Non-private (overfit),0.20777293480837078
HB-02042,Non-private (overfit),-0.06260310764770671
HB-02043,Non-private (overfit),-0.411424196072639
HB-02044,Non-private (overfit),0.3183875907389391
HB-02045,Non-private (overfit),0.1264879287724623
HB-02046,Non-private (overfit),-1.3452004653007281
HB-02047,Non-private (overfit),-0.22667843633734508
HB-02048,Non-private (overfit),-0.4427964354153162
HB-02049,Non-private (overfit),-0.0853284838838364
HB-02050,Non-private (overfit),0.23499975110712468
HB-02051,Non-private (overfit),0.02552698273084575
HB-02052,Non-private (overfit),-1.3497490449049239
HB-02053,Non-private (overfit),0.0421237255566671
HB-02054,Non-private (overfit),-0.22776430802030956
HB-02055,Non-private (overfit),-0.5564029758619606
HB-02056,Non-private (overfit),0.3897636071072803
HB-02057,Non-private (overfit),-0.2975216338348172
HB-02058,Non-private (overfit),-0.9190880338815477
HB-02059,Non-private (overfit),-0.6395538420926818
HB-02060,Non-private (overfit),0.1886875826141714
HB-02061,Non-private (overfit),-0.03582961275580754
HB-02062,Non-private (overfit),0.9365507352454525
HB-02063,Non-private (overfit),-0.7147020517158085
HB-02064,Non-private (overfit),1.0305585553618204
HB-02065,Non-private (overfit),0.7722557074979584
HB-02066,Non-private (overfit),0.1668881246836913
HB-02067,Non-private (overfit),-0.2096199099123518
HB-02068,Non-private (overfit),0.26662947166696505
HB-02069,Non-private (overfit),0.47462186594885925
HB-02071,Non-private (overfit),-0.8597258226863571
HB-02072,Non-private (overfit),-1.4139783285498426
HB-02073,Non-private (overfit),0.19764529567433375
HB-02074,Non-private (overfit),-7.779183670192865
HB-02075,Non-private (overfit),0.13543708595524806
HB-02076,Non-private (overfit),0.5284449500955638
HB-02077,Non-private (overfit),-3.2619280568058553
HB-02078,Non-private (overfit),1.2488034808912802
HB-02079,Non-private (overfit),-0.13140194313743292
HB-02080,Non-private (overfit),-0.007121766920608952
HB-02082,Non-private (overfit),-0.4789912791815859
HB-02083,Non-private (overfit),-3.232222049468968
HB-02084,Non-private (overfit),-0.9811453562170542
HB-02086,Non-private (overfit),0.06627269985346174
HB-02087,Non-private (overfit),0.9780272915725741
HB-02088,Non-private (overfit),-2.415158157721105
HB-02089,Non-private (overfit),-0.08637363184485691
HB-02090,Non-private (overfit),2.339952086156382
HB-02091,Non-private (overfit),0.19966212343227796
HB-02093,Non-private (overfit),0.12391370541663504
HB-02094,Non-private (overfit),0.1811277997883738
HB-02095,Non-private (overfit),0.059567993181662615
HB-02096,Non-private (overfit),-0.34621396863530873
HB-02097,Non-private (overfit),0.3721453012061564
HB-02100,Non-private (overfit),-2.2468468616393995
HB-02101,Non-private (overfit),-0.544498433838613
HB-02102,Non-private (overfit),1.2487122812511626
HB-02103,Non-private (overfit),0.8239058549739477
HB-02104,Non-private (overfit),0.7164135680775141
HB-02105,Non-private (overfit),0.3443613204190076
HB-02106,Non-private (overfit),0.9160829429586029
HB-02107,Non-private (overfit),0.061755135197549826
HB-02108,Non-private (overfit),0.06397682541999927
HB-02109,Non-private (overfit),-0.3837640702735341
HB-02111,Non-private (overfit),-0.09772520241621563
HB-02112,Non-private (overfit),-0.21887928247229715
HB-02113,Non-private (overfit),1.0821279543704658
HB-02115,Non-private (overfit),-0.11500803333427378
HB-02116,Non-private (overfit),0.6654491299778418
HB-02117,Non-private (overfit),0.44305253566265845
HB-02118,Non-private (overfit),-1.7710685302017164
HB-02119,Non-private (overfit),-0.4295182656560481
HB-02122,Non-private (overfit),-0.26336250092262414
HB-02123,Non-private (overfit),-0.02377061410216541
HB-02124,Non-private (overfit),-0.6149542573984552
HB-02126,Non-private (overfit),0.2178368336621055
HB-02127,Non-private (overfit),2.1084548815823174
HB-02128,Non-private (overfit),-0.15824868810216142
HB-02129,Non-private (overfit),1.2923101267998196
HB-02130,Non-private (overfit),0.17981737272479625
HB-02131,Non-private (overfit),-2.778516385801251
HB-02132,Non-private (overfit),0.2643286048685811
HB-02133,Non-private (overfit),-0.43416253311753605
HB-02135,Non-private (overfit),0.2850893425888261
HB-02136,Non-private (overfit),0.40791456242441804
HB-02137,Non-private (overfit),-0.060446790234247594
HB-02138,Non-private (overfit),-0.6061555393278527
HB-02139,Non-private (overfit),-0.09807573144046178
HB-02141,Non-private (overfit),-0.3408900395076089
HB-02142,Non-private (overfit),0.3413658681934051
HB-02143,Non-private (overfit),0.6553369333768617
HB-02144,Non-private (overfit),0.05159409910317114
HB-02145,Non-private (overfit),-0.23619863363816118
HB-02146,Non-private (overfit),-0.8252465899492603
HB-02147,Non-private (overfit),0.3767552874582629
HB-02148,Non-private (overfit),0.46106676941897584
HB-02149,Non-private (overfit),0.2284724133207805
HB-02150,Non-private (overfit),0.11981051741937265
HB-02151,Non-private (overfit),0.0996343048556525
HB-02152,Non-private (overfit),0.33537161388242653
HB-02153,Non-private (overfit),-0.13643181610696686
HB-02154,Non-private (overfit),0.30310463011819433
HB-02155,Non-private (overfit),0.4964084458918323
HB-02156,Non-private (overfit),0.29600977812758056
HB-02157,Non-private (overfit),0.20889910310250404
HB-02158,Non-private (overfit),0.9694332315779545
HB-02159,Non-private (overfit),-0.6043063833380806
HB-02160,Non-private (overfit),-0.33681581664152294
HB-02161,Non-private (overfit),1.6516667941764234
HB-02162,Non-private (overfit),0.05060301106948084
HB-02163,Non-private (overfit),-2.3158299034624603
HB-02164,Non-private (overfit),-0.18116808213753588
HB-02165,Non-private (overfit),-2.429510846037748
HB-02166,Non-private (overfit),0.21006898606354218
HB-02167,Non-private (overfit),-0.47625335423714277
HB-02168,Non-private (overfit),0.0437492201943388
HB-02169,Non-private (overfit),-0.06173192122858051
HB-02170,Non-private (overfit),0.10092638541741428
HB-02172,Non-private (overfit),0.19348227994268097
HB-02173,Non-private (overfit),0.5841882818410726
HB-02174,Non-private (overfit),0.33911899026521297
HB-02175,Non-private (overfit),-0.4939500695988769
HB-02176,Non-private (overfit),0.5088382204274846
HB-02177,Non-private (overfit),0.9563789492186785
HB-02178,Non-private (overfit),0.09863277776043788
HB-02180,Non-private (overfit),-0.4110997788408546
HB-02181,Non-private (overfit),-0.06461500987347746
HB-02182,Non-private (overfit),0.1979529503743258
HB-02183,Non-private (overfit),-0.6735167279501513
HB-02185,Non-private (overfit),-0.04289673154872742
HB-02186,Non-private (overfit),0.09185383071650666
HB-02187,Non-private (overfit),-0.2901489755538207
HB-02188,Non-private (overfit),0.33920879213668054
HB-02189,Non-private (overfit),-1.9843829437280553
HB-02190,Non-private (overfit),-0.563440277228537
HB-02191,Non-private (overfit),-0.03606933161489656
HB-02192,Non-private (overfit),-0.41767354218470487
HB-02194,Non-private (overfit),0.8715371903026989
HB-02195,Non-private (overfit),-0.23122487819464377
HB-02196,Non-private (overfit),-0.23128904838656394
HB-02197,Non-private (overfit),0.29986212547485425
HB-02199,Non-private (overfit),0.18367610200866302
HB-02200,Non-private (overfit),-0.8922249805277318
HB-02201,Non-private (overfit),0.16689785453627004
HB-02202,Non-private (overfit),-0.04513935155879989
HB-02203,Non-private (overfit),0.2087434123577636
HB-02205,Non-private (overfit),0.7124286953824716
HB-02206,Non-private (overfit),-1.8628345796544084
HB-02207,Non-private (overfit),-0.5701080574177901
HB-02208,Non-private (overfit),0.252268747439911
HB-02210,Non-private (overfit),0.34964598964813787
HB-02211,Non-private (overfit),0.016081388732440693
HB-02212,Non-private (overfit),0.16313428622643467
HB-02213,Non-private (overfit),-0.28422798787373005
HB-02214,Non-private (overfit),0.8448347592106542
HB-02215,Non-private (overfit),-0.6264264288177337
HB-02216,Non-private (overfit),-0.1811960604145374
HB-02217,Non-private (overfit),-0.9680015738549219
HB-02218,Non-private (overfit),-1.342325773661891
HB-02219,Non-private (overfit),1.4697222723937093
HB-02220,Non-private (overfit),-0.8663194246008161
HB-02221,Non-private (overfit),-0.42034894445456894
HB-02223,Non-private (overfit),0.23861247078748749
HB-02224,Non-private (overfit),-0.13074684565987948
HB-02225,Non-private (overfit),-1.3739525091465414
HB-02226,Non-private (overfit),-0.15026584705972557
HB-02227,Non-private (overfit),0.3023830633907858
HB-02228,Non-private (overfit),0.828328153255137
HB-02229,Non-private (overfit),0.4783192620300727
HB-02230,Non-private (overfit),0.1888954865735788
HB-02231,Non-private (overfit),0.2712216082415164
HB-02232,Non-private (overfit),-0.0025483067904132906
HB-02233,Non-private (overfit),-0.05339984440666368
HB-02234,Non-private (overfit),1.823497039819947
HB-02236,Non-private (overfit),-5.927594063291124
HB-02237,Non-private (overfit),0.07336684112737712
HB-02238,Non-private (overfit),-0.010706035523510793
HB-02239,Non-private (overfit),-0.3196868702200517
HB-02240,Non-private (overfit),0.45614426197722624
HB-02241,Non-private (overfit),0.5129605385094691
HB-02242,Non-private (overfit),-0.19343398177497106
HB-02244,Non-private (overfit),-0.2155413293127021
HB-02245,Non-private (overfit),0.4583380440359197
HB-02246,Non-private (overfit),-0.5322359645219792
HB-02247,Non-private (overfit),2.2608086633978193
HB-02248,Non-private (overfit),-0.20276440725452627
HB-02249,Non-private (overfit),0.08715558657873657
HB-02250,Non-private (overfit),-0.5049691742104805
HB-02252,Non-private (overfit),-0.24500763509659795
HB-02253,Non-private (overfit),-0.49122848885054715
HB-02254,Non-private (overfit),0.027901287560929244
HB-02255,Non-private (overfit),0.5427775486563051
HB-02256,Non-private (overfit),0.03804140604965256
HB-02257,Non-private (overfit),-0.07138300078397464
HB-02258,Non-private (overfit),0.6203093468155014
HB-02259,Non-private (overfit),0.24686693506737223
HB-02260,Non-private (overfit),-0.6458857634979962
HB-02261,Non-private (overfit),-0.0558150285419996
HB-02262,Non-private (overfit),-0.14212780312413065
HB-02263,Non-private (overfit),0.8087287361117554
HB-02264,Non-private (overfit),-0.10944029906591957
HB-02265,Non-private (overfit),0.017965172931174722
HB-02266,Non-private (overfit),0.5874457953023193
HB-02267,Non-private (overfit),-0.6098265019343865
HB-02268,Non-private (overfit),-0.007698090826181003
HB-02269,Non-private (overfit),2.0801939786034556
HB-02270,Non-private (overfit),-0.19370825663161062
HB-02271,Non-private (overfit),0.5105962304507088
HB-02272,Non-private (overfit),-0.1542074055028433
HB-02274,Non-private (overfit),-0.036208461239217504
HB-02275,Non-private (overfit),-0.037778574876776716
HB-02276,Non-private (overfit),0.25004286057906433
HB-02280,Non-private (overfit),-0.35106266179797974
HB-02281,Non-private (overfit),-0.47915324528487147
HB-02282,Non-private (overfit),-1.1164148756078207
HB-02283,Non-private (overfit),0.054346569920521004
HB-02285,Non-private (overfit),-0.1451389580258
HB-02286,Non-private (overfit),-0.6395573079798079
HB-02287,Non-private (overfit),0.11421988106483594
HB-02288,Non-private (overfit),0.3205440319758206
HB-02289,Non-private (overfit),-1.5107413538590568
HB-02290,Non-private (overfit),0.08375152477805048
HB-02293,Non-private (overfit),0.4825064155826946
HB-02294,Non-private (overfit),0.4985695325848549
HB-02297,Non-private (overfit),-0.036726288459075995
HB-02298,Non-private (overfit),-0.479436897750068
HB-02299,Non-private (overfit),0.026856476387249972
HB-02300,Non-private (overfit),-0.8248090963972543
HB-02301,Non-private (overfit),2.078512125807081
HB-02302,Non-private (overfit),-1.1513326916856768
HB-02303,Non-private (overfit),0.1432636855912861
HB-02304,Non-private (overfit),-0.08793096945839007
HB-02305,Non-private (overfit),1.2734693663922825
HB-02306,Non-private (overfit),-0.4209241368675005
HB-02307,Non-private (overfit),0.028031250390363915
HB-02308,Non-private (overfit),-1.0451017972003793
HB-02309,Non-private (overfit),-0.07302930909368976
HB-02310,Non-private (overfit),0.14597743889469572
HB-02311,Non-private (overfit),0.15503681347371923
HB-02312,Non-private (overfit),0.45813952686745435
HB-02313,Non-private (overfit),0.5490011489189521
HB-02314,Non-private (overfit),0.14712907717842594
HB-02315,Non-private (overfit),0.514545730125523
HB-02316,Non-private (overfit),0.34571625395799477
HB-02317,Non-private (overfit),-0.35066386573556096
HB-02318,Non-private (overfit),0.6616019402214754
HB-02319,Non-private (overfit),0.3382628495792863
HB-02320,Non-private (overfit),0.10752405116954833
HB-02321,Non-private (overfit),-0.07563750496185473
HB-02322,Non-private (overfit),0.43221665552386046
HB-02324,Non-private (overfit),-7.948171312828714
HB-02325,Non-private (overfit),1.941890346729986
HB-02326,Non-private (overfit),-0.5390390044780957
HB-02327,Non-private (overfit),-0.4593797850407828
HB-02328,Non-private (overfit),-0.4327413145390775
HB-02329,Non-private (overfit),1.4722854402262198
HB-02330,Non-private (overfit),0.27727676332564144
HB-02331,Non-private (overfit),0.33882313715355084
HB-02332,Non-private (overfit),-0.15749951519441963
HB-02333,Non-private (overfit),0.6051857908009577
HB-02334,Non-private (overfit),-1.758607335709696
HB-02335,Non-private (overfit),0.4200239001113797
HB-02336,Non-private (overfit),-1.1172816712842635
HB-02337,Non-private (overfit),-0.5224288690653212
HB-02338,Non-private (overfit),-0.14516085605252305
HB-02339,Non-private (overfit),-0.1012284673445778
HB-02340,Non-private (overfit),0.06884774585944164
HB-02341,Non-private (overfit),-0.33700490870702726
HB-02343,Non-private (overfit),0.568040289501311
HB-02344,Non-private (overfit),-0.24970422463538533
HB-02345,Non-private (overfit),-0.2727942944226649
HB-02346,Non-private (overfit),-0.2744803874343087
HB-02347,Non-private (overfit),0.3077493764646846
HB-02349,Non-private (overfit),0.04554175109434144
HB-02350,Non-private (overfit),0.31862435881345963
HB-02351,Non-private (overfit),-1.3795402831147587
HB-02352,Non-private (overfit),-2.138728942562189
HB-02353,Non-private (overfit),-0.6289085722697672
HB-02354,Non-private (overfit),0.42971526266083226
HB-02355,Non-private (overfit),0.3455351498147483
HB-02356,Non-private (overfit),0.47169454122704135
HB-02357,Non-private (overfit),0.595135551084514
HB-02358,Non-private (overfit),0.4172068574443859
HB-02359,Non-private (overfit),0.27222157679261105
HB-02360,Non-private (overfit),-6.4208011276961905
HB-02361,Non-private (overfit),0.4520566236011825
HB-02362,Non-private (overfit),-5.339113168542058
HB-02363,Non-private (overfit),3.4839288361818146
HB-02364,Non-private (overfit),-0.17554951230976568
HB-02365,Non-private (overfit),-0.0138279445824383
HB-02366,Non-private (overfit),0.583197466116094
HB-02367,Non-private (overfit),0.01937376184121531
HB-02368,Non-private (overfit),-0.001513269443339571
HB-02369,Non-private (overfit),-0.04668238439571559
HB-02370,Non-private (overfit),-0.19489877407675094
HB-02372,Non-private (overfit),0.21310844838995635
HB-02373,Non-private (overfit),-0.1904183059513962
HB-02374,Non-private (overfit),1.1949236916925878
HB-02375,Non-private (overfit),0.11479655591568738
HB-02376,Non-private (overfit),2.732007290576372
HB-02377,Non-private (overfit),-0.1881318729081196
HB-02378,Non-private (overfit),-0.9033373513670617
HB-02379,Non-private (overfit),0.7752807041899947
HB-02380,Non-private (overfit),-0.31518640045578805
HB-02382,Non-private (overfit),0.3662709927607195
HB-02383,Non-private (overfit),1.5296845611258023
HB-02384,Non-private (overfit),0.10458530065496419
HB-02385,Non-private (overfit),-0.44951303703990764
HB-02386,Non-private (overfit),0.1161852190330177
HB-02387,Non-private (overfit),-0.32892989019752905
HB-02388,Non-private (overfit),0.08876100555818933
HB-02389,Non-private (overfit),0.047985119141003674
HB-02391,Non-private (overfit),-0.601472061752244
HB-02392,Non-private (overfit),0.23258102941878844
HB-02393,Non-private (overfit),0.09407412664076698
HB-02394,Non-private (overfit),0.10669092402948088
HB-02395,Non-private (overfit),-0.952693944450064
HB-02396,Non-private (overfit),-0.1383422974654227
HB-02397,Non-private (overfit),-0.1518232617398505
HB-02398,Non-private (overfit),0.18388799508881148
HB-02399,Non-private (overfit),-2.524833005738993
HB-02400,Non-private (overfit),-0.05892648271849943
HB-02401,Non-private (overfit),0.31667074685652175
HB-02403,Non-private (overfit),-0.4707035870740377
HB-02405,Non-private (overfit),-0.002686317381483505
HB-02406,Non-private (overfit),-0.0320491543228818
HB-02407,Non-private (overfit),-0.4180189591638088
HB-02408,Non-private (overfit),0.16659219110893964
HB-02410,Non-private (overfit),-0.3683843982817724
HB-02411,Non-private (overfit),0.41047573438723384
HB-02412,Non-private (overfit),0.20386984315200907
HB-02413,Non-private (overfit),0.0006502303793496367
HB-02414,Non-private (overfit),0.18926196370004011
HB-02415,Non-private (overfit),-7.036073096361885
HB-02416,Non-private (overfit),1.1017167281068538
HB-02417,Non-private (overfit),-0.8461397976624021
HB-02418,Non-private (overfit),0.5189791989002632
HB-02419,Non-private (overfit),0.5227985668798962
HB-02420,Non-private (overfit),0.1349093921863207
HB-02421,Non-private (overfit),0.2837348647095608
HB-02422,Non-private (overfit),0.14112453899034283
HB-02423,Non-private (overfit),-0.7095515348047663
HB-02424,Non-private (overfit),0.07855857002159605
HB-02425,Non-private (overfit),-0.6542267337711638
HB-02426,Non-private (overfit),0.07307568854723479
HB-02427,Non-private (overfit),-0.023507800755670383
HB-02428,Non-private (overfit),0.39360021089041597
HB-02429,Non-private (overfit),0.7076645963486382
HB-02430,Non-private (overfit),0.6283413665492708
HB-02431,Non-private (overfit),-0.408268807507264
HB-02432,Non-private (overfit),0.06515473368136337
HB-02433,Non-private (overfit),-0.048270942840545894
HB-02434,Non-private (overfit),-0.9822099472363128
HB-02435,Non-private (overfit),-0.32844074989711036
HB-02437,Non-private (overfit),0.15665901797923576
HB-02439,Non-private (overfit),0.48285259705943506
HB-02440,Non-private (overfit),0.7170917682847884
HB-02441,Non-private (overfit),0.5980444039773044
HB-02442,Non-private (overfit),-0.3778394894224917
HB-02444,Non-private (overfit),-1.2985896962681638
HB-02445,Non-private (overfit),0.5285044422787872
HB-02446,Non-private (overfit),0.15918897705830926
HB-02447,Non-private (overfit),0.23602789325948614
HB-02448,Non-private (overfit),-0.3966998775881463
HB-02449,Non-private (overfit),0.23580747672248514
HB-02451,Non-private (overfit),-0.09532999890445804
HB-02452,Non-private (overfit),0.5977042158453616
HB-02453,Non-private (overfit),0.7810448456594654
HB-02454,Non-private (overfit),0.2115504653703404
HB-02456,Non-private (overfit),-0.46518050996434734
HB-02457,Non-private (overfit),0.34315649236565227
HB-02458,Non-private (overfit),-0.1957476003305676
HB-02459,Non-private (overfit),0.5062140533874995
HB-02460,Non-private (overfit),1.0376181051979483
HB-02461,Non-private (overfit),-0.5105687275028739
HB-02462,Non-private (overfit),0.5186614988604141
HB-02463,Non-private (overfit),-0.9785811731282241
HB-02464,Non-private (overfit),-0.0050897746864457805
HB-02465,Non-private (overfit),0.004252826308898339
HB-02466,Non-private (overfit),-0.5689748963000277
HB-02467,Non-private (overfit),-0.5972040829211762
HB-02468,Non-private (overfit),0.6213819251894983
HB-02469,Non-private (overfit),0.6094310575506157
HB-02470,Non-private (overfit),1.7020125771730763
HB-02472,Non-private (overfit),-4.080809903045639
HB-02473,Non-private (overfit),22.8090179182421
HB-02474,Non-private (overfit),3.0016257154813197
HB-02475,Non-private (overfit),0.5712382230245003
HB-02476,Non-private (overfit),-0.3422530076857494
HB-02477,Non-private (overfit),0.4008496911409407
HB-02478,Non-private (overfit),0.1293711708592964
HB-02479,Non-private (overfit),0.35922100714914307
HB-02480,Non-private (overfit),-0.31117909606544536
HB-02481,Non-private (overfit),-0.9874416574438993
HB-02482,Non-private (overfit),-0.5408620088791647
HB-02483,Non-private (overfit),1.9674350432345475
HB-02484,Non-private (overfit),0.9167107496859137
HB-02486,Non-private (overfit),-0.3966178156079909
HB-02487,Non-private (overfit),-0.521001258830815
HB-02489,Non-private (overfit),0.18114669025054075
HB-02490,Non-private (overfit),0.6113556621057525
HB-02491,Non-private (overfit),-0.6198706531051543
HB-02492,Non-private (overfit),-0.3795695843613851
HB-02493,Non-private (overfit),-0.25356359571110587
HB-02494,Non-private (overfit),0.4789740975110126
HB-02495,Non-private (overfit),0.6374899692678759
HB-02496,Non-private (overfit),0.10674558483076169
HB-02497,Non-private (overfit),0.04233710742595065
HB-02498,Non-private (overfit),0.39090280310677605
HB-02499,Non-private (overfit),-0.2785433575686582
HB-02500,Non-private (overfit),-0.22511354094370595
HB-02501,Non-private (overfit),0.4379600099414429
HB-02502,Non-private (overfit),-0.15500337173771772
HB-02503,Non-private (overfit),-2.095087697228241
HB-02504,Non-private (overfit),0.03473231939881005
HB-02505,Non-private (overfit),-0.3864114357923807
HB-02506,Non-private (overfit),0.29128773186641554
HB-02507,Non-private (overfit),-1.2568754637587514
HB-02508,Non-private (overfit),0.0004656277453947144
HB-02511,Non-private (overfit),0.5049543618965486
HB-02512,Non-private (overfit),-0.21841708785602565
HB-02513,Non-private (overfit),0.03328015344247537
HB-02514,Non-private (overfit),0.2658450662628661
HB-02515,Non-private (overfit),-0.12072781473027017
HB-02516,Non-private (overfit),0.8989099383895002
HB-02519,Non-private (overfit),-1.2562875646540377
HB-02520,Non-private (overfit),0.1852878653140384
HB-02521,Non-private (overfit),-0.1206461994531065
HB-02522,Non-private (overfit),-0.6503087565715147
HB-02523,Non-private (overfit),0.0379717518402638
HB-02524,Non-private (overfit),0.5695159666848278
HB-02525,Non-private (overfit),-1.0930367553687195
HB-02526,Non-private (overfit),-1.2612237741033065
HB-02527,Non-private (overfit),-0.49192251092382167
HB-02528,Non-private (overfit),0.33437350831933976
HB-02529,Non-private (overfit),-0.35525364069998977
HB-02530,Non-private (overfit),-0.2082999692227634
HB-02531,Non-private (overfit),0.07137756376166626
HB-02532,Non-private (overfit),-0.13955754026145595
HB-02533,Non-private (overfit),-0.14807955613932222
HB-02534,Non-private (overfit),-0.21768139651743468
HB-02535,Non-private (overfit),0.4195054145261947
HB-02536,Non-private (overfit),0.8736395782359816
HB-02537,Non-private (overfit),0.1713830259735878
HB-02538,Non-private (overfit),-0.4067005104741268
HB-02539,Non-private (overfit),-1.7877488744368
HB-02540,Non-private (overfit),0.2488458480834015
HB-02541,Non-private (overfit),-1.135618420643823
HB-02542,Non-private (overfit),-0.3067991301133195
HB-02543,Non-private (overfit),-0.14136517757781664
HB-02544,Non-private (overfit),-1.0442435446662466
HB-02545,Non-private (overfit),-0.1850891372442549
HB-02546,Non-private (overfit),0.24009713717090642
HB-02547,Non-private (overfit),-0.37257682594641084
HB-02548,Non-private (overfit),0.20483566128367492
HB-02549,Non-private (overfit),-2.3296942232865407
HB-02550,Non-private (overfit),-0.03630734934134683
HB-02551,Non-private (overfit),0.3987395248959533
HB-02552,Non-private (overfit),0.12986183751798697
HB-02553,Non-private (overfit),0.48001649979281824
HB-02554,Non-private (overfit),0.029814245334718104
HB-02555,Non-private (overfit),-0.025268290521725856
HB-02556,Non-private (overfit),1.398717021701788
HB-02557,Non-private (overfit),-0.4059865284353572
HB-02558,Non-private (overfit),-0.25177872574685445
HB-02559,Non-private (overfit),0.5984460861740378
HB-02560,Non-private (overfit),0.5136641782529248
HB-02561,Non-private (overfit),0.1154804700027372
HB-02562,Non-private (overfit),1.2197129218320382
HB-02565,Non-private (overfit),0.5545361225737504
HB-02566,Non-private (overfit),-0.12920858717320582
HB-02567,Non-private (overfit),0.7472427368037717
HB-02568,Non-private (overfit),-0.5412720264477855
HB-02569,Non-private (overfit),-1.6840932244192297
HB-02570,Non-private (overfit),-0.4696780149970934
HB-02571,Non-private (overfit),-1.1727905902084168
HB-02572,Non-private (overfit),0.08680918070703347
HB-02573,Non-private (overfit),-0.1384626496226118
HB-02574,Non-private (overfit),1.2555494880460045
HB-02575,Non-private (overfit),0.3374994980382222
HB-02576,Non-private (overfit),0.4786697545354508
HB-02577,Non-private (overfit),-0.5331044020491449
HB-02578,Non-private (overfit),0.8062998184511783
HB-02580,Non-private (overfit),0.6132827984009751
HB-02581,Non-private (overfit),0.018193743052468347
HB-02582,Non-private (overfit),-0.12025037507436043
HB-02583,Non-private (overfit),0.3383989362365485
HB-02586,Non-private (overfit),0.40093898668260786
HB-02587,Non-private (overfit),0.8244037003274467
HB-02588,Non-private (overfit),-0.7634582338533642
HB-02590,Non-private (overfit),0.37735901397894434
HB-02591,Non-private (overfit),-2.222356961101831
HB-02592,Non-private (overfit),0.1815780942757368
HB-02593,Non-private (overfit),-0.8025469688077523
HB-02594,Non-private (overfit),-0.7153427614279422
HB-02595,Non-private (overfit),0.2621711107021423
HB-02596,Non-private (overfit),0.5699817806571597
HB-02597,Non-private (overfit),1.9158383517135036
HB-02598,Non-private (overfit),-0.7303032131157927
HB-02599,Non-private (overfit),-0.5112410573600195
HB-02600,Non-private (overfit),0.6576789787510627
HB-02601,Non-private (overfit),0.22830083987726435
HB-02602,Non-private (overfit),-0.16827719151210507
HB-02603,Non-private (overfit),0.031220559925704716
HB-02604,Non-private (overfit),0.10853760966823867
HB-02605,Non-private (overfit),-0.43319611164566596
HB-02606,Non-private (overfit),-0.18573246179116998
HB-02607,Non-private (overfit),0.2538280157692694
HB-02608,Non-private (overfit),0.033396354065477585
HB-02609,Non-private (overfit),0.344456840588812
HB-02610,Non-private (overfit),-1.9999456781636664
HB-02611,Non-private (overfit),-6.4724949874486075
HB-02614,Non-private (overfit),0.9685207732213106
HB-02615,Non-private (overfit),-0.5879704109836565
HB-02616,Non-private (overfit),0.11171255456357732
HB-02617,Non-private (overfit),-0.9009043350170021
HB-02618,Non-private (overfit),-0.15448683097418248
HB-02619,Non-private (overfit),0.22088000708537825
HB-02620,Non-private (overfit),0.0487702065311264
HB-02621,Non-private (overfit),0.05188077140538416
HB-02622,Non-private (overfit),1.797826672045116
HB-02623,Non-private (overfit),0.4403524873993383
HB-02624,Non-private (overfit),0.2660629099081766
HB-02626,Non-private (overfit),0.047585049403342516
HB-02627,Non-private (overfit),0.5292064404697905
HB-02628,Non-private (overfit),0.21043540774209357
HB-02629,Non-private (overfit),0.15035733431966714
HB-02630,Non-private (overfit),0.7420098822634797
HB-02631,Non-private (overfit),0.6453908274295936
HB-02632,Non-private (overfit),0.5485737072237937
HB-02633,Non-private (overfit),0.29195831385911675
HB-02634,Non-private (overfit),0.35652098749635175
HB-02635,Non-private (overfit),0.7882760035969848
HB-02636,Non-private (overfit),0.5781528749432903
HB-02637,Non-private (overfit),0.33631108462127646
HB-02638,Non-private (overfit),-1.5762463254210342
HB-02639,Non-private (overfit),0.20261355291443373
HB-02640,Non-private (overfit),0.008806528915488165
HB-02641,Non-private (overfit),0.1113395299214277
HB-02642,Non-private (overfit),-2.9487087624436032
HB-02643,Non-private (overfit),-0.372610749469547
HB-02644,Non-private (overfit),0.14241664660073017
HB-02645,Non-private (overfit),0.13149955976184546
HB-02646,Non-private (overfit),-0.22759021510175392
HB-02647,Non-private (overfit),0.11951638771585826
HB-02648,Non-private (overfit),0.7812190403485819
HB-02649,Non-private (overfit),-0.17127014119480144
HB-02650,Non-private (overfit),-1.543306103764105
HB-02651,Non-private (overfit),-0.5750738799776969
HB-02652,Non-private (overfit),0.08947001788958575
HB-02653,Non-private (overfit),4.106942171427228
HB-02654,Non-private (overfit),0.9098755286467368
HB-02655,Non-private (overfit),0.003237720945862277
HB-02656,Non-private (overfit),-0.1409445445750075
HB-02657,Non-private (overfit),-0.08999813120799649
HB-02658,Non-private (overfit),-0.09929950165186874
HB-02659,Non-private (overfit),-0.315907211778113
HB-02660,Non-private (overfit),-0.15047226922018453
HB-02661,Non-private (overfit),0.9586722009467574
HB-02662,Non-private (overfit),-0.28279515546067957
HB-02664,Non-private (overfit),-0.8341649013106192
HB-02665,Non-private (overfit),-1.295818083576464
HB-02667,Non-private (overfit),4.912499240847678
HB-02668,Non-private (overfit),0.3978571235284949
HB-02669,Non-private (overfit),-0.18691219656267855
HB-02670,Non-private (overfit),-0.03434824481431242
HB-02671,Non-private (overfit),0.7133705737193837
HB-02672,Non-private (overfit),-0.22860607029036073
HB-02673,Non-private (overfit),-0.1790048081450104
HB-02674,Non-private (overfit),0.28313824367000906
HB-02675,Non-private (overfit),0.44812069755646844
HB-02676,Non-private (overfit),0.18549302881106866
HB-02677,Non-private (overfit),0.9444456566736616
HB-02678,Non-private (overfit),0.30257343213884297
HB-02679,Non-private (overfit),-1.0332251269348978
HB-02680,Non-private (overfit),-0.6569848407826098
HB-02681,Non-private (overfit),-0.04910587225886154
HB-02682,Non-private (overfit),-53.51951071516204
HB-02683,Non-private (overfit),-0.3096417234777348
HB-02684,Non-private (overfit),-0.09542124002197572
HB-02685,Non-private (overfit),-0.5964078463107687
HB-02686,Non-private (overfit),0.8386011813432699
HB-02687,Non-private (overfit),-3.6949327637726883
HB-02688,Non-private (overfit),-1.14028142620709
HB-02689,Non-private (overfit),-0.7932608526298393
HB-02691,Non-private (overfit),-0.8099222219559141
HB-02692,Non-private (overfit),0.026553316569789542
HB-02693,Non-private (overfit),-0.0594321066785819
HB-02695,Non-private (overfit),-7.251398818402825
HB-02697,Non-private (overfit),-0.346672748096972
HB-02698,Non-private (overfit),1.2250545954830354
HB-02699,Non-private (overfit),0.9497291203916716
HB-02700,Non-private (overfit),-0.3939378059341889
HB-02701,Non-private (overfit),0.6605421997370673
HB-02702,Non-private (overfit),0.037190986489332944
HB-02703,Non-private (overfit),0.428614049156792
HB-02704,Non-private (overfit),0.13175070370122632
HB-02705,Non-private (overfit),0.183519608024314
HB-02706,Non-private (overfit),1.0904318462080185
HB-02707,Non-private (overfit),-0.8624190313802691
HB-02708,Non-private (overfit),-0.6658460094152185
HB-02709,Non-private (overfit),-0.42416692923948807
HB-02710,Non-private (overfit),-0.2891633830979481
HB-02711,Non-private (overfit),-0.4140584436220036
HB-02712,Non-private (overfit),0.26990978099495466
HB-02713,Non-private (overfit),-0.07869337736470072
HB-02714,Non-private (overfit),0.3654935434467801
HB-02715,Non-private (overfit),-0.19196161244250254
HB-02716,Non-private (overfit),0.5055740206774431
HB-02717,Non-private (overfit),0.6504184048890909
HB-02718,Non-private (overfit),0.7457592357924646
HB-02719,Non-private (overfit),-0.050341365938452176
HB-02720,Non-private (overfit),-0.09582981669291057
HB-02721,Non-private (overfit),-0.5455801828553603
HB-02722,Non-private (overfit),1.582502462085074
HB-02723,Non-private (overfit),0.8547689411595172
HB-02724,Non-private (overfit),0.05014139965602071
HB-02725,Non-private (overfit),0.06738644646275338
HB-02726,Non-private (overfit),-0.23026432738219316
HB-02727,Non-private (overfit),0.45793387450745393
HB-02728,Non-private (overfit),-0.025009374135400053
HB-02729,Non-private (overfit),0.7772039955646356
HB-02730,Non-private (overfit),0.08892717569490483
HB-02731,Non-private (overfit),-0.0758967776061088
HB-02732,Non-private (overfit),1.228320588221735
HB-02733,Non-private (overfit),0.2415545393176941
HB-02734,Non-private (overfit),0.7307480451901476
HB-02735,Non-private (overfit),1.2330604148108821
HB-02736,Non-private (overfit),0.9044379081321583
HB-02737,Non-private (overfit),0.4125601806326944
HB-02738,Non-private (overfit),-0.5865763444272185
HB-02740,Non-private (overfit),-0.10392055198119032
HB-02742,Non-private (overfit),-0.24816623479628674
HB-02743,Non-private (overfit),0.6129182927695793
HB-02744,Non-private (overfit),-0.47950018540143746
HB-02745,Non-private (overfit),-1.0549443022655707
HB-02746,Non-private (overfit),-0.4171968322098687
HB-02747,Non-private (overfit),0.1632328440716564
HB-02748,Non-private (overfit),-0.46959156434592786
HB-02749,Non-private (overfit),-0.023356756911845356
HB-02750,Non-private (overfit),0.40151207596440974
HB-02751,Non-private (overfit),0.023052267668554505
HB-02752,Non-private (overfit),0.32012884836657207
HB-02753,Non-private (overfit),0.2170649994588847
HB-02754,Non-private (overfit),-0.40045435028475496
HB-02755,Non-private (overfit),-0.5770867181641763
HB-02756,Non-private (overfit),0.0771881166842876
HB-02757,Non-private (overfit),-0.19452917050299368
HB-02758,Non-private (overfit),1.865999104330477
HB-02759,Non-private (overfit),1.180609736240288
HB-02760,Non-private (overfit),0.14976655440614528
HB-02761,Non-private (overfit),-2.355006688522825
HB-02762,Non-private (overfit),0.7027602942036657
HB-02763,Non-private (overfit),-0.838318115148817
HB-02764,Non-private (overfit),2.143315879347111
HB-02765,Non-private (overfit),-0.1687538524653902
HB-02766,Non-private (overfit),0.13679769118133667
HB-02767,Non-private (overfit),1.439310052932779
HB-02768,Non-private (overfit),-0.918942576757614
HB-02769,Non-private (overfit),0.15322223729816598
HB-02770,Non-private (overfit),-0.5818757510319517
HB-02772,Non-private (overfit),-0.8263990975322306
HB-02773,Non-private (overfit),-24.19525571653255
HB-02774,Non-private (overfit),0.27326169132170564
HB-02775,Non-private (overfit),-0.8518172971044289
HB-02776,Non-private (overfit),0.11439082229692588
HB-02777,Non-private (overfit),-0.42436908094078274
HB-02778,Non-private (overfit),0.9035227493911226
HB-02779,Non-private (overfit),1.1933985125177236
HB-02780,Non-private (overfit),0.534446495864229
HB-02781,Non-private (overfit),0.8086329442816078
HB-02782,Non-private (overfit),-0.7959896183268884
HB-02783,Non-private (overfit),0.0006059437481686913
HB-02784,Non-private (overfit),0.45560251090952475
HB-02785,Non-private (overfit),2.747049834294248
HB-02786,Non-private (overfit),0.17032516273665443
HB-02787,Non-private (overfit),-0.08231702446156897
HB-02788,Non-private (overfit),0.6093777456921957
HB-02789,Non-private (overfit),-0.052558544823055
HB-02791,Non-private (overfit),-0.6616135674335464
HB-02792,Non-private (overfit),-0.40984199296236123
HB-02793,Non-private (overfit),0.12350598433151738
HB-02794,Non-private (overfit),-0.5619188907890762
HB-02795,Non-private (overfit),-0.7359485034056714
HB-02796,Non-private (overfit),0.2753253451384785
HB-02797,Non-private (overfit),0.37938526583971893
HB-02798,Non-private (overfit),0.12764315146527583
HB-02799,Non-private (overfit),0.28957992554622447
HB-02800,Non-private (overfit),-0.05364690665326233
HB-02801,Non-private (overfit),0.14672156783750512
HB-02802,Non-private (overfit),-0.6079595077363389
HB-02803,Non-private (overfit),0.00929057474048911
HB-02804,Non-private (overfit),0.9806073338114922
HB-02805,Non-private (overfit),-1.115605415463432
HB-02806,Non-private (overfit),-0.062055832924829746
HB-02807,Non-private (overfit),-0.7481773909464293
HB-02808,Non-private (overfit),-0.21770273066638435
HB-02809,Non-private (overfit),-0.0037544207836075483
HB-02810,Non-private (overfit),0.0564935709528428
HB-02811,Non-private (overfit),-0.44456753160863316
HB-02812,Non-private (overfit),0.5477359471676606
HB-02813,Non-private (overfit),-0.24847022646435146
HB-02814,Non-private (overfit),-0.4581636881047748
HB-02817,Non-private (overfit),1.5007233411822394
HB-02818,Non-private (overfit),0.02835345992706584
HB-02819,Non-private (overfit),0.119600774088916
HB-02820,Non-private (overfit),2.0143304868683343
HB-02823,Non-private (overfit),0.10029439941031715
HB-02824,Non-private (overfit),1.1602773292877915
HB-02825,Non-private (overfit),0.44335601111009293
HB-02826,Non-private (overfit),0.4832233350564583
HB-02827,Non-private (overfit),-0.10059075233755177
HB-02829,Non-private (overfit),-0.2961797385137461
HB-02830,Non-private (overfit),0.15901466570732847
HB-02831,Non-private (overfit),1.4406905093568667
HB-02832,Non-private (overfit),-0.08077634122121691
HB-02833,Non-private (overfit),-0.04913012486101498
HB-02834,Non-private (overfit),0.12189079164272898
HB-02836,Non-private (overfit),0.002492784229724654
HB-02837,Non-private (overfit),-0.1983695657496063
HB-02838,Non-private (overfit),0.21113829009486995
HB-02839,Non-private (overfit),0.772372134651716
HB-02840,Non-private (overfit),-0.9442915506017115
HB-02842,Non-private (overfit),0.5795314295500636
HB-02843,Non-private (overfit),-0.6170189796255157
HB-02844,Non-private (overfit),-0.09939012124710689
HB-02846,Non-private (overfit),-0.4303771684021651
HB-02847,Non-private (overfit),0.6417712857326943
HB-02849,Non-private (overfit),0.342894394146824
HB-02850,Non-private (overfit),0.4387686272712774
HB-02851,Non-private (overfit),0.13154490538206132
HB-02852,Non-private (overfit),-0.8479300112121078
HB-02853,Non-private (overfit),-0.014507069056082011
HB-02854,Non-private (overfit),2.890948927765312
HB-02855,Non-private (overfit),1.2858058805426618
HB-02856,Non-private (overfit),0.2947104018743919
HB-02857,Non-private (overfit),0.1844769966651083
HB-02858,Non-private (overfit),0.4186126831132406
HB-02859,Non-private (overfit),-0.9552130844895874
HB-02860,Non-private (overfit),-0.2484693688058397
HB-02861,Non-private (overfit),-0.619061303955917
HB-02862,Non-private (overfit),-1.3394576457545417
HB-02863,Non-private (overfit),-0.18503418676921513
HB-02864,Non-private (overfit),0.4323448236922527
HB-02865,Non-private (overfit),0.599950375985493
HB-02866,Non-private (overfit),0.47505887550319326
HB-02867,Non-private (overfit),-0.06491540989748645
HB-02868,Non-private (overfit),0.5586126432199721
HB-02869,Non-private (overfit),0.3369416068421237
HB-02870,Non-private (overfit),0.5004900629469407
HB-02871,Non-private (overfit),0.18320203229991072
HB-02872,Non-private (overfit),-0.0009016564975725672
HB-02873,Non-private (overfit),-0.2089381884850101
HB-02874,Non-private (overfit),-0.8215494645078376
HB-02875,Non-private (overfit),-0.5980044768787973
HB-02876,Non-private (overfit),-0.7681420941223962
HB-02877,Non-private (overfit),-0.980877436671991
HB-02879,Non-private (overfit),-0.24770162259599227
HB-02880,Non-private (overfit),0.5261623189471032
HB-02881,Non-private (overfit),1.2317369152020459
HB-02882,Non-private (overfit),-0.2979368397719331
HB-02883,Non-private (overfit),0.21402832209216727
HB-02884,Non-private (overfit),-0.6760226130147498
HB-02885,Non-private (overfit),0.5080894233696202
HB-02887,Non-private (overfit),0.10568004433678979
HB-02888,Non-private (overfit),0.327709187094559
HB-02889,Non-private (overfit),0.9472255049723795
HB-02890,Non-private (overfit),0.4066817628813011
HB-02891,Non-private (overfit),0.3743627601771662
HB-02892,Non-private (overfit),-0.292244651858921
HB-02893,Non-private (overfit),0.4107342710102577
HB-02894,Non-private (overfit),-0.16167343259740874
HB-02895,Non-private (overfit),0.8118399921058435
HB-02899,Non-private (overfit),0.3909376076968778
HB-02900,Non-private (overfit),1.4015125706026965
HB-02901,Non-private (overfit),-0.24424455856779925
HB-02902,Non-private (overfit),0.2031370227741276
HB-02904,Non-private (overfit),-0.42874984687965756
HB-02905,Non-private (overfit),0.4224928519296043
HB-02906,Non-private (overfit),0.060414045530918004
HB-02907,Non-private (overfit),-0.22063585082750592
HB-02908,Non-private (overfit),0.4769238234966202
HB-02909,Non-private (overfit),-0.07489224787723314
HB-02910,Non-private (overfit),-0.4780058860396552
HB-02911,Non-private (overfit),-0.5132193800785676
HB-02912,Non-private (overfit),0.9703313892377039
HB-02913,Non-private (overfit),0.18611997837923844
HB-02914,Non-private (overfit),1.1053748353998558
HB-02915,Non-private (overfit),0.06814552617763048
HB-02916,Non-private (overfit),-0.7101542495034918
HB-02917,Non-private (overfit),0.22398776781556173
HB-02918,Non-private (overfit),0.9318119493519492
HB-02920,Non-private (overfit),-0.1983295438842243
HB-02922,Non-private (overfit),-0.7581577544114841
HB-02923,Non-private (overfit),-4.510911900973749
HB-02924,Non-private (overfit),-5.022780121551117
HB-02925,Non-private (overfit),0.9062835381569063
HB-02926,Non-private (overfit),-0.09861210600507331
HB-02927,Non-private (overfit),-0.46590261967543123
HB-02928,Non-private (overfit),-0.7594090533447839
HB-02929,Non-private (overfit),-0.1137278463526259
HB-02930,Non-private (overfit),0.17609595782397203
HB-02931,Non-private (overfit),-0.8119501724007236
HB-02932,Non-private (overfit),0.10207270204345775
HB-02933,Non-private (overfit),0.1633051848282694
HB-02934,Non-private (overfit),-0.40325045894017353
HB-02935,Non-private (overfit),-2.5478815357177216
HB-02937,Non-private (overfit),-0.20690765917568288
HB-02938,Non-private (overfit),-0.6359228346699728
HB-02939,Non-private (overfit),-42.20313598304697
HB-02940,Non-private (overfit),0.6608711748727631
HB-02941,Non-private (overfit),1.0427530593265546
HB-02942,Non-private (overfit),0.3060237757015727
HB-02943,Non-private (overfit),0.7802901571048901
HB-02944,Non-private (overfit),-0.25287419619655804
HB-02945,Non-private (overfit),0.3327550889099573
HB-02946,Non-private (overfit),0.28905424322655926
HB-02947,Non-private (overfit),0.40236952225005834
HB-02949,Non-private (overfit),0.5577803696541758
HB-02950,Non-private (overfit),0.6337861595610589
HB-02951,Non-private (overfit),0.107241068514492
HB-02952,Non-private (overfit),-0.1313245632630884
HB-02953,Non-private (overfit),-1.73872094174809
HB-02954,Non-private (overfit),0.038456173740353705
HB-02955,Non-private (overfit),0.28369363857274377
HB-02956,Non-private (overfit),-0.25507283455066654
HB-02957,Non-private (overfit),0.22041684936948092
HB-02958,Non-private (overfit),-0.4442836588754615
HB-02959,Non-private (overfit),2.1066871810760883
HB-02960,Non-private (overfit),-0.21077140688846407
HB-02961,Non-private (overfit),0.44750228609018294
HB-02962,Non-private (overfit),-0.5683798816185893
HB-02963,Non-private (overfit),-0.3577276443374552
HB-02964,Non-private (overfit),-0.7825115222276033
HB-02965,Non-private (overfit),0.2858308552069815
HB-02966,Non-private (overfit),0.7977519408750369
HB-02967,Non-private (overfit),0.04471681913952086
HB-02968,Non-private (overfit),-0.4555693518980737
HB-02969,Non-private (overfit),0.5210994259030026
HB-02970,Non-private (overfit),0.18413831946709225
HB-02971,Non-private (overfit),0.3777286065287031
HB-02972,Non-private (overfit),-0.8567551387039494
HB-02973,Non-private (overfit),-0.807343027012623
HB-02974,Non-private (overfit),-0.5595370099420665
HB-02975,Non-private (overfit),-0.32763450695517804
HB-02976,Non-private (overfit),2.149409475386875
HB-02977,Non-private (overfit),-0.03129009304296648
HB-02978,Non-private (overfit),0.4359594640282445
HB-02979,Non-private (overfit),-1.233036725710968
HB-02980,Non-private (overfit),-0.9021330102946983
HB-02981,Non-private (overfit),0.05962205939068732
HB-02982,Non-private (overfit),-0.1071963493310335
HB-02983,Non-private (overfit),0.19899199486742225
HB-02984,Non-private (overfit),-0.3525863876099504
HB-02985,Non-private (overfit),-0.06903471692113272
HB-02986,Non-private (overfit),0.34945981971667983
HB-02987,Non-private (overfit),0.61180207851534
HB-02988,Non-private (overfit),0.06751378256111717
HB-02990,Non-private (overfit),0.4476859054961022
HB-02991,Non-private (overfit),-0.15262107111392686
HB-02992,Non-private (overfit),-1.5382998071040637
HB-02993,Non-private (overfit),0.19915423784773978
HB-02994,Non-private (overfit),-0.09096874921697773
HB-02995,Non-private (overfit),-0.5805454420098644
HB-02996,Non-private (overfit),0.18363387913846108
HB-02997,Non-private (overfit),0.8345035719416848
HB-02998,Non-private (overfit),-0.6687411618848564
HB-02999,Non-private (overfit),-2.7293968596312013
HB-03000,Non-private (overfit),0.9301999884996071
HA-00001,Non-private (tuned),-0.02525078681117343
HA-00002,Non-private (tuned),-0.07852402435598466
HA-00003,Non-private (tuned),-0.2451097393900018
HA-00004,Non-private (tuned),0.025378286763143798
HA-00006,Non-private (tuned),0.22619650503710684
HA-00007,Non-private (tuned),-0.09109569724907401
HA-00008,Non-private (tuned),0.39554051899618403
HA-00009,Non-private (tuned),0.3916819573800917
HA-00010,Non-private (tuned),0.499534852399996
HA-00011,Non-private (tuned),-0.09237729667799932
HA-00012,Non-private (tuned),-0.23232926597482484
HA-00013,Non-private (tuned),0.5641114962977472
HA-00015,Non-private (tuned),0.08833850556971717
HA-00016,Non-private (tuned),0.3451994491345918
HA-00017,Non-private (tuned),0.10343458728778532
HA-00018,Non-private (tuned),0.139006960684547
HA-00019,Non-private (tuned),0.15493406213890032
HA-00020,Non-private (tuned),-0.2111002336305467
HA-00021,Non-private (tuned),-0.03786336211464447
HA-00022,Non-private (tuned),-0.4555023127686827
HA-00023,Non-private (tuned),0.36297307951694846
HA-00024,Non-private (tuned),0.27029722784376636
HA-00026,Non-private (tuned),2.366154232796189
HA-00027,Non-private (tuned),-0.9660262000529416
HA-00028,Non-private (tuned),-0.2244248810560902
HA-00029,Non-private (tuned),-0.1067329692857395
HA-00030,Non-private (tuned),0.006736746526061044
HA-00031,Non-private (tuned),0.20197467147420178
HA-00032,Non-private (tuned),0.09609498606087152
HA-00033,Non-private (tuned),-0.3069643858223531
HA-00034,Non-private (tuned),0.1899675836712933
HA-00035,Non-private (tuned),-1.0270482336074283
HA-00036,Non-private (tuned),-0.05434074810085715
HA-00039,Non-private (tuned),0.17226000233059585
HA-00040,Non-private (tuned),-0.15426025937174154
HA-00041,Non-private (tuned),-0.41943788024412365
HA-00042,Non-private (tuned),-0.257179828179208
HA-00043,Non-private (tuned),0.2298048120990393
HA-00044,Non-private (tuned),-0.032788836327245774
HA-00045,Non-private (tuned),0.5558632353851949
HA-00046,Non-private (tuned),-0.00804442657676746
HA-00047,Non-private (tuned),-0.2890826786749989
HA-00048,Non-private (tuned),0.07567481089193406
HA-00049,Non-private (tuned),0.04578599056809024
HA-00050,Non-private (tuned),0.05754788530100419
HA-00051,Non-private (tuned),0.10053158967251241
HA-00052,Non-private (tuned),-0.19982956022389498
HA-00053,Non-private (tuned),-0.24448417827866542
HA-00054,Non-private (tuned),0.8193889236827454
HA-00055,Non-private (tuned),-0.20386738222502981
HA-00056,Non-private (tuned),-0.17516499301034216
HA-00058,Non-private (tuned),-0.6876542763180002
HA-00059,Non-private (tuned),-0.2801337367274739
HA-00060,Non-private (tuned),0.30641291586420555
HA-00061,Non-private (tuned),-0.14565800827835063
HA-00062,Non-private (tuned),0.03733167468570109
HA-00063,Non-private (tuned),-0.26476877608338956
HA-00064,Non-private (tuned),0.09819899517220443
HA-00065,Non-private (tuned),0.325684814223901
HA-00066,Non-private (tuned),0.2153970895826588
HA-00068,Non-private (tuned),0.23830305066168422
HA-00069,Non-private (tuned),0.6634971491240781
HA-00070,Non-private (tuned),-0.12796744155445788
HA-00071,Non-private (tuned),0.021027038385298624
HA-00072,Non-private (tuned),-0.40179953042748406
HA-00073,Non-private (tuned),-0.5233444809977199
HA-00074,Non-private (tuned),0.46336509449051255
HA-00075,Non-private (tuned),-0.7255245440297543
HA-00076,Non-private (tuned),-0.6408537879562892
HA-00078,Non-private (tuned),0.46470324080301956
HA-00079,Non-private (tuned),-0.5116402293493083
HA-00080,Non-private (tuned),-0.23571521243234872
HA-00081,Non-private (tuned),0.09185732564598337
HA-00082,Non-private (tuned),0.21432590521668027
HA-00084,Non-private (tuned),-0.2920895799041518
HA-00085,Non-private (tuned),-1.048463544301907
HA-00086,Non-private (tuned),0.06435019374465867
HA-00087,Non-private (tuned),-0.13200827270756593
HA-00088,Non-private (tuned),0.08434957492332928
HA-00089,Non-private (tuned),0.04888557368543739
HA-00090,Non-private (tuned),0.3868149864247079
HA-00091,Non-private (tuned),0.5751955083372573
HA-00093,Non-private (tuned),0.05793663301559432
HA-00094,Non-private (tuned),0.1841081326488167
HA-00095,Non-private (tuned),-0.231875896069606
HA-00096,Non-private (tuned),0.16791356312675565
HA-00097,Non-private (tuned),-0.3073480903704494
HA-00098,Non-private (tuned),-0.10419474082845498
HA-00099,Non-private (tuned),-0.21788128688348085
HA-00100,Non-private (tuned),-0.20342748581971892
HA-00102,Non-private (tuned),-0.1973028934996819
HA-00103,Non-private (tuned),1.3654261118457445
HA-00104,Non-private (tuned),-0.043264238589947324
HA-00105,Non-private (tuned),-0.01796104310250135
HA-00106,Non-private (tuned),-0.3800216015912862
HA-00107,Non-private (tuned),0.59834507562166
HA-00108,Non-private (tuned),0.1549985765513625
HA-00109,Non-private (tuned),-0.9591930672076658
HA-00110,Non-private (tuned),-0.28225326705717374
HA-00111,Non-private (tuned),-0.2802343449910235
HA-00112,Non-private (tuned),0.04643323438416358
HA-00114,Non-private (tuned),0.3701394893530717
HA-00115,Non-private (tuned),-0.603635404056251
HA-00116,Non-private (tuned),-0.2394605226416857
HA-00117,Non-private (tuned),0.05080171321530405
HA-00118,Non-private (tuned),-0.2614057128545169
HA-00119,Non-private (tuned),0.22892639476403295
HA-00120,Non-private (tuned),-0.24561841773756982
HA-00122,Non-private (tuned),0.4341965521193792
HA-00123,Non-private (tuned),-0.14261926922698964
HA-00125,Non-private (tuned),-0.3936834562359655
HA-00126,Non-private (tuned),-0.5457184213300426
HA-00127,Non-private (tuned),0.7675347122952623
HA-00128,Non-private (tuned),-0.35913901513793356
HA-00129,Non-private (tuned),-0.9600020494050827
HA-00130,Non-private (tuned),0.8583555148734225
HA-00131,Non-private (tuned),-0.47123932272473645
HA-00132,Non-private (tuned),0.198956154755963
HA-00133,Non-private (tuned),0.838716010298325
HA-00135,Non-private (tuned),0.16242936058907365
HA-00137,Non-private (tuned),-0.18657686116262118
HA-00138,Non-private (tuned),0.1550939862752863
HA-00139,Non-private (tuned),0.5373140645512584
HA-00140,Non-private (tuned),-0.266808264141457
HA-00141,Non-private (tuned),0.6449127371851663
HA-00142,Non-private (tuned),0.5410504623254809
HA-00143,Non-private (tuned),0.0922054724292759
HA-00144,Non-private (tuned),0.2198109324192683
HA-00145,Non-private (tuned),0.18127755079917124
HA-00146,Non-private (tuned),0.14843707695319136
HA-00147,Non-private (tuned),-0.3964000396519649
HA-00148,Non-private (tuned),0.9505324556198039
HA-00150,Non-private (tuned),-0.07237513590304584
HA-00151,Non-private (tuned),-0.3815012240783759
HA-00152,Non-private (tuned),0.34478631318794034
HA-00153,Non-private (tuned),0.0853236856263363
HA-00154,Non-private (tuned),0.19824443630793276
HA-00155,Non-private (tuned),-0.13191940914227857
HA-00156,Non-private (tuned),-0.20731012736625468
HA-00157,Non-private (tuned),0.0878923828700558
HA-00158,Non-private (tuned),-0.014867153343179396
HA-00159,Non-private (tuned),-0.09341213142571014
HA-00160,Non-private (tuned),-0.2806355736825471
HA-00161,Non-private (tuned),-0.40229669861523853
HA-00162,Non-private (tuned),0.02783025068805864
HA-00163,Non-private (tuned),-0.6833821412341701
HA-00164,Non-private (tuned),0.5057263891999839
HA-00165,Non-private (tuned),-0.4954432035830424
HA-00166,Non-private (tuned),-0.026888524329470198
HA-00167,Non-private (tuned),-0.42228286972949924
HA-00168,Non-private (tuned),-0.18646258278984024
HA-00169,Non-private (tuned),-0.08202061047897369
HA-00170,Non-private (tuned),-0.21278195256989685
HA-00171,Non-private (tuned),-0.3144399229522271
HA-00172,Non-private (tuned),-0.2541594429905403
HA-00173,Non-private (tuned),0.3098532129332887
HA-00174,Non-private (tuned),0.1282881351369432
HA-00175,Non-private (tuned),-0.4184252837318631
HA-00176,Non-private (tuned),0.06878152935103798
HA-00177,Non-private (tuned),-0.35506105088123163
HA-00178,Non-private (tuned),-0.3193890040700596
HA-00179,Non-private (tuned),-0.03718262238091258
HA-00180,Non-private (tuned),-0.18475332505101694
HA-00181,Non-private (tuned),0.055267352068609166
HA-00182,Non-private (tuned),0.0579003675840577
HA-00183,Non-private (tuned),0.15922979950252725
HA-00186,Non-private (tuned),-0.20497885869761628
HA-00187,Non-private (tuned),-0.26463344027224645
HA-00188,Non-private (tuned),0.35188897306180833
HA-00189,Non-private (tuned),0.6267990022757393
HA-00190,Non-private (tuned),-0.11222095394679699
HA-00191,Non-private (tuned),-0.16145521438552574
HA-00192,Non-private (tuned),0.39464405740500824
HA-00193,Non-private (tuned),0.2023795514765543
HA-00194,Non-private (tuned),-0.4202544139644127
HA-00195,Non-private (tuned),-0.3113855679567598
HA-00196,Non-private (tuned),0.2555250443726593
HA-00197,Non-private (tuned),0.1309688576678748
HA-00198,Non-private (tuned),0.4139465769939087
HA-00199,Non-private (tuned),0.1598602894393224
HA-00200,Non-private (tuned),-0.22766326912291374
HA-00201,Non-private (tuned),-0.3979553955737435
HA-00202,Non-private (tuned),9.894644511143635e-05
HA-00203,Non-private (tuned),0.1845786872152236
HA-00204,Non-private (tuned),-0.16833570838620004
HA-00206,Non-private (tuned),-0.23402701315190483
HA-00207,Non-private (tuned),-0.0076988414755493895
HA-00208,Non-private (tuned),0.01625335830057595
HA-00210,Non-private (tuned),0.10419992337765405
HA-00212,Non-private (tuned),-0.22948702480825334
HA-00213,Non-private (tuned),-0.06281332235030096
HA-00214,Non-private (tuned),-0.4532134454582001
HA-00215,Non-private (tuned),-0.11314965907865182
HA-00216,Non-private (tuned),-0.8546752041410393
HA-00217,Non-private (tuned),-0.27281206701241456
HA-00219,Non-private (tuned),-0.15128748667780934
HA-00220,Non-private (tuned),-0.041718472164155196
HA-00221,Non-private (tuned),0.256751729893294
HA-00222,Non-private (tuned),0.7217580807956154
HA-00223,Non-private (tuned),0.2321236924905543
HA-00224,Non-private (tuned),-0.04858323883745985
HA-00226,Non-private (tuned),0.1544515896115679
HA-00227,Non-private (tuned),0.31889503161043253
HA-00228,Non-private (tuned),0.15658524793771939
HA-00229,Non-private (tuned),0.4134324671241238
HA-00230,Non-private (tuned),-0.2765346063907181
HA-00232,Non-private (tuned),0.7826488024188192
HA-00233,Non-private (tuned),0.23394462464415744
HA-00234,Non-private (tuned),0.18275136627937663
HA-00235,Non-private (tuned),0.12592043406911574
HA-00236,Non-private (tuned),0.015089002805198204
HA-00238,Non-private (tuned),0.048843990387588965
HA-00240,Non-private (tuned),-0.6150253113367925
HA-00241,Non-private (tuned),-0.10809632536632513
HA-00242,Non-private (tuned),0.37693335347540624
HA-00244,Non-private (tuned),-0.04014349749155571
HA-00245,Non-private (tuned),0.22816137499203792
HA-00246,Non-private (tuned),-0.46836451914190014
HA-00247,Non-private (tuned),0.31017409802957385
HA-00248,Non-private (tuned),0.6938078363797118
HA-00249,Non-private (tuned),0.3543630916905514
HA-00250,Non-private (tuned),-0.05825060434818041
HA-00251,Non-private (tuned),0.11290888680616984
HA-00252,Non-private (tuned),-0.2723117313655105
HA-00253,Non-private (tuned),0.30239269780560946
HA-00255,Non-private (tuned),-0.291317591731298
HA-00256,Non-private (tuned),-0.2514884784815036
HA-00257,Non-private (tuned),0.26354110978682654
HA-00258,Non-private (tuned),-0.3030627930338582
HA-00260,Non-private (tuned),-0.11642345738099824
HA-00261,Non-private (tuned),-0.26841189381130803
HA-00262,Non-private (tuned),-0.015436179263887795
HA-00263,Non-private (tuned),0.1324763618729069
HA-00264,Non-private (tuned),-0.4197749439402878
HA-00265,Non-private (tuned),-0.44828218679346193
HA-00266,Non-private (tuned),0.05553091041137237
HA-00267,Non-private (tuned),-0.15989918819936338
HA-00268,Non-private (tuned),0.5639258058513175
HA-00269,Non-private (tuned),1.3221158075850303
HA-00270,Non-private (tuned),0.30759684845239693
HA-00271,Non-private (tuned),-0.11126029859374031
HA-00272,Non-private (tuned),-0.38529595782229864
HA-00273,Non-private (tuned),0.09792525057746693
HA-00275,Non-private (tuned),-0.22422062389469855
HA-00277,Non-private (tuned),-0.1509366205870532
HA-00278,Non-private (tuned),0.0839596347369953
HA-00279,Non-private (tuned),-0.2896146256974387
HA-00280,Non-private (tuned),0.18126456006236957
HA-00281,Non-private (tuned),0.20575362230302485
HA-00282,Non-private (tuned),-0.11103263573632205
HA-00283,Non-private (tuned),0.12114880278819873
HA-00284,Non-private (tuned),0.2500512428058092
HA-00285,Non-private (tuned),0.24966153087503395
HA-00286,Non-private (tuned),0.4343981421734632
HA-00287,Non-private (tuned),-0.027015731076582172
HA-00288,Non-private (tuned),0.29732113179499475
HA-00289,Non-private (tuned),0.4596320050897574
HA-00290,Non-private (tuned),0.05815834321492663
HA-00291,Non-private (tuned),0.026055940427686552
HA-00293,Non-private (tuned),-0.14962340144551362
HA-00294,Non-private (tuned),-0.20485614737454472
HA-00295,Non-private (tuned),-0.2095397069781254
HA-00296,Non-private (tuned),0.24401710092290807
HA-00298,Non-private (tuned),0.2569488645843858
HA-00299,Non-private (tuned),-0.08587564621411958
HA-00300,Non-private (tuned),0.2708476327107955
HA-00301,Non-private (tuned),0.10778736997458283
HA-00302,Non-private (tuned),-0.4079807079842387
HA-00303,Non-private (tuned),-0.5277050411569131
HA-00304,Non-private (tuned),0.5050302604233985
HA-00305,Non-private (tuned),0.3161180040022317
HA-00306,Non-private (tuned),-0.10764945932349423
HA-00307,Non-private (tuned),-0.2676078493391121
HA-00308,Non-private (tuned),-0.8175001341670511
HA-00309,Non-private (tuned),-0.12487066272235725
HA-00310,Non-private (tuned),-0.2884046397617961
HA-00311,Non-private (tuned),0.1259206055725683
HA-00312,Non-private (tuned),0.4881891345820186
HA-00313,Non-private (tuned),-0.12441362490780383
HA-00314,Non-private (tuned),-0.04235973613353472
HA-00315,Non-private (tuned),-0.17556013634158762
HA-00316,Non-private (tuned),0.7250157201745538
HA-00317,Non-private (tuned),1.2302848173958696
HA-00318,Non-private (tuned),0.01501815375680604
HA-00319,Non-private (tuned),0.29086300390584197
HA-00321,Non-private (tuned),0.012806598056168239
HA-00322,Non-private (tuned),-0.06831839465994827
HA-00323,Non-private (tuned),-0.0667976995204036
HA-00324,Non-private (tuned),0.7926244584625818
HA-00325,Non-private (tuned),0.253421865876413
HA-00326,Non-private (tuned),0.6587064386127003
HA-00327,Non-private (tuned),-1.3094943145601587
HA-00329,Non-private (tuned),-0.24316736810034567
HA-00330,Non-private (tuned),-0.17675198235133638
HA-00331,Non-private (tuned),0.5593257596885217
HA-00332,Non-private (tuned),-0.4712985421022397
HA-00334,Non-private (tuned),-0.2195947162868992
HA-00335,Non-private (tuned),0.6778963738171322
HA-00336,Non-private (tuned),0.17761400872118838
HA-00337,Non-private (tuned),0.4230512398653937
HA-00338,Non-private (tuned),-0.5853730859747092
HA-00339,Non-private (tuned),0.26528929790822925
HA-00340,Non-private (tuned),-0.1644581014309878
HA-00341,Non-private (tuned),-0.5911446526185387
HA-00342,Non-private (tuned),0.24402614428118313
HA-00343,Non-private (tuned),-0.2564143386084779
HA-00344,Non-private (tuned),0.3009149510010398
HA-00346,Non-private (tuned),-0.5642809686065215
HA-00347,Non-private (tuned),-0.008354802864835753
HA-00348,Non-private (tuned),-0.05328265754145278
HA-00349,Non-private (tuned),-0.1317816521728059
HA-00350,Non-private (tuned),-0.1223767593437396
HA-00352,Non-private (tuned),-0.2520432152664164
HA-00353,Non-private (tuned),-0.5859510847305041
HA-00354,Non-private (tuned),0.024297822303844363
HA-00355,Non-private (tuned),0.08631079022618854
HA-00356,Non-private (tuned),-0.08207655072515013
HA-00357,Non-private (tuned),-0.3214494716524748
HA-00358,Non-private (tuned),0.14160300996401098
HA-00359,Non-private (tuned),-0.28848784404227584
HA-00360,Non-private (tuned),0.34805698737374824
HA-00361,Non-private (tuned),0.3614165988114729
HA-00362,Non-private (tuned),-0.09322804014195096
HA-00363,Non-private (tuned),-0.02200844906670074
HA-00364,Non-private (tuned),-0.34594821111682783
HA-00365,Non-private (tuned),0.5645520063759417
HA-00366,Non-private (tuned),-0.11759463611945825
HA-00367,Non-private (tuned),0.4845360338476209
HA-00368,Non-private (tuned),-0.3281380217138088
HA-00369,Non-private (tuned),0.2557606439070038
HA-00370,Non-private (tuned),0.5448833169441414
HA-00371,Non-private (tuned),-0.0008618978054437676
HA-00372,Non-private (tuned),-0.01562636644447546
HA-00373,Non-private (tuned),0.3143398027015855
HA-00374,Non-private (tuned),-0.1271788634439005
HA-00376,Non-private (tuned),0.5180111793010338
HA-00377,Non-private (tuned),-0.08281471942561142
HA-00378,Non-private (tuned),0.23600136556434737
HA-00380,Non-private (tuned),0.06486800698484929
HA-00381,Non-private (tuned),0.13496091425091594
HA-00382,Non-private (tuned),-0.37814559945739035
HA-00383,Non-private (tuned),-0.19220982798674724
HA-00384,Non-private (tuned),0.2967796961062309
HA-00385,Non-private (tuned),0.05269786860590464
HA-00386,Non-private (tuned),-0.6558906198469903
HA-00387,Non-private (tuned),0.34264106525676696
HA-00388,Non-private (tuned),-0.1019533382788152
HA-00389,Non-private (tuned),-0.2138934592270193
HA-00390,Non-private (tuned),-0.020600826195025457
HA-00391,Non-private (tuned),0.08655975142675132
HA-00392,Non-private (tuned),-0.8362772074050233
HA-00393,Non-private (tuned),-1.4275604916364415
HA-00395,Non-private (tuned),-0.1726849543338146
HA-00396,Non-private (tuned),-0.26358409528883514
HA-00397,Non-private (tuned),0.48159129303191134
HA-00399,Non-private (tuned),0.05557489896343448
HA-00400,Non-private (tuned),0.9897931439553722
HA-00401,Non-private (tuned),-0.0770800660580862
HA-00402,Non-private (tuned),-0.04396098381671243
HA-00403,Non-private (tuned),-0.9616253550318814
HA-00404,Non-private (tuned),0.1331205297704789
HA-00405,Non-private (tuned),0.06718393699376754
HA-00406,Non-private (tuned),0.3881107522020107
HA-00408,Non-private (tuned),-0.1800349910214094
HA-00409,Non-private (tuned),0.5902558910566306
HA-00410,Non-private (tuned),-0.48394900215227943
HA-00411,Non-private (tuned),-0.038149984335797416
HA-00412,Non-private (tuned),0.44916456120532205
HA-00413,Non-private (tuned),-0.2882927043971948
HA-00414,Non-private (tuned),-0.03626308536587297
HA-00415,Non-private (tuned),-1.068437416239576
HA-00416,Non-private (tuned),-0.36043523301752617
HA-00417,Non-private (tuned),0.14937493394603601
HA-00418,Non-private (tuned),-0.14049837899325363
HA-00419,Non-private (tuned),0.06759562003244474
HA-00420,Non-private (tuned),0.004650781230499834
HA-00421,Non-private (tuned),-0.023824488598883975
HA-00422,Non-private (tuned),0.32120891530440177
HA-00423,Non-private (tuned),0.42814968986937574
HA-00424,Non-private (tuned),0.3951420013832803
HA-00426,Non-private (tuned),0.23928668808108106
HA-00427,Non-private (tuned),0.4555465772107994
HA-00428,Non-private (tuned),0.06532256894742944
HA-00429,Non-private (tuned),0.4500138630272201
HA-00431,Non-private (tuned),-0.5657271250497788
HA-00433,Non-private (tuned),-0.15249925653903124
HA-00434,Non-private (tuned),0.2480612123146056
HA-00435,Non-private (tuned),0.3315903276019573
HA-00436,Non-private (tuned),0.2774603844548107
HA-00437,Non-private (tuned),-0.00922112945070308
HA-00439,Non-private (tuned),0.31283316540583256
HA-00440,Non-private (tuned),0.07674135479266297
HA-00441,Non-private (tuned),-0.21235339388688168
HA-00443,Non-private (tuned),-0.17873131147692284
HA-00444,Non-private (tuned),0.13412078191723315
HA-00445,Non-private (tuned),0.2949503544434876
HA-00446,Non-private (tuned),0.0647051261163406
HA-00447,Non-private (tuned),-0.5087956460420856
HA-00451,Non-private (tuned),-0.14733211253832995
HA-00452,Non-private (tuned),0.11340969577284193
HA-00453,Non-private (tuned),-0.2575714684334251
HA-00454,Non-private (tuned),0.07728610375925232
HA-00455,Non-private (tuned),0.09343622186359796
HA-00456,Non-private (tuned),-0.3483628664885133
HA-00457,Non-private (tuned),-0.0794085144900174
HA-00458,Non-private (tuned),0.38643373318500884
HA-00459,Non-private (tuned),0.34427086671945406
HA-00460,Non-private (tuned),0.3349361248811352
HA-00461,Non-private (tuned),0.3204028327833876
HA-00462,Non-private (tuned),-0.060842670629444484
HA-00463,Non-private (tuned),-0.28553754490177113
HA-00464,Non-private (tuned),-0.2761074481743977
HA-00466,Non-private (tuned),-0.2067671100186672
HA-00467,Non-private (tuned),0.08075788069030615
HA-00468,Non-private (tuned),-0.37808374125953836
HA-00469,Non-private (tuned),-0.35956056103436845
HA-00470,Non-private (tuned),-0.41447626993260733
HA-00471,Non-private (tuned),-0.5997410299756499
HA-00472,Non-private (tuned),-0.10816352623147613
HA-00473,Non-private (tuned),-0.23571705560434475
HA-00474,Non-private (tuned),0.03333749465006475
HA-00475,Non-private (tuned),0.11183120987806955
HA-00476,Non-private (tuned),-0.20627652080204228
HA-00477,Non-private (tuned),-0.24075939927391105
HA-00478,Non-private (tuned),0.40333304781861357
HA-00479,Non-private (tuned),1.0244568193389605
HA-00480,Non-private (tuned),-0.3778858246535444
HA-00481,Non-private (tuned),0.32828519326057515
HA-00482,Non-private (tuned),0.04578940010460486
HA-00483,Non-private (tuned),0.11742344682150496
HA-00484,Non-private (tuned),0.4034220071921563
HA-00485,Non-private (tuned),-0.49330433123962236
HA-00486,Non-private (tuned),0.09014842466206308
HA-00487,Non-private (tuned),-0.11100584041872086
HA-00488,Non-private (tuned),-0.01033786757690408
HA-00489,Non-private (tuned),0.008732797023886518
HA-00490,Non-private (tuned),0.07681820369394898
HA-00491,Non-private (tuned),-0.3546177571046416
HA-00492,Non-private (tuned),-0.20075842602276095
HA-00493,Non-private (tuned),0.36261871037227195
HA-00494,Non-private (tuned),0.12133243055503645
HA-00495,Non-private (tuned),0.5944282246845061
HA-00496,Non-private (tuned),0.06792401937323184
HA-00497,Non-private (tuned),0.21930913204284974
HA-00498,Non-private (tuned),-0.4310160781487612
HA-00499,Non-private (tuned),-0.04953885276148573
HA-00500,Non-private (tuned),-0.2053461158362
HA-00501,Non-private (tuned),0.2120084191395254
HA-00502,Non-private (tuned),-0.1287295096658062
HA-00503,Non-private (tuned),0.21706059394008295
HA-00504,Non-private (tuned),-0.9219143490573263
HA-00505,Non-private (tuned),0.24699453897576007
HA-00506,Non-private (tuned),0.12547057878491263
HA-00507,Non-private (tuned),-0.7771742931420491
HA-00508,Non-private (tuned),0.10939358497236251
HA-00510,Non-private (tuned),-0.23023492437292492
HA-00511,Non-private (tuned),0.4315627960031818
HA-00512,Non-private (tuned),-0.14596173570247534
HA-00513,Non-private (tuned),0.2600196423386768
HA-00514,Non-private (tuned),-0.023396857348287448
HA-00515,Non-private (tuned),0.16081175052653685
HA-00516,Non-private (tuned),0.05423995387427749
HA-00517,Non-private (tuned),-0.14732627669640502
HA-00518,Non-private (tuned),0.023739067588506996
HA-00519,Non-private (tuned),-0.5301578645159393
HA-00521,Non-private (tuned),0.03282584253840093
HA-00522,Non-private (tuned),0.14777432418048358
HA-00523,Non-private (tuned),0.07085675038424799
HA-00524,Non-private (tuned),0.18864549079169501
HA-00526,Non-private (tuned),-0.35021191450154143
HA-00527,Non-private (tuned),0.36559686663530844
HA-00528,Non-private (tuned),-0.024157268500356155
HA-00529,Non-private (tuned),0.02291313847868709
HA-00530,Non-private (tuned),0.04995922487145116
HA-00531,Non-private (tuned),0.09096557463797184
HA-00532,Non-private (tuned),0.07268488749883029
HA-00533,Non-private (tuned),0.27849579117868595
HA-00535,Non-private (tuned),0.4544359655477341
HA-00536,Non-private (tuned),0.10840761280174255
HA-00537,Non-private (tuned),-0.41649496957556065
HA-00538,Non-private (tuned),-0.39364334690779046
HA-00540,Non-private (tuned),0.4875686514434426
HA-00541,Non-private (tuned),0.9584978144042049
HA-00542,Non-private (tuned),-0.17179896580442655
HA-00543,Non-private (tuned),-0.2289245915191484
HA-00545,Non-private (tuned),0.20606870954819773
HA-00546,Non-private (tuned),-0.6816162198922502
HA-00547,Non-private (tuned),0.07440042402108316
HA-00548,Non-private (tuned),0.06994386006737707
HA-00549,Non-private (tuned),-0.23582228874119576
HA-00550,Non-private (tuned),-0.1720653880995724
HA-00551,Non-private (tuned),-0.3476920167651987
HA-00552,Non-private (tuned),0.4878339467667659
HA-00555,Non-private (tuned),1.111974197223922
HA-00556,Non-private (tuned),-0.5534671159452157
HA-00558,Non-private (tuned),0.6340798837564848
HA-00559,Non-private (tuned),-0.11594926443617215
HA-00560,Non-private (tuned),-0.11074098811895894
HA-00561,Non-private (tuned),-0.05961640774621024
HA-00562,Non-private (tuned),-0.28940612870249033
HA-00563,Non-private (tuned),-0.71924132817808
HA-00564,Non-private (tuned),-0.015629231698722434
HA-00565,Non-private (tuned),-0.02432886948902646
HA-00566,Non-private (tuned),-0.04008496188121263
HA-00567,Non-private (tuned),-1.0972110144680232
HA-00569,Non-private (tuned),-1.7553576509088225
HA-00570,Non-private (tuned),0.272251221764132
HA-00571,Non-private (tuned),0.016504808998066556
HA-00572,Non-private (tuned),0.26172776187834357
HA-00573,Non-private (tuned),0.13337749418872274
HA-00574,Non-private (tuned),0.37377076191343006
HA-00575,Non-private (tuned),0.33876989747440234
HA-00576,Non-private (tuned),0.4298129032821806
HA-00577,Non-private (tuned),0.29211488267338714
HA-00578,Non-private (tuned),-0.17925806978014028
HA-00579,Non-private (tuned),0.06451358141685626
HA-00580,Non-private (tuned),0.050956481414147436
HA-00581,Non-private (tuned),0.034717304271423444
HA-00582,Non-private (tuned),-0.18853422439606832
HA-00583,Non-private (tuned),-0.24403762990546352
HA-00584,Non-private (tuned),-0.6734932313596926
HA-00585,Non-private (tuned),-0.043234395299391215
HA-00586,Non-private (tuned),-0.22373215450791567
HA-00587,Non-private (tuned),0.38719657078616676
HA-00588,Non-private (tuned),-0.14376886397774458
HA-00589,Non-private (tuned),-0.1659322755046686
HA-00590,Non-private (tuned),0.011240302059567053
HA-00591,Non-private (tuned),0.29980177788259765
HA-00592,Non-private (tuned),0.43506472573311605
HA-00593,Non-private (tuned),0.07021072804172895
HA-00594,Non-private (tuned),-0.8722113720189748
HA-00595,Non-private (tuned),-0.11287228476325672
HA-00597,Non-private (tuned),0.4388585711608917
HA-00598,Non-private (tuned),-0.045924811595481396
HA-00599,Non-private (tuned),0.2320378095722369
HA-00600,Non-private (tuned),-0.24448711784440091
HA-00601,Non-private (tuned),0.25860746716563765
HA-00602,Non-private (tuned),0.34906437000117985
HA-00604,Non-private (tuned),0.1603140483552813
HA-00605,Non-private (tuned),0.20010772569920288
HA-00606,Non-private (tuned),-0.020678535951143884
HA-00607,Non-private (tuned),-0.2897424551632045
HA-00609,Non-private (tuned),-0.3016009520773944
HA-00611,Non-private (tuned),0.10336001089250724
HA-00612,Non-private (tuned),0.15151166532802574
HA-00613,Non-private (tuned),0.09896331876914344
HA-00614,Non-private (tuned),1.2099008804185254
HA-00615,Non-private (tuned),-0.9157347243080258
HA-00616,Non-private (tuned),-0.3644561172329731
HA-00617,Non-private (tuned),-0.573556784778813
HA-00618,Non-private (tuned),0.472748198561586
HA-00619,Non-private (tuned),-0.23249817912363896
HA-00620,Non-private (tuned),-0.07669600243963648
HA-00621,Non-private (tuned),-0.3459934333312884
HA-00622,Non-private (tuned),0.12547622056680396
HA-00623,Non-private (tuned),-0.12564037030908992
HA-00624,Non-private (tuned),-0.14471550283520773
HA-00625,Non-private (tuned),-0.36860027431760783
HA-00626,Non-private (tuned),0.42298444032940063
HA-00627,Non-private (tuned),0.09677493046831254
HA-00628,Non-private (tuned),-0.3263472879389936
HA-00629,Non-private (tuned),-0.09469604714934166
HA-00630,Non-private (tuned),-0.0379710733590769
HA-00631,Non-private (tuned),-0.06873249484584903
HA-00632,Non-private (tuned),-0.10752596995814151
HA-00633,Non-private (tuned),-0.6862758811857514
HA-00634,Non-private (tuned),0.9038909468969258
HA-00635,Non-private (tuned),-0.1549070276914237
HA-00636,Non-private (tuned),-0.4796757631055002
HA-00637,Non-private (tuned),-0.06752046806159234
HA-00639,Non-private (tuned),-0.15243353536877763
HA-00640,Non-private (tuned),0.4649419781243259
HA-00641,Non-private (tuned),0.1635912032806659
HA-00642,Non-private (tuned),-0.04441584511573882
HA-00643,Non-private (tuned),-0.07495679718672832
HA-00644,Non-private (tuned),0.33274443061757264
HA-00645,Non-private (tuned),0.0080537884794743
HA-00646,Non-private (tuned),-0.4508734531349208
HA-00647,Non-private (tuned),-0.09745937520918846
HA-00648,Non-private (tuned),-0.3607173324204279
HA-00649,Non-private (tuned),0.2234987317415872
HA-00650,Non-private (tuned),0.1649322884741472
HA-00651,Non-private (tuned),-0.07153604519316978
HA-00653,Non-private (tuned),-0.2813436804906948
HA-00654,Non-private (tuned),-0.31352844517137535
HA-00655,Non-private (tuned),-0.12450878763476592
HA-00656,Non-private (tuned),0.5019111509562845
HA-00657,Non-private (tuned),0.13890618247432074
HA-00658,Non-private (tuned),0.3093187076718049
HA-00659,Non-private (tuned),0.882956305087906
HA-00660,Non-private (tuned),0.23395530338350223
HA-00662,Non-private (tuned),-0.24789160799203203
HA-00663,Non-private (tuned),0.10595426673074093
HA-00665,Non-private (tuned),-0.09273440522813303
HA-00667,Non-private (tuned),0.6352555536991411
HA-00669,Non-private (tuned),-0.06637402126099895
HA-00670,Non-private (tuned),-0.06517333390693292
HA-00671,Non-private (tuned),0.17279590809027084
HA-00672,Non-private (tuned),0.32253551464113295
HA-00673,Non-private (tuned),0.04738310602193557
HA-00674,Non-private (tuned),-0.1294906557196604
HA-00675,Non-private (tuned),-0.13113118215079933
HA-00676,Non-private (tuned),-0.19460522061933128
HA-00677,Non-private (tuned),0.08570551695717793
HA-00678,Non-private (tuned),0.47570306767357995
HA-00679,Non-private (tuned),0.3277608560855636
HA-00680,Non-private (tuned),0.16287122699161932
HA-00682,Non-private (tuned),0.16234218892186159
HA-00683,Non-private (tuned),-0.1512035795324956
HA-00684,Non-private (tuned),0.04973437620583107
HA-00685,Non-private (tuned),0.004246053060915744
HA-00686,Non-private (tuned),-0.2861809267438762
HA-00687,Non-private (tuned),0.9106695294821311
HA-00688,Non-private (tuned),0.18205096497518303
HA-00689,Non-private (tuned),0.0848107932452915
HA-00690,Non-private (tuned),-0.3232804189667254
HA-00691,Non-private (tuned),0.4447607198548741
HA-00692,Non-private (tuned),-0.42770293458560177
HA-00693,Non-private (tuned),0.283947798230319
HA-00694,Non-private (tuned),-0.3471981360968514
HA-00695,Non-private (tuned),-0.34598113854475737
HA-00696,Non-private (tuned),-0.08886061229791953
HA-00697,Non-private (tuned),0.07552207661104593
HA-00698,Non-private (tuned),0.018944648072190595
HA-00699,Non-private (tuned),-0.014354633075896128
HA-00700,Non-private (tuned),-0.1628513375309723
HA-00701,Non-private (tuned),0.3114540659945095
HA-00702,Non-private (tuned),-0.24260756173576437
HA-00703,Non-private (tuned),-0.9101565521146098
HA-00705,Non-private (tuned),0.4649327241571555
HA-00706,Non-private (tuned),0.05922306720169879
HA-00707,Non-private (tuned),-0.3619904998327488
HA-00709,Non-private (tuned),0.10177570423003213
HA-00710,Non-private (tuned),-0.4849207948394043
HA-00711,Non-private (tuned),-0.2680309814899615
HA-00712,Non-private (tuned),-0.36840453671760076
HA-00713,Non-private (tuned),-0.12124253107019628
HA-00714,Non-private (tuned),0.5571264641897067
HA-00715,Non-private (tuned),-0.2824037942423189
HA-00716,Non-private (tuned),0.4699264637781445
HA-00717,Non-private (tuned),0.5561243643823292
HA-00718,Non-private (tuned),0.21948907312990673
HA-00719,Non-private (tuned),0.21323488766409487
HA-00721,Non-private (tuned),0.05237532268232936
HA-00722,Non-private (tuned),-0.15631635163629237
HA-00723,Non-private (tuned),0.014657565147451534
HA-00724,Non-private (tuned),0.12495530420154044
HA-00726,Non-private (tuned),-0.08086558794367815
HA-00727,Non-private (tuned),-0.39381178479927537
HA-00729,Non-private (tuned),0.22785210383130405
HA-00730,Non-private (tuned),-0.47542113222433674
HA-00731,Non-private (tuned),-0.3971296609077698
HA-00732,Non-private (tuned),0.524791281414946
HA-00735,Non-private (tuned),0.26631648557503806
HA-00736,Non-private (tuned),-0.5084450575171214
HA-00737,Non-private (tuned),-0.1329027642601065
HA-00738,Non-private (tuned),0.6328089079729033
HA-00739,Non-private (tuned),-0.2227248630277855
HA-00740,Non-private (tuned),-0.3940916890757765
HA-00741,Non-private (tuned),0.3895243120837019
HA-00742,Non-private (tuned),-0.2535837000012645
HA-00743,Non-private (tuned),-0.13308494316476194
HA-00744,Non-private (tuned),-0.11941821172431577
HA-00746,Non-private (tuned),0.5485402626277267
HA-00747,Non-private (tuned),0.05426814426980203
HA-00748,Non-private (tuned),-0.12063712984036651
HA-00749,Non-private (tuned),-0.7697167513209782
HA-00750,Non-private (tuned),0.057690546392743514
HA-00751,Non-private (tuned),0.5328872575892729
HA-00752,Non-private (tuned),-0.2979668677542455
HA-00753,Non-private (tuned),1.1849771003935539
HA-00754,Non-private (tuned),0.139213893819226
HA-00755,Non-private (tuned),0.02120410938089895
HA-00756,Non-private (tuned),0.26346237929195593
HA-00757,Non-private (tuned),-0.5796058770869144
HA-00758,Non-private (tuned),0.4643149555489977
HA-00759,Non-private (tuned),-0.16637425330093697
HA-00760,Non-private (tuned),-0.32735972360225496
HA-00761,Non-private (tuned),-0.25923676512204197
HA-00762,Non-private (tuned),-0.441534824314356
HA-00763,Non-private (tuned),0.16349538981838274
HA-00764,Non-private (tuned),0.03662063651885861
HA-00765,Non-private (tuned),0.06268433184553035
HA-00766,Non-private (tuned),-0.4419304832009837
HA-00767,Non-private (tuned),-0.18983230799919837
HA-00768,Non-private (tuned),0.3746734618379171
HA-00769,Non-private (tuned),0.45932555977390765
HA-00771,Non-private (tuned),0.14772647760884716
HA-00772,Non-private (tuned),0.4717293779010985
HA-00773,Non-private (tuned),-0.1780392760251216
HA-00774,Non-private (tuned),0.4547534093185983
HA-00775,Non-private (tuned),0.3350933078025611
HA-00776,Non-private (tuned),-0.3705226016025511
HA-00777,Non-private (tuned),-0.5067972832783093
HA-00778,Non-private (tuned),-0.5060266828844379
HA-00779,Non-private (tuned),0.2768813583684261
HA-00780,Non-private (tuned),0.4390845638803497
HA-00781,Non-private (tuned),-0.8509955897996639
HA-00782,Non-private (tuned),0.13065072507607767
HA-00783,Non-private (tuned),-0.0750163083467684
HA-00784,Non-private (tuned),-0.07216926678950786
HA-00785,Non-private (tuned),-0.15791426394042019
HA-00786,Non-private (tuned),-0.14496907841794865
HA-00787,Non-private (tuned),0.00017913826944448985
HA-00788,Non-private (tuned),-0.16283421141305787
HA-00789,Non-private (tuned),-0.5601062044980843
HA-00790,Non-private (tuned),0.19112683495507748
HA-00791,Non-private (tuned),0.10415996535161731
HA-00792,Non-private (tuned),0.10960484574700347
HA-00793,Non-private (tuned),0.11110573898016812
HA-00794,Non-private (tuned),-0.25051408661014524
HA-00795,Non-private (tuned),-0.1443969524991029
HA-00796,Non-private (tuned),-0.05427012660300479
HA-00797,Non-private (tuned),2.01258830014827
HA-00798,Non-private (tuned),0.46602391904214235
HA-00799,Non-private (tuned),-0.12978023226900054
HA-00800,Non-private (tuned),-0.14266485171691384
HA-00801,Non-private (tuned),0.004940795359005823
HA-00802,Non-private (tuned),0.3211055202075311
HA-00803,Non-private (tuned),0.15875842614944777
HA-00804,Non-private (tuned),1.3296030231547311
HA-00805,Non-private (tuned),0.8228075549050473
HA-00806,Non-private (tuned),0.1679501184999327
HA-00807,Non-private (tuned),-0.2992689789089067
HA-00808,Non-private (tuned),0.47727400431075095
HA-00809,Non-private (tuned),-0.22106489267461443
HA-00810,Non-private (tuned),-0.16478238150321606
HA-00811,Non-private (tuned),-0.2802464057308937
HA-00812,Non-private (tuned),-0.4427618761143741
HA-00814,Non-private (tuned),-0.06479472571752348
HA-00815,Non-private (tuned),-0.22208152725159747
HA-00816,Non-private (tuned),0.2686713987210271
HA-00817,Non-private (tuned),-0.006110564263104912
HA-00818,Non-private (tuned),-0.02707242354502995
HA-00819,Non-private (tuned),0.06369183377008342
HA-00820,Non-private (tuned),-0.3265302578744318
HA-00821,Non-private (tuned),0.1024970735630949
HA-00822,Non-private (tuned),-0.19888628332391367
HA-00823,Non-private (tuned),0.009268017887172408
HA-00824,Non-private (tuned),0.03305632415284915
HA-00825,Non-private (tuned),-0.4974033441268657
HA-00826,Non-private (tuned),0.15407895629484472
HA-00827,Non-private (tuned),-0.6177556296274858
HA-00828,Non-private (tuned),-0.4553540668506083
HA-00829,Non-private (tuned),-0.30068710006099564
HA-00830,Non-private (tuned),-0.63201794618618
HA-00831,Non-private (tuned),0.27798398414320735
HA-00832,Non-private (tuned),0.11630779417829779
HA-00833,Non-private (tuned),-0.0661907204740525
HA-00834,Non-private (tuned),-0.12734662245896303
HA-00835,Non-private (tuned),1.1670276637678945
HA-00836,Non-private (tuned),-0.15433685647494977
HA-00837,Non-private (tuned),0.16441554241172668
HA-00838,Non-private (tuned),0.43573209914624983
HA-00839,Non-private (tuned),-0.07849950938248373
HA-00840,Non-private (tuned),0.18426130486922399
HA-00841,Non-private (tuned),-0.3076291276114865
HA-00842,Non-private (tuned),-0.07120242822870654
HA-00843,Non-private (tuned),-0.5052478511526163
HA-00844,Non-private (tuned),0.05407806925372893
HA-00845,Non-private (tuned),0.15289271011697642
HA-00846,Non-private (tuned),0.29041515532893075
HA-00847,Non-private (tuned),0.318491106872171
HA-00848,Non-private (tuned),0.7151293024205215
HA-00849,Non-private (tuned),-0.1657279308330591
HA-00850,Non-private (tuned),0.4450411695389247
HA-00851,Non-private (tuned),0.41494599082701505
HA-00854,Non-private (tuned),-0.037155772694437816
HA-00855,Non-private (tuned),-0.14451271337914573
HA-00856,Non-private (tuned),-0.14273796247827325
HA-00857,Non-private (tuned),0.15264854280859924
HA-00858,Non-private (tuned),-0.4946855722270185
HA-00859,Non-private (tuned),-0.07369027259733385
HA-00860,Non-private (tuned),-0.19082368596164284
HA-00861,Non-private (tuned),0.46084915592423437
HA-00862,Non-private (tuned),0.6559889537124047
HA-00863,Non-private (tuned),0.16826354019443457
HA-00864,Non-private (tuned),0.09618268151663956
HA-00865,Non-private (tuned),0.012130323340892646
HA-00866,Non-private (tuned),-0.11161159565003631
HA-00867,Non-private (tuned),0.8840259244389672
HA-00868,Non-private (tuned),0.13490987737771032
HA-00869,Non-private (tuned),-0.23306063562010337
HA-00870,Non-private (tuned),-0.4433754538183702
HA-00871,Non-private (tuned),-0.6274745884364755
HA-00872,Non-private (tuned),-0.44894582205978506
HA-00873,Non-private (tuned),-0.09436075846223413
HA-00874,Non-private (tuned),0.5298063834971412
HA-00876,Non-private (tuned),-1.6191704502455113
HA-00877,Non-private (tuned),0.18154712781633825
HA-00878,Non-private (tuned),0.4570860270407561
HA-00879,Non-private (tuned),-0.2248233083772696
HA-00881,Non-private (tuned),-0.3973580909508027
HA-00882,Non-private (tuned),-0.2871320964301418
HA-00883,Non-private (tuned),-0.049576163913540305
HA-00884,Non-private (tuned),0.4967780770063044
HA-00885,Non-private (tuned),-0.13827215758140904
HA-00886,Non-private (tuned),0.16691831188164286
HA-00887,Non-private (tuned),-1.8323206083938874
HA-00888,Non-private (tuned),-0.06961004842664376
HA-00890,Non-private (tuned),-0.12559737386496211
HA-00891,Non-private (tuned),-0.198948839913446
HA-00892,Non-private (tuned),0.07237051962519558
HA-00893,Non-private (tuned),0.38403905359361945
HA-00894,Non-private (tuned),-0.0036521015846242566
HA-00895,Non-private (tuned),0.044805958322044814
HA-00897,Non-private (tuned),-0.07129931951212498
HA-00898,Non-private (tuned),-0.4307560587035749
HA-00899,Non-private (tuned),-0.2585821388222384
HA-00900,Non-private (tuned),0.05068987021317317
HA-00901,Non-private (tuned),0.03790145797589528
HA-00902,Non-private (tuned),0.1397612906115604
HA-00903,Non-private (tuned),0.2527466627245941
HA-00905,Non-private (tuned),0.43200940482057704
HA-00906,Non-private (tuned),-0.38262581276960217
HA-00907,Non-private (tuned),0.29801428114233086
HA-00908,Non-private (tuned),0.2663522205956743
HA-00909,Non-private (tuned),-0.12753253311599733
HA-00910,Non-private (tuned),-0.11651818939663527
HA-00911,Non-private (tuned),-0.03204870581730135
HA-00912,Non-private (tuned),0.18256534394415552
HA-00913,Non-private (tuned),0.2836394917005067
HA-00914,Non-private (tuned),0.31476103990053983
HA-00915,Non-private (tuned),0.19862142159452317
HA-00916,Non-private (tuned),-0.011439721720445661
HA-00917,Non-private (tuned),-0.3422800243780335
HA-00918,Non-private (tuned),-0.07268543124806359
HA-00919,Non-private (tuned),-0.13871127406144307
HA-00921,Non-private (tuned),-0.09551014189355617
HA-00922,Non-private (tuned),-0.21413557977638614
HA-00923,Non-private (tuned),-0.1647076906803846
HA-00924,Non-private (tuned),0.4735333081033365
HA-00925,Non-private (tuned),-0.27845958522397085
HA-00926,Non-private (tuned),0.6116508630807476
HA-00927,Non-private (tuned),0.17512153218121196
HA-00928,Non-private (tuned),-0.31985574995988586
HA-00929,Non-private (tuned),-0.06079794579478709
HA-00930,Non-private (tuned),-0.24703590480861104
HA-00931,Non-private (tuned),-0.21977581075432562
HA-00932,Non-private (tuned),-0.06887165080426155
HA-00933,Non-private (tuned),0.4507355497011482
HA-00934,Non-private (tuned),0.35497746693649335
HA-00935,Non-private (tuned),-0.8751022319220594
HA-00936,Non-private (tuned),-0.05131830141891458
HA-00937,Non-private (tuned),-0.15142129182860686
HA-00938,Non-private (tuned),0.10777288214987746
HA-00939,Non-private (tuned),-0.36044657715086315
HA-00940,Non-private (tuned),0.26393604571342405
HA-00941,Non-private (tuned),0.08606461570555712
HA-00942,Non-private (tuned),-0.1330433757037521
HA-00944,Non-private (tuned),0.21786268258167818
HA-00945,Non-private (tuned),-0.15145989087243364
HA-00946,Non-private (tuned),0.10082580399701074
HA-00947,Non-private (tuned),-0.03208004826315286
HA-00948,Non-private (tuned),0.07655139741955685
HA-00949,Non-private (tuned),-0.0908985171192484
HA-00951,Non-private (tuned),0.012744796592910945
HA-00952,Non-private (tuned),-0.1579006411867594
HA-00953,Non-private (tuned),0.2672844517567272
HA-00954,Non-private (tuned),-0.3229156490961045
HA-00955,Non-private (tuned),-0.04934428695196302
HA-00956,Non-private (tuned),0.330862811281313
HA-00957,Non-private (tuned),-0.395008164823932
HA-00958,Non-private (tuned),-0.3208715426603935
HA-00959,Non-private (tuned),-0.07868811251322044
HA-00960,Non-private (tuned),-0.149851793212952
HA-00961,Non-private (tuned),-2.5215680901961517
HA-00962,Non-private (tuned),0.24248717386741514
HA-00963,Non-private (tuned),0.2245156985562598
HA-00964,Non-private (tuned),0.24060595819009295
HA-00967,Non-private (tuned),0.49663853143053094
HA-00968,Non-private (tuned),-0.19113616659381455
HA-00970,Non-private (tuned),0.3969390918161081
HA-00971,Non-private (tuned),0.06611376092120835
HA-00972,Non-private (tuned),-0.06687778574053516
HA-00973,Non-private (tuned),0.213181874817466
HA-00974,Non-private (tuned),-0.48099874421660216
HA-00975,Non-private (tuned),0.030068053717325738
HA-00976,Non-private (tuned),-0.081347332977672
HA-00977,Non-private (tuned),0.34911774101999493
HA-00978,Non-private (tuned),0.5430625450802169
HA-00980,Non-private (tuned),-0.07889966441740359
HA-00982,Non-private (tuned),0.703895705381633
HA-00984,Non-private (tuned),0.42827170933747516
HA-00985,Non-private (tuned),-1.5815549410537837
HA-00986,Non-private (tuned),-0.10041412300686647
HA-00987,Non-private (tuned),0.0754137273843476
HA-00988,Non-private (tuned),0.8458152289286849
HA-00989,Non-private (tuned),0.023742799481402066
HA-00990,Non-private (tuned),0.19681916030275903
HA-00991,Non-private (tuned),-0.5527588326658893
HA-00992,Non-private (tuned),-0.08506350241018612
HA-00993,Non-private (tuned),-0.017926241202919635
HA-00994,Non-private (tuned),-0.19158566312948
HA-00995,Non-private (tuned),0.005885107943400858
HA-00996,Non-private (tuned),-0.09938880424389135
HA-00997,Non-private (tuned),-0.29644186391621125
HA-00998,Non-private (tuned),-0.18332425109837452
HA-00999,Non-private (tuned),0.008010484424106679
HA-01000,Non-private (tuned),-0.45881201649531883
HA-01001,Non-private (tuned),-0.37309056658927586
HA-01002,Non-private (tuned),-0.08943882071606957
HA-01003,Non-private (tuned),-0.07340773128787048
HA-01004,Non-private (tuned),-0.3460045183325022
HA-01005,Non-private (tuned),-0.175624984717619
HA-01006,Non-private (tuned),-0.004757107372403646
HA-01007,Non-private (tuned),0.031622221877251555
HA-01008,Non-private (tuned),-0.3549200715879151
HA-01009,Non-private (tuned),0.07150735191418062
HA-01010,Non-private (tuned),0.3048046149102217
HA-01011,Non-private (tuned),0.0960445374275557
HA-01012,Non-private (tuned),0.24323515862923129
HA-01013,Non-private (tuned),0.37497206472028133
HA-01014,Non-private (tuned),0.03679858378053957
HA-01016,Non-private (tuned),0.5185119332097513
HA-01017,Non-private (tuned),-0.4075679624870055
HA-01018,Non-private (tuned),-0.15836376673738262
HA-01020,Non-private (tuned),0.55116005098842
HA-01021,Non-private (tuned),0.02468014680845876
HA-01022,Non-private (tuned),0.11413593095751257
HA-01023,Non-private (tuned),-0.0931855832090554
HA-01024,Non-private (tuned),-0.6111480115623805
HA-01026,Non-private (tuned),0.037218644252571376
HA-01027,Non-private (tuned),0.10802743594830111
HA-01029,Non-private (tuned),-0.49664003750223074
HA-01030,Non-private (tuned),0.19095954084044553
HA-01032,Non-private (tuned),-0.13280692910029523
HA-01033,Non-private (tuned),-0.38228271595876084
HA-01034,Non-private (tuned),0.6616028016833888
HA-01035,Non-private (tuned),0.3291335544268972
HA-01036,Non-private (tuned),-0.20011243877159757
HA-01037,Non-private (tuned),0.026712866508067146
HA-01038,Non-private (tuned),-0.18421166071813522
HA-01039,Non-private (tuned),-0.09977541915413246
HA-01040,Non-private (tuned),0.11094542634816013
HA-01041,Non-private (tuned),-0.07125154762628993
HA-01042,Non-private (tuned),0.3478799576162445
HA-01043,Non-private (tuned),0.06974215797290656
HA-01046,Non-private (tuned),-0.07988599585749112
HA-01047,Non-private (tuned),0.4172378082418514
HA-01048,Non-private (tuned),0.018239295545027456
HA-01049,Non-private (tuned),-0.7272961968090776
HA-01050,Non-private (tuned),0.019647623225630517
HA-01051,Non-private (tuned),0.20603384944394731
HA-01052,Non-private (tuned),-0.20157790299197298
HA-01053,Non-private (tuned),-0.15061645924591488
HA-01055,Non-private (tuned),0.03318780986328895
HA-01057,Non-private (tuned),0.061122450302554476
HA-01058,Non-private (tuned),0.377641339460166
HA-01059,Non-private (tuned),-0.5914299077328795
HA-01060,Non-private (tuned),-0.07735992801638258
HA-01061,Non-private (tuned),0.13484931116090781
HA-01062,Non-private (tuned),0.7016878396419239
HA-01063,Non-private (tuned),0.006356339445181991
HA-01064,Non-private (tuned),-0.03998807053762343
HA-01065,Non-private (tuned),-0.10781948481681292
HA-01066,Non-private (tuned),-0.17957789176348427
HA-01067,Non-private (tuned),0.09148169529169758
HA-01068,Non-private (tuned),0.5352758305377794
HA-01069,Non-private (tuned),-0.7526103093266479
HA-01070,Non-private (tuned),0.16980866612790868
HA-01071,Non-private (tuned),-0.0764860598430187
HA-01072,Non-private (tuned),-0.35401003073723947
HA-01073,Non-private (tuned),0.761036986650337
HA-01074,Non-private (tuned),0.2389217041200321
HA-01075,Non-private (tuned),0.10569829327678804
HA-01076,Non-private (tuned),-0.4825675043852282
HA-01077,Non-private (tuned),-0.31259521522927475
HA-01078,Non-private (tuned),0.3741928642451176
HA-01079,Non-private (tuned),0.43179897734079564
HA-01080,Non-private (tuned),0.034673462782185915
HA-01081,Non-private (tuned),0.6465806307482244
HA-01082,Non-private (tuned),-0.3811987507523921
HA-01083,Non-private (tuned),0.14940516588660702
HA-01084,Non-private (tuned),0.5937699023362184
HA-01085,Non-private (tuned),0.6176975003197217
HA-01086,Non-private (tuned),0.46205726233836686
HA-01087,Non-private (tuned),0.31866023198282534
HA-01089,Non-private (tuned),-0.00942900966469784
HA-01090,Non-private (tuned),0.18573548753916325
HA-01091,Non-private (tuned),0.2932932542531802
HA-01092,Non-private (tuned),-0.14914715486020302
HA-01093,Non-private (tuned),-0.1674962230281517
HA-01094,Non-private (tuned),0.053379955135229085
HA-01096,Non-private (tuned),0.2376990128129658
HA-01097,Non-private (tuned),0.7147524515159601
HA-01098,Non-private (tuned),0.015532055563730635
HA-01099,Non-private (tuned),-0.3737594744941216
HA-01100,Non-private (tuned),-0.2725136578086811
HA-01102,Non-private (tuned),0.42337812594027935
HA-01103,Non-private (tuned),0.13626514929781441
HA-01104,Non-private (tuned),0.07776368650018328
HA-01105,Non-private (tuned),0.05334761705697666
HA-01106,Non-private (tuned),-0.1747024289694717
HA-01107,Non-private (tuned),0.5742333130612263
HA-01108,Non-private (tuned),-0.025933393420198153
HA-01109,Non-private (tuned),0.015605173055287969
HA-01112,Non-private (tuned),-0.09800917547111757
HA-01113,Non-private (tuned),0.1664737768946879
HA-01114,Non-private (tuned),0.1890325763278513
HA-01115,Non-private (tuned),0.35936692010947474
HA-01116,Non-private (tuned),0.3064116561684915
HA-01117,Non-private (tuned),-0.97276222133783
HA-01118,Non-private (tuned),0.05175060227934902
HA-01119,Non-private (tuned),-0.20867166982335
HA-01120,Non-private (tuned),0.2290566144035786
HA-01121,Non-private (tuned),0.04462417662383705
HA-01122,Non-private (tuned),1.3674906296809204
HA-01123,Non-private (tuned),-0.6024992882649325
HA-01124,Non-private (tuned),-0.4240657751429384
HA-01125,Non-private (tuned),-0.20260926257186918
HA-01126,Non-private (tuned),-0.34552704639326975
HA-01127,Non-private (tuned),-0.5142556328065088
HA-01128,Non-private (tuned),-0.11455116113574731
HA-01129,Non-private (tuned),-0.05371679508870264
HA-01130,Non-private (tuned),0.29757667278172417
HA-01131,Non-private (tuned),0.047650846956844906
HA-01132,Non-private (tuned),-0.9187036942820515
HA-01133,Non-private (tuned),0.32399858164310524
HA-01134,Non-private (tuned),-0.02539442766773725
HA-01135,Non-private (tuned),-0.8706560033030736
HA-01136,Non-private (tuned),0.6934803403758749
HA-01137,Non-private (tuned),-0.0236696490103549
HA-01139,Non-private (tuned),-0.21143741247639997
HA-01140,Non-private (tuned),-0.38319106539128034
HA-01141,Non-private (tuned),-0.06578508596972421
HA-01142,Non-private (tuned),-0.0873477723927607
HA-01143,Non-private (tuned),-0.035892576366867934
HA-01144,Non-private (tuned),0.3628285548337581
HA-01145,Non-private (tuned),0.22588768848071955
HA-01146,Non-private (tuned),0.23890532753052152
HA-01147,Non-private (tuned),0.01838993708684833
HA-01148,Non-private (tuned),0.5545337181110946
HA-01149,Non-private (tuned),0.07936676032834178
HA-01150,Non-private (tuned),-0.1731201122915405
HA-01151,Non-private (tuned),0.11378489661922195
HA-01152,Non-private (tuned),-0.5191213313936249
HA-01154,Non-private (tuned),0.04774052623337455
HA-01155,Non-private (tuned),0.6257383772830578
HA-01156,Non-private (tuned),0.09465184144994104
HA-01157,Non-private (tuned),0.0
HA-01159,Non-private (tuned),-0.23687173503973913
HA-01160,Non-private (tuned),-0.30789454440523156
HA-01161,Non-private (tuned),-0.19338547892809854
HA-01162,Non-private (tuned),-0.613211110927878
HA-01163,Non-private (tuned),-0.3615610337382149
HA-01164,Non-private (tuned),-0.013083997682515669
HA-01165,Non-private (tuned),0.09658439367832783
HA-01166,Non-private (tuned),0.04328921147469894
HA-01167,Non-private (tuned),-0.006186042154100013
HA-01168,Non-private (tuned),0.4515533558012794
HA-01169,Non-private (tuned),0.3336121356688895
HA-01170,Non-private (tuned),-0.716747476355135
HA-01171,Non-private (tuned),-0.7930558247351959
HA-01172,Non-private (tuned),0.28478634995566526
HA-01173,Non-private (tuned),0.12174681030979834
HA-01174,Non-private (tuned),-0.07410550021037232
HA-01175,Non-private (tuned),-0.11159029569889584
HA-01176,Non-private (tuned),-0.16590474211797102
HA-01177,Non-private (tuned),0.44762205155054335
HA-01178,Non-private (tuned),0.6674646722186722
HA-01179,Non-private (tuned),-0.5681179897933286
HA-01180,Non-private (tuned),-0.23339128970318995
HA-01181,Non-private (tuned),-0.08541581230685569
HA-01182,Non-private (tuned),0.2847516073476147
HA-01183,Non-private (tuned),0.23089940449887267
HA-01184,Non-private (tuned),0.07384140869623984
HA-01185,Non-private (tuned),0.3331447030168171
HA-01187,Non-private (tuned),-0.025700458564180628
HA-01189,Non-private (tuned),-0.5905633181248285
HA-01190,Non-private (tuned),0.1607785777726961
HA-01191,Non-private (tuned),-0.20338756317622297
HA-01193,Non-private (tuned),0.05799048170713339
HA-01194,Non-private (tuned),0.22105849416816792
HA-01195,Non-private (tuned),-0.20156512022813344
HA-01196,Non-private (tuned),0.5564585393320289
HA-01198,Non-private (tuned),0.1669380144986038
HA-01199,Non-private (tuned),0.6564876867683289
HA-01200,Non-private (tuned),-0.6672433160763136
HA-01201,Non-private (tuned),0.6105374455456734
HA-01202,Non-private (tuned),-1.390234767918031
HA-01203,Non-private (tuned),0.029785419732303198
HA-01204,Non-private (tuned),-0.19471996712376066
HA-01205,Non-private (tuned),0.15202911693315008
HA-01206,Non-private (tuned),-0.05759521012633578
HA-01207,Non-private (tuned),-0.19321620944040452
HA-01208,Non-private (tuned),-0.00982576426074755
HA-01209,Non-private (tuned),-0.37291365433419965
HA-01210,Non-private (tuned),0.4631517858266707
HA-01211,Non-private (tuned),0.3446670653506516
HA-01212,Non-private (tuned),-0.1477069158376253
HA-01213,Non-private (tuned),-0.6514954490920655
HA-01214,Non-private (tuned),0.4601349848721176
HA-01215,Non-private (tuned),0.4610376881997398
HA-01216,Non-private (tuned),-0.3166125240352983
HA-01218,Non-private (tuned),-0.16165587155758493
HA-01219,Non-private (tuned),-0.3932034658836741
HA-01220,Non-private (tuned),-0.10502734494392929
HA-01221,Non-private (tuned),0.11647512768550122
HA-01222,Non-private (tuned),-0.20583545409636206
HA-01223,Non-private (tuned),0.16794468627712222
HA-01224,Non-private (tuned),0.07743578272401452
HA-01225,Non-private (tuned),0.32792250316416893
HA-01226,Non-private (tuned),-0.0777528669915526
HA-01227,Non-private (tuned),0.18983455450479592
HA-01228,Non-private (tuned),-0.18192466465450707
HA-01229,Non-private (tuned),0.5310015348659038
HA-01230,Non-private (tuned),0.030376185097695463
HA-01231,Non-private (tuned),-0.554882099299145
HA-01232,Non-private (tuned),-0.2999760739375328
HA-01234,Non-private (tuned),0.17315274222874238
HA-01235,Non-private (tuned),0.12245803872856187
HA-01236,Non-private (tuned),-0.3204463276217948
HA-01237,Non-private (tuned),-0.19137661383491966
HA-01238,Non-private (tuned),-0.17831064333385288
HA-01239,Non-private (tuned),0.17924690186565737
HA-01240,Non-private (tuned),-0.2489424890737303
HA-01241,Non-private (tuned),0.1007292466823016
HA-01243,Non-private (tuned),0.14304946723154677
HA-01244,Non-private (tuned),-0.6874016756805521
HA-01245,Non-private (tuned),0.10037284556353146
HA-01247,Non-private (tuned),0.3860371048297715
HA-01250,Non-private (tuned),-0.6485530243516643
HA-01252,Non-private (tuned),0.14960967004681636
HA-01253,Non-private (tuned),-0.561963651603969
HA-01254,Non-private (tuned),0.06421414671615988
HA-01255,Non-private (tuned),0.4302345744094511
HA-01256,Non-private (tuned),-0.3740773298881625
HA-01257,Non-private (tuned),-0.05263759799729251
HA-01258,Non-private (tuned),0.2910356980520643
HA-01259,Non-private (tuned),-0.33819256942547954
HA-01261,Non-private (tuned),0.1836844984972119
HA-01262,Non-private (tuned),0.35053961838081715
HA-01264,Non-private (tuned),0.1402742196775113
HA-01265,Non-private (tuned),0.5173715992649484
HA-01266,Non-private (tuned),-0.07384045919307247
HA-01267,Non-private (tuned),-0.03920448035904023
HA-01268,Non-private (tuned),-0.2602919714209795
HA-01269,Non-private (tuned),0.4655838691819262
HA-01270,Non-private (tuned),0.025594222423845348
HA-01271,Non-private (tuned),0.4909573922043417
HA-01272,Non-private (tuned),-0.41258896922383403
HA-01273,Non-private (tuned),0.564691594469792
HA-01274,Non-private (tuned),-0.24262407676735967
HA-01275,Non-private (tuned),-0.06302186531927623
HA-01276,Non-private (tuned),0.016331128568538217
HA-01277,Non-private (tuned),0.10685584894993322
HA-01278,Non-private (tuned),-0.146192508577748
HA-01279,Non-private (tuned),-0.689960333035381
HA-01280,Non-private (tuned),-0.0031957418731526355
HA-01281,Non-private (tuned),-0.009886160184932935
HA-01282,Non-private (tuned),0.8382542060960981
HA-01283,Non-private (tuned),-0.32574530444426186
HA-01285,Non-private (tuned),-0.43063407180156943
HA-01286,Non-private (tuned),-0.14809830870381516
HA-01287,Non-private (tuned),0.16308315477902213
HA-01288,Non-private (tuned),-0.1207379107651757
HA-01289,Non-private (tuned),0.36911858811878984
HA-01291,Non-private (tuned),0.14076055591864894
HA-01292,Non-private (tuned),0.13748496995657522
HA-01293,Non-private (tuned),0.09583951678012503
HA-01294,Non-private (tuned),0.435630877191606
HA-01295,Non-private (tuned),0.07941355418544305
HA-01296,Non-private (tuned),-0.05467224193327025
HA-01297,Non-private (tuned),-0.820369807894824
HA-01298,Non-private (tuned),-0.0011576079966085784
HA-01300,Non-private (tuned),0.034077254485122443
HA-01301,Non-private (tuned),0.5524475601353704
HA-01302,Non-private (tuned),0.32014854578859775
HA-01303,Non-private (tuned),-0.5382818377530181
HA-01304,Non-private (tuned),-0.1261048903452867
HA-01305,Non-private (tuned),0.009993805642327158
HA-01307,Non-private (tuned),0.04986255014259844
HA-01308,Non-private (tuned),0.3282985442297592
HA-01309,Non-private (tuned),-0.01620841000386658
HA-01310,Non-private (tuned),-0.14504787502396932
HA-01312,Non-private (tuned),0.09051234767445782
HA-01313,Non-private (tuned),-0.14234087892863195
HA-01314,Non-private (tuned),0.1882523784860758
HA-01315,Non-private (tuned),-0.16195353350294922
HA-01316,Non-private (tuned),-0.0360743048769355
HA-01317,Non-private (tuned),0.10142915289924159
HA-01318,Non-private (tuned),0.5488109941164144
HA-01319,Non-private (tuned),0.15699258745276645
HA-01320,Non-private (tuned),0.08087734383665057
HA-01321,Non-private (tuned),0.012715819444729215
HA-01322,Non-private (tuned),-0.7330568802066636
HA-01323,Non-private (tuned),-0.20219486863944242
HA-01324,Non-private (tuned),0.840774776614351
HA-01325,Non-private (tuned),-0.3554576919766347
HA-01326,Non-private (tuned),-0.4970292205209541
HA-01328,Non-private (tuned),-0.013465231035692748
HA-01329,Non-private (tuned),-0.01988405951641392
HA-01330,Non-private (tuned),0.06277909440197593
HA-01331,Non-private (tuned),-0.24906023708338831
HA-01332,Non-private (tuned),0.1440102579032556
HA-01333,Non-private (tuned),0.2233210844761701
HA-01334,Non-private (tuned),0.22864801361779402
HA-01335,Non-private (tuned),-0.010365480618397482
HA-01336,Non-private (tuned),-0.627449399297012
HA-01337,Non-private (tuned),-0.22714726146915054
HA-01338,Non-private (tuned),-0.1887743735115343
HA-01339,Non-private (tuned),-0.35892275139087987
HA-01341,Non-private (tuned),0.0801037152312778
HA-01342,Non-private (tuned),-0.10811703434364778
HA-01343,Non-private (tuned),-0.30907892780486834
HA-01344,Non-private (tuned),-0.530520718521664
HA-01345,Non-private (tuned),-0.06739007231981586
HA-01346,Non-private (tuned),0.1924689037156741
HA-01347,Non-private (tuned),0.17082841262177462
HA-01349,Non-private (tuned),-0.7976873365745414
HA-01350,Non-private (tuned),0.3779621518225529
HA-01351,Non-private (tuned),0.08725328553389344
HA-01353,Non-private (tuned),0.2731622201496117
HA-01354,Non-private (tuned),0.056323554033378964
HA-01355,Non-private (tuned),0.21354173519260672
HA-01356,Non-private (tuned),0.7876046922089591
HA-01357,Non-private (tuned),0.035047974302563956
HA-01358,Non-private (tuned),0.14586435951871335
HA-01359,Non-private (tuned),0.11766033995303249
HA-01360,Non-private (tuned),0.25281168942361854
HA-01361,Non-private (tuned),-0.0064025709894463545
HA-01362,Non-private (tuned),0.03166357522207647
HA-01363,Non-private (tuned),0.44610441086011265
HA-01364,Non-private (tuned),0.6621655929273609
HA-01367,Non-private (tuned),-0.06888314977073012
HA-01368,Non-private (tuned),-0.4495704224207051
HA-01369,Non-private (tuned),-0.07329557278592219
HA-01370,Non-private (tuned),-0.03971729830113002
HA-01371,Non-private (tuned),0.024236630949833027
HA-01373,Non-private (tuned),0.233246386265767
HA-01374,Non-private (tuned),-0.19262504718105436
HA-01375,Non-private (tuned),0.034815991124834356
HA-01376,Non-private (tuned),-0.33945472512144237
HA-01377,Non-private (tuned),1.1895308669993987
HA-01378,Non-private (tuned),-0.0050270618605601225
HA-01379,Non-private (tuned),-0.0032973947580320906
HA-01380,Non-private (tuned),-0.15436847343192317
HA-01381,Non-private (tuned),-0.6116255524607891
HA-01382,Non-private (tuned),-0.05945862854709305
HA-01383,Non-private (tuned),-0.14049509627857587
HA-01384,Non-private (tuned),-0.448377324545697
HA-01385,Non-private (tuned),-0.2788032813055411
HA-01386,Non-private (tuned),-0.1922265159885992
HA-01387,Non-private (tuned),0.01636752823496529
HA-01388,Non-private (tuned),-0.28161136221798433
HA-01389,Non-private (tuned),0.006512266200471739
HA-01390,Non-private (tuned),0.17631944319371784
HA-01391,Non-private (tuned),0.246006931904991
HA-01392,Non-private (tuned),0.4671050737083833
HA-01393,Non-private (tuned),-0.49236136498115146
HA-01394,Non-private (tuned),-0.3806570179265364
HA-01395,Non-private (tuned),-0.008801917781613128
HA-01396,Non-private (tuned),0.03533970761941535
HA-01398,Non-private (tuned),-0.1164803209435572
HA-01399,Non-private (tuned),0.00809985678372821
HA-01400,Non-private (tuned),-0.22166461692111383
HA-01401,Non-private (tuned),-0.08956394966705017
HA-01402,Non-private (tuned),0.04458141050297981
HA-01404,Non-private (tuned),-0.46818013528747665
HA-01405,Non-private (tuned),-0.02075171395727371
HA-01406,Non-private (tuned),-0.5684343559264227
HA-01407,Non-private (tuned),-0.040064730556380435
HA-01408,Non-private (tuned),0.018685987080893418
HA-01409,Non-private (tuned),-0.3217798414675172
HA-01410,Non-private (tuned),0.5426417506012216
HA-01412,Non-private (tuned),-0.30706541994595543
HA-01413,Non-private (tuned),-0.31937867721726654
HA-01415,Non-private (tuned),1.5547162265424748
HA-01416,Non-private (tuned),1.5313535362755413
HA-01417,Non-private (tuned),-0.24282135646986275
HA-01418,Non-private (tuned),0.2385056948713181
HA-01419,Non-private (tuned),0.10805471124353533
HA-01420,Non-private (tuned),-0.211988902157018
HA-01421,Non-private (tuned),0.055498686932033525
HA-01422,Non-private (tuned),0.17747520223886604
HA-01423,Non-private (tuned),-0.2028791080662724
HA-01424,Non-private (tuned),0.45875103205093193
HA-01425,Non-private (tuned),0.3287877850818295
HA-01427,Non-private (tuned),0.3530435742131568
HA-01429,Non-private (tuned),-0.3689706967860063
HA-01430,Non-private (tuned),0.13533694152743858
HA-01431,Non-private (tuned),0.08758527157715079
HA-01432,Non-private (tuned),0.021075702034844324
HA-01433,Non-private (tuned),0.06904918163521079
HA-01434,Non-private (tuned),0.049670840517637815
HA-01435,Non-private (tuned),-0.13186632520844085
HA-01436,Non-private (tuned),-0.04142729507085052
HA-01437,Non-private (tuned),0.32348765448842154
HA-01438,Non-private (tuned),0.03877003673611945
HA-01439,Non-private (tuned),-0.12043775779810229
HA-01440,Non-private (tuned),0.3301461817177528
HA-01441,Non-private (tuned),0.20990243831925026
HA-01442,Non-private (tuned),-0.11991320756427115
HA-01443,Non-private (tuned),0.19183791129746164
HA-01444,Non-private (tuned),-0.25918717683907655
HA-01445,Non-private (tuned),-0.17136261357361715
HA-01446,Non-private (tuned),-0.2086586399885899
HA-01447,Non-private (tuned),0.7901324659072148
HA-01448,Non-private (tuned),0.09336810595302944
HA-01449,Non-private (tuned),-0.16424889405423393
HA-01450,Non-private (tuned),0.06446016150147738
HA-01451,Non-private (tuned),-0.12798626350385706
HA-01453,Non-private (tuned),0.07057116757790532
HA-01454,Non-private (tuned),-0.3290630739800897
HA-01456,Non-private (tuned),0.2150886048919557
HA-01457,Non-private (tuned),-0.5404494482899965
HA-01458,Non-private (tuned),-0.37369582532660783
HA-01459,Non-private (tuned),-0.0024846397009080645
HA-01460,Non-private (tuned),-0.0161992753101714
HA-01461,Non-private (tuned),0.35733957872807054
HA-01463,Non-private (tuned),-0.26700623789207667
HA-01464,Non-private (tuned),-0.12103926111322572
HA-01466,Non-private (tuned),0.07134618702699697
HA-01467,Non-private (tuned),-0.08269486042163943
HA-01468,Non-private (tuned),0.2104149287863411
HA-01469,Non-private (tuned),-0.012756241606080798
HA-01470,Non-private (tuned),-0.05419829434084322
HA-01471,Non-private (tuned),-0.14381484245402865
HA-01472,Non-private (tuned),-0.1489528878466129
HA-01473,Non-private (tuned),-0.3181759145253474
HA-01474,Non-private (tuned),-0.5040500958319969
HA-01475,Non-private (tuned),0.04342788060157521
HA-01476,Non-private (tuned),-0.5638845927663327
HA-01477,Non-private (tuned),-0.05804267410057912
HA-01478,Non-private (tuned),0.15651444428559336
HA-01479,Non-private (tuned),-0.5400786173074359
HA-01480,Non-private (tuned),-0.04532830737745197
HA-01481,Non-private (tuned),-0.03773517446289404
HA-01482,Non-private (tuned),-0.3029827443899611
HA-01483,Non-private (tuned),0.41919307708574605
HA-01484,Non-private (tuned),0.20768372962519066
HA-01485,Non-private (tuned),-0.09417598101790259
HA-01486,Non-private (tuned),-0.3867163724129622
HA-01488,Non-private (tuned),0.23465029820607197
HA-01489,Non-private (tuned),-0.2921994043150764
HA-01490,Non-private (tuned),0.27410827197370313
HA-01491,Non-private (tuned),-0.12026369068302023
HA-01492,Non-private (tuned),-0.31370118009163134
HA-01493,Non-private (tuned),-0.6628606060496225
HA-01495,Non-private (tuned),-0.5192054352241773
HA-01496,Non-private (tuned),0.11506459328453411
HA-01497,Non-private (tuned),-0.17384756775558152
HA-01498,Non-private (tuned),0.09285628700336732
HA-01499,Non-private (tuned),0.105415981732775
HA-01500,Non-private (tuned),1.316115478024067
HA-01501,Non-private (tuned),0.5088058562108494
HA-01502,Non-private (tuned),-0.06788128738021948
HA-01503,Non-private (tuned),0.8914359643476147
HA-01504,Non-private (tuned),0.1298076185821706
HA-01505,Non-private (tuned),0.048620647427254915
HA-01506,Non-private (tuned),-0.3596416643809514
HA-01507,Non-private (tuned),-1.1388084230605688
HA-01508,Non-private (tuned),-0.1893851114084068
HA-01509,Non-private (tuned),0.042140993552956585
HA-01511,Non-private (tuned),-0.2508269380942967
HA-01512,Non-private (tuned),-0.06066787698075077
HA-01513,Non-private (tuned),-0.19857217707393676
HA-01514,Non-private (tuned),0.3633401582498464
HA-01515,Non-private (tuned),0.27258546694373464
HA-01516,Non-private (tuned),-0.22148663630101156
HA-01517,Non-private (tuned),-0.3549908057615864
HA-01518,Non-private (tuned),-0.07714194847889941
HA-01519,Non-private (tuned),-0.33855526878452213
HA-01520,Non-private (tuned),0.7058121183878073
HA-01521,Non-private (tuned),0.232288322520538
HA-01522,Non-private (tuned),0.3716918692461918
HA-01523,Non-private (tuned),0.26360947691949266
HA-01524,Non-private (tuned),0.39839619351515265
HA-01525,Non-private (tuned),0.7545160203237288
HA-01526,Non-private (tuned),-0.08203019429478911
HA-01527,Non-private (tuned),-0.08728558765048894
HA-01528,Non-private (tuned),0.18209540111897377
HA-01529,Non-private (tuned),-0.04005089789510463
HA-01530,Non-private (tuned),-0.2880911829001406
HA-01531,Non-private (tuned),0.020247775805824986
HA-01532,Non-private (tuned),0.17220074122325668
HA-01533,Non-private (tuned),0.13266216257704605
HA-01534,Non-private (tuned),-0.4581841077603537
HA-01535,Non-private (tuned),0.4192087121839679
HA-01537,Non-private (tuned),-0.019668355639638868
HA-01538,Non-private (tuned),-0.42364762857805016
HA-01539,Non-private (tuned),0.6772857971337594
HA-01540,Non-private (tuned),-0.4547313425565003
HA-01541,Non-private (tuned),0.08302285167668721
HA-01542,Non-private (tuned),-0.9250013014856724
HA-01543,Non-private (tuned),-0.234561764198012
HA-01544,Non-private (tuned),0.29071365373742597
HA-01545,Non-private (tuned),1.0152026930703852
HA-01546,Non-private (tuned),0.1916588835349441
HA-01547,Non-private (tuned),0.6869436783392953
HA-01548,Non-private (tuned),0.4553918319482564
HA-01549,Non-private (tuned),-0.21563944630061452
HA-01550,Non-private (tuned),-0.07019599812943694
HA-01551,Non-private (tuned),0.05453227895994184
HA-01552,Non-private (tuned),0.14017613765441023
HA-01553,Non-private (tuned),-0.37714683811411637
HA-01554,Non-private (tuned),1.290241187309415
HA-01555,Non-private (tuned),-0.1521039003686402
HA-01558,Non-private (tuned),0.06167789027843362
HA-01559,Non-private (tuned),-0.5684287316325461
HA-01561,Non-private (tuned),-0.29183092757903095
HA-01562,Non-private (tuned),0.2469938645294672
HA-01563,Non-private (tuned),-0.3978743415464689
HA-01564,Non-private (tuned),0.24938755062324314
HA-01565,Non-private (tuned),-0.0947773548628531
HA-01566,Non-private (tuned),-0.2419461664589736
HA-01567,Non-private (tuned),0.03405109802591044
HA-01568,Non-private (tuned),0.0031026066700604593
HA-01569,Non-private (tuned),0.44629014399563904
HA-01570,Non-private (tuned),0.4338884564670241
HA-01571,Non-private (tuned),0.024966101422089437
HA-01572,Non-private (tuned),0.3264245408162234
HA-01573,Non-private (tuned),1.0983294645060988
HA-01575,Non-private (tuned),-1.818630277602057
HA-01576,Non-private (tuned),0.19904268969971778
HA-01577,Non-private (tuned),-0.09754122136966059
HA-01578,Non-private (tuned),-0.6929724949758007
HA-01579,Non-private (tuned),-0.21501962409779996
HA-01580,Non-private (tuned),0.15684680282937002
HA-01581,Non-private (tuned),0.5842932199796761
HA-01582,Non-private (tuned),0.25073890847342284
HA-01583,Non-private (tuned),-0.031194528420116774
HA-01584,Non-private (tuned),-0.6676567785970567
HA-01585,Non-private (tuned),0.6327378698742003
HA-01586,Non-private (tuned),0.10991642804857482
HA-01587,Non-private (tuned),0.40045596707934283
HA-01588,Non-private (tuned),-0.4632201672473544
HA-01590,Non-private (tuned),-0.06278546646059135
HA-01591,Non-private (tuned),0.22800451408018485
HA-01592,Non-private (tuned),-0.23146824215328066
HA-01593,Non-private (tuned),-0.3493962043259753
HA-01594,Non-private (tuned),0.11904642946356303
HA-01595,Non-private (tuned),-0.2665872580614501
HA-01596,Non-private (tuned),-0.09970207406889492
HA-01597,Non-private (tuned),-0.15104781434601422
HA-01598,Non-private (tuned),-0.033461308104597576
HA-01600,Non-private (tuned),0.055775540294350834
HA-01602,Non-private (tuned),0.47988948701106
HA-01603,Non-private (tuned),-0.011204418093086033
HA-01604,Non-private (tuned),0.10067975464985612
HA-01605,Non-private (tuned),0.2892592834904585
HA-01606,Non-private (tuned),0.46201045438129806
HA-01607,Non-private (tuned),0.2363646157237514
HA-01608,Non-private (tuned),0.34726826319587883
HA-01609,Non-private (tuned),-0.01572209923925122
HA-01610,Non-private (tuned),0.533827662315536
HA-01611,Non-private (tuned),0.4603115161142552
HA-01612,Non-private (tuned),0.5326434345694548
HA-01613,Non-private (tuned),-0.3843343990199579
HA-01614,Non-private (tuned),0.2810786159068507
HA-01615,Non-private (tuned),-0.15819686780145858
HA-01616,Non-private (tuned),-0.08787744789589785
HA-01617,Non-private (tuned),0.04343418575364788
HA-01618,Non-private (tuned),-0.22014185812500064
HA-01619,Non-private (tuned),-0.4051548554104769
HA-01620,Non-private (tuned),0.44503172743529684
HA-01621,Non-private (tuned),-0.16775006752073068
HA-01623,Non-private (tuned),0.4188058613006267
HA-01625,Non-private (tuned),-0.1138415835429697
HA-01626,Non-private (tuned),0.34606537085266886
HA-01627,Non-private (tuned),-0.0711479950512518
HA-01628,Non-private (tuned),-0.7450962827434096
HA-01629,Non-private (tuned),0.5476787472054838
HA-01630,Non-private (tuned),-0.6706157358919265
HA-01631,Non-private (tuned),-0.08699698023409735
HA-01632,Non-private (tuned),0.24360509490060506
HA-01633,Non-private (tuned),0.1569114795772874
HA-01634,Non-private (tuned),0.125834519336943
HA-01635,Non-private (tuned),0.060099572865802475
HA-01636,Non-private (tuned),0.17171687415076742
HA-01638,Non-private (tuned),0.2326194228563202
HA-01639,Non-private (tuned),0.2418939170892824
HA-01640,Non-private (tuned),-0.13724498664095514
HA-01641,Non-private (tuned),0.3529395441000287
HA-01642,Non-private (tuned),-0.1674827482378689
HA-01643,Non-private (tuned),-0.12150111114367179
HA-01644,Non-private (tuned),-0.5222815908165985
HA-01645,Non-private (tuned),0.010674398423937026
HA-01646,Non-private (tuned),-0.34640282572422243
HA-01647,Non-private (tuned),1.0771704163455555
HA-01648,Non-private (tuned),0.13205311378169093
HA-01649,Non-private (tuned),-0.12801890739499688
HA-01650,Non-private (tuned),0.027289248719234327
HA-01651,Non-private (tuned),0.2055846104316852
HA-01652,Non-private (tuned),-0.2684943460147753
HA-01653,Non-private (tuned),0.22973648097625926
HA-01654,Non-private (tuned),0.4754890983463451
HA-01655,Non-private (tuned),-0.36497977586210834
HA-01656,Non-private (tuned),-0.2856089592341235
HA-01657,Non-private (tuned),0.16691789384071792
HA-01658,Non-private (tuned),-0.37912442892612097
HA-01659,Non-private (tuned),-0.037961540300426866
HA-01661,Non-private (tuned),0.04956245045915442
HA-01662,Non-private (tuned),0.4025834448187154
HA-01663,Non-private (tuned),-0.24518939747638724
HA-01664,Non-private (tuned),0.1548356193158868
HA-01665,Non-private (tuned),0.10533772886281267
HA-01666,Non-private (tuned),-0.12301127609898133
HA-01667,Non-private (tuned),0.12349770799278409
HA-01669,Non-private (tuned),0.03242715431127413
HA-01670,Non-private (tuned),0.18888880539451502
HA-01671,Non-private (tuned),0.355281874397986
HA-01673,Non-private (tuned),0.4766006536403975
HA-01674,Non-private (tuned),-0.27246357578615826
HA-01675,Non-private (tuned),0.33553578611838963
HA-01677,Non-private (tuned),-0.13032323633219092
HA-01678,Non-private (tuned),-0.1280658127200216
HA-01679,Non-private (tuned),-0.08710896690808556
HA-01680,Non-private (tuned),-0.055651317096499175
HA-01681,Non-private (tuned),-0.04380469292836553
HA-01682,Non-private (tuned),-0.3333899892017299
HA-01683,Non-private (tuned),0.10548173205440994
HA-01684,Non-private (tuned),0.10854800763358496
HA-01685,Non-private (tuned),0.50089631613303
HA-01686,Non-private (tuned),0.08791702396257212
HA-01687,Non-private (tuned),0.3562701343201964
HA-01688,Non-private (tuned),0.0607455631541855
HA-01689,Non-private (tuned),0.3029324179443633
HA-01690,Non-private (tuned),0.03871927458955149
HA-01691,Non-private (tuned),-0.43308541883767454
HA-01693,Non-private (tuned),0.4367407798234275
HA-01694,Non-private (tuned),0.262842952194437
HA-01695,Non-private (tuned),-0.07141455127084462
HA-01696,Non-private (tuned),-0.053323458150158265
HA-01697,Non-private (tuned),-0.0806558791525297
HA-01698,Non-private (tuned),-0.11328027143368258
HA-01699,Non-private (tuned),-0.14884164135724143
HA-01700,Non-private (tuned),0.237999273296589
HA-01701,Non-private (tuned),0.051847737786734044
HA-01702,Non-private (tuned),-0.15196833668394988
HA-01704,Non-private (tuned),-0.22723538066286064
HA-01705,Non-private (tuned),0.46408641058198424
HA-01706,Non-private (tuned),0.5275151575502554
HA-01707,Non-private (tuned),-0.010033641998502096
HA-01708,Non-private (tuned),0.39243674211406304
HA-01709,Non-private (tuned),0.12889974355030037
HA-01710,Non-private (tuned),0.0035382388464613723
HA-01712,Non-private (tuned),0.2767473616445411
HA-01713,Non-private (tuned),0.2238627518627219
HA-01715,Non-private (tuned),0.026445391244081906
HA-01716,Non-private (tuned),-0.06663777735920051
HA-01717,Non-private (tuned),-0.24168543234535356
HA-01718,Non-private (tuned),0.6180490341196856
HA-01719,Non-private (tuned),0.5645267267747406
HA-01720,Non-private (tuned),0.8407410680150158
HA-01721,Non-private (tuned),-0.1403777878685839
HA-01722,Non-private (tuned),-1.2574414773500457
HA-01723,Non-private (tuned),0.3139355542687835
HA-01724,Non-private (tuned),0.5877839974190295
HA-01725,Non-private (tuned),-0.016416292900900853
HA-01726,Non-private (tuned),0.1028543308088598
HA-01727,Non-private (tuned),0.41883681039386544
HA-01728,Non-private (tuned),-0.10969711000228005
HA-01729,Non-private (tuned),0.19424432508759099
HA-01730,Non-private (tuned),-0.02547942202345077
HA-01731,Non-private (tuned),0.20325175557544828
HA-01733,Non-private (tuned),0.20587668564605444
HA-01734,Non-private (tuned),-0.005406744917523798
HA-01735,Non-private (tuned),-0.11331422369740435
HA-01736,Non-private (tuned),0.04466976111253518
HA-01737,Non-private (tuned),-0.27450529772017396
HA-01738,Non-private (tuned),0.7484042856787901
HA-01739,Non-private (tuned),-0.19639874666020907
HA-01740,Non-private (tuned),-0.3992521030362317
HA-01741,Non-private (tuned),-0.17852615102431718
HA-01742,Non-private (tuned),-0.11747347925965657
HA-01743,Non-private (tuned),-0.25681817974002663
HA-01744,Non-private (tuned),-0.14446044969162092
HA-01745,Non-private (tuned),-0.3058274202223607
HA-01746,Non-private (tuned),0.1360301480004154
HA-01747,Non-private (tuned),0.5540224463420459
HA-01748,Non-private (tuned),-0.257277983946687
HA-01750,Non-private (tuned),-0.15080388361884678
HA-01751,Non-private (tuned),-0.3721861772537504
HA-01752,Non-private (tuned),-0.2704804439029916
HA-01753,Non-private (tuned),0.4769535457058147
HA-01754,Non-private (tuned),-0.25445846339388056
HA-01755,Non-private (tuned),0.31766143074885717
HA-01756,Non-private (tuned),0.2728214641862893
HA-01757,Non-private (tuned),-0.1055402338613794
HA-01758,Non-private (tuned),0.008010219723348144
HA-01759,Non-private (tuned),-0.47532891883016576
HA-01760,Non-private (tuned),0.008664025143490461
HA-01761,Non-private (tuned),0.11703657174501991
HA-01762,Non-private (tuned),0.2839632738663019
HA-01763,Non-private (tuned),0.1624334801650663
HA-01764,Non-private (tuned),0.5483774078362702
HA-01765,Non-private (tuned),0.36747240026009104
HA-01766,Non-private (tuned),-0.2858383379219713
HA-01768,Non-private (tuned),-0.30221066559151616
HA-01769,Non-private (tuned),-0.06369019453708519
HA-01770,Non-private (tuned),-0.05759016319989119
HA-01771,Non-private (tuned),-0.35623026897498516
HA-01772,Non-private (tuned),0.16757629130967033
HA-01773,Non-private (tuned),0.22227959276307607
HA-01774,Non-private (tuned),-0.06213068713508846
HA-01775,Non-private (tuned),0.23772377800888864
HA-01776,Non-private (tuned),0.1419584999986362
HA-01777,Non-private (tuned),0.07668263807543041
HA-01778,Non-private (tuned),-0.11239728759771889
HA-01780,Non-private (tuned),0.22794204745704127
HA-01781,Non-private (tuned),0.3227781748907609
HA-01782,Non-private (tuned),-0.055595329967196405
HA-01783,Non-private (tuned),-0.21852819303249393
HA-01784,Non-private (tuned),0.16574767331398493
HA-01785,Non-private (tuned),0.2008747418730762
HA-01786,Non-private (tuned),0.2134642460741178
HA-01787,Non-private (tuned),-0.09485804018027366
HA-01788,Non-private (tuned),0.10399011623129051
HA-01789,Non-private (tuned),0.0997528700434317
HA-01790,Non-private (tuned),1.375845799837697
HA-01791,Non-private (tuned),-0.19321456893789665
HA-01792,Non-private (tuned),-0.06299848450802992
HA-01793,Non-private (tuned),0.3667369130126469
HA-01795,Non-private (tuned),-0.3321454077955219
HA-01796,Non-private (tuned),-0.005726678739244484
HA-01797,Non-private (tuned),-0.25279330131915767
HA-01798,Non-private (tuned),0.17926238534348043
HA-01799,Non-private (tuned),0.32376624045333197
HA-01800,Non-private (tuned),0.20774793597514957
HA-01801,Non-private (tuned),0.37924792465348117
HA-01802,Non-private (tuned),-0.12954981160327045
HA-01803,Non-private (tuned),-0.2411064016242085
HA-01804,Non-private (tuned),0.10419474613151303
HA-01805,Non-private (tuned),-0.16139357107113514
HA-01806,Non-private (tuned),0.09664985745172566
HA-01807,Non-private (tuned),0.015943182834999903
HA-01809,Non-private (tuned),-0.9626159482318
HA-01810,Non-private (tuned),-0.009149953444958225
HA-01812,Non-private (tuned),0.06314509613363734
HA-01813,Non-private (tuned),0.2872221429488981
HA-01814,Non-private (tuned),0.15229499441327424
HA-01815,Non-private (tuned),-0.2409198375948567
HA-01816,Non-private (tuned),0.4518716300990479
HA-01817,Non-private (tuned),-0.2846664504858218
HA-01818,Non-private (tuned),0.45114729625056693
HA-01819,Non-private (tuned),0.07637141337269765
HA-01820,Non-private (tuned),0.18968231533030855
HA-01821,Non-private (tuned),-0.1328963328048851
HA-01822,Non-private (tuned),-0.2526249229324233
HA-01823,Non-private (tuned),0.36543539900963995
HA-01824,Non-private (tuned),-0.030099422166476986
HA-01825,Non-private (tuned),-0.1667772404317125
HA-01826,Non-private (tuned),-0.20378119494591873
HA-01827,Non-private (tuned),-0.019397345084569917
HA-01828,Non-private (tuned),-0.07092635484743992
HA-01829,Non-private (tuned),0.2926323516860597
HA-01830,Non-private (tuned),-0.23888072643527503
HA-01831,Non-private (tuned),0.04965667621145298
HA-01832,Non-private (tuned),-0.08582860088215649
HA-01833,Non-private (tuned),-0.07054405862598256
HA-01834,Non-private (tuned),-0.22319746846390517
HA-01835,Non-private (tuned),0.16865892021172552
HA-01836,Non-private (tuned),-0.3392941405301651
HA-01837,Non-private (tuned),0.285895025709519
HA-01838,Non-private (tuned),0.29711277470968345
HA-01839,Non-private (tuned),0.3041220570786579
HA-01840,Non-private (tuned),0.3034851273397873
HA-01841,Non-private (tuned),0.1233236366235827
HA-01843,Non-private (tuned),-0.5398884354471476
HA-01844,Non-private (tuned),-0.055181487921536654
HA-01845,Non-private (tuned),0.4476727444830259
HA-01846,Non-private (tuned),-0.006898335737664518
HA-01847,Non-private (tuned),0.15421218066991055
HA-01848,Non-private (tuned),0.2022079795960205
HA-01851,Non-private (tuned),0.6280165271020415
HA-01852,Non-private (tuned),0.43994806947669635
HA-01853,Non-private (tuned),0.3217859391751803
HA-01854,Non-private (tuned),0.48634011209685346
HA-01855,Non-private (tuned),-0.024209348801917274
HA-01856,Non-private (tuned),0.06363342503331398
HA-01857,Non-private (tuned),0.8606499365924553
HA-01858,Non-private (tuned),-0.10879107408739591
HA-01859,Non-private (tuned),-0.2404460517798077
HA-01860,Non-private (tuned),-0.3305148945525056
HA-01861,Non-private (tuned),0.16457477677588367
HA-01862,Non-private (tuned),0.28547865351654433
HA-01863,Non-private (tuned),-0.05893700666467605
HA-01864,Non-private (tuned),0.09445480594613928
HA-01865,Non-private (tuned),-0.05810229369590614
HA-01866,Non-private (tuned),0.3939809336569412
HA-01867,Non-private (tuned),-0.15757022207303448
HA-01868,Non-private (tuned),-0.005260167557816442
HA-01869,Non-private (tuned),0.29222263330811904
HA-01870,Non-private (tuned),-0.13517998255988017
HA-01871,Non-private (tuned),0.3778685130883582
HA-01872,Non-private (tuned),-0.44791081484903433
HA-01873,Non-private (tuned),0.3866085169593998
HA-01874,Non-private (tuned),0.027673797780874698
HA-01875,Non-private (tuned),-0.34819033433120705
HA-01876,Non-private (tuned),0.36293201971345307
HA-01878,Non-private (tuned),0.03872816454013117
HA-01879,Non-private (tuned),0.3893906367310071
HA-01880,Non-private (tuned),-0.07753785157800464
HA-01881,Non-private (tuned),0.0029957579866229933
HA-01883,Non-private (tuned),-0.2513691488614167
HA-01884,Non-private (tuned),-0.031159965914163146
HA-01885,Non-private (tuned),-0.21343842455491324
HA-01886,Non-private (tuned),0.20631165072438384
HA-01887,Non-private (tuned),0.205148748549716
HA-01888,Non-private (tuned),0.11964286987971573
HA-01889,Non-private (tuned),-0.14520694153881347
HA-01890,Non-private (tuned),-0.09403787446669781
HA-01893,Non-private (tuned),-0.39882483364953125
HA-01894,Non-private (tuned),-0.2579628275509276
HA-01895,Non-private (tuned),0.015457499441264178
HA-01896,Non-private (tuned),-0.04519164822578481
HA-01897,Non-private (tuned),-0.2592445401871003
HA-01898,Non-private (tuned),-0.4575073575027391
HA-01899,Non-private (tuned),-0.42849522574720644
HA-01900,Non-private (tuned),-0.868714349023431
HA-01901,Non-private (tuned),-0.061712304130197015
HA-01902,Non-private (tuned),-0.49090239045109807
HA-01903,Non-private (tuned),0.44438885678624396
HA-01905,Non-private (tuned),-0.27807147199992177
HA-01906,Non-private (tuned),-0.268115184089622
HA-01907,Non-private (tuned),-0.3724215865963628
HA-01908,Non-private (tuned),-1.189757586259522
HA-01909,Non-private (tuned),-0.16318572613869753
HA-01910,Non-private (tuned),-0.16612051629714925
HA-01912,Non-private (tuned),-0.5050028732217061
HA-01913,Non-private (tuned),-0.47579834942937127
HA-01914,Non-private (tuned),0.27832972098716924
HA-01915,Non-private (tuned),0.03987230903447109
HA-01916,Non-private (tuned),0.5862225017013432
HA-01918,Non-private (tuned),0.3207994629496018
HA-01919,Non-private (tuned),-0.07918939258425706
HA-01920,Non-private (tuned),1.533997132969683
HA-01921,Non-private (tuned),-0.379735944310862
HA-01922,Non-private (tuned),-0.3594802897804376
HA-01923,Non-private (tuned),0.049775457532640066
HA-01924,Non-private (tuned),0.17917306694852086
HA-01925,Non-private (tuned),-0.17429581082208895
HA-01926,Non-private (tuned),0.2689439507172421
HA-01927,Non-private (tuned),0.06936671313644815
HA-01928,Non-private (tuned),0.31496976745723454
HA-01929,Non-private (tuned),0.15784328553038707
HA-01930,Non-private (tuned),-0.3028293735403004
HA-01931,Non-private (tuned),0.3320209158789855
HA-01933,Non-private (tuned),-0.44296568921465485
HA-01934,Non-private (tuned),0.09724253277356315
HA-01935,Non-private (tuned),-0.07507124042396607
HA-01936,Non-private (tuned),0.1704439335769074
HA-01937,Non-private (tuned),-0.6812696323545935
HA-01939,Non-private (tuned),0.36875009671816483
HA-01940,Non-private (tuned),-0.030677973672618708
HA-01941,Non-private (tuned),-0.12393702010436225
HA-01942,Non-private (tuned),-0.2093277769619215
HA-01943,Non-private (tuned),-1.5914310765496062
HA-01944,Non-private (tuned),0.03690622985073838
HA-01945,Non-private (tuned),0.009973129606922426
HA-01947,Non-private (tuned),-3.672607236954143
HA-01948,Non-private (tuned),-3.2509566463390094e-05
HA-01949,Non-private (tuned),-0.02084978507937707
HA-01951,Non-private (tuned),0.06972112756337573
HA-01952,Non-private (tuned),0.8227932928406588
HA-01953,Non-private (tuned),0.020015079373424283
HA-01954,Non-private (tuned),0.06661425838210899
HA-01955,Non-private (tuned),-0.2916145000270476
HA-01957,Non-private (tuned),0.0998280113368813
HA-01958,Non-private (tuned),-0.023370712233347635
HA-01959,Non-private (tuned),-0.18471371042473161
HA-01961,Non-private (tuned),0.11231464725496115
HA-01962,Non-private (tuned),0.029776786243982334
HA-01963,Non-private (tuned),0.1864930018014026
HA-01964,Non-private (tuned),-0.5245253692550347
HA-01965,Non-private (tuned),0.17130583762791446
HA-01966,Non-private (tuned),0.09090824301547362
HA-01967,Non-private (tuned),0.14081235322993318
HA-01968,Non-private (tuned),0.12836784161781112
HA-01969,Non-private (tuned),0.009436759194541788
HA-01970,Non-private (tuned),-0.24167026450453222
HA-01971,Non-private (tuned),0.2958184319946735
HA-01972,Non-private (tuned),-0.3339718444278482
HA-01973,Non-private (tuned),-0.024627031917635156
HA-01974,Non-private (tuned),-0.06869893591374032
HA-01976,Non-private (tuned),0.024327809447257986
HA-01977,Non-private (tuned),-0.28314173048751934
HA-01978,Non-private (tuned),-0.48473511374462314
HA-01979,Non-private (tuned),0.331280384881778
HA-01980,Non-private (tuned),0.0639896069616045
HA-01981,Non-private (tuned),-0.5674950117608433
HA-01982,Non-private (tuned),0.18819801710582407
HA-01983,Non-private (tuned),-0.5530004766529002
HA-01984,Non-private (tuned),0.2907466075481578
HA-01985,Non-private (tuned),-0.47211195237337866
HA-01986,Non-private (tuned),-0.1423885938470607
HA-01987,Non-private (tuned),-0.2560674975093937
HA-01988,Non-private (tuned),0.26918635668639135
HA-01989,Non-private (tuned),-0.10450312815367457
HA-01990,Non-private (tuned),-0.6033644198028729
HA-01991,Non-private (tuned),-0.24139113768093268
HA-01992,Non-private (tuned),-0.4385252185930947
HA-01993,Non-private (tuned),0.18870602930164834
HA-01994,Non-private (tuned),0.17739790741935452
HA-01995,Non-private (tuned),0.5002606430232603
HA-01996,Non-private (tuned),-0.5116107763194063
HA-01997,Non-private (tuned),-0.17000998243622356
HA-01998,Non-private (tuned),-0.09480870933033014
HA-01999,Non-private (tuned),-0.6222474322639956
HA-02001,Non-private (tuned),0.0906640014926805
HA-02002,Non-private (tuned),0.2242226840730146
HA-02003,Non-private (tuned),-0.3265656445279447
HA-02005,Non-private (tuned),0.2628837496402978
HA-02006,Non-private (tuned),0.32460775753018173
HA-02007,Non-private (tuned),-0.39308461012663676
HA-02008,Non-private (tuned),-0.7997923111468727
HA-02009,Non-private (tuned),-0.2713992437539387
HA-02010,Non-private (tuned),0.25239142443489093
HA-02011,Non-private (tuned),0.03984319193815389
HA-02012,Non-private (tuned),0.9901759717064924
HA-02013,Non-private (tuned),0.15673858959185005
HA-02014,Non-private (tuned),-0.5046453786969027
HA-02015,Non-private (tuned),0.046462043224388794
HA-02016,Non-private (tuned),0.24928053528693855
HA-02017,Non-private (tuned),0.7663717726308074
HA-02018,Non-private (tuned),-0.7841155141697926
HA-02019,Non-private (tuned),-0.042054166457241915
HA-02020,Non-private (tuned),0.7992000558610955
HA-02021,Non-private (tuned),-0.227514753113784
HA-02022,Non-private (tuned),-0.0734147146941414
HA-02023,Non-private (tuned),0.11250178607192707
HA-02024,Non-private (tuned),-0.21095529747165284
HA-02025,Non-private (tuned),-0.5445141784761722
HA-02026,Non-private (tuned),-0.039207615804641494
HA-02027,Non-private (tuned),-0.5655964020510561
HA-02028,Non-private (tuned),0.2728399983984737
HA-02029,Non-private (tuned),-0.391015501189394
HA-02030,Non-private (tuned),0.039147495839579494
HA-02031,Non-private (tuned),0.3476637524052592
HA-02032,Non-private (tuned),-0.4816199761137959
HA-02033,Non-private (tuned),-0.492107522319196
HA-02034,Non-private (tuned),-0.10852100749858606
HA-02035,Non-private (tuned),-0.13113557197526626
HA-02036,Non-private (tuned),-0.42517415687665855
HA-02037,Non-private (tuned),0.28744232743665243
HA-02038,Non-private (tuned),0.08687013697185081
HA-02039,Non-private (tuned),0.033937161080096256
HA-02040,Non-private (tuned),-0.2975702229713223
HA-02041,Non-private (tuned),0.04146726456832972
HA-02042,Non-private (tuned),-0.5129616471520388
HA-02043,Non-private (tuned),0.16908215111355174
HA-02044,Non-private (tuned),-0.2840370030086504
HA-02046,Non-private (tuned),-0.2634940809477985
HA-02047,Non-private (tuned),-0.09888464541956127
HA-02048,Non-private (tuned),-0.08879803960265178
HA-02049,Non-private (tuned),-0.2709861287390732
HA-02050,Non-private (tuned),-0.7946825480518453
HA-02051,Non-private (tuned),-0.33201976714069814
HA-02052,Non-private (tuned),-0.89201481915491
HA-02053,Non-private (tuned),0.37472252773328896
HA-02054,Non-private (tuned),0.11021086051339346
HA-02055,Non-private (tuned),0.015749079732327698
HA-02056,Non-private (tuned),-0.14693306672705359
HA-02057,Non-private (tuned),0.11763508204669382
HA-02058,Non-private (tuned),-0.28997107391581944
HA-02059,Non-private (tuned),-0.1349144770156303
HA-02060,Non-private (tuned),-0.3516785623978136
HA-02061,Non-private (tuned),-2.6108319342891315
HA-02062,Non-private (tuned),0.35250756203129563
HA-02063,Non-private (tuned),0.21662177965687146
HA-02064,Non-private (tuned),0.23990600906938425
HA-02065,Non-private (tuned),0.5393075677219517
HA-02067,Non-private (tuned),0.038204751260168424
HA-02068,Non-private (tuned),0.37489575395609087
HA-02069,Non-private (tuned),0.14491739141703408
HA-02070,Non-private (tuned),0.7304522755355375
HA-02071,Non-private (tuned),-0.35168687908067037
HA-02072,Non-private (tuned),0.048545754113618333
HA-02073,Non-private (tuned),-0.37963214088850594
HA-02074,Non-private (tuned),-0.28338709753602426
HA-02075,Non-private (tuned),-0.18934104307029098
HA-02076,Non-private (tuned),-0.11429604446083771
HA-02077,Non-private (tuned),0.611397238751706
HA-02078,Non-private (tuned),-0.09700527398448155
HA-02079,Non-private (tuned),0.1416273216404056
HA-02080,Non-private (tuned),0.5870984870785708
HA-02081,Non-private (tuned),0.3670469199751848
HA-02082,Non-private (tuned),-0.2898232419091318
HA-02083,Non-private (tuned),0.2680665161743683
HA-02084,Non-private (tuned),-0.13619710821622846
HA-02085,Non-private (tuned),0.0777161095017857
HA-02087,Non-private (tuned),-0.5694183663477644
HA-02088,Non-private (tuned),0.18007264356316155
HA-02089,Non-private (tuned),-0.0865321962796306
HA-02091,Non-private (tuned),0.2241140821496943
HA-02092,Non-private (tuned),0.6742008452028481
HA-02093,Non-private (tuned),0.29000210125473996
HA-02094,Non-private (tuned),0.0379502623251841
HA-02095,Non-private (tuned),0.021126171303064933
HA-02096,Non-private (tuned),-0.2896618717283518
HA-02097,Non-private (tuned),-0.3420177457638265
HA-02098,Non-private (tuned),-0.15295215790724465
HA-02099,Non-private (tuned),-0.06930993451148548
HA-02100,Non-private (tuned),-0.10038856037196794
HA-02101,Non-private (tuned),-0.20615689146731192
HA-02102,Non-private (tuned),0.35395812006297467
HA-02103,Non-private (tuned),-2.256109427900499
HA-02104,Non-private (tuned),-0.19050974528112324
HA-02105,Non-private (tuned),-0.1748449657059189
HA-02106,Non-private (tuned),0.11628001181710546
HA-02107,Non-private (tuned),-0.40503556770278143
HA-02109,Non-private (tuned),0.701096222762051
HA-02110,Non-private (tuned),-0.10642616593721521
HA-02111,Non-private (tuned),0.41451735273914164
HA-02112,Non-private (tuned),0.22311392089196697
HA-02114,Non-private (tuned),-0.14401597079345463
HA-02115,Non-private (tuned),0.11339853149793491
HA-02116,Non-private (tuned),-0.7857702982789065
HA-02117,Non-private (tuned),0.7294327248788925
HA-02118,Non-private (tuned),-0.5525430063648478
HA-02119,Non-private (tuned),0.19466525274654353
HA-02120,Non-private (tuned),-0.12284964817413985
HA-02121,Non-private (tuned),0.10965074968672517
HA-02122,Non-private (tuned),0.11500975855971884
HA-02123,Non-private (tuned),0.09848476328217959
HA-02124,Non-private (tuned),-0.2946446325431413
HA-02125,Non-private (tuned),-0.44036742104657584
HA-02126,Non-private (tuned),0.18965191124002467
HA-02127,Non-private (tuned),-0.42362469559466726
HA-02128,Non-private (tuned),-0.16317175885883173
HA-02129,Non-private (tuned),0.04984848740624004
HA-02130,Non-private (tuned),0.07583902798948772
HA-02131,Non-private (tuned),0.36704402131267444
HA-02132,Non-private (tuned),0.0769075581674395
HA-02133,Non-private (tuned),-0.13898494078503043
HA-02134,Non-private (tuned),-0.3329298506547515
HA-02135,Non-private (tuned),0.21229116755931443
HA-02137,Non-private (tuned),-0.4807197749721507
HA-02138,Non-private (tuned),-0.35148284668433305
HA-02139,Non-private (tuned),-0.08735109187393875
HA-02140,Non-private (tuned),-0.7678167458568805
HA-02141,Non-private (tuned),-0.12186232750084675
HA-02142,Non-private (tuned),0.027363811361975215
HA-02143,Non-private (tuned),-0.025184314977914235
HA-02144,Non-private (tuned),-0.13686976313354698
HA-02145,Non-private (tuned),-0.1985967168975093
HA-02147,Non-private (tuned),-0.6524013431311186
HA-02148,Non-private (tuned),-0.36659459885090495
HA-02149,Non-private (tuned),0.020633766499985606
HA-02150,Non-private (tuned),0.43279759027632925
HA-02151,Non-private (tuned),0.2562043272006772
HA-02152,Non-private (tuned),-0.17944947726552535
HA-02153,Non-private (tuned),0.14544977252458618
HA-02155,Non-private (tuned),0.37050216191513924
HA-02156,Non-private (tuned),0.38948187656082334
HA-02157,Non-private (tuned),0.12733580494522612
HA-02158,Non-private (tuned),0.09837699176542214
HA-02159,Non-private (tuned),0.34121491913786206
HA-02160,Non-private (tuned),-0.1902986808400522
HA-02162,Non-private (tuned),-0.10731896006515873
HA-02163,Non-private (tuned),0.2695441974824334
HA-02164,Non-private (tuned),-0.1815682257815227
HA-02166,Non-private (tuned),0.2477478316713687
HA-02167,Non-private (tuned),-0.4493646352553544
HA-02168,Non-private (tuned),0.3282472625444909
HA-02170,Non-private (tuned),0.160407027141116
HA-02171,Non-private (tuned),0.01064168461394166
HA-02172,Non-private (tuned),0.42927595203921765
HA-02174,Non-private (tuned),0.12096785781134345
HA-02175,Non-private (tuned),0.9898438151424964
HA-02176,Non-private (tuned),0.3286885881252156
HA-02178,Non-private (tuned),0.2692008074476371
HA-02179,Non-private (tuned),0.020861046504990544
HA-02180,Non-private (tuned),-0.10971239479700423
HA-02181,Non-private (tuned),1.40408924422945
HA-02182,Non-private (tuned),0.018217709323468168
HA-02184,Non-private (tuned),-0.6586460637044607
HA-02185,Non-private (tuned),0.202841488665867
HA-02186,Non-private (tuned),0.4901639333111902
HA-02187,Non-private (tuned),0.024531007738470556
HA-02189,Non-private (tuned),0.06137318932195224
HA-02190,Non-private (tuned),-0.6822390262154077
HA-02191,Non-private (tuned),-0.27756505620419436
HA-02192,Non-private (tuned),0.2203470376423865
HA-02193,Non-private (tuned),-0.7734599243397616
HA-02194,Non-private (tuned),0.24104932868704204
HA-02196,Non-private (tuned),-1.0383685595330951
HA-02197,Non-private (tuned),0.06759395280881048
HA-02198,Non-private (tuned),-0.06510216772039562
HA-02199,Non-private (tuned),0.22546831559450475
HA-02200,Non-private (tuned),0.20603270736394963
HA-02201,Non-private (tuned),0.001980526926078807
HA-02202,Non-private (tuned),-0.012837987803409723
HA-02204,Non-private (tuned),-0.4490764118250659
HA-02205,Non-private (tuned),0.4116487210311004
HA-02206,Non-private (tuned),-0.4695851726247543
HA-02208,Non-private (tuned),0.3467974453926025
HA-02209,Non-private (tuned),-0.13413006208400907
HA-02210,Non-private (tuned),0.2649330319581415
HA-02211,Non-private (tuned),0.15015248317450375
HA-02212,Non-private (tuned),-0.3107357377967259
HA-02213,Non-private (tuned),-0.4549550990496985
HA-02214,Non-private (tuned),-0.49104871946185713
HA-02215,Non-private (tuned),0.19624709583181965
HA-02216,Non-private (tuned),0.5079183970821466
HA-02217,Non-private (tuned),-0.035078465976757345
HA-02218,Non-private (tuned),0.15253952817352762
HA-02219,Non-private (tuned),0.10246146563151926
HA-02220,Non-private (tuned),-0.24515334727328253
HA-02221,Non-private (tuned),-0.26240757870759446
HA-02222,Non-private (tuned),-0.40084110262439154
HA-02223,Non-private (tuned),0.1266506453752877
HA-02224,Non-private (tuned),0.2092930022044046
HA-02227,Non-private (tuned),0.05382076366531202
HA-02228,Non-private (tuned),-0.11199144460479904
HA-02229,Non-private (tuned),-0.7300848904916659
HA-02230,Non-private (tuned),-0.07838537567207216
HA-02231,Non-private (tuned),0.11776086641641659
HA-02232,Non-private (tuned),-0.31580097459057727
HA-02234,Non-private (tuned),-0.285243451428513
HA-02236,Non-private (tuned),-0.4210668394594685
HA-02237,Non-private (tuned),-0.09519911432033756
HA-02238,Non-private (tuned),0.22605359121545032
HA-02239,Non-private (tuned),-0.1472241792369673
HA-02240,Non-private (tuned),0.08011978485654281
HA-02241,Non-private (tuned),0.036280794468849464
HA-02242,Non-private (tuned),-0.16965237847525683
HA-02243,Non-private (tuned),0.17402778950072906
HA-02244,Non-private (tuned),0.08855750547893476
HA-02245,Non-private (tuned),0.2631321789983727
HA-02246,Non-private (tuned),-0.15895405493869458
HA-02247,Non-private (tuned),-0.19103661246167686
HA-02249,Non-private (tuned),0.05982953453154005
HA-02250,Non-private (tuned),0.18004070527283594
HA-02251,Non-private (tuned),-0.34013580426564227
HA-02252,Non-private (tuned),0.4345910636262468
HA-02253,Non-private (tuned),0.3877124895105727
HA-02254,Non-private (tuned),-0.5374494650958352
HA-02256,Non-private (tuned),0.12060402042437701
HA-02259,Non-private (tuned),0.06878745646730411
HA-02261,Non-private (tuned),-0.47274428745183283
HA-02262,Non-private (tuned),0.5104134787424138
HA-02263,Non-private (tuned),0.005512568375024923
HA-02264,Non-private (tuned),0.029161838585442634
HA-02265,Non-private (tuned),-0.2821875125372059
HA-02266,Non-private (tuned),-0.40017515295679307
HA-02267,Non-private (tuned),-0.30339495508226033
HA-02268,Non-private (tuned),-0.3326175032673697
HA-02269,Non-private (tuned),0.2880564522295524
HA-02270,Non-private (tuned),0.1520864037333315
HA-02271,Non-private (tuned),0.22102930289469336
HA-02272,Non-private (tuned),-0.09124725892458052
HA-02273,Non-private (tuned),-0.2096228246004913
HA-02274,Non-private (tuned),-0.12884771812094975
HA-02275,Non-private (tuned),-0.23629323171954533
HA-02276,Non-private (tuned),-0.16256378374585412
HA-02277,Non-private (tuned),0.7621946166033948
HA-02278,Non-private (tuned),-0.2735816410539614
HA-02279,Non-private (tuned),-0.33965214644103314
HA-02280,Non-private (tuned),0.8941281922560274
HA-02281,Non-private (tuned),-0.2969556240953797
HA-02282,Non-private (tuned),0.13011930521959264
HA-02284,Non-private (tuned),0.2858782308038565
HA-02285,Non-private (tuned),-0.34422352389268757
HA-02286,Non-private (tuned),-0.19440532644908742
HA-02287,Non-private (tuned),-0.047995407199410756
HA-02288,Non-private (tuned),0.21920125456158485
HA-02289,Non-private (tuned),-0.18690791580623506
HA-02290,Non-private (tuned),-0.3625052625894417
HA-02291,Non-private (tuned),0.6051170049877557
HA-02292,Non-private (tuned),-0.123707084245955
HA-02293,Non-private (tuned),-0.3782723922402427
HA-02294,Non-private (tuned),-0.01591544918367921
HA-02295,Non-private (tuned),0.22980863058677475
HA-02296,Non-private (tuned),0.8272034877828733
HA-02297,Non-private (tuned),0.5051935702359764
HA-02298,Non-private (tuned),0.7951792799699007
HA-02299,Non-private (tuned),0.21343448984024938
HA-02300,Non-private (tuned),-0.0663352155655152
HA-02301,Non-private (tuned),0.08782294652998152
HA-02302,Non-private (tuned),-0.1350014586160746
HA-02303,Non-private (tuned),-0.050555976596324936
HA-02304,Non-private (tuned),0.277261517856059
HA-02305,Non-private (tuned),-0.42738739303404194
HA-02306,Non-private (tuned),0.5936381695464752
HA-02308,Non-private (tuned),0.02178937369095091
HA-02309,Non-private (tuned),0.024980437989140736
HA-02310,Non-private (tuned),-0.45548846557296757
HA-02311,Non-private (tuned),0.3383264521786892
HA-02312,Non-private (tuned),0.26113733377519854
HA-02313,Non-private (tuned),-0.08066561283534635
HA-02314,Non-private (tuned),0.09833622515469617
HA-02315,Non-private (tuned),-0.21905035600131728
HA-02316,Non-private (tuned),0.48739581270636256
HA-02317,Non-private (tuned),0.07679504513915775
HA-02318,Non-private (tuned),-0.17675250307610813
HA-02319,Non-private (tuned),-0.5089791006341452
HA-02320,Non-private (tuned),-0.31111849256937807
HA-02321,Non-private (tuned),0.13517906709717137
HA-02322,Non-private (tuned),0.4961981098040815
HA-02323,Non-private (tuned),0.21895608653040444
HA-02324,Non-private (tuned),0.13244326328982192
HA-02325,Non-private (tuned),-0.13875637168013488
HA-02326,Non-private (tuned),-0.6019959439944141
HA-02327,Non-private (tuned),-0.41136618517683593
HA-02328,Non-private (tuned),0.10152425948412175
HA-02329,Non-private (tuned),0.5307077299739373
HA-02330,Non-private (tuned),-0.06037460322876298
HA-02331,Non-private (tuned),-0.4348036622619018
HA-02332,Non-private (tuned),0.37269758940058684
HA-02334,Non-private (tuned),0.2286900013740279
HA-02335,Non-private (tuned),-0.1562400327289185
HA-02336,Non-private (tuned),0.10468442428439055
HA-02337,Non-private (tuned),0.318527865151106
HA-02338,Non-private (tuned),-0.001462124113046026
HA-02340,Non-private (tuned),0.06255467189127828
HA-02341,Non-private (tuned),-0.21764957490521386
HA-02342,Non-private (tuned),-0.11583446396203956
HA-02343,Non-private (tuned),0.17910902947033636
HA-02345,Non-private (tuned),-0.020090631199958686
HA-02346,Non-private (tuned),0.18205368505138253
HA-02347,Non-private (tuned),-0.17384827846977913
HA-02348,Non-private (tuned),-1.0337765640372385
HA-02349,Non-private (tuned),-0.5341632576772009
HA-02350,Non-private (tuned),0.21828289009081847
HA-02351,Non-private (tuned),0.029587475950577258
HA-02352,Non-private (tuned),-0.26276038521313017
HA-02353,Non-private (tuned),-0.1075896262625115
HA-02354,Non-private (tuned),0.15476348500538173
HA-02355,Non-private (tuned),0.39018058291312163
HA-02356,Non-private (tuned),0.2023584009734412
HA-02357,Non-private (tuned),-0.02068472704677443
HA-02358,Non-private (tuned),0.10054934170301834
HA-02359,Non-private (tuned),0.17740188255348424
HA-02360,Non-private (tuned),-2.5130948348036903
HA-02361,Non-private (tuned),-0.19942301976675225
HA-02362,Non-private (tuned),0.19630982479448522
HA-02363,Non-private (tuned),-0.089909101681244
HA-02364,Non-private (tuned),-0.10557768097182918
HA-02365,Non-private (tuned),-0.07553307413821964
HA-02367,Non-private (tuned),1.2811584703854968
HA-02368,Non-private (tuned),0.4798814695777701
HA-02369,Non-private (tuned),0.12535444441145
HA-02370,Non-private (tuned),0.24802568903668126
HA-02371,Non-private (tuned),0.6038727564874953
HA-02372,Non-private (tuned),0.08565299838228307
HA-02375,Non-private (tuned),0.6970296686078326
HA-02376,Non-private (tuned),0.07059326007304212
HA-02377,Non-private (tuned),0.23404587576836067
HA-02378,Non-private (tuned),-0.13923992081486394
HA-02379,Non-private (tuned),-0.1855864893406447
HA-02380,Non-private (tuned),0.10504589459294336
HA-02381,Non-private (tuned),0.7120661776636548
HA-02383,Non-private (tuned),-0.3112196726984867
HA-02384,Non-private (tuned),0.14588594193669402
HA-02385,Non-private (tuned),-0.09278128174951894
HA-02386,Non-private (tuned),0.10273113289692015
HA-02387,Non-private (tuned),-0.4174912318089693
HA-02388,Non-private (tuned),-0.2407674112323498
HA-02389,Non-private (tuned),-0.12145252492626979
HA-02390,Non-private (tuned),0.1710542822675265
HA-02391,Non-private (tuned),-0.19494542516601865
HA-02392,Non-private (tuned),0.2347893109237613
HA-02393,Non-private (tuned),-0.23931168194452984
HA-02394,Non-private (tuned),-0.12211361884807914
HA-02395,Non-private (tuned),-0.010034797337815093
HA-02396,Non-private (tuned),0.2209920655556774
HA-02397,Non-private (tuned),-0.4396509306034003
HA-02398,Non-private (tuned),0.14053476384271724
HA-02399,Non-private (tuned),-0.3746113604977198
HA-02400,Non-private (tuned),0.05768562246368619
HA-02401,Non-private (tuned),-0.17435294443967242
HA-02402,Non-private (tuned),-0.023792288679232332
HA-02403,Non-private (tuned),-0.4903875368781986
HA-02404,Non-private (tuned),0.07379297191596412
HA-02405,Non-private (tuned),0.27342523030755517
HA-02406,Non-private (tuned),0.5256542120243238
HA-02407,Non-private (tuned),-0.06184769054825917
HA-02408,Non-private (tuned),-1.5328277008889484
HA-02410,Non-private (tuned),-0.1632629155236003
HA-02411,Non-private (tuned),0.19146726486584587
HA-02412,Non-private (tuned),-0.7887599542127983
HA-02413,Non-private (tuned),-0.1507346047506115
HA-02414,Non-private (tuned),0.17257866696435886
HA-02415,Non-private (tuned),-0.2377165073207657
HA-02416,Non-private (tuned),0.2809582657528643
HA-02417,Non-private (tuned),-0.39894244811298674
HA-02418,Non-private (tuned),-0.10998515519705043
HA-02419,Non-private (tuned),-0.33864134074182717
HA-02420,Non-private (tuned),-0.19569943396914002
HA-02421,Non-private (tuned),-0.6589129919503365
HA-02422,Non-private (tuned),-0.08237450330378154
HA-02423,Non-private (tuned),-0.29525516846139027
HA-02425,Non-private (tuned),-0.0941043325515547
HA-02427,Non-private (tuned),-0.04539336108417463
HA-02428,Non-private (tuned),0.30868573497044377
HA-02429,Non-private (tuned),-0.12641103870028086
HA-02430,Non-private (tuned),-0.3369889414801033
HA-02431,Non-private (tuned),0.47205169340874786
HA-02432,Non-private (tuned),0.19700966943077164
HA-02433,Non-private (tuned),0.6441722170382502
HA-02434,Non-private (tuned),-0.03727597255580012
HA-02436,Non-private (tuned),0.13516895248652983
HA-02437,Non-private (tuned),0.592514310081135
HA-02438,Non-private (tuned),0.2087510292703333
HA-02439,Non-private (tuned),-0.35076410922726203
HA-02440,Non-private (tuned),-0.27472022848011257
HA-02443,Non-private (tuned),-0.11990624781480974
HA-02445,Non-private (tuned),0.01766061344931036
HA-02446,Non-private (tuned),0.45995844608665437
HA-02447,Non-private (tuned),0.10526131084605939
HA-02448,Non-private (tuned),0.3223722433884438
HA-02449,Non-private (tuned),0.1102986030530213
HA-02450,Non-private (tuned),-0.7685911188062942
HA-02451,Non-private (tuned),0.16991209931967555
HA-02453,Non-private (tuned),0.34275808597901225
HA-02454,Non-private (tuned),-0.5963579974698087
HA-02456,Non-private (tuned),-0.1556205482482504
HA-02457,Non-private (tuned),0.0015399505541636715
HA-02458,Non-private (tuned),-0.26108995320953793
HA-02460,Non-private (tuned),-0.37968703093071815
HA-02461,Non-private (tuned),-0.1289038591919036
HA-02462,Non-private (tuned),0.028475114349859054
HA-02463,Non-private (tuned),0.25488716327549643
HA-02464,Non-private (tuned),0.14318998895379642
HA-02465,Non-private (tuned),-1.9171018020964965
HA-02466,Non-private (tuned),-0.1422957315998472
HA-02467,Non-private (tuned),0.4692792425975407
HA-02469,Non-private (tuned),0.07033728804711331
HA-02470,Non-private (tuned),-0.06986528895676358
HA-02471,Non-private (tuned),0.25289765963858124
HA-02472,Non-private (tuned),0.48896616308775576
HA-02473,Non-private (tuned),0.1272225152511055
HA-02474,Non-private (tuned),0.3222495423284221
HA-02475,Non-private (tuned),-0.9812738999965442
HA-02476,Non-private (tuned),0.2057024725515908
HA-02477,Non-private (tuned),0.21206954594782002
HA-02478,Non-private (tuned),0.3186452875170347
HA-02479,Non-private (tuned),-0.3156998912001914
HA-02480,Non-private (tuned),0.23926465344357173
HA-02481,Non-private (tuned),-0.3187046515478498
HA-02482,Non-private (tuned),-0.35236038459436536
HA-02483,Non-private (tuned),0.07320788435125547
HA-02484,Non-private (tuned),-0.034586691752912735
HA-02485,Non-private (tuned),0.3380499899946341
HA-02486,Non-private (tuned),-0.3499756106332598
HA-02487,Non-private (tuned),-0.2152378309564077
HA-02488,Non-private (tuned),0.07990577109312202
HA-02489,Non-private (tuned),0.5670765692186761
HA-02490,Non-private (tuned),-0.10014377483435008
HA-02492,Non-private (tuned),0.06163415667787431
HA-02493,Non-private (tuned),0.8496255449225308
HA-02494,Non-private (tuned),-1.1978501281528648
HA-02495,Non-private (tuned),0.28579071392205774
HA-02496,Non-private (tuned),-1.0585755290853283
HA-02498,Non-private (tuned),-0.15894088104398496
HA-02499,Non-private (tuned),0.008776089747783655
HA-02500,Non-private (tuned),-0.30883276959844613
HA-02501,Non-private (tuned),-0.3447783654992911
HA-02502,Non-private (tuned),-0.05012893742278812
HA-02504,Non-private (tuned),-0.1354947648758184
HA-02505,Non-private (tuned),-0.1742482234035308
HA-02506,Non-private (tuned),0.18318846345955625
HA-02507,Non-private (tuned),0.07286310332829388
HA-02508,Non-private (tuned),0.19644961955923712
HA-02509,Non-private (tuned),0.08220911019527265
HA-02510,Non-private (tuned),-0.2517123873760887
HA-02511,Non-private (tuned),1.7711915757396033
HA-02512,Non-private (tuned),0.19642867645078455
HA-02513,Non-private (tuned),0.4177161478191092
HA-02514,Non-private (tuned),-0.33890967525791704
HA-02515,Non-private (tuned),-0.05505746123071381
HA-02516,Non-private (tuned),-0.1841774639349461
HA-02517,Non-private (tuned),-0.008594758060522567
HA-02518,Non-private (tuned),0.07560147705372527
HA-02520,Non-private (tuned),0.2795118248013463
HA-02521,Non-private (tuned),0.41436555798745767
HA-02522,Non-private (tuned),0.39878768023653577
HA-02523,Non-private (tuned),-0.14869705605995165
HA-02525,Non-private (tuned),0.09928656567130567
HA-02526,Non-private (tuned),0.5914288439761075
HA-02527,Non-private (tuned),0.16337663975635075
HA-02528,Non-private (tuned),-0.4535259847955427
HA-02529,Non-private (tuned),-0.08538914018497523
HA-02530,Non-private (tuned),0.05224515557934761
HA-02531,Non-private (tuned),-0.3300950524265389
HA-02532,Non-private (tuned),-0.009537682671885317
HA-02533,Non-private (tuned),-0.15514319487331046
HA-02534,Non-private (tuned),0.3243450356559088
HA-02535,Non-private (tuned),0.5083728446714837
HA-02536,Non-private (tuned),0.042676380780066914
HA-02537,Non-private (tuned),-0.11554805081892666
HA-02538,Non-private (tuned),-0.24988099946879838
HA-02540,Non-private (tuned),-0.09858244132058253
HA-02541,Non-private (tuned),-0.01464369259554621
HA-02542,Non-private (tuned),0.09210327190079048
HA-02543,Non-private (tuned),-0.1604925952713605
HA-02544,Non-private (tuned),-0.21552672283356653
HA-02545,Non-private (tuned),0.05839269757750931
HA-02546,Non-private (tuned),-0.26170958525379817
HA-02548,Non-private (tuned),0.001889177915658291
HA-02550,Non-private (tuned),-0.12104101443906823
HA-02551,Non-private (tuned),0.10670629825059363
HA-02552,Non-private (tuned),-0.1608909832842807
HA-02554,Non-private (tuned),-0.08416619434613759
HA-02555,Non-private (tuned),0.3929379620169925
HA-02556,Non-private (tuned),-1.7646547952232186
HA-02557,Non-private (tuned),-0.14915182358741547
HA-02558,Non-private (tuned),-0.03545946537659622
HA-02559,Non-private (tuned),-0.1543082434653773
HA-02560,Non-private (tuned),-0.011868463275226282
HA-02561,Non-private (tuned),-0.3281914958949555
HA-02562,Non-private (tuned),0.030529622302555542
HA-02563,Non-private (tuned),-0.4430437050222374
HA-02564,Non-private (tuned),0.8260143710876782
HA-02565,Non-private (tuned),0.19784629623470779
HA-02566,Non-private (tuned),0.19733024948142702
HA-02567,Non-private (tuned),-0.1120778976012548
HA-02568,Non-private (tuned),-0.7164061624618825
HA-02569,Non-private (tuned),0.5171298673556665
HA-02570,Non-private (tuned),0.5529574314900203
HA-02571,Non-private (tuned),-0.26462523958127415
HA-02573,Non-private (tuned),0.2948267917883703
HA-02574,Non-private (tuned),-0.09940842264438499
HA-02575,Non-private (tuned),0.275296241245614
HA-02576,Non-private (tuned),0.20817681821379752
HA-02577,Non-private (tuned),0.3809152122339562
HA-02578,Non-private (tuned),0.9059868835168852
HA-02580,Non-private (tuned),-0.8427908234373196
HA-02581,Non-private (tuned),-0.043423308165057295
HA-02582,Non-private (tuned),0.38453704722318305
HA-02583,Non-private (tuned),0.5661565154563422
HA-02584,Non-private (tuned),0.029014547128776214
HA-02585,Non-private (tuned),-0.1419143234536907
HA-02586,Non-private (tuned),0.31277180889051986
HA-02587,Non-private (tuned),-0.15732264017881353
HA-02588,Non-private (tuned),0.14995225050856043
HA-02589,Non-private (tuned),0.27792730163375073
HA-02590,Non-private (tuned),-0.021559037834989914
HA-02591,Non-private (tuned),-0.1650323680147499
HA-02592,Non-private (tuned),-0.2704135007319218
HA-02593,Non-private (tuned),-0.4385839090141738
HA-02594,Non-private (tuned),-0.08969637239612377
HA-02596,Non-private (tuned),0.4516650393730034
HA-02597,Non-private (tuned),-0.2752307093530646
HA-02598,Non-private (tuned),-0.1904176572784947
HA-02600,Non-private (tuned),0.2390974077054267
HA-02602,Non-private (tuned),0.3060659318521177
HA-02603,Non-private (tuned),-0.08720049736305685
HA-02604,Non-private (tuned),0.015412605668218227
HA-02605,Non-private (tuned),0.5115134538253958
HA-02606,Non-private (tuned),0.07266312008231945
HA-02608,Non-private (tuned),0.4204790290050432
HA-02609,Non-private (tuned),-0.05518392573015418
HA-02610,Non-private (tuned),-0.1225195530378059
HA-02611,Non-private (tuned),0.03091816604945813
HA-02612,Non-private (tuned),0.3022143899505427
HA-02613,Non-private (tuned),0.12970625271331682
HA-02614,Non-private (tuned),-0.07008464614665544
HA-02615,Non-private (tuned),-0.09901699513583051
HA-02616,Non-private (tuned),-2.451915094596444
HA-02617,Non-private (tuned),-0.24585678556002932
HA-02618,Non-private (tuned),-0.284715480906354
HA-02619,Non-private (tuned),-0.2182210080035748
HA-02620,Non-private (tuned),-0.12517448315583504
HA-02621,Non-private (tuned),0.2341769515598653
HA-02622,Non-private (tuned),-0.3536748503440763
HA-02623,Non-private (tuned),-0.08026758818860352
HA-02625,Non-private (tuned),0.11224721901242374
HA-02626,Non-private (tuned),0.35247241753002556
HA-02628,Non-private (tuned),-0.12960038242969074
HA-02629,Non-private (tuned),-0.7272556824916945
HA-02631,Non-private (tuned),-0.19412327341251057
HA-02632,Non-private (tuned),0.18474260888669453
HA-02633,Non-private (tuned),0.34568431454517123
HA-02634,Non-private (tuned),0.3764431847692418
HA-02635,Non-private (tuned),-0.17128026210169162
HA-02636,Non-private (tuned),0.21556146637093354
HA-02638,Non-private (tuned),0.5541608969778608
HA-02639,Non-private (tuned),-0.016679457925777186
HA-02640,Non-private (tuned),-0.00041871104992030617
HA-02641,Non-private (tuned),0.2684072305047942
HA-02642,Non-private (tuned),-0.0875770103136993
HA-02643,Non-private (tuned),-0.09713852905339965
HA-02644,Non-private (tuned),-0.29418447937041
HA-02645,Non-private (tuned),0.3278892537086848
HA-02646,Non-private (tuned),0.28262361436194317
HA-02647,Non-private (tuned),-0.4184722723450835
HA-02648,Non-private (tuned),-0.23881837231083158
HA-02649,Non-private (tuned),-0.45574160732436014
HA-02650,Non-private (tuned),0.0811730388593479
HA-02651,Non-private (tuned),-0.6376151126130088
HA-02653,Non-private (tuned),-0.1409394778162152
HA-02654,Non-private (tuned),-0.09236304646759175
HA-02655,Non-private (tuned),-0.5388883663472648
HA-02656,Non-private (tuned),0.08465455090199853
HA-02657,Non-private (tuned),-0.46570831088275233
HA-02658,Non-private (tuned),0.546147351782569
HA-02660,Non-private (tuned),-0.30194585724677325
HA-02661,Non-private (tuned),0.04297318413809237
HA-02663,Non-private (tuned),-0.8769381645014602
HA-02664,Non-private (tuned),-0.16985445573737135
HA-02665,Non-private (tuned),-0.325845538403419
HA-02666,Non-private (tuned),-0.39001441113424307
HA-02667,Non-private (tuned),0.048339974841608235
HA-02668,Non-private (tuned),0.5906623983998049
HA-02670,Non-private (tuned),0.2340280845286128
HA-02671,Non-private (tuned),-0.136333228304812
HA-02673,Non-private (tuned),0.13739570360414727
HA-02674,Non-private (tuned),-0.007806140560829511
HA-02675,Non-private (tuned),-0.19730678111513422
HA-02676,Non-private (tuned),-0.05155321643782562
HA-02679,Non-private (tuned),0.06644557360977832
HA-02680,Non-private (tuned),-0.002730203762876915
HA-02681,Non-private (tuned),0.08569779381507076
HA-02682,Non-private (tuned),-0.06367482207454012
HA-02683,Non-private (tuned),-0.13512154548806843
HA-02684,Non-private (tuned),0.5315952374738464
HA-02685,Non-private (tuned),-0.038233403010493605
HA-02686,Non-private (tuned),0.5903245726007071
HA-02688,Non-private (tuned),0.16063357366906694
HA-02689,Non-private (tuned),0.2583479919981675
HA-02690,Non-private (tuned),-1.9248372802500358
HA-02691,Non-private (tuned),-0.002647529419881167
HA-02692,Non-private (tuned),0.35811770243909113
HA-02693,Non-private (tuned),-0.13021221133529337
HA-02694,Non-private (tuned),-0.08071675806451539
HA-02695,Non-private (tuned),-0.0820450622942005
HA-02696,Non-private (tuned),-0.5899738084290134
HA-02697,Non-private (tuned),-0.16048248655516428
HA-02698,Non-private (tuned),0.17548297404134827
HA-02699,Non-private (tuned),0.5595120829643061
HA-02700,Non-private (tuned),-0.21145917009583004
HA-02701,Non-private (tuned),0.23974373667473853
HA-02702,Non-private (tuned),-0.18280852182463203
HA-02703,Non-private (tuned),-0.004526773504821224
HA-02704,Non-private (tuned),-0.3679113159020847
HA-02707,Non-private (tuned),0.04757643446672727
HA-02708,Non-private (tuned),-1.1271643450677
HA-02709,Non-private (tuned),0.23660659064041611
HA-02710,Non-private (tuned),0.1666939214430601
HA-02711,Non-private (tuned),-0.5669591837201621
HA-02712,Non-private (tuned),-0.315457844530393
HA-02713,Non-private (tuned),-0.05650767409972923
HA-02714,Non-private (tuned),0.18473000122268018
HA-02715,Non-private (tuned),0.39387181027830753
HA-02716,Non-private (tuned),0.1466609003735584
HA-02717,Non-private (tuned),0.23504013701370385
HA-02718,Non-private (tuned),0.34350051652248315
HA-02719,Non-private (tuned),0.6084131045040234
HA-02720,Non-private (tuned),-0.13744362529149368
HA-02721,Non-private (tuned),-0.20317420714142487
HA-02722,Non-private (tuned),-0.24366175138574636
HA-02723,Non-private (tuned),-0.09133881487796797
HA-02724,Non-private (tuned),0.42185783063244287
HA-02725,Non-private (tuned),-0.4450063683925539
HA-02726,Non-private (tuned),0.6145653158737483
HA-02727,Non-private (tuned),-0.25063329431418774
HA-02728,Non-private (tuned),0.1503351195763491
HA-02729,Non-private (tuned),-1.3124422909805427
HA-02730,Non-private (tuned),-1.9038293842962783
HA-02731,Non-private (tuned),0.2550771309465738
HA-02732,Non-private (tuned),-0.4517655373437845
HA-02733,Non-private (tuned),-0.7883911740548961
HA-02734,Non-private (tuned),0.14606630555989897
HA-02735,Non-private (tuned),0.02379657825628545
HA-02736,Non-private (tuned),0.2003456727214702
HA-02737,Non-private (tuned),-0.8163370914339796
HA-02738,Non-private (tuned),-0.2609446897099079
HA-02739,Non-private (tuned),-0.2493743443778632
HA-02742,Non-private (tuned),0.8007613083145869
HA-02744,Non-private (tuned),0.01452756134855926
HA-02745,Non-private (tuned),-0.1510392770627353
HA-02747,Non-private (tuned),0.09285365885575217
HA-02748,Non-private (tuned),0.2819737765443183
HA-02749,Non-private (tuned),-0.5389896276827607
HA-02750,Non-private (tuned),-0.04593683418213684
HA-02751,Non-private (tuned),0.30895114667634205
HA-02752,Non-private (tuned),-0.2734340596989055
HA-02753,Non-private (tuned),-0.1017912714993704
HA-02754,Non-private (tuned),-0.22011273787849972
HA-02755,Non-private (tuned),-0.12959422862810616
HA-02756,Non-private (tuned),-0.45961971055199896
HA-02757,Non-private (tuned),0.3525535392395056
HA-02758,Non-private (tuned),-0.2052257132074362
HA-02759,Non-private (tuned),-0.34023973765347193
HA-02760,Non-private (tuned),-0.038069897936400254
HA-02761,Non-private (tuned),-0.34350376993240106
HA-02762,Non-private (tuned),0.07922179412748964
HA-02763,Non-private (tuned),-0.08375383608048537
HA-02764,Non-private (tuned),0.055192186158267625
HA-02765,Non-private (tuned),0.3155234669843179
HA-02766,Non-private (tuned),0.0362696486880168
HA-02767,Non-private (tuned),-0.2925230652415383
HA-02768,Non-private (tuned),0.06678741720736281
HA-02770,Non-private (tuned),0.14167468904819158
HA-02771,Non-private (tuned),0.23532658843097343
HA-02772,Non-private (tuned),0.05038317877569046
HA-02773,Non-private (tuned),0.27931315836216697
HA-02775,Non-private (tuned),-0.7578618265318866
HA-02776,Non-private (tuned),-0.35467209472901484
HA-02777,Non-private (tuned),-0.2961784667870247
HA-02778,Non-private (tuned),0.37587670915781124
HA-02779,Non-private (tuned),0.16461443048787616
HA-02780,Non-private (tuned),-0.6677716856483755
HA-02781,Non-private (tuned),0.008450466045242744
HA-02782,Non-private (tuned),-0.1794311535849974
HA-02783,Non-private (tuned),0.392729844377512
HA-02784,Non-private (tuned),0.199608666706304
HA-02785,Non-private (tuned),-0.8032647427367212
HA-02786,Non-private (tuned),0.10159624396764799
HA-02787,Non-private (tuned),-0.23191737643267946
HA-02788,Non-private (tuned),-0.3032273115945061
HA-02789,Non-private (tuned),-0.5095761296397635
HA-02790,Non-private (tuned),-0.05583180776768737
HA-02791,Non-private (tuned),-0.33967642622444405
HA-02792,Non-private (tuned),0.023558951083190616
HA-02793,Non-private (tuned),0.34294027230427443
HA-02794,Non-private (tuned),-0.8597915224961131
HA-02795,Non-private (tuned),-0.407938861736883
HA-02796,Non-private (tuned),-0.033706563782351456
HA-02797,Non-private (tuned),-0.005314043719523043
HA-02800,Non-private (tuned),-0.20630650046688997
HA-02801,Non-private (tuned),-0.44658307695299726
HA-02802,Non-private (tuned),-0.9753474107423583
HA-02804,Non-private (tuned),0.20142402874925142
HA-02805,Non-private (tuned),0.3097736076159207
HA-02806,Non-private (tuned),-0.5170728111190401
HA-02807,Non-private (tuned),-1.2778493467963128
HA-02808,Non-private (tuned),-0.16979255914433844
HA-02809,Non-private (tuned),-0.04821796679788895
HA-02811,Non-private (tuned),-0.30897215194034244
HA-02812,Non-private (tuned),0.812664525718208
HA-02813,Non-private (tuned),-0.22573604256858937
HA-02814,Non-private (tuned),-0.01759667062140033
HA-02815,Non-private (tuned),0.18570923169431067
HA-02816,Non-private (tuned),0.4191408106636604
HA-02817,Non-private (tuned),-0.10859277316387383
HA-02818,Non-private (tuned),0.22207691297672139
HA-02819,Non-private (tuned),-0.06882320483186133
HA-02820,Non-private (tuned),-0.023712160517355196
HA-02821,Non-private (tuned),0.01488722610619675
HA-02823,Non-private (tuned),0.1624392840674811
HA-02824,Non-private (tuned),-0.03472041234605555
HA-02826,Non-private (tuned),0.18339722349137438
HA-02827,Non-private (tuned),-0.031663305733158564
HA-02829,Non-private (tuned),-1.091556809518429
HA-02830,Non-private (tuned),0.18867584278770383
HA-02831,Non-private (tuned),-0.04942420251676749
HA-02832,Non-private (tuned),0.30261135255193794
HA-02833,Non-private (tuned),0.2736532493681122
HA-02834,Non-private (tuned),0.03300310076469626
HA-02835,Non-private (tuned),0.15246370076758753
HA-02836,Non-private (tuned),-0.02452874652506798
HA-02837,Non-private (tuned),0.12759550947895126
HA-02838,Non-private (tuned),-0.3478041315174548
HA-02839,Non-private (tuned),-0.05428618619298681
HA-02840,Non-private (tuned),0.016176305795674972
HA-02841,Non-private (tuned),0.15007213219387866
HA-02842,Non-private (tuned),0.2699157668738115
HA-02844,Non-private (tuned),0.6652077957563833
HA-02845,Non-private (tuned),0.8519979387986124
HA-02846,Non-private (tuned),-0.012898474691815265
HA-02847,Non-private (tuned),-0.3444931299452849
HA-02848,Non-private (tuned),-0.019220155370416325
HA-02849,Non-private (tuned),0.20810557223271609
HA-02850,Non-private (tuned),-1.432943827961311
HA-02851,Non-private (tuned),-0.11054083303123707
HA-02852,Non-private (tuned),-0.15676132304591844
HA-02853,Non-private (tuned),-0.4429052101921143
HA-02854,Non-private (tuned),0.3928036108058747
HA-02855,Non-private (tuned),-0.15036957287322583
HA-02856,Non-private (tuned),-0.32692614916263324
HA-02857,Non-private (tuned),0.05077505969024587
HA-02858,Non-private (tuned),-0.2803592021390854
HA-02859,Non-private (tuned),0.2520486593919121
HA-02860,Non-private (tuned),0.6134882089746633
HA-02861,Non-private (tuned),0.12783454874676747
HA-02863,Non-private (tuned),1.608408115345528
HA-02864,Non-private (tuned),0.34943048168879093
HA-02865,Non-private (tuned),0.3893261746721854
HA-02866,Non-private (tuned),-0.40696793536822784
HA-02867,Non-private (tuned),0.11520180602527214
HA-02868,Non-private (tuned),0.2084054297069452
HA-02869,Non-private (tuned),0.1826823503727314
HA-02870,Non-private (tuned),-0.0016048829828832767
HA-02871,Non-private (tuned),-2.279759477846813
HA-02872,Non-private (tuned),-0.2837172980925947
HA-02873,Non-private (tuned),-0.2808724587672507
HA-02874,Non-private (tuned),-0.15078536644013296
HA-02875,Non-private (tuned),-0.17586049203907628
HA-02876,Non-private (tuned),0.0018286590949090353
HA-02877,Non-private (tuned),-0.5277953576377571
HA-02878,Non-private (tuned),-0.5198055756208471
HA-02879,Non-private (tuned),-0.22560897344894743
HA-02880,Non-private (tuned),0.41841097894725293
HA-02881,Non-private (tuned),-0.1347023232570816
HA-02883,Non-private (tuned),0.08828204026122366
HA-02884,Non-private (tuned),-0.04890667542901339
HA-02885,Non-private (tuned),-0.010287895597889618
HA-02886,Non-private (tuned),-0.2928539581885849
HA-02887,Non-private (tuned),-0.05535332983149743
HA-02888,Non-private (tuned),-0.32602958864176823
HA-02889,Non-private (tuned),-0.4472000088746628
HA-02890,Non-private (tuned),-0.005899898608192622
HA-02891,Non-private (tuned),0.05483411690108142
HA-02893,Non-private (tuned),-0.017364995617731305
HA-02894,Non-private (tuned),0.09199300650436254
HA-02895,Non-private (tuned),0.006072525423343578
HA-02896,Non-private (tuned),0.10806584201917435
HA-02897,Non-private (tuned),-0.21025370155220635
HA-02898,Non-private (tuned),-0.32434106128539786
HA-02899,Non-private (tuned),0.21639509883048536
HA-02900,Non-private (tuned),-0.083718256624159
HA-02901,Non-private (tuned),0.2408307844611277
HA-02902,Non-private (tuned),0.035850053164983686
HA-02903,Non-private (tuned),0.013114367470873523
HA-02904,Non-private (tuned),-0.09239821368057688
HA-02905,Non-private (tuned),0.0015007118374564254
HA-02906,Non-private (tuned),0.4348792644066365
HA-02907,Non-private (tuned),0.10301388032763581
HA-02908,Non-private (tuned),-0.5355546002600164
HA-02909,Non-private (tuned),-0.5642369127641798
HA-02910,Non-private (tuned),-0.06458401391491864
HA-02912,Non-private (tuned),-0.7215674660600395
HA-02913,Non-private (tuned),-0.5596508224790173
HA-02914,Non-private (tuned),-0.27219833262091075
HA-02915,Non-private (tuned),0.23453759468149837
HA-02916,Non-private (tuned),0.2611460260095617
HA-02917,Non-private (tuned),-0.26383707552016816
HA-02918,Non-private (tuned),0.194213810888073
HA-02919,Non-private (tuned),-0.5500761917588264
HA-02920,Non-private (tuned),-0.4817778789715972
HA-02921,Non-private (tuned),-0.43046863974148597
HA-02922,Non-private (tuned),-0.25258422386193197
HA-02923,Non-private (tuned),0.34150226992471416
HA-02924,Non-private (tuned),0.5459275648180155
HA-02925,Non-private (tuned),-0.14338082200926805
HA-02926,Non-private (tuned),-0.026814682747010987
HA-02927,Non-private (tuned),-0.029939718392950815
HA-02928,Non-private (tuned),0.12935766883259375
HA-02929,Non-private (tuned),0.49378562161189854
HA-02930,Non-private (tuned),0.33799107952050234
HA-02931,Non-private (tuned),0.2097948242301263
HA-02932,Non-private (tuned),-1.9869741649471306
HA-02933,Non-private (tuned),-0.03802081001761326
HA-02934,Non-private (tuned),-0.009953247550069655
HA-02935,Non-private (tuned),-0.7940670639372791
HA-02936,Non-private (tuned),-0.014141441640683095
HA-02937,Non-private (tuned),0.12013611141316904
HA-02938,Non-private (tuned),0.0886574922291049
HA-02939,Non-private (tuned),-0.28819086974223473
HA-02940,Non-private (tuned),-0.3088643935148855
HA-02941,Non-private (tuned),-0.762463163666294
HA-02942,Non-private (tuned),-0.13403265740890286
HA-02943,Non-private (tuned),0.9109699446509396
HA-02944,Non-private (tuned),0.12021668206151503
HA-02945,Non-private (tuned),0.3653271519534462
HA-02946,Non-private (tuned),0.16014102836596655
HA-02947,Non-private (tuned),0.22850017707364728
HA-02948,Non-private (tuned),-0.07344647670066168
HA-02949,Non-private (tuned),0.1104664110437078
HA-02950,Non-private (tuned),-0.014042311492447612
HA-02951,Non-private (tuned),0.671215452501317
HA-02952,Non-private (tuned),0.02879825310647821
HA-02953,Non-private (tuned),-0.21562784623664144
HA-02954,Non-private (tuned),-0.4633970611515854
HA-02955,Non-private (tuned),0.11173717423653673
HA-02956,Non-private (tuned),-0.4541439780938562
HA-02957,Non-private (tuned),0.24845739887033924
HA-02958,Non-private (tuned),0.13183345412551406
HA-02959,Non-private (tuned),-0.04986156727201091
HA-02960,Non-private (tuned),-0.10363033001486688
HA-02962,Non-private (tuned),-0.34711459674498213
HA-02963,Non-private (tuned),-0.22600702417153173
HA-02964,Non-private (tuned),-0.03304677785848162
HA-02965,Non-private (tuned),0.4475239316923365
HA-02966,Non-private (tuned),-0.3324909415307169
HA-02967,Non-private (tuned),-0.31119692761315804
HA-02970,Non-private (tuned),-0.1309832468997918
HA-02971,Non-private (tuned),0.4554489603462707
HA-02972,Non-private (tuned),-0.07976209487716834
HA-02974,Non-private (tuned),-0.1835618551484961
HA-02975,Non-private (tuned),-0.35897102362236194
HA-02976,Non-private (tuned),-0.09252073786566245
HA-02977,Non-private (tuned),0.15969482302359805
HA-02978,Non-private (tuned),-0.08171820576224914
HA-02979,Non-private (tuned),-0.1525602787469857
HA-02980,Non-private (tuned),0.21124436419731063
HA-02981,Non-private (tuned),-0.7732318159579452
HA-02982,Non-private (tuned),-0.5365651551339001
HA-02983,Non-private (tuned),-0.11021155413250111
HA-02984,Non-private (tuned),0.2664430228149879
HA-02985,Non-private (tuned),-0.79957773865212
HA-02986,Non-private (tuned),0.003151052622401229
HA-02987,Non-private (tuned),-0.17315813108585598
HA-02988,Non-private (tuned),-0.19193497907421098
HA-02989,Non-private (tuned),0.059971955619656125
HA-02990,Non-private (tuned),-0.7758219429304558
HA-02991,Non-private (tuned),-0.25442677214933496
HA-02992,Non-private (tuned),-0.13474869598439823
HA-02993,Non-private (tuned),0.5518877847527704
HA-02994,Non-private (tuned),-0.25435468846468723
HA-02995,Non-private (tuned),-0.08197594437352529
HA-02996,Non-private (tuned),0.2898923184139376
HA-02997,Non-private (tuned),0.35311099304057275
HA-02998,Non-private (tuned),-0.14773949018557814
HA-03000,Non-private (tuned),0.2708515068706213
HB-00001,Non-private (tuned),-0.22356086068106795
HB-00002,Non-private (tuned),0.4414354595401948
HB-00003,Non-private (tuned),-0.11743042612975152
HB-00004,Non-private (tuned),0.2366496514677473
HB-00005,Non-private (tuned),-0.08266215278502548
HB-00006,Non-private (tuned),-0.1635445744587476
HB-00007,Non-private (tuned),0.535692611259857
HB-00009,Non-private (tuned),-0.9680561485501711
HB-00010,Non-private (tuned),0.3263132413663725
HB-00011,Non-private (tuned),0.6120923181446593
HB-00012,Non-private (tuned),-0.029865074790405455
HB-00013,Non-private (tuned),0.24596947091820326
HB-00014,Non-private (tuned),0.11011093439403097
HB-00015,Non-private (tuned),-0.1385858162000495
HB-00016,Non-private (tuned),-0.17739456831498673
HB-00018,Non-private (tuned),-0.3157244013804869
HB-00019,Non-private (tuned),-0.08117283325388117
HB-00020,Non-private (tuned),-0.005276430864495307
HB-00021,Non-private (tuned),-0.3200009181813743
HB-00022,Non-private (tuned),-0.531597596626112
HB-00023,Non-private (tuned),0.625101260840729
HB-00024,Non-private (tuned),-0.5826312903697571
HB-00025,Non-private (tuned),0.6636396538108009
HB-00026,Non-private (tuned),-0.2447733581981579
HB-00027,Non-private (tuned),1.017846243301309
HB-00028,Non-private (tuned),-0.2921676043996758
HB-00029,Non-private (tuned),0.4214893541179755
HB-00030,Non-private (tuned),-0.40605027368672153
HB-00031,Non-private (tuned),-0.07078959174306809
HB-00032,Non-private (tuned),0.15994491960467677
HB-00033,Non-private (tuned),0.4493952792647896
HB-00034,Non-private (tuned),0.0572223289154499
HB-00037,Non-private (tuned),0.24439292878089602
HB-00038,Non-private (tuned),-0.3410295527864475
HB-00039,Non-private (tuned),-0.14333449614331412
HB-00041,Non-private (tuned),-0.38766367735426865
HB-00042,Non-private (tuned),-0.22934330768903344
HB-00043,Non-private (tuned),0.027513061501156677
HB-00044,Non-private (tuned),-0.3272340558101996
HB-00045,Non-private (tuned),-0.036200128310135415
HB-00046,Non-private (tuned),-0.30477972489351485
HB-00047,Non-private (tuned),-0.42572873618401463
HB-00048,Non-private (tuned),-0.036862060305488775
HB-00049,Non-private (tuned),-1.2195331494587558
HB-00051,Non-private (tuned),0.08116104513948161
HB-00052,Non-private (tuned),0.608142999215596
HB-00053,Non-private (tuned),0.397375673617917
HB-00054,Non-private (tuned),-0.06089365215709175
HB-00055,Non-private (tuned),-0.16854983728701511
HB-00056,Non-private (tuned),0.07602366448126907
HB-00057,Non-private (tuned),-0.16277857857953304
HB-00058,Non-private (tuned),-0.16497002362993377
HB-00059,Non-private (tuned),-0.06742040549707357
HB-00060,Non-private (tuned),-0.2848926220195913
HB-00061,Non-private (tuned),0.6417253639290406
HB-00062,Non-private (tuned),-0.11016582640787481
HB-00064,Non-private (tuned),-0.08186460475669788
HB-00065,Non-private (tuned),-0.013476720411292775
HB-00066,Non-private (tuned),0.3314378057721939
HB-00067,Non-private (tuned),0.22361528642204176
HB-00068,Non-private (tuned),-1.5404120894343183
HB-00069,Non-private (tuned),-0.09332063921754663
HB-00070,Non-private (tuned),0.12793238640156657
HB-00071,Non-private (tuned),2.122522415788921
HB-00072,Non-private (tuned),-0.21376942994241543
HB-00073,Non-private (tuned),0.07565557845560206
HB-00074,Non-private (tuned),-0.17326784870312373
HB-00075,Non-private (tuned),0.5566355412438527
HB-00076,Non-private (tuned),0.2397417187046219
HB-00077,Non-private (tuned),-0.41019832762463965
HB-00078,Non-private (tuned),0.13362352037319924
HB-00079,Non-private (tuned),0.3265306423607229
HB-00080,Non-private (tuned),-0.022018436835367194
HB-00081,Non-private (tuned),0.2715532429906695
HB-00083,Non-private (tuned),0.3160297573061716
HB-00084,Non-private (tuned),-0.35832557059009706
HB-00085,Non-private (tuned),-0.905187647197525
HB-00086,Non-private (tuned),0.30784908635998753
HB-00087,Non-private (tuned),0.07958897144432547
HB-00088,Non-private (tuned),0.14367844315074607
HB-00089,Non-private (tuned),0.6291519011436965
HB-00090,Non-private (tuned),-0.19972090778612994
HB-00091,Non-private (tuned),0.514342164311142
HB-00092,Non-private (tuned),-0.7327630760742886
HB-00093,Non-private (tuned),0.07319322411760554
HB-00094,Non-private (tuned),-0.5718906655873323
HB-00095,Non-private (tuned),0.37887734335721596
HB-00096,Non-private (tuned),-0.007664349502485512
HB-00097,Non-private (tuned),0.28280718548074085
HB-00098,Non-private (tuned),-0.6923392579040322
HB-00099,Non-private (tuned),-0.2918621059373666
HB-00100,Non-private (tuned),0.11172881604334217
HB-00101,Non-private (tuned),0.34834395349627956
HB-00102,Non-private (tuned),0.2728752819536458
HB-00104,Non-private (tuned),0.10334212529584197
HB-00106,Non-private (tuned),-0.28701519074988197
HB-00107,Non-private (tuned),0.1107137768048832
HB-00108,Non-private (tuned),-0.27535199434766455
HB-00109,Non-private (tuned),0.08859846426137002
HB-00110,Non-private (tuned),-0.05790160495099761
HB-00111,Non-private (tuned),-0.5976549324134787
HB-00113,Non-private (tuned),0.06632225052386187
HB-00114,Non-private (tuned),0.341169814424396
HB-00115,Non-private (tuned),0.11935615621579865
HB-00116,Non-private (tuned),0.13822696121749367
HB-00117,Non-private (tuned),0.11337880785142607
HB-00118,Non-private (tuned),-0.03557726428251207
HB-00119,Non-private (tuned),-0.13852782436772249
HB-00120,Non-private (tuned),-0.2666031551824417
HB-00122,Non-private (tuned),-0.16991067798629966
HB-00124,Non-private (tuned),0.014896107166806033
HB-00125,Non-private (tuned),-0.05909693022466478
HB-00126,Non-private (tuned),0.1502154044421229
HB-00127,Non-private (tuned),0.4075442320552644
HB-00128,Non-private (tuned),0.40810989227099953
HB-00129,Non-private (tuned),0.46974271494368414
HB-00130,Non-private (tuned),-0.23846519118003484
HB-00131,Non-private (tuned),0.04954605440962878
HB-00132,Non-private (tuned),0.7144745258128479
HB-00133,Non-private (tuned),0.287115223160997
HB-00134,Non-private (tuned),-0.6489095402911671
HB-00135,Non-private (tuned),0.39277856057275184
HB-00136,Non-private (tuned),-0.7666361365508104
HB-00137,Non-private (tuned),0.2603803493544216
HB-00139,Non-private (tuned),0.2621418558793231
HB-00140,Non-private (tuned),0.31519900922484634
HB-00141,Non-private (tuned),0.16752754343083665
HB-00142,Non-private (tuned),-0.7284342430263318
HB-00143,Non-private (tuned),-1.3101079216307896
HB-00144,Non-private (tuned),0.3457939074360242
HB-00145,Non-private (tuned),0.152251708609007
HB-00146,Non-private (tuned),0.12549944401633983
HB-00147,Non-private (tuned),0.020983756642497242
HB-00148,Non-private (tuned),-0.08915290488205907
HB-00149,Non-private (tuned),0.102719690201165
HB-00150,Non-private (tuned),0.18840223911344417
HB-00151,Non-private (tuned),-0.13648464184247844
HB-00152,Non-private (tuned),-0.06340979966438903
HB-00153,Non-private (tuned),0.2748434629183785
HB-00154,Non-private (tuned),0.05258992194911927
HB-00155,Non-private (tuned),-0.0319985616653658
HB-00156,Non-private (tuned),0.07527112845441875
HB-00157,Non-private (tuned),-0.077137061371304
HB-00158,Non-private (tuned),-1.329738127319495
HB-00159,Non-private (tuned),0.5219113815480507
HB-00160,Non-private (tuned),-0.7165102952377294
HB-00161,Non-private (tuned),0.07555726961463205
HB-00162,Non-private (tuned),0.03462274623995659
HB-00163,Non-private (tuned),0.28478517263936265
HB-00164,Non-private (tuned),-0.25185040012855764
HB-00165,Non-private (tuned),-0.27671561858273247
HB-00166,Non-private (tuned),-0.21935243313769148
HB-00167,Non-private (tuned),0.17512781951361672
HB-00168,Non-private (tuned),-0.1945954448580549
HB-00169,Non-private (tuned),0.055042209850101
HB-00170,Non-private (tuned),0.18623470729163044
HB-00171,Non-private (tuned),-0.03979855914248054
HB-00172,Non-private (tuned),0.28799109659726374
HB-00173,Non-private (tuned),-0.32589335403876474
HB-00174,Non-private (tuned),0.880730694797133
HB-00175,Non-private (tuned),-0.14400305705149857
HB-00177,Non-private (tuned),0.07682496758204493
HB-00179,Non-private (tuned),-0.10489130989379603
HB-00180,Non-private (tuned),0.13716253948049617
HB-00181,Non-private (tuned),2.179766138960352
HB-00182,Non-private (tuned),1.9273729331813576
HB-00183,Non-private (tuned),0.9432451843670562
HB-00184,Non-private (tuned),-0.5224177429708734
HB-00185,Non-private (tuned),-0.10066506849085849
HB-00186,Non-private (tuned),0.19477564659175206
HB-00187,Non-private (tuned),0.1053862869744413
HB-00189,Non-private (tuned),-0.3207183168413798
HB-00190,Non-private (tuned),-2.804866976339968
HB-00191,Non-private (tuned),0.3704846292314653
HB-00193,Non-private (tuned),0.7115142227409834
HB-00194,Non-private (tuned),-0.3195971472237083
HB-00195,Non-private (tuned),0.11393739653349721
HB-00196,Non-private (tuned),0.29695823533907306
HB-00198,Non-private (tuned),-0.1416708664700555
HB-00200,Non-private (tuned),0.03226065941705669
HB-00201,Non-private (tuned),-0.08361756874469646
HB-00202,Non-private (tuned),-0.1348416738028363
HB-00203,Non-private (tuned),0.28263475785380077
HB-00204,Non-private (tuned),0.43665946167732284
HB-00205,Non-private (tuned),-0.4557311737140056
HB-00206,Non-private (tuned),0.21222518764468867
HB-00207,Non-private (tuned),0.2572756767898072
HB-00208,Non-private (tuned),-0.5350147159469147
HB-00209,Non-private (tuned),0.06275409142891702
HB-00210,Non-private (tuned),0.21535011342939614
HB-00211,Non-private (tuned),0.2701382021074511
HB-00212,Non-private (tuned),-0.2937353345450423
HB-00213,Non-private (tuned),-0.5733039279734559
HB-00215,Non-private (tuned),0.5771560339182733
HB-00216,Non-private (tuned),-0.21004455034676617
HB-00217,Non-private (tuned),0.02303675076445011
HB-00218,Non-private (tuned),0.3053604536833825
HB-00219,Non-private (tuned),0.43188049998434747
HB-00220,Non-private (tuned),0.1217464639500731
HB-00221,Non-private (tuned),-0.0004456175087463876
HB-00222,Non-private (tuned),-0.5144917729185339
HB-00223,Non-private (tuned),0.2076579491362301
HB-00224,Non-private (tuned),0.08877476983033805
HB-00225,Non-private (tuned),-0.01259181271503751
HB-00227,Non-private (tuned),0.14749820814559422
HB-00228,Non-private (tuned),-0.25936142477988094
HB-00230,Non-private (tuned),-0.5343829302600341
HB-00231,Non-private (tuned),-0.12084194850595664
HB-00232,Non-private (tuned),-0.2084672926072617
HB-00233,Non-private (tuned),0.10037891135890897
HB-00234,Non-private (tuned),-0.04858681018492428
HB-00235,Non-private (tuned),0.43315525768129226
HB-00236,Non-private (tuned),0.15330919522816877
HB-00237,Non-private (tuned),0.38465051307169185
HB-00238,Non-private (tuned),0.05664669150661816
HB-00239,Non-private (tuned),-0.9549831228740712
HB-00240,Non-private (tuned),0.2370763382527356
HB-00241,Non-private (tuned),0.45581576010252817
HB-00242,Non-private (tuned),-0.2002437092964025
HB-00243,Non-private (tuned),0.23735466798142685
HB-00244,Non-private (tuned),-0.4652537227110303
HB-00245,Non-private (tuned),-0.11592421107304429
HB-00246,Non-private (tuned),-0.0030252294862914697
HB-00247,Non-private (tuned),0.41276260725035874
HB-00248,Non-private (tuned),0.08981242760909292
HB-00250,Non-private (tuned),0.18151669951927857
HB-00251,Non-private (tuned),0.24300020903514885
HB-00252,Non-private (tuned),-0.2520535964771655
HB-00253,Non-private (tuned),0.15799986199387872
HB-00254,Non-private (tuned),0.14646846317267048
HB-00255,Non-private (tuned),0.2875486175047202
HB-00256,Non-private (tuned),-0.15852618278102248
HB-00257,Non-private (tuned),-0.02108348167224655
HB-00258,Non-private (tuned),0.20450648878186162
HB-00259,Non-private (tuned),0.22412123414281926
HB-00260,Non-private (tuned),0.1372864636424122
HB-00263,Non-private (tuned),0.3566324507609548
HB-00264,Non-private (tuned),-0.6407779112791316
HB-00265,Non-private (tuned),-0.31245003953560724
HB-00266,Non-private (tuned),-0.38375125281325917
HB-00267,Non-private (tuned),-0.3852714695909313
HB-00268,Non-private (tuned),-0.093523871063802
HB-00269,Non-private (tuned),-0.10871870518752158
HB-00270,Non-private (tuned),-0.061085277698769924
HB-00271,Non-private (tuned),0.16610388411271199
HB-00272,Non-private (tuned),0.09854582646865995
HB-00274,Non-private (tuned),-0.05286385714624897
HB-00275,Non-private (tuned),-0.28102947536729805
HB-00276,Non-private (tuned),0.4046528637168243
HB-00278,Non-private (tuned),0.08586279104857297
HB-00279,Non-private (tuned),-0.1710647633733865
HB-00280,Non-private (tuned),0.9153019186605751
HB-00282,Non-private (tuned),0.3233052967798763
HB-00284,Non-private (tuned),0.7922043704558326
HB-00285,Non-private (tuned),0.20740077198510976
HB-00287,Non-private (tuned),-0.12241970027093002
HB-00289,Non-private (tuned),0.24320883093277307
HB-00290,Non-private (tuned),-0.1368958952703468
HB-00291,Non-private (tuned),-0.061734140809197924
HB-00292,Non-private (tuned),-0.7782830067687048
HB-00293,Non-private (tuned),0.6466500817419538
HB-00294,Non-private (tuned),0.12077481544411084
HB-00295,Non-private (tuned),0.26532164623286864
HB-00296,Non-private (tuned),-1.2804354321594573
HB-00297,Non-private (tuned),-0.4323751301193409
HB-00298,Non-private (tuned),0.21207529883811638
HB-00299,Non-private (tuned),0.0049040453306731235
HB-00300,Non-private (tuned),0.2686344566867941
HB-00301,Non-private (tuned),0.09044322289721651
HB-00302,Non-private (tuned),-0.6074582061902187
HB-00303,Non-private (tuned),-0.40401413602543185
HB-00304,Non-private (tuned),-2.5428127096074986
HB-00305,Non-private (tuned),0.061008843119289
HB-00306,Non-private (tuned),0.1268623171873834
HB-00307,Non-private (tuned),0.1828739773320619
HB-00308,Non-private (tuned),0.8111449558216334
HB-00309,Non-private (tuned),0.11019872169646461
HB-00310,Non-private (tuned),-0.14346812355201843
HB-00311,Non-private (tuned),0.6653053114479541
HB-00312,Non-private (tuned),-0.29119529343767
HB-00314,Non-private (tuned),0.3834301718162046
HB-00315,Non-private (tuned),0.277855209622308
HB-00317,Non-private (tuned),-0.1532193496520209
HB-00318,Non-private (tuned),0.6429314408316236
HB-00319,Non-private (tuned),-0.4164162860798492
HB-00320,Non-private (tuned),-0.3762154090493556
HB-00322,Non-private (tuned),0.1503988678273015
HB-00323,Non-private (tuned),-0.09160015819183925
HB-00324,Non-private (tuned),-0.1255707511995907
HB-00325,Non-private (tuned),-0.10830015779557389
HB-00326,Non-private (tuned),0.5567558335983285
HB-00327,Non-private (tuned),0.012959838030060788
HB-00328,Non-private (tuned),-0.23198154023608747
HB-00329,Non-private (tuned),0.15098490644601276
HB-00330,Non-private (tuned),0.05670724897530943
HB-00331,Non-private (tuned),0.6519525835163558
HB-00332,Non-private (tuned),0.2148052302445696
HB-00333,Non-private (tuned),-0.33346903892887786
HB-00334,Non-private (tuned),-0.16585728570119196
HB-00335,Non-private (tuned),-0.1711490522289636
HB-00336,Non-private (tuned),-0.11918307839830566
HB-00337,Non-private (tuned),0.14329564111218107
HB-00338,Non-private (tuned),0.25311395452203045
HB-00339,Non-private (tuned),-0.14248778940882095
HB-00340,Non-private (tuned),0.3011651792284196
HB-00341,Non-private (tuned),-0.45912119202480967
HB-00342,Non-private (tuned),-0.830848271768459
HB-00343,Non-private (tuned),-0.7799690974628575
HB-00344,Non-private (tuned),0.23474108573162145
HB-00345,Non-private (tuned),-0.15801317593799258
HB-00346,Non-private (tuned),-0.13945768328295227
HB-00347,Non-private (tuned),-0.11748213664870699
HB-00348,Non-private (tuned),-0.6980928183923902
HB-00349,Non-private (tuned),-0.3566224857327753
HB-00350,Non-private (tuned),0.10308154129391245
HB-00351,Non-private (tuned),-0.26042703242217335
HB-00352,Non-private (tuned),-0.7983322010326377
HB-00353,Non-private (tuned),0.1907023891693158
HB-00354,Non-private (tuned),-0.43967658762851863
HB-00355,Non-private (tuned),0.04179256339457038
HB-00356,Non-private (tuned),0.4361695229524426
HB-00357,Non-private (tuned),0.36787123098838953
HB-00358,Non-private (tuned),-0.21054627950492155
HB-00359,Non-private (tuned),0.01286633714243629
HB-00360,Non-private (tuned),0.37152924320765124
HB-00362,Non-private (tuned),-0.8268541751502065
HB-00363,Non-private (tuned),-0.4300899152688523
HB-00364,Non-private (tuned),0.5440423870541716
HB-00366,Non-private (tuned),-0.17222024528250457
HB-00367,Non-private (tuned),0.46450796919583537
HB-00368,Non-private (tuned),0.2169626145515638
HB-00369,Non-private (tuned),-0.5134498292206593
HB-00370,Non-private (tuned),-0.46301659517192534
HB-00371,Non-private (tuned),0.06391829570002994
HB-00372,Non-private (tuned),0.19711093421396475
HB-00373,Non-private (tuned),0.10854059922170117
HB-00374,Non-private (tuned),-1.0499348680356
HB-00375,Non-private (tuned),0.17599477668254448
HB-00376,Non-private (tuned),-0.1780142735954302
HB-00377,Non-private (tuned),0.18727659243632933
HB-00378,Non-private (tuned),-0.5151021797898342
HB-00379,Non-private (tuned),-0.09687227118058328
HB-00380,Non-private (tuned),-0.025188817969908905
HB-00381,Non-private (tuned),0.25437915878611567
HB-00382,Non-private (tuned),-0.035801632272204675
HB-00383,Non-private (tuned),-0.23176006542627464
HB-00385,Non-private (tuned),1.1652648092523072
HB-00386,Non-private (tuned),0.27060995324575
HB-00387,Non-private (tuned),1.5301730778502818
HB-00388,Non-private (tuned),-0.05584955756733451
HB-00389,Non-private (tuned),-0.42963734264870923
HB-00390,Non-private (tuned),0.3910208834005414
HB-00391,Non-private (tuned),0.13191270636043162
HB-00392,Non-private (tuned),0.45170192144216104
HB-00393,Non-private (tuned),-0.11212840519073197
HB-00394,Non-private (tuned),-0.18072918617275946
HB-00395,Non-private (tuned),-0.41971205826767305
HB-00396,Non-private (tuned),0.7467745556298355
HB-00397,Non-private (tuned),-0.31744605220164646
HB-00398,Non-private (tuned),0.7383143029037181
HB-00399,Non-private (tuned),0.3878504446761719
HB-00400,Non-private (tuned),0.3005679796215973
HB-00401,Non-private (tuned),0.08217131127132482
HB-00402,Non-private (tuned),-0.3513834329329987
HB-00403,Non-private (tuned),-0.006249530548641857
HB-00404,Non-private (tuned),-0.3695550077852511
HB-00405,Non-private (tuned),0.8105656092565401
HB-00407,Non-private (tuned),-0.03826824139784962
HB-00408,Non-private (tuned),0.27904431607388813
HB-00409,Non-private (tuned),0.0906020402635005
HB-00410,Non-private (tuned),-0.15641752570713552
HB-00412,Non-private (tuned),0.43653036028479725
HB-00413,Non-private (tuned),0.7508614755104127
HB-00414,Non-private (tuned),-0.0013558213926294638
HB-00416,Non-private (tuned),0.006269690829533658
HB-00417,Non-private (tuned),-0.37466871038786864
HB-00418,Non-private (tuned),-0.026383279412525773
HB-00419,Non-private (tuned),-0.4005335399350035
HB-00420,Non-private (tuned),-0.17738058812925084
HB-00421,Non-private (tuned),-0.6797364876833083
HB-00422,Non-private (tuned),-0.041513247560356126
HB-00423,Non-private (tuned),-3.0447232832712645
HB-00424,Non-private (tuned),-0.08678829167582314
HB-00425,Non-private (tuned),0.20395532706602648
HB-00426,Non-private (tuned),0.28887192027843056
HB-00427,Non-private (tuned),-0.49390041580978405
HB-00428,Non-private (tuned),-0.37414826396346457
HB-00430,Non-private (tuned),-0.16362695550618844
HB-00431,Non-private (tuned),0.6587194999408149
HB-00432,Non-private (tuned),0.5392912321813942
HB-00433,Non-private (tuned),-0.6010144095620178
HB-00434,Non-private (tuned),-0.4919769819555785
HB-00435,Non-private (tuned),-0.07710800690120978
HB-00436,Non-private (tuned),0.35875088779119835
HB-00438,Non-private (tuned),0.19318733809695532
HB-00439,Non-private (tuned),0.09792411271911466
HB-00440,Non-private (tuned),-0.07400162805435123
HB-00441,Non-private (tuned),0.4438800341918956
HB-00442,Non-private (tuned),-0.1668375582407814
HB-00443,Non-private (tuned),-0.41950489189446205
HB-00444,Non-private (tuned),1.9904576724726275
HB-00445,Non-private (tuned),0.08263037726408295
HB-00446,Non-private (tuned),-0.03832649365057195
HB-00447,Non-private (tuned),-0.06733891046585982
HB-00448,Non-private (tuned),-0.2091258411208653
HB-00450,Non-private (tuned),0.10220104441084865
HB-00452,Non-private (tuned),0.06428119595548165
HB-00453,Non-private (tuned),0.23366884331031118
HB-00454,Non-private (tuned),0.07133408651786782
HB-00455,Non-private (tuned),0.07459530633608119
HB-00456,Non-private (tuned),0.3988200105742672
HB-00457,Non-private (tuned),-0.29442352256074994
HB-00458,Non-private (tuned),-0.03273886103004836
HB-00459,Non-private (tuned),-0.21423856588867268
HB-00460,Non-private (tuned),0.2503559133763388
HB-00461,Non-private (tuned),-7.133495989381015
HB-00462,Non-private (tuned),-0.5530791440591742
HB-00463,Non-private (tuned),-0.24574284923967826
HB-00464,Non-private (tuned),0.2849095333241254
HB-00465,Non-private (tuned),0.35779591138807143
HB-00466,Non-private (tuned),0.2519934304679439
HB-00467,Non-private (tuned),-1.6929087153910916
HB-00468,Non-private (tuned),0.27145970158954513
HB-00469,Non-private (tuned),-0.09553526219102926
HB-00470,Non-private (tuned),0.3110762893304191
HB-00471,Non-private (tuned),0.14965386501986047
HB-00473,Non-private (tuned),-0.2524555131897994
HB-00475,Non-private (tuned),0.10105109868534101
HB-00476,Non-private (tuned),0.26382186925654705
HB-00477,Non-private (tuned),-0.1556646472405443
HB-00479,Non-private (tuned),-0.20574748148478533
HB-00480,Non-private (tuned),-0.3016492326151879
HB-00481,Non-private (tuned),-0.08278115446052325
HB-00482,Non-private (tuned),-0.18177927753870204
HB-00483,Non-private (tuned),0.12496906714317962
HB-00484,Non-private (tuned),0.4285129859003721
HB-00485,Non-private (tuned),0.048864174400790994
HB-00486,Non-private (tuned),0.06743001054264786
HB-00487,Non-private (tuned),-1.3162476918290928
HB-00488,Non-private (tuned),-0.49072214829639316
HB-00489,Non-private (tuned),-0.49036859419424617
HB-00490,Non-private (tuned),0.17561057688223225
HB-00491,Non-private (tuned),0.2410705828313474
HB-00492,Non-private (tuned),0.21603875060636335
HB-00493,Non-private (tuned),-0.05702699523100724
HB-00495,Non-private (tuned),-0.8262405074182697
HB-00496,Non-private (tuned),0.6039400276177271
HB-00497,Non-private (tuned),0.4462862072099225
HB-00498,Non-private (tuned),-0.33874162207297687
HB-00499,Non-private (tuned),-0.0955047932007822
HB-00500,Non-private (tuned),-0.23995519416399724
HB-00501,Non-private (tuned),-0.05151454205040301
HB-00502,Non-private (tuned),-0.31851898909467924
HB-00503,Non-private (tuned),-0.21580513286235317
HB-00504,Non-private (tuned),0.1718737159919994
HB-00505,Non-private (tuned),-0.40541038875700264
HB-00506,Non-private (tuned),0.013670587894349051
HB-00508,Non-private (tuned),-0.10581308938865319
HB-00509,Non-private (tuned),-0.4207924661464345
HB-00510,Non-private (tuned),-0.3966837537552245
HB-00511,Non-private (tuned),0.1708057658462222
HB-00512,Non-private (tuned),0.20516611251136457
HB-00513,Non-private (tuned),1.3763037654254187
HB-00514,Non-private (tuned),-0.10644538959076649
HB-00515,Non-private (tuned),-0.41959698030243336
HB-00516,Non-private (tuned),0.2604711340224273
HB-00517,Non-private (tuned),-0.6319682431775836
HB-00518,Non-private (tuned),-0.2831369780395986
HB-00519,Non-private (tuned),-0.22408052020561964
HB-00520,Non-private (tuned),0.042843197220597984
HB-00521,Non-private (tuned),-0.13004895439122716
HB-00522,Non-private (tuned),-0.1614537091000301
HB-00523,Non-private (tuned),-0.19754281214217062
HB-00524,Non-private (tuned),-0.11557037216757399
HB-00525,Non-private (tuned),-0.3128084742318943
HB-00526,Non-private (tuned),-0.12786135221524642
HB-00527,Non-private (tuned),-0.49257217154454047
HB-00528,Non-private (tuned),-0.7733384009472397
HB-00529,Non-private (tuned),-0.6832892083280406
HB-00530,Non-private (tuned),-0.021781159421758844
HB-00532,Non-private (tuned),0.0657192574282453
HB-00533,Non-private (tuned),-0.11153635951204394
HB-00534,Non-private (tuned),-0.6533693843017008
HB-00535,Non-private (tuned),-0.3931059186923276
HB-00536,Non-private (tuned),0.31888870127975816
HB-00537,Non-private (tuned),0.23453711010474304
HB-00538,Non-private (tuned),0.16825180262870773
HB-00539,Non-private (tuned),-0.040934769743917965
HB-00540,Non-private (tuned),0.11253945663550446
HB-00541,Non-private (tuned),0.22037704220968238
HB-00543,Non-private (tuned),0.0634709561005557
HB-00544,Non-private (tuned),0.03791607190381574
HB-00545,Non-private (tuned),-0.7428143722638243
HB-00546,Non-private (tuned),0.5040696704278249
HB-00550,Non-private (tuned),-0.1115305280391704
HB-00551,Non-private (tuned),0.21342967072183072
HB-00552,Non-private (tuned),-0.08066341880640604
HB-00553,Non-private (tuned),-0.3127619854563468
HB-00554,Non-private (tuned),0.4983143677096811
HB-00555,Non-private (tuned),-0.8637107986426904
HB-00556,Non-private (tuned),0.10603459184066932
HB-00557,Non-private (tuned),-0.2869538664934798
HB-00558,Non-private (tuned),-0.07482997167600319
HB-00559,Non-private (tuned),0.82462379296066
HB-00562,Non-private (tuned),0.41287157115704715
HB-00563,Non-private (tuned),-0.26816825668923006
HB-00564,Non-private (tuned),-0.9496935525722726
HB-00565,Non-private (tuned),0.021863209718266274
HB-00566,Non-private (tuned),-1.2418392082673657
HB-00568,Non-private (tuned),0.4527581758595626
HB-00569,Non-private (tuned),0.3397390579398213
HB-00571,Non-private (tuned),0.0316779035379533
HB-00572,Non-private (tuned),-0.275919094229606
HB-00573,Non-private (tuned),0.026839734779535773
HB-00575,Non-private (tuned),-0.013120398346617601
HB-00576,Non-private (tuned),0.3785876662666915
HB-00577,Non-private (tuned),-0.08824933396940632
HB-00578,Non-private (tuned),-0.4362557743830291
HB-00579,Non-private (tuned),-0.453146639664998
HB-00580,Non-private (tuned),-2.0233909086030284
HB-00581,Non-private (tuned),-0.22620386742293935
HB-00582,Non-private (tuned),0.18749359991953385
HB-00583,Non-private (tuned),-0.05977436433017358
HB-00584,Non-private (tuned),0.14969832281186635
HB-00585,Non-private (tuned),-0.2304775693379208
HB-00586,Non-private (tuned),-0.5940754293326201
HB-00587,Non-private (tuned),0.5598259362779552
HB-00588,Non-private (tuned),0.12464268227625469
HB-00589,Non-private (tuned),0.08963560096920142
HB-00590,Non-private (tuned),0.2072802368729617
HB-00592,Non-private (tuned),0.46694830032329226
HB-00593,Non-private (tuned),-0.25217548856713146
HB-00594,Non-private (tuned),-0.09924507827403373
HB-00596,Non-private (tuned),-0.3592954289027088
HB-00597,Non-private (tuned),0.3535959217812034
HB-00598,Non-private (tuned),0.5425159324177771
HB-00599,Non-private (tuned),0.037044029713256224
HB-00600,Non-private (tuned),0.07674933438090453
HB-00601,Non-private (tuned),-0.3279749669047961
HB-00603,Non-private (tuned),0.8040058399828981
HB-00604,Non-private (tuned),-0.27876605806070065
HB-00605,Non-private (tuned),-0.2689963773236854
HB-00606,Non-private (tuned),0.058118734018560825
HB-00607,Non-private (tuned),-0.17610351956761428
HB-00608,Non-private (tuned),-0.26173068495597984
HB-00609,Non-private (tuned),-0.13640018841374396
HB-00610,Non-private (tuned),0.3119959564258611
HB-00612,Non-private (tuned),-0.6194404980790365
HB-00613,Non-private (tuned),0.06443523804659357
HB-00614,Non-private (tuned),0.2141796205615656
HB-00615,Non-private (tuned),0.513665969901546
HB-00616,Non-private (tuned),-0.35384236206995856
HB-00617,Non-private (tuned),0.3514118039747896
HB-00618,Non-private (tuned),-1.1768609437222524
HB-00619,Non-private (tuned),0.033324824208440795
HB-00620,Non-private (tuned),0.835950323458158
HB-00621,Non-private (tuned),-0.07585571576189284
HB-00622,Non-private (tuned),-0.1823919943556217
HB-00623,Non-private (tuned),0.4370936112012282
HB-00624,Non-private (tuned),-0.24846771190556166
HB-00625,Non-private (tuned),0.9116386150314274
HB-00626,Non-private (tuned),0.06904818454478512
HB-00627,Non-private (tuned),0.44503144917009374
HB-00628,Non-private (tuned),1.2189957398581455
HB-00629,Non-private (tuned),0.25043659577410377
HB-00630,Non-private (tuned),-0.2098284586628073
HB-00631,Non-private (tuned),-0.21967765493176056
HB-00632,Non-private (tuned),0.8835368822234789
HB-00633,Non-private (tuned),0.37916598287810277
HB-00634,Non-private (tuned),0.5481261115128551
HB-00637,Non-private (tuned),-0.37444253188238463
HB-00638,Non-private (tuned),0.007635001844343237
HB-00639,Non-private (tuned),-0.06875265729113206
HB-00640,Non-private (tuned),0.07923315389896979
HB-00641,Non-private (tuned),-0.07201887767357146
HB-00642,Non-private (tuned),-0.08179552152972186
HB-00643,Non-private (tuned),-0.5668640412088408
HB-00644,Non-private (tuned),0.6014965906663371
HB-00645,Non-private (tuned),-0.2867089242229114
HB-00646,Non-private (tuned),-0.00436875800914599
HB-00648,Non-private (tuned),-0.9981171499343188
HB-00651,Non-private (tuned),0.3149368424327527
HB-00652,Non-private (tuned),0.7537456286605092
HB-00653,Non-private (tuned),-0.31721310776839295
HB-00654,Non-private (tuned),0.26666912142386057
HB-00655,Non-private (tuned),-0.06842519904662203
HB-00656,Non-private (tuned),0.15761629182832476
HB-00657,Non-private (tuned),0.008193417535538372
HB-00658,Non-private (tuned),-0.5004868499021233
HB-00659,Non-private (tuned),-0.40237250447037654
HB-00660,Non-private (tuned),0.1181638740022784
HB-00661,Non-private (tuned),0.320244700097363
HB-00662,Non-private (tuned),0.11915098235813726
HB-00663,Non-private (tuned),0.11185135708246352
HB-00664,Non-private (tuned),-0.4586685717887026
HB-00665,Non-private (tuned),0.028645054191143604
HB-00666,Non-private (tuned),0.13076802926128306
HB-00667,Non-private (tuned),-0.04884274463025315
HB-00668,Non-private (tuned),0.1552867949999538
HB-00669,Non-private (tuned),-0.21638981936866486
HB-00670,Non-private (tuned),-0.28659102203179954
HB-00671,Non-private (tuned),0.42944287172621337
HB-00672,Non-private (tuned),1.0416261328554928
HB-00673,Non-private (tuned),-0.732079335130048
HB-00674,Non-private (tuned),-0.8162953926846015
HB-00675,Non-private (tuned),0.841529911843913
HB-00676,Non-private (tuned),-1.1500006386345825
HB-00677,Non-private (tuned),0.4312611128541888
HB-00678,Non-private (tuned),0.014275667980654105
HB-00680,Non-private (tuned),-1.0619261596102698
HB-00681,Non-private (tuned),0.07743572907223151
HB-00682,Non-private (tuned),-0.08334667680565733
HB-00683,Non-private (tuned),0.07887212471518834
HB-00684,Non-private (tuned),0.47683909160330473
HB-00685,Non-private (tuned),-0.03781689607928912
HB-00686,Non-private (tuned),0.13746876094253502
HB-00688,Non-private (tuned),-0.6624468102802369
HB-00689,Non-private (tuned),0.5873645610461159
HB-00690,Non-private (tuned),-0.03407026834098015
HB-00691,Non-private (tuned),0.6159855509624201
HB-00692,Non-private (tuned),-0.6104863415977131
HB-00693,Non-private (tuned),-0.1264157449512851
HB-00694,Non-private (tuned),-0.14688300486916117
HB-00695,Non-private (tuned),-0.4237119932916004
HB-00696,Non-private (tuned),0.407630193304348
HB-00697,Non-private (tuned),-0.05253841234728396
HB-00698,Non-private (tuned),-0.0391597753772569
HB-00699,Non-private (tuned),-0.7603947049009375
HB-00700,Non-private (tuned),0.10693393064321494
HB-00701,Non-private (tuned),0.07826707793086563
HB-00702,Non-private (tuned),-0.5622664712898945
HB-00703,Non-private (tuned),0.233858969102396
HB-00704,Non-private (tuned),0.12383594516282581
HB-00705,Non-private (tuned),-0.34745448334298434
HB-00706,Non-private (tuned),-0.060080963287019507
HB-00707,Non-private (tuned),-0.4303712831082141
HB-00708,Non-private (tuned),-0.10894142770466392
HB-00709,Non-private (tuned),-0.1120794668737678
HB-00710,Non-private (tuned),0.06754877771340237
HB-00711,Non-private (tuned),-0.30238535230892893
HB-00712,Non-private (tuned),-0.24083374805307928
HB-00713,Non-private (tuned),-0.23580871416841626
HB-00715,Non-private (tuned),-0.09097991843922804
HB-00716,Non-private (tuned),-0.46328675434175537
HB-00717,Non-private (tuned),-0.16122266201175806
HB-00718,Non-private (tuned),-0.08429529743526348
HB-00719,Non-private (tuned),0.5610019486707511
HB-00720,Non-private (tuned),-0.07235500034430753
HB-00721,Non-private (tuned),-0.03355276524013501
HB-00722,Non-private (tuned),0.12043461181150866
HB-00723,Non-private (tuned),0.3769954641402221
HB-00724,Non-private (tuned),-0.06787573519447193
HB-00725,Non-private (tuned),0.03877676685858911
HB-00726,Non-private (tuned),-0.3083559193291912
HB-00727,Non-private (tuned),-0.25206350574198527
HB-00728,Non-private (tuned),-0.06634300160449108
HB-00731,Non-private (tuned),-0.026839293026993172
HB-00732,Non-private (tuned),-0.0020194618712990886
HB-00733,Non-private (tuned),-0.33985730579965534
HB-00734,Non-private (tuned),-0.2790935708329848
HB-00735,Non-private (tuned),-0.05158380123394524
HB-00736,Non-private (tuned),-0.15053703876351882
HB-00737,Non-private (tuned),-0.02035695620776512
HB-00738,Non-private (tuned),-0.3290325519415641
HB-00739,Non-private (tuned),0.05702398433209799
HB-00740,Non-private (tuned),0.09112564889814162
HB-00741,Non-private (tuned),0.20530030504105723
HB-00742,Non-private (tuned),0.27974274029152946
HB-00743,Non-private (tuned),0.11620439749557693
HB-00744,Non-private (tuned),1.4551553064477762
HB-00745,Non-private (tuned),0.47367465256604935
HB-00747,Non-private (tuned),-0.15905754725162413
HB-00748,Non-private (tuned),0.9758183585237035
HB-00749,Non-private (tuned),0.08037299341030113
HB-00751,Non-private (tuned),-2.0303412406552646e-05
HB-00752,Non-private (tuned),-0.17510275430394975
HB-00753,Non-private (tuned),-0.1545900912106729
HB-00754,Non-private (tuned),-0.3840289250791099
HB-00755,Non-private (tuned),0.18193518929423672
HB-00756,Non-private (tuned),-0.1836356256546523
HB-00757,Non-private (tuned),-0.1948386139796528
HB-00758,Non-private (tuned),-0.056219076774139454
HB-00759,Non-private (tuned),0.11203364820647077
HB-00760,Non-private (tuned),0.19539918235943093
HB-00761,Non-private (tuned),0.24230894504953376
HB-00762,Non-private (tuned),0.10152912711338236
HB-00763,Non-private (tuned),0.17968478332027288
HB-00764,Non-private (tuned),0.9344442946101781
HB-00765,Non-private (tuned),0.21473068618805052
HB-00766,Non-private (tuned),-0.7382558451667005
HB-00767,Non-private (tuned),-0.25323295399244417
HB-00768,Non-private (tuned),-0.07008782579824624
HB-00769,Non-private (tuned),0.12849842268847134
HB-00770,Non-private (tuned),-0.9340656203079829
HB-00771,Non-private (tuned),-0.9220432539584751
HB-00772,Non-private (tuned),0.0911737448649208
HB-00773,Non-private (tuned),0.1391680314958995
HB-00774,Non-private (tuned),0.40068940808057374
HB-00775,Non-private (tuned),-0.5322754965596094
HB-00776,Non-private (tuned),0.06633428801765831
HB-00777,Non-private (tuned),-0.04453808495222933
HB-00778,Non-private (tuned),0.23937138189594898
HB-00779,Non-private (tuned),0.5024567923216743
HB-00780,Non-private (tuned),0.2261911390441319
HB-00781,Non-private (tuned),-0.10736174844578916
HB-00782,Non-private (tuned),-0.36084112428250026
HB-00783,Non-private (tuned),0.8671609741511219
HB-00784,Non-private (tuned),0.09266870598272636
HB-00785,Non-private (tuned),0.0082756810325616
HB-00786,Non-private (tuned),-0.5356243513928015
HB-00787,Non-private (tuned),-1.8238698711729289
HB-00788,Non-private (tuned),0.36386879663870436
HB-00789,Non-private (tuned),-0.2681792842794638
HB-00791,Non-private (tuned),0.0663147361525388
HB-00793,Non-private (tuned),0.041106307885343696
HB-00794,Non-private (tuned),0.428839282397989
HB-00795,Non-private (tuned),0.11240857186942255
HB-00797,Non-private (tuned),0.2739512130904569
HB-00798,Non-private (tuned),0.20006005034164015
HB-00799,Non-private (tuned),0.12129351002388639
HB-00800,Non-private (tuned),0.10276431928347035
HB-00802,Non-private (tuned),0.4872751805115133
HB-00803,Non-private (tuned),-0.04326184316207626
HB-00805,Non-private (tuned),0.18331616252401395
HB-00806,Non-private (tuned),0.3836781006902058
HB-00807,Non-private (tuned),-0.11694007573540866
HB-00808,Non-private (tuned),-0.7579277947706113
HB-00809,Non-private (tuned),0.23945894882399
HB-00810,Non-private (tuned),0.20534409449485913
HB-00812,Non-private (tuned),-0.3863095506352894
HB-00813,Non-private (tuned),0.6320969092292292
HB-00814,Non-private (tuned),0.13010887957550876
HB-00815,Non-private (tuned),-0.711992691865598
HB-00816,Non-private (tuned),-0.1872250942649879
HB-00817,Non-private (tuned),-0.6533136829682608
HB-00818,Non-private (tuned),-0.037075758010565785
HB-00819,Non-private (tuned),0.4172555028351666
HB-00820,Non-private (tuned),-0.13105431227328526
HB-00822,Non-private (tuned),-0.3082336312555141
HB-00823,Non-private (tuned),-0.1625100968803398
HB-00824,Non-private (tuned),-0.4343229428837185
HB-00825,Non-private (tuned),-0.08313950974475068
HB-00826,Non-private (tuned),-0.07219403355043696
HB-00827,Non-private (tuned),0.2644569705330266
HB-00828,Non-private (tuned),0.40452416898185606
HB-00829,Non-private (tuned),0.28119653448600107
HB-00830,Non-private (tuned),0.16041912978539408
HB-00831,Non-private (tuned),0.10851925626600792
HB-00832,Non-private (tuned),0.8386699094316987
HB-00834,Non-private (tuned),1.2015425070133845
HB-00835,Non-private (tuned),0.328053461435531
HB-00836,Non-private (tuned),-0.13079876108818062
HB-00837,Non-private (tuned),-0.47411732352617664
HB-00839,Non-private (tuned),-0.019666193152739375
HB-00840,Non-private (tuned),-0.3390662278687778
HB-00842,Non-private (tuned),-0.6637446534747888
HB-00843,Non-private (tuned),-0.30800730379179553
HB-00844,Non-private (tuned),0.06996209265191333
HB-00845,Non-private (tuned),0.6365459976709386
HB-00847,Non-private (tuned),-1.0593680666046974
HB-00848,Non-private (tuned),0.7472891186272519
HB-00849,Non-private (tuned),-0.29616702518324073
HB-00850,Non-private (tuned),-0.3428747321611038
HB-00851,Non-private (tuned),-0.4079598220865791
HB-00852,Non-private (tuned),0.0039972967408549165
HB-00853,Non-private (tuned),0.45662244931800444
HB-00854,Non-private (tuned),-0.17769761168313214
HB-00855,Non-private (tuned),0.12958441516720698
HB-00856,Non-private (tuned),-0.792146262998372
HB-00857,Non-private (tuned),0.050245216738946996
HB-00858,Non-private (tuned),0.2284317231200786
HB-00859,Non-private (tuned),-0.43635865131801543
HB-00860,Non-private (tuned),-0.7122464251985192
HB-00861,Non-private (tuned),-0.3066576099238844
HB-00862,Non-private (tuned),-0.167507321366952
HB-00863,Non-private (tuned),0.26385735081077233
HB-00864,Non-private (tuned),0.12378898836262825
HB-00865,Non-private (tuned),-0.004733396311540683
HB-00866,Non-private (tuned),0.07289410504594784
HB-00867,Non-private (tuned),0.0592818291197893
HB-00868,Non-private (tuned),-3.5414709402956026
HB-00869,Non-private (tuned),0.049272878627802164
HB-00870,Non-private (tuned),0.4269216281607948
HB-00871,Non-private (tuned),-5.771201715890823
HB-00872,Non-private (tuned),0.08647806882683973
HB-00873,Non-private (tuned),0.007872359806633922
HB-00874,Non-private (tuned),0.7312437028074015
HB-00875,Non-private (tuned),0.09647575901205974
HB-00876,Non-private (tuned),0.2510245125544348
HB-00877,Non-private (tuned),-0.1844836435199403
HB-00879,Non-private (tuned),0.4007014102480942
HB-00881,Non-private (tuned),-0.1941078299958356
HB-00882,Non-private (tuned),0.059321148907203525
HB-00883,Non-private (tuned),-0.11653891526743843
HB-00884,Non-private (tuned),-0.0658099609888147
HB-00886,Non-private (tuned),-0.13924891051399635
HB-00887,Non-private (tuned),-0.6917929729289803
HB-00889,Non-private (tuned),0.5943068956739476
HB-00890,Non-private (tuned),-0.05134630285916311
HB-00891,Non-private (tuned),0.10295714871003947
HB-00892,Non-private (tuned),-0.16339542075780022
HB-00894,Non-private (tuned),-0.3857781833823337
HB-00895,Non-private (tuned),0.2664215971719659
HB-00896,Non-private (tuned),0.2835573093183837
HB-00897,Non-private (tuned),0.43573988129435154
HB-00898,Non-private (tuned),0.5235582251052755
HB-00899,Non-private (tuned),-0.15457107751533095
HB-00900,Non-private (tuned),0.022880075744823314
HB-00901,Non-private (tuned),-0.9135752202312288
HB-00902,Non-private (tuned),-0.13971302006195996
HB-00903,Non-private (tuned),0.3779086085261472
HB-00904,Non-private (tuned),-0.10812155878562746
HB-00908,Non-private (tuned),-0.24765919122540525
HB-00909,Non-private (tuned),0.5416493968595437
HB-00910,Non-private (tuned),-0.23543461479212485
HB-00911,Non-private (tuned),-0.29486090402233334
HB-00913,Non-private (tuned),0.10230122349680443
HB-00914,Non-private (tuned),-0.15865303016796506
HB-00915,Non-private (tuned),-1.3149856808920106
HB-00916,Non-private (tuned),-0.2754041978330729
HB-00917,Non-private (tuned),-0.23205042491480327
HB-00918,Non-private (tuned),-2.5248496282240454
HB-00919,Non-private (tuned),0.11100542739438499
HB-00920,Non-private (tuned),0.06598357059072069
HB-00921,Non-private (tuned),-0.06232461634290681
HB-00923,Non-private (tuned),-0.506656015494054
HB-00924,Non-private (tuned),0.3052501962987652
HB-00925,Non-private (tuned),0.20507588927132886
HB-00926,Non-private (tuned),-0.40305880844360564
HB-00927,Non-private (tuned),-0.42712954412597803
HB-00928,Non-private (tuned),0.12874649917492614
HB-00929,Non-private (tuned),0.0775041820053633
HB-00931,Non-private (tuned),0.33429911864229556
HB-00932,Non-private (tuned),0.17837729834386284
HB-00933,Non-private (tuned),-0.07390123846215779
HB-00934,Non-private (tuned),-0.0514844799888855
HB-00935,Non-private (tuned),-0.10906210325580468
HB-00936,Non-private (tuned),-0.06647581496791792
HB-00938,Non-private (tuned),-0.3566585612086851
HB-00939,Non-private (tuned),0.013586065434053773
HB-00940,Non-private (tuned),-0.09318015548636427
HB-00941,Non-private (tuned),0.3030034499166655
HB-00942,Non-private (tuned),0.09541410012021079
HB-00944,Non-private (tuned),-0.0763091877673927
HB-00945,Non-private (tuned),-0.2806889817044098
HB-00946,Non-private (tuned),-0.49061062557492147
HB-00947,Non-private (tuned),-0.07629872442753396
HB-00948,Non-private (tuned),0.49203921316587934
HB-00949,Non-private (tuned),0.08538664552205211
HB-00950,Non-private (tuned),-0.18087569987522822
HB-00951,Non-private (tuned),-0.20796507704038897
HB-00952,Non-private (tuned),0.2045260657256479
HB-00953,Non-private (tuned),0.3002373309234403
HB-00954,Non-private (tuned),0.11330250106546824
HB-00955,Non-private (tuned),-0.016146129418910915
HB-00956,Non-private (tuned),0.2506765241594848
HB-00957,Non-private (tuned),0.3007283235493851
HB-00958,Non-private (tuned),-0.31560773083548765
HB-00959,Non-private (tuned),0.5517649808686512
HB-00960,Non-private (tuned),-0.2635396016170054
HB-00961,Non-private (tuned),0.2196873831639552
HB-00962,Non-private (tuned),0.08375192681897309
HB-00963,Non-private (tuned),0.24594772160632894
HB-00964,Non-private (tuned),-0.5879999049291608
HB-00965,Non-private (tuned),-0.18438879368777106
HB-00967,Non-private (tuned),-0.45468664166277784
HB-00968,Non-private (tuned),0.48567849816211184
HB-00969,Non-private (tuned),1.5325489956026006
HB-00971,Non-private (tuned),-0.00818736030204481
HB-00972,Non-private (tuned),0.6883828931842578
HB-00973,Non-private (tuned),0.14066834684326152
HB-00974,Non-private (tuned),0.11058569593519144
HB-00975,Non-private (tuned),0.16334598612857779
HB-00976,Non-private (tuned),-0.10767942052717483
HB-00977,Non-private (tuned),-0.24588573017469673
HB-00978,Non-private (tuned),-0.21421665760664288
HB-00979,Non-private (tuned),0.020599074072891965
HB-00980,Non-private (tuned),-0.43483251563008024
HB-00981,Non-private (tuned),0.25652693620987355
HB-00982,Non-private (tuned),0.4942304855957115
HB-00983,Non-private (tuned),0.16339027472925105
HB-00984,Non-private (tuned),0.2143575520490424
HB-00985,Non-private (tuned),-0.1937848454918813
HB-00986,Non-private (tuned),-1.1976183781395886
HB-00987,Non-private (tuned),0.5632232229408507
HB-00988,Non-private (tuned),0.5908669127733127
HB-00989,Non-private (tuned),0.04638992298161204
HB-00990,Non-private (tuned),0.22811624491069937
HB-00991,Non-private (tuned),0.02515886541961132
HB-00992,Non-private (tuned),0.14226535339217006
HB-00993,Non-private (tuned),0.052901025579625005
HB-00994,Non-private (tuned),0.11732850060432565
HB-00995,Non-private (tuned),0.02786239972355775
HB-00998,Non-private (tuned),0.6264884149471848
HB-01000,Non-private (tuned),-0.15956912118087396
HB-01001,Non-private (tuned),0.15196241301175806
HB-01002,Non-private (tuned),-0.18546219097579514
HB-01003,Non-private (tuned),-0.23856857016563993
HB-01004,Non-private (tuned),0.05147171575164389
HB-01005,Non-private (tuned),0.6194073497707377
HB-01006,Non-private (tuned),-0.10884933607561764
HB-01007,Non-private (tuned),0.30327776875660145
HB-01008,Non-private (tuned),0.026808986798698475
HB-01009,Non-private (tuned),0.0730362235493135
HB-01010,Non-private (tuned),-0.2940301996155543
HB-01011,Non-private (tuned),-0.35820117801135837
HB-01012,Non-private (tuned),-1.1263644425444963
HB-01013,Non-private (tuned),-0.3568876868215558
HB-01014,Non-private (tuned),-0.35458625653012793
HB-01015,Non-private (tuned),0.46631471793963164
HB-01016,Non-private (tuned),-0.35719863532037505
HB-01017,Non-private (tuned),0.6189737510008728
HB-01018,Non-private (tuned),0.18028192785763347
HB-01019,Non-private (tuned),0.8538222262192213
HB-01020,Non-private (tuned),-0.11602419429837296
HB-01021,Non-private (tuned),-0.17359042460053534
HB-01022,Non-private (tuned),-0.028635984001743386
HB-01024,Non-private (tuned),-0.14936429494294867
HB-01025,Non-private (tuned),0.6758200394212971
HB-01026,Non-private (tuned),0.4027780411514621
HB-01027,Non-private (tuned),0.07878214712992698
HB-01028,Non-private (tuned),0.24364752299385994
HB-01030,Non-private (tuned),0.06759426685939895
HB-01031,Non-private (tuned),-0.3305425331605414
HB-01032,Non-private (tuned),-0.3903456618549411
HB-01033,Non-private (tuned),-0.10117116931694775
HB-01034,Non-private (tuned),0.9141754423050985
HB-01035,Non-private (tuned),-0.1792268024656084
HB-01037,Non-private (tuned),0.18094519083492766
HB-01038,Non-private (tuned),0.10782474379122053
HB-01039,Non-private (tuned),0.15054939248577065
HB-01040,Non-private (tuned),-0.13958958688712547
HB-01041,Non-private (tuned),-0.41261174833368325
HB-01042,Non-private (tuned),-0.08401821083173311
HB-01043,Non-private (tuned),-0.07423900102126219
HB-01044,Non-private (tuned),0.5332906663236634
HB-01045,Non-private (tuned),0.6254607917580498
HB-01046,Non-private (tuned),-0.0788205019082997
HB-01047,Non-private (tuned),-0.006809213018106941
HB-01048,Non-private (tuned),-0.5038061128163558
HB-01049,Non-private (tuned),0.4483487684977432
HB-01050,Non-private (tuned),-0.17797512850818148
HB-01051,Non-private (tuned),-0.47240297604896553
HB-01052,Non-private (tuned),-0.3852379450303666
HB-01053,Non-private (tuned),0.227311381109925
HB-01054,Non-private (tuned),-0.09888202616377961
HB-01055,Non-private (tuned),-0.15639729252597984
HB-01056,Non-private (tuned),0.30287934597840094
HB-01057,Non-private (tuned),-0.5404727920305199
HB-01058,Non-private (tuned),-0.052466225284440005
HB-01059,Non-private (tuned),-0.10286513997490387
HB-01060,Non-private (tuned),0.04389572368166794
HB-01061,Non-private (tuned),0.12931153043510246
HB-01062,Non-private (tuned),0.02818662741457778
HB-01063,Non-private (tuned),0.4616665607126562
HB-01064,Non-private (tuned),-0.00729657389951055
HB-01065,Non-private (tuned),-0.000129751852356641
HB-01066,Non-private (tuned),-0.37521672953655727
HB-01067,Non-private (tuned),-0.2981445622560934
HB-01068,Non-private (tuned),0.07012642835964461
HB-01069,Non-private (tuned),0.14646687673157688
HB-01070,Non-private (tuned),-0.22145752942768637
HB-01071,Non-private (tuned),0.5698140723140768
HB-01072,Non-private (tuned),-0.0773345488327215
HB-01073,Non-private (tuned),-2.4587877221412713
HB-01074,Non-private (tuned),-0.09101442227882117
HB-01075,Non-private (tuned),0.10937392834531479
HB-01076,Non-private (tuned),-0.14921835115750803
HB-01077,Non-private (tuned),0.09121707348628727
HB-01078,Non-private (tuned),-0.028250553527056965
HB-01079,Non-private (tuned),-0.0007179451753505095
HB-01080,Non-private (tuned),-0.2082267533837678
HB-01081,Non-private (tuned),-0.04396194306618134
HB-01082,Non-private (tuned),-0.1745807284452383
HB-01083,Non-private (tuned),-0.0483183982323252
HB-01084,Non-private (tuned),-0.0432867668416102
HB-01085,Non-private (tuned),0.16899435845318553
HB-01086,Non-private (tuned),0.08549300460013098
HB-01087,Non-private (tuned),-1.0284787331208822
HB-01088,Non-private (tuned),-0.263115661635945
HB-01089,Non-private (tuned),-0.8072711730706503
HB-01090,Non-private (tuned),0.597252668934814
HB-01091,Non-private (tuned),-0.381866567076377
HB-01092,Non-private (tuned),0.03756746081258561
HB-01093,Non-private (tuned),0.502094831782304
HB-01094,Non-private (tuned),-0.5678693545345681
HB-01095,Non-private (tuned),0.4504272624682578
HB-01096,Non-private (tuned),-0.151999871202127
HB-01098,Non-private (tuned),0.07999509590990689
HB-01099,Non-private (tuned),0.11298353707126052
HB-01100,Non-private (tuned),0.05829377578244371
HB-01101,Non-private (tuned),0.33640765891398094
HB-01102,Non-private (tuned),-0.5158561533787569
HB-01103,Non-private (tuned),-0.42779193745293953
HB-01104,Non-private (tuned),0.6051040663663675
HB-01105,Non-private (tuned),0.1310499593047172
HB-01107,Non-private (tuned),0.4312829497100739
HB-01108,Non-private (tuned),-0.256972226480062
HB-01109,Non-private (tuned),-0.1864499738984644
HB-01110,Non-private (tuned),-0.021450708004849273
HB-01111,Non-private (tuned),-0.45610774701539253
HB-01112,Non-private (tuned),-0.4759616453490506
HB-01113,Non-private (tuned),-0.012872372146827016
HB-01114,Non-private (tuned),-0.08875105300274466
HB-01115,Non-private (tuned),-0.24634116455814437
HB-01116,Non-private (tuned),0.4502626292753721
HB-01117,Non-private (tuned),-0.09298040459415274
HB-01118,Non-private (tuned),0.503721049369448
HB-01119,Non-private (tuned),0.40507957556797747
HB-01120,Non-private (tuned),0.6191150717411917
HB-01121,Non-private (tuned),0.5192521872632685
HB-01122,Non-private (tuned),0.1114478582001141
HB-01123,Non-private (tuned),0.33479064622828736
HB-01124,Non-private (tuned),0.034121875126431944
HB-01125,Non-private (tuned),-0.4078061203780767
HB-01126,Non-private (tuned),0.23427677044766382
HB-01127,Non-private (tuned),-0.023242602784736777
HB-01128,Non-private (tuned),-0.264150496965549
HB-01129,Non-private (tuned),0.4142210165519622
HB-01130,Non-private (tuned),4.871267101775035
HB-01131,Non-private (tuned),-0.002303662871876333
HB-01132,Non-private (tuned),-0.2372864897134207
HB-01133,Non-private (tuned),-0.8464028772600433
HB-01134,Non-private (tuned),-0.5313948579621237
HB-01135,Non-private (tuned),-0.14366313841228062
HB-01136,Non-private (tuned),0.14406217648136133
HB-01137,Non-private (tuned),-0.3836145558162978
HB-01138,Non-private (tuned),-0.9056357458667347
HB-01139,Non-private (tuned),-0.27346867894602744
HB-01140,Non-private (tuned),-2.208567209366867
HB-01141,Non-private (tuned),-0.27884981108485907
HB-01142,Non-private (tuned),0.04164521990727599
HB-01145,Non-private (tuned),-0.7103898681688272
HB-01146,Non-private (tuned),0.21871038899383144
HB-01147,Non-private (tuned),0.4705542572696262
HB-01148,Non-private (tuned),-0.2404172610651394
HB-01149,Non-private (tuned),0.33040524547991545
HB-01150,Non-private (tuned),-1.601823670143137
HB-01151,Non-private (tuned),0.6979963161452944
HB-01153,Non-private (tuned),0.1414324126610042
HB-01154,Non-private (tuned),0.6119330551652498
HB-01155,Non-private (tuned),0.13396956758569323
HB-01156,Non-private (tuned),-0.3266523478621728
HB-01157,Non-private (tuned),-0.28307325538358036
HB-01159,Non-private (tuned),0.26576146094238157
HB-01160,Non-private (tuned),-0.4136944693230844
HB-01161,Non-private (tuned),0.3054599025890383
HB-01162,Non-private (tuned),-0.27170155164124776
HB-01163,Non-private (tuned),0.027526879390210535
HB-01164,Non-private (tuned),0.13308683049107495
HB-01165,Non-private (tuned),-0.4461971374039906
HB-01166,Non-private (tuned),-0.1857472079811618
HB-01167,Non-private (tuned),0.4462454433390803
HB-01168,Non-private (tuned),0.31778171497108987
HB-01169,Non-private (tuned),-0.3254901827311927
HB-01170,Non-private (tuned),-0.10177760436220246
HB-01171,Non-private (tuned),0.31463934772648394
HB-01172,Non-private (tuned),-1.8526918996024253
HB-01173,Non-private (tuned),0.1102225685701308
HB-01174,Non-private (tuned),-0.18343070625110958
HB-01175,Non-private (tuned),0.6007665985362634
HB-01176,Non-private (tuned),0.10412008240507742
HB-01177,Non-private (tuned),0.24165934315418863
HB-01178,Non-private (tuned),0.15344219252856017
HB-01180,Non-private (tuned),0.09921820231887074
HB-01181,Non-private (tuned),0.060642643916586025
HB-01182,Non-private (tuned),-0.5294627711544482
HB-01184,Non-private (tuned),0.031255465135254346
HB-01185,Non-private (tuned),-0.2535204057572823
HB-01186,Non-private (tuned),0.2592898312987981
HB-01187,Non-private (tuned),-0.072584027095969
HB-01188,Non-private (tuned),0.3488469942716944
HB-01190,Non-private (tuned),-0.07940982077300557
HB-01191,Non-private (tuned),0.22917717915057578
HB-01192,Non-private (tuned),0.43110318806032966
HB-01193,Non-private (tuned),-0.3266122949802399
HB-01194,Non-private (tuned),-0.24257725364097993
HB-01196,Non-private (tuned),-0.4159786294904238
HB-01197,Non-private (tuned),0.08771813057094013
HB-01198,Non-private (tuned),-0.09941941864186193
HB-01199,Non-private (tuned),-0.3663078353000492
HB-01200,Non-private (tuned),0.12593083948835526
HB-01201,Non-private (tuned),-0.06448185008735954
HB-01202,Non-private (tuned),-0.5825156784701971
HB-01203,Non-private (tuned),0.7690257791951576
HB-01204,Non-private (tuned),0.03859988053477448
HB-01205,Non-private (tuned),-0.11239022477230937
HB-01206,Non-private (tuned),-0.35968064606872596
HB-01207,Non-private (tuned),-0.6419657716075867
HB-01208,Non-private (tuned),-0.17729903448057927
HB-01210,Non-private (tuned),-0.10204105022785276
HB-01211,Non-private (tuned),-0.3447627737447331
HB-01213,Non-private (tuned),0.1586064663344114
HB-01214,Non-private (tuned),-0.0565359339861089
HB-01215,Non-private (tuned),0.12887920735530756
HB-01216,Non-private (tuned),0.09956417733045148
HB-01217,Non-private (tuned),0.2192508789952623
HB-01218,Non-private (tuned),0.4697295892019189
HB-01219,Non-private (tuned),-0.17695964497518846
HB-01220,Non-private (tuned),-0.09380095552809897
HB-01221,Non-private (tuned),0.6028534675311339
HB-01222,Non-private (tuned),0.13398776363871379
HB-01223,Non-private (tuned),-0.07037124091452673
HB-01224,Non-private (tuned),-0.12700656414627015
HB-01225,Non-private (tuned),0.2476873845235137
HB-01226,Non-private (tuned),0.3219720950582309
HB-01227,Non-private (tuned),-0.016117254694489103
HB-01228,Non-private (tuned),-0.43866877284687605
HB-01229,Non-private (tuned),0.06367500174198512
HB-01230,Non-private (tuned),0.09223454268877518
HB-01231,Non-private (tuned),-0.27983673396298164
HB-01233,Non-private (tuned),-0.16146362733055947
HB-01236,Non-private (tuned),0.6486079843429717
HB-01237,Non-private (tuned),-0.09300109041779975
HB-01238,Non-private (tuned),-1.646269729498988
HB-01239,Non-private (tuned),-0.03527585966226526
HB-01240,Non-private (tuned),-0.2394775675788806
HB-01241,Non-private (tuned),-0.6298192769891318
HB-01242,Non-private (tuned),0.3299454021130287
HB-01243,Non-private (tuned),-0.27375821201442496
HB-01244,Non-private (tuned),0.23114561070780926
HB-01245,Non-private (tuned),1.1250145932386637
HB-01246,Non-private (tuned),0.5236394942352769
HB-01247,Non-private (tuned),-0.4540232545135181
HB-01248,Non-private (tuned),-0.5287138110240255
HB-01249,Non-private (tuned),-0.27654788450918755
HB-01250,Non-private (tuned),-0.6021379487138852
HB-01251,Non-private (tuned),0.4307106218763639
HB-01252,Non-private (tuned),0.39043888538852234
HB-01253,Non-private (tuned),0.17768778037080096
HB-01254,Non-private (tuned),-0.0884434978517673
HB-01255,Non-private (tuned),-0.24290208244587813
HB-01256,Non-private (tuned),0.0011242501974697006
HB-01257,Non-private (tuned),0.5393567817917608
HB-01258,Non-private (tuned),0.12216587730515915
HB-01259,Non-private (tuned),0.2585280190284038
HB-01260,Non-private (tuned),-0.1446193813477168
HB-01261,Non-private (tuned),-0.6082721243057191
HB-01262,Non-private (tuned),0.08011632438977068
HB-01263,Non-private (tuned),0.28320028881314974
HB-01264,Non-private (tuned),-0.20687133463024943
HB-01265,Non-private (tuned),0.2344539476487374
HB-01266,Non-private (tuned),0.3366285348022701
HB-01267,Non-private (tuned),0.2553481047775156
HB-01268,Non-private (tuned),1.2432150780593885
HB-01269,Non-private (tuned),-0.37347794592782946
HB-01270,Non-private (tuned),0.6048548268185101
HB-01271,Non-private (tuned),-0.035510299215157914
HB-01272,Non-private (tuned),0.30644304429552993
HB-01273,Non-private (tuned),-0.4091141412011671
HB-01274,Non-private (tuned),-1.4686175042791763
HB-01275,Non-private (tuned),-0.34776698929738165
HB-01276,Non-private (tuned),-0.24945367470678326
HB-01277,Non-private (tuned),0.07074915168050633
HB-01278,Non-private (tuned),0.3854891753744576
HB-01279,Non-private (tuned),0.5699332054418705
HB-01280,Non-private (tuned),0.21709053734412023
HB-01281,Non-private (tuned),-0.6221682250665423
HB-01282,Non-private (tuned),0.06349778733387207
HB-01283,Non-private (tuned),-0.03118537280819722
HB-01284,Non-private (tuned),0.08220614745400018
HB-01285,Non-private (tuned),-0.05215875528458025
HB-01286,Non-private (tuned),0.09463283816948126
HB-01287,Non-private (tuned),-0.05516228839206616
HB-01288,Non-private (tuned),0.2547966460016612
HB-01289,Non-private (tuned),0.07424508645529193
HB-01290,Non-private (tuned),0.37592844820578675
HB-01291,Non-private (tuned),-0.9052518233024818
HB-01292,Non-private (tuned),-0.19458923990179178
HB-01293,Non-private (tuned),0.02980657310901788
HB-01294,Non-private (tuned),0.23652507768961262
HB-01295,Non-private (tuned),-0.8910749988884692
HB-01296,Non-private (tuned),-0.9546195575631524
HB-01297,Non-private (tuned),0.7966003919184116
HB-01298,Non-private (tuned),0.13760835644439684
HB-01299,Non-private (tuned),-0.1293606849757517
HB-01300,Non-private (tuned),0.4547468168774691
HB-01301,Non-private (tuned),0.18804846853757173
HB-01302,Non-private (tuned),-0.24291473234275857
HB-01303,Non-private (tuned),-0.1391774163107662
HB-01304,Non-private (tuned),0.5056447569629129
HB-01305,Non-private (tuned),0.03381828212184823
HB-01306,Non-private (tuned),0.21214385096402877
HB-01307,Non-private (tuned),0.40221602294603365
HB-01308,Non-private (tuned),-0.3903369372807419
HB-01310,Non-private (tuned),0.1847175398341998
HB-01312,Non-private (tuned),-0.23700182489034044
HB-01313,Non-private (tuned),-0.05561345174082727
HB-01314,Non-private (tuned),-0.3297026858994403
HB-01315,Non-private (tuned),0.3785786141063981
HB-01316,Non-private (tuned),-0.22579687970888765
HB-01317,Non-private (tuned),-0.15117416785429622
HB-01318,Non-private (tuned),-0.3597491844578421
HB-01319,Non-private (tuned),-0.38728164656084607
HB-01320,Non-private (tuned),-0.1968524917377552
HB-01321,Non-private (tuned),0.11652544347990978
HB-01322,Non-private (tuned),0.1432594785227604
HB-01323,Non-private (tuned),0.0678689620286772
HB-01324,Non-private (tuned),-0.07659475028830359
HB-01325,Non-private (tuned),-0.046926860029193995
HB-01326,Non-private (tuned),-0.022283235964135173
HB-01327,Non-private (tuned),0.3128923848733399
HB-01328,Non-private (tuned),-0.033793098081434714
HB-01329,Non-private (tuned),0.027651871334889666
HB-01330,Non-private (tuned),-0.43258627524610666
HB-01331,Non-private (tuned),-0.19925810965422014
HB-01332,Non-private (tuned),-0.4344894246926082
HB-01333,Non-private (tuned),-0.1328855372974721
HB-01334,Non-private (tuned),0.0017453410332977648
HB-01335,Non-private (tuned),0.06812983073610235
HB-01336,Non-private (tuned),0.07820456403326892
HB-01337,Non-private (tuned),0.13400200610545732
HB-01338,Non-private (tuned),-0.16175419074481234
HB-01340,Non-private (tuned),0.29297791136002427
HB-01341,Non-private (tuned),0.38298483588316445
HB-01342,Non-private (tuned),-0.6066226259435028
HB-01343,Non-private (tuned),-0.12838532794579538
HB-01344,Non-private (tuned),0.05795056582513047
HB-01345,Non-private (tuned),-0.20077803746899048
HB-01346,Non-private (tuned),-0.1349260221765349
HB-01347,Non-private (tuned),-0.6917055769380691
HB-01349,Non-private (tuned),-0.24828268421589184
HB-01350,Non-private (tuned),0.07511622688545355
HB-01351,Non-private (tuned),-0.042625015766906194
HB-01352,Non-private (tuned),0.023102972229890106
HB-01353,Non-private (tuned),0.7976175029256898
HB-01354,Non-private (tuned),0.768942535520279
HB-01356,Non-private (tuned),0.4833192556778647
HB-01357,Non-private (tuned),-0.07681280653988082
HB-01358,Non-private (tuned),-0.18648970487014965
HB-01359,Non-private (tuned),-0.5795208152758801
HB-01360,Non-private (tuned),-0.015009795178209717
HB-01361,Non-private (tuned),0.1333740147834409
HB-01362,Non-private (tuned),-0.30673882883208825
HB-01363,Non-private (tuned),0.6282945963626042
HB-01365,Non-private (tuned),0.025396768814049675
HB-01366,Non-private (tuned),-0.4541978293803832
HB-01367,Non-private (tuned),0.5945822246557095
HB-01368,Non-private (tuned),-1.9184311572170742
HB-01370,Non-private (tuned),0.7485397829644531
HB-01371,Non-private (tuned),0.2007850118631782
HB-01372,Non-private (tuned),-0.09292980415933227
HB-01373,Non-private (tuned),0.7037891564538128
HB-01374,Non-private (tuned),-0.9984820049536342
HB-01375,Non-private (tuned),0.5831278489453481
HB-01376,Non-private (tuned),0.2970865237260947
HB-01377,Non-private (tuned),0.31086796595635025
HB-01378,Non-private (tuned),0.06413208416984884
HB-01379,Non-private (tuned),0.29398833457024487
HB-01381,Non-private (tuned),-0.18883704274729624
HB-01384,Non-private (tuned),0.08872366321796954
HB-01385,Non-private (tuned),0.5068837797595496
HB-01386,Non-private (tuned),-0.023521710836186538
HB-01387,Non-private (tuned),-0.0466095793455783
HB-01388,Non-private (tuned),-0.3716030900178776
HB-01389,Non-private (tuned),0.35053658562287626
HB-01390,Non-private (tuned),-0.29457275899781493
HB-01392,Non-private (tuned),0.09597832062343858
HB-01393,Non-private (tuned),0.006139912819453364
HB-01394,Non-private (tuned),0.15137243595449495
HB-01399,Non-private (tuned),-0.5639756644884528
HB-01400,Non-private (tuned),-0.26140373934540795
HB-01401,Non-private (tuned),-0.21236694256165184
HB-01402,Non-private (tuned),-0.6498653171996823
HB-01403,Non-private (tuned),-0.036895046367477535
HB-01404,Non-private (tuned),0.3001533818192694
HB-01406,Non-private (tuned),0.5558439397236664
HB-01407,Non-private (tuned),1.142949598027259
HB-01408,Non-private (tuned),-0.035316575810721174
HB-01409,Non-private (tuned),0.6822500686710506
HB-01410,Non-private (tuned),0.9921187325746887
HB-01411,Non-private (tuned),0.12000471788522776
HB-01412,Non-private (tuned),-0.05229369606467915
HB-01413,Non-private (tuned),0.09042197983481892
HB-01414,Non-private (tuned),0.029296716409241585
HB-01415,Non-private (tuned),0.31965533084559505
HB-01416,Non-private (tuned),-0.3752376816493027
HB-01417,Non-private (tuned),-0.2508597216451506
HB-01418,Non-private (tuned),0.29902454079723134
HB-01419,Non-private (tuned),-0.10013005896284849
HB-01420,Non-private (tuned),0.7466783938750079
HB-01421,Non-private (tuned),0.07787739198813437
HB-01422,Non-private (tuned),-0.19152011703677546
HB-01423,Non-private (tuned),0.2365505242616412
HB-01424,Non-private (tuned),1.2632556831917394
HB-01425,Non-private (tuned),0.14130254101973116
HB-01427,Non-private (tuned),-0.2699893587031852
HB-01429,Non-private (tuned),0.07050701043575414
HB-01431,Non-private (tuned),-0.44465888970362444
HB-01432,Non-private (tuned),-0.06770221218384875
HB-01433,Non-private (tuned),0.24036196261001846
HB-01434,Non-private (tuned),0.17002056204112914
HB-01435,Non-private (tuned),0.1256815118216137
HB-01437,Non-private (tuned),-0.09849931744793244
HB-01438,Non-private (tuned),0.04313158963645036
HB-01439,Non-private (tuned),0.49281643557204596
HB-01440,Non-private (tuned),-0.2892221885324035
HB-01441,Non-private (tuned),-0.5845137351010361
HB-01442,Non-private (tuned),-0.1439443360026742
HB-01444,Non-private (tuned),0.26351575108328984
HB-01446,Non-private (tuned),-0.21435697621409514
HB-01447,Non-private (tuned),-0.42523281869602203
HB-01448,Non-private (tuned),0.048579400762276626
HB-01449,Non-private (tuned),0.5983913121464206
HB-01450,Non-private (tuned),0.1642534024173729
HB-01451,Non-private (tuned),-0.13581923133568255
HB-01452,Non-private (tuned),-0.0681349954962418
HB-01453,Non-private (tuned),-0.009153178872358891
HB-01454,Non-private (tuned),-0.31481385133317097
HB-01455,Non-private (tuned),-0.15829285621221634
HB-01456,Non-private (tuned),0.020761653943827896
HB-01457,Non-private (tuned),0.2019210425776647
HB-01458,Non-private (tuned),-0.24567765985240986
HB-01459,Non-private (tuned),-0.40907654536926497
HB-01460,Non-private (tuned),0.29713694626377307
HB-01462,Non-private (tuned),0.206260413784078
HB-01463,Non-private (tuned),-0.054785937945291796
HB-01464,Non-private (tuned),-0.5233192833082796
HB-01466,Non-private (tuned),-0.08711543054025961
HB-01467,Non-private (tuned),-0.17261118637012007
HB-01468,Non-private (tuned),-0.14131355380306782
HB-01469,Non-private (tuned),-0.08560661688612975
HB-01470,Non-private (tuned),-0.13033005318075513
HB-01471,Non-private (tuned),-0.038319400453918295
HB-01472,Non-private (tuned),0.24511683195107692
HB-01473,Non-private (tuned),0.11548087038351426
HB-01474,Non-private (tuned),0.12160421417542355
HB-01475,Non-private (tuned),-0.10971221844770612
HB-01477,Non-private (tuned),-0.09802697969202678
HB-01479,Non-private (tuned),0.13194798759562265
HB-01481,Non-private (tuned),0.8611447633832411
HB-01482,Non-private (tuned),0.09809675449136229
HB-01483,Non-private (tuned),-0.039731238683176406
HB-01484,Non-private (tuned),0.5724917387925152
HB-01485,Non-private (tuned),0.4603735924994714
HB-01487,Non-private (tuned),0.022955102122877935
HB-01488,Non-private (tuned),0.45996550819295867
HB-01489,Non-private (tuned),0.470903444644848
HB-01490,Non-private (tuned),-0.37159336589384295
HB-01491,Non-private (tuned),-0.534385924920832
HB-01492,Non-private (tuned),-0.5251777207248338
HB-01493,Non-private (tuned),0.18577246913067566
HB-01494,Non-private (tuned),0.24041322553797406
HB-01495,Non-private (tuned),-0.03152198541715279
HB-01497,Non-private (tuned),0.5684154727808464
HB-01498,Non-private (tuned),-0.40404532799719983
HB-01499,Non-private (tuned),-0.11259243891110798
HB-01500,Non-private (tuned),-0.1435134942008413
HB-01501,Non-private (tuned),0.37500597838517
HB-01502,Non-private (tuned),-0.10821448725480898
HB-01503,Non-private (tuned),-0.2501307118653593
HB-01504,Non-private (tuned),1.6319295783048635
HB-01505,Non-private (tuned),0.2939413104906129
HB-01506,Non-private (tuned),-0.11913564641834262
HB-01507,Non-private (tuned),0.4219111990727549
HB-01508,Non-private (tuned),-0.24851204907489022
HB-01509,Non-private (tuned),-0.111213846581176
HB-01510,Non-private (tuned),0.17659670491920415
HB-01512,Non-private (tuned),0.08716887688762004
HB-01515,Non-private (tuned),0.4221432290869467
HB-01516,Non-private (tuned),0.05199759785268432
HB-01517,Non-private (tuned),-0.3415185227252948
HB-01518,Non-private (tuned),-0.15050019444359364
HB-01519,Non-private (tuned),-0.21889898489109028
HB-01520,Non-private (tuned),0.23184863274794787
HB-01521,Non-private (tuned),-0.1463947827205502
HB-01522,Non-private (tuned),-0.11743850278870821
HB-01523,Non-private (tuned),0.087887361631102
HB-01524,Non-private (tuned),0.09887711515251246
HB-01525,Non-private (tuned),-0.2811478814050223
HB-01526,Non-private (tuned),-0.12004790078705019
HB-01527,Non-private (tuned),-0.21175783529251707
HB-01528,Non-private (tuned),-0.6628853060895257
HB-01529,Non-private (tuned),-0.10670172925108456
HB-01530,Non-private (tuned),-0.0910255650373093
HB-01531,Non-private (tuned),-0.1166563215052766
HB-01533,Non-private (tuned),-0.25196979032648137
HB-01535,Non-private (tuned),-0.11762254550676671
HB-01536,Non-private (tuned),-0.26192793522506597
HB-01537,Non-private (tuned),0.17491716751514186
HB-01539,Non-private (tuned),0.17787138545774547
HB-01540,Non-private (tuned),0.1352779866610888
HB-01541,Non-private (tuned),0.2406544593413426
HB-01542,Non-private (tuned),-0.14176789328069594
HB-01543,Non-private (tuned),0.3267162758909587
HB-01544,Non-private (tuned),-0.24382219672906136
HB-01545,Non-private (tuned),0.002829363465389645
HB-01546,Non-private (tuned),0.12218902066226911
HB-01547,Non-private (tuned),0.20126379227847496
HB-01548,Non-private (tuned),-0.22138985521943527
HB-01550,Non-private (tuned),0.18093236303416982
HB-01551,Non-private (tuned),0.29929892844329453
HB-01552,Non-private (tuned),-0.41530143298101696
HB-01553,Non-private (tuned),0.2852158193873862
HB-01555,Non-private (tuned),0.091172402319043
HB-01556,Non-private (tuned),0.34957595989737517
HB-01557,Non-private (tuned),0.05566369928132586
HB-01558,Non-private (tuned),-0.4035347806725089
HB-01559,Non-private (tuned),-0.17163870290630967
HB-01560,Non-private (tuned),0.00863081543067823
HB-01561,Non-private (tuned),-0.1137886358973288
HB-01562,Non-private (tuned),1.0736523696394369
HB-01563,Non-private (tuned),0.12233935703714865
HB-01564,Non-private (tuned),0.2477008120815486
HB-01565,Non-private (tuned),0.7175410490547935
HB-01566,Non-private (tuned),-0.31034697970826614
HB-01567,Non-private (tuned),0.017312048393338664
HB-01569,Non-private (tuned),0.06654897394387448
HB-01570,Non-private (tuned),-0.06126334941679623
HB-01571,Non-private (tuned),0.15203668528344383
HB-01572,Non-private (tuned),-0.14997651714582963
HB-01573,Non-private (tuned),-0.24972686548154643
HB-01574,Non-private (tuned),0.30555241575346404
HB-01575,Non-private (tuned),-0.11459534905142799
HB-01577,Non-private (tuned),0.1499958248018033
HB-01578,Non-private (tuned),0.41576791139566177
HB-01579,Non-private (tuned),-0.004432043708420985
HB-01580,Non-private (tuned),0.014722012507834337
HB-01581,Non-private (tuned),0.27321553291471834
HB-01582,Non-private (tuned),0.2518618447887445
HB-01583,Non-private (tuned),-0.3276895389766336
HB-01584,Non-private (tuned),0.7426677313988346
HB-01585,Non-private (tuned),-0.2964661954006261
HB-01586,Non-private (tuned),0.6144821217839971
HB-01587,Non-private (tuned),0.06907036485574086
HB-01588,Non-private (tuned),0.21928982554999477
HB-01589,Non-private (tuned),-0.08883632644697109
HB-01590,Non-private (tuned),-0.21366010676540648
HB-01591,Non-private (tuned),-0.17511719722984753
HB-01592,Non-private (tuned),-0.33016338680851165
HB-01593,Non-private (tuned),0.13151958259420615
HB-01595,Non-private (tuned),0.22431122725967967
HB-01596,Non-private (tuned),-0.06855630735742951
HB-01597,Non-private (tuned),0.9700411747829005
HB-01598,Non-private (tuned),-0.31071939184874175
HB-01599,Non-private (tuned),0.14713489510829714
HB-01600,Non-private (tuned),0.04062898019919592
HB-01601,Non-private (tuned),0.24740343117208985
HB-01602,Non-private (tuned),-0.4488951130412245
HB-01603,Non-private (tuned),-0.45862905650804575
HB-01604,Non-private (tuned),-0.055200134464350015
HB-01605,Non-private (tuned),-0.9239033255334324
HB-01606,Non-private (tuned),-0.06788165717045111
HB-01607,Non-private (tuned),-0.04233694890388273
HB-01608,Non-private (tuned),-0.05159642958217725
HB-01609,Non-private (tuned),0.02131588293328396
HB-01610,Non-private (tuned),0.31448675267514725
HB-01611,Non-private (tuned),0.4285973592088721
HB-01613,Non-private (tuned),0.5431706190933575
HB-01614,Non-private (tuned),0.32603131063451507
HB-01615,Non-private (tuned),0.10910845307787065
HB-01616,Non-private (tuned),-0.117996139822063
HB-01617,Non-private (tuned),0.34338477981480153
HB-01618,Non-private (tuned),0.4444779674607792
HB-01619,Non-private (tuned),0.11619246547231382
HB-01621,Non-private (tuned),0.018800627876867426
HB-01622,Non-private (tuned),-0.2182315913615353
HB-01623,Non-private (tuned),-0.2622979201374035
HB-01624,Non-private (tuned),-0.5009715079663306
HB-01625,Non-private (tuned),0.07506457996838278
HB-01626,Non-private (tuned),-0.1015599032916461
HB-01627,Non-private (tuned),-0.008487305416300328
HB-01628,Non-private (tuned),0.36227281464656597
HB-01629,Non-private (tuned),-0.3676608621325883
HB-01630,Non-private (tuned),0.9846610197445775
HB-01632,Non-private (tuned),0.2477691932886743
HB-01633,Non-private (tuned),-0.12491026917788911
HB-01634,Non-private (tuned),0.007700060135706788
HB-01635,Non-private (tuned),-0.06553432785260571
HB-01636,Non-private (tuned),0.03908755172575451
HB-01637,Non-private (tuned),0.21256267907342596
HB-01638,Non-private (tuned),-0.430102495739601
HB-01639,Non-private (tuned),-0.20816790033791793
HB-01640,Non-private (tuned),0.6048375466773077
HB-01641,Non-private (tuned),-0.5538809009755538
HB-01642,Non-private (tuned),-0.6155189970896303
HB-01643,Non-private (tuned),-0.5781737322516783
HB-01644,Non-private (tuned),-0.21285586929999661
HB-01645,Non-private (tuned),-0.09929043574708035
HB-01646,Non-private (tuned),0.155725581550558
HB-01647,Non-private (tuned),-0.04509599417892263
HB-01648,Non-private (tuned),-0.19016644029795826
HB-01649,Non-private (tuned),-0.05708592202401708
HB-01650,Non-private (tuned),-0.07617605139531491
HB-01651,Non-private (tuned),0.3201718807020132
HB-01652,Non-private (tuned),0.414721896919647
HB-01653,Non-private (tuned),-2.575495442458296
HB-01654,Non-private (tuned),-0.2625055651249001
HB-01655,Non-private (tuned),0.011306316041717529
HB-01656,Non-private (tuned),0.0881439611545739
HB-01657,Non-private (tuned),-0.5015540751153346
HB-01658,Non-private (tuned),0.08700046324115251
HB-01659,Non-private (tuned),0.11005226375515142
HB-01660,Non-private (tuned),0.58152552988421
HB-01662,Non-private (tuned),-0.14382164241274842
HB-01663,Non-private (tuned),0.9028182765868014
HB-01664,Non-private (tuned),-0.1196448436682136
HB-01665,Non-private (tuned),0.14565089333227882
HB-01666,Non-private (tuned),-0.2641673412232146
HB-01667,Non-private (tuned),0.004299437659504524
HB-01668,Non-private (tuned),-0.07802083925164544
HB-01669,Non-private (tuned),0.5252446201952965
HB-01670,Non-private (tuned),0.17597126211169123
HB-01671,Non-private (tuned),-0.27588456273417444
HB-01672,Non-private (tuned),0.003964584830421669
HB-01673,Non-private (tuned),-0.21013937875813
HB-01674,Non-private (tuned),0.16666883392791332
HB-01675,Non-private (tuned),0.018407390398123225
HB-01676,Non-private (tuned),0.36457904680070896
HB-01677,Non-private (tuned),-0.2511951593099404
HB-01678,Non-private (tuned),-0.3003113317046855
HB-01679,Non-private (tuned),-0.3251440984060642
HB-01680,Non-private (tuned),0.14549966199325487
HB-01681,Non-private (tuned),-0.6098489385214325
HB-01682,Non-private (tuned),0.19724108838652538
HB-01683,Non-private (tuned),0.5690092878561165
HB-01685,Non-private (tuned),0.623926195195429
HB-01686,Non-private (tuned),-0.3671505555988423
HB-01687,Non-private (tuned),0.302525029415224
HB-01689,Non-private (tuned),-0.26803752300717276
HB-01690,Non-private (tuned),-0.19595480261915343
HB-01691,Non-private (tuned),0.3591011244095865
HB-01692,Non-private (tuned),-1.70751163037592
HB-01693,Non-private (tuned),0.04493803544992114
HB-01694,Non-private (tuned),0.04031516313177108
HB-01695,Non-private (tuned),-0.2254471277462965
HB-01696,Non-private (tuned),0.1874213254993119
HB-01698,Non-private (tuned),0.21101351746930685
HB-01699,Non-private (tuned),0.24188352759399662
HB-01700,Non-private (tuned),0.5813520831218644
HB-01701,Non-private (tuned),-0.06760916577747023
HB-01702,Non-private (tuned),-1.0480884344032446
HB-01703,Non-private (tuned),-0.09289236908095339
HB-01704,Non-private (tuned),-0.29791069415565585
HB-01705,Non-private (tuned),0.08652453169550584
HB-01706,Non-private (tuned),0.29908105703256793
HB-01707,Non-private (tuned),-0.36598382821380926
HB-01708,Non-private (tuned),-0.6302180649715139
HB-01709,Non-private (tuned),0.10196938550254431
HB-01710,Non-private (tuned),-0.3221986296786954
HB-01711,Non-private (tuned),0.06309192305343125
HB-01712,Non-private (tuned),0.051091065621370446
HB-01713,Non-private (tuned),-0.47057107428632183
HB-01714,Non-private (tuned),0.7557672445159894
HB-01715,Non-private (tuned),-0.13755446449343073
HB-01716,Non-private (tuned),0.0898286735052386
HB-01717,Non-private (tuned),-0.39448624993753467
HB-01718,Non-private (tuned),0.12387254097306405
HB-01719,Non-private (tuned),-0.29466654760867567
HB-01720,Non-private (tuned),0.2846088842243737
HB-01722,Non-private (tuned),0.5351182657881507
HB-01724,Non-private (tuned),0.3951595854293572
HB-01725,Non-private (tuned),0.11579758543008123
HB-01726,Non-private (tuned),0.44610789065857603
HB-01727,Non-private (tuned),-0.8251832661162891
HB-01728,Non-private (tuned),-0.17476205618833027
HB-01729,Non-private (tuned),-0.9218337034199604
HB-01730,Non-private (tuned),0.04176046036846412
HB-01731,Non-private (tuned),0.5570591990406165
HB-01732,Non-private (tuned),-0.8469112198250653
HB-01733,Non-private (tuned),-0.04883656257836555
HB-01734,Non-private (tuned),-0.15205241875130926
HB-01736,Non-private (tuned),0.07523438143737904
HB-01737,Non-private (tuned),-0.11607204335568416
HB-01738,Non-private (tuned),0.29326549326158685
HB-01739,Non-private (tuned),0.09511915817204242
HB-01740,Non-private (tuned),0.46195299998907086
HB-01741,Non-private (tuned),0.41454242823226983
HB-01742,Non-private (tuned),0.6978833523478153
HB-01744,Non-private (tuned),-0.007588423655338128
HB-01745,Non-private (tuned),0.08386216617021974
HB-01746,Non-private (tuned),0.07410914009978342
HB-01747,Non-private (tuned),0.5422873003800952
HB-01748,Non-private (tuned),-0.5395804102905212
HB-01749,Non-private (tuned),0.2959396486339286
HB-01750,Non-private (tuned),-0.4947867927264219
HB-01751,Non-private (tuned),-0.341412702013711
HB-01752,Non-private (tuned),-0.06393731852734016
HB-01753,Non-private (tuned),0.2754065286937727
HB-01754,Non-private (tuned),0.7649396360303518
HB-01755,Non-private (tuned),0.42246490960313454
HB-01756,Non-private (tuned),-0.14279806729530198
HB-01757,Non-private (tuned),-0.05609712653630228
HB-01759,Non-private (tuned),-0.06755000145943768
HB-01760,Non-private (tuned),0.5962885226528464
HB-01761,Non-private (tuned),-0.8038225663278
HB-01762,Non-private (tuned),0.20353022694335265
HB-01763,Non-private (tuned),0.7052030225867161
HB-01764,Non-private (tuned),-0.078963881945122
HB-01765,Non-private (tuned),-0.21713893000506534
HB-01766,Non-private (tuned),0.27169739302758605
HB-01767,Non-private (tuned),0.07770236038680778
HB-01768,Non-private (tuned),-0.7296719086607139
HB-01769,Non-private (tuned),-0.22356285364624706
HB-01770,Non-private (tuned),-0.03069179346854023
HB-01772,Non-private (tuned),0.21415440053341678
HB-01774,Non-private (tuned),0.2423743602789084
HB-01775,Non-private (tuned),-0.22211299499447257
HB-01777,Non-private (tuned),0.07290836339883722
HB-01778,Non-private (tuned),0.23594261062698887
HB-01779,Non-private (tuned),0.2947208606698498
HB-01780,Non-private (tuned),0.24765582950020315
HB-01781,Non-private (tuned),0.07826377447802779
HB-01782,Non-private (tuned),-0.1171105423116271
HB-01783,Non-private (tuned),0.005726452355991896
HB-01784,Non-private (tuned),0.3492301195041323
HB-01785,Non-private (tuned),-1.4066199931548558
HB-01787,Non-private (tuned),-1.0187167726500885
HB-01788,Non-private (tuned),0.7472999668220953
HB-01789,Non-private (tuned),-0.28589829311307446
HB-01790,Non-private (tuned),1.5976344261436544
HB-01791,Non-private (tuned),0.27283129301130155
HB-01792,Non-private (tuned),-0.47611335965972484
HB-01793,Non-private (tuned),-0.14137516155015745
HB-01794,Non-private (tuned),0.5538220530698346
HB-01795,Non-private (tuned),-0.2871765188870208
HB-01796,Non-private (tuned),0.4007562713934391
HB-01797,Non-private (tuned),0.1491074465768416
HB-01798,Non-private (tuned),-0.36967276462379617
HB-01799,Non-private (tuned),0.04483316646102442
HB-01800,Non-private (tuned),-0.06278788635893451
HB-01801,Non-private (tuned),-0.06953315849613373
HB-01802,Non-private (tuned),-0.5033063732434349
HB-01803,Non-private (tuned),-0.3002500226321087
HB-01806,Non-private (tuned),0.05106633065160554
HB-01807,Non-private (tuned),-1.8941521989912409
HB-01808,Non-private (tuned),-0.4902179027256225
HB-01810,Non-private (tuned),-0.2899529964982749
HB-01811,Non-private (tuned),-0.4840402756763523
HB-01812,Non-private (tuned),-0.8651498197639585
HB-01813,Non-private (tuned),-1.2461044026946633
HB-01814,Non-private (tuned),-0.43523699037791025
HB-01815,Non-private (tuned),0.08914624498449908
HB-01817,Non-private (tuned),0.5695751166083561
HB-01818,Non-private (tuned),0.4308266882570882
HB-01819,Non-private (tuned),-0.22616023810062924
HB-01820,Non-private (tuned),-0.35685960844174647
HB-01821,Non-private (tuned),0.39860278171116037
HB-01822,Non-private (tuned),0.3708378677085654
HB-01823,Non-private (tuned),0.012646466682803559
HB-01825,Non-private (tuned),-0.17629497072860514
HB-01827,Non-private (tuned),-0.032226524071444385
HB-01828,Non-private (tuned),-0.2679705944127002
HB-01829,Non-private (tuned),0.2086858716974062
HB-01830,Non-private (tuned),0.16463499707782048
HB-01831,Non-private (tuned),0.18872016700172728
HB-01832,Non-private (tuned),-0.41352651916296856
HB-01833,Non-private (tuned),0.2239005787092782
HB-01834,Non-private (tuned),-0.06850284695038039
HB-01835,Non-private (tuned),-0.20004951614990957
HB-01836,Non-private (tuned),0.1299055763501773
HB-01837,Non-private (tuned),-0.03693663596509539
HB-01838,Non-private (tuned),-0.18581448224287844
HB-01840,Non-private (tuned),0.09750865253851482
HB-01841,Non-private (tuned),-0.05448012549758663
HB-01842,Non-private (tuned),-0.7764557380324465
HB-01843,Non-private (tuned),-0.4967804858793766
HB-01846,Non-private (tuned),-0.3165511583003344
HB-01847,Non-private (tuned),0.33231126069434797
HB-01848,Non-private (tuned),-0.25648321464968965
HB-01849,Non-private (tuned),0.03252608235607679
HB-01850,Non-private (tuned),-0.6486657185602922
HB-01851,Non-private (tuned),-0.37281573286848535
HB-01852,Non-private (tuned),-0.009510286573573334
HB-01853,Non-private (tuned),-0.23830574849515979
HB-01854,Non-private (tuned),0.03808645995970911
HB-01856,Non-private (tuned),0.49441134543788134
HB-01857,Non-private (tuned),0.34129876736282716
HB-01859,Non-private (tuned),-0.07175000468685178
HB-01860,Non-private (tuned),-0.22299035979503135
HB-01861,Non-private (tuned),-0.8998317090520673
HB-01862,Non-private (tuned),0.06618377203187015
HB-01863,Non-private (tuned),0.016287366286751787
HB-01864,Non-private (tuned),-5.892800630779427
HB-01865,Non-private (tuned),-0.42525208103353435
HB-01866,Non-private (tuned),-0.05369080462485509
HB-01867,Non-private (tuned),-0.15930595179385082
HB-01868,Non-private (tuned),0.33209322547343145
HB-01869,Non-private (tuned),-0.31286923096339037
HB-01870,Non-private (tuned),-0.1277136438599979
HB-01871,Non-private (tuned),-0.19329698215953894
HB-01872,Non-private (tuned),0.1719956186284004
HB-01873,Non-private (tuned),0.3991229938434615
HB-01874,Non-private (tuned),0.6387883423173658
HB-01875,Non-private (tuned),-0.17593849604368555
HB-01876,Non-private (tuned),0.19006561114652498
HB-01877,Non-private (tuned),0.7154066718328166
HB-01879,Non-private (tuned),0.12104563477509428
HB-01880,Non-private (tuned),0.06163837815658607
HB-01881,Non-private (tuned),0.18547641021965922
HB-01882,Non-private (tuned),0.22693557660225552
HB-01883,Non-private (tuned),0.39581665443616687
HB-01884,Non-private (tuned),0.37239315883121515
HB-01885,Non-private (tuned),0.3008673271554161
HB-01886,Non-private (tuned),-0.4722293352375921
HB-01887,Non-private (tuned),-0.35157077960273164
HB-01889,Non-private (tuned),-0.4877694757785985
HB-01890,Non-private (tuned),0.017703796286753337
HB-01892,Non-private (tuned),0.4070877611372312
HB-01893,Non-private (tuned),0.6602109245898109
HB-01894,Non-private (tuned),0.3984925602985464
HB-01895,Non-private (tuned),0.04783111089387204
HB-01896,Non-private (tuned),0.6445649853685347
HB-01898,Non-private (tuned),-0.40766687714187894
HB-01899,Non-private (tuned),0.13236437673810952
HB-01900,Non-private (tuned),0.061033382277405956
HB-01901,Non-private (tuned),1.8568320353400032
HB-01902,Non-private (tuned),0.08448626044940649
HB-01903,Non-private (tuned),-0.15130452122552457
HB-01906,Non-private (tuned),-0.04272697950073784
HB-01907,Non-private (tuned),-0.019858348204035647
HB-01908,Non-private (tuned),-0.3396102270786026
HB-01909,Non-private (tuned),0.08373681404377409
HB-01910,Non-private (tuned),0.045818133561723984
HB-01911,Non-private (tuned),0.015370966405746755
HB-01912,Non-private (tuned),-0.336990129339388
HB-01913,Non-private (tuned),-0.15872365019026746
HB-01914,Non-private (tuned),0.23934236160121963
HB-01915,Non-private (tuned),-0.5386736671351133
HB-01916,Non-private (tuned),0.34523910500880634
HB-01917,Non-private (tuned),0.13696596840413922
HB-01918,Non-private (tuned),-2.0994773939976468
HB-01919,Non-private (tuned),0.09441674311912884
HB-01920,Non-private (tuned),-3.8383439585214907
HB-01921,Non-private (tuned),-0.3239804652266365
HB-01922,Non-private (tuned),-0.039491733490932046
HB-01923,Non-private (tuned),-0.12913247930454091
HB-01924,Non-private (tuned),-0.3080039502301884
HB-01925,Non-private (tuned),-0.3903443632448499
HB-01927,Non-private (tuned),-0.2811489683437109
HB-01928,Non-private (tuned),0.20716061077317516
HB-01929,Non-private (tuned),-0.037237724089508484
HB-01930,Non-private (tuned),-0.030355910681793552
HB-01931,Non-private (tuned),-0.3434207312574328
HB-01932,Non-private (tuned),-0.12186866602490051
HB-01933,Non-private (tuned),0.22142386578398965
HB-01935,Non-private (tuned),-0.4053435983182219
HB-01936,Non-private (tuned),-0.1529343674495112
HB-01937,Non-private (tuned),0.32137942346282167
HB-01938,Non-private (tuned),0.31079817919752756
HB-01939,Non-private (tuned),0.0867044624315757
HB-01940,Non-private (tuned),0.27363293339847283
HB-01942,Non-private (tuned),0.21200319964853348
HB-01943,Non-private (tuned),0.4268841488076793
HB-01944,Non-private (tuned),0.0896018933481591
HB-01945,Non-private (tuned),-0.056258024884844826
HB-01946,Non-private (tuned),-0.4786552107672041
HB-01948,Non-private (tuned),-0.08912266407058445
HB-01949,Non-private (tuned),-0.8864624568255429
HB-01950,Non-private (tuned),-0.35769178997780515
HB-01952,Non-private (tuned),-0.11690145689221498
HB-01953,Non-private (tuned),0.25746436437584885
HB-01954,Non-private (tuned),0.6241641372192448
HB-01955,Non-private (tuned),0.12762054433737474
HB-01956,Non-private (tuned),0.23489242196953886
HB-01957,Non-private (tuned),0.2051700020434727
HB-01959,Non-private (tuned),0.12305011223197881
HB-01960,Non-private (tuned),-0.05447063827371795
HB-01961,Non-private (tuned),1.5255734520373192
HB-01962,Non-private (tuned),-0.139817355412086
HB-01963,Non-private (tuned),-0.9941380766506202
HB-01964,Non-private (tuned),-0.798223561595153
HB-01965,Non-private (tuned),0.16025711794911235
HB-01966,Non-private (tuned),0.4660520838067296
HB-01967,Non-private (tuned),-0.3100850762977342
HB-01968,Non-private (tuned),0.3746075034325706
HB-01969,Non-private (tuned),0.08868243797701003
HB-01970,Non-private (tuned),-0.055216796866970286
HB-01971,Non-private (tuned),-0.06636057882814148
HB-01972,Non-private (tuned),-0.003481247738385429
HB-01973,Non-private (tuned),-0.29901567216425584
HB-01974,Non-private (tuned),0.7163814614104647
HB-01975,Non-private (tuned),0.43412886568246883
HB-01976,Non-private (tuned),0.6774103724147135
HB-01977,Non-private (tuned),0.17831544193129267
HB-01978,Non-private (tuned),-0.21619491739907032
HB-01979,Non-private (tuned),0.32663771908294204
HB-01980,Non-private (tuned),0.8715015023844066
HB-01981,Non-private (tuned),-0.1462612970731333
HB-01982,Non-private (tuned),0.414574950136288
HB-01984,Non-private (tuned),-0.14779983561912824
HB-01986,Non-private (tuned),0.64065540603142
HB-01987,Non-private (tuned),0.13999543912204288
HB-01988,Non-private (tuned),-0.09009770375201731
HB-01989,Non-private (tuned),0.4755424517060143
HB-01990,Non-private (tuned),0.006324535411564192
HB-01991,Non-private (tuned),0.2285839942457329
HB-01992,Non-private (tuned),-0.739230520797268
HB-01993,Non-private (tuned),0.6016895604629167
HB-01994,Non-private (tuned),-0.36334456633057
HB-01995,Non-private (tuned),-0.32268192978411536
HB-01996,Non-private (tuned),0.07480706236172457
HB-01997,Non-private (tuned),0.19935157683933769
HB-01998,Non-private (tuned),-0.05839107738065419
HB-01999,Non-private (tuned),-0.6073411656584385
HB-02001,Non-private (tuned),0.07831343950516467
HB-02002,Non-private (tuned),0.9521470310018669
HB-02003,Non-private (tuned),-0.1687148551873084
HB-02004,Non-private (tuned),-1.0251140715496798
HB-02005,Non-private (tuned),0.09982892646695052
HB-02006,Non-private (tuned),0.029933545638545445
HB-02007,Non-private (tuned),-0.02663825963546923
HB-02008,Non-private (tuned),0.08003245331125022
HB-02009,Non-private (tuned),0.4021409597297257
HB-02010,Non-private (tuned),-0.40830587251073464
HB-02011,Non-private (tuned),0.9767632057061357
HB-02012,Non-private (tuned),-0.3952651211562428
HB-02013,Non-private (tuned),0.48736787895596956
HB-02014,Non-private (tuned),1.8104026067764527
HB-02015,Non-private (tuned),0.6174904294829165
HB-02016,Non-private (tuned),0.003992107692219138
HB-02017,Non-private (tuned),0.038773423386919026
HB-02018,Non-private (tuned),-0.2621865291134434
HB-02019,Non-private (tuned),0.2511036824830934
HB-02020,Non-private (tuned),0.29185955759019533
HB-02021,Non-private (tuned),-0.2736218862337181
HB-02022,Non-private (tuned),-0.023270507633577492
HB-02023,Non-private (tuned),0.3732222477385596
HB-02024,Non-private (tuned),-0.04221175065658908
HB-02027,Non-private (tuned),0.031415076070191505
HB-02028,Non-private (tuned),-0.23336289797053655
HB-02029,Non-private (tuned),0.0962550568909929
HB-02030,Non-private (tuned),0.12259328252377072
HB-02031,Non-private (tuned),0.1605669459138086
HB-02032,Non-private (tuned),-0.21900306542747544
HB-02033,Non-private (tuned),-0.16858062403285712
HB-02034,Non-private (tuned),-0.435783759630756
HB-02036,Non-private (tuned),-0.5122654374852015
HB-02037,Non-private (tuned),0.18381594362252413
HB-02038,Non-private (tuned),-0.17151588891289093
HB-02039,Non-private (tuned),0.048001461947912105
HB-02040,Non-private (tuned),-0.22756023685298132
HB-02041,Non-private (tuned),-1.4228516216629554
HB-02042,Non-private (tuned),-0.12690855768014853
HB-02043,Non-private (tuned),0.11084242683306655
HB-02044,Non-private (tuned),0.26095024038691783
HB-02045,Non-private (tuned),1.1220134611875894
HB-02046,Non-private (tuned),-0.22362597787838268
HB-02047,Non-private (tuned),-0.16494420869379905
HB-02048,Non-private (tuned),-0.3675023237030316
HB-02049,Non-private (tuned),-0.5851749058035798
HB-02050,Non-private (tuned),-1.317445361919136
HB-02051,Non-private (tuned),-0.025891422645758
HB-02052,Non-private (tuned),0.4050085088641212
HB-02053,Non-private (tuned),0.3677898615267707
HB-02054,Non-private (tuned),-0.23940372020247835
HB-02055,Non-private (tuned),0.15171372312327847
HB-02056,Non-private (tuned),0.06264045445977778
HB-02057,Non-private (tuned),0.5394625326091809
HB-02058,Non-private (tuned),-0.172001188506469
HB-02059,Non-private (tuned),0.8629103844341424
HB-02060,Non-private (tuned),-0.27851099906230914
HB-02061,Non-private (tuned),0.19597005332462353
HB-02062,Non-private (tuned),0.2802079693514085
HB-02063,Non-private (tuned),-0.04861418461271183
HB-02064,Non-private (tuned),-0.31510659894610704
HB-02065,Non-private (tuned),-1.5878625022930675
HB-02066,Non-private (tuned),0.24736527682491016
HB-02067,Non-private (tuned),0.6547989649710049
HB-02068,Non-private (tuned),0.19682762327033812
HB-02069,Non-private (tuned),0.2545543454465148
HB-02071,Non-private (tuned),-0.4745549031131725
HB-02072,Non-private (tuned),0.11564166078112434
HB-02073,Non-private (tuned),0.7005223867615322
HB-02074,Non-private (tuned),-0.09617884813149968
HB-02075,Non-private (tuned),-0.03387086104152526
HB-02076,Non-private (tuned),0.6005514147831199
HB-02077,Non-private (tuned),-0.01709065527444731
HB-02078,Non-private (tuned),-0.25949845383472175
HB-02079,Non-private (tuned),0.21731245624186757
HB-02080,Non-private (tuned),0.04419482074197023
HB-02082,Non-private (tuned),0.7411733969764434
HB-02083,Non-private (tuned),-0.651970344313612
HB-02084,Non-private (tuned),0.264363518618691
HB-02086,Non-private (tuned),0.33848971078551043
HB-02087,Non-private (tuned),-0.2921129507384883
HB-02088,Non-private (tuned),0.603147426412762
HB-02089,Non-private (tuned),-0.16190193805165554
HB-02090,Non-private (tuned),0.16133272602298177
HB-02091,Non-private (tuned),-0.13700674827093617
HB-02093,Non-private (tuned),0.3817985797131498
HB-02094,Non-private (tuned),-0.16378267270105584
HB-02095,Non-private (tuned),0.12389080110877737
HB-02096,Non-private (tuned),-0.9356077731376797
HB-02097,Non-private (tuned),0.3950072579596227
HB-02100,Non-private (tuned),-0.06297103645456803
HB-02101,Non-private (tuned),-0.33983105930654267
HB-02102,Non-private (tuned),0.24018276546801792
HB-02103,Non-private (tuned),-0.0716469710288119
HB-02104,Non-private (tuned),-0.01386542220779996
HB-02105,Non-private (tuned),0.13533532244430407
HB-02106,Non-private (tuned),0.4872389595440231
HB-02107,Non-private (tuned),0.055600680968850624
HB-02108,Non-private (tuned),-0.20958882621829783
HB-02109,Non-private (tuned),-0.22407133936652407
HB-02111,Non-private (tuned),-0.35494834742313097
HB-02112,Non-private (tuned),0.046629198386958004
HB-02113,Non-private (tuned),0.07351858831788136
HB-02115,Non-private (tuned),-0.08852420169110958
HB-02116,Non-private (tuned),0.19989096295688213
HB-02117,Non-private (tuned),0.233537873435815
HB-02118,Non-private (tuned),-0.21876331850151354
HB-02119,Non-private (tuned),0.2192444907679061
HB-02122,Non-private (tuned),0.4347000306400952
HB-02123,Non-private (tuned),0.08932847972313984
HB-02124,Non-private (tuned),-0.7988348429584421
HB-02126,Non-private (tuned),0.51452972756594
HB-02127,Non-private (tuned),-0.37119790872693714
HB-02128,Non-private (tuned),-0.36016007500771463
HB-02129,Non-private (tuned),-0.6298085520158906
HB-02130,Non-private (tuned),-0.12627002996771858
HB-02131,Non-private (tuned),0.05782986703110371
HB-02132,Non-private (tuned),-0.042466652886502754
HB-02133,Non-private (tuned),0.07804778484567831
HB-02135,Non-private (tuned),0.0033965547624089654
HB-02136,Non-private (tuned),-0.13267844181785127
HB-02137,Non-private (tuned),-0.9587313534033164
HB-02138,Non-private (tuned),0.053621515757934446
HB-02139,Non-private (tuned),-0.30148885479455717
HB-02141,Non-private (tuned),0.19290509888940344
HB-02142,Non-private (tuned),0.250810311782413
HB-02143,Non-private (tuned),-0.6884923785351171
HB-02144,Non-private (tuned),-0.11091077665600013
HB-02145,Non-private (tuned),-0.1946509280917182
HB-02146,Non-private (tuned),0.047094869388328964
HB-02147,Non-private (tuned),-0.2503348502550757
HB-02148,Non-private (tuned),1.3409083117233225
HB-02149,Non-private (tuned),-0.4105709191677742
HB-02150,Non-private (tuned),-0.38047581565656735
HB-02151,Non-private (tuned),0.12804195117001227
HB-02152,Non-private (tuned),0.02301528875137504
HB-02153,Non-private (tuned),0.21279878792947277
HB-02154,Non-private (tuned),0.10675177640630895
HB-02155,Non-private (tuned),0.3616407140218822
HB-02156,Non-private (tuned),0.6689102147308497
HB-02157,Non-private (tuned),-0.18125273371828987
HB-02158,Non-private (tuned),-0.1729712539923694
HB-02159,Non-private (tuned),-0.15527363920697965
HB-02160,Non-private (tuned),0.22866621124770392
HB-02161,Non-private (tuned),0.0053884682108562565
HB-02162,Non-private (tuned),0.05724813646375437
HB-02163,Non-private (tuned),-0.07551993542229407
HB-02164,Non-private (tuned),0.16859984104037462
HB-02165,Non-private (tuned),-0.9045982341623305
HB-02166,Non-private (tuned),0.127739692679193
HB-02167,Non-private (tuned),-0.10282613961590897
HB-02168,Non-private (tuned),-0.008957679134546814
HB-02169,Non-private (tuned),-0.5354311900498502
HB-02170,Non-private (tuned),-0.16339873329978877
HB-02172,Non-private (tuned),0.18929584024652513
HB-02173,Non-private (tuned),-0.7196772257459296
HB-02174,Non-private (tuned),-0.0116818729905602
HB-02175,Non-private (tuned),0.14480850163898223
HB-02176,Non-private (tuned),0.06349838574624236
HB-02177,Non-private (tuned),0.3739018303275801
HB-02178,Non-private (tuned),-0.24699079889730918
HB-02180,Non-private (tuned),0.029563114555993475
HB-02181,Non-private (tuned),-0.29977446466378727
HB-02182,Non-private (tuned),0.4408464505906731
HB-02183,Non-private (tuned),-0.09201948915596903
HB-02185,Non-private (tuned),-0.358543692625648
HB-02186,Non-private (tuned),0.23873682417045133
HB-02187,Non-private (tuned),-0.9098168150621361
HB-02188,Non-private (tuned),-0.3824479428169384
HB-02189,Non-private (tuned),-0.35948556659051834
HB-02190,Non-private (tuned),0.5125781208689673
HB-02191,Non-private (tuned),-0.0648981937447986
HB-02192,Non-private (tuned),0.2929119640112275
HB-02194,Non-private (tuned),-0.057146968561984535
HB-02195,Non-private (tuned),-0.4695134649290288
HB-02196,Non-private (tuned),-0.8082553945725797
HB-02197,Non-private (tuned),0.397240249249723
HB-02199,Non-private (tuned),0.13962568432639666
HB-02200,Non-private (tuned),-0.23934058046117124
HB-02201,Non-private (tuned),-0.06487804654508522
HB-02202,Non-private (tuned),-0.09597627687190202
HB-02203,Non-private (tuned),0.2762193663174416
HB-02205,Non-private (tuned),-0.16825107470787642
HB-02206,Non-private (tuned),-0.1250220840430526
HB-02207,Non-private (tuned),-0.40276430016304227
HB-02208,Non-private (tuned),-0.3984177024878015
HB-02210,Non-private (tuned),0.07505731755909684
HB-02211,Non-private (tuned),0.7173387001305875
HB-02212,Non-private (tuned),-0.40271647129917343
HB-02213,Non-private (tuned),0.1254902528357693
HB-02214,Non-private (tuned),0.18553176365863167
HB-02215,Non-private (tuned),0.25193305431471913
HB-02216,Non-private (tuned),0.3763066257680981
HB-02217,Non-private (tuned),-0.0819241478180408
HB-02218,Non-private (tuned),-0.40136333538812474
HB-02219,Non-private (tuned),-0.06569885171370893
HB-02220,Non-private (tuned),0.3245086724670842
HB-02221,Non-private (tuned),-0.45298185005143743
HB-02223,Non-private (tuned),0.12857103945582393
HB-02224,Non-private (tuned),0.6627672093595458
HB-02225,Non-private (tuned),-0.29602206868235664
HB-02226,Non-private (tuned),0.4536312461567424
HB-02227,Non-private (tuned),-0.09792009242813948
HB-02228,Non-private (tuned),-0.3767504216014559
HB-02229,Non-private (tuned),0.26502976355871166
HB-02230,Non-private (tuned),-0.17413240714762435
HB-02231,Non-private (tuned),-0.2662838330383303
HB-02232,Non-private (tuned),0.5137003346048443
HB-02233,Non-private (tuned),0.11732757237330005
HB-02234,Non-private (tuned),-0.1189785713936492
HB-02236,Non-private (tuned),0.3761343018864931
HB-02237,Non-private (tuned),-0.405634519566226
HB-02238,Non-private (tuned),-0.18228478425801375
HB-02239,Non-private (tuned),0.6209203711673263
HB-02240,Non-private (tuned),-0.3148508949957082
HB-02241,Non-private (tuned),-0.41500328621085425
HB-02242,Non-private (tuned),0.08788090392642545
HB-02244,Non-private (tuned),-0.09869587549026704
HB-02245,Non-private (tuned),-0.07095307950820612
HB-02246,Non-private (tuned),-0.1985945395764751
HB-02247,Non-private (tuned),-0.12113400864931168
HB-02248,Non-private (tuned),0.19977985323442843
HB-02249,Non-private (tuned),0.057200806810528415
HB-02250,Non-private (tuned),0.23767855186198206
HB-02252,Non-private (tuned),0.3170592634958044
HB-02253,Non-private (tuned),-0.1563193413305088
HB-02254,Non-private (tuned),-0.5201711946328484
HB-02255,Non-private (tuned),-1.3265984622213733
HB-02256,Non-private (tuned),-0.4312506300155063
HB-02257,Non-private (tuned),0.32390969853636425
HB-02258,Non-private (tuned),-0.41295705063298904
HB-02259,Non-private (tuned),0.0033026936321973732
HB-02260,Non-private (tuned),0.5034537240043399
HB-02261,Non-private (tuned),-0.01772590589435441
HB-02262,Non-private (tuned),0.9811452230901336
HB-02263,Non-private (tuned),-0.45008697344921667
HB-02264,Non-private (tuned),0.6361039410537656
HB-02265,Non-private (tuned),-0.3331489882835387
HB-02266,Non-private (tuned),0.43231015192148003
HB-02267,Non-private (tuned),0.2523745132201165
HB-02268,Non-private (tuned),0.3207280217247961
HB-02269,Non-private (tuned),0.016954017474147653
HB-02270,Non-private (tuned),0.11552711578753438
HB-02271,Non-private (tuned),-0.13618577520904096
HB-02272,Non-private (tuned),0.1045411444963884
HB-02274,Non-private (tuned),0.010869830936890756
HB-02275,Non-private (tuned),0.14382288726893755
HB-02276,Non-private (tuned),0.38255611741219153
HB-02280,Non-private (tuned),-0.06053912100828296
HB-02281,Non-private (tuned),-0.20750337284898834
HB-02282,Non-private (tuned),-0.20731057492630367
HB-02283,Non-private (tuned),0.24327952234527306
HB-02285,Non-private (tuned),0.41645469743415264
HB-02286,Non-private (tuned),0.35506075495181255
HB-02287,Non-private (tuned),0.350329763794654
HB-02288,Non-private (tuned),-0.44473577166668476
HB-02289,Non-private (tuned),0.006022419838125015
HB-02290,Non-private (tuned),0.3225083466266625
HB-02293,Non-private (tuned),-1.0886190225874581
HB-02294,Non-private (tuned),0.4495204300252445
HB-02297,Non-private (tuned),-0.23127111312806656
HB-02298,Non-private (tuned),-0.32734177008022347
HB-02299,Non-private (tuned),0.6607445317382525
HB-02300,Non-private (tuned),0.7272559030358186
HB-02301,Non-private (tuned),0.18415945644141024
HB-02302,Non-private (tuned),-0.5012674160663206
HB-02303,Non-private (tuned),0.17690733746873116
HB-02304,Non-private (tuned),-0.09413513238051868
HB-02305,Non-private (tuned),-0.017147134244115847
HB-02306,Non-private (tuned),0.00490954160712731
HB-02307,Non-private (tuned),0.26211092530969954
HB-02308,Non-private (tuned),-0.13357277097521508
HB-02309,Non-private (tuned),0.4380769707868877
HB-02310,Non-private (tuned),0.2966974043519546
HB-02311,Non-private (tuned),-0.11114713908831514
HB-02312,Non-private (tuned),0.40477202576048976
HB-02313,Non-private (tuned),-0.3074427317282762
HB-02314,Non-private (tuned),-2.2757260990428128
HB-02315,Non-private (tuned),-0.2623089763321096
HB-02316,Non-private (tuned),-0.08394896893742537
HB-02317,Non-private (tuned),0.535427733367986
HB-02318,Non-private (tuned),-0.761238148717567
HB-02319,Non-private (tuned),-0.7002833908291953
HB-02320,Non-private (tuned),-0.013218499903789427
HB-02321,Non-private (tuned),-0.5371407580329107
HB-02322,Non-private (tuned),-0.3639445064522469
HB-02324,Non-private (tuned),-0.46087816333547105
HB-02325,Non-private (tuned),0.20878560069746976
HB-02326,Non-private (tuned),0.37979041276459224
HB-02327,Non-private (tuned),-0.6598516310336356
HB-02328,Non-private (tuned),-0.6879703042604123
HB-02329,Non-private (tuned),0.6345003431403318
HB-02330,Non-private (tuned),0.13885762850344285
HB-02331,Non-private (tuned),0.2548557523494388
HB-02332,Non-private (tuned),-0.14161521029850227
HB-02333,Non-private (tuned),1.478389690404748
HB-02334,Non-private (tuned),-0.15623617528677403
HB-02335,Non-private (tuned),0.09923555089624111
HB-02336,Non-private (tuned),-0.4905795406925898
HB-02337,Non-private (tuned),0.08803606939043873
HB-02338,Non-private (tuned),0.12639918584461385
HB-02339,Non-private (tuned),-0.09024810334536487
HB-02340,Non-private (tuned),-0.13743742069352638
HB-02341,Non-private (tuned),0.026221901304078976
HB-02343,Non-private (tuned),-0.31358632041863455
HB-02344,Non-private (tuned),-0.23524714186006362
HB-02345,Non-private (tuned),0.03663686809083494
HB-02346,Non-private (tuned),0.1643480351547476
HB-02347,Non-private (tuned),0.4348585764539424
HB-02349,Non-private (tuned),-0.37761023563040874
HB-02350,Non-private (tuned),-0.47776417154979034
HB-02351,Non-private (tuned),-1.263572828357999
HB-02352,Non-private (tuned),0.16619517607620637
HB-02353,Non-private (tuned),0.1657375244751757
HB-02354,Non-private (tuned),-0.9615702598789283
HB-02355,Non-private (tuned),-0.05270754283407708
HB-02356,Non-private (tuned),0.5962751797867735
HB-02357,Non-private (tuned),-0.7823760915091664
HB-02358,Non-private (tuned),0.19968086752749997
HB-02359,Non-private (tuned),0.5912183927401509
HB-02360,Non-private (tuned),0.22576914366410483
HB-02361,Non-private (tuned),0.41161784783823013
HB-02362,Non-private (tuned),-0.7389029877492455
HB-02363,Non-private (tuned),-0.40618952555803867
HB-02364,Non-private (tuned),-0.05040707775133746
HB-02365,Non-private (tuned),0.5028750524429154
HB-02366,Non-private (tuned),0.041035963253687524
HB-02367,Non-private (tuned),0.03900758983573582
HB-02368,Non-private (tuned),0.06366267086246236
HB-02369,Non-private (tuned),0.39705427684931943
HB-02370,Non-private (tuned),0.5453328201156175
HB-02372,Non-private (tuned),0.33526451316709915
HB-02373,Non-private (tuned),-0.007273675659622836
HB-02374,Non-private (tuned),-0.32363796411743245
HB-02375,Non-private (tuned),-0.0681678880411184
HB-02376,Non-private (tuned),-0.05251116231264452
HB-02377,Non-private (tuned),-0.3620796694942757
HB-02378,Non-private (tuned),-0.036216667610293296
HB-02379,Non-private (tuned),-0.38535910129900486
HB-02380,Non-private (tuned),-0.2164246481092546
HB-02382,Non-private (tuned),-0.1808719361153901
HB-02383,Non-private (tuned),0.31053072608609933
HB-02384,Non-private (tuned),0.25286783994379153
HB-02385,Non-private (tuned),0.23706645199584458
HB-02386,Non-private (tuned),-0.1473302254630765
HB-02387,Non-private (tuned),0.001229916827285571
HB-02388,Non-private (tuned),-0.051861286851794586
HB-02389,Non-private (tuned),-0.2098810527389373
HB-02391,Non-private (tuned),0.29811996897723947
HB-02392,Non-private (tuned),0.5110852554959435
HB-02393,Non-private (tuned),0.6424103463122575
HB-02394,Non-private (tuned),0.06384418227912159
HB-02395,Non-private (tuned),0.13595344442693913
HB-02396,Non-private (tuned),-0.04086297028424746
HB-02397,Non-private (tuned),-0.1511725457064643
HB-02398,Non-private (tuned),-0.382416115379709
HB-02399,Non-private (tuned),-0.29804165985072467
HB-02400,Non-private (tuned),-0.33065346121613115
HB-02401,Non-private (tuned),-0.9801349015430554
HB-02403,Non-private (tuned),-0.005522213761749412
HB-02405,Non-private (tuned),0.5801739584433139
HB-02406,Non-private (tuned),-0.6103392727916866
HB-02407,Non-private (tuned),0.09360737726113033
HB-02408,Non-private (tuned),0.39542995699688765
HB-02410,Non-private (tuned),0.20413859896453102
HB-02411,Non-private (tuned),-0.025783709611189698
HB-02412,Non-private (tuned),-0.1816882935722267
HB-02413,Non-private (tuned),-0.0065145737734115805
HB-02414,Non-private (tuned),-0.9213949825853045
HB-02415,Non-private (tuned),-0.34283993847411487
HB-02416,Non-private (tuned),-0.32676986119868145
HB-02417,Non-private (tuned),0.2995610785583477
HB-02418,Non-private (tuned),-0.1924277550005576
HB-02419,Non-private (tuned),0.1361356964038576
HB-02420,Non-private (tuned),-0.3003700262844893
HB-02421,Non-private (tuned),0.025791308127180335
HB-02422,Non-private (tuned),-0.1197929658364682
HB-02423,Non-private (tuned),0.20425751903024408
HB-02424,Non-private (tuned),-0.05064441328429381
HB-02425,Non-private (tuned),-0.40016751679573254
HB-02426,Non-private (tuned),0.3232086402831223
HB-02427,Non-private (tuned),0.12562124297920024
HB-02428,Non-private (tuned),-0.11278536883199075
HB-02429,Non-private (tuned),0.4637010453932021
HB-02430,Non-private (tuned),0.14846756319371368
HB-02431,Non-private (tuned),0.10496054351450324
HB-02432,Non-private (tuned),-2.878986713618626
HB-02433,Non-private (tuned),1.0778246794195576
HB-02434,Non-private (tuned),-0.6372263647652895
HB-02435,Non-private (tuned),0.29206504409775746
HB-02437,Non-private (tuned),0.2782900446581864
HB-02439,Non-private (tuned),-0.06189856473213906
HB-02440,Non-private (tuned),-0.3609139566485112
HB-02441,Non-private (tuned),0.04278072963497759
HB-02442,Non-private (tuned),0.439149412160392
HB-02444,Non-private (tuned),-0.030040913460564145
HB-02445,Non-private (tuned),-0.036805875756727446
HB-02446,Non-private (tuned),0.3343999141089268
HB-02447,Non-private (tuned),-0.22189775683240695
HB-02448,Non-private (tuned),0.06756453115027172
HB-02449,Non-private (tuned),-0.29901199631115105
HB-02451,Non-private (tuned),0.04426940976340871
HB-02452,Non-private (tuned),-0.5094721509610185
HB-02453,Non-private (tuned),-1.178767192676999
HB-02454,Non-private (tuned),0.5173706152513677
HB-02456,Non-private (tuned),0.3590693614493615
HB-02457,Non-private (tuned),-0.028435730574114026
HB-02458,Non-private (tuned),-0.7090328234704627
HB-02459,Non-private (tuned),-0.2775659993709576
HB-02460,Non-private (tuned),0.21454884408503977
HB-02461,Non-private (tuned),-0.19294529958018314
HB-02462,Non-private (tuned),0.23885734315155394
HB-02463,Non-private (tuned),0.08627453361386314
HB-02464,Non-private (tuned),-0.680293953917255
HB-02465,Non-private (tuned),-0.23286410907076688
HB-02466,Non-private (tuned),0.20533361754885815
HB-02467,Non-private (tuned),0.36031608937873477
HB-02468,Non-private (tuned),-0.34753462459578083
HB-02469,Non-private (tuned),0.3944571786460659
HB-02470,Non-private (tuned),-0.19972480662057657
HB-02472,Non-private (tuned),-0.3715047577858497
HB-02473,Non-private (tuned),0.13918474599790254
HB-02474,Non-private (tuned),0.20190921287441144
HB-02475,Non-private (tuned),-0.09873198947467399
HB-02476,Non-private (tuned),0.015962111766583242
HB-02477,Non-private (tuned),-0.3149009214123483
HB-02478,Non-private (tuned),-0.17455425729747887
HB-02479,Non-private (tuned),-0.20786662857331262
HB-02480,Non-private (tuned),-0.46621662599357905
HB-02481,Non-private (tuned),-0.3329702521570074
HB-02482,Non-private (tuned),-0.19420246190761314
HB-02483,Non-private (tuned),-0.2571323051107636
HB-02484,Non-private (tuned),-0.022414126145341717
HB-02486,Non-private (tuned),0.37980581984157064
HB-02487,Non-private (tuned),0.545529699044995
HB-02489,Non-private (tuned),-0.07953520853659324
HB-02490,Non-private (tuned),-0.24976387561435331
HB-02491,Non-private (tuned),-0.5322090821239032
HB-02492,Non-private (tuned),-0.05650486970084312
HB-02493,Non-private (tuned),0.17868242383018695
HB-02494,Non-private (tuned),-0.9170302036319222
HB-02495,Non-private (tuned),1.007573256801975
HB-02496,Non-private (tuned),0.014778341354369617
HB-02497,Non-private (tuned),-0.15217373364771908
HB-02498,Non-private (tuned),0.31304868063733826
HB-02499,Non-private (tuned),-0.32420913804554863
HB-02500,Non-private (tuned),-3.083965478391047
HB-02501,Non-private (tuned),-0.1889745692156472
HB-02502,Non-private (tuned),0.2042338116536246
HB-02503,Non-private (tuned),0.4585283925729501
HB-02504,Non-private (tuned),0.31230502145062844
HB-02505,Non-private (tuned),0.2418046360728734
HB-02506,Non-private (tuned),0.35803057218631495
HB-02507,Non-private (tuned),-0.19286008847139902
HB-02508,Non-private (tuned),-0.3943042346664195
HB-02511,Non-private (tuned),0.017660673362578372
HB-02512,Non-private (tuned),0.4078110288969585
HB-02513,Non-private (tuned),-0.27607245441680095
HB-02514,Non-private (tuned),-0.3899921774304333
HB-02515,Non-private (tuned),0.10626211095645616
HB-02516,Non-private (tuned),0.15278851167204444
HB-02519,Non-private (tuned),1.2331170636106097
HB-02520,Non-private (tuned),-0.17306161714617785
HB-02521,Non-private (tuned),-0.06102838255092036
HB-02522,Non-private (tuned),0.1996101251768715
HB-02523,Non-private (tuned),0.875199104544825
HB-02524,Non-private (tuned),0.3068965508383634
HB-02525,Non-private (tuned),0.35721541187679506
HB-02526,Non-private (tuned),0.015968037219773468
HB-02527,Non-private (tuned),-0.33008227541587654
HB-02528,Non-private (tuned),0.5737156117356201
HB-02529,Non-private (tuned),0.3879524709297942
HB-02530,Non-private (tuned),0.41847239173431117
HB-02531,Non-private (tuned),-0.32309939497135165
HB-02532,Non-private (tuned),-0.12145840369777461
HB-02533,Non-private (tuned),-0.19051801357277454
HB-02534,Non-private (tuned),0.15487203844434166
HB-02535,Non-private (tuned),-0.5251445113466169
HB-02536,Non-private (tuned),-0.16264074554647545
HB-02537,Non-private (tuned),0.9490308035194582
HB-02538,Non-private (tuned),0.030626549303537254
HB-02539,Non-private (tuned),-7.555865775674878
HB-02540,Non-private (tuned),0.2628083692138625
HB-02541,Non-private (tuned),0.3497021923250856
HB-02542,Non-private (tuned),0.7170350457583936
HB-02543,Non-private (tuned),0.23580036883037236
HB-02544,Non-private (tuned),-0.12265744886919003
HB-02545,Non-private (tuned),-1.6472986937012795
HB-02546,Non-private (tuned),0.2844305650482763
HB-02547,Non-private (tuned),-0.9853725651166303
HB-02548,Non-private (tuned),-0.2587973495678848
HB-02549,Non-private (tuned),0.4251118208527182
HB-02550,Non-private (tuned),0.09369100640717332
HB-02551,Non-private (tuned),-0.561791097014052
HB-02552,Non-private (tuned),0.34017398879545363
HB-02553,Non-private (tuned),0.4463610226785063
HB-02554,Non-private (tuned),-0.08182825882541661
HB-02555,Non-private (tuned),0.4804747916724695
HB-02556,Non-private (tuned),0.34620095701650716
HB-02557,Non-private (tuned),-0.21579392965025745
HB-02558,Non-private (tuned),-0.38431983261292996
HB-02559,Non-private (tuned),0.12019047477448894
HB-02560,Non-private (tuned),0.1477722970901335
HB-02561,Non-private (tuned),0.23443852851557356
HB-02562,Non-private (tuned),0.5517991996955771
HB-02565,Non-private (tuned),-0.25726180702312396
HB-02566,Non-private (tuned),-0.24091191262257372
HB-02567,Non-private (tuned),-0.1577783476751731
HB-02568,Non-private (tuned),-0.732805632057022
HB-02569,Non-private (tuned),-0.02555182082315277
HB-02570,Non-private (tuned),0.6372605021485243
HB-02571,Non-private (tuned),0.2830726146122269
HB-02572,Non-private (tuned),-0.6822635420923028
HB-02573,Non-private (tuned),-1.214958821657599
HB-02574,Non-private (tuned),-0.3088683795284204
HB-02575,Non-private (tuned),0.07754461220333264
HB-02576,Non-private (tuned),0.031662919835336534
HB-02577,Non-private (tuned),0.6265645464479341
HB-02578,Non-private (tuned),-0.0906184944652228
HB-02580,Non-private (tuned),0.032336828682979546
HB-02581,Non-private (tuned),-0.002701432040068563
HB-02582,Non-private (tuned),-0.1594379086144686
HB-02583,Non-private (tuned),-0.7051234105776387
HB-02586,Non-private (tuned),-0.02956503103490718
HB-02587,Non-private (tuned),-0.09938873145158289
HB-02588,Non-private (tuned),0.06750780667585188
HB-02590,Non-private (tuned),-0.07461700051008338
HB-02591,Non-private (tuned),-0.13856934322692327
HB-02592,Non-private (tuned),0.21235167971041458
HB-02593,Non-private (tuned),0.3980829371823372
HB-02594,Non-private (tuned),0.3155568128517646
HB-02595,Non-private (tuned),-0.856278192158103
HB-02596,Non-private (tuned),0.22256980467899673
HB-02597,Non-private (tuned),-0.32310765356543514
HB-02598,Non-private (tuned),-1.0544339725264171
HB-02599,Non-private (tuned),-0.11023471126260548
HB-02600,Non-private (tuned),-0.3439336023660966
HB-02601,Non-private (tuned),-0.4795107317734039
HB-02602,Non-private (tuned),-0.44698426869843544
HB-02603,Non-private (tuned),-0.07549234650226821
HB-02604,Non-private (tuned),0.1367082945557202
HB-02605,Non-private (tuned),0.6007513441926429
HB-02606,Non-private (tuned),-0.21049395425459905
HB-02607,Non-private (tuned),0.6036500838700645
HB-02608,Non-private (tuned),-0.10708793814572132
HB-02609,Non-private (tuned),0.040918952658472396
HB-02610,Non-private (tuned),-0.17422539861483144
HB-02611,Non-private (tuned),0.19589896619662867
HB-02614,Non-private (tuned),-0.21925795278053783
HB-02615,Non-private (tuned),1.0838451350734415
HB-02616,Non-private (tuned),-0.33411484126801916
HB-02617,Non-private (tuned),-0.11867469590279317
HB-02618,Non-private (tuned),0.2981166162779225
HB-02619,Non-private (tuned),0.23186083354205517
HB-02620,Non-private (tuned),-0.3893026599730709
HB-02621,Non-private (tuned),-0.023391378673049024
HB-02622,Non-private (tuned),-0.22003333736228287
HB-02623,Non-private (tuned),-0.6597938548171012
HB-02624,Non-private (tuned),0.23824869809845084
HB-02626,Non-private (tuned),-0.5761005198361682
HB-02627,Non-private (tuned),-0.0642410559664423
HB-02628,Non-private (tuned),-0.5733282468069166
HB-02629,Non-private (tuned),0.12273608054897434
HB-02630,Non-private (tuned),0.30560750252130464
HB-02631,Non-private (tuned),0.26317716596855983
HB-02632,Non-private (tuned),0.20509393868636377
HB-02633,Non-private (tuned),-0.011877637807062968
HB-02634,Non-private (tuned),-0.0020162213926167016
HB-02635,Non-private (tuned),-0.378174649815787
HB-02636,Non-private (tuned),0.10938466994976287
HB-02637,Non-private (tuned),-0.06460956120404682
HB-02638,Non-private (tuned),-0.09205345430939615
HB-02639,Non-private (tuned),0.6509971679036368
HB-02640,Non-private (tuned),-0.27584574940528134
HB-02641,Non-private (tuned),-0.7290447609589723
HB-02642,Non-private (tuned),0.3370915583555569
HB-02643,Non-private (tuned),0.025923514315825846
HB-02644,Non-private (tuned),0.2702369539705432
HB-02645,Non-private (tuned),-0.13786627732961837
HB-02646,Non-private (tuned),0.09357926280349382
HB-02647,Non-private (tuned),0.2805074124513284
HB-02648,Non-private (tuned),-0.35858591943757845
HB-02649,Non-private (tuned),-0.28097321825128274
HB-02650,Non-private (tuned),0.026750835638999937
HB-02651,Non-private (tuned),0.23485327329618594
HB-02652,Non-private (tuned),0.6780978853855895
HB-02653,Non-private (tuned),0.6601452173981431
HB-02654,Non-private (tuned),0.3656950415627488
HB-02655,Non-private (tuned),0.006745449341727494
HB-02656,Non-private (tuned),-0.11086419956829902
HB-02657,Non-private (tuned),-0.4166776922317593
HB-02658,Non-private (tuned),-0.49718394281805245
HB-02659,Non-private (tuned),0.061094971959348654
HB-02660,Non-private (tuned),-0.28949696542041303
HB-02661,Non-private (tuned),-0.2798289957102016
HB-02662,Non-private (tuned),0.4492482634242103
HB-02664,Non-private (tuned),0.1381978584501573
HB-02665,Non-private (tuned),-0.11447549627051778
HB-02667,Non-private (tuned),-0.03417044316482143
HB-02668,Non-private (tuned),-0.3790227438309865
HB-02669,Non-private (tuned),0.13213086273892438
HB-02670,Non-private (tuned),-0.21838446695806857
HB-02671,Non-private (tuned),0.3190794918474954
HB-02672,Non-private (tuned),0.6176769702172916
HB-02673,Non-private (tuned),0.2267532138554775
HB-02674,Non-private (tuned),-0.084203192513159
HB-02675,Non-private (tuned),0.2362822650941035
HB-02676,Non-private (tuned),0.03289087182590211
HB-02677,Non-private (tuned),0.1292609924533597
HB-02678,Non-private (tuned),-0.624322598804765
HB-02679,Non-private (tuned),-0.7364493726430088
HB-02680,Non-private (tuned),0.019378075476066514
HB-02681,Non-private (tuned),-1.375711538579765
HB-02682,Non-private (tuned),-0.2085366060522243
HB-02683,Non-private (tuned),-0.2738152034679458
HB-02684,Non-private (tuned),-0.20217161300080955
HB-02685,Non-private (tuned),0.1485756442704811
HB-02686,Non-private (tuned),-2.574274014413586
HB-02687,Non-private (tuned),0.025769216501200565
HB-02688,Non-private (tuned),-0.010950732609903313
HB-02689,Non-private (tuned),0.06537059610933965
HB-02691,Non-private (tuned),0.4606529150686578
HB-02692,Non-private (tuned),0.03885264866085314
HB-02693,Non-private (tuned),0.01759773412607113
HB-02695,Non-private (tuned),0.2748141506172488
HB-02697,Non-private (tuned),-0.28768693012047974
HB-02698,Non-private (tuned),0.7182967871315415
HB-02699,Non-private (tuned),0.2537375260005379
HB-02700,Non-private (tuned),0.09667507678882098
HB-02701,Non-private (tuned),-0.18753824220276616
HB-02702,Non-private (tuned),-0.3539701068050857
HB-02703,Non-private (tuned),0.12563295108148542
HB-02704,Non-private (tuned),0.5618700178912142
HB-02705,Non-private (tuned),-0.3496545381946905
HB-02706,Non-private (tuned),-0.6733358654476741
HB-02707,Non-private (tuned),-0.024575391271349445
HB-02708,Non-private (tuned),0.2840260140419484
HB-02709,Non-private (tuned),5.614434191973367
HB-02710,Non-private (tuned),-0.12893609503606873
HB-02711,Non-private (tuned),-0.010549121994825883
HB-02712,Non-private (tuned),-0.38875824126189773
HB-02713,Non-private (tuned),0.2501503026543674
HB-02714,Non-private (tuned),0.15302180627116124
HB-02715,Non-private (tuned),-0.06240955204229037
HB-02716,Non-private (tuned),1.2183822294019817
HB-02717,Non-private (tuned),-0.3594085141862328
HB-02718,Non-private (tuned),0.16136076419862783
HB-02719,Non-private (tuned),-0.14964436352389776
HB-02720,Non-private (tuned),-0.3333129181430308
HB-02721,Non-private (tuned),0.22772130540407642
HB-02722,Non-private (tuned),0.18396856359457264
HB-02723,Non-private (tuned),-1.6937201922968323
HB-02724,Non-private (tuned),-0.16906876894213074
HB-02725,Non-private (tuned),-0.007846470579074505
HB-02726,Non-private (tuned),-0.18664309017399905
HB-02727,Non-private (tuned),-0.1431239725208434
HB-02728,Non-private (tuned),-0.46127299925110515
HB-02729,Non-private (tuned),0.8456246119180564
HB-02730,Non-private (tuned),0.10389158724373271
HB-02731,Non-private (tuned),0.19701739649805514
HB-02732,Non-private (tuned),-0.4567479364541135
HB-02733,Non-private (tuned),-0.522012958319133
HB-02734,Non-private (tuned),-0.1757466938606418
HB-02735,Non-private (tuned),0.11416212984705049
HB-02736,Non-private (tuned),0.3239221369918778
HB-02737,Non-private (tuned),0.46581412883602663
HB-02738,Non-private (tuned),-0.42629242095262265
HB-02740,Non-private (tuned),-0.258349522287348
HB-02742,Non-private (tuned),0.5211135536839315
HB-02743,Non-private (tuned),0.17751843659567212
HB-02744,Non-private (tuned),0.06609629728766708
HB-02745,Non-private (tuned),-0.4515675244835198
HB-02746,Non-private (tuned),-0.013189613152486568
HB-02747,Non-private (tuned),0.5137726864800578
HB-02748,Non-private (tuned),-0.049779725686846965
HB-02749,Non-private (tuned),0.39523700662269645
HB-02750,Non-private (tuned),-0.14647180007579996
HB-02751,Non-private (tuned),0.7643049041261001
HB-02752,Non-private (tuned),0.3620774385381109
HB-02753,Non-private (tuned),0.09382930674031204
HB-02754,Non-private (tuned),0.016938314990483372
HB-02755,Non-private (tuned),-0.7362857194524861
HB-02756,Non-private (tuned),0.28460171706692416
HB-02757,Non-private (tuned),0.4747092241208125
HB-02758,Non-private (tuned),-0.00506250542950637
HB-02759,Non-private (tuned),0.9347233020397501
HB-02760,Non-private (tuned),0.045947339871293735
HB-02761,Non-private (tuned),-0.14061273345520922
HB-02762,Non-private (tuned),0.3159674506823005
HB-02763,Non-private (tuned),0.5343373673599048
HB-02764,Non-private (tuned),0.21970249915480633
HB-02765,Non-private (tuned),-0.44914881102733223
HB-02766,Non-private (tuned),0.06838312646890543
HB-02767,Non-private (tuned),-0.019806526802577162
HB-02768,Non-private (tuned),0.3613908302491058
HB-02769,Non-private (tuned),-0.14002978048098902
HB-02770,Non-private (tuned),-0.35848258898057894
HB-02772,Non-private (tuned),0.395757752882684
HB-02773,Non-private (tuned),-0.5347033482210688
HB-02774,Non-private (tuned),0.27585737538352967
HB-02775,Non-private (tuned),-0.19861319151641987
HB-02776,Non-private (tuned),-0.2806897179092432
HB-02777,Non-private (tuned),0.2563823206408682
HB-02778,Non-private (tuned),0.2871238454654972
HB-02779,Non-private (tuned),0.567755362683016
HB-02780,Non-private (tuned),1.0351941095903392
HB-02781,Non-private (tuned),-0.18674157471691405
HB-02782,Non-private (tuned),-0.08558784370085448
HB-02783,Non-private (tuned),-0.30417048218861514
HB-02784,Non-private (tuned),-0.7344836256852477
HB-02785,Non-private (tuned),-0.10920360214277514
HB-02786,Non-private (tuned),0.0527074095832728
HB-02787,Non-private (tuned),-0.26217577022203264
HB-02788,Non-private (tuned),0.10575986886258748
HB-02789,Non-private (tuned),-0.5171064932783282
HB-02791,Non-private (tuned),0.17399935385070545
HB-02792,Non-private (tuned),-0.1344385995564104
HB-02793,Non-private (tuned),-0.47068763092575766
HB-02794,Non-private (tuned),-0.037431349447900664
HB-02795,Non-private (tuned),0.2592432496300161
HB-02796,Non-private (tuned),0.30820354180281845
HB-02797,Non-private (tuned),-0.037788440952715496
HB-02798,Non-private (tuned),-0.5658133915097574
HB-02799,Non-private (tuned),0.2479141531751241
HB-02800,Non-private (tuned),0.35758191525019434
HB-02801,Non-private (tuned),0.4825317343011606
HB-02802,Non-private (tuned),-0.5181466937526327
HB-02803,Non-private (tuned),-0.2957848511682095
HB-02804,Non-private (tuned),1.4816914462422934
HB-02805,Non-private (tuned),-0.657257702175472
HB-02806,Non-private (tuned),-0.0477293953020021
HB-02807,Non-private (tuned),0.4322075610843629
HB-02808,Non-private (tuned),-0.012105252213967882
HB-02809,Non-private (tuned),0.03862134407759105
HB-02810,Non-private (tuned),0.16702994550663358
HB-02811,Non-private (tuned),-0.32170865336615484
HB-02812,Non-private (tuned),-0.15861779670711712
HB-02813,Non-private (tuned),0.3954639718757684
HB-02814,Non-private (tuned),0.3401357253281392
HB-02817,Non-private (tuned),-0.4607641412852489
HB-02818,Non-private (tuned),0.3392555196749394
HB-02819,Non-private (tuned),-0.2875528630685554
HB-02820,Non-private (tuned),0.7089234428371182
HB-02823,Non-private (tuned),-0.1799618458980719
HB-02824,Non-private (tuned),0.01776291432028737
HB-02825,Non-private (tuned),-0.39867331709938847
HB-02826,Non-private (tuned),-0.49724581828421305
HB-02827,Non-private (tuned),-0.18101677536656768
HB-02829,Non-private (tuned),0.16498889640712494
HB-02830,Non-private (tuned),0.6155958574816525
HB-02831,Non-private (tuned),-0.5091116200483428
HB-02832,Non-private (tuned),0.063875740734329
HB-02833,Non-private (tuned),-0.30265916794858005
HB-02834,Non-private (tuned),-0.20503777109090093
HB-02836,Non-private (tuned),0.15051274029475892
HB-02837,Non-private (tuned),0.17136465277324248
HB-02838,Non-private (tuned),0.6636335413063126
HB-02839,Non-private (tuned),0.22947011119164057
HB-02840,Non-private (tuned),0.023041465221237123
HB-02842,Non-private (tuned),0.31675843426888217
HB-02843,Non-private (tuned),-0.3271651641096588
HB-02844,Non-private (tuned),-0.04350397808720269
HB-02846,Non-private (tuned),1.6142068239422362
HB-02847,Non-private (tuned),0.001710302298334021
HB-02849,Non-private (tuned),-0.07725245663283214
HB-02850,Non-private (tuned),-0.1216939249187223
HB-02851,Non-private (tuned),0.38197230915681196
HB-02852,Non-private (tuned),-0.3046157896529055
HB-02853,Non-private (tuned),0.3844177858203377
HB-02854,Non-private (tuned),-0.07582377834366993
HB-02855,Non-private (tuned),0.021286195389493667
HB-02856,Non-private (tuned),0.2535582642354622
HB-02857,Non-private (tuned),-1.6324835931551513
HB-02858,Non-private (tuned),0.17655792809339516
HB-02859,Non-private (tuned),-0.1115508856626451
HB-02860,Non-private (tuned),-0.062282616733866425
HB-02861,Non-private (tuned),-0.18089892564085353
HB-02862,Non-private (tuned),-0.07095053164881471
HB-02863,Non-private (tuned),0.2577908277545532
HB-02864,Non-private (tuned),-0.021036940041638752
HB-02865,Non-private (tuned),0.028146695749231676
HB-02866,Non-private (tuned),-0.061545387794049056
HB-02867,Non-private (tuned),0.052572314148569554
HB-02868,Non-private (tuned),-0.2700766557962362
HB-02869,Non-private (tuned),0.17525644707806137
HB-02870,Non-private (tuned),-0.08592982791161774
HB-02871,Non-private (tuned),0.10030828811279058
HB-02872,Non-private (tuned),0.4592850268461319
HB-02873,Non-private (tuned),-0.43865961036206913
HB-02874,Non-private (tuned),0.04346782167155455
HB-02875,Non-private (tuned),0.29860783481073755
HB-02876,Non-private (tuned),1.2485392032575506
HB-02877,Non-private (tuned),0.3300602978911864
HB-02879,Non-private (tuned),-0.05257775673260767
HB-02880,Non-private (tuned),-0.042677754207707995
HB-02881,Non-private (tuned),-0.6032879529089239
HB-02882,Non-private (tuned),-0.4822215915348378
HB-02883,Non-private (tuned),0.8211880907898214
HB-02884,Non-private (tuned),0.16177192389616013
HB-02885,Non-private (tuned),0.3468883704883731
HB-02887,Non-private (tuned),-0.697884199059001
HB-02888,Non-private (tuned),0.4159503022318449
HB-02889,Non-private (tuned),-0.3519912591852631
HB-02890,Non-private (tuned),-0.19428552890015038
HB-02891,Non-private (tuned),-0.3045432623281299
HB-02892,Non-private (tuned),-0.06371232152402301
HB-02893,Non-private (tuned),0.08670467954827904
HB-02894,Non-private (tuned),0.4080185744562117
HB-02895,Non-private (tuned),-0.032402113587821246
HB-02899,Non-private (tuned),0.5400100093623452
HB-02900,Non-private (tuned),-0.006101576558632971
HB-02901,Non-private (tuned),0.34215638205983806
HB-02902,Non-private (tuned),0.41016440200439347
HB-02904,Non-private (tuned),-0.23171034352868158
HB-02905,Non-private (tuned),-5.746757099520364
HB-02906,Non-private (tuned),0.31386203799275214
HB-02907,Non-private (tuned),-0.27383678938240885
HB-02908,Non-private (tuned),-0.17213643166218212
HB-02909,Non-private (tuned),0.17716822758572032
HB-02910,Non-private (tuned),0.4852003930019574
HB-02911,Non-private (tuned),-0.04582699356519715
HB-02912,Non-private (tuned),-0.030184943819915544
HB-02913,Non-private (tuned),0.436831160913675
HB-02914,Non-private (tuned),0.07128440291690896
HB-02915,Non-private (tuned),0.33216433097514514
HB-02916,Non-private (tuned),-0.37242537566893463
HB-02917,Non-private (tuned),-0.1565894152114815
HB-02918,Non-private (tuned),-0.044783985025269146
HB-02920,Non-private (tuned),-0.06076601904943946
HB-02922,Non-private (tuned),0.03004993437606901
HB-02923,Non-private (tuned),-0.19995798191845382
HB-02924,Non-private (tuned),0.10339203283679788
HB-02925,Non-private (tuned),0.14997332968807064
HB-02926,Non-private (tuned),0.5413870653416251
HB-02927,Non-private (tuned),0.6696217274366297
HB-02928,Non-private (tuned),-0.0301614200132167
HB-02929,Non-private (tuned),-0.15245163083209423
HB-02930,Non-private (tuned),0.07654679273779147
HB-02931,Non-private (tuned),-0.7525840659770889
HB-02932,Non-private (tuned),-0.19037807561687559
HB-02933,Non-private (tuned),-0.380843169167135
HB-02934,Non-private (tuned),-0.5641021598148481
HB-02935,Non-private (tuned),0.7678031325063843
HB-02937,Non-private (tuned),-0.13643545084142422
HB-02938,Non-private (tuned),0.3156228606968252
HB-02939,Non-private (tuned),0.04136216739282217
HB-02940,Non-private (tuned),-0.5517815076361021
HB-02941,Non-private (tuned),0.06718375140314109
HB-02942,Non-private (tuned),-0.01613229268117783
HB-02943,Non-private (tuned),0.02812991182720559
HB-02944,Non-private (tuned),-0.015213974169427602
HB-02945,Non-private (tuned),0.06467106893618024
HB-02946,Non-private (tuned),-0.21892093804499102
HB-02947,Non-private (tuned),-0.37066564083339537
HB-02949,Non-private (tuned),-0.24649626099526356
HB-02950,Non-private (tuned),-0.03136778744446583
HB-02951,Non-private (tuned),-4.085501174543593
HB-02952,Non-private (tuned),0.249873037134704
HB-02953,Non-private (tuned),-0.33668300128329487
HB-02954,Non-private (tuned),-0.03170962233759661
HB-02955,Non-private (tuned),0.9925905051521042
HB-02956,Non-private (tuned),0.000937254964000378
HB-02957,Non-private (tuned),0.2823416769159359
HB-02958,Non-private (tuned),-0.6876851259305115
HB-02959,Non-private (tuned),0.041487525618638055
HB-02960,Non-private (tuned),-0.3196033393463282
HB-02961,Non-private (tuned),0.4992884383982471
HB-02962,Non-private (tuned),0.48648596054862664
HB-02963,Non-private (tuned),0.03635814394143411
HB-02964,Non-private (tuned),0.40182485850348443
HB-02965,Non-private (tuned),-0.5307759496674755
HB-02966,Non-private (tuned),-1.872002002921713
HB-02967,Non-private (tuned),0.01263098178487232
HB-02968,Non-private (tuned),0.41947751616624807
HB-02969,Non-private (tuned),-0.3171006535981704
HB-02970,Non-private (tuned),0.4076336772826582
HB-02971,Non-private (tuned),0.44914471540706624
HB-02972,Non-private (tuned),-0.9815863405527633
HB-02973,Non-private (tuned),0.32287283496121183
HB-02974,Non-private (tuned),-0.20854446532714044
HB-02975,Non-private (tuned),0.3702260676837963
HB-02976,Non-private (tuned),-0.2351726845254194
HB-02977,Non-private (tuned),-0.24878191083201684
HB-02978,Non-private (tuned),0.25882747901886427
HB-02979,Non-private (tuned),-0.1340632867476258
HB-02980,Non-private (tuned),-0.8509643904460731
HB-02981,Non-private (tuned),-0.17708170942610502
HB-02982,Non-private (tuned),0.1407308121168781
HB-02983,Non-private (tuned),0.25745439807434517
HB-02984,Non-private (tuned),0.1093078106153616
HB-02985,Non-private (tuned),0.24721381193042669
HB-02986,Non-private (tuned),-0.16037076716427118
HB-02987,Non-private (tuned),0.13061777776861228
HB-02988,Non-private (tuned),0.2696771731983746
HB-02990,Non-private (tuned),-0.30099373222787584
HB-02991,Non-private (tuned),0.24063051149981285
HB-02992,Non-private (tuned),-0.07070277145636772
HB-02993,Non-private (tuned),-0.2879758283210842
HB-02994,Non-private (tuned),-0.20277291744863113
HB-02995,Non-private (tuned),-0.21244296409683755
HB-02996,Non-private (tuned),0.4812491671843704
HB-02997,Non-private (tuned),-0.4452123752961846
HB-02998,Non-private (tuned),0.0712271955057518
HB-02999,Non-private (tuned),-0.27308783179747126
HB-03000,Non-private (tuned),-0.134504719417942
